run_id,user_email,agent_name,question_text,run_status,run_duration_sec,output_snippet,timestamp
r39-0000001,fwilson@silverlinefreight.com,Flux Commentary,Summarize the Jun variance for entity MX-05,completed,48.8,"Ops Jun variance was $541,136 vs plan",03/01/2026 08:17:06 AM
r39-0000002,rclark@silverlinefreight.com,Close Checklist Bot,Summarize the Apr variance for entity MX-07,completed,55.1,"FP&A Apr variance was $1,876,949 vs plan",03/01/2026 01:29:39 PM
r39-0000003,nrodriguez@silverlinefreight.com,Revenue Recognizer,Forecast Apr operating cash flow,completed,23.7,"FP&A Apr variance was $3,457,791 vs plan",03/01/2026 09:20:43 AM
r39-0000004,fwilson@silverlinefreight.com,Close Checklist Bot,Why did FP&A spend exceed budget in Jan?,completed,31.6,"FP&A Jan variance was $2,681,458 vs plan",03/01/2026 04:57:30 PM
r39-0000005,fwilson@silverlinefreight.com,Covenant Checker,Which cost centers are over budget YTD?,completed,42.4,"Accounting May variance was $2,840,565 vs plan",03/01/2026 11:25:07 AM
r39-0000006,rjones@silverlinefreight.com,Vendor Spend Analyzer,What drove the change in gross margin this quarter?,completed,37.5,"FP&A Apr variance was $2,713,166 vs plan",03/01/2026 05:47:20 PM
r39-0000007,nrodriguez@silverlinefreight.com,AP Aging Analyst,Draft flux commentary for the Jun close,completed,21.2,"FP&A Jun variance was $1,749,055 vs plan",03/01/2026 10:35:39 AM
r39-0000008,nrodriguez@silverlinefreight.com,Covenant Checker,Explain the headcount variance vs plan,completed,36.1,"Treasury Feb variance was $2,138,545 vs plan",03/01/2026 09:51:36 AM
r39-0000009,rclark@silverlinefreight.com,Flux Commentary,Reconcile AP aging over 90 days for US-09,completed,51.1,"Ops May variance was $3,690,720 vs plan",03/01/2026 01:36:15 PM
r39-0000010,nrodriguez@silverlinefreight.com,Flux Commentary,Summarize the Jun variance for entity MX-06,completed,63.6,"Accounting Jun variance was $1,004,062 vs plan",03/01/2026 01:14:15 PM
r39-0000011,rclark@silverlinefreight.com,Cash Forecaster,Explain the headcount variance vs plan,error,6.6,error code 502 from model gateway,03/01/2026 06:03:18 AM
r39-0000012,nrodriguez@silverlinefreight.com,AP Aging Analyst,Draft flux commentary for the Jun close,completed,16.8,"FP&A Jun variance was $346,373 vs plan",03/01/2026 04:32:47 PM
r39-0000013,rclark@silverlinefreight.com,Budget vs Actual,Which cost centers are over budget YTD?,completed,1.6,error code 502 from model gateway,03/02/2026 01:22:14 PM
r39-0000014,fwilson@silverlinefreight.com,Covenant Checker,Build the board deck cash slide for May,completed,53.6,"Treasury May variance was $1,812,787 vs plan",03/02/2026 12:55:29 PM
r39-0000015,fwilson@silverlinefreight.com,Close Checklist Bot,Explain the headcount variance vs plan,completed,25.7,"Accounting Mar variance was $2,383,187 vs plan",03/02/2026 09:07:43 AM
r39-0000016,nrodriguez@silverlinefreight.com,Revenue Recognizer,Explain the headcount variance vs plan,completed,56.3,"Ops May variance was $902,245 vs plan",03/02/2026 02:58:54 PM
r39-0000017,fwilson@silverlinefreight.com,AP Aging Analyst,Check covenant compliance for the revolver,completed,45.2,"Ops Apr variance was $2,226,004 vs plan",03/02/2026 12:00:04 PM
r39-0000018,fwilson@silverlinefreight.com,Revenue Recognizer,Why did FP&A spend exceed budget in May?,completed,68.1,"FP&A May variance was $766,563 vs plan",03/02/2026 03:25:47 PM
r39-0000019,nrodriguez@silverlinefreight.com,Revenue Recognizer,Reconcile AP aging over 90 days for MX-03,completed,35.1,"Treasury Mar variance was $862,650 vs plan",03/02/2026 07:30:07 AM
r39-0000020,rclark@silverlinefreight.com,Revenue Recognizer,Summarize the Mar variance for entity US-03,completed,69.6,"Ops Mar variance was $2,385,629 vs plan",03/02/2026 10:49:34 AM
r39-0000021,rclark@silverlinefreight.com,Cash Forecaster,Which cost centers are over budget YTD?,completed,6.1,"FP&A Jun variance was $4,146,964 vs plan",03/02/2026 11:08:35 AM
r39-0000022,rclark@silverlinefreight.com,Budget vs Actual,Summarize the Feb variance for entity CA-07,completed,6.5,"Accounting Feb variance was $550,272 vs plan",03/02/2026 01:02:47 PM
r39-0000023,nrodriguez@silverlinefreight.com,Variance Explainer,Reconcile AP aging over 90 days for MX-06,completed,1.0,Traceback (most recent call last): KeyError 'entity',03/02/2026 03:43:23 PM
r39-0000024,rjones@silverlinefreight.com,Journal Entry Reviewer,Summarize the Mar variance for entity US-05,completed,51.2,"Treasury Mar variance was $4,233,097 vs plan",03/02/2026 03:57:40 PM
r39-0000025,nrodriguez@silverlinefreight.com,Board Deck Builder,Check covenant compliance for the revolver,completed,40.7,"Treasury Jun variance was $2,939,296 vs plan",03/02/2026 09:13:09 AM
r39-0000026,nrodriguez@silverlinefreight.com,Cash Forecaster,What drove the change in gross margin this quarter?,completed,52.3,"Treasury Jun variance was $2,893,721 vs plan",03/02/2026 08:42:37 PM
r39-0000027,rclark@silverlinefreight.com,Revenue Recognizer,Summarize the Feb variance for entity US-03,completed,68.7,"FP&A Feb variance was $770,320 vs plan",03/02/2026 01:40:38 PM
r39-0000028,nrodriguez@silverlinefreight.com,Variance Explainer,Explain the headcount variance vs plan,completed,16.3,"Treasury Apr variance was $210,361 vs plan",03/02/2026 09:01:36 PM
r39-0000029,nrodriguez@silverlinefreight.com,Headcount Planner,Check covenant compliance for the revolver,completed,68.8,"FP&A Apr variance was $999,791 vs plan",03/02/2026 06:08:31 AM
r39-0000030,nrodriguez@silverlinefreight.com,Budget vs Actual,Explain the headcount variance vs plan,completed,60.1,"Accounting Jan variance was $4,067,715 vs plan",03/02/2026 10:00:11 AM
r39-0000031,nrodriguez@silverlinefreight.com,Vendor Spend Analyzer,Check covenant compliance for the revolver,completed,72.1,"Treasury Feb variance was $1,857,416 vs plan",03/02/2026 12:43:08 PM
r39-0000032,nrodriguez@silverlinefreight.com,Headcount Planner,Summarize the Feb variance for entity US-07,completed,7.4,"Treasury Feb variance was $793,591 vs plan",03/02/2026 03:07:58 PM
r39-0000033,rclark@silverlinefreight.com,Flux Commentary,Why did Accounting spend exceed budget in Mar?,error,7.0,ERROR: upstream request timed out,03/02/2026 01:40:54 PM
r39-0000034,nrodriguez@silverlinefreight.com,AP Aging Analyst,What drove the change in gross margin this quarter?,completed,16.7,"FP&A Jan variance was $1,034,796 vs plan",03/02/2026 03:52:45 PM
r39-0000035,fwilson@silverlinefreight.com,Cash Forecaster,Why did Accounting spend exceed budget in Jun?,completed,19.2,"Accounting Jun variance was $3,760,065 vs plan",03/02/2026 08:12:28 AM
r39-0000036,nrodriguez@silverlinefreight.com,AP Aging Analyst,Build the board deck cash slide for May,completed,43.0,"Treasury May variance was $4,228,874 vs plan",03/02/2026 02:36:50 PM
r39-0000037,fwilson@silverlinefreight.com,Covenant Checker,Explain the headcount variance vs plan,completed,54.9,"Ops Feb variance was $387,579 vs plan",03/02/2026 08:55:38 AM
r39-0000038,rjones@silverlinefreight.com,AP Aging Analyst,Reconcile AP aging over 90 days for EU-01,completed,66.3,"Ops Jan variance was $2,057,601 vs plan",03/02/2026 05:36:15 PM
r39-0000039,nrodriguez@silverlinefreight.com,Variance Explainer,Draft flux commentary for the Jun close,completed,55.3,"Treasury Jun variance was $2,594,702 vs plan",03/02/2026 12:05:19 PM
r39-0000040,nrodriguez@silverlinefreight.com,Headcount Planner,What drove the change in gross margin this quarter?,completed,59.7,"Accounting Apr variance was $3,831,121 vs plan",03/02/2026 02:56:54 PM
r39-0000041,rclark@silverlinefreight.com,Headcount Planner,Draft flux commentary for the Feb close,completed,39.1,"Ops Feb variance was $812,008 vs plan",03/02/2026 03:28:48 PM
r39-0000042,rclark@silverlinefreight.com,Board Deck Builder,Check covenant compliance for the revolver,completed,1.2,error: connection reset by peer,03/02/2026 11:42:18 AM
r39-0000043,nrodriguez@silverlinefreight.com,Revenue Recognizer,Summarize the May variance for entity EU-02,completed,69.4,"Ops May variance was $4,679,789 vs plan",03/02/2026 02:59:18 PM
r39-0000044,nrodriguez@silverlinefreight.com,Flux Commentary,Summarize the Jun variance for entity EU-05,completed,63.8,"FP&A Jun variance was $2,338,793 vs plan",03/03/2026 11:23:24 AM
r39-0000045,rjones@silverlinefreight.com,Journal Entry Reviewer,Summarize the Apr variance for entity US-04,completed,14.4,"Accounting Apr variance was $601,936 vs plan",03/03/2026 09:40:49 AM
r39-0000046,rclark@silverlinefreight.com,AP Aging Analyst,Reconcile AP aging over 90 days for US-05,completed,15.0,"Ops Jan variance was $1,938,457 vs plan",03/03/2026 10:48:09 AM
r39-0000047,rclark@silverlinefreight.com,Flux Commentary,Draft flux commentary for the Feb close,completed,14.4,"Treasury Feb variance was $4,356,234 vs plan",03/03/2026 01:22:53 PM
r39-0000048,nrodriguez@silverlinefreight.com,Board Deck Builder,What drove the change in gross margin this quarter?,completed,28.2,"Accounting Jan variance was $3,931,536 vs plan",03/03/2026 02:25:31 PM
r39-0000049,rjones@silverlinefreight.com,Budget vs Actual,Check covenant compliance for the revolver,completed,63.7,"FP&A Jan variance was $2,157,398 vs plan",03/03/2026 10:43:15 AM
r39-0000050,fwilson@silverlinefreight.com,AP Aging Analyst,Why did FP&A spend exceed budget in Jun?,completed,6.9,"FP&A Jun variance was $3,787,270 vs plan",03/03/2026 08:14:56 AM
r39-0000051,nrodriguez@silverlinefreight.com,Revenue Recognizer,Draft flux commentary for the Mar close,completed,74.7,"FP&A Mar variance was $3,345,814 vs plan",03/03/2026 04:02:10 PM
r39-0000052,rclark@silverlinefreight.com,Covenant Checker,Which cost centers are over budget YTD?,completed,38.5,"Accounting Apr variance was $3,120,773 vs plan",03/03/2026 05:39:29 PM
r39-0000053,rjones@silverlinefreight.com,Journal Entry Reviewer,Forecast Mar operating cash flow,error,6.3,ERROR: upstream request timed out,03/03/2026 11:05:46 AM
r39-0000054,nrodriguez@silverlinefreight.com,Budget vs Actual,Forecast Feb operating cash flow,completed,56.7,"FP&A Feb variance was $4,175,943 vs plan",03/03/2026 09:15:10 AM
r39-0000055,nrodriguez@silverlinefreight.com,Variance Explainer,Summarize the May variance for entity CA-08,completed,19.0,"FP&A May variance was $885,985 vs plan",03/03/2026 02:13:36 PM
r39-0000056,nrodriguez@silverlinefreight.com,Variance Explainer,Reconcile AP aging over 90 days for EU-06,completed,62.9,"FP&A Mar variance was $37,707 vs plan",03/03/2026 03:21:51 PM
r39-0000057,rjones@silverlinefreight.com,Revenue Recognizer,Forecast Mar operating cash flow,completed,42.9,"Ops Mar variance was $1,624,499 vs plan",03/03/2026 01:58:34 PM
r39-0000058,nrodriguez@silverlinefreight.com,Covenant Checker,Why did Treasury spend exceed budget in Apr?,completed,0.4,FAILED: null reference in aggregation step,03/03/2026 01:10:47 PM
r39-0000059,rclark@silverlinefreight.com,Headcount Planner,Summarize the Mar variance for entity US-04,completed,32.2,"Treasury Mar variance was $1,856,774 vs plan",03/03/2026 02:49:27 PM
r39-0000060,nrodriguez@silverlinefreight.com,Cash Forecaster,Draft flux commentary for the Jun close,completed,8.0,"Accounting Jun variance was $4,669,152 vs plan",03/03/2026 01:31:57 PM
r39-0000061,nrodriguez@silverlinefreight.com,Close Checklist Bot,Draft flux commentary for the Jan close,completed,55.0,"Treasury Jan variance was $1,741,850 vs plan",03/03/2026 09:39:30 PM
r39-0000062,rclark@silverlinefreight.com,Cash Forecaster,Explain the headcount variance vs plan,completed,31.4,"Accounting Apr variance was $2,409,594 vs plan",03/03/2026 03:46:00 PM
r39-0000063,rclark@silverlinefreight.com,Flux Commentary,Explain the headcount variance vs plan,completed,46.2,"Ops Mar variance was $4,748,618 vs plan",03/03/2026 11:29:59 AM
r39-0000064,rclark@silverlinefreight.com,Budget vs Actual,Forecast May operating cash flow,completed,74.4,"Treasury May variance was $621,640 vs plan",03/03/2026 11:25:12 AM
r39-0000065,fwilson@silverlinefreight.com,Budget vs Actual,Reconcile AP aging over 90 days for US-04,completed,40.4,"FP&A Jun variance was $1,642,934 vs plan",03/03/2026 05:43:42 PM
r39-0000066,nrodriguez@silverlinefreight.com,Budget vs Actual,Why did Accounting spend exceed budget in Apr?,completed,67.8,"Accounting Apr variance was $1,921,245 vs plan",03/03/2026 01:16:29 PM
r39-0000067,fwilson@silverlinefreight.com,Covenant Checker,Which cost centers are over budget YTD?,completed,21.6,"FP&A May variance was $569,053 vs plan",03/03/2026 12:51:42 PM
r39-0000068,fwilson@silverlinefreight.com,Flux Commentary,What drove the change in gross margin this quarter?,completed,1.0,ERROR: upstream request timed out,03/03/2026 04:45:14 PM
r39-0000069,rclark@silverlinefreight.com,Journal Entry Reviewer,Summarize the Apr variance for entity US-09,completed,18.0,"FP&A Apr variance was $2,898,015 vs plan",03/03/2026 09:54:43 AM
r39-0000070,rclark@silverlinefreight.com,Headcount Planner,What drove the change in gross margin this quarter?,completed,42.6,"FP&A May variance was $2,353,212 vs plan",03/03/2026 02:11:28 PM
r39-0000071,rjones@silverlinefreight.com,Vendor Spend Analyzer,Build the board deck cash slide for Mar,completed,5.4,"Accounting Mar variance was $1,037,414 vs plan",03/03/2026 12:18:19 PM
r39-0000072,nrodriguez@silverlinefreight.com,Covenant Checker,Forecast Apr operating cash flow,completed,8.9,"Treasury Apr variance was $2,712,023 vs plan",03/03/2026 01:41:38 PM
r39-0000073,nrodriguez@silverlinefreight.com,Covenant Checker,Reconcile AP aging over 90 days for US-03,completed,52.3,"Ops Mar variance was $649,127 vs plan",03/03/2026 02:12:59 PM
r39-0000074,rclark@silverlinefreight.com,Headcount Planner,Forecast Feb operating cash flow,completed,66.5,"Treasury Feb variance was $591,596 vs plan",03/03/2026 12:15:19 PM
r39-0000075,rclark@silverlinefreight.com,Journal Entry Reviewer,Summarize the May variance for entity CA-07,completed,73.3,"Ops May variance was $1,595,306 vs plan",03/03/2026 11:56:57 AM
r39-0000076,nrodriguez@silverlinefreight.com,Budget vs Actual,Explain the headcount variance vs plan,completed,63.6,"FP&A May variance was $2,085,637 vs plan",03/03/2026 06:10:13 AM
r39-0000077,rclark@silverlinefreight.com,Journal Entry Reviewer,Which cost centers are over budget YTD?,completed,43.1,"Treasury Apr variance was $2,082,506 vs plan",03/03/2026 12:12:52 PM
r39-0000078,fwilson@silverlinefreight.com,Cash Forecaster,Draft flux commentary for the Mar close,completed,12.9,"Treasury Mar variance was $2,307,406 vs plan",03/03/2026 03:38:35 PM
r39-0000079,nrodriguez@silverlinefreight.com,Cash Forecaster,Check covenant compliance for the revolver,completed,0.9,FAILED: null reference in aggregation step,03/04/2026 01:31:16 PM
r39-0000080,nrodriguez@silverlinefreight.com,Covenant Checker,Forecast May operating cash flow,completed,68.6,"FP&A May variance was $2,022,329 vs plan",03/04/2026 10:53:56 AM
r39-0000081,rclark@silverlinefreight.com,Cash Forecaster,Check covenant compliance for the revolver,completed,20.9,"FP&A Apr variance was $690,828 vs plan",03/04/2026 10:58:35 AM
r39-0000082,fwilson@silverlinefreight.com,Budget vs Actual,Draft flux commentary for the Feb close,completed,41.4,"FP&A Feb variance was $2,987,225 vs plan",03/04/2026 05:16:14 PM
r39-0000083,rclark@silverlinefreight.com,Budget vs Actual,Explain the headcount variance vs plan,completed,40.1,"Treasury Jan variance was $891,316 vs plan",03/04/2026 02:45:36 PM
r39-0000084,rclark@silverlinefreight.com,Variance Explainer,Forecast Feb operating cash flow,completed,10.0,"Ops Feb variance was $922,131 vs plan",03/04/2026 11:26:49 AM
r39-0000085,nrodriguez@silverlinefreight.com,Flux Commentary,Check covenant compliance for the revolver,completed,28.8,"Treasury Apr variance was $263,589 vs plan",03/04/2026 06:37:22 PM
r39-0000086,fwilson@silverlinefreight.com,Vendor Spend Analyzer,Why did Treasury spend exceed budget in May?,completed,43.6,"Treasury May variance was $3,976,545 vs plan",03/04/2026 11:13:34 AM
r39-0000087,rclark@silverlinefreight.com,Headcount Planner,Which cost centers are over budget YTD?,completed,67.1,"Treasury Mar variance was $779,411 vs plan",03/04/2026 06:11:59 PM
r39-0000088,rjones@silverlinefreight.com,AP Aging Analyst,What drove the change in gross margin this quarter?,completed,29.6,"Accounting Mar variance was $3,422,049 vs plan",03/04/2026 12:23:27 PM
r39-0000089,rjones@silverlinefreight.com,Headcount Planner,What drove the change in gross margin this quarter?,completed,65.7,"Treasury Jun variance was $3,100,173 vs plan",03/04/2026 01:19:58 PM
r39-0000090,fwilson@silverlinefreight.com,AP Aging Analyst,What drove the change in gross margin this quarter?,completed,56.5,"FP&A Apr variance was $2,968,604 vs plan",03/04/2026 04:37:26 PM
r39-0000091,rjones@silverlinefreight.com,Covenant Checker,Check covenant compliance for the revolver,completed,36.0,"Ops Apr variance was $259,700 vs plan",03/04/2026 11:20:59 AM
r39-0000092,fwilson@silverlinefreight.com,Revenue Recognizer,Explain the headcount variance vs plan,completed,21.3,"Accounting May variance was $2,506,877 vs plan",03/04/2026 10:58:35 AM
r39-0000093,nrodriguez@silverlinefreight.com,Revenue Recognizer,Summarize the Feb variance for entity MX-02,completed,6.9,"Treasury Feb variance was $2,457,551 vs plan",03/04/2026 03:25:23 PM
r39-0000094,rclark@silverlinefreight.com,Variance Explainer,Draft flux commentary for the May close,completed,31.8,"Ops May variance was $1,816,908 vs plan",03/04/2026 02:51:13 PM
r39-0000095,rclark@silverlinefreight.com,Variance Explainer,Summarize the Jun variance for entity MX-01,completed,42.3,"Ops Jun variance was $3,719,677 vs plan",03/04/2026 09:10:19 AM
r39-0000096,nrodriguez@silverlinefreight.com,Journal Entry Reviewer,Why did Treasury spend exceed budget in Apr?,completed,34.8,"Treasury Apr variance was $4,256,746 vs plan",03/04/2026 03:17:08 PM
r39-0000097,rclark@silverlinefreight.com,Cash Forecaster,Why did Treasury spend exceed budget in Apr?,completed,31.3,"Treasury Apr variance was $3,969,916 vs plan",03/04/2026 12:32:45 PM
r39-0000098,fwilson@silverlinefreight.com,Variance Explainer,What drove the change in gross margin this quarter?,completed,66.5,"Treasury Mar variance was $996,786 vs plan",03/04/2026 01:20:41 PM
r39-0000099,rclark@silverlinefreight.com,Vendor Spend Analyzer,What drove the change in gross margin this quarter?,completed,22.4,"FP&A Mar variance was $268,168 vs plan",03/04/2026 03:00:17 PM
r39-0000100,fwilson@silverlinefreight.com,Vendor Spend Analyzer,Reconcile AP aging over 90 days for EU-02,completed,65.3,"FP&A Mar variance was $184,093 vs plan",03/04/2026 10:52:46 AM
r39-0000101,nrodriguez@silverlinefreight.com,Budget vs Actual,Forecast May operating cash flow,completed,72.0,"Accounting May variance was $2,802,312 vs plan",03/04/2026 09:00:41 AM
r39-0000102,rclark@silverlinefreight.com,Budget vs Actual,Which cost centers are over budget YTD?,error,5.5,Traceback (most recent call last): KeyError 'entity',03/04/2026 01:27:12 PM
r39-0000103,rclark@silverlinefreight.com,Headcount Planner,Draft flux commentary for the Jan close,completed,71.7,"Treasury Jan variance was $3,510,286 vs plan",03/04/2026 03:43:24 PM
r39-0000104,nrodriguez@silverlinefreight.com,Variance Explainer,What drove the change in gross margin this quarter?,completed,20.0,"Treasury Feb variance was $162,929 vs plan",03/04/2026 01:44:22 PM
r39-0000105,fwilson@silverlinefreight.com,Cash Forecaster,Explain the headcount variance vs plan,completed,32.2,"FP&A Jun variance was $3,220,064 vs plan",03/04/2026 07:14:30 AM
r39-0000106,rjones@silverlinefreight.com,Close Checklist Bot,Reconcile AP aging over 90 days for CA-05,completed,42.5,"FP&A Jun variance was $2,715,810 vs plan",03/04/2026 12:51:37 PM
r39-0000107,nrodriguez@silverlinefreight.com,Headcount Planner,Reconcile AP aging over 90 days for MX-06,completed,27.1,"Treasury May variance was $3,065,836 vs plan",03/04/2026 03:39:02 PM
r39-0000108,nrodriguez@silverlinefreight.com,Journal Entry Reviewer,Check covenant compliance for the revolver,completed,42.3,"FP&A Apr variance was $227,933 vs plan",03/04/2026 12:18:49 PM
r39-0000109,rclark@silverlinefreight.com,Variance Explainer,Draft flux commentary for the Jan close,completed,65.1,"Accounting Jan variance was $3,452,531 vs plan",03/05/2026 01:03:29 PM
r39-0000110,nrodriguez@silverlinefreight.com,Headcount Planner,Check covenant compliance for the revolver,completed,8.9,"Accounting May variance was $2,510,243 vs plan",03/05/2026 02:49:18 PM
r39-0000111,rclark@silverlinefreight.com,Revenue Recognizer,Why did FP&A spend exceed budget in May?,completed,1.0,error code 502 from model gateway,03/05/2026 02:46:03 PM
r39-0000112,fwilson@silverlinefreight.com,Covenant Checker,Summarize the Jun variance for entity MX-01,completed,51.6,"Accounting Jun variance was $1,105,889 vs plan",03/05/2026 12:09:18 PM
r39-0000113,fwilson@silverlinefreight.com,Board Deck Builder,Forecast Mar operating cash flow,completed,35.7,"Ops Mar variance was $2,026,634 vs plan",03/05/2026 03:11:43 PM
r39-0000114,rjones@silverlinefreight.com,Flux Commentary,Forecast Feb operating cash flow,completed,9.5,"FP&A Feb variance was $874,954 vs plan",03/05/2026 08:04:54 AM
r39-0000115,nrodriguez@silverlinefreight.com,Close Checklist Bot,Draft flux commentary for the Apr close,completed,28.6,"FP&A Apr variance was $2,309,970 vs plan",03/05/2026 11:38:35 AM
r39-0000116,fwilson@silverlinefreight.com,AP Aging Analyst,Draft flux commentary for the Jan close,completed,72.2,"FP&A Jan variance was $674,644 vs plan",03/05/2026 06:07:23 AM
r39-0000117,nrodriguez@silverlinefreight.com,Flux Commentary,Build the board deck cash slide for Feb,error,2.4,FAILED: null reference in aggregation step,03/05/2026 03:12:56 PM
r39-0000118,nrodriguez@silverlinefreight.com,Board Deck Builder,Build the board deck cash slide for Mar,completed,3.6,"Treasury Mar variance was $4,523,963 vs plan",03/05/2026 01:18:53 PM
r39-0000119,rjones@silverlinefreight.com,Variance Explainer,Which cost centers are over budget YTD?,completed,32.6,"Accounting Feb variance was $4,415,305 vs plan",03/05/2026 07:39:05 AM
r39-0000120,rjones@silverlinefreight.com,Variance Explainer,Draft flux commentary for the Mar close,completed,63.0,"Treasury Mar variance was $4,203,816 vs plan",03/05/2026 04:38:44 PM
r39-0000121,fwilson@silverlinefreight.com,Cash Forecaster,What drove the change in gross margin this quarter?,completed,66.4,"Ops Apr variance was $4,093,759 vs plan",03/05/2026 05:56:53 PM
r39-0000122,nrodriguez@silverlinefreight.com,AP Aging Analyst,Summarize the Mar variance for entity CA-09,completed,20.6,"Accounting Mar variance was $1,697,321 vs plan",03/05/2026 11:31:13 AM
r39-0000123,rclark@silverlinefreight.com,Covenant Checker,Explain the headcount variance vs plan,completed,46.1,"Accounting May variance was $3,645,573 vs plan",03/05/2026 11:05:51 AM
r39-0000124,nrodriguez@silverlinefreight.com,Board Deck Builder,Explain the headcount variance vs plan,completed,34.5,"Treasury Jun variance was $4,326,472 vs plan",03/05/2026 02:08:31 PM
r39-0000125,rclark@silverlinefreight.com,Cash Forecaster,Build the board deck cash slide for May,completed,62.8,"Ops May variance was $2,801,677 vs plan",03/05/2026 02:45:24 PM
r39-0000126,nrodriguez@silverlinefreight.com,Board Deck Builder,Forecast Jun operating cash flow,completed,8.1,"Treasury Jun variance was $4,750,614 vs plan",03/05/2026 09:57:36 AM
r39-0000127,nrodriguez@silverlinefreight.com,Journal Entry Reviewer,Check covenant compliance for the revolver,completed,34.1,"FP&A May variance was $1,493,865 vs plan",03/05/2026 03:19:22 PM
r39-0000128,rjones@silverlinefreight.com,Headcount Planner,What drove the change in gross margin this quarter?,completed,23.4,"Ops May variance was $3,075,228 vs plan",03/05/2026 04:23:15 PM
r39-0000129,rclark@silverlinefreight.com,Revenue Recognizer,What drove the change in gross margin this quarter?,completed,17.6,"Accounting May variance was $1,477,460 vs plan",03/05/2026 03:41:47 PM
r39-0000130,fwilson@silverlinefreight.com,Covenant Checker,Which cost centers are over budget YTD?,completed,34.5,"Accounting Jun variance was $47,511 vs plan",03/05/2026 04:44:10 PM
r39-0000131,fwilson@silverlinefreight.com,Flux Commentary,Summarize the Apr variance for entity EU-06,completed,11.0,"Accounting Apr variance was $1,528,398 vs plan",03/05/2026 12:47:01 PM
r39-0000132,nrodriguez@silverlinefreight.com,Vendor Spend Analyzer,Summarize the Feb variance for entity US-09,completed,0.7,ERROR: upstream request timed out,03/05/2026 01:43:05 PM
r39-0000133,rjones@silverlinefreight.com,AP Aging Analyst,Which cost centers are over budget YTD?,completed,30.3,"Treasury May variance was $1,325,407 vs plan",03/05/2026 02:42:45 PM
r39-0000134,rclark@silverlinefreight.com,Variance Explainer,Build the board deck cash slide for May,completed,73.9,"Ops May variance was $2,788,493 vs plan",03/05/2026 08:54:43 AM
r39-0000135,rclark@silverlinefreight.com,AP Aging Analyst,Build the board deck cash slide for May,completed,64.7,"FP&A May variance was $4,700,252 vs plan",03/05/2026 03:25:07 PM
r39-0000136,rjones@silverlinefreight.com,Covenant Checker,Forecast May operating cash flow,completed,23.1,"FP&A May variance was $1,863,466 vs plan",03/05/2026 12:35:26 PM
r39-0000137,nrodriguez@silverlinefreight.com,Covenant Checker,Explain the headcount variance vs plan,completed,66.2,"FP&A Feb variance was $2,871,987 vs plan",03/05/2026 06:46:18 PM
r39-0000138,rclark@silverlinefreight.com,Headcount Planner,What drove the change in gross margin this quarter?,completed,6.6,"Treasury Feb variance was $2,256,591 vs plan",03/05/2026 07:33:35 AM
r39-0000139,rclark@silverlinefreight.com,Headcount Planner,Explain the headcount variance vs plan,completed,19.5,"Ops Feb variance was $76,934 vs plan",03/05/2026 10:14:29 AM
r39-0000140,rclark@silverlinefreight.com,Budget vs Actual,Summarize the Apr variance for entity MX-02,completed,43.4,"Accounting Apr variance was $2,244,642 vs plan",03/05/2026 08:22:47 AM
r39-0000141,rclark@silverlinefreight.com,Covenant Checker,Why did FP&A spend exceed budget in Jun?,completed,38.0,"FP&A Jun variance was $4,186,441 vs plan",03/05/2026 12:44:12 PM
r39-0000142,nrodriguez@silverlinefreight.com,Covenant Checker,Forecast Feb operating cash flow,completed,50.3,"Accounting Feb variance was $2,869,917 vs plan",03/05/2026 02:52:59 PM
r39-0000143,nrodriguez@silverlinefreight.com,Journal Entry Reviewer,What drove the change in gross margin this quarter?,completed,66.6,"Accounting Apr variance was $1,967,998 vs plan",03/05/2026 12:57:49 PM
r39-0000144,nrodriguez@silverlinefreight.com,Vendor Spend Analyzer,Reconcile AP aging over 90 days for EU-07,completed,33.5,"FP&A Jun variance was $1,114,737 vs plan",03/05/2026 11:24:29 AM
r39-0000145,rclark@silverlinefreight.com,Vendor Spend Analyzer,Which cost centers are over budget YTD?,completed,56.3,"FP&A Jan variance was $2,270,111 vs plan",03/05/2026 04:00:01 PM
r39-0000146,nrodriguez@silverlinefreight.com,AP Aging Analyst,Summarize the Apr variance for entity CA-08,completed,70.4,"Ops Apr variance was $4,193,614 vs plan",03/05/2026 12:25:14 PM
r39-0000147,rclark@silverlinefreight.com,Covenant Checker,Build the board deck cash slide for Mar,completed,27.9,"Ops Mar variance was $2,708,145 vs plan",03/05/2026 05:39:59 PM
r39-0000148,nrodriguez@silverlinefreight.com,AP Aging Analyst,Why did FP&A spend exceed budget in Apr?,completed,33.6,"FP&A Apr variance was $890,274 vs plan",03/05/2026 10:56:47 AM
r39-0000149,rclark@silverlinefreight.com,Revenue Recognizer,Forecast Feb operating cash flow,completed,0.9,error: connection reset by peer,03/05/2026 03:51:27 PM
r39-0000150,nrodriguez@silverlinefreight.com,AP Aging Analyst,Why did Treasury spend exceed budget in May?,completed,53.7,"Treasury May variance was $1,566,223 vs plan",03/05/2026 04:25:59 PM
r39-0000151,rclark@silverlinefreight.com,Board Deck Builder,Explain the headcount variance vs plan,completed,70.3,"FP&A Apr variance was $3,129,309 vs plan",03/05/2026 06:29:58 PM
r39-0000152,nrodriguez@silverlinefreight.com,Variance Explainer,Which cost centers are over budget YTD?,completed,74.7,"Treasury May variance was $235,109 vs plan",03/05/2026 02:17:02 PM
r39-0000153,nrodriguez@silverlinefreight.com,Variance Explainer,Draft flux commentary for the Mar close,completed,0.7,error: connection reset by peer,03/05/2026 03:07:41 PM
r39-0000154,rclark@silverlinefreight.com,AP Aging Analyst,Explain the headcount variance vs plan,completed,50.9,"Accounting Apr variance was $219,247 vs plan",03/05/2026 09:28:07 AM
r39-0000155,nrodriguez@silverlinefreight.com,Close Checklist Bot,Summarize the Jan variance for entity EU-08,completed,46.7,"Ops Jan variance was $3,131,957 vs plan",03/06/2026 01:42:50 PM
r39-0000156,nrodriguez@silverlinefreight.com,Close Checklist Bot,Reconcile AP aging over 90 days for MX-01,completed,43.4,"Accounting Jan variance was $3,268,923 vs plan",03/06/2026 04:22:22 PM
r39-0000157,rclark@silverlinefreight.com,Close Checklist Bot,Reconcile AP aging over 90 days for MX-05,error,7.2,Traceback (most recent call last): KeyError 'entity',03/06/2026 10:49:40 AM
r39-0000158,nrodriguez@silverlinefreight.com,Flux Commentary,Which cost centers are over budget YTD?,completed,4.0,"Ops Jan variance was $4,293,784 vs plan",03/06/2026 03:16:54 PM
r39-0000159,rclark@silverlinefreight.com,Flux Commentary,Draft flux commentary for the May close,completed,5.3,"Ops May variance was $4,548,389 vs plan",03/06/2026 12:08:42 PM
r39-0000160,rjones@silverlinefreight.com,Flux Commentary,Which cost centers are over budget YTD?,completed,41.9,"Ops Mar variance was $2,606,179 vs plan",03/06/2026 03:49:50 PM
r39-0000161,nrodriguez@silverlinefreight.com,Headcount Planner,Check covenant compliance for the revolver,completed,7.9,"Treasury Apr variance was $3,115,919 vs plan",03/06/2026 01:01:54 PM
r39-0000162,rclark@silverlinefreight.com,Board Deck Builder,Which cost centers are over budget YTD?,completed,61.3,"Ops May variance was $994,371 vs plan",03/06/2026 03:11:59 PM
r39-0000163,nrodriguez@silverlinefreight.com,Budget vs Actual,Draft flux commentary for the Feb close,completed,43.0,"Accounting Feb variance was $2,052,619 vs plan",03/06/2026 10:14:28 AM
r39-0000164,rclark@silverlinefreight.com,Journal Entry Reviewer,Forecast Apr operating cash flow,completed,61.3,"Accounting Apr variance was $1,218,718 vs plan",03/06/2026 09:57:32 AM
r39-0000165,nrodriguez@silverlinefreight.com,AP Aging Analyst,Why did Treasury spend exceed budget in Apr?,completed,30.5,"Treasury Apr variance was $3,163,407 vs plan",03/06/2026 11:13:10 AM
r39-0000166,rclark@silverlinefreight.com,Close Checklist Bot,Summarize the Jan variance for entity EU-05,completed,24.6,"Accounting Jan variance was $1,792,156 vs plan",03/06/2026 12:05:39 PM
r39-0000167,nrodriguez@silverlinefreight.com,Budget vs Actual,Why did Accounting spend exceed budget in Mar?,completed,59.1,"Accounting Mar variance was $3,059,902 vs plan",03/06/2026 02:40:26 PM
r39-0000168,nrodriguez@silverlinefreight.com,Flux Commentary,Build the board deck cash slide for Jan,completed,24.5,"Treasury Jan variance was $1,729,334 vs plan",03/06/2026 01:06:39 PM
r39-0000169,rclark@silverlinefreight.com,Budget vs Actual,Check covenant compliance for the revolver,completed,50.5,"Treasury May variance was $2,493,833 vs plan",03/06/2026 04:51:34 PM
r39-0000170,nrodriguez@silverlinefreight.com,Budget vs Actual,Which cost centers are over budget YTD?,completed,22.9,"Ops Apr variance was $517,259 vs plan",03/06/2026 01:03:32 PM
r39-0000171,fwilson@silverlinefreight.com,Vendor Spend Analyzer,What drove the change in gross margin this quarter?,completed,52.0,"Accounting Apr variance was $3,816,462 vs plan",03/06/2026 08:33:44 AM
r39-0000172,fwilson@silverlinefreight.com,Close Checklist Bot,Build the board deck cash slide for May,completed,56.7,"Ops May variance was $3,443,898 vs plan",03/06/2026 02:00:36 PM
r39-0000173,nrodriguez@silverlinefreight.com,Cash Forecaster,Draft flux commentary for the Mar close,completed,4.7,"Accounting Mar variance was $4,254,464 vs plan",03/06/2026 03:30:37 PM
r39-0000174,nrodriguez@silverlinefreight.com,Headcount Planner,Summarize the May variance for entity MX-03,completed,58.2,"Treasury May variance was $1,529,616 vs plan",03/06/2026 10:47:42 AM
r39-0000175,rclark@silverlinefreight.com,Journal Entry Reviewer,Why did Accounting spend exceed budget in Mar?,error,2.9,FAILED: null reference in aggregation step,03/06/2026 01:24:42 PM
r39-0000176,rclark@silverlinefreight.com,Budget vs Actual,Draft flux commentary for the Apr close,completed,72.2,"Treasury Apr variance was $3,131,863 vs plan",03/06/2026 09:32:00 AM
r39-0000177,nrodriguez@silverlinefreight.com,Vendor Spend Analyzer,Reconcile AP aging over 90 days for US-07,completed,65.5,"Treasury May variance was $2,874,755 vs plan",03/06/2026 04:26:17 PM
r39-0000178,rclark@silverlinefreight.com,Revenue Recognizer,Explain the headcount variance vs plan,completed,12.7,"FP&A May variance was $2,525,510 vs plan",03/06/2026 01:13:35 PM
r39-0000179,rclark@silverlinefreight.com,Close Checklist Bot,Check covenant compliance for the revolver,completed,30.9,"Treasury Apr variance was $3,966,915 vs plan",03/06/2026 08:11:14 AM
r39-0000180,nrodriguez@silverlinefreight.com,Covenant Checker,Build the board deck cash slide for Jun,completed,49.7,"Accounting Jun variance was $4,046,767 vs plan",03/06/2026 02:04:11 PM
r39-0000181,nrodriguez@silverlinefreight.com,Close Checklist Bot,Build the board deck cash slide for Jan,completed,24.4,"Ops Jan variance was $1,596,110 vs plan",03/06/2026 12:33:54 PM
r39-0000182,fwilson@silverlinefreight.com,Variance Explainer,Build the board deck cash slide for May,completed,46.1,"Accounting May variance was $4,380,469 vs plan",03/06/2026 01:23:09 PM
r39-0000183,rclark@silverlinefreight.com,Variance Explainer,Which cost centers are over budget YTD?,completed,30.3,"Ops Jun variance was $606,829 vs plan",03/06/2026 01:51:21 PM
r39-0000184,rjones@silverlinefreight.com,Vendor Spend Analyzer,Summarize the Mar variance for entity EU-09,completed,50.1,"Ops Mar variance was $3,672,382 vs plan",03/06/2026 11:31:43 AM
r39-0000185,rclark@silverlinefreight.com,AP Aging Analyst,Reconcile AP aging over 90 days for CA-05,completed,1.9,error code 502 from model gateway,03/06/2026 10:41:22 AM
r39-0000186,fwilson@silverlinefreight.com,Vendor Spend Analyzer,Check covenant compliance for the revolver,error,6.5,FAILED: null reference in aggregation step,03/06/2026 04:18:09 PM
r39-0000187,nrodriguez@silverlinefreight.com,Budget vs Actual,What drove the change in gross margin this quarter?,completed,6.8,"FP&A May variance was $4,358,715 vs plan",03/07/2026 10:19:37 AM
r39-0000188,rclark@silverlinefreight.com,Vendor Spend Analyzer,Check covenant compliance for the revolver,completed,16.1,"Ops Apr variance was $3,216,160 vs plan",03/07/2026 04:28:12 PM
r39-0000189,rclark@silverlinefreight.com,Cash Forecaster,Check covenant compliance for the revolver,completed,4.3,"FP&A Jan variance was $3,593,180 vs plan",03/07/2026 01:37:59 PM
r39-0000190,rclark@silverlinefreight.com,Variance Explainer,Summarize the Jun variance for entity MX-09,completed,49.4,"Treasury Jun variance was $917,945 vs plan",03/07/2026 11:36:27 AM
r39-0000191,rclark@silverlinefreight.com,Flux Commentary,Summarize the Jun variance for entity EU-03,completed,28.1,"Treasury Jun variance was $422,295 vs plan",03/07/2026 08:06:12 AM
r39-0000192,rclark@silverlinefreight.com,Variance Explainer,Draft flux commentary for the May close,completed,0.7,Traceback (most recent call last): KeyError 'entity',03/07/2026 03:11:57 PM
r39-0000193,nrodriguez@silverlinefreight.com,Cash Forecaster,Draft flux commentary for the Apr close,completed,17.9,"Treasury Apr variance was $1,936,336 vs plan",03/07/2026 04:20:53 PM
r39-0000194,nrodriguez@silverlinefreight.com,Vendor Spend Analyzer,Build the board deck cash slide for Mar,completed,4.2,"FP&A Mar variance was $3,049,429 vs plan",03/07/2026 12:43:00 PM
r39-0000195,nrodriguez@silverlinefreight.com,Budget vs Actual,Summarize the Jan variance for entity EU-02,completed,12.2,"Ops Jan variance was $1,643,030 vs plan",03/07/2026 09:08:00 AM
r39-0000196,rclark@silverlinefreight.com,Covenant Checker,Reconcile AP aging over 90 days for MX-08,completed,20.8,"Ops Jan variance was $1,806,322 vs plan",03/07/2026 05:35:18 PM
r39-0000197,nrodriguez@silverlinefreight.com,Close Checklist Bot,Draft flux commentary for the Apr close,completed,8.2,"Ops Apr variance was $1,516,148 vs plan",03/07/2026 02:51:36 PM
r39-0000198,rjones@silverlinefreight.com,Close Checklist Bot,Summarize the Feb variance for entity CA-01,completed,27.0,"Ops Feb variance was $3,382,791 vs plan",03/08/2026 03:08:13 PM
r39-0000199,nrodriguez@silverlinefreight.com,Cash Forecaster,Explain the headcount variance vs plan,completed,0.9,error: connection reset by peer,03/08/2026 10:45:44 AM
r39-0000200,nrodriguez@silverlinefreight.com,Budget vs Actual,Build the board deck cash slide for May,completed,1.6,ERROR: upstream request timed out,03/08/2026 08:41:14 AM
r39-0000201,nrodriguez@silverlinefreight.com,Variance Explainer,Build the board deck cash slide for May,completed,66.2,"Treasury May variance was $2,967,054 vs plan",03/08/2026 09:24:31 AM
r39-0000202,nrodriguez@silverlinefreight.com,Flux Commentary,Reconcile AP aging over 90 days for US-08,completed,53.7,"Treasury Jan variance was $4,604,736 vs plan",03/08/2026 07:38:37 PM
r39-0000203,rclark@silverlinefreight.com,Budget vs Actual,What drove the change in gross margin this quarter?,completed,17.3,"FP&A May variance was $3,471,487 vs plan",03/08/2026 12:54:31 PM
r39-0000204,rclark@silverlinefreight.com,Headcount Planner,Reconcile AP aging over 90 days for MX-05,completed,23.8,"FP&A Mar variance was $2,573,193 vs plan",03/08/2026 06:44:22 AM
r39-0000205,rjones@silverlinefreight.com,Variance Explainer,Reconcile AP aging over 90 days for US-04,completed,17.3,"Treasury Mar variance was $4,712,656 vs plan",03/08/2026 11:01:09 AM
r39-0000206,rjones@silverlinefreight.com,Board Deck Builder,Summarize the Feb variance for entity EU-04,completed,18.1,"Accounting Feb variance was $865,454 vs plan",03/08/2026 07:46:28 PM
r39-0000207,nrodriguez@silverlinefreight.com,AP Aging Analyst,Why did Ops spend exceed budget in Apr?,completed,36.4,"Ops Apr variance was $3,250,432 vs plan",03/08/2026 04:08:19 PM
r39-0000208,rclark@silverlinefreight.com,Flux Commentary,Draft flux commentary for the Jun close,completed,19.2,"Treasury Jun variance was $1,331,142 vs plan",03/08/2026 08:54:55 AM
r39-0000209,nrodriguez@silverlinefreight.com,Vendor Spend Analyzer,Summarize the May variance for entity US-07,completed,47.6,"Treasury May variance was $349,397 vs plan",03/08/2026 12:16:40 PM
r39-0000210,nrodriguez@silverlinefreight.com,Vendor Spend Analyzer,Explain the headcount variance vs plan,completed,1.7,FAILED: null reference in aggregation step,03/08/2026 12:46:01 PM
r39-0000211,rclark@silverlinefreight.com,Close Checklist Bot,Summarize the Jun variance for entity MX-03,completed,53.6,"Ops Jun variance was $947,873 vs plan",03/08/2026 12:19:57 PM
r39-0000212,fwilson@silverlinefreight.com,Flux Commentary,Why did FP&A spend exceed budget in Jan?,completed,48.0,"FP&A Jan variance was $368,107 vs plan",03/08/2026 12:38:56 PM
r39-0000213,rclark@silverlinefreight.com,Revenue Recognizer,Check covenant compliance for the revolver,completed,64.8,"Accounting Feb variance was $4,400,230 vs plan",03/08/2026 12:49:32 PM
r39-0000214,rclark@silverlinefreight.com,Board Deck Builder,Explain the headcount variance vs plan,error,3.2,error: connection reset by peer,03/08/2026 05:14:45 PM
r39-0000215,fwilson@silverlinefreight.com,Budget vs Actual,Draft flux commentary for the May close,completed,13.1,"Treasury May variance was $332,077 vs plan",03/09/2026 10:31:00 AM
r39-0000216,rclark@silverlinefreight.com,Budget vs Actual,Explain the headcount variance vs plan,completed,39.5,"Accounting Jun variance was $1,974,876 vs plan",03/09/2026 05:50:48 PM
r39-0000217,rclark@silverlinefreight.com,Headcount Planner,Which cost centers are over budget YTD?,completed,7.5,"FP&A Apr variance was $266,685 vs plan",03/09/2026 11:06:12 AM
r39-0000218,nrodriguez@silverlinefreight.com,Flux Commentary,Check covenant compliance for the revolver,completed,63.3,"FP&A Mar variance was $2,911,877 vs plan",03/09/2026 05:23:35 PM
r39-0000219,nrodriguez@silverlinefreight.com,Vendor Spend Analyzer,Build the board deck cash slide for Apr,completed,6.5,"Accounting Apr variance was $1,440,406 vs plan",03/09/2026 03:43:47 PM
r39-0000220,nrodriguez@silverlinefreight.com,Headcount Planner,Reconcile AP aging over 90 days for CA-06,completed,54.2,"Treasury May variance was $3,351,873 vs plan",03/09/2026 10:26:56 AM
r39-0000221,rclark@silverlinefreight.com,AP Aging Analyst,Reconcile AP aging over 90 days for CA-05,completed,26.6,"Ops Jan variance was $1,505,044 vs plan",03/09/2026 05:10:52 PM
r39-0000222,rclark@silverlinefreight.com,Budget vs Actual,Draft flux commentary for the Jan close,completed,11.7,"Treasury Jan variance was $1,746,667 vs plan",03/09/2026 08:28:11 AM
r39-0000223,nrodriguez@silverlinefreight.com,AP Aging Analyst,Which cost centers are over budget YTD?,completed,65.8,"Accounting Apr variance was $908,209 vs plan",03/09/2026 01:42:29 PM
r39-0000224,nrodriguez@silverlinefreight.com,Vendor Spend Analyzer,Check covenant compliance for the revolver,completed,36.8,"FP&A May variance was $3,679,363 vs plan",03/09/2026 02:35:36 PM
r39-0000225,nrodriguez@silverlinefreight.com,Budget vs Actual,Reconcile AP aging over 90 days for EU-09,completed,5.1,"Treasury Jun variance was $2,502,492 vs plan",03/09/2026 11:33:40 AM
r39-0000226,nrodriguez@silverlinefreight.com,Headcount Planner,What drove the change in gross margin this quarter?,completed,21.2,"Accounting Jun variance was $1,366,506 vs plan",03/09/2026 01:47:24 PM
r39-0000227,rclark@silverlinefreight.com,Close Checklist Bot,Build the board deck cash slide for Apr,completed,68.1,"Ops Apr variance was $3,668,291 vs plan",03/09/2026 02:12:17 PM
r39-0000228,rjones@silverlinefreight.com,Headcount Planner,Check covenant compliance for the revolver,error,1.8,error code 502 from model gateway,03/09/2026 04:59:57 PM
r39-0000229,fwilson@silverlinefreight.com,Cash Forecaster,Explain the headcount variance vs plan,error,3.2,FAILED: null reference in aggregation step,03/09/2026 02:22:45 PM
r39-0000230,rclark@silverlinefreight.com,Journal Entry Reviewer,Build the board deck cash slide for Jun,completed,22.2,"FP&A Jun variance was $2,725,956 vs plan",03/09/2026 06:30:44 AM
r39-0000231,rjones@silverlinefreight.com,Headcount Planner,What drove the change in gross margin this quarter?,completed,21.4,"Ops Mar variance was $4,756,929 vs plan",03/09/2026 12:45:45 PM
r39-0000232,rjones@silverlinefreight.com,Journal Entry Reviewer,Why did FP&A spend exceed budget in Feb?,completed,63.3,"FP&A Feb variance was $4,583,099 vs plan",03/09/2026 04:12:19 PM
r39-0000233,fwilson@silverlinefreight.com,Revenue Recognizer,What drove the change in gross margin this quarter?,completed,19.5,"Treasury Mar variance was $940,390 vs plan",03/09/2026 03:14:49 PM
r39-0000234,rjones@silverlinefreight.com,Cash Forecaster,Forecast Feb operating cash flow,completed,56.2,"FP&A Feb variance was $259,690 vs plan",03/09/2026 12:55:46 PM
r39-0000235,nrodriguez@silverlinefreight.com,Vendor Spend Analyzer,Draft flux commentary for the Apr close,completed,15.6,"Ops Apr variance was $3,037,831 vs plan",03/09/2026 04:44:15 PM
r39-0000236,rclark@silverlinefreight.com,Board Deck Builder,Explain the headcount variance vs plan,completed,30.7,"Treasury Jun variance was $2,157,598 vs plan",03/09/2026 02:13:05 PM
r39-0000237,rclark@silverlinefreight.com,Variance Explainer,Which cost centers are over budget YTD?,completed,5.0,"Ops Jun variance was $2,533,870 vs plan",03/09/2026 07:12:54 AM
r39-0000238,nrodriguez@silverlinefreight.com,Variance Explainer,Explain the headcount variance vs plan,completed,46.6,"FP&A Feb variance was $25,053 vs plan",03/09/2026 04:17:40 PM
r39-0000239,nrodriguez@silverlinefreight.com,Vendor Spend Analyzer,Forecast Jan operating cash flow,completed,3.1,"Accounting Jan variance was $1,841,508 vs plan",03/09/2026 07:53:46 AM
r39-0000240,rclark@silverlinefreight.com,Cash Forecaster,What drove the change in gross margin this quarter?,completed,39.6,"Ops Apr variance was $2,472,447 vs plan",03/09/2026 12:08:47 PM
r39-0000241,nrodriguez@silverlinefreight.com,Cash Forecaster,Which cost centers are over budget YTD?,completed,69.2,"Accounting Jun variance was $196,802 vs plan",03/09/2026 11:05:02 AM
r39-0000242,rjones@silverlinefreight.com,Cash Forecaster,What drove the change in gross margin this quarter?,completed,0.5,FAILED: null reference in aggregation step,03/09/2026 07:49:24 AM
r39-0000243,rclark@silverlinefreight.com,Headcount Planner,Explain the headcount variance vs plan,completed,36.8,"Treasury Mar variance was $3,003,960 vs plan",03/09/2026 11:47:18 AM
r39-0000244,nrodriguez@silverlinefreight.com,AP Aging Analyst,Why did FP&A spend exceed budget in Jun?,completed,40.7,"FP&A Jun variance was $4,154,524 vs plan",03/09/2026 08:39:06 AM
r39-0000245,nrodriguez@silverlinefreight.com,Budget vs Actual,Why did FP&A spend exceed budget in Jan?,completed,63.5,"FP&A Jan variance was $4,284,618 vs plan",03/10/2026 09:55:41 AM
r39-0000246,rclark@silverlinefreight.com,Vendor Spend Analyzer,Draft flux commentary for the Jan close,completed,30.4,"Treasury Jan variance was $1,092,693 vs plan",03/10/2026 03:33:29 PM
r39-0000247,rclark@silverlinefreight.com,Headcount Planner,Forecast Mar operating cash flow,completed,0.9,error code 502 from model gateway,03/10/2026 10:56:33 AM
r39-0000248,nrodriguez@silverlinefreight.com,Revenue Recognizer,Reconcile AP aging over 90 days for MX-07,completed,7.8,"FP&A Apr variance was $1,656,977 vs plan",03/10/2026 12:40:14 PM
r39-0000249,nrodriguez@silverlinefreight.com,Vendor Spend Analyzer,Check covenant compliance for the revolver,completed,48.9,"Treasury Jan variance was $3,642,907 vs plan",03/10/2026 12:29:12 PM
r39-0000250,nrodriguez@silverlinefreight.com,Journal Entry Reviewer,Explain the headcount variance vs plan,completed,57.4,"Accounting Mar variance was $4,030,654 vs plan",03/10/2026 01:33:11 PM
r39-0000251,nrodriguez@silverlinefreight.com,Flux Commentary,Why did Accounting spend exceed budget in Feb?,completed,1.2,FAILED: null reference in aggregation step,03/10/2026 01:09:08 PM
r39-0000252,nrodriguez@silverlinefreight.com,Flux Commentary,Check covenant compliance for the revolver,completed,0.9,error code 502 from model gateway,03/10/2026 02:24:48 PM
r39-0000253,nrodriguez@silverlinefreight.com,Covenant Checker,Forecast Mar operating cash flow,completed,19.8,"Accounting Mar variance was $2,421,490 vs plan",03/10/2026 01:49:49 PM
r39-0000254,rclark@silverlinefreight.com,Budget vs Actual,Why did Ops spend exceed budget in Mar?,completed,57.4,"Ops Mar variance was $3,138,761 vs plan",03/10/2026 05:09:50 PM
r39-0000255,nrodriguez@silverlinefreight.com,Variance Explainer,Build the board deck cash slide for Apr,completed,54.3,"Treasury Apr variance was $1,053,256 vs plan",03/10/2026 02:18:40 PM
r39-0000256,nrodriguez@silverlinefreight.com,Budget vs Actual,Forecast Jun operating cash flow,completed,21.6,"Treasury Jun variance was $4,318,851 vs plan",03/10/2026 06:08:03 AM
r39-0000257,rclark@silverlinefreight.com,Covenant Checker,Check covenant compliance for the revolver,completed,64.7,"Ops Apr variance was $2,415,740 vs plan",03/10/2026 12:20:49 PM
r39-0000258,fwilson@silverlinefreight.com,Board Deck Builder,Build the board deck cash slide for Jun,completed,73.8,"FP&A Jun variance was $849,210 vs plan",03/10/2026 12:53:18 PM
r39-0000259,rclark@silverlinefreight.com,Flux Commentary,Summarize the May variance for entity MX-03,completed,55.1,"Treasury May variance was $2,700,230 vs plan",03/10/2026 04:52:26 PM
r39-0000260,nrodriguez@silverlinefreight.com,Covenant Checker,Which cost centers are over budget YTD?,completed,16.7,"Treasury Jan variance was $1,281,931 vs plan",03/10/2026 03:05:06 PM
r39-0000261,nrodriguez@silverlinefreight.com,Cash Forecaster,Draft flux commentary for the Jun close,completed,1.3,Traceback (most recent call last): KeyError 'entity',03/10/2026 12:55:33 PM
r39-0000262,rclark@silverlinefreight.com,Journal Entry Reviewer,Why did Ops spend exceed budget in Mar?,completed,74.7,"Ops Mar variance was $1,997,239 vs plan",03/10/2026 04:55:27 PM
r39-0000263,rjones@silverlinefreight.com,Headcount Planner,Summarize the Apr variance for entity CA-04,completed,39.9,"Treasury Apr variance was $1,157,984 vs plan",03/10/2026 12:57:49 PM
r39-0000264,nrodriguez@silverlinefreight.com,Board Deck Builder,Check covenant compliance for the revolver,completed,46.8,"Accounting Jun variance was $4,561,717 vs plan",03/10/2026 02:02:54 PM
r39-0000265,rclark@silverlinefreight.com,Covenant Checker,Reconcile AP aging over 90 days for EU-07,completed,44.1,"Accounting May variance was $2,740,586 vs plan",03/10/2026 12:07:22 PM
r39-0000266,rclark@silverlinefreight.com,Budget vs Actual,Why did Ops spend exceed budget in May?,completed,5.9,"Ops May variance was $4,437,547 vs plan",03/10/2026 03:18:11 PM
r39-0000267,rclark@silverlinefreight.com,Covenant Checker,What drove the change in gross margin this quarter?,completed,48.3,"FP&A Feb variance was $1,897,431 vs plan",03/10/2026 09:06:05 AM
r39-0000268,rclark@silverlinefreight.com,Budget vs Actual,Why did Ops spend exceed budget in Feb?,completed,1.5,FAILED: null reference in aggregation step,03/10/2026 12:27:46 PM
r39-0000269,nrodriguez@silverlinefreight.com,Close Checklist Bot,Build the board deck cash slide for Jun,completed,8.1,"Accounting Jun variance was $2,030,526 vs plan",03/10/2026 05:09:12 PM
r39-0000270,rclark@silverlinefreight.com,Close Checklist Bot,Reconcile AP aging over 90 days for MX-06,completed,27.3,"FP&A Jan variance was $1,373,971 vs plan",03/10/2026 04:53:32 PM
r39-0000271,fwilson@silverlinefreight.com,Budget vs Actual,Forecast Mar operating cash flow,completed,48.8,"FP&A Mar variance was $2,890,055 vs plan",03/11/2026 03:02:09 PM
r39-0000272,nrodriguez@silverlinefreight.com,Flux Commentary,Why did Accounting spend exceed budget in May?,completed,15.4,"Accounting May variance was $3,694,531 vs plan",03/11/2026 04:47:38 PM
r39-0000273,rclark@silverlinefreight.com,Variance Explainer,Build the board deck cash slide for Apr,completed,65.3,"Accounting Apr variance was $305,061 vs plan",03/11/2026 12:45:21 PM
r39-0000274,nrodriguez@silverlinefreight.com,Journal Entry Reviewer,Check covenant compliance for the revolver,completed,26.7,"Treasury Mar variance was $1,644,265 vs plan",03/11/2026 03:08:26 PM
r39-0000275,rclark@silverlinefreight.com,Board Deck Builder,Forecast Apr operating cash flow,completed,56.0,"FP&A Apr variance was $1,526,405 vs plan",03/11/2026 04:08:40 PM
r39-0000276,nrodriguez@silverlinefreight.com,Close Checklist Bot,Reconcile AP aging over 90 days for EU-03,completed,27.1,"Treasury Mar variance was $3,698,304 vs plan",03/11/2026 10:57:31 AM
r39-0000277,nrodriguez@silverlinefreight.com,Variance Explainer,Check covenant compliance for the revolver,completed,50.2,"Ops Feb variance was $241,405 vs plan",03/11/2026 10:39:25 AM
r39-0000278,nrodriguez@silverlinefreight.com,Covenant Checker,Why did Treasury spend exceed budget in Apr?,completed,71.5,"Treasury Apr variance was $1,495,068 vs plan",03/11/2026 10:50:40 AM
r39-0000279,rclark@silverlinefreight.com,Vendor Spend Analyzer,Reconcile AP aging over 90 days for MX-07,completed,54.3,"Treasury Feb variance was $4,268,672 vs plan",03/11/2026 11:58:56 AM
r39-0000280,rclark@silverlinefreight.com,Variance Explainer,Build the board deck cash slide for Mar,completed,0.4,ERROR: upstream request timed out,03/11/2026 12:35:36 PM
r39-0000281,nrodriguez@silverlinefreight.com,Covenant Checker,Draft flux commentary for the Mar close,completed,67.0,"Accounting Mar variance was $4,385,619 vs plan",03/11/2026 10:39:24 AM
r39-0000282,rclark@silverlinefreight.com,Board Deck Builder,Draft flux commentary for the Feb close,completed,20.8,"Treasury Feb variance was $2,899,270 vs plan",03/11/2026 03:55:35 PM
r39-0000283,rjones@silverlinefreight.com,Headcount Planner,Build the board deck cash slide for May,completed,68.0,"Ops May variance was $4,405,496 vs plan",03/11/2026 02:01:09 PM
r39-0000284,rclark@silverlinefreight.com,Journal Entry Reviewer,Forecast Jun operating cash flow,completed,41.4,"FP&A Jun variance was $2,955,689 vs plan",03/11/2026 10:21:11 AM
r39-0000285,fwilson@silverlinefreight.com,Headcount Planner,Draft flux commentary for the Mar close,completed,21.6,"FP&A Mar variance was $932,121 vs plan",03/11/2026 12:02:56 PM
r39-0000286,rjones@silverlinefreight.com,Revenue Recognizer,Explain the headcount variance vs plan,completed,36.9,"Treasury Apr variance was $4,660,468 vs plan",03/11/2026 05:07:49 PM
r39-0000287,fwilson@silverlinefreight.com,Revenue Recognizer,Which cost centers are over budget YTD?,completed,23.8,"Treasury Jan variance was $4,766,423 vs plan",03/11/2026 01:33:46 PM
r39-0000288,nrodriguez@silverlinefreight.com,Flux Commentary,Draft flux commentary for the Jan close,completed,18.8,"Accounting Jan variance was $1,067,213 vs plan",03/11/2026 04:17:06 PM
r39-0000289,rclark@silverlinefreight.com,AP Aging Analyst,Check covenant compliance for the revolver,completed,32.1,"FP&A Feb variance was $3,611,752 vs plan",03/11/2026 09:17:54 AM
r39-0000290,rclark@silverlinefreight.com,Close Checklist Bot,Summarize the May variance for entity US-08,completed,35.1,"FP&A May variance was $4,070,326 vs plan",03/11/2026 01:13:09 PM
r39-0000291,nrodriguez@silverlinefreight.com,Budget vs Actual,Explain the headcount variance vs plan,completed,51.4,"Ops Jun variance was $1,830,180 vs plan",03/11/2026 10:52:22 AM
r39-0000292,nrodriguez@silverlinefreight.com,Close Checklist Bot,What drove the change in gross margin this quarter?,completed,1.1,Traceback (most recent call last): KeyError 'entity',03/11/2026 11:17:23 AM
r39-0000293,fwilson@silverlinefreight.com,Flux Commentary,Draft flux commentary for the Jun close,completed,73.6,"Treasury Jun variance was $1,579,174 vs plan",03/11/2026 02:52:39 PM
r39-0000294,rclark@silverlinefreight.com,AP Aging Analyst,Forecast Jan operating cash flow,completed,28.9,"Treasury Jan variance was $2,827,784 vs plan",03/11/2026 10:14:01 AM
r39-0000295,fwilson@silverlinefreight.com,AP Aging Analyst,Summarize the Jun variance for entity CA-03,completed,41.0,"Accounting Jun variance was $1,002,404 vs plan",03/11/2026 08:14:38 AM
r39-0000296,rclark@silverlinefreight.com,Variance Explainer,Which cost centers are over budget YTD?,completed,32.8,"Accounting Apr variance was $2,536,641 vs plan",03/11/2026 12:09:08 PM
r39-0000297,rjones@silverlinefreight.com,Covenant Checker,Which cost centers are over budget YTD?,completed,30.3,"Accounting Jan variance was $3,985,571 vs plan",03/11/2026 11:36:29 AM
r39-0000298,nrodriguez@silverlinefreight.com,Headcount Planner,Which cost centers are over budget YTD?,completed,38.9,"Accounting Jan variance was $3,573,943 vs plan",03/11/2026 10:03:54 AM
r39-0000299,nrodriguez@silverlinefreight.com,Cash Forecaster,Check covenant compliance for the revolver,completed,7.7,"Accounting Jun variance was $2,061,994 vs plan",03/11/2026 08:49:41 AM
r39-0000300,nrodriguez@silverlinefreight.com,Covenant Checker,Draft flux commentary for the Apr close,completed,74.0,"Ops Apr variance was $1,915,794 vs plan",03/11/2026 02:26:00 PM
r39-0000301,fwilson@silverlinefreight.com,Cash Forecaster,Why did Treasury spend exceed budget in Jan?,completed,13.1,"Treasury Jan variance was $2,368,764 vs plan",03/11/2026 03:15:55 PM
r39-0000302,rclark@silverlinefreight.com,Board Deck Builder,What drove the change in gross margin this quarter?,completed,42.2,"Treasury Jan variance was $1,533,326 vs plan",03/12/2026 02:32:04 PM
r39-0000303,fwilson@silverlinefreight.com,Headcount Planner,Draft flux commentary for the Jan close,completed,66.9,"Ops Jan variance was $4,695,532 vs plan",03/12/2026 08:30:54 AM
r39-0000304,rjones@silverlinefreight.com,Covenant Checker,Summarize the Apr variance for entity CA-02,error,0.7,FAILED: null reference in aggregation step,03/12/2026 03:39:45 PM
r39-0000305,rclark@silverlinefreight.com,Vendor Spend Analyzer,Forecast Feb operating cash flow,completed,54.0,"FP&A Feb variance was $4,775,265 vs plan",03/12/2026 10:52:08 AM
r39-0000306,nrodriguez@silverlinefreight.com,Vendor Spend Analyzer,Draft flux commentary for the May close,completed,56.4,"Treasury May variance was $743,483 vs plan",03/12/2026 12:47:28 PM
r39-0000307,nrodriguez@silverlinefreight.com,Variance Explainer,Why did FP&A spend exceed budget in Mar?,completed,10.8,"FP&A Mar variance was $359,472 vs plan",03/12/2026 04:58:42 PM
r39-0000308,rclark@silverlinefreight.com,Variance Explainer,Reconcile AP aging over 90 days for US-01,completed,6.3,"Ops Apr variance was $3,255,854 vs plan",03/12/2026 01:00:43 PM
r39-0000309,rclark@silverlinefreight.com,Headcount Planner,Why did Ops spend exceed budget in Feb?,completed,8.4,"Ops Feb variance was $467,293 vs plan",03/12/2026 06:16:11 PM
r39-0000310,rclark@silverlinefreight.com,Budget vs Actual,Check covenant compliance for the revolver,completed,44.6,"FP&A Jan variance was $1,610,380 vs plan",03/12/2026 04:50:12 PM
r39-0000311,rclark@silverlinefreight.com,Cash Forecaster,Build the board deck cash slide for Jan,completed,8.5,"Accounting Jan variance was $2,239,654 vs plan",03/12/2026 11:57:40 AM
r39-0000312,rjones@silverlinefreight.com,AP Aging Analyst,Reconcile AP aging over 90 days for CA-07,completed,11.7,"Treasury Mar variance was $4,409,404 vs plan",03/12/2026 02:53:56 PM
r39-0000313,rclark@silverlinefreight.com,Cash Forecaster,Summarize the Mar variance for entity US-04,completed,71.4,"Ops Mar variance was $3,683,276 vs plan",03/12/2026 05:37:41 PM
r39-0000314,rclark@silverlinefreight.com,Vendor Spend Analyzer,Which cost centers are over budget YTD?,completed,6.3,"Ops Mar variance was $2,998,596 vs plan",03/12/2026 11:08:03 AM
r39-0000315,rclark@silverlinefreight.com,Close Checklist Bot,Which cost centers are over budget YTD?,completed,63.8,"Treasury Apr variance was $483,824 vs plan",03/12/2026 10:48:16 AM
r39-0000316,nrodriguez@silverlinefreight.com,Headcount Planner,Which cost centers are over budget YTD?,completed,23.7,"Ops Mar variance was $1,515,450 vs plan",03/12/2026 02:36:18 PM
r39-0000317,rclark@silverlinefreight.com,Cash Forecaster,Forecast Mar operating cash flow,completed,26.7,"Treasury Mar variance was $2,024,534 vs plan",03/12/2026 11:29:02 AM
r39-0000318,nrodriguez@silverlinefreight.com,Budget vs Actual,Check covenant compliance for the revolver,completed,30.2,"Accounting Apr variance was $4,536,381 vs plan",03/12/2026 03:41:56 PM
r39-0000319,nrodriguez@silverlinefreight.com,Flux Commentary,Which cost centers are over budget YTD?,completed,40.0,"Treasury Feb variance was $122,960 vs plan",03/12/2026 06:46:51 PM
r39-0000320,nrodriguez@silverlinefreight.com,Variance Explainer,Reconcile AP aging over 90 days for EU-05,completed,32.2,"Ops Jun variance was $2,946,297 vs plan",03/12/2026 01:44:01 PM
r39-0000321,nrodriguez@silverlinefreight.com,Board Deck Builder,Forecast Mar operating cash flow,completed,14.5,"Ops Mar variance was $1,445,385 vs plan",03/12/2026 03:37:21 PM
r39-0000322,rclark@silverlinefreight.com,Revenue Recognizer,What drove the change in gross margin this quarter?,completed,0.5,error: connection reset by peer,03/12/2026 02:49:37 PM
r39-0000323,fwilson@silverlinefreight.com,Variance Explainer,Explain the headcount variance vs plan,completed,42.7,"Ops Apr variance was $3,511,591 vs plan",03/12/2026 01:11:34 PM
r39-0000324,nrodriguez@silverlinefreight.com,Covenant Checker,Explain the headcount variance vs plan,completed,33.4,"Ops Feb variance was $630,741 vs plan",03/12/2026 07:14:40 AM
r39-0000325,nrodriguez@silverlinefreight.com,Vendor Spend Analyzer,Build the board deck cash slide for Jun,completed,0.5,Traceback (most recent call last): KeyError 'entity',03/12/2026 10:45:51 AM
r39-0000326,nrodriguez@silverlinefreight.com,Flux Commentary,What drove the change in gross margin this quarter?,completed,51.0,"FP&A Feb variance was $396,273 vs plan",03/12/2026 04:31:53 PM
r39-0000327,nrodriguez@silverlinefreight.com,Revenue Recognizer,Summarize the Apr variance for entity CA-06,completed,53.8,"Accounting Apr variance was $4,058,980 vs plan",03/12/2026 07:07:38 AM
r39-0000328,fwilson@silverlinefreight.com,Covenant Checker,Forecast Feb operating cash flow,completed,63.7,"Treasury Feb variance was $2,952,655 vs plan",03/12/2026 09:24:21 AM
r39-0000329,rclark@silverlinefreight.com,Revenue Recognizer,What drove the change in gross margin this quarter?,completed,14.4,"Accounting May variance was $1,532,188 vs plan",03/12/2026 01:13:42 PM
r39-0000330,fwilson@silverlinefreight.com,Close Checklist Bot,Forecast Jun operating cash flow,completed,42.7,"Ops Jun variance was $204,181 vs plan",03/12/2026 01:56:56 PM
r39-0000331,rclark@silverlinefreight.com,Vendor Spend Analyzer,Which cost centers are over budget YTD?,error,3.5,Traceback (most recent call last): KeyError 'entity',03/12/2026 01:50:57 PM
r39-0000332,rclark@silverlinefreight.com,Board Deck Builder,Check covenant compliance for the revolver,completed,54.0,"Ops Jun variance was $417,906 vs plan",03/13/2026 12:17:26 PM
r39-0000333,rclark@silverlinefreight.com,Vendor Spend Analyzer,Summarize the Mar variance for entity MX-02,completed,61.9,"Treasury Mar variance was $2,949,490 vs plan",03/13/2026 10:11:32 AM
r39-0000334,fwilson@silverlinefreight.com,Vendor Spend Analyzer,Draft flux commentary for the Jun close,completed,46.4,"Treasury Jun variance was $942,380 vs plan",03/13/2026 02:13:25 PM
r39-0000335,nrodriguez@silverlinefreight.com,Cash Forecaster,Summarize the Jun variance for entity MX-06,completed,73.2,"Accounting Jun variance was $3,795,721 vs plan",03/13/2026 04:24:27 PM
r39-0000336,fwilson@silverlinefreight.com,Budget vs Actual,Draft flux commentary for the Mar close,completed,40.4,"Accounting Mar variance was $3,718,659 vs plan",03/13/2026 11:03:29 AM
r39-0000337,nrodriguez@silverlinefreight.com,AP Aging Analyst,Build the board deck cash slide for Jan,completed,50.4,"Accounting Jan variance was $886,774 vs plan",03/13/2026 02:02:43 PM
r39-0000338,rclark@silverlinefreight.com,Variance Explainer,Check covenant compliance for the revolver,completed,36.2,"Treasury Feb variance was $2,339,167 vs plan",03/13/2026 08:58:07 PM
r39-0000339,fwilson@silverlinefreight.com,Variance Explainer,Forecast Mar operating cash flow,completed,23.1,"Accounting Mar variance was $1,688,199 vs plan",03/13/2026 03:16:52 PM
r39-0000340,rclark@silverlinefreight.com,Covenant Checker,Why did Accounting spend exceed budget in Apr?,completed,27.6,"Accounting Apr variance was $2,989,756 vs plan",03/13/2026 01:31:33 PM
r39-0000341,nrodriguez@silverlinefreight.com,Variance Explainer,Which cost centers are over budget YTD?,completed,17.0,"FP&A Apr variance was $2,206,245 vs plan",03/13/2026 10:55:17 AM
r39-0000342,nrodriguez@silverlinefreight.com,Flux Commentary,Explain the headcount variance vs plan,completed,73.1,"FP&A Feb variance was $3,568,331 vs plan",03/13/2026 09:47:27 AM
r39-0000343,rclark@silverlinefreight.com,Vendor Spend Analyzer,What drove the change in gross margin this quarter?,completed,10.6,"Treasury Mar variance was $4,433,922 vs plan",03/13/2026 01:58:12 PM
r39-0000344,nrodriguez@silverlinefreight.com,Journal Entry Reviewer,Forecast Apr operating cash flow,completed,21.6,"FP&A Apr variance was $2,989,606 vs plan",03/13/2026 12:29:05 PM
r39-0000345,rclark@silverlinefreight.com,Variance Explainer,Build the board deck cash slide for Feb,error,3.7,error: connection reset by peer,03/13/2026 01:20:59 PM
r39-0000346,nrodriguez@silverlinefreight.com,Vendor Spend Analyzer,Build the board deck cash slide for Feb,completed,1.5,ERROR: upstream request timed out,03/13/2026 02:08:31 PM
r39-0000347,rjones@silverlinefreight.com,Variance Explainer,Build the board deck cash slide for Jun,completed,33.8,"Accounting Jun variance was $2,952,201 vs plan",03/13/2026 12:18:04 PM
r39-0000348,fwilson@silverlinefreight.com,Flux Commentary,Why did FP&A spend exceed budget in Jun?,completed,21.5,"FP&A Jun variance was $3,403,437 vs plan",03/13/2026 12:35:43 PM
r39-0000349,rclark@silverlinefreight.com,Budget vs Actual,Draft flux commentary for the Apr close,completed,70.9,"Accounting Apr variance was $1,010,053 vs plan",03/13/2026 02:37:18 PM
r39-0000350,rclark@silverlinefreight.com,Revenue Recognizer,Summarize the Feb variance for entity US-09,completed,4.4,"FP&A Feb variance was $1,269,566 vs plan",03/13/2026 08:22:08 AM
r39-0000351,nrodriguez@silverlinefreight.com,AP Aging Analyst,Which cost centers are over budget YTD?,completed,67.0,"FP&A May variance was $1,460,587 vs plan",03/13/2026 10:42:26 AM
r39-0000352,nrodriguez@silverlinefreight.com,Budget vs Actual,Which cost centers are over budget YTD?,completed,13.5,"FP&A Mar variance was $479,893 vs plan",03/13/2026 04:49:31 PM
r39-0000353,fwilson@silverlinefreight.com,Cash Forecaster,Draft flux commentary for the Mar close,completed,14.4,"FP&A Mar variance was $2,703,209 vs plan",03/13/2026 09:29:54 AM
r39-0000354,rclark@silverlinefreight.com,Headcount Planner,Why did Treasury spend exceed budget in May?,completed,65.9,"Treasury May variance was $90,510 vs plan",03/13/2026 02:11:19 PM
r39-0000355,fwilson@silverlinefreight.com,Flux Commentary,Explain the headcount variance vs plan,completed,68.5,"Ops Apr variance was $4,154,575 vs plan",03/13/2026 12:50:21 PM
r39-0000356,nrodriguez@silverlinefreight.com,Covenant Checker,Forecast Mar operating cash flow,completed,65.0,"Accounting Mar variance was $3,971,380 vs plan",03/13/2026 11:36:05 AM
r39-0000357,fwilson@silverlinefreight.com,Vendor Spend Analyzer,What drove the change in gross margin this quarter?,completed,54.8,"Accounting Jan variance was $3,803,254 vs plan",03/13/2026 09:53:11 AM
r39-0000358,fwilson@silverlinefreight.com,Journal Entry Reviewer,Build the board deck cash slide for Jan,completed,42.9,"Ops Jan variance was $2,881,059 vs plan",03/13/2026 10:00:05 AM
r39-0000359,nrodriguez@silverlinefreight.com,Covenant Checker,Forecast Feb operating cash flow,completed,44.4,"Ops Feb variance was $1,821,810 vs plan",03/13/2026 02:38:47 PM
r39-0000360,rjones@silverlinefreight.com,Vendor Spend Analyzer,Forecast Jan operating cash flow,completed,7.8,"Ops Jan variance was $2,790,868 vs plan",03/13/2026 10:05:32 AM
r39-0000361,rclark@silverlinefreight.com,AP Aging Analyst,Reconcile AP aging over 90 days for MX-07,completed,29.3,"Accounting Feb variance was $3,699,364 vs plan",03/13/2026 10:29:50 AM
r39-0000362,rclark@silverlinefreight.com,Variance Explainer,Check covenant compliance for the revolver,error,7.2,error: connection reset by peer,03/13/2026 10:05:23 AM
r39-0000363,rclark@silverlinefreight.com,Close Checklist Bot,What drove the change in gross margin this quarter?,completed,16.6,"FP&A Jun variance was $307,920 vs plan",03/13/2026 06:31:59 AM
r39-0000364,nrodriguez@silverlinefreight.com,AP Aging Analyst,Draft flux commentary for the Mar close,completed,20.3,"FP&A Mar variance was $851,252 vs plan",03/13/2026 10:24:59 AM
r39-0000365,nrodriguez@silverlinefreight.com,AP Aging Analyst,What drove the change in gross margin this quarter?,completed,13.0,"Accounting Feb variance was $3,172,859 vs plan",03/13/2026 11:35:45 AM
r39-0000366,nrodriguez@silverlinefreight.com,Cash Forecaster,Check covenant compliance for the revolver,completed,74.4,"Treasury Jun variance was $2,436,241 vs plan",03/13/2026 11:54:09 AM
r39-0000367,rclark@silverlinefreight.com,Close Checklist Bot,Why did FP&A spend exceed budget in May?,completed,66.4,"FP&A May variance was $2,589,046 vs plan",03/13/2026 12:20:59 PM
r39-0000368,rclark@silverlinefreight.com,AP Aging Analyst,Why did Treasury spend exceed budget in Apr?,completed,13.3,"Treasury Apr variance was $3,321,314 vs plan",03/13/2026 10:38:45 AM
r39-0000369,nrodriguez@silverlinefreight.com,Flux Commentary,Forecast Feb operating cash flow,error,1.7,Traceback (most recent call last): KeyError 'entity',03/13/2026 01:45:49 PM
r39-0000370,nrodriguez@silverlinefreight.com,Covenant Checker,Summarize the Apr variance for entity US-02,completed,10.5,"Ops Apr variance was $691,402 vs plan",03/14/2026 10:37:52 AM
r39-0000371,nrodriguez@silverlinefreight.com,Flux Commentary,What drove the change in gross margin this quarter?,completed,75.0,"Treasury Jun variance was $1,025,067 vs plan",03/14/2026 02:26:53 PM
r39-0000372,nrodriguez@silverlinefreight.com,Flux Commentary,Draft flux commentary for the Apr close,completed,28.0,"FP&A Apr variance was $3,926,179 vs plan",03/14/2026 02:13:36 PM
r39-0000373,rclark@silverlinefreight.com,Revenue Recognizer,Forecast May operating cash flow,completed,38.3,"Treasury May variance was $4,078,944 vs plan",03/14/2026 10:52:26 AM
r39-0000374,nrodriguez@silverlinefreight.com,Journal Entry Reviewer,Summarize the Apr variance for entity US-07,completed,63.1,"Ops Apr variance was $745,106 vs plan",03/14/2026 11:42:53 AM
r39-0000375,fwilson@silverlinefreight.com,Close Checklist Bot,What drove the change in gross margin this quarter?,completed,73.9,"Accounting Mar variance was $1,615,577 vs plan",03/14/2026 01:22:12 PM
r39-0000376,nrodriguez@silverlinefreight.com,Journal Entry Reviewer,Check covenant compliance for the revolver,completed,8.7,"Treasury Feb variance was $3,983,422 vs plan",03/14/2026 03:17:30 PM
r39-0000377,rclark@silverlinefreight.com,Headcount Planner,Reconcile AP aging over 90 days for CA-07,completed,43.8,"Ops Jun variance was $1,854,955 vs plan",03/14/2026 02:01:48 PM
r39-0000378,rclark@silverlinefreight.com,Variance Explainer,Which cost centers are over budget YTD?,error,3.7,ERROR: upstream request timed out,03/14/2026 01:07:08 PM
r39-0000379,rclark@silverlinefreight.com,Variance Explainer,Summarize the Mar variance for entity MX-05,completed,62.1,"Accounting Mar variance was $2,252,382 vs plan",03/14/2026 06:54:51 AM
r39-0000380,rjones@silverlinefreight.com,Journal Entry Reviewer,Check covenant compliance for the revolver,completed,24.0,"Ops Jan variance was $2,193,595 vs plan",03/14/2026 11:17:28 AM
r39-0000381,nrodriguez@silverlinefreight.com,Headcount Planner,Forecast Jun operating cash flow,completed,1.3,error code 502 from model gateway,03/14/2026 01:07:03 PM
r39-0000382,rjones@silverlinefreight.com,Revenue Recognizer,Explain the headcount variance vs plan,completed,9.0,"Treasury Jun variance was $839,339 vs plan",03/14/2026 12:49:45 PM
r39-0000383,rclark@silverlinefreight.com,Vendor Spend Analyzer,Draft flux commentary for the Jan close,completed,36.0,"Treasury Jan variance was $1,410,250 vs plan",03/14/2026 02:42:52 PM
r39-0000384,rclark@silverlinefreight.com,AP Aging Analyst,What drove the change in gross margin this quarter?,completed,42.3,"Ops May variance was $3,636,374 vs plan",03/15/2026 12:46:59 PM
r39-0000385,nrodriguez@silverlinefreight.com,Flux Commentary,Check covenant compliance for the revolver,completed,74.1,"Treasury Feb variance was $651,773 vs plan",03/15/2026 07:12:01 AM
r39-0000386,rclark@silverlinefreight.com,Budget vs Actual,Draft flux commentary for the Mar close,completed,16.2,"Accounting Mar variance was $3,156,121 vs plan",03/15/2026 03:38:59 PM
r39-0000387,fwilson@silverlinefreight.com,Headcount Planner,Reconcile AP aging over 90 days for EU-08,completed,28.2,"FP&A Mar variance was $4,307,657 vs plan",03/15/2026 01:06:09 PM
r39-0000388,rclark@silverlinefreight.com,Close Checklist Bot,Build the board deck cash slide for Jan,completed,11.5,"FP&A Jan variance was $1,523,298 vs plan",03/15/2026 10:57:56 AM
r39-0000389,nrodriguez@silverlinefreight.com,Flux Commentary,Why did Accounting spend exceed budget in Jun?,completed,60.8,"Accounting Jun variance was $4,618,692 vs plan",03/15/2026 09:14:53 AM
r39-0000390,nrodriguez@silverlinefreight.com,Revenue Recognizer,Which cost centers are over budget YTD?,completed,46.7,"FP&A Mar variance was $1,634,186 vs plan",03/15/2026 04:06:19 PM
r39-0000391,rclark@silverlinefreight.com,Variance Explainer,Explain the headcount variance vs plan,completed,20.4,"Accounting Jun variance was $1,144,462 vs plan",03/15/2026 02:10:59 PM
r39-0000392,rclark@silverlinefreight.com,Revenue Recognizer,Reconcile AP aging over 90 days for EU-08,completed,72.4,"Ops Jun variance was $856,514 vs plan",03/15/2026 09:19:14 AM
r39-0000393,nrodriguez@silverlinefreight.com,Board Deck Builder,Check covenant compliance for the revolver,completed,52.5,"Accounting Apr variance was $2,126,415 vs plan",03/15/2026 12:03:11 PM
r39-0000394,rclark@silverlinefreight.com,Journal Entry Reviewer,Summarize the Jan variance for entity US-08,completed,0.7,FAILED: null reference in aggregation step,03/15/2026 09:08:16 AM
r39-0000395,nrodriguez@silverlinefreight.com,Close Checklist Bot,Why did Accounting spend exceed budget in May?,completed,44.0,"Accounting May variance was $764,131 vs plan",03/15/2026 04:20:30 PM
r39-0000396,rjones@silverlinefreight.com,Vendor Spend Analyzer,What drove the change in gross margin this quarter?,completed,60.2,"Treasury Mar variance was $3,262,245 vs plan",03/15/2026 12:04:29 PM
r39-0000397,fwilson@silverlinefreight.com,Budget vs Actual,Which cost centers are over budget YTD?,completed,11.5,"Ops Feb variance was $2,173,403 vs plan",03/15/2026 08:20:42 AM
r39-0000398,nrodriguez@silverlinefreight.com,AP Aging Analyst,Build the board deck cash slide for Jun,completed,71.4,"Treasury Jun variance was $2,578,216 vs plan",03/15/2026 02:54:09 PM
r39-0000399,rclark@silverlinefreight.com,Variance Explainer,Why did Ops spend exceed budget in Feb?,completed,0.3,error: connection reset by peer,03/16/2026 09:44:57 AM
r39-0000400,nrodriguez@silverlinefreight.com,Covenant Checker,Draft flux commentary for the Mar close,completed,25.6,"FP&A Mar variance was $4,668,660 vs plan",03/16/2026 11:29:19 AM
r39-0000401,rclark@silverlinefreight.com,Flux Commentary,What drove the change in gross margin this quarter?,completed,63.5,"FP&A May variance was $298,720 vs plan",03/16/2026 11:27:30 AM
r39-0000402,rjones@silverlinefreight.com,Cash Forecaster,What drove the change in gross margin this quarter?,completed,16.7,"Accounting Mar variance was $4,203,927 vs plan",03/16/2026 11:06:38 AM
r39-0000403,rclark@silverlinefreight.com,Flux Commentary,Build the board deck cash slide for May,completed,65.7,"Treasury May variance was $461,984 vs plan",03/16/2026 05:45:45 PM
r39-0000404,nrodriguez@silverlinefreight.com,Revenue Recognizer,Forecast Jun operating cash flow,completed,55.8,"FP&A Jun variance was $3,410,869 vs plan",03/16/2026 08:09:13 AM
r39-0000405,nrodriguez@silverlinefreight.com,Budget vs Actual,Build the board deck cash slide for Jan,completed,11.0,"Treasury Jan variance was $4,730,926 vs plan",03/16/2026 10:43:03 AM
r39-0000406,rclark@silverlinefreight.com,Vendor Spend Analyzer,Summarize the Apr variance for entity EU-03,completed,44.1,"Accounting Apr variance was $3,623,170 vs plan",03/16/2026 12:27:35 PM
r39-0000407,rclark@silverlinefreight.com,Board Deck Builder,Summarize the Jun variance for entity US-02,completed,14.8,"Ops Jun variance was $1,011,503 vs plan",03/16/2026 12:04:59 PM
r39-0000408,fwilson@silverlinefreight.com,Flux Commentary,Explain the headcount variance vs plan,completed,44.2,"Treasury Jan variance was $2,746,932 vs plan",03/16/2026 12:09:08 PM
r39-0000409,rclark@silverlinefreight.com,Close Checklist Bot,Draft flux commentary for the May close,completed,31.0,"Treasury May variance was $651,071 vs plan",03/16/2026 10:17:42 AM
r39-0000410,nrodriguez@silverlinefreight.com,Budget vs Actual,Draft flux commentary for the Apr close,completed,52.8,"Ops Apr variance was $4,688,220 vs plan",03/16/2026 06:16:06 PM
r39-0000411,nrodriguez@silverlinefreight.com,Close Checklist Bot,Draft flux commentary for the May close,completed,25.0,"Accounting May variance was $1,657,010 vs plan",03/16/2026 03:30:26 PM
r39-0000412,nrodriguez@silverlinefreight.com,AP Aging Analyst,Summarize the Feb variance for entity MX-04,completed,33.6,"Ops Feb variance was $3,384,557 vs plan",03/16/2026 03:38:51 PM
r39-0000413,nrodriguez@silverlinefreight.com,Cash Forecaster,Forecast May operating cash flow,completed,25.0,"Treasury May variance was $4,146,801 vs plan",03/16/2026 02:51:37 PM
r39-0000414,rclark@silverlinefreight.com,Vendor Spend Analyzer,Check covenant compliance for the revolver,completed,47.9,"Accounting Apr variance was $960,452 vs plan",03/16/2026 03:48:11 PM
r39-0000415,nrodriguez@silverlinefreight.com,Revenue Recognizer,Check covenant compliance for the revolver,completed,70.4,"FP&A Jun variance was $2,228,910 vs plan",03/16/2026 11:23:53 AM
r39-0000416,rclark@silverlinefreight.com,AP Aging Analyst,Draft flux commentary for the Feb close,completed,64.6,"Accounting Feb variance was $4,073,904 vs plan",03/16/2026 05:29:59 PM
r39-0000417,nrodriguez@silverlinefreight.com,Close Checklist Bot,Forecast May operating cash flow,completed,70.0,"Treasury May variance was $785,686 vs plan",03/16/2026 06:05:27 PM
r39-0000418,fwilson@silverlinefreight.com,AP Aging Analyst,Forecast Apr operating cash flow,completed,30.6,"Accounting Apr variance was $1,557,263 vs plan",03/16/2026 04:17:36 PM
r39-0000419,rclark@silverlinefreight.com,AP Aging Analyst,Explain the headcount variance vs plan,completed,3.4,"Treasury Jan variance was $3,279,470 vs plan",03/16/2026 12:43:49 PM
r39-0000420,rclark@silverlinefreight.com,Cash Forecaster,Build the board deck cash slide for Jan,completed,0.7,ERROR: upstream request timed out,03/16/2026 03:58:50 PM
r39-0000421,rclark@silverlinefreight.com,Flux Commentary,What drove the change in gross margin this quarter?,completed,1.3,Traceback (most recent call last): KeyError 'entity',03/16/2026 12:51:28 PM
r39-0000422,nrodriguez@silverlinefreight.com,Vendor Spend Analyzer,Build the board deck cash slide for Mar,completed,1.3,ERROR: upstream request timed out,03/16/2026 01:11:58 PM
r39-0000423,nrodriguez@silverlinefreight.com,Journal Entry Reviewer,Forecast Feb operating cash flow,completed,17.0,"Treasury Feb variance was $4,259,007 vs plan",03/16/2026 04:36:47 PM
r39-0000424,nrodriguez@silverlinefreight.com,Close Checklist Bot,Build the board deck cash slide for Feb,completed,28.3,"Ops Feb variance was $3,800,886 vs plan",03/16/2026 09:40:15 AM
r39-0000425,rclark@silverlinefreight.com,AP Aging Analyst,Explain the headcount variance vs plan,completed,0.8,Traceback (most recent call last): KeyError 'entity',03/16/2026 01:55:11 PM
r39-0000426,nrodriguez@silverlinefreight.com,Cash Forecaster,Check covenant compliance for the revolver,completed,60.4,"FP&A Feb variance was $2,596,351 vs plan",03/16/2026 06:33:27 AM
r39-0000427,nrodriguez@silverlinefreight.com,Covenant Checker,Build the board deck cash slide for Mar,completed,41.2,"Accounting Mar variance was $4,438,019 vs plan",03/16/2026 02:14:01 PM
r39-0000428,nrodriguez@silverlinefreight.com,Cash Forecaster,Build the board deck cash slide for Apr,completed,24.9,"Accounting Apr variance was $4,311,720 vs plan",03/16/2026 01:44:34 PM
r39-0000429,nrodriguez@silverlinefreight.com,Close Checklist Bot,Build the board deck cash slide for Feb,completed,35.1,"Treasury Feb variance was $1,842,481 vs plan",03/16/2026 01:27:32 PM
r39-0000430,nrodriguez@silverlinefreight.com,Cash Forecaster,Explain the headcount variance vs plan,completed,28.0,"Treasury Feb variance was $3,880,030 vs plan",03/16/2026 04:15:37 PM
r39-0000431,rclark@silverlinefreight.com,Budget vs Actual,Why did FP&A spend exceed budget in May?,completed,32.3,"FP&A May variance was $661,576 vs plan",03/16/2026 07:07:20 AM
r39-0000432,nrodriguez@silverlinefreight.com,Covenant Checker,Why did Treasury spend exceed budget in Jan?,completed,60.2,"Treasury Jan variance was $914,982 vs plan",03/16/2026 02:53:22 PM
r39-0000433,nrodriguez@silverlinefreight.com,Vendor Spend Analyzer,Summarize the Jan variance for entity MX-04,completed,15.2,"Treasury Jan variance was $3,529,126 vs plan",03/16/2026 10:26:32 AM
r39-0000434,nrodriguez@silverlinefreight.com,Cash Forecaster,Why did Accounting spend exceed budget in Jan?,completed,10.7,"Accounting Jan variance was $686,953 vs plan",03/16/2026 10:05:33 AM
r39-0000435,fwilson@silverlinefreight.com,Journal Entry Reviewer,Which cost centers are over budget YTD?,completed,1.3,FAILED: null reference in aggregation step,03/16/2026 06:34:57 AM
r39-0000436,nrodriguez@silverlinefreight.com,AP Aging Analyst,What drove the change in gross margin this quarter?,completed,7.8,"FP&A Apr variance was $1,011,334 vs plan",03/16/2026 11:37:13 AM
r39-0000437,rclark@silverlinefreight.com,Budget vs Actual,Draft flux commentary for the Apr close,completed,7.6,"Treasury Apr variance was $2,403,931 vs plan",03/16/2026 11:10:30 AM
r39-0000438,rclark@silverlinefreight.com,Covenant Checker,Check covenant compliance for the revolver,completed,39.6,"Accounting May variance was $3,216,276 vs plan",03/16/2026 09:05:17 AM
r39-0000439,rclark@silverlinefreight.com,Flux Commentary,Which cost centers are over budget YTD?,completed,32.9,"Treasury Jan variance was $3,315,161 vs plan",03/16/2026 09:47:19 AM
r39-0000440,rclark@silverlinefreight.com,Board Deck Builder,Explain the headcount variance vs plan,error,7.0,error: connection reset by peer,03/16/2026 01:48:16 PM
r39-0000441,rclark@silverlinefreight.com,Cash Forecaster,Reconcile AP aging over 90 days for MX-03,completed,11.8,"Ops Feb variance was $605,294 vs plan",03/17/2026 01:59:01 PM
r39-0000442,nrodriguez@silverlinefreight.com,Board Deck Builder,Which cost centers are over budget YTD?,completed,53.2,"Ops Mar variance was $3,519,547 vs plan",03/17/2026 12:21:46 PM
r39-0000443,rclark@silverlinefreight.com,Covenant Checker,Which cost centers are over budget YTD?,completed,48.2,"Ops Jun variance was $239,367 vs plan",03/17/2026 08:01:33 AM
r39-0000444,fwilson@silverlinefreight.com,Flux Commentary,Summarize the Jun variance for entity US-02,completed,59.5,"Accounting Jun variance was $1,652,292 vs plan",03/17/2026 03:08:30 PM
r39-0000445,nrodriguez@silverlinefreight.com,Journal Entry Reviewer,Explain the headcount variance vs plan,error,5.9,ERROR: upstream request timed out,03/17/2026 07:44:43 AM
r39-0000446,nrodriguez@silverlinefreight.com,Board Deck Builder,Build the board deck cash slide for Feb,completed,49.5,"FP&A Feb variance was $2,338,922 vs plan",03/17/2026 02:32:43 PM
r39-0000447,rjones@silverlinefreight.com,AP Aging Analyst,Summarize the Feb variance for entity CA-06,completed,42.3,"Treasury Feb variance was $3,309,359 vs plan",03/17/2026 09:09:38 AM
r39-0000448,fwilson@silverlinefreight.com,Flux Commentary,Why did Treasury spend exceed budget in Jan?,completed,8.8,"Treasury Jan variance was $3,708,154 vs plan",03/17/2026 10:02:11 AM
r39-0000449,fwilson@silverlinefreight.com,Covenant Checker,What drove the change in gross margin this quarter?,completed,65.8,"Treasury Jun variance was $1,295,099 vs plan",03/17/2026 05:23:35 PM
r39-0000450,nrodriguez@silverlinefreight.com,Close Checklist Bot,Which cost centers are over budget YTD?,completed,70.2,"Ops May variance was $2,749,137 vs plan",03/17/2026 12:29:23 PM
r39-0000451,nrodriguez@silverlinefreight.com,Covenant Checker,Reconcile AP aging over 90 days for MX-09,completed,59.0,"Treasury Jan variance was $3,627,654 vs plan",03/17/2026 02:55:33 PM
r39-0000452,fwilson@silverlinefreight.com,Budget vs Actual,What drove the change in gross margin this quarter?,completed,3.3,"Accounting Apr variance was $4,062,977 vs plan",03/17/2026 12:53:03 PM
r39-0000453,rclark@silverlinefreight.com,AP Aging Analyst,Draft flux commentary for the Jun close,completed,18.6,"Treasury Jun variance was $1,652,877 vs plan",03/17/2026 11:54:44 AM
r39-0000454,nrodriguez@silverlinefreight.com,AP Aging Analyst,Reconcile AP aging over 90 days for US-05,completed,7.4,"Treasury May variance was $3,912,784 vs plan",03/17/2026 10:17:15 AM
r39-0000455,rclark@silverlinefreight.com,Budget vs Actual,Build the board deck cash slide for Jun,completed,30.0,"Treasury Jun variance was $4,566,195 vs plan",03/17/2026 10:15:36 AM
r39-0000456,rclark@silverlinefreight.com,Flux Commentary,Explain the headcount variance vs plan,error,3.6,ERROR: upstream request timed out,03/17/2026 12:49:46 PM
r39-0000457,nrodriguez@silverlinefreight.com,Headcount Planner,What drove the change in gross margin this quarter?,completed,60.2,"Ops Mar variance was $4,786,612 vs plan",03/17/2026 11:19:11 AM
r39-0000458,rjones@silverlinefreight.com,Journal Entry Reviewer,Check covenant compliance for the revolver,completed,1.0,ERROR: upstream request timed out,03/17/2026 04:43:20 PM
r39-0000459,nrodriguez@silverlinefreight.com,Journal Entry Reviewer,Forecast Jun operating cash flow,completed,67.5,"Ops Jun variance was $1,004,331 vs plan",03/17/2026 02:59:22 PM
r39-0000460,nrodriguez@silverlinefreight.com,AP Aging Analyst,Check covenant compliance for the revolver,completed,73.1,"Treasury Jan variance was $4,227,900 vs plan",03/17/2026 02:33:24 PM
r39-0000461,fwilson@silverlinefreight.com,Budget vs Actual,Which cost centers are over budget YTD?,completed,54.1,"Treasury Apr variance was $1,424,615 vs plan",03/17/2026 10:37:53 AM
r39-0000462,nrodriguez@silverlinefreight.com,AP Aging Analyst,Build the board deck cash slide for Jun,completed,12.8,"Treasury Jun variance was $2,190,274 vs plan",03/17/2026 12:22:26 PM
r39-0000463,fwilson@silverlinefreight.com,Revenue Recognizer,Summarize the Jan variance for entity EU-08,completed,8.7,"Ops Jan variance was $4,519,551 vs plan",03/17/2026 01:05:31 PM
r39-0000464,rclark@silverlinefreight.com,Journal Entry Reviewer,Draft flux commentary for the Jan close,completed,62.3,"Accounting Jan variance was $214,653 vs plan",03/17/2026 12:14:04 PM
r39-0000465,nrodriguez@silverlinefreight.com,Board Deck Builder,Draft flux commentary for the Mar close,completed,27.8,"Treasury Mar variance was $4,548,437 vs plan",03/17/2026 10:12:50 AM
r39-0000466,fwilson@silverlinefreight.com,Revenue Recognizer,Explain the headcount variance vs plan,completed,0.5,error: connection reset by peer,03/17/2026 10:40:45 AM
r39-0000467,rclark@silverlinefreight.com,Close Checklist Bot,Check covenant compliance for the revolver,completed,58.6,"FP&A Jun variance was $1,845,223 vs plan",03/17/2026 01:54:50 PM
r39-0000468,nrodriguez@silverlinefreight.com,Flux Commentary,Reconcile AP aging over 90 days for MX-01,completed,14.6,"FP&A Feb variance was $717,495 vs plan",03/17/2026 10:51:33 AM
r39-0000469,rclark@silverlinefreight.com,Flux Commentary,Why did Treasury spend exceed budget in Apr?,completed,8.3,"Treasury Apr variance was $240,652 vs plan",03/17/2026 12:37:54 PM
r39-0000470,nrodriguez@silverlinefreight.com,Flux Commentary,Forecast May operating cash flow,completed,4.9,"Ops May variance was $3,759,409 vs plan",03/17/2026 11:59:18 AM
r39-0000471,nrodriguez@silverlinefreight.com,Cash Forecaster,Which cost centers are over budget YTD?,completed,9.1,"Accounting Feb variance was $4,683,863 vs plan",03/17/2026 04:34:05 PM
r39-0000472,rclark@silverlinefreight.com,Board Deck Builder,Forecast Feb operating cash flow,completed,39.3,"FP&A Feb variance was $1,742,173 vs plan",03/17/2026 12:41:41 PM
r39-0000473,nrodriguez@silverlinefreight.com,Vendor Spend Analyzer,Summarize the Jun variance for entity EU-01,completed,39.7,"Ops Jun variance was $1,337,632 vs plan",03/17/2026 11:59:37 AM
r39-0000474,fwilson@silverlinefreight.com,Journal Entry Reviewer,Forecast Mar operating cash flow,completed,4.9,"Treasury Mar variance was $2,471,556 vs plan",03/17/2026 10:41:42 AM
r39-0000475,rclark@silverlinefreight.com,Revenue Recognizer,Which cost centers are over budget YTD?,completed,58.9,"Ops Jun variance was $4,552,039 vs plan",03/17/2026 04:54:08 PM
r39-0000476,rclark@silverlinefreight.com,Covenant Checker,Build the board deck cash slide for Feb,completed,44.5,"FP&A Feb variance was $3,720,010 vs plan",03/17/2026 01:09:43 PM
r39-0000477,fwilson@silverlinefreight.com,Flux Commentary,Forecast Mar operating cash flow,completed,5.3,"Accounting Mar variance was $1,597,000 vs plan",03/17/2026 12:49:58 PM
r39-0000478,fwilson@silverlinefreight.com,Journal Entry Reviewer,Build the board deck cash slide for Jun,completed,65.5,"Ops Jun variance was $2,578,336 vs plan",03/17/2026 01:31:22 PM
r39-0000479,nrodriguez@silverlinefreight.com,Vendor Spend Analyzer,Forecast Feb operating cash flow,completed,45.5,"Accounting Feb variance was $3,533,924 vs plan",03/17/2026 01:36:31 PM
r39-0000480,fwilson@silverlinefreight.com,Cash Forecaster,Which cost centers are over budget YTD?,completed,59.6,"Accounting May variance was $3,344,789 vs plan",03/17/2026 01:32:34 PM
r39-0000481,fwilson@silverlinefreight.com,Cash Forecaster,Which cost centers are over budget YTD?,completed,1.1,error: connection reset by peer,03/17/2026 12:10:23 PM
r39-0000482,nrodriguez@silverlinefreight.com,Covenant Checker,Why did Ops spend exceed budget in Jan?,completed,66.8,"Ops Jan variance was $3,520,460 vs plan",03/17/2026 02:51:20 PM
r39-0000483,nrodriguez@silverlinefreight.com,Vendor Spend Analyzer,Explain the headcount variance vs plan,completed,61.8,"Ops Feb variance was $2,317,268 vs plan",03/17/2026 09:02:51 AM
r39-0000484,nrodriguez@silverlinefreight.com,AP Aging Analyst,What drove the change in gross margin this quarter?,completed,36.5,"Ops May variance was $2,057,847 vs plan",03/17/2026 12:05:55 PM
r39-0000485,rclark@silverlinefreight.com,Close Checklist Bot,Which cost centers are over budget YTD?,completed,61.6,"Accounting Mar variance was $1,423,638 vs plan",03/17/2026 01:52:35 PM
r39-0000486,rclark@silverlinefreight.com,Headcount Planner,Summarize the Feb variance for entity CA-09,completed,35.0,"Treasury Feb variance was $507,317 vs plan",03/17/2026 02:55:53 PM
r39-0000487,rclark@silverlinefreight.com,Vendor Spend Analyzer,Why did Accounting spend exceed budget in Jun?,completed,10.8,"Accounting Jun variance was $2,368,253 vs plan",03/17/2026 04:03:31 PM
r39-0000488,fwilson@silverlinefreight.com,Cash Forecaster,Which cost centers are over budget YTD?,completed,25.3,"Treasury Jan variance was $3,600,128 vs plan",03/17/2026 11:47:32 AM
r39-0000489,rclark@silverlinefreight.com,Headcount Planner,Why did FP&A spend exceed budget in May?,completed,30.5,"FP&A May variance was $2,268,744 vs plan",03/17/2026 01:27:37 PM
r39-0000490,fwilson@silverlinefreight.com,Revenue Recognizer,What drove the change in gross margin this quarter?,error,7.2,FAILED: null reference in aggregation step,03/17/2026 01:33:31 PM
r39-0000491,fwilson@silverlinefreight.com,Revenue Recognizer,Summarize the May variance for entity CA-09,completed,0.5,Traceback (most recent call last): KeyError 'entity',03/17/2026 02:34:47 PM
r39-0000492,nrodriguez@silverlinefreight.com,Headcount Planner,Which cost centers are over budget YTD?,completed,40.5,"Ops Feb variance was $1,364,764 vs plan",03/17/2026 10:18:39 AM
r39-0000493,fwilson@silverlinefreight.com,Revenue Recognizer,Build the board deck cash slide for Mar,completed,37.8,"Ops Mar variance was $1,738,902 vs plan",03/17/2026 10:55:58 AM
r39-0000494,rclark@silverlinefreight.com,Board Deck Builder,Build the board deck cash slide for Feb,completed,63.7,"FP&A Feb variance was $3,715,144 vs plan",03/18/2026 12:52:26 PM
r39-0000495,fwilson@silverlinefreight.com,AP Aging Analyst,Reconcile AP aging over 90 days for MX-06,completed,8.4,"FP&A Jun variance was $3,509,358 vs plan",03/18/2026 02:27:04 PM
r39-0000496,nrodriguez@silverlinefreight.com,Board Deck Builder,Summarize the May variance for entity US-04,completed,66.8,"Accounting May variance was $1,176,401 vs plan",03/18/2026 01:50:09 PM
r39-0000497,rjones@silverlinefreight.com,AP Aging Analyst,What drove the change in gross margin this quarter?,completed,15.1,"Accounting May variance was $3,125,588 vs plan",03/18/2026 10:53:05 AM
r39-0000498,fwilson@silverlinefreight.com,AP Aging Analyst,Reconcile AP aging over 90 days for EU-06,completed,17.8,"FP&A Jun variance was $1,759,138 vs plan",03/18/2026 06:56:18 AM
r39-0000499,nrodriguez@silverlinefreight.com,Covenant Checker,Build the board deck cash slide for Jan,completed,66.9,"Accounting Jan variance was $2,047,807 vs plan",03/18/2026 05:42:41 PM
r39-0000500,nrodriguez@silverlinefreight.com,Budget vs Actual,Build the board deck cash slide for Feb,completed,24.4,"FP&A Feb variance was $1,047,652 vs plan",03/18/2026 10:55:34 AM
r39-0000501,nrodriguez@silverlinefreight.com,Close Checklist Bot,Forecast Mar operating cash flow,completed,54.2,"Treasury Mar variance was $1,663,409 vs plan",03/18/2026 09:22:20 AM
r39-0000502,rclark@silverlinefreight.com,Headcount Planner,Check covenant compliance for the revolver,completed,23.2,"FP&A Apr variance was $416,463 vs plan",03/18/2026 12:22:44 PM
r39-0000503,rclark@silverlinefreight.com,Cash Forecaster,Build the board deck cash slide for Apr,completed,52.0,"Treasury Apr variance was $1,571,614 vs plan",03/18/2026 02:20:15 PM
r39-0000504,rclark@silverlinefreight.com,Journal Entry Reviewer,What drove the change in gross margin this quarter?,completed,15.9,"Ops Feb variance was $902,999 vs plan",03/18/2026 02:00:24 PM
r39-0000505,rjones@silverlinefreight.com,Revenue Recognizer,Check covenant compliance for the revolver,completed,43.9,"Treasury Jun variance was $4,587,025 vs plan",03/18/2026 01:16:47 PM
r39-0000506,nrodriguez@silverlinefreight.com,Journal Entry Reviewer,Forecast Feb operating cash flow,completed,20.5,"Treasury Feb variance was $2,013,482 vs plan",03/18/2026 02:33:52 PM
r39-0000507,nrodriguez@silverlinefreight.com,Cash Forecaster,What drove the change in gross margin this quarter?,completed,28.7,"Accounting Apr variance was $2,503,808 vs plan",03/18/2026 05:10:55 PM
r39-0000508,nrodriguez@silverlinefreight.com,Vendor Spend Analyzer,What drove the change in gross margin this quarter?,completed,24.6,"Accounting Feb variance was $1,822,604 vs plan",03/18/2026 02:35:19 PM
r39-0000509,nrodriguez@silverlinefreight.com,Variance Explainer,Draft flux commentary for the Feb close,completed,68.2,"Treasury Feb variance was $1,190,101 vs plan",03/18/2026 10:30:33 AM
r39-0000510,fwilson@silverlinefreight.com,Board Deck Builder,Draft flux commentary for the Feb close,completed,52.0,"Treasury Feb variance was $3,088,186 vs plan",03/18/2026 03:16:48 PM
r39-0000511,nrodriguez@silverlinefreight.com,Revenue Recognizer,Summarize the Mar variance for entity CA-01,completed,1.1,ERROR: upstream request timed out,03/18/2026 09:31:06 AM
r39-0000512,nrodriguez@silverlinefreight.com,Variance Explainer,Why did Accounting spend exceed budget in Apr?,completed,17.8,"Accounting Apr variance was $3,073,150 vs plan",03/18/2026 11:24:25 AM
r39-0000513,fwilson@silverlinefreight.com,Variance Explainer,Which cost centers are over budget YTD?,completed,73.4,"FP&A Feb variance was $3,300,231 vs plan",03/18/2026 04:10:52 PM
r39-0000514,nrodriguez@silverlinefreight.com,Cash Forecaster,Forecast Apr operating cash flow,completed,41.5,"FP&A Apr variance was $2,456,598 vs plan",03/18/2026 11:55:08 AM
r39-0000515,nrodriguez@silverlinefreight.com,Cash Forecaster,Reconcile AP aging over 90 days for MX-04,completed,69.2,"Treasury Jan variance was $2,233,596 vs plan",03/18/2026 07:37:33 PM
r39-0000516,fwilson@silverlinefreight.com,Flux Commentary,Build the board deck cash slide for Jun,completed,9.7,"Treasury Jun variance was $555,029 vs plan",03/18/2026 01:32:26 PM
r39-0000517,fwilson@silverlinefreight.com,Variance Explainer,Check covenant compliance for the revolver,completed,33.3,"Treasury May variance was $4,732,143 vs plan",03/18/2026 02:23:57 PM
r39-0000518,fwilson@silverlinefreight.com,Board Deck Builder,Check covenant compliance for the revolver,completed,9.3,"Treasury Apr variance was $951,583 vs plan",03/18/2026 12:15:46 PM
r39-0000519,rclark@silverlinefreight.com,Budget vs Actual,Draft flux commentary for the Apr close,completed,61.8,"FP&A Apr variance was $2,998,781 vs plan",03/18/2026 08:13:14 AM
r39-0000520,rclark@silverlinefreight.com,Journal Entry Reviewer,Reconcile AP aging over 90 days for MX-04,completed,14.0,"Treasury Mar variance was $1,592,110 vs plan",03/18/2026 08:20:34 AM
r39-0000521,nrodriguez@silverlinefreight.com,Revenue Recognizer,Summarize the Jan variance for entity EU-07,completed,50.7,"FP&A Jan variance was $871,145 vs plan",03/18/2026 03:29:24 PM
r39-0000522,nrodriguez@silverlinefreight.com,Vendor Spend Analyzer,What drove the change in gross margin this quarter?,completed,24.6,"FP&A Feb variance was $1,308,303 vs plan",03/18/2026 10:15:34 AM
r39-0000523,rclark@silverlinefreight.com,Board Deck Builder,Summarize the Apr variance for entity US-01,completed,21.5,"Accounting Apr variance was $3,831,847 vs plan",03/18/2026 09:16:38 AM
r39-0000524,rclark@silverlinefreight.com,AP Aging Analyst,Explain the headcount variance vs plan,completed,5.3,"Ops May variance was $659,983 vs plan",03/18/2026 07:18:13 AM
r39-0000525,rjones@silverlinefreight.com,Cash Forecaster,Check covenant compliance for the revolver,completed,7.2,"FP&A May variance was $3,204,327 vs plan",03/18/2026 09:08:21 AM
r39-0000526,nrodriguez@silverlinefreight.com,Budget vs Actual,Explain the headcount variance vs plan,completed,70.8,"Ops May variance was $4,314,214 vs plan",03/18/2026 04:21:57 PM
r39-0000527,rjones@silverlinefreight.com,Flux Commentary,Which cost centers are over budget YTD?,completed,74.4,"Treasury May variance was $3,000,385 vs plan",03/19/2026 07:05:15 AM
r39-0000528,rclark@silverlinefreight.com,Close Checklist Bot,Explain the headcount variance vs plan,completed,30.5,"Accounting Feb variance was $2,296,099 vs plan",03/19/2026 09:07:51 AM
r39-0000529,nrodriguez@silverlinefreight.com,Close Checklist Bot,Summarize the Apr variance for entity MX-09,completed,57.3,"FP&A Apr variance was $3,637,804 vs plan",03/19/2026 10:57:19 AM
r39-0000530,nrodriguez@silverlinefreight.com,Vendor Spend Analyzer,Draft flux commentary for the May close,completed,22.0,"Treasury May variance was $2,026,168 vs plan",03/19/2026 11:02:51 AM
r39-0000531,nrodriguez@silverlinefreight.com,Vendor Spend Analyzer,Why did Treasury spend exceed budget in May?,completed,32.1,"Treasury May variance was $1,299,089 vs plan",03/19/2026 01:54:04 PM
r39-0000532,fwilson@silverlinefreight.com,Cash Forecaster,Reconcile AP aging over 90 days for US-03,error,6.0,error code 502 from model gateway,03/19/2026 07:37:05 PM
r39-0000533,rclark@silverlinefreight.com,Board Deck Builder,Check covenant compliance for the revolver,completed,54.3,"Treasury Jan variance was $4,687,792 vs plan",03/19/2026 02:19:00 PM
r39-0000534,nrodriguez@silverlinefreight.com,Covenant Checker,Explain the headcount variance vs plan,error,2.2,Traceback (most recent call last): KeyError 'entity',03/19/2026 04:34:30 PM
r39-0000535,rclark@silverlinefreight.com,Cash Forecaster,Check covenant compliance for the revolver,completed,49.8,"Ops Jun variance was $1,236,197 vs plan",03/19/2026 09:56:11 AM
r39-0000536,rclark@silverlinefreight.com,AP Aging Analyst,Why did Accounting spend exceed budget in May?,completed,37.0,"Accounting May variance was $2,346,192 vs plan",03/19/2026 11:09:02 AM
r39-0000537,fwilson@silverlinefreight.com,Flux Commentary,Forecast Feb operating cash flow,completed,19.3,"FP&A Feb variance was $174,151 vs plan",03/19/2026 01:20:40 PM
r39-0000538,nrodriguez@silverlinefreight.com,Variance Explainer,Draft flux commentary for the Apr close,completed,56.8,"Accounting Apr variance was $771,100 vs plan",03/19/2026 10:25:06 AM
r39-0000539,rclark@silverlinefreight.com,Variance Explainer,Explain the headcount variance vs plan,completed,17.0,"Accounting May variance was $536,918 vs plan",03/19/2026 01:55:35 PM
r39-0000540,nrodriguez@silverlinefreight.com,Variance Explainer,Explain the headcount variance vs plan,completed,67.1,"Treasury Feb variance was $1,468,277 vs plan",03/19/2026 08:00:20 AM
r39-0000541,nrodriguez@silverlinefreight.com,Revenue Recognizer,What drove the change in gross margin this quarter?,completed,37.1,"Ops May variance was $2,665,364 vs plan",03/19/2026 05:51:25 PM
r39-0000542,rclark@silverlinefreight.com,AP Aging Analyst,Forecast Feb operating cash flow,completed,66.8,"Ops Feb variance was $3,737,813 vs plan",03/19/2026 03:48:26 PM
r39-0000543,fwilson@silverlinefreight.com,Close Checklist Bot,Build the board deck cash slide for Feb,completed,11.7,"FP&A Feb variance was $3,488,831 vs plan",03/19/2026 06:21:45 AM
r39-0000544,nrodriguez@silverlinefreight.com,Headcount Planner,Explain the headcount variance vs plan,error,4.7,ERROR: upstream request timed out,03/19/2026 03:19:44 PM
r39-0000545,rclark@silverlinefreight.com,Headcount Planner,What drove the change in gross margin this quarter?,completed,31.6,"Ops Mar variance was $4,112,760 vs plan",03/19/2026 11:08:07 AM
r39-0000546,nrodriguez@silverlinefreight.com,Revenue Recognizer,Draft flux commentary for the May close,completed,36.5,"Accounting May variance was $1,744,221 vs plan",03/19/2026 03:45:38 PM
r39-0000547,fwilson@silverlinefreight.com,AP Aging Analyst,Check covenant compliance for the revolver,completed,40.0,"Treasury May variance was $4,201,822 vs plan",03/19/2026 05:17:29 PM
r39-0000548,nrodriguez@silverlinefreight.com,Close Checklist Bot,What drove the change in gross margin this quarter?,completed,33.6,"Treasury Jun variance was $3,821,055 vs plan",03/19/2026 02:09:00 PM
r39-0000549,rjones@silverlinefreight.com,AP Aging Analyst,Draft flux commentary for the Jun close,completed,35.8,"Ops Jun variance was $2,996,626 vs plan",03/19/2026 12:12:54 PM
r39-0000550,fwilson@silverlinefreight.com,Journal Entry Reviewer,Reconcile AP aging over 90 days for MX-05,completed,38.7,"Ops Jan variance was $2,520,232 vs plan",03/19/2026 11:27:24 AM
r39-0000551,nrodriguez@silverlinefreight.com,Board Deck Builder,Forecast Apr operating cash flow,completed,8.7,"Accounting Apr variance was $3,124,835 vs plan",03/19/2026 08:00:46 AM
r39-0000552,rclark@silverlinefreight.com,Board Deck Builder,Forecast Feb operating cash flow,completed,38.3,"Treasury Feb variance was $68,344 vs plan",03/19/2026 12:34:21 PM
r39-0000553,fwilson@silverlinefreight.com,Covenant Checker,Why did Treasury spend exceed budget in Mar?,completed,37.1,"Treasury Mar variance was $1,440,972 vs plan",03/19/2026 01:15:28 PM
r39-0000554,rclark@silverlinefreight.com,Board Deck Builder,What drove the change in gross margin this quarter?,completed,23.1,"Accounting Mar variance was $1,995,373 vs plan",03/19/2026 12:27:01 PM
r39-0000555,rclark@silverlinefreight.com,Headcount Planner,What drove the change in gross margin this quarter?,completed,73.2,"Treasury Mar variance was $4,348,923 vs plan",03/19/2026 04:16:05 PM
r39-0000556,nrodriguez@silverlinefreight.com,Close Checklist Bot,What drove the change in gross margin this quarter?,completed,31.5,"Treasury Apr variance was $572,831 vs plan",03/19/2026 04:22:30 PM
r39-0000557,nrodriguez@silverlinefreight.com,Vendor Spend Analyzer,Forecast Mar operating cash flow,completed,44.7,"Ops Mar variance was $4,293,010 vs plan",03/19/2026 08:43:10 AM
r39-0000558,rclark@silverlinefreight.com,Vendor Spend Analyzer,Build the board deck cash slide for Mar,completed,16.7,"Ops Mar variance was $2,758,447 vs plan",03/19/2026 03:44:36 PM
r39-0000559,fwilson@silverlinefreight.com,Close Checklist Bot,Draft flux commentary for the Feb close,completed,11.0,"Ops Feb variance was $2,560,607 vs plan",03/19/2026 11:35:50 AM
r39-0000560,fwilson@silverlinefreight.com,Journal Entry Reviewer,Build the board deck cash slide for Feb,completed,1.2,error code 502 from model gateway,03/20/2026 12:40:48 PM
r39-0000561,nrodriguez@silverlinefreight.com,Close Checklist Bot,Check covenant compliance for the revolver,completed,47.2,"FP&A Apr variance was $3,447,752 vs plan",03/20/2026 04:02:58 PM
r39-0000562,nrodriguez@silverlinefreight.com,Budget vs Actual,Reconcile AP aging over 90 days for MX-08,completed,60.8,"Treasury Jun variance was $2,642,061 vs plan",03/20/2026 08:33:09 AM
r39-0000563,nrodriguez@silverlinefreight.com,Headcount Planner,What drove the change in gross margin this quarter?,completed,50.9,"FP&A Feb variance was $2,198,157 vs plan",03/20/2026 03:22:19 PM
r39-0000564,rclark@silverlinefreight.com,Covenant Checker,Reconcile AP aging over 90 days for EU-03,completed,6.7,"FP&A Jan variance was $2,834,375 vs plan",03/20/2026 11:28:35 AM
r39-0000565,rjones@silverlinefreight.com,Flux Commentary,Check covenant compliance for the revolver,completed,0.9,FAILED: null reference in aggregation step,03/20/2026 04:55:20 PM
r39-0000566,rjones@silverlinefreight.com,Journal Entry Reviewer,Check covenant compliance for the revolver,completed,22.3,"Accounting Feb variance was $2,573,806 vs plan",03/20/2026 12:53:09 PM
r39-0000567,fwilson@silverlinefreight.com,Vendor Spend Analyzer,Draft flux commentary for the May close,completed,26.5,"FP&A May variance was $3,856,078 vs plan",03/20/2026 12:13:04 PM
r39-0000568,rjones@silverlinefreight.com,Board Deck Builder,Reconcile AP aging over 90 days for US-05,completed,8.5,"Accounting Feb variance was $540,713 vs plan",03/20/2026 11:56:20 AM
r39-0000569,nrodriguez@silverlinefreight.com,Budget vs Actual,What drove the change in gross margin this quarter?,completed,23.9,"Ops May variance was $2,856,339 vs plan",03/20/2026 01:43:32 PM
r39-0000570,nrodriguez@silverlinefreight.com,AP Aging Analyst,Which cost centers are over budget YTD?,completed,56.5,"Accounting Apr variance was $2,959,953 vs plan",03/20/2026 10:13:07 AM
r39-0000571,fwilson@silverlinefreight.com,Revenue Recognizer,Draft flux commentary for the May close,completed,1.0,Traceback (most recent call last): KeyError 'entity',03/20/2026 06:21:22 AM
r39-0000572,rclark@silverlinefreight.com,Board Deck Builder,Reconcile AP aging over 90 days for CA-05,completed,66.8,"Treasury Jan variance was $822,567 vs plan",03/20/2026 03:44:25 PM
r39-0000573,rclark@silverlinefreight.com,Headcount Planner,Which cost centers are over budget YTD?,completed,68.5,"Ops Apr variance was $1,669,398 vs plan",03/20/2026 01:42:57 PM
r39-0000574,nrodriguez@silverlinefreight.com,Cash Forecaster,Explain the headcount variance vs plan,completed,44.9,"Accounting Mar variance was $773,960 vs plan",03/20/2026 09:24:23 AM
r39-0000575,rclark@silverlinefreight.com,Close Checklist Bot,Forecast Jun operating cash flow,completed,25.0,"FP&A Jun variance was $1,547,035 vs plan",03/20/2026 09:48:19 AM
r39-0000576,nrodriguez@silverlinefreight.com,Cash Forecaster,Forecast Jun operating cash flow,completed,61.8,"FP&A Jun variance was $4,287,135 vs plan",03/20/2026 02:22:49 PM
r39-0000577,fwilson@silverlinefreight.com,Close Checklist Bot,Which cost centers are over budget YTD?,completed,1.9,Traceback (most recent call last): KeyError 'entity',03/20/2026 04:15:45 PM
r39-0000578,fwilson@silverlinefreight.com,Board Deck Builder,What drove the change in gross margin this quarter?,completed,4.7,"Ops Apr variance was $612,766 vs plan",03/20/2026 08:51:36 AM
r39-0000579,fwilson@silverlinefreight.com,Cash Forecaster,Check covenant compliance for the revolver,completed,58.1,"Ops Mar variance was $2,298,456 vs plan",03/20/2026 03:45:59 PM
r39-0000580,rclark@silverlinefreight.com,Journal Entry Reviewer,Reconcile AP aging over 90 days for CA-01,completed,50.7,"Treasury Feb variance was $4,645,984 vs plan",03/20/2026 11:30:36 AM
r39-0000581,rclark@silverlinefreight.com,Flux Commentary,Draft flux commentary for the Mar close,completed,29.9,"Accounting Mar variance was $4,767,617 vs plan",03/20/2026 11:08:02 AM
r39-0000582,rclark@silverlinefreight.com,Headcount Planner,Forecast May operating cash flow,completed,33.6,"Treasury May variance was $337,491 vs plan",03/20/2026 01:36:36 PM
r39-0000583,rclark@silverlinefreight.com,AP Aging Analyst,What drove the change in gross margin this quarter?,completed,17.9,"Ops Feb variance was $2,838,951 vs plan",03/20/2026 01:52:41 PM
r39-0000584,rclark@silverlinefreight.com,Covenant Checker,Explain the headcount variance vs plan,error,5.7,Traceback (most recent call last): KeyError 'entity',03/20/2026 11:26:13 AM
r39-0000585,nrodriguez@silverlinefreight.com,Board Deck Builder,Forecast Feb operating cash flow,completed,22.8,"Ops Feb variance was $2,875,788 vs plan",03/20/2026 02:42:51 PM
r39-0000586,nrodriguez@silverlinefreight.com,Flux Commentary,Build the board deck cash slide for May,completed,0.4,ERROR: upstream request timed out,03/20/2026 02:21:10 PM
r39-0000587,fwilson@silverlinefreight.com,Board Deck Builder,What drove the change in gross margin this quarter?,completed,53.4,"FP&A Jun variance was $1,974,566 vs plan",03/20/2026 01:59:09 PM
r39-0000588,rclark@silverlinefreight.com,Close Checklist Bot,Build the board deck cash slide for Feb,completed,66.6,"Ops Feb variance was $3,486,322 vs plan",03/20/2026 09:15:08 AM
r39-0000589,rclark@silverlinefreight.com,Headcount Planner,Draft flux commentary for the Jan close,completed,14.0,"Accounting Jan variance was $4,310,625 vs plan",03/20/2026 03:10:45 PM
r39-0000590,nrodriguez@silverlinefreight.com,Journal Entry Reviewer,Draft flux commentary for the Jan close,completed,46.6,"Treasury Jan variance was $360,604 vs plan",03/20/2026 01:13:51 PM
r39-0000591,nrodriguez@silverlinefreight.com,Journal Entry Reviewer,Forecast Jan operating cash flow,completed,67.1,"Ops Jan variance was $3,054,501 vs plan",03/20/2026 02:03:36 PM
r39-0000592,nrodriguez@silverlinefreight.com,Journal Entry Reviewer,Which cost centers are over budget YTD?,completed,68.9,"Treasury Feb variance was $4,257,591 vs plan",03/20/2026 02:38:38 PM
r39-0000593,nrodriguez@silverlinefreight.com,Revenue Recognizer,Why did Ops spend exceed budget in Mar?,completed,66.4,"Ops Mar variance was $1,328,576 vs plan",03/20/2026 09:46:43 AM
r39-0000594,nrodriguez@silverlinefreight.com,Headcount Planner,Why did FP&A spend exceed budget in Mar?,completed,62.2,"FP&A Mar variance was $1,776,331 vs plan",03/20/2026 06:48:30 PM
r39-0000595,nrodriguez@silverlinefreight.com,Covenant Checker,Check covenant compliance for the revolver,completed,50.9,"Accounting Jun variance was $2,962,814 vs plan",03/20/2026 08:22:04 AM
r39-0000596,nrodriguez@silverlinefreight.com,Flux Commentary,Check covenant compliance for the revolver,completed,8.3,"FP&A Feb variance was $3,762,147 vs plan",03/20/2026 03:31:03 PM
r39-0000597,nrodriguez@silverlinefreight.com,Journal Entry Reviewer,Forecast Feb operating cash flow,completed,1.8,FAILED: null reference in aggregation step,03/20/2026 01:15:14 PM
r39-0000598,nrodriguez@silverlinefreight.com,Revenue Recognizer,Build the board deck cash slide for Jan,completed,10.7,"Treasury Jan variance was $1,063,700 vs plan",03/20/2026 09:04:02 AM
r39-0000599,nrodriguez@silverlinefreight.com,AP Aging Analyst,Build the board deck cash slide for Apr,completed,5.9,"FP&A Apr variance was $4,453,803 vs plan",03/20/2026 01:47:53 PM
r39-0000600,rclark@silverlinefreight.com,Revenue Recognizer,Summarize the Apr variance for entity EU-09,completed,64.8,"Ops Apr variance was $4,060,264 vs plan",03/20/2026 09:59:37 AM
r39-0000601,nrodriguez@silverlinefreight.com,Variance Explainer,Explain the headcount variance vs plan,completed,0.7,ERROR: upstream request timed out,03/21/2026 02:12:33 PM
r39-0000602,nrodriguez@silverlinefreight.com,Close Checklist Bot,Forecast Feb operating cash flow,completed,49.6,"FP&A Feb variance was $3,308,673 vs plan",03/21/2026 01:01:33 PM
r39-0000603,nrodriguez@silverlinefreight.com,Journal Entry Reviewer,Which cost centers are over budget YTD?,completed,10.4,"Ops Feb variance was $1,463,039 vs plan",03/21/2026 02:40:21 PM
r39-0000604,nrodriguez@silverlinefreight.com,Journal Entry Reviewer,What drove the change in gross margin this quarter?,completed,29.6,"Accounting Jan variance was $2,603,680 vs plan",03/21/2026 03:18:42 PM
r39-0000605,rclark@silverlinefreight.com,Cash Forecaster,Check covenant compliance for the revolver,completed,45.5,"FP&A May variance was $551,025 vs plan",03/21/2026 03:51:00 PM
r39-0000606,fwilson@silverlinefreight.com,Covenant Checker,Which cost centers are over budget YTD?,completed,5.6,"Ops Apr variance was $3,322,328 vs plan",03/21/2026 01:36:52 PM
r39-0000607,rclark@silverlinefreight.com,Board Deck Builder,Explain the headcount variance vs plan,completed,42.3,"Accounting Jan variance was $1,617,914 vs plan",03/21/2026 04:45:16 PM
r39-0000608,rclark@silverlinefreight.com,Flux Commentary,Explain the headcount variance vs plan,completed,49.1,"Ops Mar variance was $965,550 vs plan",03/21/2026 11:09:03 AM
r39-0000609,nrodriguez@silverlinefreight.com,Vendor Spend Analyzer,Why did Ops spend exceed budget in Jan?,completed,35.2,"Ops Jan variance was $4,364,752 vs plan",03/21/2026 08:32:23 AM
r39-0000610,rjones@silverlinefreight.com,Revenue Recognizer,Explain the headcount variance vs plan,completed,34.9,"Accounting Mar variance was $1,222,030 vs plan",03/21/2026 05:43:23 PM
r39-0000611,rclark@silverlinefreight.com,Vendor Spend Analyzer,Explain the headcount variance vs plan,completed,6.6,"FP&A Jun variance was $1,000,302 vs plan",03/21/2026 12:44:03 PM
r39-0000612,rjones@silverlinefreight.com,Budget vs Actual,Check covenant compliance for the revolver,completed,43.0,"Treasury Feb variance was $3,068,687 vs plan",03/21/2026 07:43:08 PM
r39-0000613,nrodriguez@silverlinefreight.com,Covenant Checker,Why did Treasury spend exceed budget in May?,completed,57.9,"Treasury May variance was $827,532 vs plan",03/21/2026 02:52:57 PM
r39-0000614,nrodriguez@silverlinefreight.com,Flux Commentary,Check covenant compliance for the revolver,completed,45.6,"Accounting Jun variance was $1,974,146 vs plan",03/21/2026 03:39:35 PM
r39-0000615,rclark@silverlinefreight.com,Vendor Spend Analyzer,Explain the headcount variance vs plan,error,5.5,ERROR: upstream request timed out,03/21/2026 02:22:36 PM
r39-0000616,rclark@silverlinefreight.com,Revenue Recognizer,Reconcile AP aging over 90 days for EU-09,completed,48.2,"Accounting Jun variance was $2,413,933 vs plan",03/21/2026 01:22:05 PM
r39-0000617,rclark@silverlinefreight.com,Revenue Recognizer,Forecast Jan operating cash flow,completed,16.5,"FP&A Jan variance was $3,147,747 vs plan",03/21/2026 06:39:40 AM
r39-0000618,nrodriguez@silverlinefreight.com,Budget vs Actual,Build the board deck cash slide for Jun,completed,37.4,"FP&A Jun variance was $1,287,033 vs plan",03/21/2026 04:04:02 PM
r39-0000619,fwilson@silverlinefreight.com,Vendor Spend Analyzer,Summarize the Feb variance for entity US-02,completed,62.0,"FP&A Feb variance was $1,066,178 vs plan",03/22/2026 10:45:37 AM
r39-0000620,nrodriguez@silverlinefreight.com,Close Checklist Bot,Which cost centers are over budget YTD?,completed,1.1,FAILED: null reference in aggregation step,03/22/2026 01:49:54 PM
r39-0000621,rclark@silverlinefreight.com,Budget vs Actual,Explain the headcount variance vs plan,completed,10.1,"Treasury Feb variance was $1,285,680 vs plan",03/22/2026 11:32:24 AM
r39-0000622,fwilson@silverlinefreight.com,Cash Forecaster,What drove the change in gross margin this quarter?,completed,57.9,"Treasury Jun variance was $2,537,532 vs plan",03/22/2026 02:52:40 PM
r39-0000623,rjones@silverlinefreight.com,Variance Explainer,Why did Ops spend exceed budget in May?,error,2.5,Traceback (most recent call last): KeyError 'entity',03/22/2026 10:14:22 AM
r39-0000624,nrodriguez@silverlinefreight.com,Budget vs Actual,Which cost centers are over budget YTD?,completed,27.0,"Accounting Jan variance was $2,529,975 vs plan",03/22/2026 02:31:28 PM
r39-0000625,nrodriguez@silverlinefreight.com,AP Aging Analyst,Check covenant compliance for the revolver,completed,51.3,"FP&A Jan variance was $3,882,661 vs plan",03/22/2026 03:11:56 PM
r39-0000626,nrodriguez@silverlinefreight.com,Headcount Planner,Forecast Jan operating cash flow,error,6.2,Traceback (most recent call last): KeyError 'entity',03/22/2026 01:22:54 PM
r39-0000627,nrodriguez@silverlinefreight.com,Cash Forecaster,Summarize the Jan variance for entity US-01,completed,58.6,"FP&A Jan variance was $3,633,679 vs plan",03/22/2026 01:08:38 PM
r39-0000628,fwilson@silverlinefreight.com,AP Aging Analyst,Explain the headcount variance vs plan,completed,9.1,"Accounting Jan variance was $421,432 vs plan",03/22/2026 10:17:55 PM
r39-0000629,nrodriguez@silverlinefreight.com,AP Aging Analyst,Build the board deck cash slide for Jan,completed,60.1,"Treasury Jan variance was $2,455,531 vs plan",03/23/2026 12:58:20 PM
r39-0000630,rclark@silverlinefreight.com,Flux Commentary,Why did Accounting spend exceed budget in Jun?,completed,23.3,"Accounting Jun variance was $3,125,311 vs plan",03/23/2026 03:06:16 PM
r39-0000631,fwilson@silverlinefreight.com,Cash Forecaster,Forecast Jun operating cash flow,completed,20.7,"Treasury Jun variance was $695,188 vs plan",03/23/2026 08:50:16 AM
r39-0000632,nrodriguez@silverlinefreight.com,Budget vs Actual,Forecast Apr operating cash flow,completed,64.2,"Ops Apr variance was $1,487,493 vs plan",03/23/2026 03:03:50 PM
r39-0000633,nrodriguez@silverlinefreight.com,Cash Forecaster,Explain the headcount variance vs plan,completed,73.7,"Ops Mar variance was $3,609,153 vs plan",03/23/2026 09:54:19 AM
r39-0000634,rclark@silverlinefreight.com,Covenant Checker,What drove the change in gross margin this quarter?,completed,27.8,"Treasury Jun variance was $4,474,739 vs plan",03/23/2026 03:21:34 PM
r39-0000635,rclark@silverlinefreight.com,Revenue Recognizer,Check covenant compliance for the revolver,completed,59.5,"Accounting May variance was $2,969,554 vs plan",03/23/2026 02:05:00 PM
r39-0000636,nrodriguez@silverlinefreight.com,Vendor Spend Analyzer,Summarize the Jan variance for entity MX-06,completed,16.1,"FP&A Jan variance was $3,653,942 vs plan",03/23/2026 08:26:15 AM
r39-0000637,rjones@silverlinefreight.com,Board Deck Builder,What drove the change in gross margin this quarter?,completed,9.6,"FP&A Jun variance was $3,128,473 vs plan",03/23/2026 05:40:33 PM
r39-0000638,rjones@silverlinefreight.com,AP Aging Analyst,Forecast Jun operating cash flow,error,0.9,ERROR: upstream request timed out,03/23/2026 03:12:58 PM
r39-0000639,nrodriguez@silverlinefreight.com,Revenue Recognizer,Reconcile AP aging over 90 days for CA-08,completed,16.0,"Ops Jan variance was $1,978,076 vs plan",03/23/2026 07:33:13 AM
r39-0000640,rclark@silverlinefreight.com,AP Aging Analyst,Why did Treasury spend exceed budget in Jun?,completed,51.7,"Treasury Jun variance was $4,606,905 vs plan",03/23/2026 07:24:43 AM
r39-0000641,nrodriguez@silverlinefreight.com,Covenant Checker,Summarize the Mar variance for entity MX-07,completed,31.8,"Ops Mar variance was $4,502,670 vs plan",03/23/2026 05:59:06 PM
r39-0000642,rclark@silverlinefreight.com,Headcount Planner,Reconcile AP aging over 90 days for MX-03,completed,51.0,"Treasury Jan variance was $2,080 vs plan",03/23/2026 11:26:49 AM
r39-0000643,rclark@silverlinefreight.com,Close Checklist Bot,What drove the change in gross margin this quarter?,completed,33.8,"Ops Feb variance was $1,436,582 vs plan",03/23/2026 03:41:08 PM
r39-0000644,rclark@silverlinefreight.com,Covenant Checker,Draft flux commentary for the Mar close,completed,37.3,"Ops Mar variance was $1,626,602 vs plan",03/23/2026 09:58:57 AM
r39-0000645,fwilson@silverlinefreight.com,Flux Commentary,Draft flux commentary for the Apr close,completed,1.3,error: connection reset by peer,03/23/2026 06:24:45 PM
r39-0000646,nrodriguez@silverlinefreight.com,Board Deck Builder,Explain the headcount variance vs plan,completed,24.3,"Treasury Feb variance was $1,183,902 vs plan",03/23/2026 01:01:09 PM
r39-0000647,rclark@silverlinefreight.com,Variance Explainer,Build the board deck cash slide for Feb,completed,31.4,"Ops Feb variance was $1,986,466 vs plan",03/23/2026 01:48:31 PM
r39-0000648,nrodriguez@silverlinefreight.com,Covenant Checker,Summarize the Apr variance for entity MX-07,completed,13.1,"Accounting Apr variance was $1,847,010 vs plan",03/23/2026 12:27:50 PM
r39-0000649,rjones@silverlinefreight.com,Cash Forecaster,Check covenant compliance for the revolver,completed,70.6,"FP&A May variance was $574,067 vs plan",03/23/2026 12:36:15 PM
r39-0000650,fwilson@silverlinefreight.com,Vendor Spend Analyzer,Check covenant compliance for the revolver,completed,56.0,"Treasury Feb variance was $1,050,169 vs plan",03/23/2026 02:05:54 PM
r39-0000651,rclark@silverlinefreight.com,Flux Commentary,Which cost centers are over budget YTD?,completed,45.3,"Ops Jun variance was $4,259,178 vs plan",03/23/2026 08:26:26 AM
r39-0000652,nrodriguez@silverlinefreight.com,AP Aging Analyst,Reconcile AP aging over 90 days for CA-07,completed,12.3,"Ops Apr variance was $3,680,627 vs plan",03/23/2026 01:40:12 PM
r39-0000653,rclark@silverlinefreight.com,Variance Explainer,Which cost centers are over budget YTD?,completed,39.9,"FP&A Jun variance was $1,821,043 vs plan",03/23/2026 01:09:24 PM
r39-0000654,nrodriguez@silverlinefreight.com,Headcount Planner,Reconcile AP aging over 90 days for CA-08,completed,0.2,error code 502 from model gateway,03/23/2026 01:38:37 PM
r39-0000655,rclark@silverlinefreight.com,Board Deck Builder,Which cost centers are over budget YTD?,completed,5.9,"Accounting Mar variance was $3,780,972 vs plan",03/23/2026 01:21:31 PM
r39-0000656,rclark@silverlinefreight.com,Headcount Planner,Build the board deck cash slide for Apr,completed,32.0,"Ops Apr variance was $3,257,167 vs plan",03/23/2026 03:31:04 PM
r39-0000657,rclark@silverlinefreight.com,Journal Entry Reviewer,Explain the headcount variance vs plan,completed,46.9,"Ops Mar variance was $2,724,153 vs plan",03/24/2026 10:00:40 AM
r39-0000658,nrodriguez@silverlinefreight.com,Flux Commentary,Why did Treasury spend exceed budget in May?,completed,6.0,"Treasury May variance was $2,530,705 vs plan",03/24/2026 01:03:28 PM
r39-0000659,nrodriguez@silverlinefreight.com,Close Checklist Bot,Forecast Jun operating cash flow,completed,17.9,"FP&A Jun variance was $975,606 vs plan",03/24/2026 09:51:19 AM
r39-0000660,nrodriguez@silverlinefreight.com,Covenant Checker,Summarize the Feb variance for entity CA-06,completed,43.7,"Ops Feb variance was $2,439,720 vs plan",03/24/2026 03:32:34 PM
r39-0000661,rclark@silverlinefreight.com,Cash Forecaster,Build the board deck cash slide for Jun,completed,6.5,"FP&A Jun variance was $3,529,369 vs plan",03/24/2026 01:25:17 PM
r39-0000662,nrodriguez@silverlinefreight.com,Headcount Planner,Explain the headcount variance vs plan,completed,40.5,"Treasury Mar variance was $3,109,219 vs plan",03/24/2026 09:18:51 AM
r39-0000663,nrodriguez@silverlinefreight.com,AP Aging Analyst,Forecast Apr operating cash flow,completed,1.5,ERROR: upstream request timed out,03/24/2026 02:45:45 PM
r39-0000664,nrodriguez@silverlinefreight.com,Close Checklist Bot,What drove the change in gross margin this quarter?,completed,13.3,"Treasury Apr variance was $265,332 vs plan",03/24/2026 11:26:37 AM
r39-0000665,nrodriguez@silverlinefreight.com,Close Checklist Bot,What drove the change in gross margin this quarter?,completed,9.9,"Treasury Feb variance was $637,915 vs plan",03/24/2026 07:24:49 AM
r39-0000666,rclark@silverlinefreight.com,Budget vs Actual,What drove the change in gross margin this quarter?,completed,58.7,"FP&A Jan variance was $3,100,472 vs plan",03/24/2026 03:11:33 PM
r39-0000667,rclark@silverlinefreight.com,Vendor Spend Analyzer,Explain the headcount variance vs plan,completed,37.1,"Ops Jan variance was $2,492,064 vs plan",03/24/2026 02:15:08 PM
r39-0000668,rclark@silverlinefreight.com,Journal Entry Reviewer,Draft flux commentary for the Jun close,completed,44.7,"Ops Jun variance was $3,180,353 vs plan",03/24/2026 01:55:08 PM
r39-0000669,rclark@silverlinefreight.com,Budget vs Actual,Check covenant compliance for the revolver,completed,5.4,"FP&A Mar variance was $3,811,096 vs plan",03/24/2026 03:40:16 PM
r39-0000670,nrodriguez@silverlinefreight.com,Flux Commentary,Build the board deck cash slide for Jun,completed,6.7,"Accounting Jun variance was $1,801,863 vs plan",03/24/2026 03:37:02 PM
r39-0000671,fwilson@silverlinefreight.com,Journal Entry Reviewer,What drove the change in gross margin this quarter?,completed,13.6,"Accounting Jan variance was $1,733,708 vs plan",03/24/2026 05:55:34 PM
r39-0000672,rjones@silverlinefreight.com,Covenant Checker,Explain the headcount variance vs plan,completed,24.1,"Accounting Mar variance was $1,885,076 vs plan",03/24/2026 04:04:20 PM
r39-0000673,nrodriguez@silverlinefreight.com,Covenant Checker,Which cost centers are over budget YTD?,completed,43.3,"Ops Jun variance was $2,627,822 vs plan",03/24/2026 06:58:25 PM
r39-0000674,nrodriguez@silverlinefreight.com,Variance Explainer,Why did Accounting spend exceed budget in May?,completed,74.8,"Accounting May variance was $4,691,772 vs plan",03/24/2026 09:46:41 AM
r39-0000675,nrodriguez@silverlinefreight.com,Close Checklist Bot,Why did Treasury spend exceed budget in May?,completed,62.5,"Treasury May variance was $3,519,281 vs plan",03/24/2026 02:11:45 PM
r39-0000676,nrodriguez@silverlinefreight.com,Close Checklist Bot,Forecast Jun operating cash flow,completed,7.3,"FP&A Jun variance was $250,062 vs plan",03/24/2026 01:32:44 PM
r39-0000677,rclark@silverlinefreight.com,Covenant Checker,Which cost centers are over budget YTD?,completed,15.4,"Accounting Jun variance was $783,082 vs plan",03/24/2026 04:34:00 PM
r39-0000678,rclark@silverlinefreight.com,AP Aging Analyst,Build the board deck cash slide for Jun,completed,32.0,"Ops Jun variance was $1,169,951 vs plan",03/24/2026 04:41:30 PM
r39-0000679,nrodriguez@silverlinefreight.com,Headcount Planner,Which cost centers are over budget YTD?,completed,73.6,"Ops Feb variance was $2,643,846 vs plan",03/24/2026 07:01:25 AM
r39-0000680,rclark@silverlinefreight.com,Revenue Recognizer,Draft flux commentary for the Jun close,completed,57.6,"FP&A Jun variance was $1,168,571 vs plan",03/24/2026 09:17:57 AM
r39-0000681,nrodriguez@silverlinefreight.com,Covenant Checker,Why did Treasury spend exceed budget in Jun?,completed,48.5,"Treasury Jun variance was $722,408 vs plan",03/24/2026 09:51:53 AM
r39-0000682,rclark@silverlinefreight.com,Close Checklist Bot,Explain the headcount variance vs plan,completed,36.0,"FP&A Apr variance was $422,972 vs plan",03/24/2026 12:33:11 PM
r39-0000683,rclark@silverlinefreight.com,Vendor Spend Analyzer,Check covenant compliance for the revolver,completed,63.3,"Accounting May variance was $2,562,277 vs plan",03/24/2026 05:34:02 PM
r39-0000684,nrodriguez@silverlinefreight.com,Variance Explainer,What drove the change in gross margin this quarter?,completed,0.7,ERROR: upstream request timed out,03/24/2026 05:51:47 PM
r39-0000685,nrodriguez@silverlinefreight.com,Cash Forecaster,Build the board deck cash slide for Jun,completed,1.8,ERROR: upstream request timed out,03/24/2026 12:03:18 PM
r39-0000686,nrodriguez@silverlinefreight.com,Board Deck Builder,Explain the headcount variance vs plan,completed,13.8,"Treasury Feb variance was $2,286,056 vs plan",03/24/2026 01:57:08 PM
r39-0000687,nrodriguez@silverlinefreight.com,Budget vs Actual,Check covenant compliance for the revolver,completed,36.2,"Treasury Jan variance was $2,038,432 vs plan",03/24/2026 04:46:00 PM
r39-0000688,fwilson@silverlinefreight.com,Headcount Planner,Which cost centers are over budget YTD?,completed,3.5,"Ops Feb variance was $341,090 vs plan",03/24/2026 08:04:50 AM
r39-0000689,rclark@silverlinefreight.com,Flux Commentary,Check covenant compliance for the revolver,completed,17.2,"Accounting Jan variance was $3,560,139 vs plan",03/24/2026 01:51:34 PM
r39-0000690,fwilson@silverlinefreight.com,Headcount Planner,Check covenant compliance for the revolver,completed,23.2,"Accounting Mar variance was $379,924 vs plan",03/24/2026 03:06:39 PM
r39-0000691,rclark@silverlinefreight.com,Cash Forecaster,Forecast May operating cash flow,completed,27.9,"Treasury May variance was $3,013,745 vs plan",03/24/2026 12:06:31 PM
r39-0000692,rclark@silverlinefreight.com,Headcount Planner,Build the board deck cash slide for May,completed,30.9,"Ops May variance was $3,776,205 vs plan",03/24/2026 08:55:30 AM
r39-0000693,rclark@silverlinefreight.com,Board Deck Builder,Draft flux commentary for the Feb close,completed,11.6,"FP&A Feb variance was $2,357,321 vs plan",03/24/2026 01:38:31 PM
r39-0000694,rclark@silverlinefreight.com,Board Deck Builder,Forecast Jun operating cash flow,error,4.8,Traceback (most recent call last): KeyError 'entity',03/24/2026 07:07:17 PM
r39-0000695,rclark@silverlinefreight.com,Variance Explainer,Forecast May operating cash flow,completed,6.7,"Ops May variance was $1,130,675 vs plan",03/24/2026 01:44:24 PM
r39-0000696,rclark@silverlinefreight.com,Revenue Recognizer,Summarize the Jun variance for entity US-03,completed,40.9,"Ops Jun variance was $2,666,526 vs plan",03/25/2026 06:51:34 AM
r39-0000697,nrodriguez@silverlinefreight.com,Variance Explainer,Draft flux commentary for the Jun close,completed,8.2,"FP&A Jun variance was $2,069,761 vs plan",03/25/2026 04:02:25 PM
r39-0000698,rclark@silverlinefreight.com,Headcount Planner,Build the board deck cash slide for Apr,completed,4.3,"FP&A Apr variance was $1,396,557 vs plan",03/25/2026 11:50:34 AM
r39-0000699,fwilson@silverlinefreight.com,Variance Explainer,Forecast Jan operating cash flow,completed,11.1,"Ops Jan variance was $2,220,737 vs plan",03/25/2026 12:30:19 PM
r39-0000700,rclark@silverlinefreight.com,Variance Explainer,Why did FP&A spend exceed budget in Apr?,completed,18.3,"FP&A Apr variance was $931,091 vs plan",03/25/2026 12:58:21 PM
r39-0000701,rclark@silverlinefreight.com,Vendor Spend Analyzer,Check covenant compliance for the revolver,completed,55.4,"Accounting May variance was $4,423,004 vs plan",03/25/2026 03:00:18 PM
r39-0000702,rclark@silverlinefreight.com,Flux Commentary,Draft flux commentary for the Jun close,completed,73.0,"Ops Jun variance was $766,676 vs plan",03/25/2026 02:32:28 PM
r39-0000703,rclark@silverlinefreight.com,Board Deck Builder,Summarize the Jan variance for entity US-05,completed,71.3,"Treasury Jan variance was $4,458,783 vs plan",03/25/2026 11:27:19 AM
r39-0000704,nrodriguez@silverlinefreight.com,AP Aging Analyst,What drove the change in gross margin this quarter?,completed,5.5,"Treasury Jun variance was $3,137,772 vs plan",03/25/2026 08:06:38 AM
r39-0000705,nrodriguez@silverlinefreight.com,Headcount Planner,Why did Ops spend exceed budget in Apr?,completed,0.7,ERROR: upstream request timed out,03/25/2026 08:24:59 AM
r39-0000706,nrodriguez@silverlinefreight.com,Board Deck Builder,Draft flux commentary for the Mar close,completed,58.4,"Accounting Mar variance was $3,672,036 vs plan",03/25/2026 03:32:37 PM
r39-0000707,rclark@silverlinefreight.com,Board Deck Builder,Draft flux commentary for the Feb close,completed,67.4,"Accounting Feb variance was $3,903,445 vs plan",03/25/2026 02:24:48 PM
r39-0000708,fwilson@silverlinefreight.com,Flux Commentary,Summarize the Jan variance for entity MX-03,completed,44.2,"Treasury Jan variance was $1,855,532 vs plan",03/25/2026 02:50:44 PM
r39-0000709,nrodriguez@silverlinefreight.com,Journal Entry Reviewer,Forecast Mar operating cash flow,completed,14.7,"Ops Mar variance was $3,965,265 vs plan",03/25/2026 01:20:51 PM
r39-0000710,fwilson@silverlinefreight.com,Flux Commentary,Check covenant compliance for the revolver,completed,4.6,"Ops Jan variance was $4,379,430 vs plan",03/25/2026 12:41:04 PM
r39-0000711,fwilson@silverlinefreight.com,Covenant Checker,Check covenant compliance for the revolver,completed,61.7,"Accounting May variance was $55,363 vs plan",03/25/2026 11:00:57 AM
r39-0000712,nrodriguez@silverlinefreight.com,AP Aging Analyst,Build the board deck cash slide for May,completed,47.8,"FP&A May variance was $1,161,428 vs plan",03/25/2026 11:33:41 AM
r39-0000713,nrodriguez@silverlinefreight.com,Cash Forecaster,Draft flux commentary for the Feb close,completed,51.8,"Ops Feb variance was $1,403,405 vs plan",03/25/2026 09:03:42 AM
r39-0000714,rclark@silverlinefreight.com,AP Aging Analyst,Forecast May operating cash flow,completed,16.7,"Ops May variance was $4,200,696 vs plan",03/25/2026 09:58:04 AM
r39-0000715,rclark@silverlinefreight.com,Revenue Recognizer,Draft flux commentary for the Mar close,completed,48.1,"FP&A Mar variance was $1,730,327 vs plan",03/25/2026 02:58:15 PM
r39-0000716,rjones@silverlinefreight.com,Vendor Spend Analyzer,Explain the headcount variance vs plan,completed,1.2,FAILED: null reference in aggregation step,03/25/2026 11:09:26 AM
r39-0000717,nrodriguez@silverlinefreight.com,Board Deck Builder,Check covenant compliance for the revolver,completed,62.4,"Accounting Jun variance was $3,067,509 vs plan",03/26/2026 02:06:26 PM
r39-0000718,nrodriguez@silverlinefreight.com,Board Deck Builder,Which cost centers are over budget YTD?,completed,8.3,"Treasury May variance was $3,744,360 vs plan",03/26/2026 07:12:44 PM
r39-0000719,rclark@silverlinefreight.com,Flux Commentary,Draft flux commentary for the Apr close,completed,63.5,"Ops Apr variance was $2,006,159 vs plan",03/26/2026 06:20:55 AM
r39-0000720,rclark@silverlinefreight.com,Budget vs Actual,Draft flux commentary for the Mar close,completed,56.7,"Ops Mar variance was $4,495,630 vs plan",03/26/2026 06:15:17 AM
r39-0000721,nrodriguez@silverlinefreight.com,Headcount Planner,Summarize the Apr variance for entity CA-02,error,3.6,ERROR: upstream request timed out,03/26/2026 11:50:50 AM
r39-0000722,rclark@silverlinefreight.com,AP Aging Analyst,Build the board deck cash slide for Jan,completed,6.3,"Treasury Jan variance was $2,929,561 vs plan",03/26/2026 06:21:24 PM
r39-0000723,rjones@silverlinefreight.com,Cash Forecaster,Build the board deck cash slide for Feb,completed,9.5,"Accounting Feb variance was $3,292,883 vs plan",03/26/2026 11:18:41 AM
r39-0000724,nrodriguez@silverlinefreight.com,Variance Explainer,Check covenant compliance for the revolver,completed,52.8,"Accounting Jan variance was $2,730,386 vs plan",03/26/2026 08:14:06 AM
r39-0000725,nrodriguez@silverlinefreight.com,Covenant Checker,Build the board deck cash slide for Jan,completed,36.8,"Accounting Jan variance was $4,441,682 vs plan",03/26/2026 06:20:36 AM
r39-0000726,rclark@silverlinefreight.com,Board Deck Builder,Build the board deck cash slide for Jan,completed,53.0,"Ops Jan variance was $2,186,766 vs plan",03/26/2026 06:32:52 PM
r39-0000727,rclark@silverlinefreight.com,Budget vs Actual,What drove the change in gross margin this quarter?,completed,67.1,"FP&A Feb variance was $2,387,094 vs plan",03/26/2026 12:48:33 PM
r39-0000728,nrodriguez@silverlinefreight.com,Revenue Recognizer,What drove the change in gross margin this quarter?,error,6.4,error: connection reset by peer,03/26/2026 02:25:52 PM
r39-0000729,rclark@silverlinefreight.com,Journal Entry Reviewer,Reconcile AP aging over 90 days for US-09,completed,9.1,"Accounting Feb variance was $2,849,560 vs plan",03/26/2026 08:55:24 AM
r39-0000730,nrodriguez@silverlinefreight.com,Variance Explainer,Explain the headcount variance vs plan,completed,31.2,"Accounting Feb variance was $1,867,648 vs plan",03/26/2026 06:37:37 PM
r39-0000731,rjones@silverlinefreight.com,Board Deck Builder,Which cost centers are over budget YTD?,completed,29.0,"Treasury Jan variance was $4,367,913 vs plan",03/26/2026 06:56:56 AM
r39-0000732,nrodriguez@silverlinefreight.com,Flux Commentary,Build the board deck cash slide for May,completed,69.1,"FP&A May variance was $1,916,164 vs plan",03/26/2026 12:36:17 PM
r39-0000733,nrodriguez@silverlinefreight.com,Cash Forecaster,Which cost centers are over budget YTD?,completed,65.4,"Accounting May variance was $2,569,543 vs plan",03/26/2026 08:12:55 AM
r39-0000734,rclark@silverlinefreight.com,Budget vs Actual,Forecast Feb operating cash flow,completed,15.3,"Treasury Feb variance was $2,382,869 vs plan",03/26/2026 05:05:33 PM
r39-0000735,rclark@silverlinefreight.com,Variance Explainer,Forecast Jun operating cash flow,completed,49.8,"Accounting Jun variance was $1,705,041 vs plan",03/26/2026 07:56:16 AM
r39-0000736,fwilson@silverlinefreight.com,Headcount Planner,Build the board deck cash slide for Jan,completed,15.8,"Treasury Jan variance was $888,549 vs plan",03/26/2026 03:02:33 PM
r39-0000737,fwilson@silverlinefreight.com,Covenant Checker,Build the board deck cash slide for Jan,completed,62.9,"FP&A Jan variance was $4,332,363 vs plan",03/26/2026 07:40:17 AM
r39-0000738,rclark@silverlinefreight.com,Budget vs Actual,What drove the change in gross margin this quarter?,completed,53.0,"Treasury Jan variance was $2,153,623 vs plan",03/26/2026 05:41:21 PM
r39-0000739,nrodriguez@silverlinefreight.com,AP Aging Analyst,Why did Accounting spend exceed budget in Mar?,completed,25.3,"Accounting Mar variance was $903,214 vs plan",03/26/2026 12:58:37 PM
r39-0000740,nrodriguez@silverlinefreight.com,Close Checklist Bot,Check covenant compliance for the revolver,completed,21.7,"FP&A May variance was $2,914,324 vs plan",03/26/2026 10:54:29 AM
r39-0000741,rclark@silverlinefreight.com,Cash Forecaster,Which cost centers are over budget YTD?,completed,22.5,"Treasury May variance was $2,568,719 vs plan",03/26/2026 10:11:17 AM
r39-0000742,rclark@silverlinefreight.com,Budget vs Actual,Explain the headcount variance vs plan,completed,49.8,"Treasury May variance was $841,704 vs plan",03/26/2026 12:09:26 PM
r39-0000743,rclark@silverlinefreight.com,Cash Forecaster,Explain the headcount variance vs plan,completed,46.3,"Accounting Jan variance was $3,402,576 vs plan",03/26/2026 04:05:29 PM
r39-0000744,nrodriguez@silverlinefreight.com,Variance Explainer,Check covenant compliance for the revolver,completed,27.9,"Treasury Jan variance was $4,002,230 vs plan",03/26/2026 10:13:53 AM
r39-0000745,rclark@silverlinefreight.com,Revenue Recognizer,Forecast Jan operating cash flow,completed,31.5,"Accounting Jan variance was $542,126 vs plan",03/26/2026 09:14:58 AM
r39-0000746,nrodriguez@silverlinefreight.com,Budget vs Actual,What drove the change in gross margin this quarter?,completed,31.7,"FP&A Jun variance was $2,704,459 vs plan",03/26/2026 01:54:44 PM
r39-0000747,nrodriguez@silverlinefreight.com,Close Checklist Bot,What drove the change in gross margin this quarter?,completed,43.3,"FP&A Feb variance was $92,508 vs plan",03/26/2026 03:33:48 PM
r39-0000748,nrodriguez@silverlinefreight.com,Headcount Planner,Which cost centers are over budget YTD?,completed,0.4,ERROR: upstream request timed out,03/26/2026 10:38:54 AM
r39-0000749,nrodriguez@silverlinefreight.com,Journal Entry Reviewer,Check covenant compliance for the revolver,completed,47.9,"Accounting Apr variance was $89,009 vs plan",03/26/2026 01:06:16 PM
r39-0000750,rclark@silverlinefreight.com,Variance Explainer,Why did Accounting spend exceed budget in Feb?,completed,60.5,"Accounting Feb variance was $1,390,353 vs plan",03/26/2026 01:55:18 PM
r39-0000751,nrodriguez@silverlinefreight.com,Flux Commentary,Explain the headcount variance vs plan,error,3.2,Traceback (most recent call last): KeyError 'entity',03/26/2026 01:34:37 PM
r39-0000752,rclark@silverlinefreight.com,Covenant Checker,Forecast Jan operating cash flow,completed,56.0,"Treasury Jan variance was $1,361,770 vs plan",03/26/2026 01:55:06 PM
r39-0000753,rclark@silverlinefreight.com,Cash Forecaster,Which cost centers are over budget YTD?,completed,35.7,"Accounting Mar variance was $1,961,957 vs plan",03/26/2026 04:20:11 PM
r39-0000754,rclark@silverlinefreight.com,Close Checklist Bot,What drove the change in gross margin this quarter?,completed,25.4,"FP&A Apr variance was $821,049 vs plan",03/26/2026 08:40:37 AM
r39-0000755,fwilson@silverlinefreight.com,Budget vs Actual,Reconcile AP aging over 90 days for MX-07,error,5.9,error code 502 from model gateway,03/26/2026 05:51:40 PM
r39-0000756,nrodriguez@silverlinefreight.com,AP Aging Analyst,Reconcile AP aging over 90 days for MX-01,completed,13.3,"Treasury May variance was $1,870,730 vs plan",03/26/2026 01:18:17 PM
r39-0000757,rclark@silverlinefreight.com,Journal Entry Reviewer,Why did FP&A spend exceed budget in Mar?,completed,60.9,"FP&A Mar variance was $3,449,589 vs plan",03/26/2026 10:06:46 AM
r39-0000758,nrodriguez@silverlinefreight.com,Flux Commentary,Build the board deck cash slide for Jun,completed,57.1,"FP&A Jun variance was $2,580,170 vs plan",03/26/2026 01:09:54 PM
r39-0000759,rclark@silverlinefreight.com,Close Checklist Bot,Summarize the Apr variance for entity CA-07,completed,58.0,"Ops Apr variance was $1,888,679 vs plan",03/26/2026 02:10:31 PM
r39-0000760,rclark@silverlinefreight.com,Journal Entry Reviewer,Build the board deck cash slide for Jan,completed,21.0,"Treasury Jan variance was $4,084,901 vs plan",03/26/2026 12:43:18 PM
r39-0000761,rjones@silverlinefreight.com,Headcount Planner,Which cost centers are over budget YTD?,completed,53.0,"Accounting Apr variance was $108,375 vs plan",03/26/2026 03:18:41 PM
r39-0000762,rclark@silverlinefreight.com,Board Deck Builder,Reconcile AP aging over 90 days for EU-02,completed,50.8,"Treasury Feb variance was $3,957,182 vs plan",03/26/2026 03:03:28 PM
r39-0000763,rclark@silverlinefreight.com,Budget vs Actual,Which cost centers are over budget YTD?,completed,23.9,"Treasury Jun variance was $2,902,541 vs plan",03/26/2026 11:15:21 AM
r39-0000764,rclark@silverlinefreight.com,Budget vs Actual,Which cost centers are over budget YTD?,completed,67.7,"FP&A Apr variance was $2,089,217 vs plan",03/27/2026 03:35:24 PM
r39-0000765,nrodriguez@silverlinefreight.com,Headcount Planner,Why did Ops spend exceed budget in Mar?,completed,64.2,"Ops Mar variance was $3,786,479 vs plan",03/27/2026 12:30:15 PM
r39-0000766,rclark@silverlinefreight.com,Revenue Recognizer,Forecast May operating cash flow,completed,46.1,"Treasury May variance was $1,547,151 vs plan",03/27/2026 09:34:14 AM
r39-0000767,fwilson@silverlinefreight.com,Covenant Checker,Explain the headcount variance vs plan,completed,28.5,"Ops Apr variance was $2,355,750 vs plan",03/27/2026 01:41:01 PM
r39-0000768,nrodriguez@silverlinefreight.com,Cash Forecaster,Why did Treasury spend exceed budget in Apr?,error,4.5,ERROR: upstream request timed out,03/27/2026 03:53:47 PM
r39-0000769,fwilson@silverlinefreight.com,Covenant Checker,Summarize the Apr variance for entity MX-01,error,4.0,ERROR: upstream request timed out,03/27/2026 12:59:49 PM
r39-0000770,nrodriguez@silverlinefreight.com,Headcount Planner,Forecast Jun operating cash flow,completed,5.7,"Accounting Jun variance was $3,814,063 vs plan",03/27/2026 06:03:02 PM
r39-0000771,nrodriguez@silverlinefreight.com,Budget vs Actual,Draft flux commentary for the Jan close,completed,16.6,"Ops Jan variance was $3,554,785 vs plan",03/27/2026 10:17:08 AM
r39-0000772,nrodriguez@silverlinefreight.com,Variance Explainer,Check covenant compliance for the revolver,completed,47.3,"FP&A Jun variance was $1,568,546 vs plan",03/27/2026 11:36:29 AM
r39-0000773,rclark@silverlinefreight.com,Flux Commentary,Which cost centers are over budget YTD?,completed,66.7,"Accounting May variance was $2,193,989 vs plan",03/27/2026 01:07:26 PM
r39-0000774,nrodriguez@silverlinefreight.com,Covenant Checker,Draft flux commentary for the Jun close,completed,55.0,"FP&A Jun variance was $1,976,004 vs plan",03/27/2026 12:30:17 PM
r39-0000775,rclark@silverlinefreight.com,Headcount Planner,Forecast Feb operating cash flow,completed,7.5,"Treasury Feb variance was $808,110 vs plan",03/27/2026 04:00:09 PM
r39-0000776,nrodriguez@silverlinefreight.com,AP Aging Analyst,What drove the change in gross margin this quarter?,completed,45.0,"Treasury Jun variance was $4,097,264 vs plan",03/27/2026 10:50:19 AM
r39-0000777,fwilson@silverlinefreight.com,Journal Entry Reviewer,Forecast Feb operating cash flow,completed,7.2,"Accounting Feb variance was $208,724 vs plan",03/27/2026 08:48:24 AM
r39-0000778,nrodriguez@silverlinefreight.com,Journal Entry Reviewer,What drove the change in gross margin this quarter?,completed,73.2,"FP&A Mar variance was $4,273,121 vs plan",03/27/2026 04:45:34 PM
r39-0000779,fwilson@silverlinefreight.com,Close Checklist Bot,Explain the headcount variance vs plan,completed,67.1,"Ops Jun variance was $3,367,745 vs plan",03/27/2026 04:49:40 PM
r39-0000780,rclark@silverlinefreight.com,Vendor Spend Analyzer,Reconcile AP aging over 90 days for EU-07,error,7.4,error code 502 from model gateway,03/27/2026 10:05:52 AM
r39-0000781,nrodriguez@silverlinefreight.com,Board Deck Builder,What drove the change in gross margin this quarter?,completed,51.6,"Treasury Jan variance was $1,653,987 vs plan",03/27/2026 12:46:41 PM
r39-0000782,rjones@silverlinefreight.com,Headcount Planner,Check covenant compliance for the revolver,completed,23.4,"Accounting Feb variance was $2,728,042 vs plan",03/27/2026 03:37:57 PM
r39-0000783,nrodriguez@silverlinefreight.com,Close Checklist Bot,Which cost centers are over budget YTD?,error,7.0,error: connection reset by peer,03/27/2026 04:28:06 PM
r39-0000784,rclark@silverlinefreight.com,Budget vs Actual,Why did Treasury spend exceed budget in Apr?,completed,64.8,"Treasury Apr variance was $3,327,134 vs plan",03/27/2026 01:01:59 PM
r39-0000785,rclark@silverlinefreight.com,Board Deck Builder,Summarize the Jun variance for entity EU-02,completed,72.5,"FP&A Jun variance was $1,722,166 vs plan",03/27/2026 11:46:39 AM
r39-0000786,rclark@silverlinefreight.com,Covenant Checker,Build the board deck cash slide for May,completed,5.2,"Ops May variance was $3,775,467 vs plan",03/27/2026 11:39:30 AM
r39-0000787,nrodriguez@silverlinefreight.com,Revenue Recognizer,Check covenant compliance for the revolver,completed,7.3,"FP&A May variance was $4,120,463 vs plan",03/27/2026 10:56:27 AM
r39-0000788,nrodriguez@silverlinefreight.com,Revenue Recognizer,Forecast Jun operating cash flow,completed,44.6,"Ops Jun variance was $4,291,140 vs plan",03/27/2026 02:46:22 PM
r39-0000789,nrodriguez@silverlinefreight.com,Covenant Checker,Check covenant compliance for the revolver,completed,44.2,"Accounting Mar variance was $2,743,369 vs plan",03/27/2026 07:28:54 PM
r39-0000790,nrodriguez@silverlinefreight.com,Flux Commentary,Build the board deck cash slide for Mar,completed,7.2,"Ops Mar variance was $1,929,373 vs plan",03/27/2026 11:59:44 AM
r39-0000791,rclark@silverlinefreight.com,Variance Explainer,Draft flux commentary for the Feb close,completed,17.2,"Ops Feb variance was $889,521 vs plan",03/28/2026 01:37:44 PM
r39-0000792,nrodriguez@silverlinefreight.com,Cash Forecaster,Which cost centers are over budget YTD?,completed,60.1,"FP&A Apr variance was $411,715 vs plan",03/28/2026 01:04:03 PM
r39-0000793,rclark@silverlinefreight.com,Variance Explainer,Summarize the Jan variance for entity MX-03,completed,0.3,ERROR: upstream request timed out,03/28/2026 07:53:22 AM
r39-0000794,fwilson@silverlinefreight.com,Budget vs Actual,Reconcile AP aging over 90 days for CA-06,completed,30.9,"Ops Mar variance was $3,140,116 vs plan",03/28/2026 10:45:20 AM
r39-0000795,rclark@silverlinefreight.com,Budget vs Actual,Explain the headcount variance vs plan,completed,18.0,"Treasury Feb variance was $3,202,656 vs plan",03/28/2026 11:14:03 AM
r39-0000796,fwilson@silverlinefreight.com,Flux Commentary,What drove the change in gross margin this quarter?,completed,63.6,"Ops Apr variance was $244,777 vs plan",03/28/2026 02:49:05 PM
r39-0000797,rclark@silverlinefreight.com,Board Deck Builder,Build the board deck cash slide for Jun,completed,32.5,"FP&A Jun variance was $1,890,539 vs plan",03/28/2026 03:06:03 PM
r39-0000798,rjones@silverlinefreight.com,AP Aging Analyst,Reconcile AP aging over 90 days for CA-03,completed,42.3,"Ops May variance was $139,452 vs plan",03/28/2026 05:28:53 PM
r39-0000799,rclark@silverlinefreight.com,Covenant Checker,What drove the change in gross margin this quarter?,error,2.4,FAILED: null reference in aggregation step,03/28/2026 02:16:57 PM
r39-0000800,rclark@silverlinefreight.com,Variance Explainer,Draft flux commentary for the May close,completed,13.0,"Ops May variance was $4,392,346 vs plan",03/28/2026 11:48:19 AM
r39-0000801,fwilson@silverlinefreight.com,Vendor Spend Analyzer,Summarize the Apr variance for entity EU-09,completed,39.0,"Ops Apr variance was $1,671,716 vs plan",03/28/2026 12:33:07 PM
r39-0000802,rclark@silverlinefreight.com,Board Deck Builder,Summarize the May variance for entity US-09,completed,50.9,"Ops May variance was $4,487,482 vs plan",03/28/2026 02:43:46 PM
r39-0000803,fwilson@silverlinefreight.com,Variance Explainer,Draft flux commentary for the May close,completed,25.5,"Accounting May variance was $322,258 vs plan",03/28/2026 06:39:41 AM
r39-0000804,rjones@silverlinefreight.com,Variance Explainer,Explain the headcount variance vs plan,completed,10.3,"Ops Feb variance was $2,752,109 vs plan",03/28/2026 07:02:48 PM
r39-0000805,rclark@silverlinefreight.com,Revenue Recognizer,Summarize the Apr variance for entity CA-08,completed,7.1,"FP&A Apr variance was $607,831 vs plan",03/28/2026 11:08:55 AM
r39-0000806,rclark@silverlinefreight.com,Headcount Planner,Build the board deck cash slide for Jan,completed,13.7,"Treasury Jan variance was $4,171,597 vs plan",03/28/2026 10:28:24 AM
r39-0000807,nrodriguez@silverlinefreight.com,Journal Entry Reviewer,Explain the headcount variance vs plan,completed,12.5,"Ops Jan variance was $3,556,474 vs plan",03/28/2026 01:48:06 PM
r39-0000808,nrodriguez@silverlinefreight.com,Variance Explainer,Build the board deck cash slide for Jun,completed,1.6,Traceback (most recent call last): KeyError 'entity',03/28/2026 03:10:41 PM
r39-0000809,rjones@silverlinefreight.com,Revenue Recognizer,Which cost centers are over budget YTD?,completed,38.6,"Ops Jan variance was $2,040,828 vs plan",03/28/2026 09:17:51 AM
r39-0000810,rclark@silverlinefreight.com,Headcount Planner,Forecast Feb operating cash flow,completed,72.4,"Ops Feb variance was $315,583 vs plan",03/28/2026 12:40:00 PM
r39-0000811,rclark@silverlinefreight.com,AP Aging Analyst,Reconcile AP aging over 90 days for US-06,completed,37.7,"Treasury Mar variance was $2,710,528 vs plan",03/28/2026 11:12:15 AM
r39-0000812,rclark@silverlinefreight.com,Journal Entry Reviewer,Build the board deck cash slide for May,completed,38.7,"FP&A May variance was $4,503,245 vs plan",03/29/2026 01:24:00 PM
r39-0000813,rclark@silverlinefreight.com,Revenue Recognizer,Draft flux commentary for the Jan close,completed,68.6,"Accounting Jan variance was $4,593,145 vs plan",03/29/2026 10:45:12 AM
r39-0000814,rclark@silverlinefreight.com,Covenant Checker,Why did Ops spend exceed budget in May?,completed,25.5,"Ops May variance was $2,793,607 vs plan",03/29/2026 03:17:36 PM
r39-0000815,rclark@silverlinefreight.com,Board Deck Builder,Reconcile AP aging over 90 days for CA-06,completed,44.8,"Accounting Feb variance was $4,438,371 vs plan",03/29/2026 11:57:48 AM
r39-0000816,rjones@silverlinefreight.com,Journal Entry Reviewer,Summarize the Apr variance for entity CA-05,completed,1.8,error: connection reset by peer,03/29/2026 01:35:36 PM
r39-0000817,nrodriguez@silverlinefreight.com,Flux Commentary,Draft flux commentary for the May close,completed,51.0,"FP&A May variance was $533,955 vs plan",03/29/2026 08:35:30 AM
r39-0000818,nrodriguez@silverlinefreight.com,Variance Explainer,Forecast Jan operating cash flow,completed,56.3,"Treasury Jan variance was $3,384,263 vs plan",03/29/2026 10:13:52 AM
r39-0000819,fwilson@silverlinefreight.com,Cash Forecaster,Summarize the Feb variance for entity US-04,completed,8.1,"FP&A Feb variance was $1,442,501 vs plan",03/29/2026 01:44:45 PM
r39-0000820,rclark@silverlinefreight.com,Close Checklist Bot,Which cost centers are over budget YTD?,error,2.6,ERROR: upstream request timed out,03/29/2026 01:46:29 PM
r39-0000821,rjones@silverlinefreight.com,Covenant Checker,Explain the headcount variance vs plan,completed,64.6,"FP&A Apr variance was $1,438,486 vs plan",03/29/2026 09:14:48 AM
r39-0000822,rclark@silverlinefreight.com,Board Deck Builder,Check covenant compliance for the revolver,completed,73.6,"Treasury Apr variance was $1,332,144 vs plan",03/29/2026 09:26:12 AM
r39-0000823,rclark@silverlinefreight.com,Flux Commentary,Summarize the Jun variance for entity CA-02,completed,9.0,"Treasury Jun variance was $2,185,316 vs plan",03/29/2026 03:52:05 PM
r39-0000824,nrodriguez@silverlinefreight.com,Headcount Planner,Reconcile AP aging over 90 days for MX-07,error,7.7,error: connection reset by peer,03/29/2026 10:57:12 AM
r39-0000825,rclark@silverlinefreight.com,Journal Entry Reviewer,Summarize the Apr variance for entity EU-01,completed,46.5,"FP&A Apr variance was $1,677,073 vs plan",03/29/2026 03:31:20 PM
r39-0000826,nrodriguez@silverlinefreight.com,Flux Commentary,Which cost centers are over budget YTD?,completed,30.5,"FP&A Apr variance was $3,838,699 vs plan",03/29/2026 11:08:25 AM
r39-0000827,fwilson@silverlinefreight.com,Flux Commentary,Forecast Jan operating cash flow,completed,34.8,"FP&A Jan variance was $3,281,107 vs plan",03/29/2026 02:02:10 PM
r39-0000828,nrodriguez@silverlinefreight.com,Headcount Planner,Reconcile AP aging over 90 days for CA-03,completed,58.4,"Treasury Mar variance was $3,361,563 vs plan",03/30/2026 08:21:30 AM
r39-0000829,fwilson@silverlinefreight.com,Cash Forecaster,What drove the change in gross margin this quarter?,completed,56.4,"FP&A May variance was $494,748 vs plan",03/30/2026 04:37:23 PM
r39-0000830,rclark@silverlinefreight.com,Journal Entry Reviewer,Which cost centers are over budget YTD?,completed,6.2,"Ops Jun variance was $682,481 vs plan",03/30/2026 04:32:13 PM
r39-0000831,fwilson@silverlinefreight.com,Close Checklist Bot,Which cost centers are over budget YTD?,completed,45.4,"Treasury Mar variance was $1,509,063 vs plan",03/30/2026 03:20:06 PM
r39-0000832,rclark@silverlinefreight.com,Close Checklist Bot,Explain the headcount variance vs plan,completed,67.1,"Treasury Mar variance was $4,437,575 vs plan",03/30/2026 10:30:52 AM
r39-0000833,nrodriguez@silverlinefreight.com,Close Checklist Bot,Why did Accounting spend exceed budget in Mar?,completed,52.3,"Accounting Mar variance was $958,331 vs plan",03/30/2026 05:18:53 PM
r39-0000834,fwilson@silverlinefreight.com,Budget vs Actual,Forecast Jan operating cash flow,completed,12.0,"Ops Jan variance was $696,001 vs plan",03/30/2026 02:52:28 PM
r39-0000835,nrodriguez@silverlinefreight.com,Covenant Checker,Explain the headcount variance vs plan,completed,44.9,"FP&A Jun variance was $1,674,878 vs plan",03/30/2026 03:35:56 PM
r39-0000836,rclark@silverlinefreight.com,AP Aging Analyst,Check covenant compliance for the revolver,completed,66.6,"Ops Mar variance was $1,802,947 vs plan",03/30/2026 12:19:55 PM
r39-0000837,nrodriguez@silverlinefreight.com,AP Aging Analyst,What drove the change in gross margin this quarter?,completed,29.5,"Ops Jun variance was $4,596,739 vs plan",03/30/2026 10:58:48 AM
r39-0000838,nrodriguez@silverlinefreight.com,Vendor Spend Analyzer,Build the board deck cash slide for Apr,completed,68.9,"Ops Apr variance was $1,652,445 vs plan",03/30/2026 05:07:58 PM
r39-0000839,rclark@silverlinefreight.com,Flux Commentary,Explain the headcount variance vs plan,completed,52.5,"Accounting Apr variance was $3,472,369 vs plan",03/30/2026 12:55:47 PM
r39-0000840,rjones@silverlinefreight.com,Variance Explainer,Reconcile AP aging over 90 days for MX-07,completed,53.6,"FP&A Mar variance was $2,471,914 vs plan",03/30/2026 06:22:26 AM
r39-0000841,rclark@silverlinefreight.com,Covenant Checker,Summarize the Jan variance for entity CA-04,completed,35.7,"Accounting Jan variance was $513,740 vs plan",03/30/2026 03:12:56 PM
r39-0000842,rclark@silverlinefreight.com,AP Aging Analyst,Summarize the May variance for entity EU-06,completed,26.1,"Ops May variance was $2,210,048 vs plan",03/30/2026 04:21:14 PM
r39-0000843,rclark@silverlinefreight.com,Headcount Planner,Explain the headcount variance vs plan,completed,48.8,"Accounting Jun variance was $3,505,922 vs plan",03/30/2026 01:07:48 PM
r39-0000844,rclark@silverlinefreight.com,Journal Entry Reviewer,Draft flux commentary for the May close,completed,5.8,"Ops May variance was $973,281 vs plan",03/30/2026 01:19:10 PM
r39-0000845,rclark@silverlinefreight.com,Covenant Checker,Explain the headcount variance vs plan,completed,32.4,"Ops Apr variance was $1,440,589 vs plan",03/30/2026 08:13:16 AM
r39-0000846,rclark@silverlinefreight.com,Budget vs Actual,Forecast Apr operating cash flow,error,6.6,error code 502 from model gateway,03/30/2026 06:10:22 AM
r39-0000847,rclark@silverlinefreight.com,Covenant Checker,Check covenant compliance for the revolver,completed,43.1,"FP&A May variance was $4,068,828 vs plan",03/30/2026 07:47:13 PM
r39-0000848,rclark@silverlinefreight.com,Close Checklist Bot,Summarize the Jan variance for entity CA-03,completed,31.1,"Treasury Jan variance was $20,097 vs plan",03/30/2026 02:18:06 PM
r39-0000849,nrodriguez@silverlinefreight.com,Headcount Planner,Forecast Apr operating cash flow,completed,28.9,"Accounting Apr variance was $1,904,001 vs plan",03/30/2026 11:57:23 AM
r39-0000850,nrodriguez@silverlinefreight.com,Covenant Checker,Why did Treasury spend exceed budget in Apr?,completed,69.8,"Treasury Apr variance was $3,557,483 vs plan",03/30/2026 10:11:35 AM
r39-0000851,rjones@silverlinefreight.com,Cash Forecaster,Reconcile AP aging over 90 days for EU-02,completed,8.7,"FP&A Jan variance was $1,720,376 vs plan",03/30/2026 01:13:47 PM
r39-0000852,rclark@silverlinefreight.com,Covenant Checker,Which cost centers are over budget YTD?,completed,25.9,"Treasury Apr variance was $790,343 vs plan",03/30/2026 10:57:23 AM
r39-0000853,fwilson@silverlinefreight.com,Variance Explainer,Summarize the May variance for entity EU-09,completed,24.8,"FP&A May variance was $380,490 vs plan",03/30/2026 10:44:35 AM
r39-0000854,rclark@silverlinefreight.com,Covenant Checker,Forecast Jun operating cash flow,completed,47.5,"Ops Jun variance was $4,582,522 vs plan",03/30/2026 02:45:37 PM
r39-0000855,rclark@silverlinefreight.com,Revenue Recognizer,What drove the change in gross margin this quarter?,completed,63.0,"Ops Feb variance was $4,753,801 vs plan",03/30/2026 12:53:44 PM
r39-0000856,nrodriguez@silverlinefreight.com,Covenant Checker,Build the board deck cash slide for Feb,completed,66.4,"Treasury Feb variance was $3,005,235 vs plan",03/30/2026 03:33:36 PM
r39-0000857,rclark@silverlinefreight.com,Vendor Spend Analyzer,Why did Ops spend exceed budget in Jan?,completed,59.3,"Ops Jan variance was $4,011,085 vs plan",03/30/2026 10:38:02 AM
r39-0000858,rclark@silverlinefreight.com,Flux Commentary,Draft flux commentary for the Apr close,completed,56.4,"FP&A Apr variance was $2,046,844 vs plan",03/30/2026 07:29:06 AM
r39-0000859,nrodriguez@silverlinefreight.com,Board Deck Builder,What drove the change in gross margin this quarter?,completed,25.3,"Accounting May variance was $2,033,410 vs plan",03/30/2026 02:54:05 PM
r39-0000860,rclark@silverlinefreight.com,Vendor Spend Analyzer,Summarize the Feb variance for entity EU-02,completed,5.0,"Ops Feb variance was $78,506 vs plan",03/30/2026 02:35:18 PM
r39-0000861,rclark@silverlinefreight.com,Board Deck Builder,Summarize the May variance for entity MX-04,completed,41.1,"FP&A May variance was $809,178 vs plan",03/30/2026 01:01:22 PM
r39-0000862,nrodriguez@silverlinefreight.com,Budget vs Actual,Why did Accounting spend exceed budget in Mar?,completed,36.4,"Accounting Mar variance was $4,524,331 vs plan",03/30/2026 12:19:25 PM
r39-0000863,rclark@silverlinefreight.com,Cash Forecaster,Why did Accounting spend exceed budget in Apr?,completed,67.4,"Accounting Apr variance was $3,471,907 vs plan",03/30/2026 08:12:58 AM
r39-0000864,nrodriguez@silverlinefreight.com,Close Checklist Bot,What drove the change in gross margin this quarter?,completed,24.5,"Accounting Jun variance was $692,660 vs plan",03/31/2026 11:57:16 AM
r39-0000865,rclark@silverlinefreight.com,Covenant Checker,Check covenant compliance for the revolver,completed,45.3,"Ops May variance was $4,381,334 vs plan",03/31/2026 04:17:29 PM
r39-0000866,nrodriguez@silverlinefreight.com,Revenue Recognizer,Check covenant compliance for the revolver,error,3.5,FAILED: null reference in aggregation step,03/31/2026 10:07:22 AM
r39-0000867,nrodriguez@silverlinefreight.com,Headcount Planner,Draft flux commentary for the Apr close,completed,26.2,"Accounting Apr variance was $2,308,291 vs plan",03/31/2026 02:40:40 PM
r39-0000868,fwilson@silverlinefreight.com,AP Aging Analyst,Check covenant compliance for the revolver,completed,11.8,"Accounting Mar variance was $1,564,850 vs plan",03/31/2026 06:40:11 PM
r39-0000869,rclark@silverlinefreight.com,Cash Forecaster,Why did Accounting spend exceed budget in Feb?,completed,44.0,"Accounting Feb variance was $4,355,431 vs plan",03/31/2026 07:50:01 AM
r39-0000870,rclark@silverlinefreight.com,Headcount Planner,Why did Ops spend exceed budget in Jan?,completed,28.1,"Ops Jan variance was $4,237,086 vs plan",03/31/2026 08:17:17 AM
r39-0000871,nrodriguez@silverlinefreight.com,Close Checklist Bot,Build the board deck cash slide for Jan,completed,11.6,"Ops Jan variance was $1,287,086 vs plan",03/31/2026 02:55:57 PM
r39-0000872,nrodriguez@silverlinefreight.com,Variance Explainer,Explain the headcount variance vs plan,completed,33.3,"Ops Mar variance was $918,011 vs plan",03/31/2026 02:22:47 PM
r39-0000873,nrodriguez@silverlinefreight.com,Flux Commentary,Why did Ops spend exceed budget in Mar?,completed,65.2,"Ops Mar variance was $2,779,360 vs plan",03/31/2026 01:41:05 PM
r39-0000874,rclark@silverlinefreight.com,Close Checklist Bot,Which cost centers are over budget YTD?,completed,25.7,"FP&A Jun variance was $3,391,795 vs plan",03/31/2026 04:22:50 PM
r39-0000875,fwilson@silverlinefreight.com,Revenue Recognizer,Build the board deck cash slide for Apr,completed,1.2,ERROR: upstream request timed out,03/31/2026 02:40:27 PM
r39-0000876,rclark@silverlinefreight.com,Board Deck Builder,Reconcile AP aging over 90 days for EU-07,completed,41.0,"Treasury Mar variance was $2,772,196 vs plan",03/31/2026 02:26:55 PM
r39-0000877,rclark@silverlinefreight.com,Journal Entry Reviewer,Check covenant compliance for the revolver,completed,23.9,"Accounting Apr variance was $1,127,815 vs plan",03/31/2026 01:43:33 PM
r39-0000878,rclark@silverlinefreight.com,Journal Entry Reviewer,What drove the change in gross margin this quarter?,completed,57.4,"Treasury Mar variance was $47,985 vs plan",03/31/2026 12:55:06 PM
r39-0000879,nrodriguez@silverlinefreight.com,Variance Explainer,Build the board deck cash slide for Feb,completed,72.8,"FP&A Feb variance was $835,708 vs plan",03/31/2026 02:41:12 PM
r39-0000880,fwilson@silverlinefreight.com,Variance Explainer,Forecast Jun operating cash flow,completed,27.9,"Treasury Jun variance was $4,670,799 vs plan",03/31/2026 05:15:23 PM
r39-0000881,rclark@silverlinefreight.com,Journal Entry Reviewer,Build the board deck cash slide for Jun,completed,60.5,"FP&A Jun variance was $1,402,860 vs plan",03/31/2026 11:57:27 AM
r39-0000882,fwilson@silverlinefreight.com,Headcount Planner,What drove the change in gross margin this quarter?,completed,19.9,"Treasury Apr variance was $112,801 vs plan",03/31/2026 02:30:09 PM
r39-0000883,rclark@silverlinefreight.com,Variance Explainer,Forecast Mar operating cash flow,completed,24.3,"Treasury Mar variance was $4,192,324 vs plan",03/31/2026 05:01:20 PM
r39-0000884,rclark@silverlinefreight.com,Board Deck Builder,Check covenant compliance for the revolver,completed,12.0,"Treasury Mar variance was $2,167,135 vs plan",03/31/2026 07:25:41 AM
r39-0000885,nrodriguez@silverlinefreight.com,Board Deck Builder,Check covenant compliance for the revolver,completed,23.3,"Treasury Jan variance was $1,191,870 vs plan",03/31/2026 03:06:44 PM
r39-0000886,rjones@silverlinefreight.com,Headcount Planner,Why did Treasury spend exceed budget in Jun?,completed,28.3,"Treasury Jun variance was $3,023,921 vs plan",03/31/2026 11:23:00 AM
r39-0000887,rjones@silverlinefreight.com,Covenant Checker,Forecast Jun operating cash flow,completed,38.8,"Accounting Jun variance was $2,189,643 vs plan",03/31/2026 12:25:35 PM
r39-0000888,nrodriguez@silverlinefreight.com,Cash Forecaster,Build the board deck cash slide for Jun,completed,0.3,Traceback (most recent call last): KeyError 'entity',03/31/2026 04:33:34 PM
r39-0000889,fwilson@silverlinefreight.com,Cash Forecaster,Summarize the Jan variance for entity US-05,completed,73.6,"Accounting Jan variance was $3,482,080 vs plan",03/31/2026 09:06:30 PM
r39-0000890,fwilson@silverlinefreight.com,Headcount Planner,Summarize the Mar variance for entity US-07,completed,58.2,"FP&A Mar variance was $2,290,781 vs plan",03/31/2026 01:00:12 PM
r39-0000891,nrodriguez@silverlinefreight.com,Journal Entry Reviewer,Why did Treasury spend exceed budget in Feb?,error,5.8,Traceback (most recent call last): KeyError 'entity',03/31/2026 10:38:46 AM
r39-0000892,nrodriguez@silverlinefreight.com,Vendor Spend Analyzer,Forecast Mar operating cash flow,completed,3.1,"Accounting Mar variance was $3,069,249 vs plan",03/31/2026 10:08:02 AM
r39-0000893,nrodriguez@silverlinefreight.com,Covenant Checker,Which cost centers are over budget YTD?,completed,34.1,"Ops Feb variance was $1,540,709 vs plan",03/31/2026 06:25:32 AM
r39-0000894,nrodriguez@silverlinefreight.com,Covenant Checker,Build the board deck cash slide for Mar,completed,48.3,"Accounting Mar variance was $3,256,972 vs plan",03/31/2026 09:32:08 AM
r39-0000895,rclark@silverlinefreight.com,Covenant Checker,Build the board deck cash slide for Feb,completed,46.4,"Ops Feb variance was $1,079,633 vs plan",03/31/2026 01:58:23 PM
r39-0000896,rclark@silverlinefreight.com,Covenant Checker,Build the board deck cash slide for May,completed,25.5,"Treasury May variance was $1,074,261 vs plan",03/31/2026 02:09:44 PM
r39-0000897,nrodriguez@silverlinefreight.com,Board Deck Builder,Check covenant compliance for the revolver,completed,10.1,"Ops Mar variance was $1,539,695 vs plan",03/31/2026 02:32:33 PM
r39-0000898,nrodriguez@silverlinefreight.com,Variance Explainer,What drove the change in gross margin this quarter?,completed,68.0,"Treasury May variance was $2,687,941 vs plan",03/31/2026 03:38:12 PM
r39-0000899,rclark@silverlinefreight.com,Close Checklist Bot,Build the board deck cash slide for Jun,completed,58.5,"Accounting Jun variance was $2,209,071 vs plan",03/31/2026 12:07:26 PM
r39-0000900,rjones@silverlinefreight.com,Variance Explainer,Forecast Apr operating cash flow,completed,8.4,"Accounting Apr variance was $1,848,566 vs plan",03/31/2026 02:47:05 PM
r39-0000901,nrodriguez@silverlinefreight.com,Board Deck Builder,Draft flux commentary for the Apr close,completed,12.7,"Ops Apr variance was $3,864,702 vs plan",03/31/2026 12:06:32 PM
r39-0000902,nrodriguez@silverlinefreight.com,Headcount Planner,Forecast Apr operating cash flow,completed,8.9,"Treasury Apr variance was $3,882,103 vs plan",03/31/2026 12:36:41 PM
r39-0000903,rjones@silverlinefreight.com,Flux Commentary,Check covenant compliance for the revolver,completed,0.8,error: connection reset by peer,03/31/2026 01:47:29 PM
r39-0000904,nrodriguez@silverlinefreight.com,AP Aging Analyst,Build the board deck cash slide for Feb,completed,43.0,"Accounting Feb variance was $2,512,266 vs plan",03/31/2026 06:48:12 PM
r39-0000905,nrodriguez@silverlinefreight.com,Board Deck Builder,Why did Ops spend exceed budget in Jan?,completed,58.8,"Ops Jan variance was $1,152,259 vs plan",03/31/2026 02:24:03 PM
r39-0000906,fwilson@silverlinefreight.com,Headcount Planner,Draft flux commentary for the Feb close,completed,28.3,"Treasury Feb variance was $1,005,011 vs plan",03/31/2026 02:58:49 PM
r39-0000907,rclark@silverlinefreight.com,Flux Commentary,Draft flux commentary for the Jun close,completed,6.4,"Treasury Jun variance was $2,702,139 vs plan",03/31/2026 03:48:58 PM
r39-0000908,rclark@silverlinefreight.com,Close Checklist Bot,Explain the headcount variance vs plan,completed,5.0,"FP&A Feb variance was $3,614,594 vs plan",03/31/2026 07:49:24 AM
r39-0000909,rclark@silverlinefreight.com,Vendor Spend Analyzer,Which cost centers are over budget YTD?,completed,33.4,"Treasury Jan variance was $1,326,188 vs plan",03/31/2026 12:27:53 PM
r39-0000910,nrodriguez@silverlinefreight.com,Close Checklist Bot,Summarize the Mar variance for entity US-09,completed,36.2,"FP&A Mar variance was $4,566,328 vs plan",03/31/2026 10:28:45 AM
r39-0000911,rclark@silverlinefreight.com,Variance Explainer,Which cost centers are over budget YTD?,completed,60.0,"FP&A Jan variance was $1,655,397 vs plan",03/31/2026 08:55:27 AM
r39-0000912,rclark@silverlinefreight.com,Cash Forecaster,Why did Treasury spend exceed budget in May?,completed,49.4,"Treasury May variance was $500,558 vs plan",04/01/2026 09:20:01 AM
r39-0000913,rjones@silverlinefreight.com,Revenue Recognizer,Draft flux commentary for the Jan close,completed,65.0,"FP&A Jan variance was $1,081,174 vs plan",04/01/2026 12:15:45 PM
r39-0000914,rclark@silverlinefreight.com,Close Checklist Bot,Check covenant compliance for the revolver,completed,26.7,"FP&A Mar variance was $849,810 vs plan",04/01/2026 02:29:32 PM
r39-0000915,nrodriguez@silverlinefreight.com,Cash Forecaster,Summarize the Jun variance for entity EU-06,completed,46.0,"Accounting Jun variance was $701,607 vs plan",04/01/2026 09:04:24 AM
r39-0000916,nrodriguez@silverlinefreight.com,Budget vs Actual,Build the board deck cash slide for May,completed,40.0,"Accounting May variance was $4,170,082 vs plan",04/01/2026 01:46:01 PM
r39-0000917,rclark@silverlinefreight.com,Revenue Recognizer,Forecast Jun operating cash flow,completed,41.4,"Treasury Jun variance was $1,761,513 vs plan",04/01/2026 01:51:00 PM
r39-0000918,rjones@silverlinefreight.com,AP Aging Analyst,Which cost centers are over budget YTD?,error,4.9,error: connection reset by peer,04/01/2026 03:28:56 PM
r39-0000919,rclark@silverlinefreight.com,Vendor Spend Analyzer,Which cost centers are over budget YTD?,completed,5.0,"FP&A Jan variance was $1,296,654 vs plan",04/01/2026 02:48:57 PM
r39-0000920,nrodriguez@silverlinefreight.com,Budget vs Actual,Which cost centers are over budget YTD?,completed,50.3,"Ops May variance was $2,731,002 vs plan",04/01/2026 03:48:26 PM
r39-0000921,rclark@silverlinefreight.com,Vendor Spend Analyzer,Forecast Jun operating cash flow,completed,18.2,"Ops Jun variance was $1,911,401 vs plan",04/01/2026 02:46:31 PM
r39-0000922,rjones@silverlinefreight.com,Vendor Spend Analyzer,Why did Accounting spend exceed budget in May?,completed,57.7,"Accounting May variance was $2,958,490 vs plan",04/01/2026 10:12:19 AM
r39-0000923,rclark@silverlinefreight.com,Journal Entry Reviewer,Draft flux commentary for the Mar close,completed,8.2,"FP&A Mar variance was $4,467,521 vs plan",04/01/2026 02:46:29 PM
r39-0000924,nrodriguez@silverlinefreight.com,Close Checklist Bot,Build the board deck cash slide for Jun,completed,59.1,"Accounting Jun variance was $3,446,167 vs plan",04/01/2026 12:17:59 PM
r39-0000925,rclark@silverlinefreight.com,Journal Entry Reviewer,Check covenant compliance for the revolver,completed,3.3,"Ops May variance was $426,325 vs plan",04/01/2026 10:14:32 AM
r39-0000926,rclark@silverlinefreight.com,Revenue Recognizer,Why did FP&A spend exceed budget in Jan?,completed,44.2,"FP&A Jan variance was $4,531,151 vs plan",04/01/2026 11:03:31 AM
r39-0000927,nrodriguez@silverlinefreight.com,Revenue Recognizer,Draft flux commentary for the Jan close,completed,5.8,"Treasury Jan variance was $3,993,104 vs plan",04/01/2026 03:44:36 PM
r39-0000928,nrodriguez@silverlinefreight.com,Close Checklist Bot,Explain the headcount variance vs plan,completed,15.2,"Treasury Jan variance was $198,666 vs plan",04/01/2026 02:47:33 PM
r39-0000929,rclark@silverlinefreight.com,Cash Forecaster,Which cost centers are over budget YTD?,completed,30.6,"FP&A Jan variance was $2,871,758 vs plan",04/01/2026 02:32:08 PM
r39-0000930,rclark@silverlinefreight.com,AP Aging Analyst,Why did Treasury spend exceed budget in Mar?,completed,71.8,"Treasury Mar variance was $1,044,844 vs plan",04/01/2026 05:22:36 PM
r39-0000931,rjones@silverlinefreight.com,Budget vs Actual,Why did Accounting spend exceed budget in Jan?,completed,54.1,"Accounting Jan variance was $1,173,187 vs plan",04/01/2026 06:56:45 PM
r39-0000932,rclark@silverlinefreight.com,Cash Forecaster,Summarize the Jun variance for entity US-04,completed,43.6,"Treasury Jun variance was $888,885 vs plan",04/01/2026 10:48:32 AM
r39-0000933,nrodriguez@silverlinefreight.com,Board Deck Builder,Check covenant compliance for the revolver,completed,5.3,"Ops Mar variance was $2,026,590 vs plan",04/01/2026 02:34:08 PM
r39-0000934,nrodriguez@silverlinefreight.com,Board Deck Builder,Which cost centers are over budget YTD?,completed,51.0,"FP&A Apr variance was $2,041,144 vs plan",04/01/2026 05:19:54 PM
r39-0000935,nrodriguez@silverlinefreight.com,Revenue Recognizer,Build the board deck cash slide for May,completed,70.6,"FP&A May variance was $1,093,209 vs plan",04/01/2026 03:31:21 PM
r39-0000936,nrodriguez@silverlinefreight.com,Budget vs Actual,Check covenant compliance for the revolver,completed,50.1,"Ops Jan variance was $2,915,642 vs plan",04/01/2026 03:21:58 PM
r39-0000937,nrodriguez@silverlinefreight.com,Cash Forecaster,Which cost centers are over budget YTD?,completed,74.1,"FP&A May variance was $3,740,906 vs plan",04/01/2026 06:00:44 PM
r39-0000938,nrodriguez@silverlinefreight.com,Covenant Checker,Build the board deck cash slide for Jun,completed,44.9,"Ops Jun variance was $2,224,263 vs plan",04/01/2026 02:55:10 PM
r39-0000939,fwilson@silverlinefreight.com,Close Checklist Bot,Explain the headcount variance vs plan,completed,30.8,"Ops Jun variance was $582,032 vs plan",04/01/2026 04:26:44 PM
r39-0000940,nrodriguez@silverlinefreight.com,Covenant Checker,Summarize the Jun variance for entity EU-03,completed,51.7,"FP&A Jun variance was $1,162,342 vs plan",04/01/2026 10:15:38 AM
r39-0000941,rjones@silverlinefreight.com,Board Deck Builder,Draft flux commentary for the Jun close,completed,49.0,"Treasury Jun variance was $4,368,203 vs plan",04/01/2026 02:39:33 PM
r39-0000942,rclark@silverlinefreight.com,Vendor Spend Analyzer,Explain the headcount variance vs plan,completed,23.7,"FP&A Jun variance was $3,868,432 vs plan",04/01/2026 09:20:46 AM
r39-0000943,rclark@silverlinefreight.com,Budget vs Actual,Which cost centers are over budget YTD?,error,7.8,ERROR: upstream request timed out,04/01/2026 04:05:23 PM
r39-0000944,nrodriguez@silverlinefreight.com,Headcount Planner,Reconcile AP aging over 90 days for CA-09,completed,10.9,"Accounting Jun variance was $4,462,218 vs plan",04/01/2026 05:13:04 PM
r39-0000945,rclark@silverlinefreight.com,Vendor Spend Analyzer,Draft flux commentary for the Feb close,completed,7.1,"Ops Feb variance was $4,609,030 vs plan",04/01/2026 12:54:46 PM
r39-0000946,rclark@silverlinefreight.com,Covenant Checker,Forecast Mar operating cash flow,completed,50.8,"Accounting Mar variance was $84,876 vs plan",04/01/2026 03:55:39 PM
r39-0000947,rclark@silverlinefreight.com,Vendor Spend Analyzer,Which cost centers are over budget YTD?,completed,6.0,"Treasury Mar variance was $460,555 vs plan",04/01/2026 11:23:17 AM
r39-0000948,nrodriguez@silverlinefreight.com,Close Checklist Bot,Summarize the Feb variance for entity MX-01,completed,0.6,Traceback (most recent call last): KeyError 'entity',04/01/2026 09:49:28 AM
r39-0000949,fwilson@silverlinefreight.com,Vendor Spend Analyzer,Which cost centers are over budget YTD?,completed,1.8,Traceback (most recent call last): KeyError 'entity',04/01/2026 12:32:51 PM
r39-0000950,rjones@silverlinefreight.com,Headcount Planner,Forecast May operating cash flow,completed,46.4,"FP&A May variance was $1,243,520 vs plan",04/01/2026 01:42:47 PM
r39-0000951,rjones@silverlinefreight.com,Close Checklist Bot,Check covenant compliance for the revolver,completed,21.4,"FP&A Jan variance was $2,994,713 vs plan",04/01/2026 11:15:52 AM
r39-0000952,nrodriguez@silverlinefreight.com,Close Checklist Bot,Explain the headcount variance vs plan,error,7.6,error: connection reset by peer,04/01/2026 03:14:37 PM
r39-0000953,fwilson@silverlinefreight.com,Cash Forecaster,Explain the headcount variance vs plan,completed,74.3,"Accounting Mar variance was $4,057,921 vs plan",04/01/2026 07:44:29 AM
r39-0000954,nrodriguez@silverlinefreight.com,Headcount Planner,Forecast May operating cash flow,completed,43.5,"Treasury May variance was $950,667 vs plan",04/01/2026 05:55:27 PM
r39-0000955,rjones@silverlinefreight.com,Variance Explainer,Which cost centers are over budget YTD?,completed,21.0,"Ops Jan variance was $2,837,347 vs plan",04/01/2026 12:16:58 PM
r39-0000956,fwilson@silverlinefreight.com,Revenue Recognizer,Reconcile AP aging over 90 days for EU-09,completed,37.6,"FP&A Jan variance was $3,171,981 vs plan",04/01/2026 10:01:47 AM
r39-0000957,rclark@silverlinefreight.com,Revenue Recognizer,Build the board deck cash slide for Jun,completed,64.8,"FP&A Jun variance was $3,391,376 vs plan",04/02/2026 11:13:51 AM
r39-0000958,nrodriguez@silverlinefreight.com,Revenue Recognizer,What drove the change in gross margin this quarter?,completed,56.9,"Ops Apr variance was $878,134 vs plan",04/02/2026 06:24:58 AM
r39-0000959,nrodriguez@silverlinefreight.com,Board Deck Builder,Which cost centers are over budget YTD?,completed,71.0,"FP&A Jan variance was $2,870,974 vs plan",04/02/2026 10:24:23 AM
r39-0000960,rclark@silverlinefreight.com,Board Deck Builder,Why did Treasury spend exceed budget in May?,completed,8.2,"Treasury May variance was $3,316,743 vs plan",04/02/2026 12:00:44 PM
r39-0000961,rclark@silverlinefreight.com,Vendor Spend Analyzer,Summarize the Mar variance for entity CA-01,completed,21.0,"Accounting Mar variance was $4,370,650 vs plan",04/02/2026 08:51:53 AM
r39-0000962,rclark@silverlinefreight.com,Budget vs Actual,Explain the headcount variance vs plan,completed,66.1,"FP&A May variance was $776,789 vs plan",04/02/2026 02:50:14 PM
r39-0000963,fwilson@silverlinefreight.com,Vendor Spend Analyzer,Build the board deck cash slide for Mar,completed,68.6,"Treasury Mar variance was $4,421,339 vs plan",04/02/2026 11:28:46 AM
r39-0000964,nrodriguez@silverlinefreight.com,Journal Entry Reviewer,Reconcile AP aging over 90 days for CA-07,completed,68.1,"Accounting May variance was $2,391,298 vs plan",04/02/2026 05:14:55 PM
r39-0000965,nrodriguez@silverlinefreight.com,Variance Explainer,Summarize the Apr variance for entity MX-06,completed,52.9,"FP&A Apr variance was $4,311,020 vs plan",04/02/2026 06:36:07 PM
r39-0000966,rclark@silverlinefreight.com,AP Aging Analyst,Which cost centers are over budget YTD?,completed,69.7,"Treasury Jun variance was $1,710,134 vs plan",04/02/2026 02:48:50 PM
r39-0000967,nrodriguez@silverlinefreight.com,Covenant Checker,Explain the headcount variance vs plan,completed,0.3,Traceback (most recent call last): KeyError 'entity',04/02/2026 09:57:53 AM
r39-0000968,rclark@silverlinefreight.com,Close Checklist Bot,Why did Accounting spend exceed budget in Feb?,error,2.2,error: connection reset by peer,04/02/2026 02:26:28 PM
r39-0000969,fwilson@silverlinefreight.com,Headcount Planner,Check covenant compliance for the revolver,completed,39.8,"FP&A Jan variance was $146,151 vs plan",04/02/2026 09:44:15 AM
r39-0000970,rclark@silverlinefreight.com,Board Deck Builder,Draft flux commentary for the May close,error,5.3,Traceback (most recent call last): KeyError 'entity',04/02/2026 10:00:57 AM
r39-0000971,nrodriguez@silverlinefreight.com,Close Checklist Bot,Summarize the Mar variance for entity MX-02,completed,10.7,"Treasury Mar variance was $2,277,360 vs plan",04/02/2026 03:53:47 PM
r39-0000972,nrodriguez@silverlinefreight.com,Flux Commentary,Forecast Feb operating cash flow,completed,12.7,"Ops Feb variance was $1,433,932 vs plan",04/02/2026 01:41:50 PM
r39-0000973,nrodriguez@silverlinefreight.com,Budget vs Actual,Reconcile AP aging over 90 days for US-01,error,5.6,error: connection reset by peer,04/02/2026 12:01:32 PM
r39-0000974,rjones@silverlinefreight.com,Variance Explainer,Draft flux commentary for the Jan close,completed,62.6,"Treasury Jan variance was $2,027,588 vs plan",04/02/2026 01:02:40 PM
r39-0000975,rclark@silverlinefreight.com,Variance Explainer,Draft flux commentary for the May close,completed,19.4,"Ops May variance was $1,701,211 vs plan",04/02/2026 09:10:53 AM
r39-0000976,rclark@silverlinefreight.com,Journal Entry Reviewer,Check covenant compliance for the revolver,completed,46.1,"Treasury Feb variance was $2,157,493 vs plan",04/02/2026 06:35:19 PM
r39-0000977,fwilson@silverlinefreight.com,Cash Forecaster,Forecast Jun operating cash flow,completed,8.2,"Ops Jun variance was $2,889,866 vs plan",04/02/2026 06:54:14 PM
r39-0000978,rjones@silverlinefreight.com,Board Deck Builder,Which cost centers are over budget YTD?,completed,13.8,"Treasury Feb variance was $3,053,008 vs plan",04/02/2026 02:02:20 PM
r39-0000979,rjones@silverlinefreight.com,Revenue Recognizer,Check covenant compliance for the revolver,completed,0.2,FAILED: null reference in aggregation step,04/02/2026 04:07:30 PM
r39-0000980,fwilson@silverlinefreight.com,Budget vs Actual,What drove the change in gross margin this quarter?,error,5.6,ERROR: upstream request timed out,04/02/2026 01:03:02 PM
r39-0000981,nrodriguez@silverlinefreight.com,Revenue Recognizer,Check covenant compliance for the revolver,completed,34.8,"Accounting Jan variance was $1,395,583 vs plan",04/02/2026 12:48:32 PM
r39-0000982,fwilson@silverlinefreight.com,Budget vs Actual,Forecast Jun operating cash flow,error,3.4,error: connection reset by peer,04/02/2026 11:22:20 AM
r39-0000983,fwilson@silverlinefreight.com,AP Aging Analyst,Which cost centers are over budget YTD?,completed,0.8,ERROR: upstream request timed out,04/02/2026 11:34:19 AM
r39-0000984,nrodriguez@silverlinefreight.com,Close Checklist Bot,Summarize the Feb variance for entity US-01,completed,69.0,"Treasury Feb variance was $1,638,788 vs plan",04/02/2026 02:37:05 PM
r39-0000985,nrodriguez@silverlinefreight.com,Covenant Checker,Reconcile AP aging over 90 days for MX-01,completed,1.0,error: connection reset by peer,04/02/2026 01:10:08 PM
r39-0000986,rclark@silverlinefreight.com,Journal Entry Reviewer,Explain the headcount variance vs plan,completed,61.3,"Treasury Jun variance was $1,707,172 vs plan",04/02/2026 10:24:13 AM
r39-0000987,rclark@silverlinefreight.com,Flux Commentary,Forecast Feb operating cash flow,completed,48.4,"FP&A Feb variance was $2,245,578 vs plan",04/02/2026 02:25:11 PM
r39-0000988,fwilson@silverlinefreight.com,Close Checklist Bot,Build the board deck cash slide for Mar,completed,47.8,"Treasury Mar variance was $3,752,006 vs plan",04/02/2026 03:23:48 PM
r39-0000989,rclark@silverlinefreight.com,Vendor Spend Analyzer,Forecast Mar operating cash flow,completed,71.5,"Ops Mar variance was $1,957,208 vs plan",04/02/2026 12:34:52 PM
r39-0000990,nrodriguez@silverlinefreight.com,AP Aging Analyst,What drove the change in gross margin this quarter?,completed,63.5,"Ops Mar variance was $4,264,125 vs plan",04/02/2026 12:45:15 PM
r39-0000991,nrodriguez@silverlinefreight.com,Close Checklist Bot,Check covenant compliance for the revolver,completed,34.0,"Accounting Jun variance was $462,479 vs plan",04/02/2026 01:12:02 PM
r39-0000992,rclark@silverlinefreight.com,Variance Explainer,Forecast May operating cash flow,completed,51.7,"FP&A May variance was $3,422,608 vs plan",04/02/2026 02:50:49 PM
r39-0000993,rjones@silverlinefreight.com,Revenue Recognizer,Reconcile AP aging over 90 days for MX-01,completed,32.5,"Treasury Jun variance was $4,610,605 vs plan",04/02/2026 03:19:37 PM
r39-0000994,nrodriguez@silverlinefreight.com,Close Checklist Bot,Summarize the Jun variance for entity EU-09,completed,73.1,"FP&A Jun variance was $2,404,503 vs plan",04/02/2026 05:05:43 PM
r39-0000995,fwilson@silverlinefreight.com,Budget vs Actual,Build the board deck cash slide for Feb,completed,61.9,"Accounting Feb variance was $1,069,809 vs plan",04/02/2026 09:57:09 AM
r39-0000996,rclark@silverlinefreight.com,Headcount Planner,Summarize the Jun variance for entity US-02,completed,46.6,"Treasury Jun variance was $4,393,327 vs plan",04/03/2026 10:36:25 AM
r39-0000997,nrodriguez@silverlinefreight.com,Journal Entry Reviewer,Why did FP&A spend exceed budget in May?,completed,43.9,"FP&A May variance was $449,197 vs plan",04/03/2026 01:02:44 PM
r39-0000998,fwilson@silverlinefreight.com,Cash Forecaster,Reconcile AP aging over 90 days for US-08,completed,27.1,"Ops May variance was $4,500,995 vs plan",04/03/2026 09:15:37 AM
r39-0000999,nrodriguez@silverlinefreight.com,Close Checklist Bot,Reconcile AP aging over 90 days for MX-03,completed,33.4,"FP&A Jun variance was $537,768 vs plan",04/03/2026 10:31:06 AM
r39-0001000,rclark@silverlinefreight.com,Cash Forecaster,What drove the change in gross margin this quarter?,completed,50.8,"Ops Jan variance was $4,085,675 vs plan",04/03/2026 11:32:39 AM
r39-0001001,nrodriguez@silverlinefreight.com,Vendor Spend Analyzer,Forecast Jun operating cash flow,completed,0.5,FAILED: null reference in aggregation step,04/03/2026 10:29:54 AM
r39-0001002,nrodriguez@silverlinefreight.com,Variance Explainer,Why did Accounting spend exceed budget in Apr?,completed,71.4,"Accounting Apr variance was $2,240,033 vs plan",04/03/2026 03:33:47 PM
r39-0001003,fwilson@silverlinefreight.com,Variance Explainer,Forecast Jun operating cash flow,error,4.5,FAILED: null reference in aggregation step,04/03/2026 09:47:38 AM
r39-0001004,rclark@silverlinefreight.com,Revenue Recognizer,Build the board deck cash slide for Feb,completed,35.8,"Accounting Feb variance was $3,045,305 vs plan",04/03/2026 10:22:10 AM
r39-0001005,rjones@silverlinefreight.com,Vendor Spend Analyzer,Draft flux commentary for the Feb close,completed,72.9,"Accounting Feb variance was $172,189 vs plan",04/03/2026 11:22:47 AM
r39-0001006,nrodriguez@silverlinefreight.com,Flux Commentary,Check covenant compliance for the revolver,completed,53.0,"Treasury May variance was $2,011,956 vs plan",04/03/2026 05:59:18 PM
r39-0001007,nrodriguez@silverlinefreight.com,Headcount Planner,Summarize the Jan variance for entity EU-08,error,2.7,error code 502 from model gateway,04/03/2026 12:11:30 PM
r39-0001008,nrodriguez@silverlinefreight.com,Headcount Planner,What drove the change in gross margin this quarter?,completed,60.6,"Ops May variance was $534,017 vs plan",04/03/2026 10:09:08 AM
r39-0001009,rjones@silverlinefreight.com,Headcount Planner,Summarize the May variance for entity EU-06,completed,19.7,"FP&A May variance was $2,889,287 vs plan",04/03/2026 05:28:08 PM
r39-0001010,rjones@silverlinefreight.com,Cash Forecaster,Forecast Apr operating cash flow,completed,62.1,"Treasury Apr variance was $3,746,955 vs plan",04/03/2026 08:29:26 AM
r39-0001011,nrodriguez@silverlinefreight.com,Headcount Planner,Why did Ops spend exceed budget in Feb?,completed,7.2,"Ops Feb variance was $2,599,989 vs plan",04/03/2026 12:50:19 PM
r39-0001012,nrodriguez@silverlinefreight.com,Covenant Checker,Check covenant compliance for the revolver,completed,47.0,"Ops Mar variance was $1,981,451 vs plan",04/03/2026 01:02:12 PM
r39-0001013,rclark@silverlinefreight.com,Revenue Recognizer,Which cost centers are over budget YTD?,completed,70.0,"Treasury Jan variance was $4,747,848 vs plan",04/03/2026 06:29:55 PM
r39-0001014,rclark@silverlinefreight.com,Vendor Spend Analyzer,Draft flux commentary for the Jan close,completed,12.0,"Treasury Jan variance was $720,892 vs plan",04/03/2026 02:30:50 PM
r39-0001015,fwilson@silverlinefreight.com,Flux Commentary,Summarize the Mar variance for entity CA-04,completed,14.2,"Accounting Mar variance was $2,280,843 vs plan",04/03/2026 04:59:34 PM
r39-0001016,nrodriguez@silverlinefreight.com,Close Checklist Bot,Summarize the Feb variance for entity MX-03,completed,60.4,"Ops Feb variance was $2,337,688 vs plan",04/03/2026 03:37:22 PM
r39-0001017,rclark@silverlinefreight.com,Journal Entry Reviewer,Explain the headcount variance vs plan,completed,1.5,error code 502 from model gateway,04/03/2026 09:22:21 AM
r39-0001018,rclark@silverlinefreight.com,Variance Explainer,Which cost centers are over budget YTD?,completed,29.6,"FP&A Mar variance was $4,136,896 vs plan",04/03/2026 07:54:17 PM
r39-0001019,rclark@silverlinefreight.com,Board Deck Builder,Build the board deck cash slide for Jun,completed,73.9,"Treasury Jun variance was $2,840,026 vs plan",04/03/2026 03:15:39 PM
r39-0001020,rclark@silverlinefreight.com,Cash Forecaster,Draft flux commentary for the Feb close,completed,30.2,"Ops Feb variance was $3,772,585 vs plan",04/03/2026 02:02:49 PM
r39-0001021,nrodriguez@silverlinefreight.com,Headcount Planner,Summarize the Mar variance for entity US-05,completed,0.2,error code 502 from model gateway,04/03/2026 02:21:46 PM
r39-0001022,rclark@silverlinefreight.com,Cash Forecaster,Build the board deck cash slide for Jan,completed,3.8,"Ops Jan variance was $150,541 vs plan",04/03/2026 06:03:00 AM
r39-0001023,rjones@silverlinefreight.com,Close Checklist Bot,Build the board deck cash slide for Jun,completed,11.0,"Treasury Jun variance was $1,199,159 vs plan",04/03/2026 12:26:23 PM
r39-0001024,fwilson@silverlinefreight.com,Board Deck Builder,Reconcile AP aging over 90 days for MX-02,completed,0.6,error code 502 from model gateway,04/03/2026 06:24:40 AM
r39-0001025,nrodriguez@silverlinefreight.com,Board Deck Builder,Summarize the Jun variance for entity EU-06,completed,48.0,"Ops Jun variance was $3,549,393 vs plan",04/03/2026 12:02:15 PM
r39-0001026,rclark@silverlinefreight.com,Vendor Spend Analyzer,Reconcile AP aging over 90 days for MX-07,completed,19.4,"FP&A Feb variance was $2,501,942 vs plan",04/03/2026 04:27:05 PM
r39-0001027,nrodriguez@silverlinefreight.com,Covenant Checker,Summarize the Jan variance for entity CA-04,completed,69.5,"Treasury Jan variance was $1,779,175 vs plan",04/03/2026 02:44:35 PM
r39-0001028,rclark@silverlinefreight.com,Revenue Recognizer,Reconcile AP aging over 90 days for EU-02,error,4.9,ERROR: upstream request timed out,04/04/2026 11:05:50 AM
r39-0001029,nrodriguez@silverlinefreight.com,Journal Entry Reviewer,Draft flux commentary for the Apr close,error,3.7,FAILED: null reference in aggregation step,04/04/2026 07:37:11 PM
r39-0001030,fwilson@silverlinefreight.com,Board Deck Builder,What drove the change in gross margin this quarter?,completed,58.3,"FP&A Feb variance was $1,614,108 vs plan",04/04/2026 08:12:09 AM
r39-0001031,nrodriguez@silverlinefreight.com,Close Checklist Bot,Draft flux commentary for the Apr close,completed,18.7,"Ops Apr variance was $2,027,016 vs plan",04/04/2026 01:04:35 PM
r39-0001032,fwilson@silverlinefreight.com,Board Deck Builder,Which cost centers are over budget YTD?,completed,9.0,"Treasury Apr variance was $3,983,709 vs plan",04/04/2026 06:34:05 AM
r39-0001033,fwilson@silverlinefreight.com,Journal Entry Reviewer,Check covenant compliance for the revolver,completed,39.4,"Ops Jan variance was $4,035,468 vs plan",04/04/2026 09:48:02 AM
r39-0001034,nrodriguez@silverlinefreight.com,Covenant Checker,Why did Accounting spend exceed budget in Jan?,completed,17.4,"Accounting Jan variance was $822,556 vs plan",04/04/2026 11:42:19 AM
r39-0001035,nrodriguez@silverlinefreight.com,Vendor Spend Analyzer,Summarize the Jan variance for entity US-06,completed,27.2,"Accounting Jan variance was $1,589,131 vs plan",04/04/2026 02:11:30 PM
r39-0001036,nrodriguez@silverlinefreight.com,Vendor Spend Analyzer,Build the board deck cash slide for Apr,completed,0.9,error code 502 from model gateway,04/04/2026 04:48:22 PM
r39-0001037,nrodriguez@silverlinefreight.com,Board Deck Builder,Forecast May operating cash flow,completed,44.3,"Ops May variance was $504,537 vs plan",04/04/2026 01:16:19 PM
r39-0001038,rclark@silverlinefreight.com,AP Aging Analyst,Forecast May operating cash flow,completed,52.4,"Ops May variance was $1,489,340 vs plan",04/04/2026 10:59:10 AM
r39-0001039,rclark@silverlinefreight.com,Covenant Checker,Check covenant compliance for the revolver,completed,11.0,"Ops Jan variance was $4,768,383 vs plan",04/04/2026 08:33:28 AM
r39-0001040,fwilson@silverlinefreight.com,Vendor Spend Analyzer,Draft flux commentary for the Feb close,completed,28.0,"Accounting Feb variance was $3,589,414 vs plan",04/04/2026 03:55:37 PM
r39-0001041,nrodriguez@silverlinefreight.com,Flux Commentary,Draft flux commentary for the Jan close,completed,72.6,"Treasury Jan variance was $1,680,904 vs plan",04/04/2026 08:19:03 AM
r39-0001042,nrodriguez@silverlinefreight.com,Headcount Planner,Check covenant compliance for the revolver,completed,58.9,"Accounting Jan variance was $1,614,738 vs plan",04/04/2026 03:26:29 PM
r39-0001043,rclark@silverlinefreight.com,Revenue Recognizer,What drove the change in gross margin this quarter?,completed,3.7,"Accounting Jun variance was $1,332,185 vs plan",04/04/2026 02:49:38 PM
r39-0001044,rclark@silverlinefreight.com,Variance Explainer,Why did FP&A spend exceed budget in Jun?,completed,11.9,"FP&A Jun variance was $1,734,425 vs plan",04/04/2026 08:20:51 AM
r39-0001045,nrodriguez@silverlinefreight.com,Journal Entry Reviewer,Why did Ops spend exceed budget in Mar?,completed,18.7,"Ops Mar variance was $1,339,167 vs plan",04/04/2026 02:00:10 PM
r39-0001046,rjones@silverlinefreight.com,Variance Explainer,Why did Treasury spend exceed budget in Apr?,completed,58.9,"Treasury Apr variance was $2,159,443 vs plan",04/04/2026 07:57:17 AM
r39-0001047,rclark@silverlinefreight.com,Variance Explainer,What drove the change in gross margin this quarter?,completed,57.4,"Ops Jun variance was $4,036,636 vs plan",04/04/2026 11:23:33 AM
r39-0001048,rclark@silverlinefreight.com,Revenue Recognizer,Summarize the May variance for entity MX-02,completed,54.3,"Ops May variance was $1,049,270 vs plan",04/04/2026 08:45:09 AM
r39-0001049,fwilson@silverlinefreight.com,Headcount Planner,Build the board deck cash slide for Jan,error,6.6,Traceback (most recent call last): KeyError 'entity',04/04/2026 02:55:01 PM
r39-0001050,rclark@silverlinefreight.com,Covenant Checker,Which cost centers are over budget YTD?,completed,15.8,"FP&A Jun variance was $2,278,027 vs plan",04/05/2026 01:21:39 PM
r39-0001051,nrodriguez@silverlinefreight.com,Variance Explainer,What drove the change in gross margin this quarter?,completed,40.3,"Treasury May variance was $1,117,345 vs plan",04/05/2026 03:11:48 PM
r39-0001052,nrodriguez@silverlinefreight.com,AP Aging Analyst,Draft flux commentary for the Feb close,completed,1.8,FAILED: null reference in aggregation step,04/05/2026 05:17:22 PM
r39-0001053,fwilson@silverlinefreight.com,Variance Explainer,Build the board deck cash slide for Feb,completed,17.8,"Treasury Feb variance was $857,812 vs plan",04/05/2026 11:37:59 AM
r39-0001054,rclark@silverlinefreight.com,Cash Forecaster,Which cost centers are over budget YTD?,completed,33.1,"Accounting Mar variance was $1,016,137 vs plan",04/05/2026 01:55:56 PM
r39-0001055,rclark@silverlinefreight.com,Flux Commentary,Draft flux commentary for the May close,completed,33.8,"Accounting May variance was $4,301,071 vs plan",04/05/2026 11:46:54 AM
r39-0001056,rjones@silverlinefreight.com,Journal Entry Reviewer,Build the board deck cash slide for Apr,completed,32.5,"Ops Apr variance was $740,023 vs plan",04/05/2026 02:34:49 PM
r39-0001057,rclark@silverlinefreight.com,Flux Commentary,Check covenant compliance for the revolver,completed,59.9,"Ops Apr variance was $1,165,585 vs plan",04/05/2026 12:44:28 PM
r39-0001058,nrodriguez@silverlinefreight.com,Revenue Recognizer,Build the board deck cash slide for Jan,completed,6.0,"FP&A Jan variance was $2,150,862 vs plan",04/05/2026 09:56:00 AM
r39-0001059,fwilson@silverlinefreight.com,Flux Commentary,Forecast Jan operating cash flow,completed,71.7,"Accounting Jan variance was $1,192,738 vs plan",04/05/2026 02:57:38 PM
r39-0001060,fwilson@silverlinefreight.com,Variance Explainer,Which cost centers are over budget YTD?,completed,56.6,"FP&A Jun variance was $4,745,646 vs plan",04/05/2026 01:56:41 PM
r39-0001061,rclark@silverlinefreight.com,Revenue Recognizer,Reconcile AP aging over 90 days for EU-02,completed,69.4,"Treasury May variance was $3,835,450 vs plan",04/05/2026 01:08:33 PM
r39-0001062,nrodriguez@silverlinefreight.com,Variance Explainer,Summarize the Feb variance for entity MX-09,completed,64.1,"Accounting Feb variance was $3,483,402 vs plan",04/05/2026 08:49:43 AM
r39-0001063,nrodriguez@silverlinefreight.com,AP Aging Analyst,What drove the change in gross margin this quarter?,completed,20.4,"Accounting Jun variance was $1,963,876 vs plan",04/06/2026 08:27:02 AM
r39-0001064,nrodriguez@silverlinefreight.com,Close Checklist Bot,Which cost centers are over budget YTD?,completed,67.0,"Ops Jan variance was $173,657 vs plan",04/06/2026 03:59:51 PM
r39-0001065,nrodriguez@silverlinefreight.com,Covenant Checker,Which cost centers are over budget YTD?,completed,12.2,"FP&A Jan variance was $2,911,442 vs plan",04/06/2026 11:13:47 AM
r39-0001066,fwilson@silverlinefreight.com,Covenant Checker,Why did Accounting spend exceed budget in Feb?,completed,33.3,"Accounting Feb variance was $3,219,951 vs plan",04/06/2026 11:32:34 AM
r39-0001067,rjones@silverlinefreight.com,Covenant Checker,Explain the headcount variance vs plan,error,1.0,error code 502 from model gateway,04/06/2026 11:10:28 AM
r39-0001068,fwilson@silverlinefreight.com,Budget vs Actual,Why did Accounting spend exceed budget in May?,completed,35.7,"Accounting May variance was $44,330 vs plan",04/06/2026 06:36:25 AM
r39-0001069,rclark@silverlinefreight.com,Covenant Checker,Summarize the Mar variance for entity US-04,completed,5.8,"FP&A Mar variance was $967,064 vs plan",04/06/2026 11:05:57 AM
r39-0001070,rclark@silverlinefreight.com,Cash Forecaster,Summarize the Feb variance for entity US-04,completed,19.2,"Ops Feb variance was $3,898,961 vs plan",04/06/2026 02:04:55 PM
r39-0001071,nrodriguez@silverlinefreight.com,Variance Explainer,What drove the change in gross margin this quarter?,completed,14.3,"FP&A Mar variance was $4,454,558 vs plan",04/06/2026 02:14:54 PM
r39-0001072,nrodriguez@silverlinefreight.com,Budget vs Actual,Forecast Feb operating cash flow,completed,62.2,"Accounting Feb variance was $4,571,612 vs plan",04/06/2026 12:38:43 PM
r39-0001073,rjones@silverlinefreight.com,Cash Forecaster,Explain the headcount variance vs plan,completed,41.6,"FP&A Jun variance was $3,932,383 vs plan",04/06/2026 09:59:13 AM
r39-0001074,rclark@silverlinefreight.com,Variance Explainer,Which cost centers are over budget YTD?,completed,54.1,"FP&A Apr variance was $2,286,226 vs plan",04/06/2026 03:49:29 PM
r39-0001075,nrodriguez@silverlinefreight.com,Revenue Recognizer,Reconcile AP aging over 90 days for CA-01,completed,56.6,"FP&A Feb variance was $2,827,385 vs plan",04/06/2026 12:44:42 PM
r39-0001076,fwilson@silverlinefreight.com,Headcount Planner,Build the board deck cash slide for Jun,completed,35.2,"FP&A Jun variance was $3,972,920 vs plan",04/06/2026 04:32:04 PM
r39-0001077,rclark@silverlinefreight.com,Flux Commentary,Check covenant compliance for the revolver,completed,71.2,"Accounting Mar variance was $3,972,692 vs plan",04/06/2026 09:06:05 AM
r39-0001078,rjones@silverlinefreight.com,Cash Forecaster,Why did Ops spend exceed budget in Jan?,completed,57.9,"Ops Jan variance was $4,349,241 vs plan",04/06/2026 09:52:19 AM
r39-0001079,fwilson@silverlinefreight.com,Revenue Recognizer,Explain the headcount variance vs plan,completed,39.0,"Accounting Jan variance was $2,596,069 vs plan",04/06/2026 02:22:22 PM
r39-0001080,nrodriguez@silverlinefreight.com,Flux Commentary,What drove the change in gross margin this quarter?,completed,3.8,"Accounting Jan variance was $3,455,195 vs plan",04/06/2026 12:39:28 PM
r39-0001081,nrodriguez@silverlinefreight.com,Cash Forecaster,Draft flux commentary for the Mar close,completed,67.0,"FP&A Mar variance was $3,402,667 vs plan",04/06/2026 01:17:46 PM
r39-0001082,fwilson@silverlinefreight.com,Headcount Planner,Explain the headcount variance vs plan,completed,42.8,"FP&A Apr variance was $29,858 vs plan",04/06/2026 11:09:07 AM
r39-0001083,rclark@silverlinefreight.com,Close Checklist Bot,Explain the headcount variance vs plan,completed,53.6,"FP&A Apr variance was $3,846,200 vs plan",04/06/2026 02:27:07 PM
r39-0001084,rclark@silverlinefreight.com,AP Aging Analyst,Build the board deck cash slide for Jun,completed,51.3,"Ops Jun variance was $1,369,324 vs plan",04/06/2026 11:00:17 AM
r39-0001085,nrodriguez@silverlinefreight.com,Board Deck Builder,Which cost centers are over budget YTD?,completed,11.0,"FP&A May variance was $143,256 vs plan",04/06/2026 08:39:37 AM
r39-0001086,fwilson@silverlinefreight.com,Revenue Recognizer,Why did FP&A spend exceed budget in May?,completed,13.5,"FP&A May variance was $353,416 vs plan",04/06/2026 12:13:54 PM
r39-0001087,rclark@silverlinefreight.com,Revenue Recognizer,Why did Accounting spend exceed budget in Feb?,completed,1.2,error code 502 from model gateway,04/06/2026 05:15:19 PM
r39-0001088,nrodriguez@silverlinefreight.com,Headcount Planner,Reconcile AP aging over 90 days for MX-04,completed,30.2,"Accounting Jun variance was $1,904,987 vs plan",04/06/2026 11:11:23 AM
r39-0001089,nrodriguez@silverlinefreight.com,Journal Entry Reviewer,Why did Treasury spend exceed budget in Jan?,completed,66.3,"Treasury Jan variance was $1,938,674 vs plan",04/06/2026 09:10:44 AM
r39-0001090,fwilson@silverlinefreight.com,Flux Commentary,Why did Ops spend exceed budget in May?,error,6.4,FAILED: null reference in aggregation step,04/06/2026 01:08:35 PM
r39-0001091,rclark@silverlinefreight.com,Flux Commentary,Why did FP&A spend exceed budget in May?,completed,21.2,"FP&A May variance was $3,961,636 vs plan",04/06/2026 01:51:43 PM
r39-0001092,rjones@silverlinefreight.com,Flux Commentary,Build the board deck cash slide for Mar,completed,47.5,"Accounting Mar variance was $3,418,263 vs plan",04/06/2026 01:12:14 PM
r39-0001093,rjones@silverlinefreight.com,Vendor Spend Analyzer,Explain the headcount variance vs plan,completed,70.4,"Ops May variance was $4,500,554 vs plan",04/06/2026 07:30:28 PM
r39-0001094,rjones@silverlinefreight.com,Covenant Checker,Summarize the Jan variance for entity US-05,completed,3.3,"Ops Jan variance was $3,222,248 vs plan",04/07/2026 12:17:53 PM
r39-0001095,rclark@silverlinefreight.com,Vendor Spend Analyzer,Draft flux commentary for the Mar close,completed,12.2,"Treasury Mar variance was $726,746 vs plan",04/07/2026 11:50:14 AM
r39-0001096,nrodriguez@silverlinefreight.com,Close Checklist Bot,Build the board deck cash slide for Apr,completed,5.2,"Accounting Apr variance was $4,174,355 vs plan",04/07/2026 01:51:46 PM
r39-0001097,rjones@silverlinefreight.com,Board Deck Builder,Why did Ops spend exceed budget in Jan?,completed,63.3,"Ops Jan variance was $1,933,125 vs plan",04/07/2026 05:00:42 PM
r39-0001098,nrodriguez@silverlinefreight.com,Revenue Recognizer,Summarize the Apr variance for entity EU-05,completed,3.8,"Treasury Apr variance was $2,714,812 vs plan",04/07/2026 10:00:16 AM
r39-0001099,nrodriguez@silverlinefreight.com,Flux Commentary,Reconcile AP aging over 90 days for EU-01,completed,39.0,"Treasury Jan variance was $3,386,216 vs plan",04/07/2026 03:00:03 PM
r39-0001100,rclark@silverlinefreight.com,Flux Commentary,Draft flux commentary for the Jan close,completed,68.5,"Treasury Jan variance was $2,232,587 vs plan",04/07/2026 10:22:14 AM
r39-0001101,rclark@silverlinefreight.com,Revenue Recognizer,Explain the headcount variance vs plan,completed,70.3,"Ops Mar variance was $2,074,470 vs plan",04/07/2026 12:12:40 PM
r39-0001102,rclark@silverlinefreight.com,Cash Forecaster,Explain the headcount variance vs plan,completed,62.1,"FP&A Apr variance was $1,293,678 vs plan",04/07/2026 09:07:22 AM
r39-0001103,rjones@silverlinefreight.com,Journal Entry Reviewer,Explain the headcount variance vs plan,completed,24.3,"Ops May variance was $2,340,253 vs plan",04/07/2026 08:52:23 AM
r39-0001104,rclark@silverlinefreight.com,Flux Commentary,Explain the headcount variance vs plan,completed,45.7,"Ops Jun variance was $95,298 vs plan",04/07/2026 11:47:07 AM
r39-0001105,nrodriguez@silverlinefreight.com,Headcount Planner,Explain the headcount variance vs plan,completed,28.7,"Ops Jun variance was $2,632,756 vs plan",04/07/2026 05:50:12 PM
r39-0001106,nrodriguez@silverlinefreight.com,Journal Entry Reviewer,What drove the change in gross margin this quarter?,completed,49.1,"FP&A Apr variance was $1,725,023 vs plan",04/07/2026 09:50:05 AM
r39-0001107,nrodriguez@silverlinefreight.com,Headcount Planner,Check covenant compliance for the revolver,completed,0.6,error: connection reset by peer,04/07/2026 09:21:18 AM
r39-0001108,rclark@silverlinefreight.com,Cash Forecaster,Summarize the Jun variance for entity US-07,error,7.7,error code 502 from model gateway,04/07/2026 11:22:15 AM
r39-0001109,rclark@silverlinefreight.com,Budget vs Actual,Draft flux commentary for the Jun close,completed,70.1,"FP&A Jun variance was $83,643 vs plan",04/07/2026 10:12:13 AM
r39-0001110,rclark@silverlinefreight.com,Vendor Spend Analyzer,Draft flux commentary for the Feb close,completed,0.4,FAILED: null reference in aggregation step,04/07/2026 02:07:31 PM
r39-0001111,fwilson@silverlinefreight.com,Flux Commentary,What drove the change in gross margin this quarter?,completed,66.8,"Ops May variance was $3,969,000 vs plan",04/07/2026 01:58:10 PM
r39-0001112,rclark@silverlinefreight.com,Variance Explainer,Forecast May operating cash flow,completed,71.5,"Accounting May variance was $648,237 vs plan",04/07/2026 11:16:51 AM
r39-0001113,rclark@silverlinefreight.com,Vendor Spend Analyzer,Build the board deck cash slide for Jan,completed,56.2,"FP&A Jan variance was $1,457,642 vs plan",04/07/2026 12:32:50 PM
r39-0001114,fwilson@silverlinefreight.com,Headcount Planner,Why did Treasury spend exceed budget in Mar?,completed,50.8,"Treasury Mar variance was $2,527,349 vs plan",04/07/2026 05:44:58 PM
r39-0001115,nrodriguez@silverlinefreight.com,Board Deck Builder,Draft flux commentary for the May close,completed,61.6,"Accounting May variance was $4,519,680 vs plan",04/07/2026 10:25:02 AM
r39-0001116,rclark@silverlinefreight.com,Vendor Spend Analyzer,Check covenant compliance for the revolver,completed,51.6,"Ops Apr variance was $2,776,149 vs plan",04/07/2026 03:35:25 PM
r39-0001117,fwilson@silverlinefreight.com,Headcount Planner,Reconcile AP aging over 90 days for EU-06,completed,72.3,"Treasury Apr variance was $3,123,884 vs plan",04/07/2026 10:24:19 AM
r39-0001118,fwilson@silverlinefreight.com,Journal Entry Reviewer,Build the board deck cash slide for Jan,completed,70.9,"Ops Jan variance was $939,549 vs plan",04/07/2026 06:21:55 PM
r39-0001119,nrodriguez@silverlinefreight.com,Covenant Checker,Forecast Jun operating cash flow,completed,58.1,"Ops Jun variance was $557,538 vs plan",04/07/2026 11:40:46 AM
r39-0001120,fwilson@silverlinefreight.com,Headcount Planner,Why did Ops spend exceed budget in Jun?,completed,33.8,"Ops Jun variance was $949,003 vs plan",04/07/2026 11:31:23 AM
r39-0001121,rclark@silverlinefreight.com,Revenue Recognizer,Summarize the May variance for entity MX-04,completed,20.0,"FP&A May variance was $4,524,228 vs plan",04/07/2026 01:27:31 PM
r39-0001122,nrodriguez@silverlinefreight.com,Covenant Checker,Summarize the Mar variance for entity MX-09,completed,61.9,"Ops Mar variance was $2,505,160 vs plan",04/07/2026 11:02:30 AM
r39-0001123,rclark@silverlinefreight.com,Journal Entry Reviewer,Build the board deck cash slide for Jan,completed,63.4,"Treasury Jan variance was $4,523,686 vs plan",04/07/2026 04:26:56 PM
r39-0001124,rclark@silverlinefreight.com,Cash Forecaster,Build the board deck cash slide for Mar,completed,53.2,"Ops Mar variance was $3,772,525 vs plan",04/07/2026 05:11:20 PM
r39-0001125,fwilson@silverlinefreight.com,Journal Entry Reviewer,Reconcile AP aging over 90 days for EU-04,completed,17.9,"Accounting Jun variance was $919,742 vs plan",04/07/2026 12:38:59 PM
r39-0001126,nrodriguez@silverlinefreight.com,Cash Forecaster,Draft flux commentary for the May close,completed,52.2,"Treasury May variance was $2,725,912 vs plan",04/07/2026 12:48:42 PM
r39-0001127,rclark@silverlinefreight.com,Vendor Spend Analyzer,Check covenant compliance for the revolver,completed,7.2,"FP&A Mar variance was $3,699,529 vs plan",04/07/2026 11:50:10 AM
r39-0001128,nrodriguez@silverlinefreight.com,Close Checklist Bot,Reconcile AP aging over 90 days for EU-06,completed,31.1,"Accounting Jan variance was $4,543,527 vs plan",04/07/2026 02:18:16 PM
r39-0001129,rclark@silverlinefreight.com,Headcount Planner,Which cost centers are over budget YTD?,completed,12.6,"Ops Mar variance was $3,695,359 vs plan",04/07/2026 10:28:06 AM
r39-0001130,nrodriguez@silverlinefreight.com,Cash Forecaster,What drove the change in gross margin this quarter?,completed,56.0,"Treasury May variance was $2,971,109 vs plan",04/07/2026 01:21:45 PM
r39-0001131,fwilson@silverlinefreight.com,Cash Forecaster,Reconcile AP aging over 90 days for MX-06,completed,9.8,"Treasury May variance was $2,543,328 vs plan",04/07/2026 03:56:12 PM
r39-0001132,nrodriguez@silverlinefreight.com,Flux Commentary,Check covenant compliance for the revolver,completed,32.8,"Ops May variance was $3,665,414 vs plan",04/07/2026 10:28:38 AM
r39-0001133,rclark@silverlinefreight.com,Board Deck Builder,Draft flux commentary for the May close,completed,33.7,"FP&A May variance was $3,172,143 vs plan",04/07/2026 11:44:03 AM
r39-0001134,nrodriguez@silverlinefreight.com,AP Aging Analyst,Draft flux commentary for the Apr close,completed,21.2,"Ops Apr variance was $2,630,659 vs plan",04/07/2026 08:47:57 AM
r39-0001135,nrodriguez@silverlinefreight.com,Flux Commentary,What drove the change in gross margin this quarter?,completed,13.9,"FP&A Apr variance was $377,424 vs plan",04/07/2026 12:43:24 PM
r39-0001136,fwilson@silverlinefreight.com,Budget vs Actual,Explain the headcount variance vs plan,completed,30.6,"Ops Mar variance was $2,920,059 vs plan",04/08/2026 01:03:12 PM
r39-0001137,rclark@silverlinefreight.com,Revenue Recognizer,What drove the change in gross margin this quarter?,completed,62.5,"Accounting Mar variance was $2,976,093 vs plan",04/08/2026 12:02:46 PM
r39-0001138,nrodriguez@silverlinefreight.com,Journal Entry Reviewer,Forecast Apr operating cash flow,completed,55.4,"Ops Apr variance was $2,984,744 vs plan",04/08/2026 08:08:15 AM
r39-0001139,nrodriguez@silverlinefreight.com,Close Checklist Bot,Draft flux commentary for the Apr close,completed,57.1,"FP&A Apr variance was $4,410,224 vs plan",04/08/2026 02:35:18 PM
r39-0001140,nrodriguez@silverlinefreight.com,Covenant Checker,Which cost centers are over budget YTD?,completed,63.8,"Ops Mar variance was $1,291,997 vs plan",04/08/2026 03:27:50 PM
r39-0001141,rclark@silverlinefreight.com,Vendor Spend Analyzer,Explain the headcount variance vs plan,completed,64.9,"Accounting Apr variance was $447,550 vs plan",04/08/2026 10:12:10 AM
r39-0001142,rclark@silverlinefreight.com,Covenant Checker,Forecast Jan operating cash flow,completed,36.7,"Accounting Jan variance was $836,351 vs plan",04/08/2026 03:54:05 PM
r39-0001143,nrodriguez@silverlinefreight.com,Flux Commentary,What drove the change in gross margin this quarter?,completed,35.3,"FP&A Mar variance was $487,047 vs plan",04/08/2026 11:36:12 AM
r39-0001144,nrodriguez@silverlinefreight.com,Covenant Checker,Which cost centers are over budget YTD?,completed,26.1,"Ops Apr variance was $4,728,150 vs plan",04/08/2026 08:46:29 PM
r39-0001145,fwilson@silverlinefreight.com,Revenue Recognizer,Forecast Jun operating cash flow,error,3.3,error: connection reset by peer,04/08/2026 10:22:37 AM
r39-0001146,fwilson@silverlinefreight.com,Cash Forecaster,Reconcile AP aging over 90 days for EU-05,completed,68.4,"Ops Mar variance was $2,008,361 vs plan",04/08/2026 12:44:13 PM
r39-0001147,nrodriguez@silverlinefreight.com,Revenue Recognizer,Summarize the Mar variance for entity EU-07,completed,67.3,"FP&A Mar variance was $570,831 vs plan",04/08/2026 01:57:29 PM
r39-0001148,rclark@silverlinefreight.com,Close Checklist Bot,Summarize the Feb variance for entity CA-09,completed,44.4,"Treasury Feb variance was $1,653,425 vs plan",04/08/2026 03:10:15 PM
r39-0001149,rclark@silverlinefreight.com,Revenue Recognizer,Check covenant compliance for the revolver,completed,66.0,"Treasury May variance was $3,939,544 vs plan",04/08/2026 10:11:58 AM
r39-0001150,nrodriguez@silverlinefreight.com,Variance Explainer,Summarize the Jun variance for entity MX-01,completed,27.9,"Accounting Jun variance was $3,188,551 vs plan",04/08/2026 02:28:49 PM
r39-0001151,nrodriguez@silverlinefreight.com,Flux Commentary,Explain the headcount variance vs plan,completed,60.9,"Ops Jun variance was $4,799,902 vs plan",04/08/2026 03:26:17 PM
r39-0001152,nrodriguez@silverlinefreight.com,Variance Explainer,Build the board deck cash slide for Feb,completed,52.8,"Ops Feb variance was $4,694,072 vs plan",04/08/2026 03:10:26 PM
r39-0001153,nrodriguez@silverlinefreight.com,Budget vs Actual,Forecast Mar operating cash flow,completed,49.7,"FP&A Mar variance was $2,899,785 vs plan",04/08/2026 07:07:36 AM
r39-0001154,nrodriguez@silverlinefreight.com,Close Checklist Bot,Draft flux commentary for the Jun close,completed,40.7,"Ops Jun variance was $4,442,001 vs plan",04/08/2026 07:15:52 AM
r39-0001155,rclark@silverlinefreight.com,Journal Entry Reviewer,Check covenant compliance for the revolver,completed,65.5,"FP&A Mar variance was $3,236,154 vs plan",04/08/2026 03:10:14 PM
r39-0001156,nrodriguez@silverlinefreight.com,Revenue Recognizer,Forecast Jan operating cash flow,error,3.4,Traceback (most recent call last): KeyError 'entity',04/08/2026 09:32:58 AM
r39-0001157,rclark@silverlinefreight.com,AP Aging Analyst,Why did Ops spend exceed budget in Apr?,completed,21.6,"Ops Apr variance was $182,011 vs plan",04/08/2026 09:43:24 AM
r39-0001158,nrodriguez@silverlinefreight.com,Budget vs Actual,Draft flux commentary for the Jan close,completed,7.9,"Ops Jan variance was $4,311,471 vs plan",04/08/2026 11:28:04 AM
r39-0001159,nrodriguez@silverlinefreight.com,Headcount Planner,Forecast Jun operating cash flow,completed,14.1,"Treasury Jun variance was $2,374,620 vs plan",04/08/2026 10:07:39 AM
r39-0001160,rclark@silverlinefreight.com,Close Checklist Bot,Reconcile AP aging over 90 days for EU-01,completed,7.0,"Accounting Apr variance was $1,366,441 vs plan",04/08/2026 01:30:55 PM
r39-0001161,nrodriguez@silverlinefreight.com,Journal Entry Reviewer,What drove the change in gross margin this quarter?,completed,43.4,"Accounting Feb variance was $3,210,499 vs plan",04/08/2026 04:58:26 PM
r39-0001162,rclark@silverlinefreight.com,Headcount Planner,Build the board deck cash slide for Mar,completed,1.1,ERROR: upstream request timed out,04/08/2026 01:41:38 PM
r39-0001163,nrodriguez@silverlinefreight.com,Cash Forecaster,Why did Ops spend exceed budget in Jun?,completed,62.1,"Ops Jun variance was $3,191,214 vs plan",04/09/2026 11:40:55 AM
r39-0001164,rjones@silverlinefreight.com,Flux Commentary,Which cost centers are over budget YTD?,completed,4.2,"Treasury Apr variance was $1,750,745 vs plan",04/09/2026 06:37:46 AM
r39-0001165,fwilson@silverlinefreight.com,Vendor Spend Analyzer,Which cost centers are over budget YTD?,completed,64.8,"Accounting Apr variance was $1,162,274 vs plan",04/09/2026 11:01:55 AM
r39-0001166,rjones@silverlinefreight.com,Revenue Recognizer,Why did Ops spend exceed budget in Jun?,completed,6.7,"Ops Jun variance was $446,182 vs plan",04/09/2026 02:58:53 PM
r39-0001167,rclark@silverlinefreight.com,Flux Commentary,What drove the change in gross margin this quarter?,completed,13.2,"Ops Jan variance was $3,591,059 vs plan",04/09/2026 06:39:16 PM
r39-0001168,fwilson@silverlinefreight.com,Covenant Checker,Check covenant compliance for the revolver,error,4.1,error code 502 from model gateway,04/09/2026 03:41:25 PM
r39-0001169,nrodriguez@silverlinefreight.com,Vendor Spend Analyzer,What drove the change in gross margin this quarter?,completed,0.4,FAILED: null reference in aggregation step,04/09/2026 06:21:13 PM
r39-0001170,rclark@silverlinefreight.com,Journal Entry Reviewer,Explain the headcount variance vs plan,completed,13.0,"FP&A Apr variance was $2,088,154 vs plan",04/09/2026 05:21:41 PM
r39-0001171,nrodriguez@silverlinefreight.com,Variance Explainer,Explain the headcount variance vs plan,completed,0.8,FAILED: null reference in aggregation step,04/09/2026 09:09:25 AM
r39-0001172,rclark@silverlinefreight.com,Vendor Spend Analyzer,Explain the headcount variance vs plan,completed,0.3,ERROR: upstream request timed out,04/09/2026 12:27:55 PM
r39-0001173,rclark@silverlinefreight.com,Flux Commentary,Forecast Jun operating cash flow,completed,64.1,"Treasury Jun variance was $3,293,775 vs plan",04/09/2026 07:51:40 AM
r39-0001174,nrodriguez@silverlinefreight.com,Flux Commentary,Explain the headcount variance vs plan,completed,0.4,error: connection reset by peer,04/09/2026 12:26:39 PM
r39-0001175,nrodriguez@silverlinefreight.com,Revenue Recognizer,Build the board deck cash slide for Jun,completed,39.9,"Ops Jun variance was $1,041,654 vs plan",04/09/2026 06:55:02 AM
r39-0001176,rclark@silverlinefreight.com,Headcount Planner,What drove the change in gross margin this quarter?,completed,1.2,FAILED: null reference in aggregation step,04/09/2026 02:20:24 PM
r39-0001177,rclark@silverlinefreight.com,Close Checklist Bot,Reconcile AP aging over 90 days for MX-04,completed,72.7,"FP&A Mar variance was $2,273,816 vs plan",04/09/2026 08:23:35 AM
r39-0001178,rclark@silverlinefreight.com,Vendor Spend Analyzer,Build the board deck cash slide for Apr,completed,71.6,"Ops Apr variance was $1,888,795 vs plan",04/09/2026 10:30:50 AM
r39-0001179,rclark@silverlinefreight.com,Board Deck Builder,Draft flux commentary for the Feb close,completed,23.3,"Treasury Feb variance was $4,147,887 vs plan",04/09/2026 02:39:44 PM
r39-0001180,nrodriguez@silverlinefreight.com,Revenue Recognizer,What drove the change in gross margin this quarter?,completed,64.4,"Ops Feb variance was $4,583,924 vs plan",04/09/2026 12:56:07 PM
r39-0001181,fwilson@silverlinefreight.com,AP Aging Analyst,Draft flux commentary for the Jan close,error,6.5,error code 502 from model gateway,04/09/2026 12:24:58 PM
r39-0001182,nrodriguez@silverlinefreight.com,Flux Commentary,Check covenant compliance for the revolver,completed,35.2,"Accounting Mar variance was $1,752,897 vs plan",04/09/2026 12:26:14 PM
r39-0001183,rclark@silverlinefreight.com,Board Deck Builder,Summarize the Apr variance for entity MX-04,completed,36.1,"Accounting Apr variance was $2,965,756 vs plan",04/09/2026 11:02:33 AM
r39-0001184,rclark@silverlinefreight.com,Flux Commentary,Summarize the Jun variance for entity MX-03,completed,49.7,"Accounting Jun variance was $3,179,213 vs plan",04/09/2026 10:32:52 AM
r39-0001185,fwilson@silverlinefreight.com,Budget vs Actual,Why did Treasury spend exceed budget in Jan?,completed,65.8,"Treasury Jan variance was $3,370,660 vs plan",04/09/2026 12:47:03 PM
r39-0001186,fwilson@silverlinefreight.com,AP Aging Analyst,Reconcile AP aging over 90 days for EU-06,completed,0.4,FAILED: null reference in aggregation step,04/09/2026 11:54:51 AM
r39-0001187,fwilson@silverlinefreight.com,Variance Explainer,Reconcile AP aging over 90 days for EU-05,completed,69.1,"FP&A Feb variance was $334,663 vs plan",04/09/2026 11:58:58 AM
r39-0001188,rclark@silverlinefreight.com,AP Aging Analyst,Summarize the Jan variance for entity EU-03,completed,1.6,Traceback (most recent call last): KeyError 'entity',04/09/2026 04:39:23 PM
r39-0001189,nrodriguez@silverlinefreight.com,AP Aging Analyst,Why did FP&A spend exceed budget in Apr?,completed,22.7,"FP&A Apr variance was $1,358,734 vs plan",04/09/2026 01:40:35 PM
r39-0001190,nrodriguez@silverlinefreight.com,AP Aging Analyst,Draft flux commentary for the May close,completed,4.4,"Ops May variance was $2,517,771 vs plan",04/09/2026 12:39:36 PM
r39-0001191,fwilson@silverlinefreight.com,Variance Explainer,Summarize the Jan variance for entity CA-06,completed,20.5,"Treasury Jan variance was $1,139,658 vs plan",04/09/2026 01:00:55 PM
r39-0001192,rclark@silverlinefreight.com,Journal Entry Reviewer,Reconcile AP aging over 90 days for EU-09,completed,40.0,"Ops Mar variance was $2,148,812 vs plan",04/09/2026 03:19:34 PM
r39-0001193,nrodriguez@silverlinefreight.com,Covenant Checker,Forecast May operating cash flow,completed,61.6,"Accounting May variance was $3,427,944 vs plan",04/09/2026 03:05:24 PM
r39-0001194,rclark@silverlinefreight.com,Variance Explainer,Why did Treasury spend exceed budget in Mar?,completed,25.4,"Treasury Mar variance was $2,172,993 vs plan",04/09/2026 11:47:39 AM
r39-0001195,nrodriguez@silverlinefreight.com,Cash Forecaster,Check covenant compliance for the revolver,error,4.2,Traceback (most recent call last): KeyError 'entity',04/09/2026 11:12:15 AM
r39-0001196,rclark@silverlinefreight.com,AP Aging Analyst,Explain the headcount variance vs plan,completed,17.3,"Treasury May variance was $4,302,838 vs plan",04/09/2026 04:07:47 PM
r39-0001197,rjones@silverlinefreight.com,Covenant Checker,Forecast Mar operating cash flow,completed,4.8,"Ops Mar variance was $2,759,854 vs plan",04/09/2026 04:32:09 PM
r39-0001198,rclark@silverlinefreight.com,Board Deck Builder,Draft flux commentary for the Mar close,completed,5.3,"Treasury Mar variance was $3,688,578 vs plan",04/09/2026 01:02:12 PM
r39-0001199,rjones@silverlinefreight.com,Board Deck Builder,Draft flux commentary for the Mar close,completed,20.6,"Ops Mar variance was $2,636,150 vs plan",04/09/2026 03:33:08 PM
r39-0001200,rclark@silverlinefreight.com,Variance Explainer,Forecast Mar operating cash flow,error,0.6,error code 502 from model gateway,04/09/2026 11:17:09 AM
r39-0001201,rclark@silverlinefreight.com,Revenue Recognizer,Which cost centers are over budget YTD?,completed,61.8,"FP&A Feb variance was $3,126,289 vs plan",04/09/2026 11:09:35 AM
r39-0001202,nrodriguez@silverlinefreight.com,Budget vs Actual,Why did Ops spend exceed budget in Jan?,completed,73.3,"Ops Jan variance was $780,371 vs plan",04/10/2026 02:25:19 PM
r39-0001203,rclark@silverlinefreight.com,Covenant Checker,Summarize the Feb variance for entity MX-05,error,5.0,FAILED: null reference in aggregation step,04/10/2026 04:23:04 PM
r39-0001204,rclark@silverlinefreight.com,Cash Forecaster,Summarize the Feb variance for entity MX-01,completed,59.1,"Accounting Feb variance was $75,984 vs plan",04/10/2026 06:25:31 PM
r39-0001205,nrodriguez@silverlinefreight.com,Headcount Planner,Summarize the Mar variance for entity US-05,completed,10.1,"FP&A Mar variance was $1,807,880 vs plan",04/10/2026 10:25:53 AM
r39-0001206,nrodriguez@silverlinefreight.com,Revenue Recognizer,Forecast Mar operating cash flow,completed,11.4,"Ops Mar variance was $2,603,853 vs plan",04/10/2026 02:43:25 PM
r39-0001207,nrodriguez@silverlinefreight.com,AP Aging Analyst,Reconcile AP aging over 90 days for MX-03,completed,30.3,"FP&A Apr variance was $1,772,435 vs plan",04/10/2026 11:10:56 AM
r39-0001208,nrodriguez@silverlinefreight.com,Covenant Checker,What drove the change in gross margin this quarter?,completed,33.6,"Treasury Jan variance was $4,213,083 vs plan",04/10/2026 01:57:45 PM
r39-0001209,nrodriguez@silverlinefreight.com,Cash Forecaster,Forecast Jun operating cash flow,completed,64.6,"FP&A Jun variance was $1,469,254 vs plan",04/10/2026 02:37:07 PM
r39-0001210,nrodriguez@silverlinefreight.com,Variance Explainer,Why did FP&A spend exceed budget in Apr?,completed,34.4,"FP&A Apr variance was $635,987 vs plan",04/10/2026 06:58:01 PM
r39-0001211,nrodriguez@silverlinefreight.com,Budget vs Actual,Reconcile AP aging over 90 days for MX-04,completed,25.8,"Treasury Mar variance was $3,531,043 vs plan",04/10/2026 11:10:12 AM
r39-0001212,nrodriguez@silverlinefreight.com,Flux Commentary,Summarize the Feb variance for entity CA-04,completed,48.1,"Treasury Feb variance was $1,831,232 vs plan",04/10/2026 01:56:37 PM
r39-0001213,rclark@silverlinefreight.com,Budget vs Actual,Why did Ops spend exceed budget in Apr?,completed,37.3,"Ops Apr variance was $730,354 vs plan",04/10/2026 05:27:17 PM
r39-0001214,nrodriguez@silverlinefreight.com,Close Checklist Bot,Explain the headcount variance vs plan,completed,53.7,"Accounting May variance was $1,974,414 vs plan",04/10/2026 03:19:37 PM
r39-0001215,nrodriguez@silverlinefreight.com,Headcount Planner,Why did Treasury spend exceed budget in May?,completed,52.8,"Treasury May variance was $975,099 vs plan",04/10/2026 02:28:47 PM
r39-0001216,rclark@silverlinefreight.com,Cash Forecaster,Explain the headcount variance vs plan,completed,58.0,"Accounting Apr variance was $3,571,837 vs plan",04/10/2026 03:26:25 PM
r39-0001217,rclark@silverlinefreight.com,Board Deck Builder,Build the board deck cash slide for May,completed,53.1,"FP&A May variance was $4,119,508 vs plan",04/10/2026 02:17:52 PM
r39-0001218,rclark@silverlinefreight.com,Variance Explainer,Which cost centers are over budget YTD?,completed,22.4,"Accounting Jan variance was $1,554,158 vs plan",04/10/2026 11:11:52 AM
r39-0001219,nrodriguez@silverlinefreight.com,Budget vs Actual,Why did Treasury spend exceed budget in Jan?,completed,58.8,"Treasury Jan variance was $1,071,991 vs plan",04/10/2026 01:17:52 PM
r39-0001220,fwilson@silverlinefreight.com,Covenant Checker,Why did FP&A spend exceed budget in Jan?,completed,70.7,"FP&A Jan variance was $3,470,353 vs plan",04/10/2026 03:16:45 PM
r39-0001221,rclark@silverlinefreight.com,Variance Explainer,Reconcile AP aging over 90 days for EU-03,completed,46.2,"Treasury Mar variance was $1,729,616 vs plan",04/10/2026 03:00:52 PM
r39-0001222,rclark@silverlinefreight.com,Headcount Planner,Build the board deck cash slide for Jun,completed,13.4,"Ops Jun variance was $216,946 vs plan",04/10/2026 05:03:55 PM
r39-0001223,rclark@silverlinefreight.com,Variance Explainer,What drove the change in gross margin this quarter?,completed,26.8,"FP&A Jun variance was $324,203 vs plan",04/10/2026 05:04:55 PM
r39-0001224,nrodriguez@silverlinefreight.com,Cash Forecaster,Why did FP&A spend exceed budget in Jun?,completed,48.6,"FP&A Jun variance was $3,759,795 vs plan",04/10/2026 01:13:38 PM
r39-0001225,rclark@silverlinefreight.com,Revenue Recognizer,Explain the headcount variance vs plan,completed,70.9,"FP&A Feb variance was $985,790 vs plan",04/10/2026 09:51:59 AM
r39-0001226,rclark@silverlinefreight.com,Journal Entry Reviewer,Check covenant compliance for the revolver,completed,44.7,"Treasury Jun variance was $4,690,566 vs plan",04/11/2026 02:12:05 PM
r39-0001227,nrodriguez@silverlinefreight.com,Budget vs Actual,Why did Ops spend exceed budget in Apr?,completed,32.0,"Ops Apr variance was $2,329,791 vs plan",04/11/2026 02:56:09 PM
r39-0001228,nrodriguez@silverlinefreight.com,Board Deck Builder,Which cost centers are over budget YTD?,completed,47.2,"FP&A Jun variance was $3,861,832 vs plan",04/11/2026 01:48:37 PM
r39-0001229,rclark@silverlinefreight.com,Journal Entry Reviewer,What drove the change in gross margin this quarter?,completed,59.1,"Treasury Feb variance was $1,173,324 vs plan",04/11/2026 11:43:30 AM
r39-0001230,rjones@silverlinefreight.com,Variance Explainer,Draft flux commentary for the Apr close,error,2.5,FAILED: null reference in aggregation step,04/11/2026 12:45:46 PM
r39-0001231,rclark@silverlinefreight.com,Budget vs Actual,Summarize the Jan variance for entity EU-03,error,6.5,error: connection reset by peer,04/11/2026 08:54:23 AM
r39-0001232,fwilson@silverlinefreight.com,Vendor Spend Analyzer,Check covenant compliance for the revolver,completed,50.8,"Treasury Feb variance was $3,956,731 vs plan",04/11/2026 09:00:32 AM
r39-0001233,fwilson@silverlinefreight.com,Covenant Checker,Summarize the Apr variance for entity CA-03,error,7.3,Traceback (most recent call last): KeyError 'entity',04/11/2026 01:41:34 PM
r39-0001234,nrodriguez@silverlinefreight.com,Cash Forecaster,Build the board deck cash slide for Apr,completed,51.1,"FP&A Apr variance was $4,295,194 vs plan",04/11/2026 08:15:02 AM
r39-0001235,rclark@silverlinefreight.com,Budget vs Actual,Which cost centers are over budget YTD?,completed,23.6,"Ops Jun variance was $4,370,031 vs plan",04/11/2026 04:38:38 PM
r39-0001236,rclark@silverlinefreight.com,Close Checklist Bot,Draft flux commentary for the Feb close,completed,55.0,"Ops Feb variance was $490,317 vs plan",04/11/2026 01:06:14 PM
r39-0001237,nrodriguez@silverlinefreight.com,Vendor Spend Analyzer,Explain the headcount variance vs plan,completed,1.7,Traceback (most recent call last): KeyError 'entity',04/11/2026 12:19:11 PM
r39-0001238,rclark@silverlinefreight.com,Headcount Planner,Build the board deck cash slide for Mar,completed,29.1,"Ops Mar variance was $489,802 vs plan",04/11/2026 12:27:25 PM
r39-0001239,rclark@silverlinefreight.com,Covenant Checker,Build the board deck cash slide for May,completed,33.6,"Ops May variance was $2,020,035 vs plan",04/11/2026 12:13:57 PM
r39-0001240,rclark@silverlinefreight.com,Covenant Checker,Explain the headcount variance vs plan,completed,1.8,error code 502 from model gateway,04/11/2026 08:43:33 AM
r39-0001241,rclark@silverlinefreight.com,Cash Forecaster,Check covenant compliance for the revolver,completed,36.8,"Accounting Mar variance was $3,727,739 vs plan",04/11/2026 11:52:30 AM
r39-0001242,rjones@silverlinefreight.com,Variance Explainer,Forecast Feb operating cash flow,completed,14.0,"Treasury Feb variance was $3,593,099 vs plan",04/11/2026 08:06:43 AM
r39-0001243,rclark@silverlinefreight.com,Close Checklist Bot,Forecast Apr operating cash flow,completed,12.8,"Accounting Apr variance was $2,382,136 vs plan",04/11/2026 09:24:38 AM
r39-0001244,rclark@silverlinefreight.com,Budget vs Actual,Which cost centers are over budget YTD?,completed,6.2,"Accounting Apr variance was $2,990,973 vs plan",04/12/2026 01:43:36 PM
r39-0001245,rclark@silverlinefreight.com,AP Aging Analyst,Explain the headcount variance vs plan,completed,45.3,"FP&A Jan variance was $560,418 vs plan",04/12/2026 03:59:11 PM
r39-0001246,rclark@silverlinefreight.com,Headcount Planner,Check covenant compliance for the revolver,completed,63.3,"Accounting Feb variance was $1,005,080 vs plan",04/12/2026 10:42:12 AM
r39-0001247,rclark@silverlinefreight.com,AP Aging Analyst,Why did Ops spend exceed budget in Apr?,completed,6.9,"Ops Apr variance was $3,639,128 vs plan",04/12/2026 10:30:14 PM
r39-0001248,rclark@silverlinefreight.com,Close Checklist Bot,Build the board deck cash slide for Apr,completed,58.2,"Treasury Apr variance was $4,651,745 vs plan",04/12/2026 09:49:42 AM
r39-0001249,nrodriguez@silverlinefreight.com,Cash Forecaster,Build the board deck cash slide for Apr,completed,50.0,"Treasury Apr variance was $2,168,517 vs plan",04/12/2026 01:11:24 PM
r39-0001250,nrodriguez@silverlinefreight.com,Headcount Planner,Which cost centers are over budget YTD?,completed,24.6,"Treasury Jan variance was $3,035,873 vs plan",04/12/2026 12:04:31 PM
r39-0001251,rclark@silverlinefreight.com,Revenue Recognizer,Explain the headcount variance vs plan,completed,13.5,"Accounting May variance was $3,637,874 vs plan",04/12/2026 10:12:52 AM
r39-0001252,fwilson@silverlinefreight.com,Budget vs Actual,Forecast Jan operating cash flow,completed,16.4,"Treasury Jan variance was $3,409,974 vs plan",04/12/2026 01:10:04 PM
r39-0001253,rclark@silverlinefreight.com,Variance Explainer,Draft flux commentary for the Apr close,completed,56.6,"Ops Apr variance was $3,106,153 vs plan",04/12/2026 11:55:22 AM
r39-0001254,rclark@silverlinefreight.com,Board Deck Builder,Draft flux commentary for the Apr close,completed,39.7,"Accounting Apr variance was $2,470,715 vs plan",04/12/2026 02:29:50 PM
r39-0001255,fwilson@silverlinefreight.com,Board Deck Builder,Why did Ops spend exceed budget in Jun?,completed,9.0,"Ops Jun variance was $4,475,768 vs plan",04/12/2026 02:17:23 PM
r39-0001256,nrodriguez@silverlinefreight.com,Budget vs Actual,What drove the change in gross margin this quarter?,completed,12.9,"Treasury Feb variance was $998,827 vs plan",04/12/2026 02:41:34 PM
r39-0001257,nrodriguez@silverlinefreight.com,AP Aging Analyst,Explain the headcount variance vs plan,completed,32.2,"Treasury Jan variance was $1,086,591 vs plan",04/12/2026 01:01:54 PM
r39-0001258,rclark@silverlinefreight.com,Board Deck Builder,Draft flux commentary for the May close,completed,58.2,"Accounting May variance was $525,387 vs plan",04/13/2026 09:35:33 AM
r39-0001259,rjones@silverlinefreight.com,AP Aging Analyst,Check covenant compliance for the revolver,completed,73.5,"Treasury Jun variance was $4,227,481 vs plan",04/13/2026 03:15:47 PM
r39-0001260,nrodriguez@silverlinefreight.com,Revenue Recognizer,Check covenant compliance for the revolver,completed,27.3,"Accounting Jun variance was $4,032,084 vs plan",04/13/2026 10:20:57 AM
r39-0001261,nrodriguez@silverlinefreight.com,Close Checklist Bot,Build the board deck cash slide for Jun,completed,13.9,"Ops Jun variance was $18,241 vs plan",04/13/2026 12:50:08 PM
r39-0001262,fwilson@silverlinefreight.com,Flux Commentary,Why did Ops spend exceed budget in Jan?,completed,3.2,"Ops Jan variance was $1,768,195 vs plan",04/13/2026 03:53:37 PM
r39-0001263,nrodriguez@silverlinefreight.com,Variance Explainer,Explain the headcount variance vs plan,completed,70.8,"Ops May variance was $3,989,598 vs plan",04/13/2026 02:42:16 PM
r39-0001264,rclark@silverlinefreight.com,Vendor Spend Analyzer,Forecast Mar operating cash flow,completed,62.2,"FP&A Mar variance was $1,746,471 vs plan",04/13/2026 02:08:41 PM
r39-0001265,nrodriguez@silverlinefreight.com,Covenant Checker,Draft flux commentary for the Jun close,completed,68.8,"Ops Jun variance was $3,422,466 vs plan",04/13/2026 07:05:50 AM
r39-0001266,nrodriguez@silverlinefreight.com,Flux Commentary,Check covenant compliance for the revolver,completed,24.5,"FP&A Jan variance was $118,521 vs plan",04/13/2026 11:13:38 AM
r39-0001267,nrodriguez@silverlinefreight.com,Covenant Checker,Check covenant compliance for the revolver,completed,59.3,"Accounting Jun variance was $3,286,886 vs plan",04/13/2026 01:29:38 PM
r39-0001268,rclark@silverlinefreight.com,Flux Commentary,Explain the headcount variance vs plan,completed,43.8,"Treasury Feb variance was $2,465,432 vs plan",04/13/2026 12:07:49 PM
r39-0001269,rclark@silverlinefreight.com,Close Checklist Bot,Reconcile AP aging over 90 days for MX-06,completed,31.5,"Ops Apr variance was $3,748,811 vs plan",04/13/2026 01:46:08 PM
r39-0001270,nrodriguez@silverlinefreight.com,Headcount Planner,What drove the change in gross margin this quarter?,completed,69.5,"Treasury Jun variance was $2,142,107 vs plan",04/13/2026 05:40:29 PM
r39-0001271,fwilson@silverlinefreight.com,Budget vs Actual,Build the board deck cash slide for May,completed,41.0,"Accounting May variance was $2,550,505 vs plan",04/13/2026 09:49:01 AM
r39-0001272,nrodriguez@silverlinefreight.com,Variance Explainer,What drove the change in gross margin this quarter?,completed,45.6,"Accounting Feb variance was $3,731,202 vs plan",04/13/2026 04:14:10 PM
r39-0001273,rclark@silverlinefreight.com,Vendor Spend Analyzer,Which cost centers are over budget YTD?,error,1.2,error: connection reset by peer,04/13/2026 11:42:13 AM
r39-0001274,rclark@silverlinefreight.com,AP Aging Analyst,Why did Treasury spend exceed budget in May?,completed,1.4,Traceback (most recent call last): KeyError 'entity',04/13/2026 11:49:45 AM
r39-0001275,rclark@silverlinefreight.com,Revenue Recognizer,Build the board deck cash slide for Apr,completed,38.3,"FP&A Apr variance was $793,707 vs plan",04/13/2026 07:30:27 AM
r39-0001276,rclark@silverlinefreight.com,Vendor Spend Analyzer,Build the board deck cash slide for May,completed,66.4,"Treasury May variance was $1,647,123 vs plan",04/13/2026 01:18:03 PM
r39-0001277,fwilson@silverlinefreight.com,Journal Entry Reviewer,Build the board deck cash slide for Apr,completed,30.6,"Treasury Apr variance was $2,534,306 vs plan",04/13/2026 04:12:39 PM
r39-0001278,rclark@silverlinefreight.com,Covenant Checker,Reconcile AP aging over 90 days for CA-05,completed,18.8,"Treasury Jun variance was $1,439,468 vs plan",04/13/2026 01:00:54 PM
r39-0001279,rclark@silverlinefreight.com,Board Deck Builder,What drove the change in gross margin this quarter?,completed,0.5,FAILED: null reference in aggregation step,04/13/2026 04:41:19 PM
r39-0001280,rclark@silverlinefreight.com,Headcount Planner,Explain the headcount variance vs plan,completed,23.6,"Accounting Mar variance was $2,976,415 vs plan",04/13/2026 09:56:17 AM
r39-0001281,nrodriguez@silverlinefreight.com,Revenue Recognizer,Draft flux commentary for the May close,error,5.2,Traceback (most recent call last): KeyError 'entity',04/13/2026 12:08:11 PM
r39-0001282,rclark@silverlinefreight.com,Revenue Recognizer,Draft flux commentary for the Apr close,completed,42.0,"Accounting Apr variance was $2,046,571 vs plan",04/13/2026 01:50:48 PM
r39-0001283,rclark@silverlinefreight.com,Cash Forecaster,Explain the headcount variance vs plan,completed,34.6,"Ops Jan variance was $4,329,471 vs plan",04/13/2026 07:11:00 AM
r39-0001284,nrodriguez@silverlinefreight.com,Journal Entry Reviewer,Which cost centers are over budget YTD?,completed,15.1,"Ops Apr variance was $1,975,454 vs plan",04/14/2026 03:42:42 PM
r39-0001285,nrodriguez@silverlinefreight.com,Journal Entry Reviewer,Which cost centers are over budget YTD?,completed,49.7,"Treasury Jun variance was $2,767,601 vs plan",04/14/2026 01:06:05 PM
r39-0001286,rclark@silverlinefreight.com,Journal Entry Reviewer,Explain the headcount variance vs plan,completed,15.0,"Treasury Jun variance was $3,005,204 vs plan",04/14/2026 12:43:39 PM
r39-0001287,fwilson@silverlinefreight.com,Budget vs Actual,Forecast May operating cash flow,completed,8.8,"Accounting May variance was $1,048,396 vs plan",04/14/2026 02:27:05 PM
r39-0001288,rclark@silverlinefreight.com,Flux Commentary,Why did Treasury spend exceed budget in May?,completed,60.4,"Treasury May variance was $2,842,212 vs plan",04/14/2026 10:34:04 AM
r39-0001289,fwilson@silverlinefreight.com,Headcount Planner,Reconcile AP aging over 90 days for CA-05,completed,69.5,"FP&A Feb variance was $1,184,645 vs plan",04/14/2026 09:19:29 AM
r39-0001290,nrodriguez@silverlinefreight.com,Close Checklist Bot,Which cost centers are over budget YTD?,completed,17.9,"FP&A May variance was $1,500,825 vs plan",04/14/2026 02:19:35 PM
r39-0001291,nrodriguez@silverlinefreight.com,Cash Forecaster,Reconcile AP aging over 90 days for MX-05,completed,27.9,"Treasury May variance was $4,744,371 vs plan",04/14/2026 02:39:55 PM
r39-0001292,rjones@silverlinefreight.com,Journal Entry Reviewer,Draft flux commentary for the Mar close,completed,32.5,"FP&A Mar variance was $2,812,991 vs plan",04/14/2026 04:36:29 PM
r39-0001293,rclark@silverlinefreight.com,Flux Commentary,Summarize the Mar variance for entity MX-07,completed,61.6,"Accounting Mar variance was $3,787,000 vs plan",04/14/2026 08:06:23 AM
r39-0001294,nrodriguez@silverlinefreight.com,Variance Explainer,Draft flux commentary for the Apr close,completed,32.1,"FP&A Apr variance was $2,030,612 vs plan",04/14/2026 06:58:40 PM
r39-0001295,fwilson@silverlinefreight.com,Budget vs Actual,Forecast May operating cash flow,completed,47.2,"Ops May variance was $4,458,269 vs plan",04/14/2026 11:46:03 AM
r39-0001296,fwilson@silverlinefreight.com,Budget vs Actual,Forecast Jan operating cash flow,completed,64.9,"FP&A Jan variance was $1,168,586 vs plan",04/14/2026 12:42:12 PM
r39-0001297,rclark@silverlinefreight.com,Budget vs Actual,Reconcile AP aging over 90 days for CA-09,completed,48.5,"FP&A May variance was $2,348,090 vs plan",04/14/2026 11:24:50 AM
r39-0001298,rclark@silverlinefreight.com,Close Checklist Bot,Build the board deck cash slide for May,completed,59.0,"FP&A May variance was $2,625,431 vs plan",04/14/2026 12:10:27 PM
r39-0001299,fwilson@silverlinefreight.com,Variance Explainer,Explain the headcount variance vs plan,completed,56.3,"Ops Feb variance was $2,413,092 vs plan",04/14/2026 05:30:59 PM
r39-0001300,nrodriguez@silverlinefreight.com,Close Checklist Bot,Build the board deck cash slide for Jan,completed,43.0,"Accounting Jan variance was $963,823 vs plan",04/14/2026 05:55:52 PM
r39-0001301,nrodriguez@silverlinefreight.com,Journal Entry Reviewer,Which cost centers are over budget YTD?,completed,19.2,"Treasury Jan variance was $3,542,249 vs plan",04/14/2026 12:02:55 PM
r39-0001302,nrodriguez@silverlinefreight.com,Variance Explainer,Forecast Jun operating cash flow,completed,22.8,"FP&A Jun variance was $4,000,297 vs plan",04/14/2026 01:18:59 PM
r39-0001303,nrodriguez@silverlinefreight.com,Journal Entry Reviewer,Explain the headcount variance vs plan,completed,14.5,"Treasury Jun variance was $1,646,923 vs plan",04/14/2026 06:43:21 AM
r39-0001304,rclark@silverlinefreight.com,Revenue Recognizer,Reconcile AP aging over 90 days for MX-03,completed,57.1,"Treasury Mar variance was $227,071 vs plan",04/14/2026 02:23:11 PM
r39-0001305,rclark@silverlinefreight.com,Revenue Recognizer,Build the board deck cash slide for Mar,completed,64.5,"Accounting Mar variance was $2,237,800 vs plan",04/14/2026 02:50:04 PM
r39-0001306,rclark@silverlinefreight.com,Vendor Spend Analyzer,Reconcile AP aging over 90 days for MX-02,completed,26.7,"Accounting Mar variance was $2,541,596 vs plan",04/14/2026 04:25:00 PM
r39-0001307,rclark@silverlinefreight.com,Journal Entry Reviewer,Which cost centers are over budget YTD?,completed,19.9,"Accounting Apr variance was $4,758,102 vs plan",04/14/2026 06:42:33 AM
r39-0001308,rclark@silverlinefreight.com,Covenant Checker,Draft flux commentary for the Apr close,completed,19.1,"FP&A Apr variance was $2,338,391 vs plan",04/14/2026 11:40:44 AM
r39-0001309,rclark@silverlinefreight.com,Variance Explainer,Summarize the Jan variance for entity US-08,completed,68.5,"Treasury Jan variance was $3,657,745 vs plan",04/14/2026 01:26:08 PM
r39-0001310,rclark@silverlinefreight.com,Revenue Recognizer,Which cost centers are over budget YTD?,completed,43.3,"Ops May variance was $2,075,622 vs plan",04/14/2026 04:40:46 PM
r39-0001311,rclark@silverlinefreight.com,Revenue Recognizer,Summarize the Jun variance for entity MX-07,completed,14.1,"Accounting Jun variance was $3,728,545 vs plan",04/14/2026 12:48:08 PM
r39-0001312,fwilson@silverlinefreight.com,Variance Explainer,Build the board deck cash slide for Mar,completed,66.1,"Accounting Mar variance was $173,052 vs plan",04/14/2026 05:17:40 PM
r39-0001313,fwilson@silverlinefreight.com,Headcount Planner,Reconcile AP aging over 90 days for MX-09,completed,1.6,ERROR: upstream request timed out,04/14/2026 12:55:15 PM
r39-0001314,nrodriguez@silverlinefreight.com,Flux Commentary,What drove the change in gross margin this quarter?,completed,12.2,"FP&A Jan variance was $1,937,180 vs plan",04/14/2026 02:10:24 PM
r39-0001315,nrodriguez@silverlinefreight.com,Budget vs Actual,Draft flux commentary for the Apr close,completed,1.7,error: connection reset by peer,04/14/2026 03:46:02 PM
r39-0001316,nrodriguez@silverlinefreight.com,Covenant Checker,Forecast Jun operating cash flow,completed,71.7,"Accounting Jun variance was $3,678,247 vs plan",04/14/2026 03:19:56 PM
r39-0001317,nrodriguez@silverlinefreight.com,Headcount Planner,Explain the headcount variance vs plan,error,7.1,ERROR: upstream request timed out,04/14/2026 09:11:28 AM
r39-0001318,rclark@silverlinefreight.com,Revenue Recognizer,Build the board deck cash slide for Mar,completed,68.3,"Accounting Mar variance was $2,374,244 vs plan",04/14/2026 04:05:42 PM
r39-0001319,rclark@silverlinefreight.com,Flux Commentary,Why did FP&A spend exceed budget in Apr?,completed,1.3,error code 502 from model gateway,04/14/2026 09:27:16 AM
r39-0001320,nrodriguez@silverlinefreight.com,AP Aging Analyst,Draft flux commentary for the Jun close,completed,6.1,"Treasury Jun variance was $161,712 vs plan",04/14/2026 02:47:02 PM
r39-0001321,nrodriguez@silverlinefreight.com,AP Aging Analyst,Check covenant compliance for the revolver,error,5.6,FAILED: null reference in aggregation step,04/14/2026 09:45:13 AM
r39-0001322,nrodriguez@silverlinefreight.com,Vendor Spend Analyzer,Check covenant compliance for the revolver,completed,4.0,"Treasury Jan variance was $3,095,265 vs plan",04/14/2026 12:29:45 PM
r39-0001323,rclark@silverlinefreight.com,AP Aging Analyst,Check covenant compliance for the revolver,completed,46.3,"Accounting Apr variance was $573,112 vs plan",04/14/2026 06:08:46 PM
r39-0001324,rclark@silverlinefreight.com,Headcount Planner,Check covenant compliance for the revolver,completed,74.3,"Treasury Jan variance was $4,070,267 vs plan",04/14/2026 02:42:42 PM
r39-0001325,rclark@silverlinefreight.com,Flux Commentary,What drove the change in gross margin this quarter?,completed,46.7,"Ops Jun variance was $3,705,108 vs plan",04/14/2026 12:37:42 PM
r39-0001326,nrodriguez@silverlinefreight.com,Revenue Recognizer,Check covenant compliance for the revolver,completed,34.9,"FP&A Feb variance was $2,136,713 vs plan",04/14/2026 02:16:13 PM
r39-0001327,nrodriguez@silverlinefreight.com,Budget vs Actual,Summarize the Jun variance for entity MX-08,completed,66.0,"FP&A Jun variance was $4,105,747 vs plan",04/14/2026 03:41:14 PM
r39-0001328,rclark@silverlinefreight.com,Flux Commentary,Which cost centers are over budget YTD?,completed,46.9,"Ops Mar variance was $20,185 vs plan",04/14/2026 06:51:06 AM
r39-0001329,nrodriguez@silverlinefreight.com,Close Checklist Bot,Reconcile AP aging over 90 days for EU-06,completed,54.8,"Treasury Jun variance was $4,356,666 vs plan",04/14/2026 01:39:23 PM
r39-0001330,nrodriguez@silverlinefreight.com,Covenant Checker,Draft flux commentary for the May close,completed,29.3,"Treasury May variance was $4,454,085 vs plan",04/14/2026 11:19:53 AM
r39-0001331,nrodriguez@silverlinefreight.com,Cash Forecaster,Build the board deck cash slide for Feb,completed,49.3,"FP&A Feb variance was $957,774 vs plan",04/14/2026 06:01:18 PM
r39-0001332,nrodriguez@silverlinefreight.com,Cash Forecaster,What drove the change in gross margin this quarter?,completed,12.7,"Accounting Feb variance was $2,018,938 vs plan",04/15/2026 01:37:15 PM
r39-0001333,nrodriguez@silverlinefreight.com,Journal Entry Reviewer,Summarize the Apr variance for entity US-06,completed,63.1,"Ops Apr variance was $3,020,725 vs plan",04/15/2026 03:50:19 PM
r39-0001334,nrodriguez@silverlinefreight.com,Headcount Planner,Reconcile AP aging over 90 days for CA-08,completed,48.4,"FP&A Apr variance was $3,170,450 vs plan",04/15/2026 03:20:47 PM
r39-0001335,fwilson@silverlinefreight.com,Revenue Recognizer,Reconcile AP aging over 90 days for US-03,completed,59.2,"Accounting Jun variance was $3,108,943 vs plan",04/15/2026 11:21:33 AM
r39-0001336,nrodriguez@silverlinefreight.com,Revenue Recognizer,Reconcile AP aging over 90 days for MX-03,completed,74.4,"Treasury Feb variance was $1,091,319 vs plan",04/15/2026 08:04:10 AM
r39-0001337,nrodriguez@silverlinefreight.com,Vendor Spend Analyzer,Draft flux commentary for the Feb close,completed,63.3,"Treasury Feb variance was $3,200,346 vs plan",04/15/2026 06:45:41 AM
r39-0001338,nrodriguez@silverlinefreight.com,Board Deck Builder,Build the board deck cash slide for Feb,completed,36.9,"Treasury Feb variance was $2,610,940 vs plan",04/15/2026 04:25:29 PM
r39-0001339,rclark@silverlinefreight.com,Covenant Checker,Check covenant compliance for the revolver,completed,48.8,"FP&A Apr variance was $2,513,187 vs plan",04/15/2026 07:06:11 AM
r39-0001340,rclark@silverlinefreight.com,Close Checklist Bot,Which cost centers are over budget YTD?,completed,34.8,"Accounting Mar variance was $887,576 vs plan",04/15/2026 11:24:09 AM
r39-0001341,rclark@silverlinefreight.com,Cash Forecaster,Explain the headcount variance vs plan,completed,1.8,Traceback (most recent call last): KeyError 'entity',04/15/2026 06:44:33 PM
r39-0001342,rclark@silverlinefreight.com,Variance Explainer,Reconcile AP aging over 90 days for MX-02,completed,37.6,"Accounting Apr variance was $3,506,445 vs plan",04/15/2026 04:33:01 PM
r39-0001343,fwilson@silverlinefreight.com,Vendor Spend Analyzer,Reconcile AP aging over 90 days for CA-09,completed,65.5,"Accounting Feb variance was $3,401,017 vs plan",04/15/2026 04:33:47 PM
r39-0001344,rjones@silverlinefreight.com,AP Aging Analyst,What drove the change in gross margin this quarter?,error,4.8,error: connection reset by peer,04/15/2026 03:09:23 PM
r39-0001345,nrodriguez@silverlinefreight.com,Vendor Spend Analyzer,Summarize the May variance for entity US-04,completed,51.7,"Treasury May variance was $3,495,499 vs plan",04/15/2026 12:19:05 PM
r39-0001346,fwilson@silverlinefreight.com,Covenant Checker,Summarize the Feb variance for entity EU-01,completed,0.6,FAILED: null reference in aggregation step,04/15/2026 02:12:50 PM
r39-0001347,rclark@silverlinefreight.com,Budget vs Actual,Explain the headcount variance vs plan,completed,72.5,"Ops Apr variance was $4,528,065 vs plan",04/15/2026 11:43:34 AM
r39-0001348,rclark@silverlinefreight.com,Board Deck Builder,Build the board deck cash slide for Jun,completed,52.8,"FP&A Jun variance was $719,990 vs plan",04/15/2026 02:17:07 PM
r39-0001349,nrodriguez@silverlinefreight.com,Revenue Recognizer,Draft flux commentary for the Feb close,completed,5.6,"Treasury Feb variance was $3,495,715 vs plan",04/15/2026 10:59:08 AM
r39-0001350,nrodriguez@silverlinefreight.com,Revenue Recognizer,Draft flux commentary for the Mar close,completed,65.8,"Treasury Mar variance was $2,450,000 vs plan",04/15/2026 01:50:38 PM
r39-0001351,nrodriguez@silverlinefreight.com,Board Deck Builder,Which cost centers are over budget YTD?,completed,58.8,"FP&A Jun variance was $1,058,060 vs plan",04/15/2026 04:15:10 PM
r39-0001352,rclark@silverlinefreight.com,Vendor Spend Analyzer,Explain the headcount variance vs plan,completed,70.5,"Accounting May variance was $1,193,204 vs plan",04/15/2026 11:38:34 AM
r39-0001353,nrodriguez@silverlinefreight.com,Headcount Planner,Check covenant compliance for the revolver,completed,27.7,"Accounting Jun variance was $1,798,504 vs plan",04/15/2026 06:18:26 AM
r39-0001354,nrodriguez@silverlinefreight.com,Headcount Planner,Summarize the Feb variance for entity EU-09,completed,24.5,"Treasury Feb variance was $4,156,101 vs plan",04/15/2026 02:06:59 PM
r39-0001355,nrodriguez@silverlinefreight.com,Covenant Checker,Which cost centers are over budget YTD?,completed,4.0,"Ops Apr variance was $189,386 vs plan",04/15/2026 11:23:25 AM
r39-0001356,nrodriguez@silverlinefreight.com,Close Checklist Bot,Check covenant compliance for the revolver,completed,9.4,"Accounting Feb variance was $3,652,721 vs plan",04/15/2026 12:08:44 PM
r39-0001357,rclark@silverlinefreight.com,Covenant Checker,Check covenant compliance for the revolver,completed,24.0,"Treasury Apr variance was $4,655,423 vs plan",04/16/2026 04:23:13 PM
r39-0001358,fwilson@silverlinefreight.com,Headcount Planner,Forecast Mar operating cash flow,completed,23.4,"Treasury Mar variance was $1,263,353 vs plan",04/16/2026 11:07:24 AM
r39-0001359,rclark@silverlinefreight.com,Revenue Recognizer,Explain the headcount variance vs plan,completed,70.0,"Ops Jan variance was $2,784,499 vs plan",04/16/2026 07:48:36 AM
r39-0001360,nrodriguez@silverlinefreight.com,Budget vs Actual,Which cost centers are over budget YTD?,completed,31.8,"FP&A Mar variance was $1,730,915 vs plan",04/16/2026 07:55:47 PM
r39-0001361,nrodriguez@silverlinefreight.com,Budget vs Actual,Draft flux commentary for the Feb close,completed,64.3,"Accounting Feb variance was $2,070,905 vs plan",04/16/2026 10:56:33 AM
r39-0001362,nrodriguez@silverlinefreight.com,Flux Commentary,Build the board deck cash slide for Jun,completed,29.5,"Ops Jun variance was $2,090,598 vs plan",04/16/2026 06:30:04 AM
r39-0001363,fwilson@silverlinefreight.com,AP Aging Analyst,What drove the change in gross margin this quarter?,completed,0.2,error: connection reset by peer,04/16/2026 02:15:10 PM
r39-0001364,rclark@silverlinefreight.com,Cash Forecaster,Why did Accounting spend exceed budget in May?,completed,15.1,"Accounting May variance was $875,954 vs plan",04/16/2026 02:27:30 PM
r39-0001365,rclark@silverlinefreight.com,Budget vs Actual,What drove the change in gross margin this quarter?,completed,74.2,"Treasury Jun variance was $2,486,628 vs plan",04/16/2026 03:01:56 PM
r39-0001366,nrodriguez@silverlinefreight.com,Cash Forecaster,Why did Treasury spend exceed budget in Mar?,completed,48.7,"Treasury Mar variance was $2,562,878 vs plan",04/16/2026 04:25:16 PM
r39-0001367,rclark@silverlinefreight.com,Cash Forecaster,Which cost centers are over budget YTD?,completed,1.1,error code 502 from model gateway,04/16/2026 05:45:44 PM
r39-0001368,rclark@silverlinefreight.com,Revenue Recognizer,Summarize the Apr variance for entity EU-09,completed,23.2,"Ops Apr variance was $4,048,536 vs plan",04/16/2026 03:51:10 PM
r39-0001369,rclark@silverlinefreight.com,Budget vs Actual,Which cost centers are over budget YTD?,completed,6.7,"Ops Apr variance was $1,150,201 vs plan",04/16/2026 12:35:30 PM
r39-0001370,nrodriguez@silverlinefreight.com,Cash Forecaster,Explain the headcount variance vs plan,completed,25.8,"Treasury May variance was $212,059 vs plan",04/16/2026 01:48:31 PM
r39-0001371,rclark@silverlinefreight.com,Budget vs Actual,Forecast Jun operating cash flow,completed,74.0,"Treasury Jun variance was $3,253,095 vs plan",04/16/2026 02:05:38 PM
r39-0001372,nrodriguez@silverlinefreight.com,Board Deck Builder,What drove the change in gross margin this quarter?,completed,20.6,"FP&A Feb variance was $2,069,742 vs plan",04/16/2026 09:20:55 AM
r39-0001373,nrodriguez@silverlinefreight.com,Close Checklist Bot,Why did Ops spend exceed budget in Feb?,completed,43.8,"Ops Feb variance was $2,761,637 vs plan",04/16/2026 02:53:20 PM
r39-0001374,rjones@silverlinefreight.com,Flux Commentary,Why did Accounting spend exceed budget in Mar?,completed,31.1,"Accounting Mar variance was $2,593,984 vs plan",04/16/2026 02:16:46 PM
r39-0001375,nrodriguez@silverlinefreight.com,AP Aging Analyst,Why did Ops spend exceed budget in Mar?,completed,16.8,"Ops Mar variance was $4,579,472 vs plan",04/16/2026 01:59:13 PM
r39-0001376,rclark@silverlinefreight.com,AP Aging Analyst,Build the board deck cash slide for Feb,completed,3.7,"Accounting Feb variance was $4,472,210 vs plan",04/16/2026 05:02:23 PM
r39-0001377,fwilson@silverlinefreight.com,Headcount Planner,Build the board deck cash slide for May,completed,51.6,"Accounting May variance was $3,753,168 vs plan",04/16/2026 07:40:42 PM
r39-0001378,rclark@silverlinefreight.com,Flux Commentary,What drove the change in gross margin this quarter?,completed,45.8,"Treasury Mar variance was $3,992,532 vs plan",04/16/2026 01:53:25 PM
r39-0001379,rclark@silverlinefreight.com,Covenant Checker,What drove the change in gross margin this quarter?,completed,25.5,"Treasury Mar variance was $691,865 vs plan",04/16/2026 02:20:08 PM
r39-0001380,rjones@silverlinefreight.com,Budget vs Actual,Build the board deck cash slide for Jan,completed,31.8,"Treasury Jan variance was $4,133,369 vs plan",04/16/2026 05:40:10 PM
r39-0001381,nrodriguez@silverlinefreight.com,Flux Commentary,Build the board deck cash slide for Feb,completed,37.8,"Treasury Feb variance was $664,691 vs plan",04/16/2026 05:59:19 PM
r39-0001382,rclark@silverlinefreight.com,AP Aging Analyst,Explain the headcount variance vs plan,completed,25.8,"Ops Feb variance was $4,068,423 vs plan",04/16/2026 06:53:08 PM
r39-0001383,rjones@silverlinefreight.com,Headcount Planner,Build the board deck cash slide for Apr,completed,50.2,"Accounting Apr variance was $2,682,271 vs plan",04/16/2026 07:00:00 PM
r39-0001384,nrodriguez@silverlinefreight.com,Board Deck Builder,Check covenant compliance for the revolver,completed,62.7,"Treasury Apr variance was $139,760 vs plan",04/16/2026 12:22:40 PM
r39-0001385,nrodriguez@silverlinefreight.com,Close Checklist Bot,Explain the headcount variance vs plan,completed,18.0,"Ops Feb variance was $186,182 vs plan",04/16/2026 04:31:16 PM
r39-0001386,fwilson@silverlinefreight.com,Headcount Planner,Forecast Feb operating cash flow,completed,36.4,"Treasury Feb variance was $1,703,700 vs plan",04/16/2026 02:13:13 PM
r39-0001387,rclark@silverlinefreight.com,Covenant Checker,Summarize the Mar variance for entity MX-04,completed,51.4,"Treasury Mar variance was $2,381,529 vs plan",04/16/2026 06:12:11 PM
r39-0001388,rclark@silverlinefreight.com,Board Deck Builder,Check covenant compliance for the revolver,completed,51.5,"Ops Apr variance was $4,543,302 vs plan",04/16/2026 02:33:25 PM
r39-0001389,nrodriguez@silverlinefreight.com,Vendor Spend Analyzer,Summarize the Jun variance for entity US-05,error,1.2,FAILED: null reference in aggregation step,04/16/2026 11:18:09 AM
r39-0001390,rclark@silverlinefreight.com,Budget vs Actual,Which cost centers are over budget YTD?,completed,24.9,"FP&A Jun variance was $4,443,879 vs plan",04/16/2026 12:55:53 PM
r39-0001391,nrodriguez@silverlinefreight.com,Variance Explainer,Why did FP&A spend exceed budget in Jun?,completed,22.7,"FP&A Jun variance was $1,553,710 vs plan",04/16/2026 12:58:16 PM
r39-0001392,nrodriguez@silverlinefreight.com,Vendor Spend Analyzer,Which cost centers are over budget YTD?,completed,14.1,"Ops Apr variance was $2,423,358 vs plan",04/16/2026 03:09:28 PM
r39-0001393,rclark@silverlinefreight.com,Headcount Planner,Build the board deck cash slide for Jun,completed,59.7,"FP&A Jun variance was $895,310 vs plan",04/16/2026 11:50:47 AM
r39-0001394,nrodriguez@silverlinefreight.com,Headcount Planner,Reconcile AP aging over 90 days for MX-05,completed,27.9,"Treasury Apr variance was $732,325 vs plan",04/16/2026 10:06:42 AM
r39-0001395,rclark@silverlinefreight.com,Flux Commentary,Which cost centers are over budget YTD?,completed,19.8,"Accounting Mar variance was $623,113 vs plan",04/16/2026 10:19:02 AM
r39-0001396,nrodriguez@silverlinefreight.com,Cash Forecaster,Which cost centers are over budget YTD?,completed,38.7,"Ops Feb variance was $3,644,614 vs plan",04/16/2026 01:40:12 PM
r39-0001397,nrodriguez@silverlinefreight.com,Cash Forecaster,Why did Ops spend exceed budget in May?,completed,11.9,"Ops May variance was $784,812 vs plan",04/16/2026 03:34:00 PM
r39-0001398,rclark@silverlinefreight.com,Flux Commentary,Check covenant compliance for the revolver,completed,27.6,"Accounting Jun variance was $896,064 vs plan",04/16/2026 05:06:21 PM
r39-0001399,rclark@silverlinefreight.com,Board Deck Builder,Summarize the May variance for entity MX-02,completed,0.5,Traceback (most recent call last): KeyError 'entity',04/16/2026 02:15:52 PM
r39-0001400,fwilson@silverlinefreight.com,Budget vs Actual,Why did Ops spend exceed budget in May?,completed,6.4,"Ops May variance was $627,883 vs plan",04/16/2026 12:19:28 PM
r39-0001401,nrodriguez@silverlinefreight.com,Vendor Spend Analyzer,Explain the headcount variance vs plan,completed,17.5,"FP&A Jan variance was $817,196 vs plan",04/16/2026 12:43:14 PM
r39-0001402,rjones@silverlinefreight.com,Journal Entry Reviewer,Summarize the Apr variance for entity CA-08,completed,24.6,"Accounting Apr variance was $3,825,810 vs plan",04/16/2026 06:30:25 PM
r39-0001403,rclark@silverlinefreight.com,AP Aging Analyst,Which cost centers are over budget YTD?,completed,64.7,"Accounting Jun variance was $3,049,670 vs plan",04/16/2026 02:50:16 PM
r39-0001404,fwilson@silverlinefreight.com,Vendor Spend Analyzer,What drove the change in gross margin this quarter?,completed,38.0,"Ops Jan variance was $83,247 vs plan",04/16/2026 02:52:45 PM
r39-0001405,rclark@silverlinefreight.com,Revenue Recognizer,Summarize the Jan variance for entity EU-01,completed,47.9,"Accounting Jan variance was $2,153,996 vs plan",04/16/2026 10:55:37 AM
r39-0001406,nrodriguez@silverlinefreight.com,Variance Explainer,Build the board deck cash slide for Jun,completed,1.7,error code 502 from model gateway,04/16/2026 10:20:38 AM
r39-0001407,rjones@silverlinefreight.com,Board Deck Builder,Explain the headcount variance vs plan,completed,31.3,"Accounting Apr variance was $3,471,292 vs plan",04/16/2026 02:40:19 PM
r39-0001408,nrodriguez@silverlinefreight.com,Board Deck Builder,Explain the headcount variance vs plan,completed,23.9,"FP&A Apr variance was $1,459,722 vs plan",04/16/2026 11:12:45 AM
r39-0001409,nrodriguez@silverlinefreight.com,Variance Explainer,Check covenant compliance for the revolver,completed,66.1,"Treasury Jun variance was $1,605,349 vs plan",04/17/2026 12:56:21 PM
r39-0001410,rjones@silverlinefreight.com,Close Checklist Bot,Explain the headcount variance vs plan,completed,0.5,Traceback (most recent call last): KeyError 'entity',04/17/2026 11:23:46 AM
r39-0001411,rclark@silverlinefreight.com,Journal Entry Reviewer,What drove the change in gross margin this quarter?,completed,32.8,"FP&A Feb variance was $4,671,040 vs plan",04/17/2026 01:08:42 PM
r39-0001412,rclark@silverlinefreight.com,Headcount Planner,Explain the headcount variance vs plan,completed,74.9,"Treasury Apr variance was $2,502,723 vs plan",04/17/2026 02:56:03 PM
r39-0001413,nrodriguez@silverlinefreight.com,Budget vs Actual,Explain the headcount variance vs plan,completed,31.8,"Accounting Jun variance was $1,998,580 vs plan",04/17/2026 10:16:46 AM
r39-0001414,nrodriguez@silverlinefreight.com,Covenant Checker,Reconcile AP aging over 90 days for EU-01,completed,27.2,"Ops Mar variance was $3,684,666 vs plan",04/17/2026 01:19:19 PM
r39-0001415,nrodriguez@silverlinefreight.com,Journal Entry Reviewer,Draft flux commentary for the Jun close,error,2.4,Traceback (most recent call last): KeyError 'entity',04/17/2026 02:33:14 PM
r39-0001416,nrodriguez@silverlinefreight.com,Covenant Checker,Explain the headcount variance vs plan,completed,30.9,"Ops Jan variance was $2,152,949 vs plan",04/17/2026 11:20:00 AM
r39-0001417,nrodriguez@silverlinefreight.com,AP Aging Analyst,Which cost centers are over budget YTD?,completed,69.9,"Accounting May variance was $4,184,751 vs plan",04/17/2026 06:45:30 PM
r39-0001418,rclark@silverlinefreight.com,Journal Entry Reviewer,Forecast Apr operating cash flow,completed,74.2,"Ops Apr variance was $254,336 vs plan",04/17/2026 03:38:09 PM
r39-0001419,nrodriguez@silverlinefreight.com,Variance Explainer,Why did Accounting spend exceed budget in Jan?,completed,17.2,"Accounting Jan variance was $2,753,961 vs plan",04/17/2026 02:25:49 PM
r39-0001420,rclark@silverlinefreight.com,Revenue Recognizer,Draft flux commentary for the Jan close,completed,6.7,"Ops Jan variance was $1,807,196 vs plan",04/17/2026 06:48:27 PM
r39-0001421,rjones@silverlinefreight.com,Budget vs Actual,Build the board deck cash slide for Apr,completed,36.4,"Accounting Apr variance was $1,317,933 vs plan",04/17/2026 10:39:02 AM
r39-0001422,nrodriguez@silverlinefreight.com,Journal Entry Reviewer,Which cost centers are over budget YTD?,completed,32.0,"FP&A Feb variance was $3,953,643 vs plan",04/17/2026 09:11:07 AM
r39-0001423,nrodriguez@silverlinefreight.com,Board Deck Builder,Which cost centers are over budget YTD?,completed,52.0,"Treasury Mar variance was $3,958,382 vs plan",04/17/2026 11:59:43 AM
r39-0001424,nrodriguez@silverlinefreight.com,Revenue Recognizer,What drove the change in gross margin this quarter?,completed,1.3,ERROR: upstream request timed out,04/17/2026 10:06:04 AM
r39-0001425,nrodriguez@silverlinefreight.com,Board Deck Builder,Summarize the May variance for entity MX-06,completed,35.8,"FP&A May variance was $2,846,157 vs plan",04/17/2026 06:41:28 AM
r39-0001426,nrodriguez@silverlinefreight.com,Board Deck Builder,Forecast Mar operating cash flow,completed,53.0,"Treasury Mar variance was $3,004,636 vs plan",04/17/2026 03:23:28 PM
r39-0001427,rclark@silverlinefreight.com,Flux Commentary,Which cost centers are over budget YTD?,completed,13.7,"Ops Feb variance was $4,299,549 vs plan",04/17/2026 02:27:33 PM
r39-0001428,rclark@silverlinefreight.com,Flux Commentary,What drove the change in gross margin this quarter?,completed,1.9,error code 502 from model gateway,04/17/2026 04:39:23 PM
r39-0001429,nrodriguez@silverlinefreight.com,Journal Entry Reviewer,Summarize the Mar variance for entity CA-08,completed,58.9,"Accounting Mar variance was $3,603,227 vs plan",04/17/2026 01:21:49 PM
r39-0001430,nrodriguez@silverlinefreight.com,Board Deck Builder,Why did Accounting spend exceed budget in Apr?,completed,69.2,"Accounting Apr variance was $2,850,755 vs plan",04/17/2026 11:54:36 AM
r39-0001431,rjones@silverlinefreight.com,Board Deck Builder,Build the board deck cash slide for May,completed,30.8,"Ops May variance was $3,638,871 vs plan",04/17/2026 06:44:30 AM
r39-0001432,nrodriguez@silverlinefreight.com,Board Deck Builder,Summarize the Feb variance for entity CA-07,completed,53.2,"Ops Feb variance was $3,904,053 vs plan",04/17/2026 05:10:30 PM
r39-0001433,nrodriguez@silverlinefreight.com,Budget vs Actual,Reconcile AP aging over 90 days for EU-04,completed,4.5,"FP&A Jan variance was $2,666,057 vs plan",04/17/2026 12:24:43 PM
r39-0001434,nrodriguez@silverlinefreight.com,Cash Forecaster,Build the board deck cash slide for Jun,completed,4.8,"Ops Jun variance was $1,493,940 vs plan",04/17/2026 02:23:02 PM
r39-0001435,nrodriguez@silverlinefreight.com,AP Aging Analyst,Build the board deck cash slide for Feb,completed,47.9,"Accounting Feb variance was $2,391,642 vs plan",04/17/2026 12:00:50 PM
r39-0001436,nrodriguez@silverlinefreight.com,Budget vs Actual,What drove the change in gross margin this quarter?,completed,30.4,"Accounting Mar variance was $902,352 vs plan",04/17/2026 01:20:08 PM
r39-0001437,rclark@silverlinefreight.com,Journal Entry Reviewer,Which cost centers are over budget YTD?,completed,19.6,"Accounting Mar variance was $4,539,498 vs plan",04/17/2026 01:24:17 PM
r39-0001438,rclark@silverlinefreight.com,Cash Forecaster,Which cost centers are over budget YTD?,completed,17.3,"Ops Apr variance was $1,721,875 vs plan",04/17/2026 03:55:09 PM
r39-0001439,rjones@silverlinefreight.com,AP Aging Analyst,What drove the change in gross margin this quarter?,completed,31.3,"Accounting Mar variance was $641,259 vs plan",04/17/2026 01:48:54 PM
r39-0001440,rclark@silverlinefreight.com,Budget vs Actual,Explain the headcount variance vs plan,completed,51.5,"Accounting Feb variance was $3,986,162 vs plan",04/17/2026 02:18:46 PM
r39-0001441,nrodriguez@silverlinefreight.com,Budget vs Actual,Explain the headcount variance vs plan,completed,28.3,"FP&A Feb variance was $1,764,517 vs plan",04/17/2026 04:27:09 PM
r39-0001442,rjones@silverlinefreight.com,Revenue Recognizer,Which cost centers are over budget YTD?,completed,21.5,"FP&A Feb variance was $2,300,650 vs plan",04/17/2026 10:53:52 AM
r39-0001443,nrodriguez@silverlinefreight.com,Budget vs Actual,Forecast May operating cash flow,completed,60.8,"FP&A May variance was $3,015,455 vs plan",04/17/2026 09:50:13 PM
r39-0001444,rclark@silverlinefreight.com,AP Aging Analyst,Forecast Jun operating cash flow,completed,7.2,"FP&A Jun variance was $1,699,595 vs plan",04/17/2026 02:16:36 PM
r39-0001445,nrodriguez@silverlinefreight.com,Vendor Spend Analyzer,Why did Accounting spend exceed budget in May?,completed,29.8,"Accounting May variance was $487,552 vs plan",04/17/2026 12:49:30 PM
r39-0001446,fwilson@silverlinefreight.com,Close Checklist Bot,Build the board deck cash slide for Jun,completed,10.0,"Accounting Jun variance was $4,655,533 vs plan",04/17/2026 01:43:08 PM
r39-0001447,nrodriguez@silverlinefreight.com,Variance Explainer,Build the board deck cash slide for Feb,completed,59.5,"Ops Feb variance was $3,422,969 vs plan",04/17/2026 01:19:51 PM
r39-0001448,rclark@silverlinefreight.com,Vendor Spend Analyzer,Reconcile AP aging over 90 days for MX-07,completed,55.1,"FP&A Mar variance was $2,498,047 vs plan",04/17/2026 11:11:28 AM
r39-0001449,rclark@silverlinefreight.com,Revenue Recognizer,Why did Ops spend exceed budget in Feb?,completed,67.6,"Ops Feb variance was $815,510 vs plan",04/17/2026 04:59:08 PM
r39-0001450,rclark@silverlinefreight.com,Cash Forecaster,Reconcile AP aging over 90 days for US-09,completed,0.4,Traceback (most recent call last): KeyError 'entity',04/17/2026 10:11:24 AM
r39-0001451,nrodriguez@silverlinefreight.com,Cash Forecaster,Summarize the May variance for entity EU-03,completed,1.7,error: connection reset by peer,04/17/2026 05:03:10 PM
r39-0001452,rclark@silverlinefreight.com,Journal Entry Reviewer,Reconcile AP aging over 90 days for EU-01,completed,22.6,"Accounting Jun variance was $3,289,529 vs plan",04/17/2026 12:22:57 PM
r39-0001453,rclark@silverlinefreight.com,Headcount Planner,Summarize the Jun variance for entity CA-03,completed,10.6,"FP&A Jun variance was $1,967,624 vs plan",04/18/2026 01:01:36 PM
r39-0001454,rclark@silverlinefreight.com,Budget vs Actual,Draft flux commentary for the Jan close,completed,48.8,"Accounting Jan variance was $803,328 vs plan",04/18/2026 04:53:59 PM
r39-0001455,nrodriguez@silverlinefreight.com,Flux Commentary,Why did Treasury spend exceed budget in Jan?,error,4.5,FAILED: null reference in aggregation step,04/18/2026 12:02:44 PM
r39-0001456,rclark@silverlinefreight.com,Flux Commentary,Why did Treasury spend exceed budget in Jun?,completed,53.2,"Treasury Jun variance was $4,076,085 vs plan",04/18/2026 03:29:05 PM
r39-0001457,fwilson@silverlinefreight.com,Revenue Recognizer,Build the board deck cash slide for Feb,completed,21.5,"FP&A Feb variance was $2,816,003 vs plan",04/18/2026 08:54:49 AM
r39-0001458,nrodriguez@silverlinefreight.com,Revenue Recognizer,Explain the headcount variance vs plan,completed,59.9,"Ops Mar variance was $2,485,814 vs plan",04/18/2026 10:19:49 AM
r39-0001459,fwilson@silverlinefreight.com,Journal Entry Reviewer,Explain the headcount variance vs plan,completed,25.9,"Accounting Apr variance was $1,197,318 vs plan",04/18/2026 02:34:04 PM
r39-0001460,rclark@silverlinefreight.com,Flux Commentary,Reconcile AP aging over 90 days for EU-03,completed,55.3,"Accounting Feb variance was $145,364 vs plan",04/18/2026 02:49:00 PM
r39-0001461,nrodriguez@silverlinefreight.com,Cash Forecaster,Reconcile AP aging over 90 days for US-08,completed,58.2,"FP&A Jan variance was $890,383 vs plan",04/18/2026 12:10:17 PM
r39-0001462,nrodriguez@silverlinefreight.com,AP Aging Analyst,Explain the headcount variance vs plan,completed,62.9,"Treasury Apr variance was $235,024 vs plan",04/19/2026 03:07:18 PM
r39-0001463,fwilson@silverlinefreight.com,Variance Explainer,Draft flux commentary for the Jan close,completed,40.5,"Treasury Jan variance was $1,662,872 vs plan",04/19/2026 08:52:54 AM
r39-0001464,rclark@silverlinefreight.com,Vendor Spend Analyzer,Draft flux commentary for the Jan close,completed,17.8,"Accounting Jan variance was $1,717,241 vs plan",04/19/2026 05:10:24 PM
r39-0001465,fwilson@silverlinefreight.com,Cash Forecaster,Why did Accounting spend exceed budget in May?,error,7.3,error code 502 from model gateway,04/19/2026 10:18:03 AM
r39-0001466,nrodriguez@silverlinefreight.com,Covenant Checker,What drove the change in gross margin this quarter?,completed,4.8,"Accounting Feb variance was $1,403,694 vs plan",04/19/2026 10:53:29 AM
r39-0001467,nrodriguez@silverlinefreight.com,Budget vs Actual,Which cost centers are over budget YTD?,completed,64.7,"Treasury Feb variance was $3,289,849 vs plan",04/19/2026 09:21:03 AM
r39-0001468,nrodriguez@silverlinefreight.com,Variance Explainer,Forecast Mar operating cash flow,completed,1.6,error: connection reset by peer,04/19/2026 03:29:23 PM
r39-0001469,fwilson@silverlinefreight.com,Covenant Checker,Summarize the May variance for entity CA-09,completed,23.5,"Accounting May variance was $3,998,847 vs plan",04/19/2026 06:51:10 AM
r39-0001470,rclark@silverlinefreight.com,Vendor Spend Analyzer,What drove the change in gross margin this quarter?,completed,45.1,"Treasury Apr variance was $1,126,002 vs plan",04/19/2026 08:36:57 AM
r39-0001471,fwilson@silverlinefreight.com,Revenue Recognizer,What drove the change in gross margin this quarter?,completed,62.1,"Treasury Apr variance was $4,662,221 vs plan",04/19/2026 10:05:47 AM
r39-0001472,rjones@silverlinefreight.com,Close Checklist Bot,Reconcile AP aging over 90 days for MX-05,completed,48.7,"Ops Feb variance was $3,991,815 vs plan",04/19/2026 03:06:39 PM
r39-0001473,rclark@silverlinefreight.com,Cash Forecaster,Draft flux commentary for the May close,completed,11.4,"Accounting May variance was $4,008,280 vs plan",04/19/2026 02:34:30 PM
r39-0001474,nrodriguez@silverlinefreight.com,Headcount Planner,Forecast May operating cash flow,completed,38.6,"Treasury May variance was $2,416,719 vs plan",04/19/2026 04:11:20 PM
r39-0001475,rclark@silverlinefreight.com,Revenue Recognizer,Explain the headcount variance vs plan,completed,70.2,"FP&A May variance was $1,444,219 vs plan",04/19/2026 04:05:34 PM
r39-0001476,nrodriguez@silverlinefreight.com,Cash Forecaster,What drove the change in gross margin this quarter?,completed,74.5,"Accounting May variance was $3,340,915 vs plan",04/20/2026 01:41:55 PM
r39-0001477,rclark@silverlinefreight.com,Flux Commentary,Explain the headcount variance vs plan,completed,33.2,"FP&A May variance was $687,351 vs plan",04/20/2026 02:22:16 PM
r39-0001478,rclark@silverlinefreight.com,Revenue Recognizer,Which cost centers are over budget YTD?,completed,46.4,"FP&A Apr variance was $817,496 vs plan",04/20/2026 02:12:12 PM
r39-0001479,nrodriguez@silverlinefreight.com,Cash Forecaster,Which cost centers are over budget YTD?,error,5.4,FAILED: null reference in aggregation step,04/20/2026 01:04:14 PM
r39-0001480,nrodriguez@silverlinefreight.com,Revenue Recognizer,Reconcile AP aging over 90 days for US-09,completed,48.1,"Treasury Jan variance was $3,933,297 vs plan",04/20/2026 10:19:01 AM
r39-0001481,rclark@silverlinefreight.com,Cash Forecaster,Build the board deck cash slide for Feb,completed,15.8,"Treasury Feb variance was $3,949,654 vs plan",04/20/2026 10:28:34 AM
r39-0001482,nrodriguez@silverlinefreight.com,AP Aging Analyst,Forecast Mar operating cash flow,error,6.6,ERROR: upstream request timed out,04/20/2026 02:58:09 PM
r39-0001483,rclark@silverlinefreight.com,Journal Entry Reviewer,Explain the headcount variance vs plan,completed,8.2,"Ops Apr variance was $560,268 vs plan",04/20/2026 01:33:08 PM
r39-0001484,fwilson@silverlinefreight.com,Flux Commentary,Forecast Mar operating cash flow,completed,16.8,"FP&A Mar variance was $1,354,458 vs plan",04/20/2026 11:48:21 AM
r39-0001485,fwilson@silverlinefreight.com,Vendor Spend Analyzer,Why did FP&A spend exceed budget in May?,completed,54.9,"FP&A May variance was $37,416 vs plan",04/20/2026 09:51:28 AM
r39-0001486,rclark@silverlinefreight.com,Close Checklist Bot,Check covenant compliance for the revolver,completed,23.4,"Treasury Mar variance was $2,052,694 vs plan",04/20/2026 03:55:07 PM
r39-0001487,rclark@silverlinefreight.com,Flux Commentary,Which cost centers are over budget YTD?,completed,20.6,"Accounting Apr variance was $4,016,391 vs plan",04/20/2026 08:00:26 AM
r39-0001488,rclark@silverlinefreight.com,Revenue Recognizer,What drove the change in gross margin this quarter?,completed,56.8,"FP&A Jun variance was $3,758,314 vs plan",04/20/2026 01:21:41 PM
r39-0001489,nrodriguez@silverlinefreight.com,Flux Commentary,Reconcile AP aging over 90 days for US-06,completed,54.6,"Ops Apr variance was $2,686,747 vs plan",04/20/2026 11:12:03 AM
r39-0001490,fwilson@silverlinefreight.com,Covenant Checker,Forecast May operating cash flow,completed,22.9,"FP&A May variance was $3,559,963 vs plan",04/20/2026 03:29:18 PM
r39-0001491,nrodriguez@silverlinefreight.com,Board Deck Builder,What drove the change in gross margin this quarter?,completed,66.1,"Treasury Jun variance was $3,376,272 vs plan",04/20/2026 11:27:58 AM
r39-0001492,rclark@silverlinefreight.com,Covenant Checker,Build the board deck cash slide for Jun,completed,74.9,"Accounting Jun variance was $1,606,880 vs plan",04/20/2026 07:02:03 AM
r39-0001493,rclark@silverlinefreight.com,Revenue Recognizer,Which cost centers are over budget YTD?,completed,32.5,"Ops Feb variance was $3,305,195 vs plan",04/20/2026 02:31:45 PM
r39-0001494,nrodriguez@silverlinefreight.com,Flux Commentary,Build the board deck cash slide for Apr,completed,47.4,"Treasury Apr variance was $4,744,300 vs plan",04/20/2026 04:44:43 PM
r39-0001495,rclark@silverlinefreight.com,Revenue Recognizer,What drove the change in gross margin this quarter?,completed,50.0,"Treasury Jan variance was $1,538,593 vs plan",04/20/2026 01:34:35 PM
r39-0001496,rclark@silverlinefreight.com,Journal Entry Reviewer,Draft flux commentary for the Jan close,completed,69.1,"Treasury Jan variance was $3,751,457 vs plan",04/20/2026 07:38:06 AM
r39-0001497,nrodriguez@silverlinefreight.com,Vendor Spend Analyzer,Draft flux commentary for the Mar close,completed,71.3,"Accounting Mar variance was $2,364,961 vs plan",04/20/2026 07:10:37 AM
r39-0001498,rclark@silverlinefreight.com,Budget vs Actual,What drove the change in gross margin this quarter?,completed,1.3,error code 502 from model gateway,04/20/2026 12:37:10 PM
r39-0001499,rclark@silverlinefreight.com,Covenant Checker,Summarize the Jun variance for entity MX-03,completed,8.2,"Treasury Jun variance was $1,481,690 vs plan",04/20/2026 06:11:31 AM
r39-0001500,fwilson@silverlinefreight.com,Revenue Recognizer,Which cost centers are over budget YTD?,completed,20.7,"FP&A Jan variance was $1,093,635 vs plan",04/20/2026 05:39:43 PM
r39-0001501,nrodriguez@silverlinefreight.com,Covenant Checker,Reconcile AP aging over 90 days for US-02,completed,44.3,"Treasury Jan variance was $720,595 vs plan",04/20/2026 03:43:55 PM
r39-0001502,rclark@silverlinefreight.com,Journal Entry Reviewer,Draft flux commentary for the Feb close,completed,6.6,"Ops Feb variance was $3,089,309 vs plan",04/20/2026 10:51:44 AM
r39-0001503,fwilson@silverlinefreight.com,Journal Entry Reviewer,Why did Accounting spend exceed budget in Apr?,completed,8.0,"Accounting Apr variance was $3,375,459 vs plan",04/20/2026 10:54:18 AM
r39-0001504,rclark@silverlinefreight.com,Vendor Spend Analyzer,Draft flux commentary for the May close,completed,34.6,"Treasury May variance was $1,146,117 vs plan",04/20/2026 05:22:27 PM
r39-0001505,fwilson@silverlinefreight.com,Covenant Checker,Build the board deck cash slide for Apr,completed,65.2,"Treasury Apr variance was $1,403,235 vs plan",04/20/2026 09:22:12 AM
r39-0001506,nrodriguez@silverlinefreight.com,Flux Commentary,Which cost centers are over budget YTD?,completed,58.1,"Treasury Apr variance was $926,249 vs plan",04/20/2026 11:21:13 AM
r39-0001507,nrodriguez@silverlinefreight.com,Flux Commentary,Which cost centers are over budget YTD?,completed,73.4,"Accounting May variance was $4,772,756 vs plan",04/20/2026 06:52:46 PM
r39-0001508,nrodriguez@silverlinefreight.com,Revenue Recognizer,Explain the headcount variance vs plan,completed,62.7,"Accounting Jun variance was $1,047,022 vs plan",04/20/2026 01:26:22 PM
r39-0001509,rjones@silverlinefreight.com,Close Checklist Bot,What drove the change in gross margin this quarter?,completed,28.9,"FP&A May variance was $2,955,601 vs plan",04/20/2026 01:37:16 PM
r39-0001510,rclark@silverlinefreight.com,Headcount Planner,Forecast Apr operating cash flow,completed,25.9,"Treasury Apr variance was $820,872 vs plan",04/21/2026 01:45:16 PM
r39-0001511,nrodriguez@silverlinefreight.com,Cash Forecaster,What drove the change in gross margin this quarter?,completed,27.5,"FP&A Mar variance was $1,844,995 vs plan",04/21/2026 11:22:43 AM
r39-0001512,nrodriguez@silverlinefreight.com,Covenant Checker,Which cost centers are over budget YTD?,completed,1.6,Traceback (most recent call last): KeyError 'entity',04/21/2026 01:13:32 PM
r39-0001513,rclark@silverlinefreight.com,Vendor Spend Analyzer,Explain the headcount variance vs plan,completed,23.4,"Accounting Feb variance was $3,706,101 vs plan",04/21/2026 08:20:44 AM
r39-0001514,nrodriguez@silverlinefreight.com,Journal Entry Reviewer,Check covenant compliance for the revolver,completed,12.7,"Accounting Mar variance was $2,098,201 vs plan",04/21/2026 10:27:43 AM
r39-0001515,rclark@silverlinefreight.com,Journal Entry Reviewer,Explain the headcount variance vs plan,completed,53.6,"FP&A Apr variance was $2,793,518 vs plan",04/21/2026 12:37:49 PM
r39-0001516,nrodriguez@silverlinefreight.com,Cash Forecaster,Explain the headcount variance vs plan,completed,14.1,"Accounting Mar variance was $2,244,122 vs plan",04/21/2026 01:15:15 PM
r39-0001517,rclark@silverlinefreight.com,Headcount Planner,Forecast Apr operating cash flow,completed,39.5,"Treasury Apr variance was $3,541,431 vs plan",04/21/2026 04:26:10 PM
r39-0001518,rclark@silverlinefreight.com,Cash Forecaster,Summarize the Apr variance for entity US-06,completed,13.3,"Ops Apr variance was $878,005 vs plan",04/21/2026 07:15:19 AM
r39-0001519,rclark@silverlinefreight.com,Budget vs Actual,Why did Ops spend exceed budget in Apr?,completed,60.5,"Ops Apr variance was $2,216,014 vs plan",04/21/2026 11:18:31 AM
r39-0001520,rclark@silverlinefreight.com,Covenant Checker,Forecast May operating cash flow,completed,0.5,error: connection reset by peer,04/21/2026 11:40:24 AM
r39-0001521,rclark@silverlinefreight.com,AP Aging Analyst,Forecast Jun operating cash flow,completed,38.1,"Ops Jun variance was $3,250,446 vs plan",04/21/2026 12:19:14 PM
r39-0001522,rclark@silverlinefreight.com,Cash Forecaster,Why did FP&A spend exceed budget in Jan?,completed,49.1,"FP&A Jan variance was $375,544 vs plan",04/21/2026 03:56:22 PM
r39-0001523,nrodriguez@silverlinefreight.com,Revenue Recognizer,Draft flux commentary for the May close,completed,23.6,"Accounting May variance was $3,805,459 vs plan",04/21/2026 06:02:16 AM
r39-0001524,nrodriguez@silverlinefreight.com,Vendor Spend Analyzer,Which cost centers are over budget YTD?,completed,6.9,"Treasury May variance was $3,014,739 vs plan",04/21/2026 03:50:05 PM
r39-0001525,nrodriguez@silverlinefreight.com,Headcount Planner,Why did Ops spend exceed budget in Feb?,completed,37.9,"Ops Feb variance was $1,036,728 vs plan",04/21/2026 07:54:20 PM
r39-0001526,rclark@silverlinefreight.com,Headcount Planner,Why did Treasury spend exceed budget in May?,completed,26.0,"Treasury May variance was $1,398,651 vs plan",04/21/2026 02:55:42 PM
r39-0001527,rclark@silverlinefreight.com,Cash Forecaster,Build the board deck cash slide for Apr,completed,1.9,FAILED: null reference in aggregation step,04/21/2026 06:57:33 PM
r39-0001528,rclark@silverlinefreight.com,Close Checklist Bot,Build the board deck cash slide for Apr,error,4.5,Traceback (most recent call last): KeyError 'entity',04/21/2026 01:56:58 PM
r39-0001529,nrodriguez@silverlinefreight.com,Budget vs Actual,Build the board deck cash slide for Jan,completed,23.6,"FP&A Jan variance was $431,138 vs plan",04/21/2026 09:00:23 AM
r39-0001530,nrodriguez@silverlinefreight.com,Board Deck Builder,Reconcile AP aging over 90 days for MX-03,completed,27.3,"Treasury Feb variance was $3,121,493 vs plan",04/21/2026 02:48:38 PM
r39-0001531,rclark@silverlinefreight.com,Flux Commentary,Why did Ops spend exceed budget in May?,completed,20.9,"Ops May variance was $1,807,595 vs plan",04/21/2026 01:49:52 PM
r39-0001532,nrodriguez@silverlinefreight.com,Budget vs Actual,Check covenant compliance for the revolver,completed,36.0,"Treasury Jun variance was $4,750,446 vs plan",04/21/2026 03:28:19 PM
r39-0001533,nrodriguez@silverlinefreight.com,Close Checklist Bot,Summarize the Feb variance for entity EU-06,completed,38.4,"Ops Feb variance was $1,643,352 vs plan",04/21/2026 04:01:55 PM
r39-0001534,rclark@silverlinefreight.com,Flux Commentary,Reconcile AP aging over 90 days for US-09,completed,57.9,"Ops Apr variance was $115,298 vs plan",04/21/2026 10:48:33 AM
r39-0001535,rclark@silverlinefreight.com,AP Aging Analyst,Summarize the Feb variance for entity MX-03,completed,56.1,"Ops Feb variance was $4,600,346 vs plan",04/21/2026 01:54:36 PM
r39-0001536,rclark@silverlinefreight.com,Headcount Planner,Check covenant compliance for the revolver,error,3.7,error: connection reset by peer,04/21/2026 10:37:54 AM
r39-0001537,rclark@silverlinefreight.com,Headcount Planner,Which cost centers are over budget YTD?,completed,50.2,"Accounting Apr variance was $592,475 vs plan",04/21/2026 08:17:10 AM
r39-0001538,rjones@silverlinefreight.com,Vendor Spend Analyzer,Draft flux commentary for the Apr close,completed,20.7,"Treasury Apr variance was $3,436,654 vs plan",04/21/2026 03:12:10 PM
r39-0001539,nrodriguez@silverlinefreight.com,AP Aging Analyst,Summarize the Jun variance for entity EU-05,completed,0.5,Traceback (most recent call last): KeyError 'entity',04/21/2026 03:47:08 PM
r39-0001540,rclark@silverlinefreight.com,Journal Entry Reviewer,Summarize the Apr variance for entity US-02,completed,15.0,"Accounting Apr variance was $4,473,340 vs plan",04/21/2026 01:39:20 PM
r39-0001541,nrodriguez@silverlinefreight.com,Journal Entry Reviewer,Check covenant compliance for the revolver,completed,23.8,"Ops Mar variance was $405,423 vs plan",04/21/2026 01:31:06 PM
r39-0001542,nrodriguez@silverlinefreight.com,Budget vs Actual,Build the board deck cash slide for Jun,completed,32.9,"Accounting Jun variance was $1,942,845 vs plan",04/21/2026 12:10:30 PM
r39-0001543,nrodriguez@silverlinefreight.com,Close Checklist Bot,Build the board deck cash slide for Feb,completed,48.1,"FP&A Feb variance was $4,594,499 vs plan",04/21/2026 09:09:16 AM
r39-0001544,rjones@silverlinefreight.com,Headcount Planner,Explain the headcount variance vs plan,completed,67.4,"Accounting May variance was $4,422,578 vs plan",04/21/2026 10:03:05 AM
r39-0001545,nrodriguez@silverlinefreight.com,Close Checklist Bot,Why did Ops spend exceed budget in May?,completed,15.2,"Ops May variance was $2,249,540 vs plan",04/21/2026 10:43:45 AM
r39-0001546,nrodriguez@silverlinefreight.com,AP Aging Analyst,Why did Treasury spend exceed budget in Feb?,completed,12.9,"Treasury Feb variance was $2,913,730 vs plan",04/21/2026 01:38:50 PM
r39-0001547,rjones@silverlinefreight.com,Revenue Recognizer,Reconcile AP aging over 90 days for CA-06,completed,7.3,"Accounting Apr variance was $1,450,138 vs plan",04/21/2026 04:47:14 PM
r39-0001548,rjones@silverlinefreight.com,Flux Commentary,Why did Ops spend exceed budget in Jun?,completed,59.2,"Ops Jun variance was $4,285,451 vs plan",04/21/2026 01:30:31 PM
r39-0001549,fwilson@silverlinefreight.com,Variance Explainer,What drove the change in gross margin this quarter?,completed,43.8,"Ops Jan variance was $4,515,886 vs plan",04/21/2026 10:44:54 AM
r39-0001550,fwilson@silverlinefreight.com,Vendor Spend Analyzer,Reconcile AP aging over 90 days for MX-02,completed,49.1,"Ops Feb variance was $3,733,528 vs plan",04/21/2026 03:44:55 PM
r39-0001551,nrodriguez@silverlinefreight.com,Flux Commentary,Reconcile AP aging over 90 days for MX-05,completed,42.5,"Treasury Feb variance was $712,652 vs plan",04/21/2026 11:12:59 AM
r39-0001552,nrodriguez@silverlinefreight.com,Budget vs Actual,Check covenant compliance for the revolver,completed,40.6,"Accounting Apr variance was $545,922 vs plan",04/21/2026 06:54:02 PM
r39-0001553,nrodriguez@silverlinefreight.com,Headcount Planner,Reconcile AP aging over 90 days for US-09,completed,1.0,Traceback (most recent call last): KeyError 'entity',04/21/2026 08:38:48 AM
r39-0001554,rclark@silverlinefreight.com,Journal Entry Reviewer,Summarize the Apr variance for entity MX-04,error,7.7,Traceback (most recent call last): KeyError 'entity',04/21/2026 04:26:39 PM
r39-0001555,fwilson@silverlinefreight.com,Journal Entry Reviewer,Draft flux commentary for the Apr close,completed,16.8,"FP&A Apr variance was $4,342,135 vs plan",04/21/2026 12:48:35 PM
r39-0001556,nrodriguez@silverlinefreight.com,Flux Commentary,Explain the headcount variance vs plan,completed,22.9,"FP&A Jan variance was $265,213 vs plan",04/21/2026 11:17:32 AM
r39-0001557,rclark@silverlinefreight.com,Board Deck Builder,Explain the headcount variance vs plan,completed,29.6,"FP&A Jun variance was $232,636 vs plan",04/21/2026 08:28:22 PM
r39-0001558,nrodriguez@silverlinefreight.com,Journal Entry Reviewer,Explain the headcount variance vs plan,completed,14.1,"FP&A Mar variance was $622,432 vs plan",04/21/2026 01:33:05 PM
r39-0001559,nrodriguez@silverlinefreight.com,Covenant Checker,Draft flux commentary for the Jun close,completed,63.3,"Ops Jun variance was $2,013,564 vs plan",04/21/2026 08:55:05 AM
r39-0001560,rclark@silverlinefreight.com,Vendor Spend Analyzer,Which cost centers are over budget YTD?,completed,44.7,"Accounting Jan variance was $4,761,353 vs plan",04/21/2026 01:41:11 PM
r39-0001561,rjones@silverlinefreight.com,Cash Forecaster,Draft flux commentary for the Feb close,completed,32.4,"Accounting Feb variance was $846,501 vs plan",04/21/2026 04:16:32 PM
r39-0001562,rclark@silverlinefreight.com,Budget vs Actual,Check covenant compliance for the revolver,error,3.0,FAILED: null reference in aggregation step,04/21/2026 05:59:45 PM
r39-0001563,rclark@silverlinefreight.com,Vendor Spend Analyzer,Build the board deck cash slide for May,completed,58.3,"Ops May variance was $1,232,802 vs plan",04/21/2026 02:18:06 PM
r39-0001564,nrodriguez@silverlinefreight.com,Journal Entry Reviewer,Explain the headcount variance vs plan,completed,26.6,"Ops Apr variance was $740,695 vs plan",04/21/2026 08:07:04 AM
r39-0001565,rclark@silverlinefreight.com,Journal Entry Reviewer,Which cost centers are over budget YTD?,completed,38.2,"Treasury Apr variance was $1,389,031 vs plan",04/21/2026 01:05:28 PM
r39-0001566,rclark@silverlinefreight.com,Covenant Checker,Which cost centers are over budget YTD?,completed,68.8,"Ops Jun variance was $1,972,405 vs plan",04/22/2026 07:09:33 PM
r39-0001567,rclark@silverlinefreight.com,Headcount Planner,Check covenant compliance for the revolver,completed,31.9,"Treasury May variance was $4,431,514 vs plan",04/22/2026 10:37:41 AM
r39-0001568,nrodriguez@silverlinefreight.com,Variance Explainer,What drove the change in gross margin this quarter?,completed,21.1,"FP&A Mar variance was $3,627,641 vs plan",04/22/2026 10:45:49 AM
r39-0001569,nrodriguez@silverlinefreight.com,Revenue Recognizer,Reconcile AP aging over 90 days for MX-04,completed,34.6,"Treasury Feb variance was $2,611,755 vs plan",04/22/2026 10:31:48 AM
r39-0001570,nrodriguez@silverlinefreight.com,Close Checklist Bot,Which cost centers are over budget YTD?,completed,68.7,"Accounting Mar variance was $103,081 vs plan",04/22/2026 07:10:49 PM
r39-0001571,rclark@silverlinefreight.com,Cash Forecaster,Check covenant compliance for the revolver,error,0.6,Traceback (most recent call last): KeyError 'entity',04/22/2026 02:16:08 PM
r39-0001572,rclark@silverlinefreight.com,Budget vs Actual,Forecast Mar operating cash flow,completed,18.6,"Ops Mar variance was $2,857,187 vs plan",04/22/2026 05:07:23 PM
r39-0001573,fwilson@silverlinefreight.com,Headcount Planner,Reconcile AP aging over 90 days for EU-08,completed,57.4,"FP&A Apr variance was $903,287 vs plan",04/22/2026 01:16:27 PM
r39-0001574,fwilson@silverlinefreight.com,Flux Commentary,Build the board deck cash slide for Apr,completed,42.1,"FP&A Apr variance was $2,664,695 vs plan",04/22/2026 11:37:31 AM
r39-0001575,fwilson@silverlinefreight.com,Vendor Spend Analyzer,Build the board deck cash slide for May,completed,68.1,"FP&A May variance was $4,360,384 vs plan",04/22/2026 01:06:55 PM
r39-0001576,rclark@silverlinefreight.com,Journal Entry Reviewer,Explain the headcount variance vs plan,completed,31.1,"Treasury May variance was $3,139,480 vs plan",04/22/2026 11:45:32 AM
r39-0001577,fwilson@silverlinefreight.com,Headcount Planner,What drove the change in gross margin this quarter?,error,7.4,ERROR: upstream request timed out,04/22/2026 11:49:23 AM
r39-0001578,fwilson@silverlinefreight.com,Vendor Spend Analyzer,What drove the change in gross margin this quarter?,completed,63.4,"Ops Jan variance was $1,947,917 vs plan",04/22/2026 07:37:00 PM
r39-0001579,rclark@silverlinefreight.com,Vendor Spend Analyzer,Forecast May operating cash flow,completed,1.2,FAILED: null reference in aggregation step,04/22/2026 04:50:22 PM
r39-0001580,nrodriguez@silverlinefreight.com,AP Aging Analyst,Build the board deck cash slide for Apr,completed,48.6,"FP&A Apr variance was $500,201 vs plan",04/22/2026 08:21:01 AM
r39-0001581,nrodriguez@silverlinefreight.com,Journal Entry Reviewer,Explain the headcount variance vs plan,completed,47.5,"Accounting Mar variance was $4,401,511 vs plan",04/22/2026 03:51:22 PM
r39-0001582,rclark@silverlinefreight.com,Variance Explainer,What drove the change in gross margin this quarter?,completed,64.6,"FP&A Apr variance was $4,506,359 vs plan",04/22/2026 02:53:17 PM
r39-0001583,rclark@silverlinefreight.com,Cash Forecaster,Build the board deck cash slide for May,completed,3.8,"Ops May variance was $3,070,745 vs plan",04/22/2026 03:24:44 PM
r39-0001584,nrodriguez@silverlinefreight.com,Vendor Spend Analyzer,Draft flux commentary for the Apr close,completed,60.7,"FP&A Apr variance was $4,666,992 vs plan",04/22/2026 10:23:25 AM
r39-0001585,nrodriguez@silverlinefreight.com,Headcount Planner,Explain the headcount variance vs plan,completed,18.3,"Treasury Jun variance was $1,756,630 vs plan",04/22/2026 10:24:37 AM
r39-0001586,rclark@silverlinefreight.com,Revenue Recognizer,Summarize the Mar variance for entity CA-07,completed,40.7,"Treasury Mar variance was $941,024 vs plan",04/22/2026 11:03:09 AM
r39-0001587,nrodriguez@silverlinefreight.com,Revenue Recognizer,Reconcile AP aging over 90 days for CA-08,completed,43.4,"Accounting Jan variance was $4,457,433 vs plan",04/22/2026 02:31:48 PM
r39-0001588,nrodriguez@silverlinefreight.com,Headcount Planner,Summarize the Jun variance for entity US-04,completed,25.7,"Accounting Jun variance was $2,963,295 vs plan",04/22/2026 03:47:28 PM
r39-0001589,nrodriguez@silverlinefreight.com,Close Checklist Bot,Reconcile AP aging over 90 days for MX-05,completed,1.1,FAILED: null reference in aggregation step,04/22/2026 07:58:40 PM
r39-0001590,rclark@silverlinefreight.com,Covenant Checker,Summarize the Mar variance for entity MX-06,completed,64.2,"Treasury Mar variance was $935,594 vs plan",04/22/2026 12:42:19 PM
r39-0001591,rclark@silverlinefreight.com,AP Aging Analyst,Reconcile AP aging over 90 days for CA-08,completed,15.3,"Treasury Mar variance was $1,349,452 vs plan",04/22/2026 01:15:04 PM
r39-0001592,rclark@silverlinefreight.com,Variance Explainer,What drove the change in gross margin this quarter?,completed,16.2,"Treasury Mar variance was $839,128 vs plan",04/22/2026 06:02:24 AM
r39-0001593,nrodriguez@silverlinefreight.com,Close Checklist Bot,Build the board deck cash slide for Jun,error,3.5,ERROR: upstream request timed out,04/22/2026 03:26:02 PM
r39-0001594,nrodriguez@silverlinefreight.com,Variance Explainer,Forecast Jun operating cash flow,completed,13.8,"Ops Jun variance was $3,503,879 vs plan",04/22/2026 12:06:23 PM
r39-0001595,nrodriguez@silverlinefreight.com,Covenant Checker,Which cost centers are over budget YTD?,completed,37.9,"FP&A Feb variance was $4,508,016 vs plan",04/22/2026 05:06:47 PM
r39-0001596,rclark@silverlinefreight.com,Variance Explainer,Check covenant compliance for the revolver,completed,48.1,"Accounting Feb variance was $78,867 vs plan",04/22/2026 04:59:11 PM
r39-0001597,fwilson@silverlinefreight.com,Budget vs Actual,Explain the headcount variance vs plan,completed,23.2,"Accounting Apr variance was $4,527,942 vs plan",04/22/2026 03:13:07 PM
r39-0001598,rclark@silverlinefreight.com,AP Aging Analyst,Why did FP&A spend exceed budget in Apr?,completed,44.5,"FP&A Apr variance was $547,505 vs plan",04/22/2026 11:09:15 AM
r39-0001599,rclark@silverlinefreight.com,Budget vs Actual,Summarize the May variance for entity EU-05,completed,21.7,"FP&A May variance was $2,587,419 vs plan",04/22/2026 01:33:44 PM
r39-0001600,rclark@silverlinefreight.com,Flux Commentary,Check covenant compliance for the revolver,completed,66.6,"Accounting Feb variance was $4,184,693 vs plan",04/22/2026 06:40:46 PM
r39-0001601,rclark@silverlinefreight.com,Board Deck Builder,Forecast Jan operating cash flow,completed,61.5,"Ops Jan variance was $3,683,192 vs plan",04/22/2026 12:17:16 PM
r39-0001602,rclark@silverlinefreight.com,Covenant Checker,Explain the headcount variance vs plan,completed,52.3,"Treasury May variance was $61,431 vs plan",04/22/2026 01:51:57 PM
r39-0001603,nrodriguez@silverlinefreight.com,Covenant Checker,Summarize the Mar variance for entity US-06,completed,28.2,"FP&A Mar variance was $3,328,398 vs plan",04/22/2026 11:48:35 AM
r39-0001604,nrodriguez@silverlinefreight.com,AP Aging Analyst,Forecast Jan operating cash flow,completed,70.4,"Accounting Jan variance was $2,654,377 vs plan",04/22/2026 09:00:45 AM
r39-0001605,nrodriguez@silverlinefreight.com,Covenant Checker,Check covenant compliance for the revolver,completed,0.8,Traceback (most recent call last): KeyError 'entity',04/22/2026 12:32:23 PM
r39-0001606,rclark@silverlinefreight.com,Variance Explainer,What drove the change in gross margin this quarter?,completed,48.2,"Accounting Jun variance was $2,924,148 vs plan",04/22/2026 06:26:59 PM
r39-0001607,fwilson@silverlinefreight.com,Headcount Planner,Why did Accounting spend exceed budget in Apr?,completed,17.9,"Accounting Apr variance was $2,391,540 vs plan",04/23/2026 01:26:13 PM
r39-0001608,fwilson@silverlinefreight.com,Board Deck Builder,Check covenant compliance for the revolver,completed,38.2,"Ops May variance was $3,178,561 vs plan",04/23/2026 07:11:05 PM
r39-0001609,nrodriguez@silverlinefreight.com,Headcount Planner,Check covenant compliance for the revolver,completed,8.4,"Ops May variance was $763,579 vs plan",04/23/2026 09:38:57 AM
r39-0001610,rclark@silverlinefreight.com,Headcount Planner,Which cost centers are over budget YTD?,error,1.7,error: connection reset by peer,04/23/2026 09:07:39 AM
r39-0001611,nrodriguez@silverlinefreight.com,Vendor Spend Analyzer,Summarize the May variance for entity US-02,completed,22.8,"Treasury May variance was $543,468 vs plan",04/23/2026 02:25:13 PM
r39-0001612,fwilson@silverlinefreight.com,Headcount Planner,Draft flux commentary for the Apr close,completed,45.1,"Ops Apr variance was $2,380,689 vs plan",04/23/2026 08:04:19 AM
r39-0001613,rclark@silverlinefreight.com,Cash Forecaster,Forecast May operating cash flow,completed,23.6,"Ops May variance was $1,832,745 vs plan",04/23/2026 04:11:44 PM
r39-0001614,fwilson@silverlinefreight.com,AP Aging Analyst,Build the board deck cash slide for Feb,completed,9.1,"Treasury Feb variance was $4,220,617 vs plan",04/23/2026 12:14:50 PM
r39-0001615,nrodriguez@silverlinefreight.com,Board Deck Builder,Reconcile AP aging over 90 days for CA-06,completed,29.7,"FP&A Jun variance was $4,354,605 vs plan",04/23/2026 12:59:30 PM
r39-0001616,nrodriguez@silverlinefreight.com,Revenue Recognizer,Reconcile AP aging over 90 days for CA-02,completed,0.8,ERROR: upstream request timed out,04/23/2026 02:59:25 PM
r39-0001617,rclark@silverlinefreight.com,Vendor Spend Analyzer,Forecast Mar operating cash flow,completed,50.0,"FP&A Mar variance was $4,655,415 vs plan",04/23/2026 06:30:43 PM
r39-0001618,fwilson@silverlinefreight.com,Variance Explainer,Check covenant compliance for the revolver,completed,67.1,"Accounting Jan variance was $104,480 vs plan",04/23/2026 03:37:49 PM
r39-0001619,rclark@silverlinefreight.com,Variance Explainer,Draft flux commentary for the Jun close,completed,28.2,"Ops Jun variance was $4,304,083 vs plan",04/23/2026 11:51:45 AM
r39-0001620,rclark@silverlinefreight.com,Vendor Spend Analyzer,Explain the headcount variance vs plan,completed,35.7,"Accounting Apr variance was $3,979,456 vs plan",04/23/2026 01:37:46 PM
r39-0001621,rjones@silverlinefreight.com,Board Deck Builder,Which cost centers are over budget YTD?,completed,47.1,"Ops Mar variance was $2,785,861 vs plan",04/23/2026 02:36:02 PM
r39-0001622,rjones@silverlinefreight.com,Variance Explainer,Check covenant compliance for the revolver,completed,71.7,"Ops Jun variance was $2,911,784 vs plan",04/23/2026 10:14:18 AM
r39-0001623,fwilson@silverlinefreight.com,Budget vs Actual,Forecast May operating cash flow,completed,71.4,"Accounting May variance was $3,594,568 vs plan",04/23/2026 07:06:41 PM
r39-0001624,fwilson@silverlinefreight.com,Variance Explainer,Draft flux commentary for the May close,completed,10.2,"Ops May variance was $3,575,538 vs plan",04/23/2026 11:56:38 AM
r39-0001625,rclark@silverlinefreight.com,AP Aging Analyst,Check covenant compliance for the revolver,completed,21.7,"Accounting Feb variance was $4,271,272 vs plan",04/23/2026 01:15:50 PM
r39-0001626,fwilson@silverlinefreight.com,Variance Explainer,Forecast Apr operating cash flow,completed,24.0,"Treasury Apr variance was $952,731 vs plan",04/23/2026 08:23:48 AM
r39-0001627,fwilson@silverlinefreight.com,Board Deck Builder,Which cost centers are over budget YTD?,error,2.5,ERROR: upstream request timed out,04/23/2026 01:46:29 PM
r39-0001628,nrodriguez@silverlinefreight.com,Close Checklist Bot,Forecast Apr operating cash flow,completed,54.8,"FP&A Apr variance was $2,913,612 vs plan",04/23/2026 05:01:32 PM
r39-0001629,nrodriguez@silverlinefreight.com,Journal Entry Reviewer,Which cost centers are over budget YTD?,completed,63.7,"FP&A Apr variance was $93,370 vs plan",04/23/2026 09:33:24 AM
r39-0001630,rclark@silverlinefreight.com,Budget vs Actual,Summarize the Jan variance for entity CA-04,completed,1.7,error code 502 from model gateway,04/23/2026 02:18:55 PM
r39-0001631,rclark@silverlinefreight.com,Board Deck Builder,Forecast Apr operating cash flow,completed,44.3,"Ops Apr variance was $1,126,705 vs plan",04/23/2026 02:09:08 PM
r39-0001632,nrodriguez@silverlinefreight.com,Flux Commentary,Summarize the Feb variance for entity CA-03,completed,25.7,"Ops Feb variance was $3,350,525 vs plan",04/24/2026 07:38:50 AM
r39-0001633,rclark@silverlinefreight.com,Budget vs Actual,Draft flux commentary for the Jan close,completed,74.5,"Accounting Jan variance was $2,346,156 vs plan",04/24/2026 08:27:11 AM
r39-0001634,fwilson@silverlinefreight.com,Variance Explainer,Forecast Mar operating cash flow,completed,9.5,"Ops Mar variance was $2,400,163 vs plan",04/24/2026 12:34:50 PM
r39-0001635,fwilson@silverlinefreight.com,Journal Entry Reviewer,Reconcile AP aging over 90 days for CA-05,completed,40.1,"FP&A Mar variance was $4,745,517 vs plan",04/24/2026 09:35:37 AM
r39-0001636,fwilson@silverlinefreight.com,Headcount Planner,Summarize the Mar variance for entity EU-05,error,2.5,error code 502 from model gateway,04/24/2026 11:13:58 AM
r39-0001637,rclark@silverlinefreight.com,Vendor Spend Analyzer,Explain the headcount variance vs plan,completed,30.7,"Treasury Jun variance was $4,727,648 vs plan",04/24/2026 09:39:30 PM
r39-0001638,fwilson@silverlinefreight.com,Journal Entry Reviewer,Why did Ops spend exceed budget in Feb?,completed,6.3,"Ops Feb variance was $1,502,665 vs plan",04/24/2026 06:51:25 PM
r39-0001639,rclark@silverlinefreight.com,Variance Explainer,Reconcile AP aging over 90 days for CA-09,completed,62.2,"Ops May variance was $432,252 vs plan",04/24/2026 09:14:39 AM
r39-0001640,rclark@silverlinefreight.com,Journal Entry Reviewer,Reconcile AP aging over 90 days for US-04,completed,35.3,"FP&A Apr variance was $932,715 vs plan",04/24/2026 11:12:01 AM
r39-0001641,nrodriguez@silverlinefreight.com,Headcount Planner,Why did FP&A spend exceed budget in May?,completed,63.6,"FP&A May variance was $3,457,350 vs plan",04/24/2026 09:14:04 AM
r39-0001642,nrodriguez@silverlinefreight.com,Budget vs Actual,Draft flux commentary for the Mar close,completed,14.7,"FP&A Mar variance was $4,010,882 vs plan",04/24/2026 05:57:45 PM
r39-0001643,rclark@silverlinefreight.com,Headcount Planner,Why did FP&A spend exceed budget in Feb?,completed,42.5,"FP&A Feb variance was $4,258,976 vs plan",04/24/2026 03:55:16 PM
r39-0001644,rclark@silverlinefreight.com,Variance Explainer,Why did FP&A spend exceed budget in May?,completed,0.8,error: connection reset by peer,04/24/2026 04:23:25 PM
r39-0001645,nrodriguez@silverlinefreight.com,Close Checklist Bot,Build the board deck cash slide for May,completed,56.5,"Ops May variance was $3,538,903 vs plan",04/24/2026 06:07:46 AM
r39-0001646,rclark@silverlinefreight.com,Headcount Planner,Explain the headcount variance vs plan,completed,51.2,"Accounting Feb variance was $1,977,683 vs plan",04/24/2026 05:17:01 PM
r39-0001647,nrodriguez@silverlinefreight.com,Journal Entry Reviewer,Which cost centers are over budget YTD?,completed,46.2,"Ops Jan variance was $3,290,449 vs plan",04/24/2026 02:14:47 PM
r39-0001648,fwilson@silverlinefreight.com,Budget vs Actual,Check covenant compliance for the revolver,completed,17.9,"Treasury Feb variance was $3,984,557 vs plan",04/24/2026 11:34:38 AM
r39-0001649,nrodriguez@silverlinefreight.com,Close Checklist Bot,Build the board deck cash slide for Jun,completed,24.3,"Ops Jun variance was $91,148 vs plan",04/24/2026 02:41:24 PM
r39-0001650,fwilson@silverlinefreight.com,Close Checklist Bot,Check covenant compliance for the revolver,completed,47.5,"Ops May variance was $1,542,137 vs plan",04/24/2026 01:37:06 PM
r39-0001651,rjones@silverlinefreight.com,Journal Entry Reviewer,What drove the change in gross margin this quarter?,completed,72.9,"Accounting May variance was $2,838,417 vs plan",04/24/2026 03:00:01 PM
r39-0001652,nrodriguez@silverlinefreight.com,Flux Commentary,Reconcile AP aging over 90 days for US-05,completed,23.4,"Treasury May variance was $1,248,145 vs plan",04/24/2026 01:43:40 PM
r39-0001653,fwilson@silverlinefreight.com,Headcount Planner,What drove the change in gross margin this quarter?,completed,4.6,"Accounting Jan variance was $2,116,771 vs plan",04/24/2026 06:55:14 PM
r39-0001654,nrodriguez@silverlinefreight.com,Headcount Planner,Explain the headcount variance vs plan,completed,0.3,FAILED: null reference in aggregation step,04/24/2026 10:47:35 AM
r39-0001655,fwilson@silverlinefreight.com,Journal Entry Reviewer,Reconcile AP aging over 90 days for CA-01,completed,69.3,"FP&A Mar variance was $2,273,002 vs plan",04/24/2026 12:21:43 PM
r39-0001656,rclark@silverlinefreight.com,Budget vs Actual,Build the board deck cash slide for Apr,completed,58.0,"Accounting Apr variance was $456,242 vs plan",04/24/2026 01:46:35 PM
r39-0001657,rclark@silverlinefreight.com,Journal Entry Reviewer,Draft flux commentary for the Feb close,completed,69.4,"Ops Feb variance was $4,361,985 vs plan",04/24/2026 04:36:08 PM
r39-0001658,nrodriguez@silverlinefreight.com,Flux Commentary,Check covenant compliance for the revolver,completed,6.7,"FP&A Feb variance was $1,482,978 vs plan",04/24/2026 02:25:41 PM
r39-0001659,rclark@silverlinefreight.com,Cash Forecaster,What drove the change in gross margin this quarter?,completed,36.7,"FP&A Jan variance was $2,737,988 vs plan",04/24/2026 01:29:47 PM
r39-0001660,nrodriguez@silverlinefreight.com,Cash Forecaster,Reconcile AP aging over 90 days for US-07,completed,11.4,"Accounting Jan variance was $3,039,713 vs plan",04/24/2026 05:47:19 PM
r39-0001661,rclark@silverlinefreight.com,Board Deck Builder,Build the board deck cash slide for Mar,completed,58.8,"Accounting Mar variance was $3,114,796 vs plan",04/24/2026 11:05:41 AM
r39-0001662,nrodriguez@silverlinefreight.com,Revenue Recognizer,Why did Accounting spend exceed budget in Jan?,completed,7.9,"Accounting Jan variance was $2,367,918 vs plan",04/24/2026 11:00:44 AM
r39-0001663,rclark@silverlinefreight.com,Vendor Spend Analyzer,Reconcile AP aging over 90 days for CA-05,completed,70.1,"Ops Apr variance was $2,885,660 vs plan",04/24/2026 03:12:37 PM
r39-0001664,rclark@silverlinefreight.com,Board Deck Builder,What drove the change in gross margin this quarter?,completed,71.0,"Ops Jan variance was $4,304,716 vs plan",04/24/2026 01:10:42 PM
r39-0001665,fwilson@silverlinefreight.com,Variance Explainer,Which cost centers are over budget YTD?,completed,38.7,"Treasury May variance was $2,651,788 vs plan",04/24/2026 04:19:57 PM
r39-0001666,rclark@silverlinefreight.com,Journal Entry Reviewer,Summarize the Feb variance for entity CA-02,completed,10.0,"Treasury Feb variance was $1,194,802 vs plan",04/24/2026 07:21:40 AM
r39-0001667,nrodriguez@silverlinefreight.com,Variance Explainer,What drove the change in gross margin this quarter?,error,8.0,ERROR: upstream request timed out,04/24/2026 04:41:32 PM
r39-0001668,rclark@silverlinefreight.com,Covenant Checker,Summarize the May variance for entity EU-06,completed,65.4,"Accounting May variance was $1,050,028 vs plan",04/24/2026 07:09:37 AM
r39-0001669,nrodriguez@silverlinefreight.com,Cash Forecaster,Which cost centers are over budget YTD?,completed,23.7,"Accounting May variance was $2,341,300 vs plan",04/24/2026 09:00:38 AM
r39-0001670,rclark@silverlinefreight.com,Flux Commentary,Build the board deck cash slide for May,completed,58.7,"Accounting May variance was $102,072 vs plan",04/24/2026 06:07:14 PM
r39-0001671,rclark@silverlinefreight.com,Flux Commentary,Explain the headcount variance vs plan,completed,34.5,"FP&A May variance was $709,171 vs plan",04/25/2026 12:10:48 PM
r39-0001672,nrodriguez@silverlinefreight.com,Cash Forecaster,Draft flux commentary for the Mar close,completed,51.3,"Accounting Mar variance was $3,759,019 vs plan",04/25/2026 02:25:51 PM
r39-0001673,nrodriguez@silverlinefreight.com,Budget vs Actual,Why did FP&A spend exceed budget in Feb?,completed,66.8,"FP&A Feb variance was $3,036,436 vs plan",04/25/2026 10:56:27 AM
r39-0001674,rclark@silverlinefreight.com,AP Aging Analyst,Which cost centers are over budget YTD?,completed,58.5,"Treasury Jun variance was $3,182,558 vs plan",04/25/2026 05:33:52 PM
r39-0001675,nrodriguez@silverlinefreight.com,Headcount Planner,Summarize the May variance for entity US-07,completed,23.8,"Ops May variance was $2,328,910 vs plan",04/25/2026 12:11:11 PM
r39-0001676,fwilson@silverlinefreight.com,Budget vs Actual,Why did FP&A spend exceed budget in Apr?,completed,14.6,"FP&A Apr variance was $1,766,810 vs plan",04/25/2026 01:26:50 PM
r39-0001677,nrodriguez@silverlinefreight.com,Cash Forecaster,Which cost centers are over budget YTD?,completed,31.1,"Ops Feb variance was $2,965,086 vs plan",04/25/2026 11:42:53 AM
r39-0001678,rclark@silverlinefreight.com,Flux Commentary,Draft flux commentary for the Feb close,completed,67.4,"FP&A Feb variance was $1,592,653 vs plan",04/25/2026 01:06:34 PM
r39-0001679,nrodriguez@silverlinefreight.com,Covenant Checker,Draft flux commentary for the Jun close,completed,1.9,error code 502 from model gateway,04/25/2026 05:01:15 PM
r39-0001680,nrodriguez@silverlinefreight.com,AP Aging Analyst,Forecast Apr operating cash flow,completed,49.7,"Ops Apr variance was $3,959,008 vs plan",04/25/2026 06:25:13 PM
r39-0001681,fwilson@silverlinefreight.com,Revenue Recognizer,Why did Ops spend exceed budget in Apr?,completed,64.8,"Ops Apr variance was $4,679,258 vs plan",04/25/2026 05:03:18 PM
r39-0001682,rjones@silverlinefreight.com,Headcount Planner,Summarize the Jan variance for entity MX-01,completed,37.2,"FP&A Jan variance was $4,080,136 vs plan",04/25/2026 04:37:14 PM
r39-0001683,nrodriguez@silverlinefreight.com,Headcount Planner,Check covenant compliance for the revolver,completed,30.9,"Treasury Apr variance was $4,769,814 vs plan",04/26/2026 03:14:51 PM
r39-0001684,rclark@silverlinefreight.com,AP Aging Analyst,Which cost centers are over budget YTD?,completed,50.1,"Ops Jan variance was $4,792,304 vs plan",04/26/2026 10:22:17 AM
r39-0001685,rclark@silverlinefreight.com,Cash Forecaster,Reconcile AP aging over 90 days for CA-03,completed,72.4,"Accounting May variance was $1,982,227 vs plan",04/26/2026 01:56:27 PM
r39-0001686,nrodriguez@silverlinefreight.com,Variance Explainer,Forecast Jan operating cash flow,completed,50.8,"Treasury Jan variance was $451,812 vs plan",04/26/2026 12:16:32 PM
r39-0001687,nrodriguez@silverlinefreight.com,AP Aging Analyst,Summarize the Jun variance for entity US-05,completed,40.9,"FP&A Jun variance was $4,261,109 vs plan",04/26/2026 08:34:37 PM
r39-0001688,nrodriguez@silverlinefreight.com,Variance Explainer,Forecast Mar operating cash flow,completed,64.2,"Treasury Mar variance was $1,141,978 vs plan",04/26/2026 11:46:44 AM
r39-0001689,rclark@silverlinefreight.com,Cash Forecaster,Check covenant compliance for the revolver,completed,0.8,Traceback (most recent call last): KeyError 'entity',04/26/2026 01:08:31 PM
r39-0001690,fwilson@silverlinefreight.com,Vendor Spend Analyzer,Draft flux commentary for the Mar close,completed,10.0,"FP&A Mar variance was $2,272,501 vs plan",04/26/2026 10:23:18 AM
r39-0001691,nrodriguez@silverlinefreight.com,Journal Entry Reviewer,Forecast May operating cash flow,completed,63.9,"FP&A May variance was $1,952,645 vs plan",04/26/2026 07:08:09 PM
r39-0001692,rclark@silverlinefreight.com,AP Aging Analyst,Summarize the Jun variance for entity MX-09,completed,64.2,"Accounting Jun variance was $3,842,737 vs plan",04/26/2026 10:49:29 AM
r39-0001693,rjones@silverlinefreight.com,Close Checklist Bot,Build the board deck cash slide for Mar,completed,30.7,"Treasury Mar variance was $1,800,943 vs plan",04/26/2026 12:47:29 PM
r39-0001694,fwilson@silverlinefreight.com,Cash Forecaster,Explain the headcount variance vs plan,completed,9.5,"Treasury Jun variance was $1,505,156 vs plan",04/26/2026 08:05:53 AM
r39-0001695,fwilson@silverlinefreight.com,Flux Commentary,Reconcile AP aging over 90 days for US-03,completed,33.1,"FP&A May variance was $3,727,787 vs plan",04/26/2026 12:19:12 PM
r39-0001696,rclark@silverlinefreight.com,Flux Commentary,Reconcile AP aging over 90 days for MX-04,completed,12.8,"Ops Feb variance was $3,052,614 vs plan",04/26/2026 09:29:48 AM
r39-0001697,rclark@silverlinefreight.com,Variance Explainer,What drove the change in gross margin this quarter?,completed,68.3,"FP&A Apr variance was $815,064 vs plan",04/27/2026 08:14:23 AM
r39-0001698,nrodriguez@silverlinefreight.com,Journal Entry Reviewer,Build the board deck cash slide for Jun,completed,40.9,"Accounting Jun variance was $176,859 vs plan",04/27/2026 12:50:31 PM
r39-0001699,fwilson@silverlinefreight.com,Flux Commentary,Draft flux commentary for the May close,completed,33.1,"Accounting May variance was $901,921 vs plan",04/27/2026 03:46:37 PM
r39-0001700,rclark@silverlinefreight.com,AP Aging Analyst,Reconcile AP aging over 90 days for EU-04,completed,42.7,"Treasury Jan variance was $1,184,803 vs plan",04/27/2026 01:55:53 PM
r39-0001701,nrodriguez@silverlinefreight.com,Cash Forecaster,Explain the headcount variance vs plan,completed,31.6,"FP&A Mar variance was $900,374 vs plan",04/27/2026 09:20:39 AM
r39-0001702,nrodriguez@silverlinefreight.com,Vendor Spend Analyzer,Explain the headcount variance vs plan,completed,7.5,"Ops May variance was $1,056,447 vs plan",04/27/2026 02:12:45 PM
r39-0001703,rclark@silverlinefreight.com,Flux Commentary,Build the board deck cash slide for May,completed,19.5,"FP&A May variance was $1,424,440 vs plan",04/27/2026 03:37:56 PM
r39-0001704,rclark@silverlinefreight.com,Board Deck Builder,Summarize the Mar variance for entity MX-06,completed,34.9,"FP&A Mar variance was $1,968,380 vs plan",04/27/2026 04:48:31 PM
r39-0001705,nrodriguez@silverlinefreight.com,Headcount Planner,Forecast Apr operating cash flow,completed,27.5,"FP&A Apr variance was $968,862 vs plan",04/27/2026 05:02:04 PM
r39-0001706,rclark@silverlinefreight.com,Headcount Planner,What drove the change in gross margin this quarter?,completed,11.5,"Ops Jun variance was $3,795,134 vs plan",04/27/2026 11:52:07 AM
r39-0001707,nrodriguez@silverlinefreight.com,Vendor Spend Analyzer,Why did Ops spend exceed budget in Jan?,error,4.3,FAILED: null reference in aggregation step,04/27/2026 02:09:41 PM
r39-0001708,rclark@silverlinefreight.com,Cash Forecaster,Explain the headcount variance vs plan,completed,68.3,"Ops Apr variance was $3,578,659 vs plan",04/27/2026 05:17:11 PM
r39-0001709,rclark@silverlinefreight.com,Board Deck Builder,Build the board deck cash slide for Feb,completed,34.8,"Accounting Feb variance was $3,547,557 vs plan",04/27/2026 12:01:48 PM
r39-0001710,nrodriguez@silverlinefreight.com,Covenant Checker,Summarize the Apr variance for entity CA-09,completed,51.6,"FP&A Apr variance was $3,332,650 vs plan",04/27/2026 03:46:50 PM
r39-0001711,nrodriguez@silverlinefreight.com,Journal Entry Reviewer,Explain the headcount variance vs plan,completed,8.6,"Treasury Jun variance was $621,613 vs plan",04/27/2026 10:06:56 AM
r39-0001712,nrodriguez@silverlinefreight.com,Revenue Recognizer,Explain the headcount variance vs plan,completed,19.1,"Treasury Mar variance was $1,703,391 vs plan",04/27/2026 09:53:56 AM
r39-0001713,nrodriguez@silverlinefreight.com,Revenue Recognizer,What drove the change in gross margin this quarter?,completed,69.0,"Ops Apr variance was $4,538,729 vs plan",04/27/2026 04:59:48 PM
r39-0001714,rclark@silverlinefreight.com,Headcount Planner,Summarize the Jun variance for entity CA-08,completed,9.2,"Treasury Jun variance was $1,759,598 vs plan",04/27/2026 01:27:26 PM
r39-0001715,nrodriguez@silverlinefreight.com,Flux Commentary,Check covenant compliance for the revolver,completed,65.8,"Ops Jan variance was $455,580 vs plan",04/27/2026 12:51:45 PM
r39-0001716,nrodriguez@silverlinefreight.com,Revenue Recognizer,Check covenant compliance for the revolver,completed,0.7,error code 502 from model gateway,04/27/2026 02:47:42 PM
r39-0001717,rclark@silverlinefreight.com,Headcount Planner,Forecast Jun operating cash flow,completed,29.3,"Accounting Jun variance was $1,558,992 vs plan",04/27/2026 03:23:32 PM
r39-0001718,rclark@silverlinefreight.com,Cash Forecaster,Reconcile AP aging over 90 days for EU-07,completed,11.5,"Ops Mar variance was $243,370 vs plan",04/27/2026 01:59:05 PM
r39-0001719,nrodriguez@silverlinefreight.com,Flux Commentary,Build the board deck cash slide for Jun,completed,15.4,"Ops Jun variance was $2,218,624 vs plan",04/27/2026 07:15:30 AM
r39-0001720,fwilson@silverlinefreight.com,Variance Explainer,Forecast Mar operating cash flow,error,2.6,ERROR: upstream request timed out,04/27/2026 01:38:51 PM
r39-0001721,rclark@silverlinefreight.com,Headcount Planner,Forecast Mar operating cash flow,completed,0.4,ERROR: upstream request timed out,04/27/2026 11:43:28 AM
r39-0001722,nrodriguez@silverlinefreight.com,Cash Forecaster,Which cost centers are over budget YTD?,error,7.5,Traceback (most recent call last): KeyError 'entity',04/27/2026 04:57:10 PM
r39-0001723,nrodriguez@silverlinefreight.com,AP Aging Analyst,Summarize the May variance for entity US-06,completed,38.0,"Ops May variance was $94,145 vs plan",04/27/2026 10:35:39 AM
r39-0001724,rclark@silverlinefreight.com,Flux Commentary,Check covenant compliance for the revolver,completed,51.7,"Treasury Feb variance was $2,381,789 vs plan",04/28/2026 11:28:40 AM
r39-0001725,rclark@silverlinefreight.com,Cash Forecaster,Which cost centers are over budget YTD?,completed,36.0,"Treasury May variance was $4,753,641 vs plan",04/28/2026 10:03:14 AM
r39-0001726,rjones@silverlinefreight.com,Covenant Checker,Why did Accounting spend exceed budget in Mar?,completed,65.9,"Accounting Mar variance was $851,211 vs plan",04/28/2026 11:32:11 AM
r39-0001727,rjones@silverlinefreight.com,Close Checklist Bot,Which cost centers are over budget YTD?,completed,7.1,"Ops May variance was $987,527 vs plan",04/28/2026 01:28:41 PM
r39-0001728,rjones@silverlinefreight.com,Budget vs Actual,Which cost centers are over budget YTD?,completed,26.1,"Ops May variance was $1,181,068 vs plan",04/28/2026 03:24:16 PM
r39-0001729,rclark@silverlinefreight.com,Cash Forecaster,Draft flux commentary for the Jan close,error,3.4,error: connection reset by peer,04/28/2026 04:17:10 PM
r39-0001730,nrodriguez@silverlinefreight.com,Cash Forecaster,Which cost centers are over budget YTD?,completed,4.4,"Accounting Apr variance was $2,042,258 vs plan",04/28/2026 07:19:43 AM
r39-0001731,rclark@silverlinefreight.com,Covenant Checker,Why did Treasury spend exceed budget in Mar?,completed,46.0,"Treasury Mar variance was $4,205,446 vs plan",04/28/2026 03:21:17 PM
r39-0001732,rclark@silverlinefreight.com,Revenue Recognizer,Check covenant compliance for the revolver,completed,11.1,"FP&A Jan variance was $2,414 vs plan",04/28/2026 04:33:33 PM
r39-0001733,rjones@silverlinefreight.com,Vendor Spend Analyzer,Draft flux commentary for the Jan close,completed,55.3,"Accounting Jan variance was $3,146,613 vs plan",04/28/2026 03:12:31 PM
r39-0001734,rclark@silverlinefreight.com,Headcount Planner,Forecast Feb operating cash flow,completed,74.3,"Treasury Feb variance was $2,449,656 vs plan",04/28/2026 06:28:27 AM
r39-0001735,nrodriguez@silverlinefreight.com,Headcount Planner,Reconcile AP aging over 90 days for EU-07,completed,4.9,"Treasury Feb variance was $3,857,101 vs plan",04/28/2026 07:10:44 AM
r39-0001736,nrodriguez@silverlinefreight.com,Close Checklist Bot,Which cost centers are over budget YTD?,completed,71.0,"Accounting Jan variance was $1,978,972 vs plan",04/28/2026 01:01:39 PM
r39-0001737,rclark@silverlinefreight.com,Flux Commentary,Draft flux commentary for the Mar close,error,5.9,FAILED: null reference in aggregation step,04/28/2026 04:55:12 PM
r39-0001738,nrodriguez@silverlinefreight.com,AP Aging Analyst,Why did Ops spend exceed budget in May?,completed,3.4,"Ops May variance was $2,314,494 vs plan",04/28/2026 10:13:09 AM
r39-0001739,nrodriguez@silverlinefreight.com,Flux Commentary,Build the board deck cash slide for Jun,error,3.7,Traceback (most recent call last): KeyError 'entity',04/28/2026 01:31:51 PM
r39-0001740,nrodriguez@silverlinefreight.com,AP Aging Analyst,Explain the headcount variance vs plan,completed,12.9,"Treasury Apr variance was $449,559 vs plan",04/28/2026 12:48:58 PM
r39-0001741,nrodriguez@silverlinefreight.com,Revenue Recognizer,Build the board deck cash slide for Mar,completed,49.3,"Treasury Mar variance was $2,385,291 vs plan",04/28/2026 06:38:41 AM
r39-0001742,rclark@silverlinefreight.com,Journal Entry Reviewer,Build the board deck cash slide for Jun,completed,23.4,"Accounting Jun variance was $3,523,727 vs plan",04/28/2026 11:00:51 AM
r39-0001743,rclark@silverlinefreight.com,AP Aging Analyst,Why did Ops spend exceed budget in Apr?,completed,42.4,"Ops Apr variance was $2,756,924 vs plan",04/28/2026 11:55:00 AM
r39-0001744,rclark@silverlinefreight.com,Board Deck Builder,Why did Accounting spend exceed budget in Feb?,completed,65.2,"Accounting Feb variance was $2,313,218 vs plan",04/28/2026 12:46:44 PM
r39-0001745,nrodriguez@silverlinefreight.com,Revenue Recognizer,Build the board deck cash slide for May,completed,47.0,"Accounting May variance was $2,749,203 vs plan",04/28/2026 12:45:18 PM
r39-0001746,nrodriguez@silverlinefreight.com,Headcount Planner,Forecast Jun operating cash flow,completed,23.6,"Ops Jun variance was $1,721,736 vs plan",04/28/2026 11:57:34 AM
r39-0001747,nrodriguez@silverlinefreight.com,Revenue Recognizer,Forecast Apr operating cash flow,completed,15.5,"Ops Apr variance was $1,437,529 vs plan",04/28/2026 12:28:49 PM
r39-0001748,nrodriguez@silverlinefreight.com,Headcount Planner,Summarize the May variance for entity US-04,completed,42.6,"Ops May variance was $2,216,616 vs plan",04/28/2026 03:40:18 PM
r39-0001749,nrodriguez@silverlinefreight.com,Covenant Checker,Draft flux commentary for the Mar close,completed,35.2,"FP&A Mar variance was $2,385,779 vs plan",04/28/2026 10:53:21 AM
r39-0001750,rjones@silverlinefreight.com,AP Aging Analyst,Draft flux commentary for the Jan close,completed,13.6,"Accounting Jan variance was $1,818,271 vs plan",04/28/2026 03:32:23 PM
r39-0001751,nrodriguez@silverlinefreight.com,Journal Entry Reviewer,Check covenant compliance for the revolver,completed,13.4,"FP&A Apr variance was $2,178,129 vs plan",04/28/2026 05:30:36 PM
r39-0001752,rclark@silverlinefreight.com,Revenue Recognizer,Forecast Mar operating cash flow,completed,9.2,"FP&A Mar variance was $2,474,436 vs plan",04/28/2026 02:00:13 PM
r39-0001753,nrodriguez@silverlinefreight.com,Covenant Checker,Draft flux commentary for the May close,completed,32.2,"FP&A May variance was $951,706 vs plan",04/28/2026 02:18:02 PM
r39-0001754,rclark@silverlinefreight.com,Board Deck Builder,Which cost centers are over budget YTD?,completed,26.3,"Ops Mar variance was $1,394,787 vs plan",04/28/2026 11:44:04 AM
r39-0001755,fwilson@silverlinefreight.com,Budget vs Actual,Reconcile AP aging over 90 days for US-08,completed,41.8,"Treasury May variance was $2,431,538 vs plan",04/28/2026 09:01:56 PM
r39-0001756,nrodriguez@silverlinefreight.com,Board Deck Builder,Summarize the Jun variance for entity CA-09,completed,58.0,"Accounting Jun variance was $2,492,374 vs plan",04/29/2026 04:43:54 PM
r39-0001757,rclark@silverlinefreight.com,Covenant Checker,Draft flux commentary for the Jun close,error,4.9,Traceback (most recent call last): KeyError 'entity',04/29/2026 12:15:00 PM
r39-0001758,fwilson@silverlinefreight.com,Headcount Planner,Explain the headcount variance vs plan,completed,30.2,"Treasury Jun variance was $1,717,363 vs plan",04/29/2026 02:39:06 PM
r39-0001759,nrodriguez@silverlinefreight.com,Headcount Planner,Explain the headcount variance vs plan,completed,71.8,"FP&A Jun variance was $3,577,061 vs plan",04/29/2026 02:50:09 PM
r39-0001760,rclark@silverlinefreight.com,Vendor Spend Analyzer,Draft flux commentary for the Jun close,completed,43.5,"Treasury Jun variance was $2,442,194 vs plan",04/29/2026 02:41:39 PM
r39-0001761,nrodriguez@silverlinefreight.com,Board Deck Builder,Which cost centers are over budget YTD?,completed,59.9,"Treasury Apr variance was $4,171,547 vs plan",04/29/2026 08:16:13 PM
r39-0001762,fwilson@silverlinefreight.com,Headcount Planner,Build the board deck cash slide for Jun,completed,26.6,"Treasury Jun variance was $1,046,722 vs plan",04/29/2026 10:48:43 AM
r39-0001763,rclark@silverlinefreight.com,Variance Explainer,What drove the change in gross margin this quarter?,completed,19.8,"Treasury Feb variance was $1,037,835 vs plan",04/29/2026 09:46:20 AM
r39-0001764,rclark@silverlinefreight.com,Cash Forecaster,Reconcile AP aging over 90 days for CA-07,completed,59.2,"Accounting Feb variance was $2,123,963 vs plan",04/29/2026 10:36:19 AM
r39-0001765,rclark@silverlinefreight.com,Revenue Recognizer,Forecast May operating cash flow,completed,49.3,"Treasury May variance was $3,880,358 vs plan",04/29/2026 02:30:52 PM
r39-0001766,nrodriguez@silverlinefreight.com,Budget vs Actual,Why did FP&A spend exceed budget in May?,completed,9.6,"FP&A May variance was $3,431,703 vs plan",04/29/2026 03:54:32 PM
r39-0001767,rclark@silverlinefreight.com,Variance Explainer,Draft flux commentary for the May close,completed,1.5,ERROR: upstream request timed out,04/29/2026 03:05:29 PM
r39-0001768,nrodriguez@silverlinefreight.com,Headcount Planner,Which cost centers are over budget YTD?,completed,25.9,"Ops Jan variance was $4,235,228 vs plan",04/29/2026 12:54:56 PM
r39-0001769,nrodriguez@silverlinefreight.com,Revenue Recognizer,Build the board deck cash slide for Jan,completed,4.4,"Treasury Jan variance was $3,534,845 vs plan",04/29/2026 05:30:26 PM
r39-0001770,rclark@silverlinefreight.com,Vendor Spend Analyzer,Summarize the Feb variance for entity US-07,completed,40.4,"Treasury Feb variance was $3,905,115 vs plan",04/29/2026 07:57:54 AM
r39-0001771,rclark@silverlinefreight.com,Covenant Checker,What drove the change in gross margin this quarter?,completed,44.7,"FP&A Jun variance was $4,115,316 vs plan",04/29/2026 06:42:41 AM
r39-0001772,nrodriguez@silverlinefreight.com,Board Deck Builder,Check covenant compliance for the revolver,completed,43.6,"FP&A Jun variance was $1,098,804 vs plan",04/29/2026 11:59:31 AM
r39-0001773,rclark@silverlinefreight.com,Headcount Planner,Draft flux commentary for the Jan close,completed,3.3,"Treasury Jan variance was $2,226,447 vs plan",04/29/2026 04:03:30 PM
r39-0001774,rclark@silverlinefreight.com,Variance Explainer,Which cost centers are over budget YTD?,completed,0.3,error code 502 from model gateway,04/29/2026 11:36:06 AM
r39-0001775,rclark@silverlinefreight.com,Covenant Checker,Reconcile AP aging over 90 days for EU-09,completed,21.0,"Accounting Jun variance was $2,946,568 vs plan",04/29/2026 04:31:04 PM
r39-0001776,rclark@silverlinefreight.com,Vendor Spend Analyzer,Explain the headcount variance vs plan,completed,48.3,"FP&A Jun variance was $3,021,821 vs plan",04/29/2026 01:25:41 PM
r39-0001777,nrodriguez@silverlinefreight.com,Cash Forecaster,Check covenant compliance for the revolver,completed,71.3,"Accounting Apr variance was $1,192,848 vs plan",04/29/2026 12:30:12 PM
r39-0001778,rclark@silverlinefreight.com,Revenue Recognizer,Summarize the Apr variance for entity CA-07,completed,38.2,"FP&A Apr variance was $4,347,448 vs plan",04/29/2026 12:06:46 PM
r39-0001779,nrodriguez@silverlinefreight.com,Variance Explainer,Which cost centers are over budget YTD?,completed,66.1,"Treasury May variance was $3,659,109 vs plan",04/29/2026 12:23:41 PM
r39-0001780,rclark@silverlinefreight.com,Close Checklist Bot,Draft flux commentary for the Jun close,completed,35.0,"Treasury Jun variance was $1,971,685 vs plan",04/29/2026 09:32:15 AM
r39-0001781,rclark@silverlinefreight.com,Budget vs Actual,Summarize the Apr variance for entity US-07,completed,56.0,"Accounting Apr variance was $2,179,571 vs plan",04/29/2026 10:49:42 AM
r39-0001782,rclark@silverlinefreight.com,Close Checklist Bot,Which cost centers are over budget YTD?,completed,43.5,"Treasury Mar variance was $340,175 vs plan",04/29/2026 02:20:46 PM
r39-0001783,rclark@silverlinefreight.com,Flux Commentary,Build the board deck cash slide for Feb,completed,33.4,"FP&A Feb variance was $3,764,937 vs plan",04/29/2026 12:26:34 PM
r39-0001784,rclark@silverlinefreight.com,Revenue Recognizer,Which cost centers are over budget YTD?,completed,14.1,"Ops Jun variance was $3,777,122 vs plan",04/29/2026 12:15:13 PM
r39-0001785,rjones@silverlinefreight.com,Close Checklist Bot,Draft flux commentary for the Apr close,completed,41.3,"FP&A Apr variance was $1,427,420 vs plan",04/29/2026 01:02:55 PM
r39-0001786,fwilson@silverlinefreight.com,Journal Entry Reviewer,What drove the change in gross margin this quarter?,completed,61.0,"Accounting Mar variance was $4,558,062 vs plan",04/29/2026 12:58:13 PM
r39-0001787,rclark@silverlinefreight.com,Board Deck Builder,Summarize the Apr variance for entity US-09,completed,10.5,"FP&A Apr variance was $4,490,699 vs plan",04/30/2026 12:31:57 PM
r39-0001788,rjones@silverlinefreight.com,Covenant Checker,Why did FP&A spend exceed budget in Jun?,completed,45.4,"FP&A Jun variance was $441,408 vs plan",04/30/2026 05:08:10 PM
r39-0001789,rclark@silverlinefreight.com,Vendor Spend Analyzer,Why did Treasury spend exceed budget in Jan?,completed,50.2,"Treasury Jan variance was $2,332,937 vs plan",04/30/2026 01:44:31 PM
r39-0001790,rclark@silverlinefreight.com,Close Checklist Bot,Reconcile AP aging over 90 days for US-08,completed,15.3,"Ops May variance was $2,100,577 vs plan",04/30/2026 02:43:29 PM
r39-0001791,nrodriguez@silverlinefreight.com,Journal Entry Reviewer,Forecast Feb operating cash flow,error,2.5,error code 502 from model gateway,04/30/2026 08:59:02 AM
r39-0001792,rjones@silverlinefreight.com,Journal Entry Reviewer,Forecast Jan operating cash flow,completed,36.7,"Treasury Jan variance was $3,355,709 vs plan",04/30/2026 03:38:29 PM
r39-0001793,fwilson@silverlinefreight.com,Variance Explainer,Check covenant compliance for the revolver,completed,8.7,"Accounting Mar variance was $229,181 vs plan",04/30/2026 07:31:24 AM
r39-0001794,fwilson@silverlinefreight.com,Vendor Spend Analyzer,What drove the change in gross margin this quarter?,completed,69.7,"Treasury Mar variance was $316,734 vs plan",04/30/2026 09:54:25 AM
r39-0001795,fwilson@silverlinefreight.com,Variance Explainer,Reconcile AP aging over 90 days for EU-02,completed,58.6,"Accounting Mar variance was $837,265 vs plan",04/30/2026 09:34:59 AM
r39-0001796,nrodriguez@silverlinefreight.com,Budget vs Actual,Why did Ops spend exceed budget in Jun?,completed,41.9,"Ops Jun variance was $4,555,971 vs plan",04/30/2026 03:11:21 PM
r39-0001797,nrodriguez@silverlinefreight.com,AP Aging Analyst,Build the board deck cash slide for Jun,completed,5.9,"Accounting Jun variance was $1,249,430 vs plan",04/30/2026 06:42:51 AM
r39-0001798,nrodriguez@silverlinefreight.com,Covenant Checker,Check covenant compliance for the revolver,completed,48.6,"Accounting Jan variance was $1,112,533 vs plan",04/30/2026 10:46:45 AM
r39-0001799,rclark@silverlinefreight.com,Close Checklist Bot,Draft flux commentary for the Mar close,completed,5.3,"Treasury Mar variance was $3,788,054 vs plan",04/30/2026 01:44:27 PM
r39-0001800,nrodriguez@silverlinefreight.com,AP Aging Analyst,Forecast May operating cash flow,completed,42.8,"FP&A May variance was $479,859 vs plan",04/30/2026 02:27:05 PM
r39-0001801,rclark@silverlinefreight.com,Flux Commentary,Forecast May operating cash flow,completed,59.6,"FP&A May variance was $106,645 vs plan",04/30/2026 01:49:04 PM
r39-0001802,nrodriguez@silverlinefreight.com,Journal Entry Reviewer,Summarize the Feb variance for entity MX-07,completed,8.8,"Ops Feb variance was $3,690,002 vs plan",04/30/2026 06:32:13 PM
r39-0001803,rclark@silverlinefreight.com,Variance Explainer,What drove the change in gross margin this quarter?,completed,71.8,"FP&A Jan variance was $3,572,482 vs plan",04/30/2026 03:45:53 PM
r39-0001804,nrodriguez@silverlinefreight.com,Variance Explainer,Forecast Feb operating cash flow,completed,4.6,"Accounting Feb variance was $567,214 vs plan",04/30/2026 03:09:27 PM
r39-0001805,rclark@silverlinefreight.com,Headcount Planner,Forecast Mar operating cash flow,completed,14.3,"Treasury Mar variance was $4,125,445 vs plan",04/30/2026 03:01:23 PM
r39-0001806,rclark@silverlinefreight.com,Close Checklist Bot,Which cost centers are over budget YTD?,completed,58.7,"Accounting Jan variance was $2,154,800 vs plan",04/30/2026 02:55:40 PM
r39-0001807,rjones@silverlinefreight.com,Cash Forecaster,Build the board deck cash slide for Jun,completed,36.0,"FP&A Jun variance was $3,912,535 vs plan",04/30/2026 11:31:28 AM
r39-0001808,nrodriguez@silverlinefreight.com,Flux Commentary,What drove the change in gross margin this quarter?,completed,13.5,"Treasury Jun variance was $2,656,777 vs plan",04/30/2026 11:47:34 AM
r39-0001809,rclark@silverlinefreight.com,Budget vs Actual,Reconcile AP aging over 90 days for EU-09,completed,53.3,"Ops Feb variance was $4,651,905 vs plan",04/30/2026 07:58:51 AM
r39-0001810,rclark@silverlinefreight.com,Vendor Spend Analyzer,Explain the headcount variance vs plan,completed,5.5,"Treasury Mar variance was $1,973,886 vs plan",04/30/2026 02:24:51 PM
r39-0001811,fwilson@silverlinefreight.com,Cash Forecaster,Reconcile AP aging over 90 days for EU-02,completed,64.0,"Ops Apr variance was $2,275,668 vs plan",04/30/2026 06:42:56 PM
r39-0001812,rclark@silverlinefreight.com,AP Aging Analyst,Why did FP&A spend exceed budget in Jun?,completed,20.5,"FP&A Jun variance was $3,369,573 vs plan",04/30/2026 02:40:49 PM
r39-0001813,rclark@silverlinefreight.com,Flux Commentary,Explain the headcount variance vs plan,completed,29.3,"Treasury Jan variance was $758,190 vs plan",04/30/2026 01:33:02 PM
r39-0001814,nrodriguez@silverlinefreight.com,AP Aging Analyst,What drove the change in gross margin this quarter?,completed,33.8,"Accounting Jan variance was $343,056 vs plan",04/30/2026 03:28:05 PM
r39-0001815,nrodriguez@silverlinefreight.com,Board Deck Builder,Summarize the Jan variance for entity CA-02,completed,36.8,"Ops Jan variance was $505,945 vs plan",04/30/2026 03:57:16 PM
r39-0001816,rjones@silverlinefreight.com,Variance Explainer,Explain the headcount variance vs plan,completed,74.6,"Accounting May variance was $3,176,137 vs plan",04/30/2026 02:47:11 PM
r39-0001817,nrodriguez@silverlinefreight.com,Budget vs Actual,Draft flux commentary for the Apr close,completed,61.6,"FP&A Apr variance was $1,155,196 vs plan",04/30/2026 12:03:31 PM
r39-0001818,rclark@silverlinefreight.com,Cash Forecaster,Why did Ops spend exceed budget in Feb?,completed,0.4,ERROR: upstream request timed out,04/30/2026 07:51:18 AM
r39-0001819,fwilson@silverlinefreight.com,Flux Commentary,Explain the headcount variance vs plan,completed,1.2,Traceback (most recent call last): KeyError 'entity',04/30/2026 05:23:59 PM
r39-0001820,rjones@silverlinefreight.com,Board Deck Builder,What drove the change in gross margin this quarter?,completed,7.8,"Ops Feb variance was $332,477 vs plan",05/01/2026 12:23:41 PM
r39-0001821,fwilson@silverlinefreight.com,Board Deck Builder,Summarize the May variance for entity EU-08,completed,5.9,"Ops May variance was $3,626,575 vs plan",05/01/2026 03:32:24 PM
r39-0001822,nrodriguez@silverlinefreight.com,Cash Forecaster,Check covenant compliance for the revolver,completed,16.6,"Accounting Mar variance was $2,539,856 vs plan",05/01/2026 09:13:31 AM
r39-0001823,nrodriguez@silverlinefreight.com,Revenue Recognizer,Explain the headcount variance vs plan,completed,43.7,"FP&A Feb variance was $1,275,865 vs plan",05/01/2026 11:34:25 AM
r39-0001824,rjones@silverlinefreight.com,Vendor Spend Analyzer,What drove the change in gross margin this quarter?,completed,38.6,"FP&A Mar variance was $2,136,890 vs plan",05/01/2026 12:40:37 PM
r39-0001825,rjones@silverlinefreight.com,Journal Entry Reviewer,Explain the headcount variance vs plan,completed,15.0,"FP&A Feb variance was $4,434,311 vs plan",05/01/2026 02:22:48 PM
r39-0001826,nrodriguez@silverlinefreight.com,Board Deck Builder,Explain the headcount variance vs plan,completed,15.8,"Ops Jun variance was $2,951,861 vs plan",05/01/2026 03:37:56 PM
r39-0001827,nrodriguez@silverlinefreight.com,Variance Explainer,Draft flux commentary for the May close,completed,32.2,"Treasury May variance was $3,373,692 vs plan",05/01/2026 01:24:57 PM
r39-0001828,rclark@silverlinefreight.com,Variance Explainer,Which cost centers are over budget YTD?,completed,50.6,"Treasury Jun variance was $1,631,020 vs plan",05/01/2026 04:18:55 PM
r39-0001829,nrodriguez@silverlinefreight.com,AP Aging Analyst,Explain the headcount variance vs plan,completed,39.5,"Ops Feb variance was $454,345 vs plan",05/01/2026 10:25:48 AM
r39-0001830,nrodriguez@silverlinefreight.com,Headcount Planner,Reconcile AP aging over 90 days for CA-02,completed,10.2,"FP&A May variance was $3,611,283 vs plan",05/01/2026 01:45:58 PM
r39-0001831,rclark@silverlinefreight.com,Vendor Spend Analyzer,Draft flux commentary for the Mar close,completed,33.0,"Treasury Mar variance was $3,612,291 vs plan",05/01/2026 02:53:01 PM
r39-0001832,rclark@silverlinefreight.com,Vendor Spend Analyzer,Explain the headcount variance vs plan,completed,71.9,"Accounting May variance was $1,581,053 vs plan",05/01/2026 11:04:47 AM
r39-0001833,fwilson@silverlinefreight.com,Vendor Spend Analyzer,Draft flux commentary for the Jan close,completed,1.5,error: connection reset by peer,05/01/2026 10:50:58 AM
r39-0001834,fwilson@silverlinefreight.com,Close Checklist Bot,Summarize the Mar variance for entity EU-03,completed,27.9,"FP&A Mar variance was $87,524 vs plan",05/01/2026 01:24:25 PM
r39-0001835,rclark@silverlinefreight.com,Board Deck Builder,Build the board deck cash slide for Mar,completed,38.8,"Ops Mar variance was $569,590 vs plan",05/01/2026 01:17:44 PM
r39-0001836,nrodriguez@silverlinefreight.com,Headcount Planner,Explain the headcount variance vs plan,completed,66.0,"Treasury Apr variance was $3,630,983 vs plan",05/01/2026 01:44:24 PM
r39-0001837,nrodriguez@silverlinefreight.com,Board Deck Builder,Build the board deck cash slide for Feb,completed,21.3,"FP&A Feb variance was $4,193,149 vs plan",05/01/2026 03:47:47 PM
r39-0001838,rclark@silverlinefreight.com,Variance Explainer,Build the board deck cash slide for Feb,completed,17.2,"Ops Feb variance was $1,019,131 vs plan",05/01/2026 02:09:26 PM
r39-0001839,rjones@silverlinefreight.com,Cash Forecaster,Explain the headcount variance vs plan,completed,61.4,"Ops Jan variance was $3,821,594 vs plan",05/01/2026 01:32:39 PM
r39-0001840,nrodriguez@silverlinefreight.com,Cash Forecaster,Forecast Jun operating cash flow,completed,20.9,"Ops Jun variance was $3,648,041 vs plan",05/01/2026 01:46:08 PM
r39-0001841,rclark@silverlinefreight.com,Revenue Recognizer,Check covenant compliance for the revolver,completed,74.6,"FP&A May variance was $1,069,042 vs plan",05/01/2026 01:08:35 PM
r39-0001842,fwilson@silverlinefreight.com,Budget vs Actual,Build the board deck cash slide for Jun,completed,64.2,"Treasury Jun variance was $2,856,182 vs plan",05/01/2026 09:47:03 AM
r39-0001843,rclark@silverlinefreight.com,AP Aging Analyst,Check covenant compliance for the revolver,completed,0.7,ERROR: upstream request timed out,05/01/2026 10:43:04 AM
r39-0001844,nrodriguez@silverlinefreight.com,Flux Commentary,Draft flux commentary for the Apr close,completed,6.2,"Ops Apr variance was $115,121 vs plan",05/01/2026 04:52:40 PM
r39-0001845,nrodriguez@silverlinefreight.com,Close Checklist Bot,Explain the headcount variance vs plan,completed,51.7,"FP&A Mar variance was $3,103,302 vs plan",05/01/2026 10:47:02 AM
r39-0001846,fwilson@silverlinefreight.com,Budget vs Actual,Forecast Jun operating cash flow,completed,48.8,"FP&A Jun variance was $1,283,700 vs plan",05/01/2026 12:18:30 PM
r39-0001847,nrodriguez@silverlinefreight.com,Close Checklist Bot,Build the board deck cash slide for Jun,completed,4.9,"Treasury Jun variance was $3,370,004 vs plan",05/01/2026 11:49:51 AM
r39-0001848,fwilson@silverlinefreight.com,Vendor Spend Analyzer,Why did Treasury spend exceed budget in Mar?,completed,48.7,"Treasury Mar variance was $3,186,551 vs plan",05/01/2026 01:59:36 PM
r39-0001849,rclark@silverlinefreight.com,Vendor Spend Analyzer,Draft flux commentary for the Feb close,completed,35.9,"Ops Feb variance was $4,751,651 vs plan",05/01/2026 01:23:14 PM
r39-0001850,nrodriguez@silverlinefreight.com,Revenue Recognizer,Build the board deck cash slide for Jun,completed,24.0,"Accounting Jun variance was $2,912,339 vs plan",05/01/2026 10:24:35 AM
r39-0001851,fwilson@silverlinefreight.com,Covenant Checker,Summarize the May variance for entity EU-07,completed,48.7,"Treasury May variance was $3,064,445 vs plan",05/01/2026 01:25:42 PM
r39-0001852,nrodriguez@silverlinefreight.com,Headcount Planner,Forecast Feb operating cash flow,completed,30.2,"Accounting Feb variance was $4,134,124 vs plan",05/01/2026 10:37:51 AM
r39-0001853,rclark@silverlinefreight.com,Headcount Planner,Why did FP&A spend exceed budget in May?,completed,48.9,"FP&A May variance was $1,221,460 vs plan",05/01/2026 06:43:07 AM
r39-0001854,fwilson@silverlinefreight.com,Cash Forecaster,Build the board deck cash slide for Apr,completed,30.0,"FP&A Apr variance was $3,021,871 vs plan",05/01/2026 01:53:13 PM
r39-0001855,nrodriguez@silverlinefreight.com,Board Deck Builder,Summarize the May variance for entity US-07,completed,53.9,"Accounting May variance was $2,528,328 vs plan",05/01/2026 02:12:13 PM
r39-0001856,rclark@silverlinefreight.com,Variance Explainer,Reconcile AP aging over 90 days for US-01,completed,1.0,FAILED: null reference in aggregation step,05/01/2026 01:31:28 PM
r39-0001857,rclark@silverlinefreight.com,Variance Explainer,Explain the headcount variance vs plan,completed,71.9,"Ops Jan variance was $1,207,918 vs plan",05/02/2026 12:03:16 PM
r39-0001858,nrodriguez@silverlinefreight.com,Vendor Spend Analyzer,Build the board deck cash slide for Mar,completed,6.6,"Ops Mar variance was $2,140,801 vs plan",05/02/2026 03:40:16 PM
r39-0001859,nrodriguez@silverlinefreight.com,Journal Entry Reviewer,Explain the headcount variance vs plan,error,2.8,error: connection reset by peer,05/02/2026 01:36:29 PM
r39-0001860,rjones@silverlinefreight.com,Close Checklist Bot,Which cost centers are over budget YTD?,completed,11.8,"Treasury Feb variance was $2,173,505 vs plan",05/02/2026 01:32:31 PM
r39-0001861,rclark@silverlinefreight.com,Covenant Checker,Draft flux commentary for the Mar close,completed,12.7,"Treasury Mar variance was $2,308,205 vs plan",05/02/2026 09:58:14 AM
r39-0001862,rjones@silverlinefreight.com,Variance Explainer,What drove the change in gross margin this quarter?,completed,37.0,"Ops Apr variance was $4,642,779 vs plan",05/02/2026 12:09:13 PM
r39-0001863,rjones@silverlinefreight.com,Revenue Recognizer,Explain the headcount variance vs plan,completed,55.6,"Ops Apr variance was $2,200,979 vs plan",05/02/2026 07:09:11 AM
r39-0001864,rclark@silverlinefreight.com,Headcount Planner,Check covenant compliance for the revolver,completed,31.2,"Ops Feb variance was $1,509,897 vs plan",05/02/2026 02:01:55 PM
r39-0001865,nrodriguez@silverlinefreight.com,Revenue Recognizer,Draft flux commentary for the Feb close,completed,44.0,"Accounting Feb variance was $1,356,221 vs plan",05/02/2026 10:06:47 AM
r39-0001866,nrodriguez@silverlinefreight.com,Board Deck Builder,Which cost centers are over budget YTD?,completed,53.4,"FP&A Mar variance was $4,408,589 vs plan",05/02/2026 01:55:08 PM
r39-0001867,fwilson@silverlinefreight.com,Revenue Recognizer,Why did Ops spend exceed budget in May?,completed,65.8,"Ops May variance was $979,595 vs plan",05/02/2026 01:04:39 PM
r39-0001868,rclark@silverlinefreight.com,Journal Entry Reviewer,Draft flux commentary for the Jun close,completed,63.0,"Ops Jun variance was $903,211 vs plan",05/02/2026 02:59:55 PM
r39-0001869,rclark@silverlinefreight.com,Vendor Spend Analyzer,Draft flux commentary for the May close,completed,73.7,"Ops May variance was $1,802,737 vs plan",05/02/2026 12:30:57 PM
r39-0001870,rclark@silverlinefreight.com,AP Aging Analyst,Which cost centers are over budget YTD?,completed,60.1,"FP&A May variance was $4,458,955 vs plan",05/02/2026 12:14:36 PM
r39-0001871,rclark@silverlinefreight.com,Journal Entry Reviewer,Build the board deck cash slide for Jun,completed,6.6,"Accounting Jun variance was $4,021,177 vs plan",05/02/2026 03:31:15 PM
r39-0001872,rclark@silverlinefreight.com,Headcount Planner,Reconcile AP aging over 90 days for EU-03,completed,20.9,"Treasury Apr variance was $3,978,519 vs plan",05/02/2026 03:30:18 PM
r39-0001873,nrodriguez@silverlinefreight.com,Budget vs Actual,What drove the change in gross margin this quarter?,completed,72.4,"Accounting Jun variance was $3,100,140 vs plan",05/02/2026 09:55:05 AM
r39-0001874,rclark@silverlinefreight.com,Budget vs Actual,Build the board deck cash slide for May,completed,23.7,"Accounting May variance was $3,103,590 vs plan",05/02/2026 11:50:28 AM
r39-0001875,nrodriguez@silverlinefreight.com,Close Checklist Bot,What drove the change in gross margin this quarter?,completed,43.9,"Treasury Feb variance was $1,988,822 vs plan",05/02/2026 12:14:53 PM
r39-0001876,rclark@silverlinefreight.com,Cash Forecaster,Check covenant compliance for the revolver,completed,1.0,ERROR: upstream request timed out,05/03/2026 12:19:56 PM
r39-0001877,nrodriguez@silverlinefreight.com,Covenant Checker,Explain the headcount variance vs plan,completed,48.4,"Ops Jun variance was $3,153,800 vs plan",05/03/2026 10:41:52 AM
r39-0001878,fwilson@silverlinefreight.com,Budget vs Actual,Explain the headcount variance vs plan,completed,1.3,error: connection reset by peer,05/03/2026 01:22:18 PM
r39-0001879,nrodriguez@silverlinefreight.com,Headcount Planner,Why did Ops spend exceed budget in Feb?,error,1.4,error code 502 from model gateway,05/03/2026 12:17:48 PM
r39-0001880,nrodriguez@silverlinefreight.com,Headcount Planner,Summarize the May variance for entity EU-08,completed,37.7,"Ops May variance was $3,571,059 vs plan",05/03/2026 11:38:30 AM
r39-0001881,rjones@silverlinefreight.com,Covenant Checker,Reconcile AP aging over 90 days for CA-05,completed,73.9,"Accounting May variance was $1,060,083 vs plan",05/03/2026 03:17:48 PM
r39-0001882,nrodriguez@silverlinefreight.com,Revenue Recognizer,Draft flux commentary for the Apr close,completed,6.1,"Accounting Apr variance was $1,014,438 vs plan",05/03/2026 01:19:54 PM
r39-0001883,rclark@silverlinefreight.com,Revenue Recognizer,Which cost centers are over budget YTD?,completed,4.0,"Ops May variance was $385,468 vs plan",05/03/2026 12:25:01 PM
r39-0001884,nrodriguez@silverlinefreight.com,Covenant Checker,Draft flux commentary for the Mar close,completed,59.7,"Accounting Mar variance was $3,538,660 vs plan",05/03/2026 12:47:20 PM
r39-0001885,nrodriguez@silverlinefreight.com,Headcount Planner,What drove the change in gross margin this quarter?,completed,54.7,"Accounting Jun variance was $2,858,330 vs plan",05/03/2026 01:15:17 PM
r39-0001886,rclark@silverlinefreight.com,Covenant Checker,Reconcile AP aging over 90 days for CA-02,completed,67.7,"FP&A Jan variance was $4,024,919 vs plan",05/04/2026 09:20:13 AM
r39-0001887,fwilson@silverlinefreight.com,Vendor Spend Analyzer,Draft flux commentary for the Mar close,completed,65.6,"Ops Mar variance was $1,835,445 vs plan",05/04/2026 12:10:27 PM
r39-0001888,fwilson@silverlinefreight.com,Budget vs Actual,Reconcile AP aging over 90 days for MX-07,completed,65.8,"Accounting Jan variance was $1,627,984 vs plan",05/04/2026 05:02:55 PM
r39-0001889,rclark@silverlinefreight.com,Journal Entry Reviewer,Build the board deck cash slide for Jan,completed,57.4,"Treasury Jan variance was $2,450,285 vs plan",05/04/2026 12:26:53 PM
r39-0001890,rclark@silverlinefreight.com,Board Deck Builder,Check covenant compliance for the revolver,completed,59.7,"Treasury Apr variance was $3,520,460 vs plan",05/04/2026 01:18:04 PM
r39-0001891,fwilson@silverlinefreight.com,Journal Entry Reviewer,Explain the headcount variance vs plan,completed,30.3,"Ops Jan variance was $3,673,710 vs plan",05/04/2026 06:17:18 AM
r39-0001892,nrodriguez@silverlinefreight.com,Cash Forecaster,Check covenant compliance for the revolver,error,7.6,error code 502 from model gateway,05/04/2026 10:54:56 AM
r39-0001893,nrodriguez@silverlinefreight.com,Flux Commentary,Reconcile AP aging over 90 days for MX-03,completed,27.0,"Treasury Apr variance was $3,734,771 vs plan",05/04/2026 01:55:07 PM
r39-0001894,rclark@silverlinefreight.com,Headcount Planner,What drove the change in gross margin this quarter?,completed,33.1,"Ops Jan variance was $4,518,063 vs plan",05/04/2026 01:51:22 PM
r39-0001895,nrodriguez@silverlinefreight.com,Vendor Spend Analyzer,Check covenant compliance for the revolver,completed,37.2,"Ops Apr variance was $2,004,353 vs plan",05/04/2026 12:50:13 PM
r39-0001896,rclark@silverlinefreight.com,AP Aging Analyst,Explain the headcount variance vs plan,completed,40.4,"Treasury Jun variance was $518,071 vs plan",05/04/2026 02:55:52 PM
r39-0001897,nrodriguez@silverlinefreight.com,Close Checklist Bot,Check covenant compliance for the revolver,completed,67.8,"Treasury Jun variance was $48,253 vs plan",05/04/2026 09:04:56 PM
r39-0001898,rclark@silverlinefreight.com,Cash Forecaster,Which cost centers are over budget YTD?,completed,17.7,"FP&A May variance was $3,714,190 vs plan",05/04/2026 10:59:36 AM
r39-0001899,rclark@silverlinefreight.com,Variance Explainer,Explain the headcount variance vs plan,completed,37.3,"Ops Feb variance was $2,728,120 vs plan",05/04/2026 01:13:16 PM
r39-0001900,fwilson@silverlinefreight.com,Close Checklist Bot,Why did Accounting spend exceed budget in Apr?,completed,74.7,"Accounting Apr variance was $1,083,849 vs plan",05/04/2026 11:02:27 AM
r39-0001901,rclark@silverlinefreight.com,Headcount Planner,Which cost centers are over budget YTD?,completed,47.7,"Treasury Jun variance was $1,874,354 vs plan",05/04/2026 12:10:26 PM
r39-0001902,nrodriguez@silverlinefreight.com,Variance Explainer,Check covenant compliance for the revolver,completed,51.7,"Ops Feb variance was $677,872 vs plan",05/04/2026 11:18:13 AM
r39-0001903,rjones@silverlinefreight.com,Vendor Spend Analyzer,Why did FP&A spend exceed budget in Jun?,completed,71.3,"FP&A Jun variance was $1,249,361 vs plan",05/04/2026 11:53:53 AM
r39-0001904,rclark@silverlinefreight.com,Variance Explainer,Which cost centers are over budget YTD?,completed,56.3,"Ops Jan variance was $613,531 vs plan",05/04/2026 02:18:49 PM
r39-0001905,rclark@silverlinefreight.com,Journal Entry Reviewer,Forecast Apr operating cash flow,completed,31.7,"FP&A Apr variance was $2,541,531 vs plan",05/04/2026 09:35:20 AM
r39-0001906,nrodriguez@silverlinefreight.com,Cash Forecaster,Explain the headcount variance vs plan,completed,22.6,"FP&A Feb variance was $229,028 vs plan",05/04/2026 05:59:36 PM
r39-0001907,rclark@silverlinefreight.com,Variance Explainer,Summarize the Apr variance for entity MX-06,completed,19.0,"Accounting Apr variance was $574,010 vs plan",05/04/2026 10:58:52 AM
r39-0001908,nrodriguez@silverlinefreight.com,Board Deck Builder,What drove the change in gross margin this quarter?,completed,12.6,"FP&A Mar variance was $885,767 vs plan",05/04/2026 11:27:08 AM
r39-0001909,fwilson@silverlinefreight.com,Budget vs Actual,Draft flux commentary for the Mar close,completed,37.2,"Accounting Mar variance was $1,408,928 vs plan",05/04/2026 02:58:31 PM
r39-0001910,nrodriguez@silverlinefreight.com,Headcount Planner,Why did Treasury spend exceed budget in Jun?,completed,63.1,"Treasury Jun variance was $2,112,705 vs plan",05/04/2026 10:05:39 AM
r39-0001911,nrodriguez@silverlinefreight.com,Close Checklist Bot,Why did Accounting spend exceed budget in May?,completed,40.7,"Accounting May variance was $4,517,092 vs plan",05/04/2026 08:34:27 PM
r39-0001912,nrodriguez@silverlinefreight.com,Headcount Planner,Why did Treasury spend exceed budget in Feb?,completed,24.0,"Treasury Feb variance was $4,443,825 vs plan",05/04/2026 04:22:15 PM
r39-0001913,rjones@silverlinefreight.com,Variance Explainer,Check covenant compliance for the revolver,completed,44.3,"Treasury Jan variance was $2,787,462 vs plan",05/04/2026 11:04:44 AM
r39-0001914,rclark@silverlinefreight.com,AP Aging Analyst,Build the board deck cash slide for Mar,completed,11.8,"FP&A Mar variance was $888,114 vs plan",05/04/2026 08:48:08 AM
r39-0001915,fwilson@silverlinefreight.com,Journal Entry Reviewer,Which cost centers are over budget YTD?,error,4.8,FAILED: null reference in aggregation step,05/04/2026 11:09:05 AM
r39-0001916,nrodriguez@silverlinefreight.com,AP Aging Analyst,What drove the change in gross margin this quarter?,completed,39.3,"Treasury Apr variance was $4,747,515 vs plan",05/04/2026 09:11:47 AM
r39-0001917,nrodriguez@silverlinefreight.com,AP Aging Analyst,Build the board deck cash slide for Feb,completed,18.8,"Accounting Feb variance was $144,771 vs plan",05/04/2026 01:07:03 PM
r39-0001918,nrodriguez@silverlinefreight.com,Revenue Recognizer,Summarize the May variance for entity EU-02,completed,69.5,"Ops May variance was $1,768,708 vs plan",05/04/2026 12:15:05 PM
r39-0001919,rclark@silverlinefreight.com,AP Aging Analyst,Reconcile AP aging over 90 days for EU-05,completed,26.0,"FP&A Feb variance was $2,038,825 vs plan",05/05/2026 01:42:10 PM
r39-0001920,nrodriguez@silverlinefreight.com,Flux Commentary,Forecast Apr operating cash flow,completed,19.8,"Accounting Apr variance was $268,738 vs plan",05/05/2026 03:23:56 PM
r39-0001921,nrodriguez@silverlinefreight.com,Close Checklist Bot,Why did FP&A spend exceed budget in Jun?,error,6.4,ERROR: upstream request timed out,05/05/2026 01:17:31 PM
r39-0001922,rclark@silverlinefreight.com,Board Deck Builder,Draft flux commentary for the May close,completed,5.9,"Treasury May variance was $3,007,142 vs plan",05/05/2026 04:57:27 PM
r39-0001923,nrodriguez@silverlinefreight.com,Journal Entry Reviewer,Forecast May operating cash flow,completed,26.9,"Accounting May variance was $1,973,342 vs plan",05/05/2026 01:54:37 PM
r39-0001924,nrodriguez@silverlinefreight.com,Covenant Checker,Why did Accounting spend exceed budget in Jan?,completed,70.4,"Accounting Jan variance was $3,856,667 vs plan",05/05/2026 11:00:56 AM
r39-0001925,rclark@silverlinefreight.com,Covenant Checker,Reconcile AP aging over 90 days for MX-05,completed,36.2,"Treasury Jan variance was $2,776,620 vs plan",05/05/2026 10:28:58 AM
r39-0001926,rclark@silverlinefreight.com,AP Aging Analyst,Draft flux commentary for the May close,completed,43.5,"FP&A May variance was $2,045,444 vs plan",05/05/2026 04:51:43 PM
r39-0001927,rclark@silverlinefreight.com,Revenue Recognizer,Draft flux commentary for the Jan close,completed,66.6,"FP&A Jan variance was $1,423,681 vs plan",05/05/2026 10:04:57 AM
r39-0001928,nrodriguez@silverlinefreight.com,Revenue Recognizer,Reconcile AP aging over 90 days for EU-03,completed,13.6,"Treasury Apr variance was $3,606,636 vs plan",05/05/2026 08:10:55 AM
r39-0001929,rclark@silverlinefreight.com,Variance Explainer,Which cost centers are over budget YTD?,completed,65.8,"Accounting May variance was $388,963 vs plan",05/05/2026 04:25:03 PM
r39-0001930,rclark@silverlinefreight.com,Journal Entry Reviewer,Draft flux commentary for the Feb close,completed,69.6,"Treasury Feb variance was $525,452 vs plan",05/05/2026 01:52:58 PM
r39-0001931,nrodriguez@silverlinefreight.com,Close Checklist Bot,Reconcile AP aging over 90 days for EU-07,error,7.9,FAILED: null reference in aggregation step,05/05/2026 12:45:33 PM
r39-0001932,nrodriguez@silverlinefreight.com,AP Aging Analyst,Explain the headcount variance vs plan,error,3.6,error: connection reset by peer,05/05/2026 10:49:00 AM
r39-0001933,rclark@silverlinefreight.com,Revenue Recognizer,Summarize the May variance for entity MX-03,completed,46.3,"Accounting May variance was $3,225,938 vs plan",05/05/2026 04:38:17 PM
r39-0001934,rjones@silverlinefreight.com,Revenue Recognizer,Forecast Mar operating cash flow,completed,12.6,"Accounting Mar variance was $3,043,238 vs plan",05/05/2026 10:25:26 AM
r39-0001935,fwilson@silverlinefreight.com,Flux Commentary,Why did FP&A spend exceed budget in Feb?,completed,9.1,"FP&A Feb variance was $1,639,730 vs plan",05/05/2026 10:29:12 AM
r39-0001936,fwilson@silverlinefreight.com,Headcount Planner,Which cost centers are over budget YTD?,completed,56.0,"Ops Feb variance was $1,760,136 vs plan",05/05/2026 01:55:58 PM
r39-0001937,nrodriguez@silverlinefreight.com,Flux Commentary,Why did Treasury spend exceed budget in Jan?,completed,19.7,"Treasury Jan variance was $602,994 vs plan",05/05/2026 12:15:20 PM
r39-0001938,nrodriguez@silverlinefreight.com,AP Aging Analyst,Which cost centers are over budget YTD?,completed,23.1,"Treasury Feb variance was $2,401,178 vs plan",05/05/2026 12:45:01 PM
r39-0001939,nrodriguez@silverlinefreight.com,Flux Commentary,Check covenant compliance for the revolver,completed,26.2,"Accounting Apr variance was $2,099,225 vs plan",05/05/2026 01:33:47 PM
r39-0001940,fwilson@silverlinefreight.com,Variance Explainer,Build the board deck cash slide for Jan,completed,12.1,"Accounting Jan variance was $1,777,171 vs plan",05/05/2026 04:40:34 PM
r39-0001941,nrodriguez@silverlinefreight.com,Revenue Recognizer,Build the board deck cash slide for Jan,completed,59.7,"FP&A Jan variance was $503,923 vs plan",05/05/2026 01:45:21 PM
r39-0001942,nrodriguez@silverlinefreight.com,Revenue Recognizer,Reconcile AP aging over 90 days for MX-04,completed,72.7,"Ops May variance was $3,322,799 vs plan",05/05/2026 10:09:38 AM
r39-0001943,rclark@silverlinefreight.com,Cash Forecaster,Check covenant compliance for the revolver,completed,66.5,"Treasury Mar variance was $1,543,795 vs plan",05/05/2026 10:54:51 AM
r39-0001944,rclark@silverlinefreight.com,Board Deck Builder,Forecast Apr operating cash flow,completed,25.9,"Ops Apr variance was $4,722,794 vs plan",05/05/2026 11:26:14 AM
r39-0001945,rclark@silverlinefreight.com,Flux Commentary,Check covenant compliance for the revolver,completed,20.9,"FP&A Mar variance was $1,481,821 vs plan",05/05/2026 05:18:49 PM
r39-0001946,rclark@silverlinefreight.com,Budget vs Actual,Build the board deck cash slide for Jan,completed,62.8,"Ops Jan variance was $52,248 vs plan",05/05/2026 12:59:51 PM
r39-0001947,rclark@silverlinefreight.com,Variance Explainer,Explain the headcount variance vs plan,completed,14.2,"Accounting Jan variance was $3,178,511 vs plan",05/05/2026 10:24:44 AM
r39-0001948,rclark@silverlinefreight.com,Covenant Checker,Which cost centers are over budget YTD?,completed,0.4,ERROR: upstream request timed out,05/05/2026 02:22:53 PM
r39-0001949,rclark@silverlinefreight.com,Journal Entry Reviewer,Draft flux commentary for the Jun close,completed,72.8,"Ops Jun variance was $2,105,911 vs plan",05/05/2026 02:31:54 PM
r39-0001950,rclark@silverlinefreight.com,Cash Forecaster,What drove the change in gross margin this quarter?,completed,66.2,"Ops Mar variance was $71,535 vs plan",05/05/2026 08:15:17 AM
r39-0001951,rclark@silverlinefreight.com,Headcount Planner,Draft flux commentary for the Jun close,completed,0.5,ERROR: upstream request timed out,05/05/2026 04:04:08 PM
r39-0001952,fwilson@silverlinefreight.com,Close Checklist Bot,Check covenant compliance for the revolver,completed,6.7,"FP&A May variance was $211,508 vs plan",05/05/2026 12:14:29 PM
r39-0001953,rjones@silverlinefreight.com,Revenue Recognizer,Check covenant compliance for the revolver,completed,37.2,"FP&A Feb variance was $944,169 vs plan",05/05/2026 11:17:57 AM
r39-0001954,nrodriguez@silverlinefreight.com,Variance Explainer,What drove the change in gross margin this quarter?,completed,4.4,"Treasury May variance was $1,711,445 vs plan",05/05/2026 02:55:56 PM
r39-0001955,fwilson@silverlinefreight.com,Cash Forecaster,Explain the headcount variance vs plan,completed,66.4,"Ops May variance was $4,705,192 vs plan",05/05/2026 04:26:03 PM
r39-0001956,rclark@silverlinefreight.com,Flux Commentary,Forecast Jun operating cash flow,completed,45.2,"FP&A Jun variance was $4,195,500 vs plan",05/05/2026 10:10:14 AM
r39-0001957,nrodriguez@silverlinefreight.com,Board Deck Builder,Draft flux commentary for the Apr close,completed,12.4,"Treasury Apr variance was $3,858,088 vs plan",05/05/2026 12:43:03 PM
r39-0001958,nrodriguez@silverlinefreight.com,Close Checklist Bot,Summarize the Jun variance for entity MX-05,completed,38.9,"Ops Jun variance was $427,277 vs plan",05/05/2026 07:36:47 AM
r39-0001959,rclark@silverlinefreight.com,AP Aging Analyst,Why did FP&A spend exceed budget in Jan?,completed,8.3,"FP&A Jan variance was $2,014,015 vs plan",05/05/2026 02:31:29 PM
r39-0001960,fwilson@silverlinefreight.com,Journal Entry Reviewer,What drove the change in gross margin this quarter?,completed,23.8,"Treasury Feb variance was $2,612,775 vs plan",05/05/2026 09:48:03 AM
r39-0001961,rclark@silverlinefreight.com,Budget vs Actual,Forecast Mar operating cash flow,completed,68.9,"FP&A Mar variance was $2,457,699 vs plan",05/05/2026 11:41:49 AM
r39-0001962,nrodriguez@silverlinefreight.com,Flux Commentary,Explain the headcount variance vs plan,completed,48.6,"Ops Apr variance was $4,153,171 vs plan",05/05/2026 12:45:48 PM
r39-0001963,rclark@silverlinefreight.com,Covenant Checker,Summarize the May variance for entity MX-01,completed,39.7,"Ops May variance was $618,978 vs plan",05/06/2026 03:53:59 PM
r39-0001964,rclark@silverlinefreight.com,Journal Entry Reviewer,Forecast May operating cash flow,completed,42.0,"Accounting May variance was $1,332,304 vs plan",05/06/2026 07:32:01 AM
r39-0001965,nrodriguez@silverlinefreight.com,Revenue Recognizer,Draft flux commentary for the Jan close,completed,6.0,"Treasury Jan variance was $2,129,583 vs plan",05/06/2026 05:00:55 PM
r39-0001966,nrodriguez@silverlinefreight.com,Flux Commentary,Which cost centers are over budget YTD?,completed,26.6,"Accounting Apr variance was $2,160,422 vs plan",05/06/2026 02:32:34 PM
r39-0001967,rclark@silverlinefreight.com,AP Aging Analyst,Summarize the Feb variance for entity US-05,completed,19.9,"Ops Feb variance was $1,352,198 vs plan",05/06/2026 07:27:19 PM
r39-0001968,fwilson@silverlinefreight.com,AP Aging Analyst,Reconcile AP aging over 90 days for CA-05,completed,65.5,"FP&A Jan variance was $679,738 vs plan",05/06/2026 10:56:25 AM
r39-0001969,rclark@silverlinefreight.com,Headcount Planner,Reconcile AP aging over 90 days for CA-06,completed,62.9,"Treasury Apr variance was $399,299 vs plan",05/06/2026 01:06:39 PM
r39-0001970,nrodriguez@silverlinefreight.com,Vendor Spend Analyzer,Forecast Apr operating cash flow,completed,39.2,"FP&A Apr variance was $1,767,284 vs plan",05/06/2026 01:29:49 PM
r39-0001971,fwilson@silverlinefreight.com,AP Aging Analyst,Forecast May operating cash flow,completed,39.2,"Accounting May variance was $1,249,456 vs plan",05/06/2026 11:53:00 AM
r39-0001972,rjones@silverlinefreight.com,Budget vs Actual,Which cost centers are over budget YTD?,error,7.9,error code 502 from model gateway,05/06/2026 03:29:26 PM
r39-0001973,rclark@silverlinefreight.com,Revenue Recognizer,Check covenant compliance for the revolver,completed,70.3,"Ops Mar variance was $3,372,817 vs plan",05/06/2026 10:17:50 AM
r39-0001974,nrodriguez@silverlinefreight.com,Revenue Recognizer,Why did Ops spend exceed budget in Jan?,completed,28.2,"Ops Jan variance was $3,648,789 vs plan",05/06/2026 12:57:58 PM
r39-0001975,rjones@silverlinefreight.com,Covenant Checker,Build the board deck cash slide for Apr,completed,51.1,"Treasury Apr variance was $767,517 vs plan",05/06/2026 02:54:59 PM
r39-0001976,nrodriguez@silverlinefreight.com,Variance Explainer,Draft flux commentary for the May close,completed,55.3,"FP&A May variance was $1,615,353 vs plan",05/06/2026 10:38:08 AM
r39-0001977,rclark@silverlinefreight.com,Board Deck Builder,What drove the change in gross margin this quarter?,completed,18.6,"Ops Mar variance was $271,414 vs plan",05/06/2026 07:34:57 AM
r39-0001978,nrodriguez@silverlinefreight.com,AP Aging Analyst,Which cost centers are over budget YTD?,completed,51.1,"Treasury Mar variance was $391,513 vs plan",05/06/2026 08:31:19 AM
r39-0001979,rclark@silverlinefreight.com,Variance Explainer,Why did Ops spend exceed budget in Jan?,completed,15.1,"Ops Jan variance was $1,746,598 vs plan",05/06/2026 04:23:17 PM
r39-0001980,nrodriguez@silverlinefreight.com,Board Deck Builder,Summarize the May variance for entity CA-01,completed,33.6,"Treasury May variance was $1,228,133 vs plan",05/06/2026 06:19:47 AM
r39-0001981,rclark@silverlinefreight.com,AP Aging Analyst,Why did Accounting spend exceed budget in Feb?,completed,73.9,"Accounting Feb variance was $1,354,600 vs plan",05/06/2026 11:13:00 AM
r39-0001982,nrodriguez@silverlinefreight.com,Vendor Spend Analyzer,Reconcile AP aging over 90 days for CA-04,completed,5.5,"Ops Mar variance was $1,332,920 vs plan",05/06/2026 09:35:31 AM
r39-0001983,rclark@silverlinefreight.com,Vendor Spend Analyzer,Which cost centers are over budget YTD?,completed,21.7,"Treasury Feb variance was $4,168,870 vs plan",05/06/2026 06:49:49 PM
r39-0001984,nrodriguez@silverlinefreight.com,Close Checklist Bot,Summarize the Mar variance for entity MX-07,completed,46.0,"FP&A Mar variance was $1,912,050 vs plan",05/06/2026 02:25:40 PM
r39-0001985,fwilson@silverlinefreight.com,Journal Entry Reviewer,Why did FP&A spend exceed budget in Mar?,error,4.8,error code 502 from model gateway,05/06/2026 07:46:24 PM
r39-0001986,rclark@silverlinefreight.com,Flux Commentary,Check covenant compliance for the revolver,completed,71.8,"Treasury Jun variance was $4,421,399 vs plan",05/06/2026 09:52:37 AM
r39-0001987,nrodriguez@silverlinefreight.com,Vendor Spend Analyzer,Explain the headcount variance vs plan,completed,53.1,"Ops Jan variance was $4,030,629 vs plan",05/06/2026 05:48:13 PM
r39-0001988,rclark@silverlinefreight.com,Variance Explainer,Summarize the May variance for entity EU-01,error,3.0,Traceback (most recent call last): KeyError 'entity',05/06/2026 01:26:12 PM
r39-0001989,nrodriguez@silverlinefreight.com,Variance Explainer,What drove the change in gross margin this quarter?,completed,44.5,"FP&A Jun variance was $2,435,162 vs plan",05/06/2026 05:12:16 PM
r39-0001990,nrodriguez@silverlinefreight.com,Vendor Spend Analyzer,Why did Treasury spend exceed budget in Mar?,error,4.2,ERROR: upstream request timed out,05/06/2026 01:15:53 PM
r39-0001991,nrodriguez@silverlinefreight.com,Vendor Spend Analyzer,Forecast May operating cash flow,completed,24.9,"Accounting May variance was $4,001,093 vs plan",05/06/2026 01:46:05 PM
r39-0001992,rjones@silverlinefreight.com,Covenant Checker,Forecast Jan operating cash flow,completed,60.7,"Treasury Jan variance was $1,743,483 vs plan",05/06/2026 10:18:15 AM
r39-0001993,fwilson@silverlinefreight.com,Variance Explainer,Summarize the Feb variance for entity CA-07,completed,37.0,"Ops Feb variance was $1,179,227 vs plan",05/06/2026 10:33:22 AM
r39-0001994,rclark@silverlinefreight.com,Covenant Checker,What drove the change in gross margin this quarter?,completed,24.6,"FP&A Mar variance was $3,169,395 vs plan",05/06/2026 03:43:07 PM
r39-0001995,rclark@silverlinefreight.com,Variance Explainer,Explain the headcount variance vs plan,completed,46.0,"Accounting Jun variance was $4,431,908 vs plan",05/06/2026 09:50:22 AM
r39-0001996,nrodriguez@silverlinefreight.com,Journal Entry Reviewer,Build the board deck cash slide for Mar,completed,58.1,"Accounting Mar variance was $1,711,885 vs plan",05/06/2026 05:36:15 PM
r39-0001997,fwilson@silverlinefreight.com,Headcount Planner,Explain the headcount variance vs plan,completed,1.2,error: connection reset by peer,05/06/2026 11:07:11 AM
r39-0001998,fwilson@silverlinefreight.com,Covenant Checker,Summarize the Apr variance for entity MX-01,completed,42.3,"Ops Apr variance was $3,693,235 vs plan",05/06/2026 11:52:57 AM
r39-0001999,nrodriguez@silverlinefreight.com,Board Deck Builder,Forecast Mar operating cash flow,completed,25.8,"Treasury Mar variance was $3,748,078 vs plan",05/06/2026 12:31:38 PM
r39-0002000,rclark@silverlinefreight.com,Journal Entry Reviewer,What drove the change in gross margin this quarter?,completed,11.2,"Ops Mar variance was $1,897,058 vs plan",05/06/2026 11:09:03 AM
r39-0002001,rclark@silverlinefreight.com,Headcount Planner,Build the board deck cash slide for Mar,completed,55.1,"Ops Mar variance was $3,228,107 vs plan",05/06/2026 02:35:35 PM
r39-0002002,nrodriguez@silverlinefreight.com,Budget vs Actual,Draft flux commentary for the Jun close,completed,48.2,"Ops Jun variance was $4,392,532 vs plan",05/06/2026 04:45:34 PM
r39-0002003,rjones@silverlinefreight.com,Close Checklist Bot,Which cost centers are over budget YTD?,completed,20.6,"Ops Mar variance was $2,596,318 vs plan",05/06/2026 01:36:37 PM
r39-0002004,rclark@silverlinefreight.com,Vendor Spend Analyzer,Which cost centers are over budget YTD?,completed,47.2,"Accounting Jun variance was $3,621,069 vs plan",05/06/2026 07:09:14 AM
r39-0002005,rclark@silverlinefreight.com,Budget vs Actual,Which cost centers are over budget YTD?,error,4.2,error code 502 from model gateway,05/06/2026 03:55:50 PM
r39-0002006,fwilson@silverlinefreight.com,AP Aging Analyst,Build the board deck cash slide for May,completed,64.7,"Treasury May variance was $2,668,625 vs plan",05/06/2026 01:05:06 PM
r39-0002007,nrodriguez@silverlinefreight.com,Board Deck Builder,Which cost centers are over budget YTD?,completed,25.1,"Accounting Mar variance was $1,083,660 vs plan",05/06/2026 12:44:53 PM
r39-0002008,rclark@silverlinefreight.com,Vendor Spend Analyzer,Build the board deck cash slide for Jan,completed,48.5,"Accounting Jan variance was $1,092,072 vs plan",05/06/2026 05:15:13 PM
r39-0002009,rclark@silverlinefreight.com,Board Deck Builder,Check covenant compliance for the revolver,completed,43.6,"FP&A Mar variance was $2,350,590 vs plan",05/06/2026 01:38:20 PM
r39-0002010,rclark@silverlinefreight.com,Journal Entry Reviewer,Build the board deck cash slide for May,completed,31.8,"Ops May variance was $2,972,196 vs plan",05/06/2026 01:44:18 PM
r39-0002011,rjones@silverlinefreight.com,Journal Entry Reviewer,Explain the headcount variance vs plan,completed,0.6,Traceback (most recent call last): KeyError 'entity',05/06/2026 11:10:45 AM
r39-0002012,nrodriguez@silverlinefreight.com,Variance Explainer,Check covenant compliance for the revolver,completed,13.7,"Accounting May variance was $3,355,729 vs plan",05/06/2026 07:15:57 PM
r39-0002013,rclark@silverlinefreight.com,Close Checklist Bot,What drove the change in gross margin this quarter?,completed,43.1,"Ops Jun variance was $3,381,297 vs plan",05/06/2026 03:22:44 PM
r39-0002014,rclark@silverlinefreight.com,Budget vs Actual,Check covenant compliance for the revolver,completed,37.9,"Ops Jun variance was $4,623,286 vs plan",05/06/2026 02:00:23 PM
r39-0002015,fwilson@silverlinefreight.com,Headcount Planner,Build the board deck cash slide for Feb,completed,1.1,FAILED: null reference in aggregation step,05/06/2026 11:58:38 AM
r39-0002016,nrodriguez@silverlinefreight.com,Journal Entry Reviewer,Which cost centers are over budget YTD?,completed,30.1,"Treasury Apr variance was $323,857 vs plan",05/07/2026 01:10:57 PM
r39-0002017,nrodriguez@silverlinefreight.com,Cash Forecaster,Summarize the Apr variance for entity US-08,completed,60.3,"Ops Apr variance was $4,702,931 vs plan",05/07/2026 02:08:21 PM
r39-0002018,rjones@silverlinefreight.com,Variance Explainer,Why did Ops spend exceed budget in Apr?,completed,15.9,"Ops Apr variance was $4,528,719 vs plan",05/07/2026 09:09:08 AM
r39-0002019,nrodriguez@silverlinefreight.com,Journal Entry Reviewer,Reconcile AP aging over 90 days for US-08,completed,22.0,"Treasury Feb variance was $965,074 vs plan",05/07/2026 09:15:19 AM
r39-0002020,rclark@silverlinefreight.com,Revenue Recognizer,Explain the headcount variance vs plan,completed,59.9,"Treasury Jan variance was $3,973,792 vs plan",05/07/2026 05:07:49 PM
r39-0002021,rjones@silverlinefreight.com,Flux Commentary,Forecast Apr operating cash flow,error,7.5,Traceback (most recent call last): KeyError 'entity',05/07/2026 09:45:51 AM
r39-0002022,nrodriguez@silverlinefreight.com,Board Deck Builder,Reconcile AP aging over 90 days for US-09,completed,37.6,"Ops Feb variance was $3,889,560 vs plan",05/07/2026 10:09:03 AM
r39-0002023,rclark@silverlinefreight.com,Cash Forecaster,Explain the headcount variance vs plan,error,2.5,FAILED: null reference in aggregation step,05/07/2026 12:40:08 PM
r39-0002024,fwilson@silverlinefreight.com,Headcount Planner,Why did Accounting spend exceed budget in Feb?,completed,0.4,ERROR: upstream request timed out,05/07/2026 07:17:52 AM
r39-0002025,rclark@silverlinefreight.com,Close Checklist Bot,Draft flux commentary for the Feb close,completed,60.0,"Ops Feb variance was $271,340 vs plan",05/07/2026 03:39:22 PM
r39-0002026,rclark@silverlinefreight.com,AP Aging Analyst,Summarize the Mar variance for entity US-08,completed,10.3,"FP&A Mar variance was $538,822 vs plan",05/07/2026 10:03:38 AM
r39-0002027,nrodriguez@silverlinefreight.com,Close Checklist Bot,Draft flux commentary for the May close,completed,15.4,"Treasury May variance was $1,206,356 vs plan",05/07/2026 02:06:45 PM
r39-0002028,nrodriguez@silverlinefreight.com,Journal Entry Reviewer,Explain the headcount variance vs plan,completed,43.4,"Accounting Apr variance was $1,915,996 vs plan",05/07/2026 02:22:17 PM
r39-0002029,fwilson@silverlinefreight.com,Board Deck Builder,Why did Treasury spend exceed budget in Apr?,completed,64.8,"Treasury Apr variance was $3,738,703 vs plan",05/07/2026 01:31:27 PM
r39-0002030,nrodriguez@silverlinefreight.com,Variance Explainer,Build the board deck cash slide for Feb,completed,63.4,"Treasury Feb variance was $295,581 vs plan",05/07/2026 05:23:52 PM
r39-0002031,rclark@silverlinefreight.com,AP Aging Analyst,Draft flux commentary for the May close,completed,21.8,"Ops May variance was $343,867 vs plan",05/07/2026 09:08:16 AM
r39-0002032,nrodriguez@silverlinefreight.com,Budget vs Actual,Check covenant compliance for the revolver,completed,7.1,"Accounting Jun variance was $1,680,670 vs plan",05/07/2026 03:24:06 PM
r39-0002033,rclark@silverlinefreight.com,AP Aging Analyst,Why did FP&A spend exceed budget in Jan?,completed,0.6,FAILED: null reference in aggregation step,05/07/2026 03:53:20 PM
r39-0002034,rclark@silverlinefreight.com,Budget vs Actual,Which cost centers are over budget YTD?,completed,73.8,"FP&A Jun variance was $1,659,438 vs plan",05/07/2026 09:45:04 AM
r39-0002035,nrodriguez@silverlinefreight.com,Cash Forecaster,Draft flux commentary for the Jun close,completed,36.3,"Accounting Jun variance was $192,007 vs plan",05/07/2026 10:39:52 AM
r39-0002036,rjones@silverlinefreight.com,Journal Entry Reviewer,Explain the headcount variance vs plan,completed,60.3,"Accounting Jan variance was $1,237,503 vs plan",05/07/2026 11:13:25 AM
r39-0002037,rclark@silverlinefreight.com,AP Aging Analyst,Build the board deck cash slide for Feb,completed,69.6,"FP&A Feb variance was $2,531,423 vs plan",05/07/2026 06:34:50 AM
r39-0002038,nrodriguez@silverlinefreight.com,Close Checklist Bot,Explain the headcount variance vs plan,completed,60.7,"FP&A May variance was $3,902,259 vs plan",05/07/2026 11:50:10 AM
r39-0002039,nrodriguez@silverlinefreight.com,Cash Forecaster,Why did FP&A spend exceed budget in Mar?,completed,8.6,"FP&A Mar variance was $4,255,967 vs plan",05/07/2026 08:01:58 AM
r39-0002040,rjones@silverlinefreight.com,Budget vs Actual,Forecast May operating cash flow,completed,73.0,"FP&A May variance was $1,465,219 vs plan",05/07/2026 01:49:17 PM
r39-0002041,nrodriguez@silverlinefreight.com,Variance Explainer,Explain the headcount variance vs plan,completed,20.7,"Treasury Jan variance was $2,862,284 vs plan",05/07/2026 11:37:42 AM
r39-0002042,fwilson@silverlinefreight.com,Headcount Planner,Why did Accounting spend exceed budget in Mar?,completed,65.5,"Accounting Mar variance was $1,446,392 vs plan",05/07/2026 01:10:47 PM
r39-0002043,fwilson@silverlinefreight.com,Board Deck Builder,Forecast May operating cash flow,completed,12.0,"Treasury May variance was $544,023 vs plan",05/07/2026 11:53:40 AM
r39-0002044,rclark@silverlinefreight.com,Revenue Recognizer,What drove the change in gross margin this quarter?,completed,62.5,"Accounting May variance was $2,488,477 vs plan",05/07/2026 04:38:09 PM
r39-0002045,rclark@silverlinefreight.com,Budget vs Actual,Summarize the Apr variance for entity MX-04,completed,72.8,"Ops Apr variance was $3,424,796 vs plan",05/07/2026 02:33:03 PM
r39-0002046,nrodriguez@silverlinefreight.com,AP Aging Analyst,Explain the headcount variance vs plan,completed,63.6,"Treasury Jun variance was $3,386,313 vs plan",05/07/2026 04:20:30 PM
r39-0002047,nrodriguez@silverlinefreight.com,Journal Entry Reviewer,Summarize the Mar variance for entity EU-09,completed,74.1,"Ops Mar variance was $2,905,175 vs plan",05/07/2026 11:10:59 AM
r39-0002048,rclark@silverlinefreight.com,Flux Commentary,Summarize the Feb variance for entity CA-09,completed,10.1,"Accounting Feb variance was $2,861,238 vs plan",05/07/2026 12:12:15 PM
r39-0002049,nrodriguez@silverlinefreight.com,Variance Explainer,What drove the change in gross margin this quarter?,completed,49.1,"Accounting Apr variance was $3,905,107 vs plan",05/07/2026 05:32:38 PM
r39-0002050,rclark@silverlinefreight.com,AP Aging Analyst,Why did Ops spend exceed budget in Jan?,completed,38.2,"Ops Jan variance was $3,202,516 vs plan",05/07/2026 01:11:58 PM
r39-0002051,rclark@silverlinefreight.com,Vendor Spend Analyzer,Build the board deck cash slide for Jan,completed,5.6,"Accounting Jan variance was $2,728,981 vs plan",05/08/2026 11:00:26 AM
r39-0002052,fwilson@silverlinefreight.com,Close Checklist Bot,Forecast Jan operating cash flow,completed,27.8,"Treasury Jan variance was $1,813,749 vs plan",05/08/2026 06:10:01 PM
r39-0002053,rjones@silverlinefreight.com,Revenue Recognizer,Check covenant compliance for the revolver,completed,50.2,"Ops Jun variance was $837,370 vs plan",05/08/2026 09:24:28 AM
r39-0002054,nrodriguez@silverlinefreight.com,Flux Commentary,Explain the headcount variance vs plan,completed,46.9,"Accounting Apr variance was $1,972,178 vs plan",05/08/2026 11:52:40 AM
r39-0002055,rclark@silverlinefreight.com,Variance Explainer,Forecast Feb operating cash flow,completed,26.7,"FP&A Feb variance was $2,222,247 vs plan",05/08/2026 04:23:28 PM
r39-0002056,fwilson@silverlinefreight.com,Revenue Recognizer,Explain the headcount variance vs plan,completed,73.2,"Accounting May variance was $1,319,385 vs plan",05/08/2026 12:09:00 PM
r39-0002057,rclark@silverlinefreight.com,Revenue Recognizer,What drove the change in gross margin this quarter?,error,3.2,Traceback (most recent call last): KeyError 'entity',05/08/2026 01:51:10 PM
r39-0002058,nrodriguez@silverlinefreight.com,Headcount Planner,Summarize the Jun variance for entity CA-06,completed,47.2,"FP&A Jun variance was $157,409 vs plan",05/08/2026 06:10:34 PM
r39-0002059,nrodriguez@silverlinefreight.com,Headcount Planner,What drove the change in gross margin this quarter?,completed,60.6,"Accounting Jan variance was $81,263 vs plan",05/08/2026 02:32:28 PM
r39-0002060,rclark@silverlinefreight.com,Covenant Checker,Check covenant compliance for the revolver,completed,17.9,"Ops May variance was $544,011 vs plan",05/08/2026 03:12:38 PM
r39-0002061,rclark@silverlinefreight.com,Cash Forecaster,Check covenant compliance for the revolver,completed,1.2,error: connection reset by peer,05/08/2026 08:21:16 AM
r39-0002062,nrodriguez@silverlinefreight.com,Flux Commentary,Draft flux commentary for the Jun close,completed,14.9,"Ops Jun variance was $2,721,495 vs plan",05/08/2026 07:15:13 AM
r39-0002063,nrodriguez@silverlinefreight.com,Cash Forecaster,Summarize the Apr variance for entity MX-08,completed,73.5,"Ops Apr variance was $193,695 vs plan",05/08/2026 05:31:17 PM
r39-0002064,nrodriguez@silverlinefreight.com,Variance Explainer,Draft flux commentary for the Mar close,error,2.1,ERROR: upstream request timed out,05/08/2026 08:18:25 PM
r39-0002065,nrodriguez@silverlinefreight.com,Close Checklist Bot,Build the board deck cash slide for Mar,completed,19.9,"Accounting Mar variance was $3,439,282 vs plan",05/08/2026 12:30:41 PM
r39-0002066,fwilson@silverlinefreight.com,AP Aging Analyst,Why did Treasury spend exceed budget in Apr?,completed,28.3,"Treasury Apr variance was $4,212,667 vs plan",05/08/2026 10:07:13 AM
r39-0002067,rclark@silverlinefreight.com,Flux Commentary,Build the board deck cash slide for May,completed,72.4,"Ops May variance was $957,327 vs plan",05/08/2026 02:35:26 PM
r39-0002068,nrodriguez@silverlinefreight.com,Cash Forecaster,Draft flux commentary for the Jun close,completed,6.9,"Accounting Jun variance was $321,122 vs plan",05/08/2026 10:26:05 AM
r39-0002069,rclark@silverlinefreight.com,Vendor Spend Analyzer,Explain the headcount variance vs plan,completed,34.1,"Accounting Jan variance was $4,634,093 vs plan",05/08/2026 12:12:18 PM
r39-0002070,rclark@silverlinefreight.com,Flux Commentary,Summarize the May variance for entity CA-04,completed,1.0,ERROR: upstream request timed out,05/08/2026 05:25:14 PM
r39-0002071,nrodriguez@silverlinefreight.com,AP Aging Analyst,Explain the headcount variance vs plan,completed,28.8,"Ops Mar variance was $3,725,364 vs plan",05/08/2026 02:51:20 PM
r39-0002072,rclark@silverlinefreight.com,Flux Commentary,Build the board deck cash slide for May,completed,1.1,error: connection reset by peer,05/08/2026 05:48:58 PM
r39-0002073,nrodriguez@silverlinefreight.com,Close Checklist Bot,Reconcile AP aging over 90 days for MX-02,completed,9.9,"Ops Feb variance was $1,645,725 vs plan",05/08/2026 11:32:11 AM
r39-0002074,rjones@silverlinefreight.com,Journal Entry Reviewer,Summarize the Jun variance for entity MX-09,completed,58.3,"Accounting Jun variance was $2,286,456 vs plan",05/08/2026 09:36:08 AM
r39-0002075,rclark@silverlinefreight.com,Cash Forecaster,Draft flux commentary for the Jun close,completed,49.1,"Treasury Jun variance was $4,124,418 vs plan",05/08/2026 01:22:32 PM
r39-0002076,rclark@silverlinefreight.com,Vendor Spend Analyzer,Summarize the Jun variance for entity CA-07,completed,58.0,"Accounting Jun variance was $4,273,720 vs plan",05/08/2026 01:11:26 PM
r39-0002077,rclark@silverlinefreight.com,Journal Entry Reviewer,Check covenant compliance for the revolver,completed,58.4,"Ops May variance was $4,413,808 vs plan",05/09/2026 02:19:47 PM
r39-0002078,rclark@silverlinefreight.com,Covenant Checker,Summarize the Feb variance for entity US-05,completed,4.4,"FP&A Feb variance was $3,678,246 vs plan",05/09/2026 02:07:21 PM
r39-0002079,rclark@silverlinefreight.com,Headcount Planner,What drove the change in gross margin this quarter?,completed,6.6,"Ops Jan variance was $1,771,692 vs plan",05/09/2026 12:21:29 PM
r39-0002080,rclark@silverlinefreight.com,Headcount Planner,Forecast Jan operating cash flow,completed,63.3,"FP&A Jan variance was $3,934,815 vs plan",05/09/2026 09:22:35 AM
r39-0002081,fwilson@silverlinefreight.com,Revenue Recognizer,Which cost centers are over budget YTD?,completed,59.1,"Accounting May variance was $748,650 vs plan",05/09/2026 01:31:01 PM
r39-0002082,rclark@silverlinefreight.com,Variance Explainer,Which cost centers are over budget YTD?,completed,20.6,"Accounting Jan variance was $3,462,439 vs plan",05/09/2026 04:12:37 PM
r39-0002083,fwilson@silverlinefreight.com,Cash Forecaster,Explain the headcount variance vs plan,completed,12.6,"Ops Jun variance was $3,876,409 vs plan",05/09/2026 07:14:24 PM
r39-0002084,rjones@silverlinefreight.com,Variance Explainer,Build the board deck cash slide for Jan,completed,34.9,"Ops Jan variance was $3,379,726 vs plan",05/09/2026 08:45:22 PM
r39-0002085,nrodriguez@silverlinefreight.com,Flux Commentary,Why did Ops spend exceed budget in Mar?,completed,37.4,"Ops Mar variance was $32,260 vs plan",05/09/2026 09:46:34 AM
r39-0002086,rjones@silverlinefreight.com,Headcount Planner,Check covenant compliance for the revolver,completed,24.3,"Treasury Jan variance was $2,090,041 vs plan",05/09/2026 10:16:03 AM
r39-0002087,rclark@silverlinefreight.com,Close Checklist Bot,What drove the change in gross margin this quarter?,completed,29.2,"Ops Mar variance was $3,243,059 vs plan",05/09/2026 02:54:59 PM
r39-0002088,nrodriguez@silverlinefreight.com,Budget vs Actual,Build the board deck cash slide for Jan,completed,64.6,"Ops Jan variance was $1,086,934 vs plan",05/09/2026 12:13:52 PM
r39-0002089,rjones@silverlinefreight.com,Board Deck Builder,Draft flux commentary for the Feb close,completed,42.4,"Accounting Feb variance was $3,745,405 vs plan",05/09/2026 10:04:56 AM
r39-0002090,nrodriguez@silverlinefreight.com,Headcount Planner,Which cost centers are over budget YTD?,completed,45.9,"FP&A May variance was $4,338,015 vs plan",05/10/2026 10:12:25 AM
r39-0002091,nrodriguez@silverlinefreight.com,Board Deck Builder,Reconcile AP aging over 90 days for US-07,completed,51.1,"FP&A Apr variance was $1,095,211 vs plan",05/10/2026 12:26:23 PM
r39-0002092,fwilson@silverlinefreight.com,Journal Entry Reviewer,What drove the change in gross margin this quarter?,completed,67.6,"Ops Jun variance was $3,679,909 vs plan",05/10/2026 12:24:18 PM
r39-0002093,rclark@silverlinefreight.com,AP Aging Analyst,Draft flux commentary for the Jan close,completed,15.9,"Ops Jan variance was $310,988 vs plan",05/10/2026 10:55:12 AM
r39-0002094,rclark@silverlinefreight.com,Budget vs Actual,Which cost centers are over budget YTD?,completed,1.6,FAILED: null reference in aggregation step,05/10/2026 02:49:40 PM
r39-0002095,rclark@silverlinefreight.com,Variance Explainer,Reconcile AP aging over 90 days for MX-08,completed,20.7,"Ops Mar variance was $2,217,996 vs plan",05/10/2026 02:39:39 PM
r39-0002096,nrodriguez@silverlinefreight.com,AP Aging Analyst,Forecast Feb operating cash flow,completed,55.8,"FP&A Feb variance was $4,045,595 vs plan",05/10/2026 02:38:35 PM
r39-0002097,rclark@silverlinefreight.com,Covenant Checker,Build the board deck cash slide for Mar,completed,64.9,"Treasury Mar variance was $2,312,416 vs plan",05/10/2026 11:04:21 AM
r39-0002098,nrodriguez@silverlinefreight.com,Cash Forecaster,Forecast Jun operating cash flow,completed,36.8,"Accounting Jun variance was $4,446,284 vs plan",05/10/2026 10:05:27 AM
r39-0002099,nrodriguez@silverlinefreight.com,Flux Commentary,Build the board deck cash slide for Jan,completed,4.8,"Accounting Jan variance was $3,360,901 vs plan",05/10/2026 12:34:13 PM
r39-0002100,rclark@silverlinefreight.com,Close Checklist Bot,Build the board deck cash slide for Apr,completed,1.5,FAILED: null reference in aggregation step,05/10/2026 02:59:57 PM
r39-0002101,fwilson@silverlinefreight.com,Vendor Spend Analyzer,Reconcile AP aging over 90 days for CA-08,completed,48.5,"Treasury Jan variance was $3,484,198 vs plan",05/10/2026 09:49:59 AM
r39-0002102,rjones@silverlinefreight.com,Board Deck Builder,Forecast May operating cash flow,completed,69.6,"Accounting May variance was $2,571,745 vs plan",05/10/2026 02:09:17 PM
r39-0002103,rclark@silverlinefreight.com,Headcount Planner,Explain the headcount variance vs plan,error,5.5,error code 502 from model gateway,05/10/2026 11:13:43 AM
r39-0002104,nrodriguez@silverlinefreight.com,Revenue Recognizer,Why did Ops spend exceed budget in May?,completed,59.3,"Ops May variance was $813,562 vs plan",05/10/2026 12:49:31 PM
r39-0002105,fwilson@silverlinefreight.com,Revenue Recognizer,Which cost centers are over budget YTD?,completed,11.7,"FP&A Jun variance was $3,069,218 vs plan",05/10/2026 03:28:49 PM
r39-0002106,fwilson@silverlinefreight.com,Cash Forecaster,Forecast Jun operating cash flow,completed,56.6,"FP&A Jun variance was $2,345,442 vs plan",05/10/2026 05:32:27 PM
r39-0002107,rjones@silverlinefreight.com,Board Deck Builder,Which cost centers are over budget YTD?,completed,51.0,"Accounting Mar variance was $1,930,552 vs plan",05/11/2026 11:36:07 AM
r39-0002108,nrodriguez@silverlinefreight.com,Revenue Recognizer,Explain the headcount variance vs plan,completed,43.2,"Ops Apr variance was $1,538,208 vs plan",05/11/2026 01:01:57 PM
r39-0002109,rclark@silverlinefreight.com,Variance Explainer,Explain the headcount variance vs plan,completed,40.7,"FP&A Jan variance was $1,011,785 vs plan",05/11/2026 11:56:44 AM
r39-0002110,nrodriguez@silverlinefreight.com,Covenant Checker,Build the board deck cash slide for May,completed,21.7,"Ops May variance was $3,855,240 vs plan",05/11/2026 09:52:55 AM
r39-0002111,fwilson@silverlinefreight.com,Covenant Checker,Draft flux commentary for the Jun close,completed,60.3,"FP&A Jun variance was $3,282,579 vs plan",05/11/2026 12:48:31 PM
r39-0002112,rjones@silverlinefreight.com,Revenue Recognizer,What drove the change in gross margin this quarter?,completed,62.5,"Accounting May variance was $2,397,328 vs plan",05/11/2026 03:03:08 PM
r39-0002113,rjones@silverlinefreight.com,Budget vs Actual,Forecast May operating cash flow,completed,39.2,"Accounting May variance was $480,076 vs plan",05/11/2026 02:57:09 PM
r39-0002114,rclark@silverlinefreight.com,Budget vs Actual,Build the board deck cash slide for Jun,completed,37.6,"Ops Jun variance was $4,237,084 vs plan",05/11/2026 09:36:27 AM
r39-0002115,rclark@silverlinefreight.com,Board Deck Builder,Check covenant compliance for the revolver,completed,33.0,"FP&A Apr variance was $185,661 vs plan",05/11/2026 01:33:21 PM
r39-0002116,rclark@silverlinefreight.com,Cash Forecaster,Summarize the May variance for entity CA-06,completed,50.8,"Accounting May variance was $263,412 vs plan",05/11/2026 06:00:41 AM
r39-0002117,rclark@silverlinefreight.com,Headcount Planner,Check covenant compliance for the revolver,completed,47.2,"Accounting Jan variance was $1,116,005 vs plan",05/11/2026 11:31:46 AM
r39-0002118,rclark@silverlinefreight.com,Flux Commentary,Explain the headcount variance vs plan,error,5.7,ERROR: upstream request timed out,05/11/2026 10:35:47 AM
r39-0002119,rclark@silverlinefreight.com,Board Deck Builder,Why did Accounting spend exceed budget in May?,completed,28.0,"Accounting May variance was $3,153,546 vs plan",05/11/2026 02:51:10 PM
r39-0002120,rclark@silverlinefreight.com,Headcount Planner,Which cost centers are over budget YTD?,completed,14.3,"Treasury May variance was $919,730 vs plan",05/11/2026 06:43:50 AM
r39-0002121,nrodriguez@silverlinefreight.com,Vendor Spend Analyzer,What drove the change in gross margin this quarter?,completed,44.5,"Treasury Jun variance was $3,377,166 vs plan",05/11/2026 01:31:28 PM
r39-0002122,rjones@silverlinefreight.com,Budget vs Actual,What drove the change in gross margin this quarter?,error,3.5,error code 502 from model gateway,05/11/2026 02:03:34 PM
r39-0002123,rclark@silverlinefreight.com,Budget vs Actual,Which cost centers are over budget YTD?,completed,52.8,"Accounting Mar variance was $1,670,397 vs plan",05/11/2026 01:18:32 PM
r39-0002124,rclark@silverlinefreight.com,Journal Entry Reviewer,Forecast Feb operating cash flow,completed,13.2,"Ops Feb variance was $1,934,265 vs plan",05/11/2026 11:30:00 AM
r39-0002125,fwilson@silverlinefreight.com,Budget vs Actual,Which cost centers are over budget YTD?,completed,35.9,"Treasury May variance was $4,510,801 vs plan",05/11/2026 12:51:54 PM
r39-0002126,nrodriguez@silverlinefreight.com,Close Checklist Bot,Build the board deck cash slide for May,completed,49.6,"Accounting May variance was $4,355,767 vs plan",05/11/2026 06:41:14 AM
r39-0002127,nrodriguez@silverlinefreight.com,Close Checklist Bot,Check covenant compliance for the revolver,completed,18.6,"Accounting May variance was $13,447 vs plan",05/11/2026 12:09:54 PM
r39-0002128,rjones@silverlinefreight.com,Revenue Recognizer,Build the board deck cash slide for Jun,completed,1.1,error: connection reset by peer,05/11/2026 10:39:34 AM
r39-0002129,nrodriguez@silverlinefreight.com,Covenant Checker,Forecast Mar operating cash flow,completed,49.1,"Ops Mar variance was $400,232 vs plan",05/11/2026 11:35:05 AM
r39-0002130,fwilson@silverlinefreight.com,Revenue Recognizer,What drove the change in gross margin this quarter?,completed,17.8,"FP&A Jan variance was $4,307,663 vs plan",05/11/2026 11:04:06 AM
r39-0002131,nrodriguez@silverlinefreight.com,Covenant Checker,Draft flux commentary for the May close,completed,36.8,"Ops May variance was $82,638 vs plan",05/11/2026 09:57:03 AM
r39-0002132,nrodriguez@silverlinefreight.com,Close Checklist Bot,Explain the headcount variance vs plan,completed,63.3,"Treasury May variance was $4,731,776 vs plan",05/11/2026 07:31:38 PM
r39-0002133,nrodriguez@silverlinefreight.com,Budget vs Actual,Forecast May operating cash flow,completed,62.9,"Treasury May variance was $2,765,471 vs plan",05/11/2026 12:32:12 PM
r39-0002134,fwilson@silverlinefreight.com,Board Deck Builder,Which cost centers are over budget YTD?,completed,43.4,"Ops Apr variance was $3,196,201 vs plan",05/11/2026 09:11:49 AM
r39-0002135,nrodriguez@silverlinefreight.com,Journal Entry Reviewer,Explain the headcount variance vs plan,error,4.0,ERROR: upstream request timed out,05/11/2026 02:35:33 PM
r39-0002136,fwilson@silverlinefreight.com,Headcount Planner,Build the board deck cash slide for Jun,completed,62.3,"Ops Jun variance was $3,655,243 vs plan",05/11/2026 10:42:43 AM
r39-0002137,nrodriguez@silverlinefreight.com,Journal Entry Reviewer,Why did Treasury spend exceed budget in Apr?,completed,1.3,ERROR: upstream request timed out,05/11/2026 08:31:40 AM
r39-0002138,rclark@silverlinefreight.com,Close Checklist Bot,Explain the headcount variance vs plan,completed,72.7,"Treasury Jan variance was $2,841,298 vs plan",05/11/2026 05:48:33 PM
r39-0002139,fwilson@silverlinefreight.com,Journal Entry Reviewer,Forecast Feb operating cash flow,completed,30.9,"Treasury Feb variance was $3,837,397 vs plan",05/11/2026 04:03:57 PM
r39-0002140,rclark@silverlinefreight.com,Vendor Spend Analyzer,Forecast May operating cash flow,completed,74.9,"Treasury May variance was $3,568,566 vs plan",05/11/2026 12:01:48 PM
r39-0002141,nrodriguez@silverlinefreight.com,Covenant Checker,Check covenant compliance for the revolver,completed,66.2,"Ops Apr variance was $1,436,239 vs plan",05/11/2026 09:48:47 AM
r39-0002142,rclark@silverlinefreight.com,AP Aging Analyst,Draft flux commentary for the Feb close,completed,24.1,"Accounting Feb variance was $3,451,222 vs plan",05/11/2026 09:03:19 AM
r39-0002143,nrodriguez@silverlinefreight.com,Budget vs Actual,Forecast Apr operating cash flow,completed,45.8,"Accounting Apr variance was $2,421,353 vs plan",05/11/2026 09:51:52 AM
r39-0002144,fwilson@silverlinefreight.com,Close Checklist Bot,Build the board deck cash slide for Jun,completed,73.1,"Ops Jun variance was $4,011,936 vs plan",05/11/2026 01:44:50 PM
r39-0002145,rclark@silverlinefreight.com,Flux Commentary,Why did Ops spend exceed budget in Jun?,completed,46.5,"Ops Jun variance was $3,378,975 vs plan",05/11/2026 11:23:00 AM
r39-0002146,rclark@silverlinefreight.com,Cash Forecaster,Check covenant compliance for the revolver,completed,32.0,"Ops Jun variance was $1,974,908 vs plan",05/12/2026 03:05:05 PM
r39-0002147,rclark@silverlinefreight.com,Headcount Planner,What drove the change in gross margin this quarter?,completed,8.1,"Treasury Jun variance was $326,016 vs plan",05/12/2026 03:19:05 PM
r39-0002148,nrodriguez@silverlinefreight.com,Budget vs Actual,Reconcile AP aging over 90 days for US-05,completed,1.4,error: connection reset by peer,05/12/2026 10:27:34 AM
r39-0002149,rclark@silverlinefreight.com,Cash Forecaster,Build the board deck cash slide for Jan,completed,62.1,"Ops Jan variance was $106,875 vs plan",05/12/2026 12:48:15 PM
r39-0002150,rjones@silverlinefreight.com,Flux Commentary,Explain the headcount variance vs plan,completed,50.7,"Treasury Feb variance was $3,170,285 vs plan",05/12/2026 01:12:30 PM
r39-0002151,nrodriguez@silverlinefreight.com,Vendor Spend Analyzer,Summarize the Mar variance for entity US-07,completed,11.4,"Ops Mar variance was $4,080,231 vs plan",05/12/2026 09:52:09 AM
r39-0002152,rclark@silverlinefreight.com,Revenue Recognizer,Check covenant compliance for the revolver,completed,11.3,"Ops Apr variance was $1,008,022 vs plan",05/12/2026 02:31:07 PM
r39-0002153,rclark@silverlinefreight.com,Cash Forecaster,Build the board deck cash slide for Feb,completed,1.3,ERROR: upstream request timed out,05/12/2026 01:50:20 PM
r39-0002154,rclark@silverlinefreight.com,Variance Explainer,Summarize the Apr variance for entity MX-07,completed,29.6,"Accounting Apr variance was $1,416,989 vs plan",05/12/2026 12:17:04 PM
r39-0002155,nrodriguez@silverlinefreight.com,Revenue Recognizer,Explain the headcount variance vs plan,completed,54.9,"FP&A Mar variance was $2,978,748 vs plan",05/12/2026 08:13:58 AM
r39-0002156,nrodriguez@silverlinefreight.com,AP Aging Analyst,Summarize the Feb variance for entity US-04,completed,57.2,"Accounting Feb variance was $2,895,058 vs plan",05/12/2026 06:55:07 AM
r39-0002157,rclark@silverlinefreight.com,Journal Entry Reviewer,Forecast Feb operating cash flow,completed,48.1,"Ops Feb variance was $818,466 vs plan",05/12/2026 06:35:24 PM
r39-0002158,fwilson@silverlinefreight.com,AP Aging Analyst,Summarize the Jun variance for entity CA-08,completed,0.7,Traceback (most recent call last): KeyError 'entity',05/12/2026 01:49:23 PM
r39-0002159,nrodriguez@silverlinefreight.com,Close Checklist Bot,Check covenant compliance for the revolver,completed,54.2,"Treasury Mar variance was $676,634 vs plan",05/12/2026 11:48:55 AM
r39-0002160,rclark@silverlinefreight.com,Vendor Spend Analyzer,What drove the change in gross margin this quarter?,completed,58.6,"FP&A May variance was $2,336,782 vs plan",05/12/2026 11:18:28 AM
r39-0002161,nrodriguez@silverlinefreight.com,Flux Commentary,Explain the headcount variance vs plan,completed,7.7,"FP&A Apr variance was $4,490,218 vs plan",05/12/2026 12:06:27 PM
r39-0002162,rclark@silverlinefreight.com,Budget vs Actual,Reconcile AP aging over 90 days for US-08,completed,0.5,Traceback (most recent call last): KeyError 'entity',05/12/2026 05:44:38 PM
r39-0002163,nrodriguez@silverlinefreight.com,Headcount Planner,Summarize the May variance for entity EU-09,completed,60.7,"Treasury May variance was $4,446,918 vs plan",05/12/2026 02:12:17 PM
r39-0002164,nrodriguez@silverlinefreight.com,Variance Explainer,Summarize the May variance for entity EU-09,completed,19.5,"FP&A May variance was $2,170,411 vs plan",05/12/2026 09:00:35 AM
r39-0002165,nrodriguez@silverlinefreight.com,Variance Explainer,Explain the headcount variance vs plan,completed,40.0,"Ops May variance was $1,142,108 vs plan",05/12/2026 04:44:32 PM
r39-0002166,rclark@silverlinefreight.com,Budget vs Actual,Check covenant compliance for the revolver,completed,34.3,"FP&A Mar variance was $894,847 vs plan",05/12/2026 09:41:29 AM
r39-0002167,nrodriguez@silverlinefreight.com,AP Aging Analyst,Which cost centers are over budget YTD?,completed,21.4,"FP&A Apr variance was $3,230,013 vs plan",05/12/2026 11:41:46 AM
r39-0002168,nrodriguez@silverlinefreight.com,Cash Forecaster,Which cost centers are over budget YTD?,completed,27.3,"Accounting Apr variance was $1,020,368 vs plan",05/12/2026 12:19:03 PM
r39-0002169,rclark@silverlinefreight.com,Flux Commentary,Draft flux commentary for the May close,error,0.7,ERROR: upstream request timed out,05/12/2026 10:10:01 AM
r39-0002170,nrodriguez@silverlinefreight.com,Revenue Recognizer,Why did Ops spend exceed budget in Jan?,completed,41.9,"Ops Jan variance was $1,190,956 vs plan",05/12/2026 01:59:27 PM
r39-0002171,rclark@silverlinefreight.com,Budget vs Actual,Forecast Apr operating cash flow,completed,1.0,ERROR: upstream request timed out,05/12/2026 12:54:38 PM
r39-0002172,rclark@silverlinefreight.com,Revenue Recognizer,Why did Accounting spend exceed budget in Jan?,completed,71.7,"Accounting Jan variance was $1,768,685 vs plan",05/12/2026 12:21:19 PM
r39-0002173,nrodriguez@silverlinefreight.com,Variance Explainer,What drove the change in gross margin this quarter?,completed,34.3,"FP&A Mar variance was $2,250,289 vs plan",05/12/2026 11:46:23 AM
r39-0002174,rclark@silverlinefreight.com,AP Aging Analyst,Reconcile AP aging over 90 days for EU-01,completed,1.5,ERROR: upstream request timed out,05/12/2026 09:11:28 AM
r39-0002175,rclark@silverlinefreight.com,Flux Commentary,Which cost centers are over budget YTD?,completed,29.1,"FP&A May variance was $2,583,692 vs plan",05/12/2026 09:06:06 AM
r39-0002176,rclark@silverlinefreight.com,Journal Entry Reviewer,Build the board deck cash slide for Mar,completed,54.5,"Treasury Mar variance was $4,540,017 vs plan",05/12/2026 01:59:19 PM
r39-0002177,rclark@silverlinefreight.com,Vendor Spend Analyzer,Forecast May operating cash flow,completed,8.0,"Treasury May variance was $198,637 vs plan",05/12/2026 02:47:20 PM
r39-0002178,rclark@silverlinefreight.com,Headcount Planner,Why did Treasury spend exceed budget in Apr?,completed,73.3,"Treasury Apr variance was $22,219 vs plan",05/12/2026 07:00:45 PM
r39-0002179,nrodriguez@silverlinefreight.com,Vendor Spend Analyzer,Why did FP&A spend exceed budget in Apr?,completed,1.8,error: connection reset by peer,05/12/2026 07:26:58 AM
r39-0002180,rclark@silverlinefreight.com,Journal Entry Reviewer,What drove the change in gross margin this quarter?,error,6.2,Traceback (most recent call last): KeyError 'entity',05/12/2026 04:59:49 PM
r39-0002181,rjones@silverlinefreight.com,Covenant Checker,Draft flux commentary for the Feb close,completed,35.3,"Treasury Feb variance was $3,309,813 vs plan",05/12/2026 05:40:18 PM
r39-0002182,rclark@silverlinefreight.com,Budget vs Actual,Draft flux commentary for the Apr close,completed,43.4,"Accounting Apr variance was $2,651,922 vs plan",05/12/2026 02:43:47 PM
r39-0002183,rclark@silverlinefreight.com,Close Checklist Bot,Build the board deck cash slide for Apr,completed,44.9,"FP&A Apr variance was $285,930 vs plan",05/12/2026 06:12:09 PM
r39-0002184,rclark@silverlinefreight.com,Revenue Recognizer,Build the board deck cash slide for Feb,completed,45.1,"Ops Feb variance was $3,134,140 vs plan",05/12/2026 11:37:19 PM
r39-0002185,nrodriguez@silverlinefreight.com,Headcount Planner,Build the board deck cash slide for Apr,error,6.8,error: connection reset by peer,05/13/2026 11:53:55 AM
r39-0002186,rclark@silverlinefreight.com,Close Checklist Bot,Which cost centers are over budget YTD?,completed,16.2,"Accounting Feb variance was $443,846 vs plan",05/13/2026 12:37:54 PM
r39-0002187,rclark@silverlinefreight.com,Covenant Checker,Explain the headcount variance vs plan,completed,4.2,"Ops Apr variance was $606,156 vs plan",05/13/2026 03:08:32 PM
r39-0002188,rclark@silverlinefreight.com,Vendor Spend Analyzer,Build the board deck cash slide for Jan,completed,73.4,"Accounting Jan variance was $4,055,051 vs plan",05/13/2026 06:49:27 AM
r39-0002189,rclark@silverlinefreight.com,Variance Explainer,Summarize the Apr variance for entity CA-08,completed,7.4,"Treasury Apr variance was $774,373 vs plan",05/13/2026 01:36:23 PM
r39-0002190,nrodriguez@silverlinefreight.com,Journal Entry Reviewer,Build the board deck cash slide for Mar,completed,0.3,error: connection reset by peer,05/13/2026 09:35:52 AM
r39-0002191,fwilson@silverlinefreight.com,Variance Explainer,Forecast Apr operating cash flow,completed,22.8,"Accounting Apr variance was $3,647,375 vs plan",05/13/2026 01:00:20 PM
r39-0002192,fwilson@silverlinefreight.com,Headcount Planner,Check covenant compliance for the revolver,completed,14.9,"FP&A Feb variance was $3,926,519 vs plan",05/13/2026 05:35:28 PM
r39-0002193,nrodriguez@silverlinefreight.com,Budget vs Actual,Draft flux commentary for the Apr close,completed,45.8,"Treasury Apr variance was $3,628,137 vs plan",05/13/2026 06:03:13 AM
r39-0002194,rjones@silverlinefreight.com,Budget vs Actual,Which cost centers are over budget YTD?,completed,46.6,"Treasury Feb variance was $730,747 vs plan",05/13/2026 01:34:26 PM
r39-0002195,rclark@silverlinefreight.com,Covenant Checker,Check covenant compliance for the revolver,completed,11.8,"Ops Mar variance was $1,391,374 vs plan",05/13/2026 08:29:12 AM
r39-0002196,rclark@silverlinefreight.com,Headcount Planner,Draft flux commentary for the Jan close,completed,29.4,"Ops Jan variance was $1,475,450 vs plan",05/13/2026 11:06:55 AM
r39-0002197,nrodriguez@silverlinefreight.com,AP Aging Analyst,Build the board deck cash slide for May,completed,4.2,"FP&A May variance was $942,502 vs plan",05/13/2026 02:16:17 PM
r39-0002198,rclark@silverlinefreight.com,Flux Commentary,Draft flux commentary for the May close,completed,3.4,"Ops May variance was $3,022,346 vs plan",05/13/2026 03:33:36 PM
r39-0002199,rclark@silverlinefreight.com,AP Aging Analyst,Draft flux commentary for the Jan close,completed,54.8,"Treasury Jan variance was $2,619,490 vs plan",05/13/2026 02:55:54 PM
r39-0002200,nrodriguez@silverlinefreight.com,Covenant Checker,Explain the headcount variance vs plan,completed,29.0,"Accounting Mar variance was $787,022 vs plan",05/13/2026 11:57:15 AM
r39-0002201,nrodriguez@silverlinefreight.com,Close Checklist Bot,Explain the headcount variance vs plan,completed,0.7,error code 502 from model gateway,05/13/2026 09:34:44 AM
r39-0002202,rclark@silverlinefreight.com,Revenue Recognizer,Forecast May operating cash flow,completed,9.9,"FP&A May variance was $3,561,576 vs plan",05/13/2026 11:10:28 AM
r39-0002203,rclark@silverlinefreight.com,Close Checklist Bot,Summarize the Jun variance for entity EU-03,completed,18.0,"FP&A Jun variance was $2,623,569 vs plan",05/13/2026 03:50:27 PM
r39-0002204,rclark@silverlinefreight.com,Cash Forecaster,Summarize the Jan variance for entity EU-06,completed,0.9,error: connection reset by peer,05/13/2026 11:12:34 AM
r39-0002205,fwilson@silverlinefreight.com,Headcount Planner,Summarize the Jun variance for entity EU-05,completed,30.9,"Accounting Jun variance was $27,277 vs plan",05/13/2026 06:49:27 AM
r39-0002206,rclark@silverlinefreight.com,Journal Entry Reviewer,Check covenant compliance for the revolver,completed,24.0,"Treasury Apr variance was $1,238,559 vs plan",05/13/2026 01:36:02 PM
r39-0002207,rclark@silverlinefreight.com,Headcount Planner,Which cost centers are over budget YTD?,completed,37.7,"Treasury Jan variance was $1,446,977 vs plan",05/13/2026 12:44:17 PM
r39-0002208,fwilson@silverlinefreight.com,Covenant Checker,What drove the change in gross margin this quarter?,completed,37.1,"Treasury Apr variance was $1,259,904 vs plan",05/13/2026 11:59:06 AM
r39-0002209,rclark@silverlinefreight.com,Vendor Spend Analyzer,Why did Accounting spend exceed budget in Feb?,completed,42.9,"Accounting Feb variance was $764,974 vs plan",05/14/2026 02:41:17 PM
r39-0002210,fwilson@silverlinefreight.com,Covenant Checker,Forecast Apr operating cash flow,completed,49.1,"Ops Apr variance was $3,717,131 vs plan",05/14/2026 08:10:05 AM
r39-0002211,fwilson@silverlinefreight.com,Journal Entry Reviewer,Reconcile AP aging over 90 days for CA-05,completed,63.2,"Ops May variance was $4,270,064 vs plan",05/14/2026 04:08:06 PM
r39-0002212,nrodriguez@silverlinefreight.com,Close Checklist Bot,What drove the change in gross margin this quarter?,completed,5.4,"Treasury Feb variance was $321,402 vs plan",05/14/2026 11:04:05 PM
r39-0002213,rclark@silverlinefreight.com,AP Aging Analyst,Forecast Jun operating cash flow,completed,71.7,"Ops Jun variance was $4,416,939 vs plan",05/14/2026 02:48:20 PM
r39-0002214,rclark@silverlinefreight.com,Headcount Planner,Why did Accounting spend exceed budget in Mar?,completed,74.9,"Accounting Mar variance was $1,881,701 vs plan",05/14/2026 02:14:06 PM
r39-0002215,nrodriguez@silverlinefreight.com,Budget vs Actual,Check covenant compliance for the revolver,error,1.5,Traceback (most recent call last): KeyError 'entity',05/14/2026 02:31:31 PM
r39-0002216,fwilson@silverlinefreight.com,Headcount Planner,Forecast Mar operating cash flow,completed,51.0,"Accounting Mar variance was $4,093,111 vs plan",05/14/2026 10:57:05 AM
r39-0002217,rjones@silverlinefreight.com,Journal Entry Reviewer,Draft flux commentary for the Feb close,completed,54.2,"Treasury Feb variance was $146,674 vs plan",05/14/2026 12:26:00 PM
r39-0002218,nrodriguez@silverlinefreight.com,Flux Commentary,Build the board deck cash slide for Jun,completed,20.9,"Accounting Jun variance was $2,992,407 vs plan",05/14/2026 01:29:00 PM
r39-0002219,nrodriguez@silverlinefreight.com,Vendor Spend Analyzer,Draft flux commentary for the May close,completed,72.6,"Treasury May variance was $616,789 vs plan",05/14/2026 01:03:34 PM
r39-0002220,fwilson@silverlinefreight.com,Vendor Spend Analyzer,Which cost centers are over budget YTD?,completed,61.8,"Ops Jun variance was $923,556 vs plan",05/14/2026 12:07:49 PM
r39-0002221,fwilson@silverlinefreight.com,Close Checklist Bot,Why did Ops spend exceed budget in Mar?,completed,11.0,"Ops Mar variance was $1,610,025 vs plan",05/14/2026 01:03:32 PM
r39-0002222,fwilson@silverlinefreight.com,Vendor Spend Analyzer,Explain the headcount variance vs plan,completed,15.6,"FP&A Mar variance was $2,290,756 vs plan",05/14/2026 08:18:42 AM
r39-0002223,rclark@silverlinefreight.com,Close Checklist Bot,Draft flux commentary for the Mar close,completed,64.2,"Treasury Mar variance was $1,981,731 vs plan",05/14/2026 03:21:58 PM
r39-0002224,rclark@silverlinefreight.com,Journal Entry Reviewer,Check covenant compliance for the revolver,completed,21.5,"Accounting Feb variance was $112,964 vs plan",05/14/2026 10:49:26 AM
r39-0002225,rjones@silverlinefreight.com,Revenue Recognizer,Which cost centers are over budget YTD?,completed,20.5,"FP&A Apr variance was $3,570,897 vs plan",05/14/2026 04:47:25 PM
r39-0002226,nrodriguez@silverlinefreight.com,Vendor Spend Analyzer,Forecast May operating cash flow,completed,64.2,"Treasury May variance was $3,198,209 vs plan",05/14/2026 11:52:26 AM
r39-0002227,nrodriguez@silverlinefreight.com,Journal Entry Reviewer,Explain the headcount variance vs plan,completed,43.3,"Treasury Feb variance was $2,960,475 vs plan",05/14/2026 01:34:13 PM
r39-0002228,nrodriguez@silverlinefreight.com,Budget vs Actual,Summarize the Jan variance for entity MX-02,completed,3.6,"Accounting Jan variance was $1,024,121 vs plan",05/14/2026 12:33:53 PM
r39-0002229,fwilson@silverlinefreight.com,Budget vs Actual,Explain the headcount variance vs plan,completed,1.9,error code 502 from model gateway,05/14/2026 01:41:18 PM
r39-0002230,fwilson@silverlinefreight.com,Cash Forecaster,Explain the headcount variance vs plan,completed,28.3,"Ops Feb variance was $4,504,899 vs plan",05/14/2026 11:11:20 AM
r39-0002231,nrodriguez@silverlinefreight.com,Board Deck Builder,Explain the headcount variance vs plan,completed,55.6,"Treasury Jun variance was $3,833,994 vs plan",05/14/2026 01:36:26 PM
r39-0002232,nrodriguez@silverlinefreight.com,Cash Forecaster,What drove the change in gross margin this quarter?,completed,33.5,"Ops Jan variance was $2,341,191 vs plan",05/14/2026 02:13:47 PM
r39-0002233,rclark@silverlinefreight.com,Flux Commentary,Explain the headcount variance vs plan,error,3.6,Traceback (most recent call last): KeyError 'entity',05/14/2026 10:00:54 AM
r39-0002234,rclark@silverlinefreight.com,Headcount Planner,Forecast Jun operating cash flow,completed,41.4,"Treasury Jun variance was $1,094,858 vs plan",05/14/2026 11:42:20 AM
r39-0002235,fwilson@silverlinefreight.com,Budget vs Actual,Why did FP&A spend exceed budget in Jun?,completed,42.8,"FP&A Jun variance was $2,368,300 vs plan",05/14/2026 09:54:12 AM
r39-0002236,rclark@silverlinefreight.com,Budget vs Actual,Reconcile AP aging over 90 days for US-06,completed,8.9,"FP&A Jan variance was $3,066,559 vs plan",05/14/2026 08:13:50 AM
r39-0002237,fwilson@silverlinefreight.com,Variance Explainer,Draft flux commentary for the Jan close,completed,49.3,"Accounting Jan variance was $469,069 vs plan",05/14/2026 04:28:21 PM
r39-0002238,nrodriguez@silverlinefreight.com,Headcount Planner,Reconcile AP aging over 90 days for US-08,completed,36.6,"Treasury Jan variance was $558,048 vs plan",05/14/2026 04:54:17 PM
r39-0002239,rclark@silverlinefreight.com,Budget vs Actual,Build the board deck cash slide for Jun,completed,74.5,"FP&A Jun variance was $469,182 vs plan",05/14/2026 12:07:31 PM
r39-0002240,rjones@silverlinefreight.com,Journal Entry Reviewer,Summarize the May variance for entity MX-06,completed,49.2,"Treasury May variance was $2,630,134 vs plan",05/14/2026 12:59:12 PM
r39-0002241,rclark@silverlinefreight.com,Close Checklist Bot,Explain the headcount variance vs plan,completed,19.3,"FP&A May variance was $696,348 vs plan",05/15/2026 01:50:19 PM
r39-0002242,rjones@silverlinefreight.com,Budget vs Actual,Which cost centers are over budget YTD?,completed,43.9,"Accounting Mar variance was $428,832 vs plan",05/15/2026 04:14:04 PM
r39-0002243,rjones@silverlinefreight.com,Revenue Recognizer,Draft flux commentary for the Feb close,completed,53.8,"Accounting Feb variance was $3,535,430 vs plan",05/15/2026 12:24:07 PM
r39-0002244,nrodriguez@silverlinefreight.com,Variance Explainer,Explain the headcount variance vs plan,completed,45.9,"Treasury Apr variance was $1,377,192 vs plan",05/15/2026 02:37:45 PM
r39-0002245,fwilson@silverlinefreight.com,Covenant Checker,Check covenant compliance for the revolver,completed,21.0,"Ops May variance was $2,664,923 vs plan",05/15/2026 07:23:20 PM
r39-0002246,rclark@silverlinefreight.com,Revenue Recognizer,Check covenant compliance for the revolver,completed,27.3,"Treasury Jan variance was $1,070,736 vs plan",05/15/2026 02:58:11 PM
r39-0002247,nrodriguez@silverlinefreight.com,Vendor Spend Analyzer,Reconcile AP aging over 90 days for CA-01,error,0.8,FAILED: null reference in aggregation step,05/15/2026 10:01:48 AM
r39-0002248,rclark@silverlinefreight.com,Vendor Spend Analyzer,Reconcile AP aging over 90 days for EU-03,completed,41.2,"Treasury Jun variance was $1,163,849 vs plan",05/15/2026 10:56:16 AM
r39-0002249,fwilson@silverlinefreight.com,Close Checklist Bot,Summarize the Apr variance for entity CA-07,completed,32.5,"Ops Apr variance was $3,465,157 vs plan",05/15/2026 11:18:41 AM
r39-0002250,nrodriguez@silverlinefreight.com,Board Deck Builder,Reconcile AP aging over 90 days for MX-09,completed,4.5,"Accounting May variance was $3,880,822 vs plan",05/15/2026 09:51:26 AM
r39-0002251,rclark@silverlinefreight.com,Budget vs Actual,Reconcile AP aging over 90 days for EU-04,completed,55.1,"FP&A Feb variance was $895,730 vs plan",05/15/2026 05:24:49 PM
r39-0002252,nrodriguez@silverlinefreight.com,Flux Commentary,Draft flux commentary for the Mar close,completed,0.2,error: connection reset by peer,05/15/2026 07:07:55 AM
r39-0002253,rclark@silverlinefreight.com,Revenue Recognizer,Check covenant compliance for the revolver,completed,8.1,"FP&A May variance was $1,102,265 vs plan",05/15/2026 09:12:39 AM
r39-0002254,nrodriguez@silverlinefreight.com,Budget vs Actual,Build the board deck cash slide for Feb,completed,39.3,"Ops Feb variance was $1,654,893 vs plan",05/15/2026 10:40:47 AM
r39-0002255,fwilson@silverlinefreight.com,Flux Commentary,Which cost centers are over budget YTD?,completed,10.5,"Ops Jun variance was $3,112,067 vs plan",05/15/2026 11:55:47 AM
r39-0002256,rclark@silverlinefreight.com,Revenue Recognizer,Draft flux commentary for the Mar close,completed,8.1,"Treasury Mar variance was $3,382,972 vs plan",05/15/2026 10:34:37 AM
r39-0002257,nrodriguez@silverlinefreight.com,Vendor Spend Analyzer,Which cost centers are over budget YTD?,completed,41.6,"Ops May variance was $322,653 vs plan",05/15/2026 07:39:59 AM
r39-0002258,rclark@silverlinefreight.com,Board Deck Builder,Check covenant compliance for the revolver,completed,24.2,"Ops Feb variance was $3,072,482 vs plan",05/15/2026 01:49:25 PM
r39-0002259,fwilson@silverlinefreight.com,Vendor Spend Analyzer,What drove the change in gross margin this quarter?,completed,4.3,"FP&A Mar variance was $310,416 vs plan",05/15/2026 11:01:44 AM
r39-0002260,nrodriguez@silverlinefreight.com,Budget vs Actual,Draft flux commentary for the Jun close,completed,67.6,"Ops Jun variance was $3,349,783 vs plan",05/15/2026 03:43:15 PM
r39-0002261,rclark@silverlinefreight.com,Headcount Planner,Draft flux commentary for the Mar close,completed,73.8,"Ops Mar variance was $2,880,223 vs plan",05/15/2026 07:39:01 AM
r39-0002262,rclark@silverlinefreight.com,Flux Commentary,Why did Treasury spend exceed budget in May?,completed,14.8,"Treasury May variance was $768,249 vs plan",05/15/2026 01:19:34 PM
r39-0002263,rclark@silverlinefreight.com,Covenant Checker,Check covenant compliance for the revolver,completed,4.0,"Ops Jan variance was $1,371,076 vs plan",05/15/2026 11:40:56 AM
r39-0002264,rclark@silverlinefreight.com,Headcount Planner,Check covenant compliance for the revolver,error,6.0,error code 502 from model gateway,05/15/2026 08:51:33 AM
r39-0002265,nrodriguez@silverlinefreight.com,Cash Forecaster,Check covenant compliance for the revolver,completed,36.1,"Ops May variance was $3,372,969 vs plan",05/15/2026 02:13:05 PM
r39-0002266,fwilson@silverlinefreight.com,Headcount Planner,Why did Ops spend exceed budget in May?,completed,54.8,"Ops May variance was $4,064,996 vs plan",05/15/2026 02:36:45 PM
r39-0002267,nrodriguez@silverlinefreight.com,Journal Entry Reviewer,Reconcile AP aging over 90 days for US-01,completed,25.2,"Accounting Feb variance was $2,713,279 vs plan",05/15/2026 04:05:27 PM
r39-0002268,rclark@silverlinefreight.com,Headcount Planner,Summarize the Apr variance for entity US-04,completed,27.5,"Ops Apr variance was $3,485,875 vs plan",05/15/2026 12:32:48 PM
r39-0002269,nrodriguez@silverlinefreight.com,Close Checklist Bot,Forecast Jan operating cash flow,completed,7.4,"FP&A Jan variance was $2,090,791 vs plan",05/15/2026 01:53:59 PM
r39-0002270,rclark@silverlinefreight.com,Revenue Recognizer,Check covenant compliance for the revolver,completed,20.6,"Treasury Mar variance was $1,929,938 vs plan",05/15/2026 01:46:27 PM
r39-0002271,fwilson@silverlinefreight.com,Variance Explainer,Build the board deck cash slide for Feb,completed,67.0,"FP&A Feb variance was $1,491,751 vs plan",05/16/2026 08:42:58 PM
r39-0002272,nrodriguez@silverlinefreight.com,Headcount Planner,Why did Accounting spend exceed budget in Apr?,completed,57.3,"Accounting Apr variance was $35,520 vs plan",05/16/2026 10:43:35 AM
r39-0002273,nrodriguez@silverlinefreight.com,Journal Entry Reviewer,Why did FP&A spend exceed budget in Jan?,completed,43.7,"FP&A Jan variance was $943,841 vs plan",05/16/2026 12:09:19 PM
r39-0002274,rclark@silverlinefreight.com,Variance Explainer,Build the board deck cash slide for May,completed,40.3,"Treasury May variance was $4,442,082 vs plan",05/16/2026 02:26:55 PM
r39-0002275,nrodriguez@silverlinefreight.com,AP Aging Analyst,Check covenant compliance for the revolver,error,2.1,FAILED: null reference in aggregation step,05/16/2026 01:32:20 PM
r39-0002276,fwilson@silverlinefreight.com,Revenue Recognizer,Check covenant compliance for the revolver,completed,32.2,"Treasury Apr variance was $4,694,097 vs plan",05/16/2026 11:49:16 AM
r39-0002277,rclark@silverlinefreight.com,Revenue Recognizer,Summarize the Feb variance for entity US-03,completed,47.8,"Ops Feb variance was $3,900,103 vs plan",05/16/2026 10:53:24 AM
r39-0002278,nrodriguez@silverlinefreight.com,Journal Entry Reviewer,Reconcile AP aging over 90 days for US-03,completed,0.5,error code 502 from model gateway,05/16/2026 01:27:36 PM
r39-0002279,fwilson@silverlinefreight.com,Journal Entry Reviewer,Why did Ops spend exceed budget in Feb?,completed,61.3,"Ops Feb variance was $3,258,994 vs plan",05/16/2026 05:05:24 PM
r39-0002280,nrodriguez@silverlinefreight.com,AP Aging Analyst,Which cost centers are over budget YTD?,completed,13.6,"Treasury Jun variance was $4,220,245 vs plan",05/16/2026 12:18:20 PM
r39-0002281,nrodriguez@silverlinefreight.com,Journal Entry Reviewer,What drove the change in gross margin this quarter?,completed,45.2,"FP&A May variance was $182,405 vs plan",05/16/2026 02:32:47 PM
r39-0002282,rclark@silverlinefreight.com,Cash Forecaster,Reconcile AP aging over 90 days for CA-06,completed,34.9,"FP&A Jun variance was $2,477,736 vs plan",05/16/2026 04:58:10 PM
r39-0002283,rclark@silverlinefreight.com,Board Deck Builder,Build the board deck cash slide for Mar,completed,62.3,"Ops Mar variance was $3,912,953 vs plan",05/16/2026 11:44:09 AM
r39-0002284,rjones@silverlinefreight.com,Close Checklist Bot,Summarize the Mar variance for entity EU-05,completed,14.6,"Ops Mar variance was $868,463 vs plan",05/16/2026 12:44:08 PM
r39-0002285,rclark@silverlinefreight.com,Variance Explainer,Reconcile AP aging over 90 days for MX-07,completed,66.8,"Ops Apr variance was $1,250,505 vs plan",05/17/2026 08:28:24 AM
r39-0002286,fwilson@silverlinefreight.com,Cash Forecaster,Forecast May operating cash flow,completed,44.2,"FP&A May variance was $4,355,331 vs plan",05/17/2026 11:48:07 AM
r39-0002287,fwilson@silverlinefreight.com,Close Checklist Bot,Forecast Feb operating cash flow,completed,15.6,"Treasury Feb variance was $4,637,421 vs plan",05/17/2026 01:38:08 PM
r39-0002288,nrodriguez@silverlinefreight.com,Close Checklist Bot,Reconcile AP aging over 90 days for US-03,completed,4.0,"Ops Mar variance was $2,348,553 vs plan",05/17/2026 01:18:28 PM
r39-0002289,rclark@silverlinefreight.com,Board Deck Builder,What drove the change in gross margin this quarter?,completed,6.5,"Accounting Feb variance was $4,546,981 vs plan",05/17/2026 04:47:51 PM
r39-0002290,fwilson@silverlinefreight.com,Budget vs Actual,Which cost centers are over budget YTD?,completed,73.4,"Ops Feb variance was $3,033,229 vs plan",05/17/2026 09:57:40 AM
r39-0002291,rclark@silverlinefreight.com,Cash Forecaster,Reconcile AP aging over 90 days for EU-06,completed,56.5,"Treasury Jun variance was $3,808,475 vs plan",05/17/2026 10:40:07 AM
r39-0002292,nrodriguez@silverlinefreight.com,Cash Forecaster,Which cost centers are over budget YTD?,completed,30.5,"Accounting Jan variance was $161,193 vs plan",05/17/2026 04:11:50 PM
r39-0002293,rclark@silverlinefreight.com,Cash Forecaster,Which cost centers are over budget YTD?,completed,49.5,"Ops May variance was $4,700,426 vs plan",05/17/2026 01:34:14 PM
r39-0002294,rjones@silverlinefreight.com,AP Aging Analyst,Which cost centers are over budget YTD?,completed,27.6,"FP&A Mar variance was $4,641,300 vs plan",05/17/2026 02:48:05 PM
r39-0002295,fwilson@silverlinefreight.com,Variance Explainer,Draft flux commentary for the Feb close,completed,15.8,"Ops Feb variance was $3,010,986 vs plan",05/17/2026 11:12:04 AM
r39-0002296,nrodriguez@silverlinefreight.com,Journal Entry Reviewer,Check covenant compliance for the revolver,completed,25.5,"Ops Feb variance was $287,035 vs plan",05/17/2026 06:53:28 PM
r39-0002297,fwilson@silverlinefreight.com,Variance Explainer,Reconcile AP aging over 90 days for US-06,completed,60.6,"Treasury Jan variance was $3,517,577 vs plan",05/17/2026 09:07:15 AM
r39-0002298,rclark@silverlinefreight.com,Flux Commentary,Why did Ops spend exceed budget in Jan?,completed,55.5,"Ops Jan variance was $4,348,205 vs plan",05/17/2026 11:05:42 AM
r39-0002299,nrodriguez@silverlinefreight.com,Vendor Spend Analyzer,Check covenant compliance for the revolver,completed,13.6,"Accounting Mar variance was $4,478,984 vs plan",05/17/2026 04:24:24 PM
r39-0002300,nrodriguez@silverlinefreight.com,Cash Forecaster,What drove the change in gross margin this quarter?,completed,72.2,"FP&A Apr variance was $324,422 vs plan",05/17/2026 12:16:08 PM
r39-0002301,nrodriguez@silverlinefreight.com,Board Deck Builder,Which cost centers are over budget YTD?,completed,11.1,"Treasury Jan variance was $3,412,834 vs plan",05/17/2026 04:21:54 PM
r39-0002302,rclark@silverlinefreight.com,Close Checklist Bot,Why did Accounting spend exceed budget in Mar?,completed,6.9,"Accounting Mar variance was $2,027,680 vs plan",05/17/2026 09:58:43 AM
r39-0002303,nrodriguez@silverlinefreight.com,Budget vs Actual,Reconcile AP aging over 90 days for MX-04,completed,1.9,FAILED: null reference in aggregation step,05/17/2026 01:41:50 PM
r39-0002304,rjones@silverlinefreight.com,Cash Forecaster,Explain the headcount variance vs plan,completed,27.4,"Accounting May variance was $2,414,343 vs plan",05/17/2026 01:48:14 PM
r39-0002305,nrodriguez@silverlinefreight.com,Journal Entry Reviewer,What drove the change in gross margin this quarter?,completed,45.3,"Ops Mar variance was $4,461,401 vs plan",05/17/2026 04:24:54 PM
r39-0002306,rclark@silverlinefreight.com,Cash Forecaster,Summarize the Jan variance for entity US-02,completed,43.1,"Treasury Jan variance was $2,373,880 vs plan",05/17/2026 03:20:40 PM
r39-0002307,rclark@silverlinefreight.com,Journal Entry Reviewer,Why did FP&A spend exceed budget in Jan?,completed,37.1,"FP&A Jan variance was $449,973 vs plan",05/18/2026 01:48:58 PM
r39-0002308,rclark@silverlinefreight.com,Covenant Checker,Why did Ops spend exceed budget in Jan?,completed,38.9,"Ops Jan variance was $2,219,971 vs plan",05/18/2026 03:59:10 PM
r39-0002309,rclark@silverlinefreight.com,Variance Explainer,Explain the headcount variance vs plan,completed,15.2,"Accounting Feb variance was $4,369,843 vs plan",05/18/2026 05:22:35 PM
r39-0002310,rclark@silverlinefreight.com,Board Deck Builder,Forecast Apr operating cash flow,completed,40.6,"Accounting Apr variance was $4,517,394 vs plan",05/18/2026 02:25:53 PM
r39-0002311,rclark@silverlinefreight.com,Cash Forecaster,Forecast Apr operating cash flow,completed,60.9,"FP&A Apr variance was $4,507,526 vs plan",05/18/2026 02:19:27 PM
r39-0002312,rclark@silverlinefreight.com,Covenant Checker,Draft flux commentary for the Jun close,completed,33.9,"FP&A Jun variance was $1,561,231 vs plan",05/18/2026 10:41:10 AM
r39-0002313,rclark@silverlinefreight.com,Headcount Planner,Which cost centers are over budget YTD?,completed,73.2,"Ops Jun variance was $967,690 vs plan",05/18/2026 11:20:19 AM
r39-0002314,nrodriguez@silverlinefreight.com,Flux Commentary,Summarize the May variance for entity US-02,completed,10.3,"FP&A May variance was $3,644,666 vs plan",05/18/2026 12:09:47 PM
r39-0002315,rclark@silverlinefreight.com,Flux Commentary,Build the board deck cash slide for Jun,completed,19.1,"Accounting Jun variance was $404,216 vs plan",05/18/2026 02:49:13 PM
r39-0002316,rclark@silverlinefreight.com,Journal Entry Reviewer,Build the board deck cash slide for Feb,completed,17.5,"Treasury Feb variance was $2,000,062 vs plan",05/18/2026 10:01:28 AM
r39-0002317,rclark@silverlinefreight.com,Headcount Planner,Why did Accounting spend exceed budget in Jun?,completed,67.8,"Accounting Jun variance was $1,022,646 vs plan",05/18/2026 10:58:12 AM
r39-0002318,rclark@silverlinefreight.com,Covenant Checker,Check covenant compliance for the revolver,completed,47.4,"Ops Feb variance was $3,677,470 vs plan",05/18/2026 10:16:25 AM
r39-0002319,rclark@silverlinefreight.com,Close Checklist Bot,What drove the change in gross margin this quarter?,error,7.0,Traceback (most recent call last): KeyError 'entity',05/18/2026 09:53:07 AM
r39-0002320,rclark@silverlinefreight.com,Journal Entry Reviewer,Why did Accounting spend exceed budget in Mar?,completed,9.4,"Accounting Mar variance was $2,521,844 vs plan",05/18/2026 02:37:29 PM
r39-0002321,nrodriguez@silverlinefreight.com,Variance Explainer,Build the board deck cash slide for Jun,completed,4.9,"Ops Jun variance was $4,277,128 vs plan",05/18/2026 06:23:45 AM
r39-0002322,rclark@silverlinefreight.com,Revenue Recognizer,Check covenant compliance for the revolver,completed,61.5,"Treasury Feb variance was $4,305,664 vs plan",05/18/2026 05:20:48 PM
r39-0002323,rjones@silverlinefreight.com,Headcount Planner,Summarize the Jun variance for entity US-02,completed,4.3,"Treasury Jun variance was $535,151 vs plan",05/18/2026 02:14:48 PM
r39-0002324,nrodriguez@silverlinefreight.com,Covenant Checker,Draft flux commentary for the Apr close,completed,63.2,"Accounting Apr variance was $1,061,952 vs plan",05/18/2026 11:38:09 AM
r39-0002325,rclark@silverlinefreight.com,Flux Commentary,Build the board deck cash slide for May,completed,14.0,"Ops May variance was $1,564,915 vs plan",05/18/2026 11:20:33 AM
r39-0002326,rclark@silverlinefreight.com,Variance Explainer,Which cost centers are over budget YTD?,completed,17.6,"Ops Apr variance was $639,151 vs plan",05/18/2026 05:57:43 PM
r39-0002327,rclark@silverlinefreight.com,Board Deck Builder,Check covenant compliance for the revolver,completed,32.9,"FP&A Jun variance was $1,403,795 vs plan",05/18/2026 01:00:14 PM
r39-0002328,rclark@silverlinefreight.com,Covenant Checker,Explain the headcount variance vs plan,completed,26.8,"Ops Mar variance was $2,093,139 vs plan",05/18/2026 12:12:39 PM
r39-0002329,nrodriguez@silverlinefreight.com,Journal Entry Reviewer,Build the board deck cash slide for Feb,completed,37.6,"Ops Feb variance was $3,321,533 vs plan",05/18/2026 11:14:02 AM
r39-0002330,nrodriguez@silverlinefreight.com,Journal Entry Reviewer,Reconcile AP aging over 90 days for US-08,completed,59.5,"Treasury Feb variance was $1,442,329 vs plan",05/18/2026 02:38:29 PM
r39-0002331,rclark@silverlinefreight.com,Vendor Spend Analyzer,Draft flux commentary for the Feb close,completed,69.5,"FP&A Feb variance was $3,847,398 vs plan",05/18/2026 02:10:54 PM
r39-0002332,nrodriguez@silverlinefreight.com,Covenant Checker,Which cost centers are over budget YTD?,completed,8.2,"FP&A Apr variance was $4,730,145 vs plan",05/18/2026 09:04:44 AM
r39-0002333,fwilson@silverlinefreight.com,AP Aging Analyst,Reconcile AP aging over 90 days for CA-01,completed,8.3,"FP&A Jan variance was $276,466 vs plan",05/18/2026 12:16:17 PM
r39-0002334,rclark@silverlinefreight.com,Cash Forecaster,Which cost centers are over budget YTD?,completed,48.1,"FP&A Jan variance was $2,115,099 vs plan",05/18/2026 02:47:02 PM
r39-0002335,rclark@silverlinefreight.com,Board Deck Builder,Explain the headcount variance vs plan,completed,31.5,"Treasury Apr variance was $367,501 vs plan",05/18/2026 09:29:31 AM
r39-0002336,rjones@silverlinefreight.com,Variance Explainer,Forecast Jun operating cash flow,completed,72.0,"FP&A Jun variance was $2,349,364 vs plan",05/18/2026 04:53:54 PM
r39-0002337,rjones@silverlinefreight.com,AP Aging Analyst,Which cost centers are over budget YTD?,completed,44.5,"FP&A Feb variance was $3,541,109 vs plan",05/18/2026 11:09:39 AM
r39-0002338,rclark@silverlinefreight.com,Covenant Checker,Which cost centers are over budget YTD?,completed,40.0,"Accounting May variance was $4,501,769 vs plan",05/18/2026 01:57:10 PM
r39-0002339,rclark@silverlinefreight.com,Variance Explainer,Reconcile AP aging over 90 days for EU-07,completed,32.8,"FP&A Jan variance was $3,396,396 vs plan",05/18/2026 02:14:11 PM
r39-0002340,rclark@silverlinefreight.com,Flux Commentary,Reconcile AP aging over 90 days for CA-03,completed,56.8,"FP&A Jun variance was $1,604,437 vs plan",05/18/2026 03:01:47 PM
r39-0002341,fwilson@silverlinefreight.com,Journal Entry Reviewer,Why did FP&A spend exceed budget in May?,completed,58.2,"FP&A May variance was $3,705,682 vs plan",05/18/2026 03:38:21 PM
r39-0002342,fwilson@silverlinefreight.com,Board Deck Builder,Reconcile AP aging over 90 days for EU-06,completed,22.1,"FP&A Mar variance was $3,510,586 vs plan",05/18/2026 12:21:57 PM
r39-0002343,rclark@silverlinefreight.com,AP Aging Analyst,Check covenant compliance for the revolver,completed,59.6,"Accounting Feb variance was $3,845,467 vs plan",05/18/2026 11:12:38 AM
r39-0002344,rclark@silverlinefreight.com,Cash Forecaster,Why did Treasury spend exceed budget in May?,completed,1.0,ERROR: upstream request timed out,05/18/2026 03:45:46 PM
r39-0002345,fwilson@silverlinefreight.com,Revenue Recognizer,Why did FP&A spend exceed budget in Jun?,completed,36.0,"FP&A Jun variance was $1,955,085 vs plan",05/18/2026 11:50:14 AM
r39-0002346,rjones@silverlinefreight.com,Journal Entry Reviewer,Build the board deck cash slide for Apr,completed,1.0,error: connection reset by peer,05/18/2026 07:04:23 AM
r39-0002347,nrodriguez@silverlinefreight.com,Covenant Checker,Draft flux commentary for the Jan close,completed,74.9,"Ops Jan variance was $188,068 vs plan",05/18/2026 01:30:12 PM
r39-0002348,nrodriguez@silverlinefreight.com,Headcount Planner,Build the board deck cash slide for Mar,completed,67.4,"Treasury Mar variance was $2,746,839 vs plan",05/18/2026 03:25:13 PM
r39-0002349,rclark@silverlinefreight.com,Journal Entry Reviewer,Why did Treasury spend exceed budget in Jan?,completed,3.7,"Treasury Jan variance was $2,779,395 vs plan",05/18/2026 12:34:26 PM
r39-0002350,fwilson@silverlinefreight.com,Variance Explainer,Reconcile AP aging over 90 days for MX-01,completed,45.9,"FP&A Jun variance was $3,600,198 vs plan",05/18/2026 09:25:58 AM
r39-0002351,nrodriguez@silverlinefreight.com,Covenant Checker,Explain the headcount variance vs plan,completed,23.0,"FP&A Apr variance was $130,067 vs plan",05/18/2026 11:09:16 AM
r39-0002352,rclark@silverlinefreight.com,Journal Entry Reviewer,Forecast May operating cash flow,completed,65.4,"Ops May variance was $458,392 vs plan",05/18/2026 05:18:58 PM
r39-0002353,nrodriguez@silverlinefreight.com,Covenant Checker,Forecast May operating cash flow,completed,47.0,"Accounting May variance was $2,814,456 vs plan",05/19/2026 08:25:13 AM
r39-0002354,fwilson@silverlinefreight.com,Cash Forecaster,Reconcile AP aging over 90 days for EU-08,completed,67.8,"Ops Mar variance was $4,014,475 vs plan",05/19/2026 04:35:03 PM
r39-0002355,nrodriguez@silverlinefreight.com,Covenant Checker,Which cost centers are over budget YTD?,completed,24.8,"Ops Mar variance was $358,809 vs plan",05/19/2026 11:26:43 AM
r39-0002356,rclark@silverlinefreight.com,Cash Forecaster,Which cost centers are over budget YTD?,completed,72.5,"FP&A Jan variance was $4,442,263 vs plan",05/19/2026 05:10:24 PM
r39-0002357,nrodriguez@silverlinefreight.com,Journal Entry Reviewer,Build the board deck cash slide for Mar,completed,14.2,"Ops Mar variance was $2,176,132 vs plan",05/19/2026 10:36:51 AM
r39-0002358,rclark@silverlinefreight.com,Variance Explainer,Explain the headcount variance vs plan,completed,37.7,"Ops Jun variance was $3,756,684 vs plan",05/19/2026 01:43:11 PM
r39-0002359,nrodriguez@silverlinefreight.com,Covenant Checker,Which cost centers are over budget YTD?,completed,42.9,"FP&A Feb variance was $4,440,055 vs plan",05/19/2026 11:03:04 AM
r39-0002360,rjones@silverlinefreight.com,Flux Commentary,Reconcile AP aging over 90 days for US-07,completed,3.1,"Accounting Feb variance was $2,066,896 vs plan",05/19/2026 09:19:27 AM
r39-0002361,nrodriguez@silverlinefreight.com,Budget vs Actual,What drove the change in gross margin this quarter?,completed,72.7,"FP&A Apr variance was $2,868,601 vs plan",05/19/2026 05:39:49 PM
r39-0002362,nrodriguez@silverlinefreight.com,AP Aging Analyst,Draft flux commentary for the Apr close,completed,45.3,"Accounting Apr variance was $1,398,501 vs plan",05/19/2026 03:14:44 PM
r39-0002363,nrodriguez@silverlinefreight.com,Covenant Checker,Draft flux commentary for the Feb close,completed,57.9,"FP&A Feb variance was $3,204,885 vs plan",05/19/2026 01:29:18 PM
r39-0002364,fwilson@silverlinefreight.com,Board Deck Builder,Explain the headcount variance vs plan,completed,49.6,"Ops May variance was $1,050,764 vs plan",05/19/2026 12:39:57 PM
r39-0002365,rclark@silverlinefreight.com,Vendor Spend Analyzer,Summarize the Jan variance for entity CA-06,completed,47.0,"Accounting Jan variance was $413,612 vs plan",05/19/2026 04:22:50 PM
r39-0002366,nrodriguez@silverlinefreight.com,Cash Forecaster,Draft flux commentary for the Jun close,completed,56.7,"FP&A Jun variance was $3,192,611 vs plan",05/19/2026 08:35:53 PM
r39-0002367,rclark@silverlinefreight.com,Journal Entry Reviewer,Reconcile AP aging over 90 days for EU-01,completed,58.0,"FP&A Mar variance was $2,051,891 vs plan",05/19/2026 11:39:27 AM
r39-0002368,fwilson@silverlinefreight.com,Cash Forecaster,Which cost centers are over budget YTD?,completed,10.6,"Accounting May variance was $2,782,479 vs plan",05/19/2026 06:44:28 PM
r39-0002369,rclark@silverlinefreight.com,Headcount Planner,Explain the headcount variance vs plan,completed,47.2,"Treasury Apr variance was $3,440,793 vs plan",05/19/2026 08:39:21 AM
r39-0002370,fwilson@silverlinefreight.com,Cash Forecaster,Explain the headcount variance vs plan,completed,26.8,"FP&A Feb variance was $1,285,519 vs plan",05/19/2026 01:18:26 PM
r39-0002371,rjones@silverlinefreight.com,Budget vs Actual,Summarize the Mar variance for entity EU-05,completed,46.2,"FP&A Mar variance was $2,484,386 vs plan",05/19/2026 08:30:06 AM
r39-0002372,nrodriguez@silverlinefreight.com,Board Deck Builder,Draft flux commentary for the Jun close,completed,23.2,"Ops Jun variance was $2,690,856 vs plan",05/19/2026 03:55:39 PM
r39-0002373,fwilson@silverlinefreight.com,AP Aging Analyst,Why did Treasury spend exceed budget in Jan?,completed,60.7,"Treasury Jan variance was $185,231 vs plan",05/19/2026 09:26:40 AM
r39-0002374,nrodriguez@silverlinefreight.com,Revenue Recognizer,Draft flux commentary for the Jan close,completed,41.0,"Treasury Jan variance was $4,728,520 vs plan",05/19/2026 03:34:23 PM
r39-0002375,rclark@silverlinefreight.com,Headcount Planner,Summarize the Apr variance for entity CA-06,completed,52.7,"Ops Apr variance was $2,964,967 vs plan",05/19/2026 01:12:18 PM
r39-0002376,rjones@silverlinefreight.com,Cash Forecaster,Build the board deck cash slide for Jun,completed,0.6,Traceback (most recent call last): KeyError 'entity',05/19/2026 12:49:39 PM
r39-0002377,nrodriguez@silverlinefreight.com,Flux Commentary,What drove the change in gross margin this quarter?,completed,43.7,"Treasury Apr variance was $4,228,259 vs plan",05/19/2026 09:31:36 AM
r39-0002378,nrodriguez@silverlinefreight.com,Revenue Recognizer,Which cost centers are over budget YTD?,completed,22.4,"Treasury Jun variance was $228,463 vs plan",05/19/2026 03:53:18 PM
r39-0002379,nrodriguez@silverlinefreight.com,Cash Forecaster,Explain the headcount variance vs plan,completed,62.0,"Ops Feb variance was $1,534,459 vs plan",05/19/2026 10:15:21 AM
r39-0002380,nrodriguez@silverlinefreight.com,Journal Entry Reviewer,Why did Treasury spend exceed budget in Mar?,completed,0.8,error code 502 from model gateway,05/19/2026 02:34:47 PM
r39-0002381,nrodriguez@silverlinefreight.com,Covenant Checker,Which cost centers are over budget YTD?,completed,69.3,"Ops Apr variance was $501,949 vs plan",05/19/2026 11:10:31 AM
r39-0002382,nrodriguez@silverlinefreight.com,Board Deck Builder,Explain the headcount variance vs plan,completed,13.1,"FP&A Mar variance was $794,855 vs plan",05/19/2026 11:14:26 AM
r39-0002383,nrodriguez@silverlinefreight.com,Budget vs Actual,Draft flux commentary for the Jan close,completed,36.9,"Treasury Jan variance was $1,136,507 vs plan",05/19/2026 08:22:48 PM
r39-0002384,rclark@silverlinefreight.com,Board Deck Builder,Which cost centers are over budget YTD?,completed,55.9,"Treasury Jun variance was $181,216 vs plan",05/19/2026 02:03:07 PM
r39-0002385,nrodriguez@silverlinefreight.com,Cash Forecaster,Check covenant compliance for the revolver,completed,38.3,"Ops Feb variance was $159,044 vs plan",05/19/2026 05:28:43 PM
r39-0002386,nrodriguez@silverlinefreight.com,Covenant Checker,Forecast Jan operating cash flow,completed,28.2,"Accounting Jan variance was $2,043,048 vs plan",05/19/2026 09:17:59 AM
r39-0002387,rclark@silverlinefreight.com,Headcount Planner,Explain the headcount variance vs plan,completed,54.6,"Treasury May variance was $1,538,581 vs plan",05/19/2026 03:01:24 PM
r39-0002388,fwilson@silverlinefreight.com,Variance Explainer,Draft flux commentary for the May close,completed,3.1,"FP&A May variance was $1,867,683 vs plan",05/19/2026 11:03:19 AM
r39-0002389,nrodriguez@silverlinefreight.com,AP Aging Analyst,Reconcile AP aging over 90 days for US-09,completed,52.1,"Ops Feb variance was $4,004,714 vs plan",05/19/2026 07:54:32 PM
r39-0002390,rjones@silverlinefreight.com,AP Aging Analyst,Build the board deck cash slide for Mar,completed,37.1,"Treasury Mar variance was $3,669,665 vs plan",05/19/2026 08:19:20 PM
r39-0002391,rclark@silverlinefreight.com,Headcount Planner,Check covenant compliance for the revolver,completed,67.8,"Ops Mar variance was $3,881,301 vs plan",05/19/2026 01:05:40 PM
r39-0002392,nrodriguez@silverlinefreight.com,Board Deck Builder,What drove the change in gross margin this quarter?,completed,17.2,"Ops Apr variance was $205,055 vs plan",05/19/2026 06:50:41 PM
r39-0002393,nrodriguez@silverlinefreight.com,Variance Explainer,Draft flux commentary for the Jan close,completed,39.9,"Ops Jan variance was $973,690 vs plan",05/19/2026 03:40:41 PM
r39-0002394,nrodriguez@silverlinefreight.com,Covenant Checker,What drove the change in gross margin this quarter?,completed,9.1,"FP&A May variance was $1,791,677 vs plan",05/19/2026 02:24:24 PM
r39-0002395,rclark@silverlinefreight.com,Revenue Recognizer,Summarize the Apr variance for entity MX-07,completed,70.4,"Ops Apr variance was $189,535 vs plan",05/19/2026 02:03:54 PM
r39-0002396,nrodriguez@silverlinefreight.com,Close Checklist Bot,What drove the change in gross margin this quarter?,completed,36.0,"Ops Jan variance was $1,073,893 vs plan",05/20/2026 04:35:30 PM
r39-0002397,rjones@silverlinefreight.com,Board Deck Builder,Draft flux commentary for the Jun close,completed,16.9,"Accounting Jun variance was $3,129,404 vs plan",05/20/2026 08:19:21 PM
r39-0002398,fwilson@silverlinefreight.com,Cash Forecaster,Which cost centers are over budget YTD?,completed,6.2,"Accounting Mar variance was $4,131,854 vs plan",05/20/2026 10:32:14 AM
r39-0002399,rjones@silverlinefreight.com,Journal Entry Reviewer,Summarize the Mar variance for entity MX-03,completed,9.9,"Accounting Mar variance was $4,625,987 vs plan",05/20/2026 03:34:17 PM
r39-0002400,nrodriguez@silverlinefreight.com,Covenant Checker,Draft flux commentary for the Jun close,completed,39.4,"Treasury Jun variance was $4,548,949 vs plan",05/20/2026 12:15:22 PM
r39-0002401,rclark@silverlinefreight.com,AP Aging Analyst,Why did FP&A spend exceed budget in May?,completed,50.1,"FP&A May variance was $4,467,103 vs plan",05/20/2026 01:31:06 PM
r39-0002402,nrodriguez@silverlinefreight.com,Close Checklist Bot,What drove the change in gross margin this quarter?,completed,40.6,"FP&A Apr variance was $2,586,298 vs plan",05/20/2026 02:57:05 PM
r39-0002403,nrodriguez@silverlinefreight.com,Headcount Planner,Forecast Apr operating cash flow,completed,66.1,"Treasury Apr variance was $2,160,216 vs plan",05/20/2026 03:16:56 PM
r39-0002404,fwilson@silverlinefreight.com,Flux Commentary,Reconcile AP aging over 90 days for CA-01,completed,31.4,"Accounting Jan variance was $3,527,792 vs plan",05/20/2026 05:08:03 PM
r39-0002405,nrodriguez@silverlinefreight.com,Board Deck Builder,What drove the change in gross margin this quarter?,completed,45.8,"FP&A Jun variance was $3,474,781 vs plan",05/20/2026 12:34:39 PM
r39-0002406,nrodriguez@silverlinefreight.com,AP Aging Analyst,Reconcile AP aging over 90 days for EU-08,completed,58.1,"FP&A Jun variance was $1,132,060 vs plan",05/20/2026 01:53:53 PM
r39-0002407,nrodriguez@silverlinefreight.com,AP Aging Analyst,Summarize the Jan variance for entity EU-04,completed,44.8,"FP&A Jan variance was $74,661 vs plan",05/20/2026 10:25:04 AM
r39-0002408,nrodriguez@silverlinefreight.com,Variance Explainer,Summarize the Jun variance for entity EU-09,completed,60.7,"Accounting Jun variance was $2,259,056 vs plan",05/20/2026 02:46:29 PM
r39-0002409,nrodriguez@silverlinefreight.com,Budget vs Actual,Summarize the May variance for entity EU-03,error,6.8,FAILED: null reference in aggregation step,05/20/2026 04:00:29 PM
r39-0002410,nrodriguez@silverlinefreight.com,Flux Commentary,Check covenant compliance for the revolver,completed,10.2,"Treasury Apr variance was $4,740,166 vs plan",05/20/2026 06:42:10 PM
r39-0002411,rclark@silverlinefreight.com,Flux Commentary,Forecast Feb operating cash flow,completed,31.4,"Ops Feb variance was $4,560,028 vs plan",05/20/2026 03:20:01 PM
r39-0002412,nrodriguez@silverlinefreight.com,Headcount Planner,Summarize the Jan variance for entity CA-04,completed,49.3,"Treasury Jan variance was $724,937 vs plan",05/20/2026 05:27:50 PM
r39-0002413,fwilson@silverlinefreight.com,Vendor Spend Analyzer,Forecast Mar operating cash flow,completed,31.6,"Treasury Mar variance was $2,212,363 vs plan",05/20/2026 03:27:04 PM
r39-0002414,rclark@silverlinefreight.com,Journal Entry Reviewer,Explain the headcount variance vs plan,completed,19.1,"Treasury Apr variance was $4,453,857 vs plan",05/20/2026 04:49:22 PM
r39-0002415,rclark@silverlinefreight.com,Covenant Checker,Check covenant compliance for the revolver,completed,34.1,"Treasury Jan variance was $3,801,562 vs plan",05/20/2026 03:16:46 PM
r39-0002416,rclark@silverlinefreight.com,Vendor Spend Analyzer,Draft flux commentary for the Mar close,completed,63.8,"Accounting Mar variance was $2,182,530 vs plan",05/20/2026 10:38:56 AM
r39-0002417,rclark@silverlinefreight.com,Cash Forecaster,Which cost centers are over budget YTD?,completed,37.0,"Treasury Jan variance was $2,556,451 vs plan",05/20/2026 11:04:41 AM
r39-0002418,fwilson@silverlinefreight.com,Journal Entry Reviewer,Reconcile AP aging over 90 days for EU-03,completed,58.0,"Ops Mar variance was $3,599,983 vs plan",05/20/2026 08:39:53 AM
r39-0002419,rclark@silverlinefreight.com,Board Deck Builder,Explain the headcount variance vs plan,completed,47.9,"Accounting Mar variance was $1,349,553 vs plan",05/20/2026 01:31:44 PM
r39-0002420,nrodriguez@silverlinefreight.com,Budget vs Actual,Reconcile AP aging over 90 days for MX-01,completed,64.2,"Accounting Mar variance was $4,004,078 vs plan",05/20/2026 06:13:58 PM
r39-0002421,rclark@silverlinefreight.com,Vendor Spend Analyzer,Explain the headcount variance vs plan,completed,5.0,"Ops Jan variance was $4,180,319 vs plan",05/20/2026 01:03:47 PM
r39-0002422,nrodriguez@silverlinefreight.com,Variance Explainer,Reconcile AP aging over 90 days for US-04,completed,56.7,"Treasury Jun variance was $2,230,913 vs plan",05/20/2026 09:04:11 AM
r39-0002423,nrodriguez@silverlinefreight.com,Flux Commentary,Why did Ops spend exceed budget in Apr?,completed,0.9,error: connection reset by peer,05/20/2026 12:32:13 PM
r39-0002424,nrodriguez@silverlinefreight.com,Budget vs Actual,Why did Ops spend exceed budget in Jan?,completed,70.1,"Ops Jan variance was $3,625,858 vs plan",05/20/2026 06:55:39 AM
r39-0002425,nrodriguez@silverlinefreight.com,AP Aging Analyst,Reconcile AP aging over 90 days for US-06,completed,19.8,"Treasury Mar variance was $2,505,980 vs plan",05/20/2026 09:22:34 AM
r39-0002426,rclark@silverlinefreight.com,Journal Entry Reviewer,Forecast Jan operating cash flow,completed,11.2,"Ops Jan variance was $1,516,401 vs plan",05/20/2026 10:06:22 AM
r39-0002427,rclark@silverlinefreight.com,Headcount Planner,Which cost centers are over budget YTD?,error,4.2,error: connection reset by peer,05/20/2026 09:53:45 AM
r39-0002428,rclark@silverlinefreight.com,Vendor Spend Analyzer,Reconcile AP aging over 90 days for EU-05,completed,74.6,"Accounting May variance was $2,037,901 vs plan",05/20/2026 02:33:28 PM
r39-0002429,rclark@silverlinefreight.com,Vendor Spend Analyzer,Forecast Apr operating cash flow,completed,17.0,"FP&A Apr variance was $683,420 vs plan",05/20/2026 06:26:05 AM
r39-0002430,rclark@silverlinefreight.com,Covenant Checker,Build the board deck cash slide for Mar,completed,62.9,"FP&A Mar variance was $4,165,121 vs plan",05/20/2026 06:04:41 PM
r39-0002431,rclark@silverlinefreight.com,Cash Forecaster,Why did Accounting spend exceed budget in Apr?,completed,5.1,"Accounting Apr variance was $1,586,360 vs plan",05/21/2026 10:48:37 AM
r39-0002432,fwilson@silverlinefreight.com,Close Checklist Bot,Which cost centers are over budget YTD?,completed,21.9,"Treasury Mar variance was $1,097,233 vs plan",05/21/2026 08:17:03 AM
r39-0002433,fwilson@silverlinefreight.com,Journal Entry Reviewer,Summarize the Feb variance for entity MX-06,completed,21.0,"FP&A Feb variance was $4,716,363 vs plan",05/21/2026 03:28:38 PM
r39-0002434,rclark@silverlinefreight.com,Vendor Spend Analyzer,What drove the change in gross margin this quarter?,completed,55.8,"FP&A Mar variance was $1,072,385 vs plan",05/21/2026 11:29:38 AM
r39-0002435,rclark@silverlinefreight.com,Close Checklist Bot,Summarize the May variance for entity US-07,completed,74.6,"Ops May variance was $792,937 vs plan",05/21/2026 11:01:13 AM
r39-0002436,rclark@silverlinefreight.com,Cash Forecaster,Which cost centers are over budget YTD?,completed,38.3,"FP&A May variance was $1,766,359 vs plan",05/21/2026 10:08:21 AM
r39-0002437,nrodriguez@silverlinefreight.com,Budget vs Actual,Which cost centers are over budget YTD?,completed,65.0,"Treasury Mar variance was $1,611,350 vs plan",05/21/2026 11:31:06 AM
r39-0002438,rclark@silverlinefreight.com,Headcount Planner,Build the board deck cash slide for Mar,completed,54.4,"Accounting Mar variance was $1,664,192 vs plan",05/21/2026 01:05:10 PM
r39-0002439,rclark@silverlinefreight.com,Board Deck Builder,Summarize the Feb variance for entity CA-04,completed,22.9,"Treasury Feb variance was $3,861,882 vs plan",05/21/2026 09:14:39 AM
r39-0002440,rclark@silverlinefreight.com,AP Aging Analyst,Why did Treasury spend exceed budget in Mar?,completed,35.6,"Treasury Mar variance was $3,720,186 vs plan",05/21/2026 02:00:34 PM
r39-0002441,nrodriguez@silverlinefreight.com,Revenue Recognizer,Reconcile AP aging over 90 days for CA-05,completed,28.8,"Treasury Mar variance was $368,195 vs plan",05/21/2026 11:33:53 AM
r39-0002442,fwilson@silverlinefreight.com,Vendor Spend Analyzer,What drove the change in gross margin this quarter?,completed,40.2,"Treasury May variance was $2,822,428 vs plan",05/21/2026 12:39:17 PM
r39-0002443,nrodriguez@silverlinefreight.com,Covenant Checker,Summarize the Jun variance for entity US-05,completed,29.3,"Accounting Jun variance was $483,618 vs plan",05/21/2026 01:58:35 PM
r39-0002444,nrodriguez@silverlinefreight.com,Vendor Spend Analyzer,Forecast Jun operating cash flow,completed,25.3,"Treasury Jun variance was $4,055,031 vs plan",05/21/2026 07:29:08 AM
r39-0002445,rclark@silverlinefreight.com,Vendor Spend Analyzer,Explain the headcount variance vs plan,completed,32.6,"Ops May variance was $4,475,667 vs plan",05/21/2026 01:44:45 PM
r39-0002446,rclark@silverlinefreight.com,Vendor Spend Analyzer,Why did Accounting spend exceed budget in Jun?,completed,71.4,"Accounting Jun variance was $520,193 vs plan",05/21/2026 01:12:46 PM
r39-0002447,fwilson@silverlinefreight.com,Journal Entry Reviewer,What drove the change in gross margin this quarter?,error,6.6,Traceback (most recent call last): KeyError 'entity',05/21/2026 02:34:02 PM
r39-0002448,nrodriguez@silverlinefreight.com,Variance Explainer,Build the board deck cash slide for Apr,completed,55.6,"FP&A Apr variance was $3,000,708 vs plan",05/21/2026 12:07:04 PM
r39-0002449,nrodriguez@silverlinefreight.com,AP Aging Analyst,Build the board deck cash slide for Feb,completed,65.2,"Ops Feb variance was $485,576 vs plan",05/21/2026 04:22:30 PM
r39-0002450,nrodriguez@silverlinefreight.com,Variance Explainer,Which cost centers are over budget YTD?,error,1.8,Traceback (most recent call last): KeyError 'entity',05/21/2026 12:40:26 PM
r39-0002451,rclark@silverlinefreight.com,Variance Explainer,Why did FP&A spend exceed budget in Apr?,completed,54.6,"FP&A Apr variance was $2,194,255 vs plan",05/21/2026 03:30:31 PM
r39-0002452,nrodriguez@silverlinefreight.com,Headcount Planner,What drove the change in gross margin this quarter?,completed,29.3,"FP&A Jun variance was $594,508 vs plan",05/21/2026 02:15:20 PM
r39-0002453,rjones@silverlinefreight.com,Headcount Planner,Check covenant compliance for the revolver,completed,5.9,"Treasury Feb variance was $3,534,762 vs plan",05/21/2026 03:03:59 PM
r39-0002454,nrodriguez@silverlinefreight.com,AP Aging Analyst,What drove the change in gross margin this quarter?,completed,26.5,"Treasury Jan variance was $4,240,099 vs plan",05/21/2026 10:54:19 AM
r39-0002455,rclark@silverlinefreight.com,Close Checklist Bot,Check covenant compliance for the revolver,completed,45.0,"Treasury Apr variance was $4,001,950 vs plan",05/21/2026 06:08:28 PM
r39-0002456,rjones@silverlinefreight.com,Variance Explainer,Why did Treasury spend exceed budget in Apr?,completed,68.6,"Treasury Apr variance was $3,741,603 vs plan",05/21/2026 01:20:42 PM
r39-0002457,fwilson@silverlinefreight.com,Cash Forecaster,Draft flux commentary for the Mar close,completed,68.5,"Accounting Mar variance was $1,284,630 vs plan",05/21/2026 03:11:59 PM
r39-0002458,nrodriguez@silverlinefreight.com,Journal Entry Reviewer,Why did Ops spend exceed budget in Feb?,completed,69.7,"Ops Feb variance was $519,895 vs plan",05/21/2026 11:28:54 AM
r39-0002459,rclark@silverlinefreight.com,Covenant Checker,Check covenant compliance for the revolver,completed,27.3,"FP&A Apr variance was $3,487,007 vs plan",05/21/2026 03:40:15 PM
r39-0002460,rclark@silverlinefreight.com,Journal Entry Reviewer,Forecast Feb operating cash flow,completed,62.5,"Treasury Feb variance was $1,484,413 vs plan",05/21/2026 08:43:44 PM
r39-0002461,nrodriguez@silverlinefreight.com,AP Aging Analyst,Build the board deck cash slide for May,completed,33.1,"FP&A May variance was $4,470,309 vs plan",05/21/2026 12:46:52 PM
r39-0002462,nrodriguez@silverlinefreight.com,AP Aging Analyst,Reconcile AP aging over 90 days for EU-05,completed,57.2,"Ops Jun variance was $809,357 vs plan",05/21/2026 10:02:01 AM
r39-0002463,fwilson@silverlinefreight.com,Flux Commentary,Forecast Jan operating cash flow,completed,63.2,"Accounting Jan variance was $3,384,002 vs plan",05/21/2026 03:00:33 PM
r39-0002464,nrodriguez@silverlinefreight.com,Headcount Planner,Which cost centers are over budget YTD?,completed,4.9,"Treasury Jan variance was $2,404,624 vs plan",05/21/2026 11:23:19 AM
r39-0002465,fwilson@silverlinefreight.com,Close Checklist Bot,Why did Treasury spend exceed budget in Jun?,completed,1.0,error code 502 from model gateway,05/21/2026 03:29:57 PM
r39-0002466,nrodriguez@silverlinefreight.com,Headcount Planner,Forecast Apr operating cash flow,completed,13.5,"Accounting Apr variance was $947,901 vs plan",05/21/2026 02:26:07 PM
r39-0002467,nrodriguez@silverlinefreight.com,Close Checklist Bot,Check covenant compliance for the revolver,completed,0.3,error code 502 from model gateway,05/21/2026 01:07:32 PM
r39-0002468,rjones@silverlinefreight.com,Vendor Spend Analyzer,Which cost centers are over budget YTD?,completed,19.9,"Ops Apr variance was $4,728,500 vs plan",05/21/2026 04:48:39 PM
r39-0002469,nrodriguez@silverlinefreight.com,Journal Entry Reviewer,Summarize the Jan variance for entity CA-01,completed,12.3,"FP&A Jan variance was $1,055,381 vs plan",05/21/2026 11:22:18 AM
r39-0002470,nrodriguez@silverlinefreight.com,Headcount Planner,Build the board deck cash slide for Apr,completed,29.3,"Treasury Apr variance was $4,287,963 vs plan",05/21/2026 03:45:48 PM
r39-0002471,fwilson@silverlinefreight.com,Flux Commentary,Draft flux commentary for the May close,completed,63.1,"Ops May variance was $3,603,923 vs plan",05/22/2026 10:02:05 AM
r39-0002472,rclark@silverlinefreight.com,Vendor Spend Analyzer,Draft flux commentary for the Apr close,completed,11.9,"Treasury Apr variance was $473,713 vs plan",05/22/2026 02:59:03 PM
r39-0002473,rclark@silverlinefreight.com,Budget vs Actual,Explain the headcount variance vs plan,completed,4.3,"Treasury Jan variance was $1,192,409 vs plan",05/22/2026 10:19:45 AM
r39-0002474,nrodriguez@silverlinefreight.com,AP Aging Analyst,Draft flux commentary for the Jun close,completed,7.0,"Ops Jun variance was $276,638 vs plan",05/22/2026 10:34:57 AM
r39-0002475,rclark@silverlinefreight.com,Close Checklist Bot,Summarize the Feb variance for entity EU-03,completed,67.5,"Treasury Feb variance was $3,251,314 vs plan",05/22/2026 02:40:27 PM
r39-0002476,nrodriguez@silverlinefreight.com,Cash Forecaster,Why did Treasury spend exceed budget in Mar?,completed,15.0,"Treasury Mar variance was $3,784,120 vs plan",05/22/2026 11:29:51 AM
r39-0002477,nrodriguez@silverlinefreight.com,Journal Entry Reviewer,Draft flux commentary for the Mar close,completed,39.3,"Treasury Mar variance was $1,497,577 vs plan",05/22/2026 04:05:37 PM
r39-0002478,rjones@silverlinefreight.com,Vendor Spend Analyzer,Reconcile AP aging over 90 days for CA-05,completed,12.4,"Accounting May variance was $2,197,810 vs plan",05/22/2026 09:49:05 AM
r39-0002479,nrodriguez@silverlinefreight.com,Journal Entry Reviewer,Forecast Apr operating cash flow,completed,73.6,"Accounting Apr variance was $38,789 vs plan",05/22/2026 12:23:07 PM
r39-0002480,rclark@silverlinefreight.com,Variance Explainer,Draft flux commentary for the Apr close,completed,59.8,"Ops Apr variance was $2,585,724 vs plan",05/22/2026 08:15:46 AM
r39-0002481,nrodriguez@silverlinefreight.com,Headcount Planner,Explain the headcount variance vs plan,completed,40.5,"Accounting Mar variance was $999,043 vs plan",05/22/2026 05:09:43 PM
r39-0002482,rclark@silverlinefreight.com,Flux Commentary,Why did FP&A spend exceed budget in May?,completed,62.6,"FP&A May variance was $1,229,628 vs plan",05/22/2026 10:01:11 AM
r39-0002483,rclark@silverlinefreight.com,Covenant Checker,Which cost centers are over budget YTD?,completed,11.2,"Treasury Jun variance was $1,438,642 vs plan",05/22/2026 11:39:49 AM
r39-0002484,fwilson@silverlinefreight.com,Revenue Recognizer,Build the board deck cash slide for May,completed,18.5,"Accounting May variance was $3,528,549 vs plan",05/22/2026 10:36:06 AM
r39-0002485,nrodriguez@silverlinefreight.com,Board Deck Builder,Check covenant compliance for the revolver,completed,54.8,"FP&A Mar variance was $1,673,123 vs plan",05/22/2026 06:18:37 PM
r39-0002486,rclark@silverlinefreight.com,AP Aging Analyst,Explain the headcount variance vs plan,completed,10.6,"FP&A May variance was $2,074,412 vs plan",05/22/2026 07:13:12 PM
r39-0002487,rclark@silverlinefreight.com,Revenue Recognizer,Explain the headcount variance vs plan,completed,30.1,"Treasury Apr variance was $3,932,381 vs plan",05/22/2026 12:36:59 PM
r39-0002488,rclark@silverlinefreight.com,Vendor Spend Analyzer,Forecast Apr operating cash flow,completed,51.7,"Accounting Apr variance was $4,627,932 vs plan",05/22/2026 12:52:15 PM
r39-0002489,rclark@silverlinefreight.com,Covenant Checker,What drove the change in gross margin this quarter?,completed,28.0,"FP&A Mar variance was $2,021,523 vs plan",05/22/2026 01:05:31 PM
r39-0002490,rclark@silverlinefreight.com,AP Aging Analyst,Build the board deck cash slide for Mar,completed,61.4,"FP&A Mar variance was $3,245,210 vs plan",05/22/2026 03:53:46 PM
r39-0002491,nrodriguez@silverlinefreight.com,Close Checklist Bot,Reconcile AP aging over 90 days for CA-02,completed,17.1,"Accounting Feb variance was $1,492,204 vs plan",05/22/2026 04:51:57 PM
r39-0002492,rclark@silverlinefreight.com,Headcount Planner,Summarize the Mar variance for entity MX-02,completed,42.5,"FP&A Mar variance was $635,324 vs plan",05/22/2026 02:07:01 PM
r39-0002493,nrodriguez@silverlinefreight.com,Board Deck Builder,Check covenant compliance for the revolver,completed,49.2,"Ops Mar variance was $3,110,330 vs plan",05/22/2026 05:48:04 PM
r39-0002494,nrodriguez@silverlinefreight.com,Vendor Spend Analyzer,Reconcile AP aging over 90 days for EU-01,completed,17.2,"Treasury Apr variance was $304,846 vs plan",05/22/2026 12:15:48 PM
r39-0002495,nrodriguez@silverlinefreight.com,Headcount Planner,What drove the change in gross margin this quarter?,completed,69.0,"Ops Jan variance was $1,653,604 vs plan",05/22/2026 10:14:18 AM
r39-0002496,nrodriguez@silverlinefreight.com,Covenant Checker,Reconcile AP aging over 90 days for CA-06,completed,50.9,"Accounting Feb variance was $3,870,325 vs plan",05/22/2026 03:21:28 PM
r39-0002497,nrodriguez@silverlinefreight.com,Flux Commentary,Forecast Apr operating cash flow,completed,32.0,"Treasury Apr variance was $92,988 vs plan",05/22/2026 02:25:33 PM
r39-0002498,fwilson@silverlinefreight.com,Close Checklist Bot,Which cost centers are over budget YTD?,completed,66.0,"Accounting May variance was $1,449,659 vs plan",05/22/2026 05:25:50 PM
r39-0002499,nrodriguez@silverlinefreight.com,Budget vs Actual,Draft flux commentary for the Jan close,completed,12.0,"Ops Jan variance was $2,999,846 vs plan",05/22/2026 12:30:23 PM
r39-0002500,fwilson@silverlinefreight.com,Revenue Recognizer,Check covenant compliance for the revolver,completed,60.2,"Ops Jan variance was $3,393,246 vs plan",05/22/2026 05:25:59 PM
r39-0002501,fwilson@silverlinefreight.com,Vendor Spend Analyzer,Explain the headcount variance vs plan,completed,15.8,"FP&A Jan variance was $3,197,666 vs plan",05/23/2026 10:09:24 AM
r39-0002502,rclark@silverlinefreight.com,AP Aging Analyst,What drove the change in gross margin this quarter?,completed,68.5,"Accounting Feb variance was $1,283,889 vs plan",05/23/2026 02:54:49 PM
r39-0002503,rclark@silverlinefreight.com,Variance Explainer,What drove the change in gross margin this quarter?,completed,61.8,"FP&A Apr variance was $2,312,302 vs plan",05/23/2026 01:33:28 PM
r39-0002504,rclark@silverlinefreight.com,Headcount Planner,Check covenant compliance for the revolver,completed,63.8,"Treasury May variance was $2,942,960 vs plan",05/23/2026 11:11:45 AM
r39-0002505,nrodriguez@silverlinefreight.com,Cash Forecaster,Build the board deck cash slide for Jan,completed,7.4,"Treasury Jan variance was $719,631 vs plan",05/23/2026 07:47:14 AM
r39-0002506,rclark@silverlinefreight.com,Journal Entry Reviewer,Summarize the May variance for entity MX-01,completed,19.5,"FP&A May variance was $632,803 vs plan",05/23/2026 10:08:22 AM
r39-0002507,nrodriguez@silverlinefreight.com,Vendor Spend Analyzer,Forecast Feb operating cash flow,completed,34.2,"Treasury Feb variance was $1,761,352 vs plan",05/23/2026 11:50:41 AM
r39-0002508,rclark@silverlinefreight.com,Flux Commentary,Summarize the Feb variance for entity CA-05,completed,54.7,"FP&A Feb variance was $2,699,455 vs plan",05/23/2026 11:33:58 AM
r39-0002509,fwilson@silverlinefreight.com,Close Checklist Bot,Reconcile AP aging over 90 days for CA-08,completed,15.6,"Ops May variance was $1,645,296 vs plan",05/23/2026 01:28:35 PM
r39-0002510,rclark@silverlinefreight.com,Board Deck Builder,Draft flux commentary for the Apr close,error,4.0,FAILED: null reference in aggregation step,05/23/2026 12:44:55 PM
r39-0002511,fwilson@silverlinefreight.com,Journal Entry Reviewer,Forecast Feb operating cash flow,completed,49.1,"FP&A Feb variance was $2,681,441 vs plan",05/23/2026 11:13:07 AM
r39-0002512,rclark@silverlinefreight.com,Board Deck Builder,Why did Treasury spend exceed budget in Jan?,completed,72.8,"Treasury Jan variance was $2,756,122 vs plan",05/23/2026 11:12:22 AM
r39-0002513,nrodriguez@silverlinefreight.com,Cash Forecaster,Explain the headcount variance vs plan,completed,35.1,"Accounting Mar variance was $336,687 vs plan",05/24/2026 03:26:50 PM
r39-0002514,rclark@silverlinefreight.com,Close Checklist Bot,Forecast Mar operating cash flow,completed,1.8,FAILED: null reference in aggregation step,05/24/2026 11:52:39 AM
r39-0002515,rclark@silverlinefreight.com,Budget vs Actual,Which cost centers are over budget YTD?,completed,54.4,"Ops Mar variance was $1,883,416 vs plan",05/24/2026 02:10:24 PM
r39-0002516,rclark@silverlinefreight.com,Close Checklist Bot,Which cost centers are over budget YTD?,completed,7.0,"Treasury Feb variance was $2,253,157 vs plan",05/24/2026 03:03:09 PM
r39-0002517,rclark@silverlinefreight.com,Headcount Planner,Forecast Apr operating cash flow,completed,0.9,FAILED: null reference in aggregation step,05/24/2026 10:46:44 AM
r39-0002518,fwilson@silverlinefreight.com,Close Checklist Bot,Check covenant compliance for the revolver,completed,27.6,"FP&A Mar variance was $430,078 vs plan",05/24/2026 12:04:41 PM
r39-0002519,rclark@silverlinefreight.com,Variance Explainer,Explain the headcount variance vs plan,completed,69.1,"Treasury Jun variance was $1,825,999 vs plan",05/24/2026 02:17:40 PM
r39-0002520,nrodriguez@silverlinefreight.com,Board Deck Builder,Reconcile AP aging over 90 days for CA-08,completed,17.5,"Treasury Feb variance was $833,380 vs plan",05/24/2026 09:44:29 AM
r39-0002521,fwilson@silverlinefreight.com,Cash Forecaster,Summarize the May variance for entity MX-02,completed,42.0,"FP&A May variance was $1,382,575 vs plan",05/24/2026 07:52:04 AM
r39-0002522,nrodriguez@silverlinefreight.com,Close Checklist Bot,Reconcile AP aging over 90 days for EU-09,completed,66.6,"Ops Apr variance was $3,420,645 vs plan",05/24/2026 04:31:43 PM
r39-0002523,nrodriguez@silverlinefreight.com,Board Deck Builder,Forecast Jun operating cash flow,completed,30.3,"FP&A Jun variance was $2,466,639 vs plan",05/24/2026 01:11:33 PM
r39-0002524,rclark@silverlinefreight.com,Headcount Planner,Which cost centers are over budget YTD?,completed,17.1,"Accounting May variance was $1,145,554 vs plan",05/24/2026 09:36:23 AM
r39-0002525,nrodriguez@silverlinefreight.com,Close Checklist Bot,What drove the change in gross margin this quarter?,completed,0.6,ERROR: upstream request timed out,05/24/2026 03:59:26 PM
r39-0002526,rjones@silverlinefreight.com,Headcount Planner,Reconcile AP aging over 90 days for US-01,completed,70.3,"Accounting May variance was $4,383,607 vs plan",05/24/2026 03:46:28 PM
r39-0002527,nrodriguez@silverlinefreight.com,Revenue Recognizer,Which cost centers are over budget YTD?,completed,35.4,"Accounting Mar variance was $3,015,708 vs plan",05/25/2026 01:11:37 PM
r39-0002528,nrodriguez@silverlinefreight.com,AP Aging Analyst,Check covenant compliance for the revolver,completed,34.9,"FP&A Mar variance was $2,277,827 vs plan",05/25/2026 10:37:02 AM
r39-0002529,rclark@silverlinefreight.com,Cash Forecaster,Build the board deck cash slide for May,completed,33.4,"Ops May variance was $4,371,257 vs plan",05/25/2026 10:48:55 AM
r39-0002530,fwilson@silverlinefreight.com,Revenue Recognizer,Reconcile AP aging over 90 days for CA-08,completed,32.3,"Ops Jan variance was $1,920,983 vs plan",05/25/2026 12:26:38 PM
r39-0002531,nrodriguez@silverlinefreight.com,Headcount Planner,Build the board deck cash slide for Jan,completed,57.5,"Accounting Jan variance was $400,265 vs plan",05/25/2026 04:55:18 PM
r39-0002532,nrodriguez@silverlinefreight.com,Close Checklist Bot,Check covenant compliance for the revolver,completed,28.4,"Accounting Jan variance was $4,474,628 vs plan",05/25/2026 04:21:43 PM
r39-0002533,rclark@silverlinefreight.com,AP Aging Analyst,Why did FP&A spend exceed budget in Jan?,error,5.6,FAILED: null reference in aggregation step,05/25/2026 09:30:01 AM
r39-0002534,nrodriguez@silverlinefreight.com,Revenue Recognizer,Check covenant compliance for the revolver,completed,7.6,"Accounting Jan variance was $2,006,904 vs plan",05/25/2026 02:30:59 PM
r39-0002535,rclark@silverlinefreight.com,Journal Entry Reviewer,Check covenant compliance for the revolver,completed,5.2,"Accounting Jan variance was $3,202,003 vs plan",05/25/2026 11:20:37 AM
r39-0002536,fwilson@silverlinefreight.com,Revenue Recognizer,Build the board deck cash slide for Feb,completed,41.2,"Treasury Feb variance was $977,894 vs plan",05/25/2026 11:58:32 AM
r39-0002537,rclark@silverlinefreight.com,Cash Forecaster,Forecast Jun operating cash flow,error,5.2,FAILED: null reference in aggregation step,05/25/2026 03:10:03 PM
r39-0002538,fwilson@silverlinefreight.com,Headcount Planner,Explain the headcount variance vs plan,error,2.9,Traceback (most recent call last): KeyError 'entity',05/25/2026 10:08:44 AM
r39-0002539,fwilson@silverlinefreight.com,Headcount Planner,Forecast Apr operating cash flow,completed,29.7,"FP&A Apr variance was $3,201,719 vs plan",05/25/2026 01:42:15 PM
r39-0002540,nrodriguez@silverlinefreight.com,Close Checklist Bot,Draft flux commentary for the Apr close,completed,13.0,"Treasury Apr variance was $914,892 vs plan",05/25/2026 06:26:30 PM
r39-0002541,fwilson@silverlinefreight.com,Cash Forecaster,Why did Treasury spend exceed budget in Apr?,completed,0.4,error code 502 from model gateway,05/25/2026 09:43:46 AM
r39-0002542,nrodriguez@silverlinefreight.com,Cash Forecaster,Check covenant compliance for the revolver,completed,19.9,"Accounting May variance was $4,559,940 vs plan",05/25/2026 11:32:33 AM
r39-0002543,nrodriguez@silverlinefreight.com,Board Deck Builder,Build the board deck cash slide for Apr,completed,55.2,"Accounting Apr variance was $4,616,940 vs plan",05/25/2026 07:37:04 AM
r39-0002544,nrodriguez@silverlinefreight.com,Covenant Checker,Build the board deck cash slide for May,completed,11.2,"Accounting May variance was $2,657,747 vs plan",05/25/2026 09:48:42 AM
r39-0002545,rclark@silverlinefreight.com,Variance Explainer,Build the board deck cash slide for May,completed,54.2,"Accounting May variance was $4,156,128 vs plan",05/25/2026 11:27:19 AM
r39-0002546,nrodriguez@silverlinefreight.com,AP Aging Analyst,Check covenant compliance for the revolver,error,7.5,error code 502 from model gateway,05/25/2026 10:13:19 AM
r39-0002547,rclark@silverlinefreight.com,Variance Explainer,Explain the headcount variance vs plan,completed,51.7,"Treasury Mar variance was $2,823,624 vs plan",05/25/2026 12:15:04 PM
r39-0002548,fwilson@silverlinefreight.com,Revenue Recognizer,Explain the headcount variance vs plan,completed,9.9,"FP&A Jan variance was $2,900,869 vs plan",05/25/2026 04:41:16 PM
r39-0002549,fwilson@silverlinefreight.com,Covenant Checker,What drove the change in gross margin this quarter?,completed,16.4,"FP&A Jun variance was $1,805,997 vs plan",05/25/2026 03:55:51 PM
r39-0002550,rclark@silverlinefreight.com,Close Checklist Bot,Draft flux commentary for the May close,completed,45.6,"Treasury May variance was $903,458 vs plan",05/25/2026 03:10:37 PM
r39-0002551,rclark@silverlinefreight.com,Flux Commentary,Explain the headcount variance vs plan,completed,17.2,"FP&A May variance was $1,891,947 vs plan",05/25/2026 11:32:37 AM
r39-0002552,nrodriguez@silverlinefreight.com,Board Deck Builder,Forecast Jun operating cash flow,completed,1.2,Traceback (most recent call last): KeyError 'entity',05/25/2026 01:42:36 PM
r39-0002553,rclark@silverlinefreight.com,Board Deck Builder,Build the board deck cash slide for Apr,completed,37.0,"Ops Apr variance was $3,049,847 vs plan",05/25/2026 09:37:10 AM
r39-0002554,nrodriguez@silverlinefreight.com,Board Deck Builder,Build the board deck cash slide for Jun,completed,12.7,"Treasury Jun variance was $4,749,613 vs plan",05/25/2026 04:52:42 PM
r39-0002555,rjones@silverlinefreight.com,Headcount Planner,Draft flux commentary for the Apr close,completed,6.4,"Treasury Apr variance was $4,694,004 vs plan",05/25/2026 12:37:02 PM
r39-0002556,nrodriguez@silverlinefreight.com,Revenue Recognizer,Check covenant compliance for the revolver,completed,16.9,"Ops Feb variance was $3,589,532 vs plan",05/25/2026 10:49:36 AM
r39-0002557,rclark@silverlinefreight.com,Close Checklist Bot,Explain the headcount variance vs plan,completed,55.0,"FP&A Jan variance was $16,975 vs plan",05/25/2026 03:20:57 PM
r39-0002558,nrodriguez@silverlinefreight.com,Close Checklist Bot,Check covenant compliance for the revolver,completed,1.4,FAILED: null reference in aggregation step,05/25/2026 02:49:52 PM
r39-0002559,nrodriguez@silverlinefreight.com,Revenue Recognizer,Summarize the Feb variance for entity US-02,completed,21.5,"Treasury Feb variance was $3,289,997 vs plan",05/25/2026 04:33:16 PM
r39-0002560,rclark@silverlinefreight.com,Vendor Spend Analyzer,Build the board deck cash slide for Jan,completed,64.2,"Ops Jan variance was $3,335,624 vs plan",05/25/2026 01:20:30 PM
r39-0002561,rclark@silverlinefreight.com,Revenue Recognizer,Forecast Mar operating cash flow,completed,4.5,"Treasury Mar variance was $4,015,976 vs plan",05/25/2026 11:19:53 AM
r39-0002562,rclark@silverlinefreight.com,AP Aging Analyst,Reconcile AP aging over 90 days for CA-07,completed,18.8,"Treasury Apr variance was $3,561,105 vs plan",05/25/2026 04:10:02 PM
r39-0002563,rclark@silverlinefreight.com,AP Aging Analyst,Explain the headcount variance vs plan,completed,51.4,"Treasury Jun variance was $1,798,309 vs plan",05/25/2026 10:17:44 AM
r39-0002564,rclark@silverlinefreight.com,Flux Commentary,Why did Accounting spend exceed budget in Jan?,completed,28.8,"Accounting Jan variance was $4,026,297 vs plan",05/25/2026 03:52:42 PM
r39-0002565,rclark@silverlinefreight.com,Vendor Spend Analyzer,Summarize the May variance for entity US-05,completed,29.4,"Treasury May variance was $3,955,560 vs plan",05/25/2026 01:03:53 PM
r39-0002566,rclark@silverlinefreight.com,Budget vs Actual,Summarize the May variance for entity CA-05,completed,26.9,"Accounting May variance was $2,745,836 vs plan",05/25/2026 12:45:26 PM
r39-0002567,fwilson@silverlinefreight.com,Close Checklist Bot,Which cost centers are over budget YTD?,error,0.7,Traceback (most recent call last): KeyError 'entity',05/26/2026 05:52:08 PM
r39-0002568,rclark@silverlinefreight.com,Budget vs Actual,Forecast Mar operating cash flow,completed,14.8,"Accounting Mar variance was $1,154,315 vs plan",05/26/2026 09:09:34 PM
r39-0002569,nrodriguez@silverlinefreight.com,Headcount Planner,Explain the headcount variance vs plan,completed,47.4,"FP&A Apr variance was $4,679,618 vs plan",05/26/2026 11:53:10 AM
r39-0002570,nrodriguez@silverlinefreight.com,Revenue Recognizer,Explain the headcount variance vs plan,completed,22.9,"FP&A Mar variance was $3,166,446 vs plan",05/26/2026 11:28:55 AM
r39-0002571,nrodriguez@silverlinefreight.com,Flux Commentary,Forecast Mar operating cash flow,completed,14.3,"Treasury Mar variance was $4,314,698 vs plan",05/26/2026 12:01:28 PM
r39-0002572,nrodriguez@silverlinefreight.com,Budget vs Actual,Why did Ops spend exceed budget in May?,completed,23.3,"Ops May variance was $3,070,146 vs plan",05/26/2026 09:21:23 AM
r39-0002573,rclark@silverlinefreight.com,AP Aging Analyst,Build the board deck cash slide for Mar,completed,59.0,"Accounting Mar variance was $1,089,159 vs plan",05/26/2026 11:20:05 AM
r39-0002574,nrodriguez@silverlinefreight.com,Cash Forecaster,Build the board deck cash slide for May,completed,0.6,ERROR: upstream request timed out,05/26/2026 10:05:46 AM
r39-0002575,rclark@silverlinefreight.com,Vendor Spend Analyzer,Which cost centers are over budget YTD?,completed,5.7,"Ops Jun variance was $2,943,990 vs plan",05/26/2026 02:41:45 PM
r39-0002576,rclark@silverlinefreight.com,Flux Commentary,Why did FP&A spend exceed budget in Jan?,completed,68.3,"FP&A Jan variance was $3,332,684 vs plan",05/26/2026 10:30:32 AM
r39-0002577,rjones@silverlinefreight.com,Variance Explainer,Check covenant compliance for the revolver,completed,62.5,"Treasury Mar variance was $1,389,854 vs plan",05/26/2026 04:11:08 PM
r39-0002578,rclark@silverlinefreight.com,Budget vs Actual,Why did Accounting spend exceed budget in May?,completed,60.7,"Accounting May variance was $3,089,484 vs plan",05/26/2026 12:53:30 PM
r39-0002579,fwilson@silverlinefreight.com,Revenue Recognizer,What drove the change in gross margin this quarter?,completed,37.4,"Accounting Feb variance was $2,573,803 vs plan",05/26/2026 01:01:54 PM
r39-0002580,nrodriguez@silverlinefreight.com,Budget vs Actual,Forecast May operating cash flow,completed,1.1,error: connection reset by peer,05/26/2026 07:17:08 AM
r39-0002581,nrodriguez@silverlinefreight.com,Journal Entry Reviewer,Why did FP&A spend exceed budget in May?,completed,75.0,"FP&A May variance was $399,661 vs plan",05/26/2026 06:15:53 AM
r39-0002582,rclark@silverlinefreight.com,Flux Commentary,Summarize the Feb variance for entity EU-01,error,0.7,ERROR: upstream request timed out,05/26/2026 02:55:33 PM
r39-0002583,rclark@silverlinefreight.com,Journal Entry Reviewer,Which cost centers are over budget YTD?,completed,30.2,"Treasury Jan variance was $2,565,476 vs plan",05/26/2026 01:46:45 PM
r39-0002584,rclark@silverlinefreight.com,Journal Entry Reviewer,Check covenant compliance for the revolver,completed,39.5,"FP&A Mar variance was $128,736 vs plan",05/26/2026 10:34:47 AM
r39-0002585,rclark@silverlinefreight.com,Board Deck Builder,Forecast Jun operating cash flow,completed,36.3,"Ops Jun variance was $1,729,288 vs plan",05/26/2026 04:54:18 PM
r39-0002586,nrodriguez@silverlinefreight.com,Covenant Checker,Explain the headcount variance vs plan,completed,14.3,"Treasury Feb variance was $886,947 vs plan",05/26/2026 12:05:03 PM
r39-0002587,fwilson@silverlinefreight.com,Flux Commentary,Explain the headcount variance vs plan,completed,56.2,"Accounting Jun variance was $3,554,847 vs plan",05/26/2026 04:49:13 PM
r39-0002588,rclark@silverlinefreight.com,Covenant Checker,Explain the headcount variance vs plan,completed,38.0,"Treasury Jan variance was $2,675,170 vs plan",05/26/2026 02:39:45 PM
r39-0002589,rclark@silverlinefreight.com,Journal Entry Reviewer,Build the board deck cash slide for May,completed,47.2,"Accounting May variance was $1,330,017 vs plan",05/26/2026 09:27:28 AM
r39-0002590,fwilson@silverlinefreight.com,Flux Commentary,Draft flux commentary for the Apr close,completed,32.4,"Treasury Apr variance was $3,894,641 vs plan",05/26/2026 03:12:33 PM
r39-0002591,nrodriguez@silverlinefreight.com,Flux Commentary,Which cost centers are over budget YTD?,completed,12.4,"Ops Jun variance was $1,357,735 vs plan",05/26/2026 10:54:36 AM
r39-0002592,rjones@silverlinefreight.com,Flux Commentary,Forecast Apr operating cash flow,completed,33.7,"Ops Apr variance was $665,388 vs plan",05/26/2026 05:29:05 PM
r39-0002593,nrodriguez@silverlinefreight.com,Variance Explainer,Forecast Apr operating cash flow,completed,36.6,"FP&A Apr variance was $77,067 vs plan",05/26/2026 01:26:06 PM
r39-0002594,nrodriguez@silverlinefreight.com,Revenue Recognizer,Draft flux commentary for the Jan close,completed,1.4,error: connection reset by peer,05/26/2026 04:29:41 PM
r39-0002595,rjones@silverlinefreight.com,Close Checklist Bot,Forecast Apr operating cash flow,completed,21.4,"FP&A Apr variance was $56,638 vs plan",05/26/2026 12:44:42 PM
r39-0002596,nrodriguez@silverlinefreight.com,Journal Entry Reviewer,Draft flux commentary for the Apr close,completed,1.6,error code 502 from model gateway,05/27/2026 11:03:06 AM
r39-0002597,fwilson@silverlinefreight.com,Cash Forecaster,Explain the headcount variance vs plan,completed,72.9,"Treasury Mar variance was $1,853,185 vs plan",05/27/2026 03:26:43 PM
r39-0002598,rclark@silverlinefreight.com,Flux Commentary,Why did Treasury spend exceed budget in Mar?,completed,16.3,"Treasury Mar variance was $4,493,254 vs plan",05/27/2026 04:59:47 PM
r39-0002599,rclark@silverlinefreight.com,Covenant Checker,Forecast Jan operating cash flow,completed,4.4,"Ops Jan variance was $3,415,497 vs plan",05/27/2026 11:44:00 AM
r39-0002600,nrodriguez@silverlinefreight.com,Variance Explainer,Which cost centers are over budget YTD?,completed,70.4,"Accounting Jan variance was $4,118,898 vs plan",05/27/2026 03:13:32 PM
r39-0002601,fwilson@silverlinefreight.com,Headcount Planner,Reconcile AP aging over 90 days for MX-05,completed,1.5,error code 502 from model gateway,05/27/2026 08:59:40 AM
r39-0002602,nrodriguez@silverlinefreight.com,AP Aging Analyst,Explain the headcount variance vs plan,completed,22.0,"Treasury Mar variance was $4,048,245 vs plan",05/27/2026 02:42:04 PM
r39-0002603,nrodriguez@silverlinefreight.com,Close Checklist Bot,Check covenant compliance for the revolver,completed,51.6,"FP&A Jun variance was $3,907,231 vs plan",05/27/2026 04:38:32 PM
r39-0002604,rjones@silverlinefreight.com,Variance Explainer,Which cost centers are over budget YTD?,completed,32.7,"FP&A May variance was $3,751,461 vs plan",05/27/2026 02:08:23 PM
r39-0002605,nrodriguez@silverlinefreight.com,Journal Entry Reviewer,Check covenant compliance for the revolver,completed,38.1,"Accounting Jun variance was $1,768,279 vs plan",05/27/2026 04:06:36 PM
r39-0002606,rclark@silverlinefreight.com,Budget vs Actual,Reconcile AP aging over 90 days for US-04,completed,65.2,"FP&A Jun variance was $2,771,691 vs plan",05/27/2026 12:23:33 PM
r39-0002607,rclark@silverlinefreight.com,Board Deck Builder,Which cost centers are over budget YTD?,completed,66.9,"Ops Feb variance was $878,002 vs plan",05/27/2026 12:24:22 PM
r39-0002608,fwilson@silverlinefreight.com,Headcount Planner,Check covenant compliance for the revolver,completed,4.5,"FP&A Mar variance was $2,982,852 vs plan",05/27/2026 07:10:42 PM
r39-0002609,rclark@silverlinefreight.com,Cash Forecaster,Why did FP&A spend exceed budget in Feb?,completed,34.7,"FP&A Feb variance was $3,362,289 vs plan",05/27/2026 03:04:48 PM
r39-0002610,rclark@silverlinefreight.com,Close Checklist Bot,Build the board deck cash slide for Apr,completed,25.9,"Treasury Apr variance was $2,436,985 vs plan",05/27/2026 01:49:54 PM
r39-0002611,rclark@silverlinefreight.com,Close Checklist Bot,Which cost centers are over budget YTD?,completed,25.9,"FP&A Jan variance was $2,360,621 vs plan",05/27/2026 11:37:38 AM
r39-0002612,fwilson@silverlinefreight.com,Variance Explainer,Which cost centers are over budget YTD?,completed,74.1,"Accounting Feb variance was $355,788 vs plan",05/27/2026 01:21:04 PM
r39-0002613,nrodriguez@silverlinefreight.com,AP Aging Analyst,Build the board deck cash slide for Jan,completed,55.1,"Treasury Jan variance was $1,112,219 vs plan",05/27/2026 01:14:12 PM
r39-0002614,rjones@silverlinefreight.com,AP Aging Analyst,Draft flux commentary for the Apr close,completed,6.2,"Ops Apr variance was $456,060 vs plan",05/27/2026 11:35:07 AM
r39-0002615,fwilson@silverlinefreight.com,Headcount Planner,Build the board deck cash slide for Jun,completed,48.1,"FP&A Jun variance was $3,305,276 vs plan",05/27/2026 10:09:32 AM
r39-0002616,rclark@silverlinefreight.com,Cash Forecaster,Check covenant compliance for the revolver,completed,15.4,"Accounting Jun variance was $1,459,385 vs plan",05/27/2026 07:53:57 PM
r39-0002617,rjones@silverlinefreight.com,Variance Explainer,Build the board deck cash slide for Mar,completed,61.9,"FP&A Mar variance was $3,957,325 vs plan",05/27/2026 10:55:17 AM
r39-0002618,rclark@silverlinefreight.com,Headcount Planner,Check covenant compliance for the revolver,completed,46.7,"Ops Mar variance was $4,211,921 vs plan",05/27/2026 12:42:55 PM
r39-0002619,rclark@silverlinefreight.com,Variance Explainer,Explain the headcount variance vs plan,completed,11.3,"Ops Jun variance was $3,981,770 vs plan",05/27/2026 01:27:29 PM
r39-0002620,rclark@silverlinefreight.com,Variance Explainer,Explain the headcount variance vs plan,completed,52.4,"Treasury Jan variance was $3,706,370 vs plan",05/27/2026 04:05:49 PM
r39-0002621,fwilson@silverlinefreight.com,Flux Commentary,What drove the change in gross margin this quarter?,completed,70.7,"Treasury Mar variance was $3,246,712 vs plan",05/27/2026 08:41:30 AM
r39-0002622,nrodriguez@silverlinefreight.com,Close Checklist Bot,Summarize the Apr variance for entity EU-02,completed,17.2,"FP&A Apr variance was $2,178,926 vs plan",05/27/2026 08:34:43 AM
r39-0002623,nrodriguez@silverlinefreight.com,Close Checklist Bot,Forecast Apr operating cash flow,completed,63.1,"FP&A Apr variance was $410,308 vs plan",05/27/2026 03:39:11 PM
r39-0002624,rclark@silverlinefreight.com,Headcount Planner,Forecast May operating cash flow,completed,26.4,"Treasury May variance was $1,455,457 vs plan",05/27/2026 09:22:19 AM
r39-0002625,rclark@silverlinefreight.com,Budget vs Actual,Explain the headcount variance vs plan,completed,16.0,"Accounting Mar variance was $439,316 vs plan",05/27/2026 02:54:58 PM
r39-0002626,rclark@silverlinefreight.com,Journal Entry Reviewer,Check covenant compliance for the revolver,completed,67.0,"FP&A Mar variance was $4,060,731 vs plan",05/27/2026 03:32:52 PM
r39-0002627,fwilson@silverlinefreight.com,Vendor Spend Analyzer,Which cost centers are over budget YTD?,completed,15.3,"Accounting May variance was $1,370,946 vs plan",05/28/2026 11:22:47 AM
r39-0002628,nrodriguez@silverlinefreight.com,Headcount Planner,Explain the headcount variance vs plan,completed,21.0,"Accounting Feb variance was $1,896,246 vs plan",05/28/2026 03:08:17 PM
r39-0002629,rclark@silverlinefreight.com,Variance Explainer,Reconcile AP aging over 90 days for MX-07,completed,61.9,"FP&A May variance was $495,182 vs plan",05/28/2026 07:51:15 AM
r39-0002630,rclark@silverlinefreight.com,Headcount Planner,Check covenant compliance for the revolver,completed,49.6,"Treasury Mar variance was $736,764 vs plan",05/28/2026 08:18:23 PM
r39-0002631,nrodriguez@silverlinefreight.com,Journal Entry Reviewer,Draft flux commentary for the Feb close,completed,21.4,"Treasury Feb variance was $3,333,181 vs plan",05/28/2026 12:31:50 PM
r39-0002632,nrodriguez@silverlinefreight.com,Board Deck Builder,Check covenant compliance for the revolver,completed,8.6,"Treasury May variance was $1,597,709 vs plan",05/28/2026 02:07:08 PM
r39-0002633,rclark@silverlinefreight.com,Vendor Spend Analyzer,Why did Accounting spend exceed budget in Apr?,completed,30.6,"Accounting Apr variance was $973,774 vs plan",05/28/2026 10:35:07 AM
r39-0002634,nrodriguez@silverlinefreight.com,Close Checklist Bot,Why did Treasury spend exceed budget in May?,completed,41.7,"Treasury May variance was $2,854,238 vs plan",05/28/2026 09:38:26 AM
r39-0002635,rclark@silverlinefreight.com,AP Aging Analyst,Draft flux commentary for the Apr close,completed,10.8,"Treasury Apr variance was $654,493 vs plan",05/28/2026 08:38:30 AM
r39-0002636,rclark@silverlinefreight.com,Flux Commentary,Forecast Apr operating cash flow,completed,60.0,"Ops Apr variance was $2,433,384 vs plan",05/28/2026 05:56:07 PM
r39-0002637,rclark@silverlinefreight.com,AP Aging Analyst,Which cost centers are over budget YTD?,error,6.9,error code 502 from model gateway,05/28/2026 02:26:35 PM
r39-0002638,nrodriguez@silverlinefreight.com,Board Deck Builder,Reconcile AP aging over 90 days for MX-07,completed,0.9,ERROR: upstream request timed out,05/28/2026 03:01:09 PM
r39-0002639,fwilson@silverlinefreight.com,Vendor Spend Analyzer,Reconcile AP aging over 90 days for CA-08,completed,0.2,error code 502 from model gateway,05/28/2026 10:29:18 AM
r39-0002640,nrodriguez@silverlinefreight.com,Variance Explainer,Check covenant compliance for the revolver,completed,53.2,"Accounting Mar variance was $16,572 vs plan",05/28/2026 10:02:57 AM
r39-0002641,rclark@silverlinefreight.com,Board Deck Builder,Which cost centers are over budget YTD?,completed,58.6,"Accounting Mar variance was $3,529,943 vs plan",05/28/2026 02:53:29 PM
r39-0002642,nrodriguez@silverlinefreight.com,Vendor Spend Analyzer,Why did Ops spend exceed budget in Apr?,completed,5.0,"Ops Apr variance was $4,618,456 vs plan",05/28/2026 01:45:17 PM
r39-0002643,nrodriguez@silverlinefreight.com,Board Deck Builder,Build the board deck cash slide for Apr,completed,12.5,"Accounting Apr variance was $1,767,197 vs plan",05/28/2026 10:21:01 AM
r39-0002644,fwilson@silverlinefreight.com,AP Aging Analyst,Check covenant compliance for the revolver,completed,64.3,"Treasury Feb variance was $729,930 vs plan",05/28/2026 11:57:56 AM
r39-0002645,rclark@silverlinefreight.com,Cash Forecaster,Why did Accounting spend exceed budget in Jun?,completed,55.3,"Accounting Jun variance was $1,279,115 vs plan",05/28/2026 06:09:27 PM
r39-0002646,rclark@silverlinefreight.com,Headcount Planner,Forecast Apr operating cash flow,completed,68.1,"Treasury Apr variance was $3,238,376 vs plan",05/28/2026 09:49:40 AM
r39-0002647,nrodriguez@silverlinefreight.com,Board Deck Builder,Why did Ops spend exceed budget in May?,completed,43.8,"Ops May variance was $3,017,327 vs plan",05/28/2026 03:30:44 PM
r39-0002648,nrodriguez@silverlinefreight.com,Revenue Recognizer,Explain the headcount variance vs plan,completed,8.8,"FP&A Jan variance was $2,263,093 vs plan",05/28/2026 11:12:08 PM
r39-0002649,rclark@silverlinefreight.com,Revenue Recognizer,What drove the change in gross margin this quarter?,completed,4.2,"FP&A Jan variance was $2,257,903 vs plan",05/28/2026 11:37:19 AM
r39-0002650,rclark@silverlinefreight.com,Variance Explainer,Which cost centers are over budget YTD?,completed,45.2,"Treasury Apr variance was $4,567,433 vs plan",05/28/2026 06:57:55 AM
r39-0002651,nrodriguez@silverlinefreight.com,AP Aging Analyst,What drove the change in gross margin this quarter?,completed,40.9,"Ops Apr variance was $3,559,528 vs plan",05/28/2026 08:41:47 AM
r39-0002652,nrodriguez@silverlinefreight.com,Flux Commentary,Which cost centers are over budget YTD?,completed,29.4,"Ops Mar variance was $3,695,386 vs plan",05/28/2026 06:06:39 PM
r39-0002653,fwilson@silverlinefreight.com,Variance Explainer,Summarize the May variance for entity EU-05,completed,52.6,"Ops May variance was $3,706,395 vs plan",05/28/2026 08:32:25 AM
r39-0002654,rclark@silverlinefreight.com,Headcount Planner,Explain the headcount variance vs plan,completed,11.5,"Ops May variance was $3,423,218 vs plan",05/28/2026 01:53:39 PM
r39-0002655,nrodriguez@silverlinefreight.com,AP Aging Analyst,Check covenant compliance for the revolver,completed,32.2,"Ops Jun variance was $1,421,730 vs plan",05/28/2026 10:08:30 AM
r39-0002656,nrodriguez@silverlinefreight.com,AP Aging Analyst,Which cost centers are over budget YTD?,completed,42.2,"Treasury Apr variance was $2,357,840 vs plan",05/28/2026 11:39:59 AM
r39-0002657,rclark@silverlinefreight.com,AP Aging Analyst,Which cost centers are over budget YTD?,completed,0.4,ERROR: upstream request timed out,05/28/2026 11:02:53 AM
r39-0002658,rclark@silverlinefreight.com,Revenue Recognizer,Summarize the May variance for entity EU-04,completed,24.3,"Ops May variance was $4,663,420 vs plan",05/28/2026 12:29:53 PM
r39-0002659,rclark@silverlinefreight.com,Cash Forecaster,Build the board deck cash slide for May,completed,9.2,"FP&A May variance was $3,089,642 vs plan",05/29/2026 01:33:46 PM
r39-0002660,rclark@silverlinefreight.com,Covenant Checker,Reconcile AP aging over 90 days for US-08,completed,16.5,"Treasury Feb variance was $3,531,623 vs plan",05/29/2026 09:05:04 AM
r39-0002661,rjones@silverlinefreight.com,Covenant Checker,Explain the headcount variance vs plan,completed,22.2,"Accounting Jan variance was $1,133,974 vs plan",05/29/2026 02:59:00 PM
r39-0002662,rclark@silverlinefreight.com,Budget vs Actual,Summarize the Feb variance for entity MX-08,completed,42.1,"FP&A Feb variance was $1,386,338 vs plan",05/29/2026 12:11:52 PM
r39-0002663,nrodriguez@silverlinefreight.com,Flux Commentary,Explain the headcount variance vs plan,completed,37.4,"FP&A Jun variance was $3,673,535 vs plan",05/29/2026 02:31:43 PM
r39-0002664,fwilson@silverlinefreight.com,Variance Explainer,What drove the change in gross margin this quarter?,completed,37.9,"Ops Mar variance was $4,427,024 vs plan",05/29/2026 05:29:39 PM
r39-0002665,nrodriguez@silverlinefreight.com,Board Deck Builder,Explain the headcount variance vs plan,completed,74.5,"Ops Jun variance was $1,430,039 vs plan",05/29/2026 02:24:48 PM
r39-0002666,nrodriguez@silverlinefreight.com,Cash Forecaster,What drove the change in gross margin this quarter?,completed,59.0,"Ops May variance was $3,591,485 vs plan",05/29/2026 11:28:29 AM
r39-0002667,rclark@silverlinefreight.com,AP Aging Analyst,Summarize the Apr variance for entity US-08,completed,64.0,"FP&A Apr variance was $1,825,421 vs plan",05/29/2026 08:45:06 AM
r39-0002668,fwilson@silverlinefreight.com,Headcount Planner,Which cost centers are over budget YTD?,completed,13.1,"Ops Jan variance was $1,907,080 vs plan",05/29/2026 08:40:08 PM
r39-0002669,fwilson@silverlinefreight.com,Revenue Recognizer,Summarize the Feb variance for entity EU-09,completed,63.3,"Treasury Feb variance was $3,815,474 vs plan",05/29/2026 08:31:03 AM
r39-0002670,rclark@silverlinefreight.com,Cash Forecaster,Which cost centers are over budget YTD?,completed,56.8,"Ops Feb variance was $661,804 vs plan",05/29/2026 01:02:27 PM
r39-0002671,fwilson@silverlinefreight.com,Budget vs Actual,Reconcile AP aging over 90 days for US-02,completed,72.2,"Treasury May variance was $3,609,026 vs plan",05/29/2026 11:45:17 AM
r39-0002672,rclark@silverlinefreight.com,Budget vs Actual,Which cost centers are over budget YTD?,completed,4.3,"Ops Feb variance was $1,646,559 vs plan",05/29/2026 02:14:45 PM
r39-0002673,rclark@silverlinefreight.com,Variance Explainer,Build the board deck cash slide for Apr,completed,42.7,"Treasury Apr variance was $1,245,296 vs plan",05/29/2026 03:57:14 PM
r39-0002674,nrodriguez@silverlinefreight.com,Vendor Spend Analyzer,Draft flux commentary for the Jan close,completed,47.7,"FP&A Jan variance was $446,690 vs plan",05/29/2026 12:19:33 PM
r39-0002675,nrodriguez@silverlinefreight.com,Journal Entry Reviewer,What drove the change in gross margin this quarter?,completed,22.1,"Accounting May variance was $2,570,158 vs plan",05/29/2026 12:48:06 PM
r39-0002676,fwilson@silverlinefreight.com,Revenue Recognizer,Summarize the Mar variance for entity CA-05,error,2.8,Traceback (most recent call last): KeyError 'entity',05/29/2026 12:45:05 PM
r39-0002677,nrodriguez@silverlinefreight.com,Cash Forecaster,Check covenant compliance for the revolver,completed,13.5,"Accounting Feb variance was $2,715,056 vs plan",05/29/2026 12:50:45 PM
r39-0002678,nrodriguez@silverlinefreight.com,AP Aging Analyst,Summarize the Jun variance for entity US-04,completed,63.1,"Ops Jun variance was $562,596 vs plan",05/29/2026 03:48:30 PM
r39-0002679,nrodriguez@silverlinefreight.com,Cash Forecaster,Reconcile AP aging over 90 days for US-02,completed,13.6,"Treasury Jun variance was $57,898 vs plan",05/29/2026 02:04:29 PM
r39-0002680,nrodriguez@silverlinefreight.com,Budget vs Actual,Forecast Apr operating cash flow,completed,49.1,"Ops Apr variance was $3,265,610 vs plan",05/29/2026 05:29:13 PM
r39-0002681,rclark@silverlinefreight.com,Headcount Planner,What drove the change in gross margin this quarter?,completed,72.5,"FP&A Apr variance was $875,694 vs plan",05/29/2026 06:31:59 PM
r39-0002682,rclark@silverlinefreight.com,Journal Entry Reviewer,Draft flux commentary for the May close,completed,32.1,"FP&A May variance was $983,889 vs plan",05/29/2026 10:53:34 AM
r39-0002683,nrodriguez@silverlinefreight.com,Revenue Recognizer,Reconcile AP aging over 90 days for MX-07,completed,1.9,FAILED: null reference in aggregation step,05/29/2026 01:05:51 PM
r39-0002684,rclark@silverlinefreight.com,Headcount Planner,Draft flux commentary for the Jun close,completed,51.8,"Accounting Jun variance was $861,086 vs plan",05/29/2026 11:43:56 AM
r39-0002685,fwilson@silverlinefreight.com,Covenant Checker,Build the board deck cash slide for Jan,completed,38.3,"FP&A Jan variance was $2,747,914 vs plan",05/29/2026 10:44:14 AM
r39-0002686,rclark@silverlinefreight.com,Journal Entry Reviewer,Check covenant compliance for the revolver,completed,62.6,"FP&A Mar variance was $137,062 vs plan",05/29/2026 02:43:18 PM
r39-0002687,rclark@silverlinefreight.com,Variance Explainer,Build the board deck cash slide for Mar,completed,8.3,"Ops Mar variance was $257,150 vs plan",05/30/2026 11:27:59 AM
r39-0002688,nrodriguez@silverlinefreight.com,Variance Explainer,Check covenant compliance for the revolver,completed,0.7,Traceback (most recent call last): KeyError 'entity',05/30/2026 10:48:08 AM
r39-0002689,rclark@silverlinefreight.com,Flux Commentary,Explain the headcount variance vs plan,completed,52.0,"FP&A Jan variance was $712,431 vs plan",05/30/2026 04:32:58 PM
r39-0002690,nrodriguez@silverlinefreight.com,Headcount Planner,What drove the change in gross margin this quarter?,completed,28.4,"Ops May variance was $4,196,642 vs plan",05/30/2026 10:18:34 AM
r39-0002691,rclark@silverlinefreight.com,Covenant Checker,Draft flux commentary for the Feb close,completed,1.0,error code 502 from model gateway,05/30/2026 04:17:49 PM
r39-0002692,rclark@silverlinefreight.com,AP Aging Analyst,Build the board deck cash slide for Apr,completed,9.4,"Treasury Apr variance was $1,110,330 vs plan",05/30/2026 07:10:45 AM
r39-0002693,rclark@silverlinefreight.com,Flux Commentary,Check covenant compliance for the revolver,completed,44.9,"FP&A May variance was $113,382 vs plan",05/30/2026 07:50:27 PM
r39-0002694,nrodriguez@silverlinefreight.com,Headcount Planner,Reconcile AP aging over 90 days for CA-01,completed,18.9,"Ops Mar variance was $1,394,841 vs plan",05/30/2026 01:55:56 PM
r39-0002695,nrodriguez@silverlinefreight.com,Cash Forecaster,Draft flux commentary for the Jun close,completed,21.7,"Treasury Jun variance was $2,998,983 vs plan",05/30/2026 10:20:45 AM
r39-0002696,fwilson@silverlinefreight.com,Journal Entry Reviewer,Draft flux commentary for the Apr close,completed,8.6,"FP&A Apr variance was $307,090 vs plan",05/30/2026 04:49:50 PM
r39-0002697,nrodriguez@silverlinefreight.com,Budget vs Actual,Why did FP&A spend exceed budget in Apr?,completed,1.7,ERROR: upstream request timed out,05/30/2026 01:38:54 PM
r39-0002698,rclark@silverlinefreight.com,Covenant Checker,Why did FP&A spend exceed budget in Jan?,completed,4.7,"FP&A Jan variance was $751,195 vs plan",05/30/2026 01:15:24 PM
r39-0002699,rclark@silverlinefreight.com,Cash Forecaster,Build the board deck cash slide for Apr,completed,55.7,"FP&A Apr variance was $3,385,549 vs plan",05/30/2026 02:12:02 PM
r39-0002700,rclark@silverlinefreight.com,Journal Entry Reviewer,Reconcile AP aging over 90 days for MX-06,completed,48.4,"Accounting Apr variance was $3,409,407 vs plan",05/30/2026 09:47:55 AM
r39-0002701,nrodriguez@silverlinefreight.com,Variance Explainer,Which cost centers are over budget YTD?,error,4.0,FAILED: null reference in aggregation step,05/30/2026 06:24:57 PM
r39-0002702,rclark@silverlinefreight.com,Vendor Spend Analyzer,What drove the change in gross margin this quarter?,completed,26.0,"Ops Mar variance was $4,740,347 vs plan",05/31/2026 01:47:50 PM
r39-0002703,rclark@silverlinefreight.com,Flux Commentary,Build the board deck cash slide for Jun,completed,0.8,Traceback (most recent call last): KeyError 'entity',05/31/2026 03:47:54 PM
r39-0002704,rclark@silverlinefreight.com,Vendor Spend Analyzer,Forecast Apr operating cash flow,completed,73.8,"Ops Apr variance was $3,322,557 vs plan",05/31/2026 04:11:05 PM
r39-0002705,nrodriguez@silverlinefreight.com,Covenant Checker,Summarize the Jun variance for entity EU-07,completed,11.8,"Treasury Jun variance was $1,820,588 vs plan",05/31/2026 01:45:24 PM
r39-0002706,rclark@silverlinefreight.com,Close Checklist Bot,Explain the headcount variance vs plan,completed,14.5,"Ops Feb variance was $1,696,767 vs plan",05/31/2026 08:40:51 AM
r39-0002707,rclark@silverlinefreight.com,Journal Entry Reviewer,Draft flux commentary for the Mar close,completed,6.9,"Accounting Mar variance was $3,954,986 vs plan",05/31/2026 04:58:50 PM
r39-0002708,nrodriguez@silverlinefreight.com,AP Aging Analyst,What drove the change in gross margin this quarter?,completed,26.8,"Accounting Mar variance was $4,094,553 vs plan",05/31/2026 07:39:45 PM
r39-0002709,rclark@silverlinefreight.com,Variance Explainer,Summarize the Mar variance for entity MX-06,completed,1.0,error: connection reset by peer,05/31/2026 06:11:06 PM
r39-0002710,rjones@silverlinefreight.com,Revenue Recognizer,Forecast Feb operating cash flow,completed,65.9,"Accounting Feb variance was $3,257,188 vs plan",05/31/2026 09:05:01 AM
r39-0002711,nrodriguez@silverlinefreight.com,Flux Commentary,Which cost centers are over budget YTD?,completed,6.3,"FP&A Feb variance was $649,933 vs plan",05/31/2026 01:02:04 PM
r39-0002712,rclark@silverlinefreight.com,Board Deck Builder,Which cost centers are over budget YTD?,completed,8.4,"FP&A May variance was $4,018,857 vs plan",05/31/2026 07:28:54 AM
r39-0002713,nrodriguez@silverlinefreight.com,Close Checklist Bot,Which cost centers are over budget YTD?,completed,73.4,"Accounting Jun variance was $3,309,747 vs plan",05/31/2026 03:25:03 PM
r39-0002714,nrodriguez@silverlinefreight.com,Headcount Planner,Reconcile AP aging over 90 days for MX-01,completed,14.7,"FP&A May variance was $970,124 vs plan",06/01/2026 12:42:41 PM
r39-0002715,nrodriguez@silverlinefreight.com,Covenant Checker,Explain the headcount variance vs plan,completed,27.5,"Treasury Mar variance was $4,280,107 vs plan",06/01/2026 06:51:33 AM
r39-0002716,fwilson@silverlinefreight.com,Headcount Planner,Build the board deck cash slide for May,completed,6.3,"Accounting May variance was $2,559,967 vs plan",06/01/2026 11:52:35 AM
r39-0002717,rclark@silverlinefreight.com,Cash Forecaster,Summarize the May variance for entity EU-02,completed,10.8,"Accounting May variance was $1,734,387 vs plan",06/01/2026 07:38:41 PM
r39-0002718,fwilson@silverlinefreight.com,Close Checklist Bot,Which cost centers are over budget YTD?,completed,63.8,"FP&A Mar variance was $3,730,390 vs plan",06/01/2026 12:52:15 PM
r39-0002719,nrodriguez@silverlinefreight.com,Board Deck Builder,Explain the headcount variance vs plan,completed,65.7,"Treasury May variance was $2,396,388 vs plan",06/01/2026 07:07:55 PM
r39-0002720,rclark@silverlinefreight.com,Headcount Planner,Summarize the Mar variance for entity US-08,completed,51.1,"FP&A Mar variance was $3,478,303 vs plan",06/01/2026 09:45:35 AM
r39-0002721,fwilson@silverlinefreight.com,Flux Commentary,Check covenant compliance for the revolver,completed,59.0,"Treasury Jan variance was $4,013,689 vs plan",06/01/2026 03:50:29 PM
r39-0002722,nrodriguez@silverlinefreight.com,Headcount Planner,What drove the change in gross margin this quarter?,completed,16.1,"Treasury Mar variance was $2,569,242 vs plan",06/01/2026 09:42:46 AM
r39-0002723,nrodriguez@silverlinefreight.com,Budget vs Actual,Explain the headcount variance vs plan,completed,35.3,"Ops Jan variance was $3,336,584 vs plan",06/01/2026 12:05:34 PM
r39-0002724,rclark@silverlinefreight.com,Journal Entry Reviewer,Summarize the Apr variance for entity EU-09,completed,45.6,"Accounting Apr variance was $336,785 vs plan",06/01/2026 11:41:52 AM
r39-0002725,nrodriguez@silverlinefreight.com,Covenant Checker,Draft flux commentary for the Mar close,completed,49.7,"Ops Mar variance was $4,212,009 vs plan",06/01/2026 09:43:55 AM
r39-0002726,fwilson@silverlinefreight.com,Budget vs Actual,Explain the headcount variance vs plan,completed,50.7,"FP&A May variance was $4,587,414 vs plan",06/01/2026 10:39:16 AM
r39-0002727,rclark@silverlinefreight.com,Revenue Recognizer,Forecast Mar operating cash flow,completed,74.6,"Treasury Mar variance was $2,866,576 vs plan",06/01/2026 01:40:53 PM
r39-0002728,rclark@silverlinefreight.com,AP Aging Analyst,Check covenant compliance for the revolver,completed,73.2,"FP&A Feb variance was $3,001,891 vs plan",06/01/2026 12:29:14 PM
r39-0002729,fwilson@silverlinefreight.com,Budget vs Actual,Summarize the Jan variance for entity EU-01,completed,46.7,"Treasury Jan variance was $1,221,300 vs plan",06/01/2026 12:48:16 PM
r39-0002730,rclark@silverlinefreight.com,Close Checklist Bot,Check covenant compliance for the revolver,completed,50.8,"FP&A May variance was $1,147,808 vs plan",06/01/2026 03:11:58 PM
r39-0002731,fwilson@silverlinefreight.com,Vendor Spend Analyzer,Check covenant compliance for the revolver,completed,52.7,"Ops Jun variance was $157,344 vs plan",06/01/2026 04:41:53 PM
r39-0002732,nrodriguez@silverlinefreight.com,Headcount Planner,Draft flux commentary for the Jun close,completed,30.1,"Treasury Jun variance was $3,047,751 vs plan",06/01/2026 09:22:03 AM
r39-0002733,fwilson@silverlinefreight.com,Close Checklist Bot,Check covenant compliance for the revolver,completed,23.5,"Accounting Apr variance was $2,290,757 vs plan",06/01/2026 11:34:20 AM
r39-0002734,nrodriguez@silverlinefreight.com,Budget vs Actual,Forecast Jun operating cash flow,completed,22.7,"Ops Jun variance was $2,627,848 vs plan",06/01/2026 08:09:07 AM
r39-0002735,nrodriguez@silverlinefreight.com,Variance Explainer,Build the board deck cash slide for Jan,completed,9.8,"Ops Jan variance was $788,582 vs plan",06/01/2026 12:06:50 PM
r39-0002736,rclark@silverlinefreight.com,Covenant Checker,Why did Treasury spend exceed budget in May?,error,7.4,error: connection reset by peer,06/01/2026 12:23:06 PM
r39-0002737,nrodriguez@silverlinefreight.com,Board Deck Builder,Summarize the Apr variance for entity MX-06,error,3.0,FAILED: null reference in aggregation step,06/01/2026 02:02:54 PM
r39-0002738,nrodriguez@silverlinefreight.com,Revenue Recognizer,Explain the headcount variance vs plan,completed,50.9,"Ops Jan variance was $1,896,824 vs plan",06/01/2026 12:56:49 PM
r39-0002739,fwilson@silverlinefreight.com,Headcount Planner,Build the board deck cash slide for Jun,completed,3.6,"Accounting Jun variance was $890,206 vs plan",06/01/2026 01:51:52 PM
r39-0002740,rclark@silverlinefreight.com,Headcount Planner,Summarize the Jan variance for entity CA-03,completed,59.9,"Treasury Jan variance was $1,948,250 vs plan",06/01/2026 01:56:04 PM
r39-0002741,nrodriguez@silverlinefreight.com,Board Deck Builder,Which cost centers are over budget YTD?,completed,11.8,"FP&A Mar variance was $4,192,281 vs plan",06/01/2026 06:51:48 PM
r39-0002742,nrodriguez@silverlinefreight.com,Close Checklist Bot,Draft flux commentary for the Apr close,completed,29.8,"Ops Apr variance was $3,722,979 vs plan",06/01/2026 12:10:15 PM
r39-0002743,nrodriguez@silverlinefreight.com,Flux Commentary,Build the board deck cash slide for Jan,completed,51.1,"Accounting Jan variance was $3,727,827 vs plan",06/01/2026 10:15:21 AM
r39-0002744,nrodriguez@silverlinefreight.com,Variance Explainer,Reconcile AP aging over 90 days for EU-02,completed,59.5,"Accounting Feb variance was $3,441,806 vs plan",06/01/2026 12:28:24 PM
r39-0002745,nrodriguez@silverlinefreight.com,Cash Forecaster,Draft flux commentary for the Feb close,completed,27.7,"Ops Feb variance was $3,300,820 vs plan",06/01/2026 10:49:45 AM
r39-0002746,nrodriguez@silverlinefreight.com,Close Checklist Bot,Which cost centers are over budget YTD?,completed,39.4,"FP&A Apr variance was $738,309 vs plan",06/01/2026 12:46:58 PM
r39-0002747,fwilson@silverlinefreight.com,Cash Forecaster,Build the board deck cash slide for May,completed,36.6,"Accounting May variance was $2,615,091 vs plan",06/01/2026 10:50:46 AM
r39-0002748,rclark@silverlinefreight.com,Covenant Checker,Check covenant compliance for the revolver,completed,66.2,"Ops Jun variance was $2,846,310 vs plan",06/01/2026 07:09:13 PM
r39-0002749,nrodriguez@silverlinefreight.com,Flux Commentary,Check covenant compliance for the revolver,completed,57.6,"Accounting Jan variance was $4,654,590 vs plan",06/01/2026 02:12:02 PM
r39-0002750,rclark@silverlinefreight.com,Covenant Checker,Summarize the Feb variance for entity EU-09,completed,58.7,"Accounting Feb variance was $4,769,145 vs plan",06/01/2026 11:25:12 AM
r39-0002751,rclark@silverlinefreight.com,Flux Commentary,Check covenant compliance for the revolver,completed,59.2,"FP&A Apr variance was $756,142 vs plan",06/02/2026 07:04:20 AM
r39-0002752,rclark@silverlinefreight.com,Headcount Planner,What drove the change in gross margin this quarter?,completed,38.1,"Treasury Feb variance was $135,871 vs plan",06/02/2026 01:50:37 PM
r39-0002753,fwilson@silverlinefreight.com,AP Aging Analyst,Draft flux commentary for the Feb close,completed,3.0,"Accounting Feb variance was $3,229,600 vs plan",06/02/2026 12:02:03 PM
r39-0002754,nrodriguez@silverlinefreight.com,Journal Entry Reviewer,What drove the change in gross margin this quarter?,completed,15.4,"FP&A Jun variance was $47,445 vs plan",06/02/2026 01:59:13 PM
r39-0002755,fwilson@silverlinefreight.com,Board Deck Builder,Check covenant compliance for the revolver,completed,11.9,"FP&A May variance was $3,300,439 vs plan",06/02/2026 11:54:45 AM
r39-0002756,rclark@silverlinefreight.com,Journal Entry Reviewer,Reconcile AP aging over 90 days for EU-08,completed,55.3,"FP&A Jan variance was $1,948,262 vs plan",06/02/2026 01:39:54 PM
r39-0002757,nrodriguez@silverlinefreight.com,Budget vs Actual,Build the board deck cash slide for Jan,completed,62.6,"Accounting Jan variance was $2,825,134 vs plan",06/02/2026 03:27:25 PM
r39-0002758,fwilson@silverlinefreight.com,Board Deck Builder,Summarize the Mar variance for entity EU-02,completed,25.7,"Treasury Mar variance was $1,267,989 vs plan",06/02/2026 09:38:42 AM
r39-0002759,rclark@silverlinefreight.com,Headcount Planner,Why did Accounting spend exceed budget in May?,completed,1.7,ERROR: upstream request timed out,06/02/2026 08:07:58 PM
r39-0002760,nrodriguez@silverlinefreight.com,Covenant Checker,Summarize the Mar variance for entity EU-07,completed,70.6,"FP&A Mar variance was $4,783,866 vs plan",06/02/2026 01:53:24 PM
r39-0002761,nrodriguez@silverlinefreight.com,Revenue Recognizer,Draft flux commentary for the Jun close,completed,47.4,"FP&A Jun variance was $314,628 vs plan",06/02/2026 02:38:36 PM
r39-0002762,nrodriguez@silverlinefreight.com,Close Checklist Bot,Summarize the Apr variance for entity MX-08,completed,0.2,FAILED: null reference in aggregation step,06/02/2026 02:23:37 PM
r39-0002763,nrodriguez@silverlinefreight.com,Revenue Recognizer,Forecast Jun operating cash flow,completed,53.7,"Ops Jun variance was $36,135 vs plan",06/02/2026 12:46:50 PM
r39-0002764,nrodriguez@silverlinefreight.com,Budget vs Actual,Summarize the Mar variance for entity US-02,completed,1.5,ERROR: upstream request timed out,06/02/2026 01:43:08 PM
r39-0002765,nrodriguez@silverlinefreight.com,Board Deck Builder,Reconcile AP aging over 90 days for US-09,completed,26.7,"Accounting Feb variance was $1,577,393 vs plan",06/02/2026 08:48:04 AM
r39-0002766,rjones@silverlinefreight.com,Headcount Planner,Which cost centers are over budget YTD?,completed,70.0,"Treasury Jun variance was $2,972,452 vs plan",06/02/2026 05:39:12 PM
r39-0002767,nrodriguez@silverlinefreight.com,Headcount Planner,Reconcile AP aging over 90 days for CA-08,completed,5.8,"Ops Apr variance was $1,248,785 vs plan",06/02/2026 01:11:00 PM
r39-0002768,rclark@silverlinefreight.com,Vendor Spend Analyzer,Explain the headcount variance vs plan,completed,59.3,"Ops Jan variance was $1,100,623 vs plan",06/02/2026 02:29:00 PM
r39-0002769,nrodriguez@silverlinefreight.com,Variance Explainer,Which cost centers are over budget YTD?,completed,51.0,"Treasury May variance was $2,607,011 vs plan",06/02/2026 11:13:48 AM
r39-0002770,nrodriguez@silverlinefreight.com,Flux Commentary,Why did Ops spend exceed budget in Feb?,completed,36.2,"Ops Feb variance was $4,135,591 vs plan",06/02/2026 08:35:41 AM
r39-0002771,nrodriguez@silverlinefreight.com,Vendor Spend Analyzer,Check covenant compliance for the revolver,completed,65.9,"FP&A Mar variance was $4,179,822 vs plan",06/02/2026 06:31:07 PM
r39-0002772,nrodriguez@silverlinefreight.com,Headcount Planner,Check covenant compliance for the revolver,completed,21.5,"Ops Jan variance was $788,668 vs plan",06/02/2026 02:12:31 PM
r39-0002773,rclark@silverlinefreight.com,Journal Entry Reviewer,Forecast May operating cash flow,error,4.9,Traceback (most recent call last): KeyError 'entity',06/02/2026 08:22:54 AM
r39-0002774,rclark@silverlinefreight.com,Cash Forecaster,What drove the change in gross margin this quarter?,completed,0.9,FAILED: null reference in aggregation step,06/02/2026 01:29:50 PM
r39-0002775,nrodriguez@silverlinefreight.com,Close Checklist Bot,Summarize the Jan variance for entity CA-08,completed,49.6,"Accounting Jan variance was $3,129,182 vs plan",06/02/2026 11:51:52 AM
r39-0002776,fwilson@silverlinefreight.com,Vendor Spend Analyzer,What drove the change in gross margin this quarter?,completed,71.6,"Ops Mar variance was $3,932,792 vs plan",06/02/2026 09:52:43 AM
r39-0002777,nrodriguez@silverlinefreight.com,Headcount Planner,What drove the change in gross margin this quarter?,completed,37.2,"Accounting Feb variance was $463,346 vs plan",06/02/2026 07:01:34 AM
r39-0002778,nrodriguez@silverlinefreight.com,Budget vs Actual,Draft flux commentary for the Feb close,completed,42.5,"FP&A Feb variance was $4,148,387 vs plan",06/02/2026 10:02:59 AM
r39-0002779,rclark@silverlinefreight.com,Variance Explainer,Forecast Apr operating cash flow,completed,21.6,"Treasury Apr variance was $1,059,804 vs plan",06/02/2026 03:22:11 PM
r39-0002780,rclark@silverlinefreight.com,AP Aging Analyst,Check covenant compliance for the revolver,error,4.1,ERROR: upstream request timed out,06/02/2026 05:40:59 PM
r39-0002781,rclark@silverlinefreight.com,Vendor Spend Analyzer,Reconcile AP aging over 90 days for CA-01,completed,4.4,"Accounting Feb variance was $1,742,327 vs plan",06/02/2026 06:07:35 PM
r39-0002782,rclark@silverlinefreight.com,Flux Commentary,Draft flux commentary for the Jan close,completed,34.8,"Ops Jan variance was $2,966,066 vs plan",06/02/2026 10:33:05 AM
r39-0002783,nrodriguez@silverlinefreight.com,Revenue Recognizer,Summarize the May variance for entity EU-01,completed,68.1,"Accounting May variance was $1,780,969 vs plan",06/02/2026 10:42:56 AM
r39-0002784,fwilson@silverlinefreight.com,Close Checklist Bot,Check covenant compliance for the revolver,completed,6.4,"FP&A Jan variance was $417,208 vs plan",06/02/2026 04:57:57 PM
r39-0002785,nrodriguez@silverlinefreight.com,Budget vs Actual,Forecast Mar operating cash flow,completed,44.9,"Treasury Mar variance was $4,389,508 vs plan",06/03/2026 04:58:33 PM
r39-0002786,nrodriguez@silverlinefreight.com,Journal Entry Reviewer,Forecast May operating cash flow,completed,20.3,"Accounting May variance was $431,281 vs plan",06/03/2026 12:54:52 PM
r39-0002787,fwilson@silverlinefreight.com,Budget vs Actual,Check covenant compliance for the revolver,completed,42.8,"Ops Jan variance was $1,436,017 vs plan",06/03/2026 03:19:11 PM
r39-0002788,rjones@silverlinefreight.com,Board Deck Builder,Summarize the Feb variance for entity US-05,completed,55.7,"Treasury Feb variance was $2,035,073 vs plan",06/03/2026 09:50:35 AM
r39-0002789,rclark@silverlinefreight.com,AP Aging Analyst,What drove the change in gross margin this quarter?,completed,74.3,"FP&A May variance was $2,672,260 vs plan",06/03/2026 10:13:38 AM
r39-0002790,rclark@silverlinefreight.com,Close Checklist Bot,Reconcile AP aging over 90 days for US-08,completed,41.5,"Ops Mar variance was $743,577 vs plan",06/03/2026 06:23:33 PM
r39-0002791,rclark@silverlinefreight.com,Board Deck Builder,Build the board deck cash slide for May,completed,13.3,"FP&A May variance was $196,353 vs plan",06/03/2026 11:03:21 AM
r39-0002792,rjones@silverlinefreight.com,Cash Forecaster,Build the board deck cash slide for Apr,completed,52.7,"Treasury Apr variance was $4,103,040 vs plan",06/03/2026 12:37:20 PM
r39-0002793,rclark@silverlinefreight.com,Journal Entry Reviewer,Check covenant compliance for the revolver,completed,46.8,"Ops Jun variance was $1,191,752 vs plan",06/03/2026 12:47:57 PM
r39-0002794,nrodriguez@silverlinefreight.com,Budget vs Actual,Forecast Jan operating cash flow,error,4.9,FAILED: null reference in aggregation step,06/03/2026 01:26:30 PM
r39-0002795,nrodriguez@silverlinefreight.com,Cash Forecaster,Forecast Feb operating cash flow,completed,34.1,"Accounting Feb variance was $335,557 vs plan",06/03/2026 02:23:44 PM
r39-0002796,rclark@silverlinefreight.com,Revenue Recognizer,Forecast Jan operating cash flow,completed,43.4,"FP&A Jan variance was $2,304,826 vs plan",06/03/2026 11:51:07 AM
r39-0002797,rclark@silverlinefreight.com,Flux Commentary,Check covenant compliance for the revolver,completed,52.4,"Treasury Mar variance was $484,376 vs plan",06/03/2026 12:32:32 PM
r39-0002798,fwilson@silverlinefreight.com,Headcount Planner,Forecast Mar operating cash flow,completed,38.0,"Accounting Mar variance was $1,459,774 vs plan",06/03/2026 02:37:10 PM
r39-0002799,nrodriguez@silverlinefreight.com,Variance Explainer,Summarize the Jan variance for entity US-09,completed,48.2,"Accounting Jan variance was $1,668,040 vs plan",06/03/2026 11:42:45 AM
r39-0002800,fwilson@silverlinefreight.com,Vendor Spend Analyzer,Draft flux commentary for the May close,error,5.6,FAILED: null reference in aggregation step,06/03/2026 06:02:02 PM
r39-0002801,rjones@silverlinefreight.com,Board Deck Builder,Summarize the Feb variance for entity US-07,completed,22.3,"Ops Feb variance was $64,223 vs plan",06/03/2026 11:56:24 AM
r39-0002802,nrodriguez@silverlinefreight.com,Journal Entry Reviewer,Build the board deck cash slide for May,completed,16.7,"Accounting May variance was $111,761 vs plan",06/03/2026 08:33:41 AM
r39-0002803,nrodriguez@silverlinefreight.com,Vendor Spend Analyzer,Which cost centers are over budget YTD?,completed,72.3,"Ops Jun variance was $3,184,725 vs plan",06/03/2026 12:34:03 PM
r39-0002804,rjones@silverlinefreight.com,Headcount Planner,Reconcile AP aging over 90 days for US-08,completed,31.4,"Treasury Feb variance was $4,649,319 vs plan",06/03/2026 09:24:41 AM
r39-0002805,rjones@silverlinefreight.com,Vendor Spend Analyzer,Forecast Apr operating cash flow,completed,42.7,"Treasury Apr variance was $1,246,808 vs plan",06/03/2026 03:57:02 PM
r39-0002806,rclark@silverlinefreight.com,Revenue Recognizer,Reconcile AP aging over 90 days for CA-06,completed,35.1,"Ops May variance was $4,718,090 vs plan",06/03/2026 08:23:02 AM
r39-0002807,nrodriguez@silverlinefreight.com,Headcount Planner,What drove the change in gross margin this quarter?,completed,31.2,"Accounting Mar variance was $2,010,580 vs plan",06/03/2026 04:53:55 PM
r39-0002808,rclark@silverlinefreight.com,Vendor Spend Analyzer,Check covenant compliance for the revolver,error,1.5,FAILED: null reference in aggregation step,06/03/2026 02:19:03 PM
r39-0002809,rclark@silverlinefreight.com,Board Deck Builder,Check covenant compliance for the revolver,completed,9.9,"Accounting Jun variance was $1,110,812 vs plan",06/03/2026 04:43:07 PM
r39-0002810,nrodriguez@silverlinefreight.com,Journal Entry Reviewer,Build the board deck cash slide for Apr,completed,1.1,ERROR: upstream request timed out,06/03/2026 10:19:36 AM
r39-0002811,nrodriguez@silverlinefreight.com,Journal Entry Reviewer,Draft flux commentary for the May close,completed,43.1,"Ops May variance was $1,982,256 vs plan",06/03/2026 09:07:09 AM
r39-0002812,nrodriguez@silverlinefreight.com,Variance Explainer,Why did Ops spend exceed budget in Jan?,completed,47.2,"Ops Jan variance was $1,119,238 vs plan",06/03/2026 12:51:40 PM
r39-0002813,rclark@silverlinefreight.com,Covenant Checker,Why did Treasury spend exceed budget in Jun?,completed,19.8,"Treasury Jun variance was $1,237,355 vs plan",06/03/2026 03:53:28 PM
r39-0002814,nrodriguez@silverlinefreight.com,Covenant Checker,Build the board deck cash slide for Feb,completed,70.9,"Treasury Feb variance was $630,406 vs plan",06/03/2026 12:28:41 PM
r39-0002815,rclark@silverlinefreight.com,Flux Commentary,Reconcile AP aging over 90 days for MX-01,completed,13.3,"Treasury Apr variance was $3,172,090 vs plan",06/03/2026 04:48:07 PM
r39-0002816,rclark@silverlinefreight.com,Board Deck Builder,Reconcile AP aging over 90 days for CA-05,completed,21.6,"FP&A Apr variance was $4,688,074 vs plan",06/03/2026 01:33:46 PM
r39-0002817,rclark@silverlinefreight.com,Vendor Spend Analyzer,Which cost centers are over budget YTD?,completed,3.8,"Accounting Apr variance was $3,613,358 vs plan",06/03/2026 12:28:41 PM
r39-0002818,rclark@silverlinefreight.com,Budget vs Actual,Summarize the Apr variance for entity MX-02,completed,4.5,"FP&A Apr variance was $1,581,631 vs plan",06/03/2026 09:32:25 PM
r39-0002819,rclark@silverlinefreight.com,Vendor Spend Analyzer,Why did Ops spend exceed budget in Jun?,completed,65.3,"Ops Jun variance was $3,661,739 vs plan",06/03/2026 10:58:55 AM
r39-0002820,nrodriguez@silverlinefreight.com,Budget vs Actual,Build the board deck cash slide for Jun,completed,34.0,"FP&A Jun variance was $235,349 vs plan",06/04/2026 12:35:42 PM
r39-0002821,rclark@silverlinefreight.com,Headcount Planner,What drove the change in gross margin this quarter?,completed,24.4,"Ops Mar variance was $2,445,065 vs plan",06/04/2026 01:01:40 PM
r39-0002822,fwilson@silverlinefreight.com,Covenant Checker,Summarize the Apr variance for entity CA-03,completed,38.6,"FP&A Apr variance was $4,373,107 vs plan",06/04/2026 07:30:31 AM
r39-0002823,nrodriguez@silverlinefreight.com,Headcount Planner,Forecast Jan operating cash flow,completed,5.4,"Ops Jan variance was $1,398,850 vs plan",06/04/2026 02:36:14 PM
r39-0002824,nrodriguez@silverlinefreight.com,Covenant Checker,What drove the change in gross margin this quarter?,completed,48.9,"Treasury Jan variance was $1,853,564 vs plan",06/04/2026 10:38:02 AM
r39-0002825,nrodriguez@silverlinefreight.com,Flux Commentary,Check covenant compliance for the revolver,completed,9.4,"Treasury Apr variance was $4,621,030 vs plan",06/04/2026 07:06:17 AM
r39-0002826,nrodriguez@silverlinefreight.com,Cash Forecaster,Which cost centers are over budget YTD?,completed,36.3,"FP&A Apr variance was $603,784 vs plan",06/04/2026 02:14:47 PM
r39-0002827,rclark@silverlinefreight.com,Flux Commentary,Explain the headcount variance vs plan,completed,4.7,"Treasury Jan variance was $2,062,923 vs plan",06/04/2026 08:26:12 AM
r39-0002828,nrodriguez@silverlinefreight.com,Revenue Recognizer,Which cost centers are over budget YTD?,completed,18.2,"Treasury Jun variance was $1,386,478 vs plan",06/04/2026 03:00:57 PM
r39-0002829,nrodriguez@silverlinefreight.com,Cash Forecaster,Draft flux commentary for the Mar close,completed,13.1,"Accounting Mar variance was $4,552,915 vs plan",06/04/2026 09:41:54 AM
r39-0002830,rjones@silverlinefreight.com,Vendor Spend Analyzer,What drove the change in gross margin this quarter?,completed,67.7,"Ops Jun variance was $2,390,585 vs plan",06/04/2026 12:45:58 PM
r39-0002831,nrodriguez@silverlinefreight.com,Vendor Spend Analyzer,Build the board deck cash slide for Mar,completed,10.4,"Accounting Mar variance was $4,774,570 vs plan",06/04/2026 04:57:34 PM
r39-0002832,nrodriguez@silverlinefreight.com,Board Deck Builder,Summarize the Apr variance for entity MX-06,completed,33.9,"Treasury Apr variance was $139,025 vs plan",06/04/2026 11:28:38 AM
r39-0002833,nrodriguez@silverlinefreight.com,AP Aging Analyst,Why did FP&A spend exceed budget in May?,completed,41.4,"FP&A May variance was $416,320 vs plan",06/04/2026 11:28:23 AM
r39-0002834,nrodriguez@silverlinefreight.com,Cash Forecaster,Build the board deck cash slide for Feb,completed,45.3,"Ops Feb variance was $4,490,691 vs plan",06/04/2026 10:37:33 AM
r39-0002835,rclark@silverlinefreight.com,Vendor Spend Analyzer,Forecast May operating cash flow,completed,74.0,"Accounting May variance was $3,840,340 vs plan",06/04/2026 08:01:14 AM
r39-0002836,nrodriguez@silverlinefreight.com,Vendor Spend Analyzer,Which cost centers are over budget YTD?,completed,71.8,"Accounting Apr variance was $557,937 vs plan",06/04/2026 12:36:57 PM
r39-0002837,nrodriguez@silverlinefreight.com,Flux Commentary,Why did FP&A spend exceed budget in Jun?,completed,35.8,"FP&A Jun variance was $2,624,132 vs plan",06/04/2026 10:43:43 AM
r39-0002838,fwilson@silverlinefreight.com,Covenant Checker,Reconcile AP aging over 90 days for US-08,completed,52.2,"Accounting Jun variance was $4,370,890 vs plan",06/04/2026 01:56:45 PM
r39-0002839,rclark@silverlinefreight.com,Board Deck Builder,Why did FP&A spend exceed budget in Apr?,error,1.5,error code 502 from model gateway,06/04/2026 05:58:40 PM
r39-0002840,nrodriguez@silverlinefreight.com,Journal Entry Reviewer,Forecast May operating cash flow,completed,43.7,"Ops May variance was $2,009,788 vs plan",06/04/2026 02:32:20 PM
r39-0002841,rclark@silverlinefreight.com,Vendor Spend Analyzer,Forecast Apr operating cash flow,completed,20.1,"Ops Apr variance was $3,202,451 vs plan",06/04/2026 02:04:27 PM
r39-0002842,nrodriguez@silverlinefreight.com,Revenue Recognizer,Why did Treasury spend exceed budget in May?,completed,8.7,"Treasury May variance was $2,282,489 vs plan",06/04/2026 08:24:42 AM
r39-0002843,rclark@silverlinefreight.com,Revenue Recognizer,Forecast Apr operating cash flow,completed,20.9,"FP&A Apr variance was $3,526,429 vs plan",06/04/2026 08:21:02 AM
r39-0002844,rclark@silverlinefreight.com,Headcount Planner,Draft flux commentary for the Mar close,completed,20.5,"Treasury Mar variance was $4,113,580 vs plan",06/04/2026 12:11:29 PM
r39-0002845,fwilson@silverlinefreight.com,Cash Forecaster,Which cost centers are over budget YTD?,completed,69.6,"FP&A Apr variance was $2,103,280 vs plan",06/04/2026 05:27:09 PM
r39-0002846,nrodriguez@silverlinefreight.com,Flux Commentary,What drove the change in gross margin this quarter?,completed,10.1,"Treasury Mar variance was $3,811,330 vs plan",06/04/2026 10:49:29 AM
r39-0002847,rclark@silverlinefreight.com,Flux Commentary,Check covenant compliance for the revolver,completed,67.1,"FP&A Jun variance was $2,941,643 vs plan",06/04/2026 03:50:32 PM
r39-0002848,nrodriguez@silverlinefreight.com,Vendor Spend Analyzer,Explain the headcount variance vs plan,completed,50.6,"Accounting Jun variance was $955,818 vs plan",06/04/2026 08:52:32 AM
r39-0002849,nrodriguez@silverlinefreight.com,Board Deck Builder,Build the board deck cash slide for Mar,completed,6.0,"FP&A Mar variance was $4,097,393 vs plan",06/04/2026 01:24:27 PM
r39-0002850,rclark@silverlinefreight.com,Journal Entry Reviewer,Check covenant compliance for the revolver,completed,3.6,"FP&A Mar variance was $4,402,000 vs plan",06/04/2026 11:52:26 AM
r39-0002851,nrodriguez@silverlinefreight.com,Covenant Checker,What drove the change in gross margin this quarter?,completed,68.3,"Accounting Jan variance was $3,335,090 vs plan",06/05/2026 08:28:49 AM
r39-0002852,nrodriguez@silverlinefreight.com,Revenue Recognizer,Reconcile AP aging over 90 days for EU-05,completed,8.0,"FP&A Jan variance was $1,215,148 vs plan",06/05/2026 10:51:04 AM
r39-0002853,rclark@silverlinefreight.com,Revenue Recognizer,Forecast May operating cash flow,completed,69.5,"FP&A May variance was $1,504,899 vs plan",06/05/2026 07:08:57 AM
r39-0002854,rclark@silverlinefreight.com,Cash Forecaster,Reconcile AP aging over 90 days for CA-04,completed,7.3,"Treasury May variance was $2,583,373 vs plan",06/05/2026 11:46:37 AM
r39-0002855,rclark@silverlinefreight.com,Covenant Checker,Check covenant compliance for the revolver,completed,67.4,"Accounting Mar variance was $176,165 vs plan",06/05/2026 02:48:29 PM
r39-0002856,nrodriguez@silverlinefreight.com,Flux Commentary,Why did Ops spend exceed budget in May?,completed,33.8,"Ops May variance was $1,963,280 vs plan",06/05/2026 02:46:57 PM
r39-0002857,rclark@silverlinefreight.com,Budget vs Actual,Forecast May operating cash flow,completed,27.0,"Treasury May variance was $1,252,566 vs plan",06/05/2026 01:06:44 PM
r39-0002858,rclark@silverlinefreight.com,Headcount Planner,Which cost centers are over budget YTD?,completed,20.6,"Ops May variance was $2,856,093 vs plan",06/05/2026 03:15:30 PM
r39-0002859,rclark@silverlinefreight.com,Board Deck Builder,Summarize the Jan variance for entity US-06,completed,9.3,"Treasury Jan variance was $1,535,696 vs plan",06/05/2026 04:31:06 PM
r39-0002860,rclark@silverlinefreight.com,Board Deck Builder,What drove the change in gross margin this quarter?,completed,21.1,"FP&A Apr variance was $3,086,006 vs plan",06/05/2026 07:53:09 AM
r39-0002861,fwilson@silverlinefreight.com,Budget vs Actual,Explain the headcount variance vs plan,completed,40.1,"Ops Apr variance was $994,935 vs plan",06/05/2026 01:43:37 PM
r39-0002862,nrodriguez@silverlinefreight.com,Board Deck Builder,Which cost centers are over budget YTD?,completed,46.2,"Accounting Mar variance was $4,629,953 vs plan",06/05/2026 03:23:58 PM
r39-0002863,nrodriguez@silverlinefreight.com,Journal Entry Reviewer,Why did Accounting spend exceed budget in Jun?,completed,32.3,"Accounting Jun variance was $4,360,629 vs plan",06/05/2026 12:45:16 PM
r39-0002864,rclark@silverlinefreight.com,Revenue Recognizer,Reconcile AP aging over 90 days for MX-02,error,6.7,FAILED: null reference in aggregation step,06/05/2026 07:16:44 AM
r39-0002865,rclark@silverlinefreight.com,Revenue Recognizer,Which cost centers are over budget YTD?,completed,72.8,"FP&A Apr variance was $2,048,052 vs plan",06/05/2026 08:00:21 PM
r39-0002866,rclark@silverlinefreight.com,Headcount Planner,Explain the headcount variance vs plan,error,5.5,error: connection reset by peer,06/05/2026 09:19:23 AM
r39-0002867,nrodriguez@silverlinefreight.com,AP Aging Analyst,Reconcile AP aging over 90 days for CA-06,error,5.7,FAILED: null reference in aggregation step,06/05/2026 02:01:04 PM
r39-0002868,nrodriguez@silverlinefreight.com,Close Checklist Bot,Build the board deck cash slide for Feb,completed,8.6,"Treasury Feb variance was $152,129 vs plan",06/05/2026 12:44:23 PM
r39-0002869,rclark@silverlinefreight.com,AP Aging Analyst,What drove the change in gross margin this quarter?,completed,53.4,"Ops Jun variance was $4,075,890 vs plan",06/05/2026 12:20:39 PM
r39-0002870,nrodriguez@silverlinefreight.com,Flux Commentary,Why did Ops spend exceed budget in Apr?,completed,16.4,"Ops Apr variance was $4,167,577 vs plan",06/05/2026 02:13:52 PM
r39-0002871,rclark@silverlinefreight.com,Covenant Checker,Build the board deck cash slide for May,completed,59.1,"Accounting May variance was $4,053,256 vs plan",06/05/2026 10:25:30 AM
r39-0002872,rclark@silverlinefreight.com,Journal Entry Reviewer,Draft flux commentary for the Feb close,completed,15.4,"Treasury Feb variance was $1,028,847 vs plan",06/05/2026 12:28:24 PM
r39-0002873,rclark@silverlinefreight.com,Vendor Spend Analyzer,Forecast Feb operating cash flow,completed,32.2,"Accounting Feb variance was $1,221,766 vs plan",06/05/2026 11:30:41 AM
r39-0002874,nrodriguez@silverlinefreight.com,Covenant Checker,Draft flux commentary for the Mar close,error,4.7,Traceback (most recent call last): KeyError 'entity',06/05/2026 11:41:05 AM
r39-0002875,nrodriguez@silverlinefreight.com,AP Aging Analyst,Which cost centers are over budget YTD?,completed,33.8,"FP&A Jun variance was $2,842,539 vs plan",06/05/2026 03:01:33 PM
r39-0002876,rjones@silverlinefreight.com,Revenue Recognizer,Why did FP&A spend exceed budget in May?,completed,27.2,"FP&A May variance was $2,739,347 vs plan",06/05/2026 03:34:12 PM
r39-0002877,nrodriguez@silverlinefreight.com,Flux Commentary,Reconcile AP aging over 90 days for EU-08,completed,11.9,"Treasury Jan variance was $49,662 vs plan",06/05/2026 12:12:53 PM
r39-0002878,fwilson@silverlinefreight.com,Revenue Recognizer,Explain the headcount variance vs plan,completed,18.7,"Accounting May variance was $87,875 vs plan",06/05/2026 12:41:43 PM
r39-0002879,rjones@silverlinefreight.com,Vendor Spend Analyzer,Build the board deck cash slide for Apr,completed,35.0,"Treasury Apr variance was $1,301,366 vs plan",06/05/2026 03:06:36 PM
r39-0002880,rclark@silverlinefreight.com,Covenant Checker,Forecast Apr operating cash flow,completed,55.8,"Ops Apr variance was $2,185,605 vs plan",06/05/2026 06:00:42 AM
r39-0002881,rclark@silverlinefreight.com,Variance Explainer,Which cost centers are over budget YTD?,completed,30.7,"Accounting Feb variance was $886,573 vs plan",06/05/2026 01:56:20 PM
r39-0002882,nrodriguez@silverlinefreight.com,Budget vs Actual,Summarize the May variance for entity CA-04,completed,70.1,"FP&A May variance was $3,339,822 vs plan",06/05/2026 06:02:12 AM
r39-0002883,nrodriguez@silverlinefreight.com,Close Checklist Bot,Reconcile AP aging over 90 days for EU-07,completed,45.0,"Accounting Mar variance was $2,597,808 vs plan",06/05/2026 04:56:49 PM
r39-0002884,fwilson@silverlinefreight.com,Variance Explainer,Build the board deck cash slide for Jan,completed,3.7,"Treasury Jan variance was $3,679,839 vs plan",06/05/2026 03:07:59 PM
r39-0002885,nrodriguez@silverlinefreight.com,Close Checklist Bot,Which cost centers are over budget YTD?,completed,40.7,"Accounting Jan variance was $1,790,387 vs plan",06/05/2026 10:38:14 AM
r39-0002886,rclark@silverlinefreight.com,Flux Commentary,Which cost centers are over budget YTD?,completed,17.6,"Treasury May variance was $3,930,409 vs plan",06/05/2026 04:10:11 PM
r39-0002887,nrodriguez@silverlinefreight.com,Headcount Planner,What drove the change in gross margin this quarter?,completed,62.4,"FP&A Jan variance was $4,350,888 vs plan",06/05/2026 01:53:19 PM
r39-0002888,rclark@silverlinefreight.com,Vendor Spend Analyzer,Summarize the Feb variance for entity MX-06,completed,20.0,"FP&A Feb variance was $4,294,276 vs plan",06/06/2026 09:03:05 AM
r39-0002889,nrodriguez@silverlinefreight.com,Flux Commentary,Build the board deck cash slide for Jan,completed,45.8,"FP&A Jan variance was $1,216,150 vs plan",06/06/2026 09:23:53 AM
r39-0002890,fwilson@silverlinefreight.com,Budget vs Actual,What drove the change in gross margin this quarter?,completed,16.6,"Ops Jun variance was $4,483,336 vs plan",06/06/2026 02:59:13 PM
r39-0002891,rjones@silverlinefreight.com,Budget vs Actual,Check covenant compliance for the revolver,completed,24.9,"Accounting Apr variance was $3,752,831 vs plan",06/06/2026 07:31:48 AM
r39-0002892,rclark@silverlinefreight.com,Revenue Recognizer,Forecast Apr operating cash flow,completed,26.5,"FP&A Apr variance was $3,048,253 vs plan",06/06/2026 02:46:49 PM
r39-0002893,fwilson@silverlinefreight.com,Covenant Checker,Draft flux commentary for the Jan close,completed,72.4,"Accounting Jan variance was $1,234,113 vs plan",06/06/2026 01:53:17 PM
r39-0002894,rclark@silverlinefreight.com,Cash Forecaster,Check covenant compliance for the revolver,completed,39.0,"Ops May variance was $1,750,446 vs plan",06/06/2026 06:27:15 PM
r39-0002895,rclark@silverlinefreight.com,Vendor Spend Analyzer,Forecast Jun operating cash flow,completed,47.8,"FP&A Jun variance was $4,132,014 vs plan",06/06/2026 01:55:05 PM
r39-0002896,rclark@silverlinefreight.com,Variance Explainer,Forecast Jun operating cash flow,completed,55.2,"FP&A Jun variance was $1,394,134 vs plan",06/06/2026 10:55:55 AM
r39-0002897,nrodriguez@silverlinefreight.com,Cash Forecaster,Why did Ops spend exceed budget in Jun?,completed,25.2,"Ops Jun variance was $1,564,801 vs plan",06/06/2026 02:16:10 PM
r39-0002898,nrodriguez@silverlinefreight.com,Headcount Planner,Draft flux commentary for the Apr close,completed,71.8,"Ops Apr variance was $1,179,848 vs plan",06/06/2026 09:24:48 AM
r39-0002899,nrodriguez@silverlinefreight.com,AP Aging Analyst,Explain the headcount variance vs plan,completed,11.6,"Accounting Jan variance was $944,890 vs plan",06/06/2026 01:44:58 PM
r39-0002900,rclark@silverlinefreight.com,Vendor Spend Analyzer,Build the board deck cash slide for May,completed,33.9,"Treasury May variance was $1,893,099 vs plan",06/07/2026 12:37:44 PM
r39-0002901,nrodriguez@silverlinefreight.com,Budget vs Actual,Draft flux commentary for the Feb close,completed,31.6,"Accounting Feb variance was $4,190,691 vs plan",06/07/2026 09:35:54 AM
r39-0002902,rclark@silverlinefreight.com,AP Aging Analyst,Reconcile AP aging over 90 days for MX-07,completed,73.7,"Ops Feb variance was $1,744,040 vs plan",06/07/2026 02:12:34 PM
r39-0002903,nrodriguez@silverlinefreight.com,Flux Commentary,Check covenant compliance for the revolver,completed,42.4,"FP&A Apr variance was $2,981,364 vs plan",06/07/2026 08:51:57 AM
r39-0002904,rclark@silverlinefreight.com,Vendor Spend Analyzer,Draft flux commentary for the Jan close,completed,30.8,"FP&A Jan variance was $2,387,528 vs plan",06/07/2026 03:41:43 PM
r39-0002905,rclark@silverlinefreight.com,Covenant Checker,Reconcile AP aging over 90 days for US-09,completed,1.4,Traceback (most recent call last): KeyError 'entity',06/07/2026 08:28:17 AM
r39-0002906,nrodriguez@silverlinefreight.com,Variance Explainer,Why did FP&A spend exceed budget in Jun?,completed,42.6,"FP&A Jun variance was $4,374,354 vs plan",06/07/2026 07:01:59 AM
r39-0002907,fwilson@silverlinefreight.com,Cash Forecaster,Check covenant compliance for the revolver,completed,60.9,"Treasury Jun variance was $3,396,600 vs plan",06/07/2026 02:09:10 PM
r39-0002908,nrodriguez@silverlinefreight.com,Budget vs Actual,Check covenant compliance for the revolver,completed,25.8,"FP&A Mar variance was $2,227,116 vs plan",06/07/2026 04:41:35 PM
r39-0002909,nrodriguez@silverlinefreight.com,Headcount Planner,What drove the change in gross margin this quarter?,completed,29.2,"Ops Jun variance was $812,847 vs plan",06/08/2026 06:54:44 AM
r39-0002910,rclark@silverlinefreight.com,Journal Entry Reviewer,Build the board deck cash slide for May,completed,27.0,"Ops May variance was $2,959,609 vs plan",06/08/2026 09:14:42 AM
r39-0002911,nrodriguez@silverlinefreight.com,Revenue Recognizer,Build the board deck cash slide for May,completed,48.8,"Treasury May variance was $3,314,400 vs plan",06/08/2026 01:24:52 PM
r39-0002912,rclark@silverlinefreight.com,AP Aging Analyst,Why did FP&A spend exceed budget in Jun?,completed,0.2,FAILED: null reference in aggregation step,06/08/2026 01:44:33 PM
r39-0002913,nrodriguez@silverlinefreight.com,Board Deck Builder,Forecast Jun operating cash flow,completed,7.1,"FP&A Jun variance was $3,541,822 vs plan",06/08/2026 02:52:01 PM
r39-0002914,rclark@silverlinefreight.com,Flux Commentary,Summarize the Jan variance for entity CA-02,completed,16.5,"Ops Jan variance was $1,208,525 vs plan",06/08/2026 11:05:11 AM
r39-0002915,rclark@silverlinefreight.com,Covenant Checker,Forecast May operating cash flow,completed,33.0,"Accounting May variance was $2,500,051 vs plan",06/08/2026 05:52:24 PM
r39-0002916,rclark@silverlinefreight.com,Flux Commentary,Why did Treasury spend exceed budget in Feb?,completed,59.2,"Treasury Feb variance was $629,999 vs plan",06/08/2026 05:36:47 PM
r39-0002917,rjones@silverlinefreight.com,Covenant Checker,Explain the headcount variance vs plan,completed,21.6,"Treasury Mar variance was $3,650,499 vs plan",06/08/2026 09:34:47 AM
r39-0002918,rclark@silverlinefreight.com,Close Checklist Bot,Build the board deck cash slide for Apr,completed,64.7,"Accounting Apr variance was $2,993,719 vs plan",06/08/2026 09:05:33 AM
r39-0002919,rjones@silverlinefreight.com,Budget vs Actual,Build the board deck cash slide for Jun,completed,57.2,"FP&A Jun variance was $2,726,924 vs plan",06/08/2026 12:06:41 PM
r39-0002920,nrodriguez@silverlinefreight.com,Close Checklist Bot,Explain the headcount variance vs plan,completed,38.4,"Treasury Jan variance was $3,705,252 vs plan",06/08/2026 01:09:41 PM
r39-0002921,rjones@silverlinefreight.com,Headcount Planner,Forecast Feb operating cash flow,completed,1.8,error code 502 from model gateway,06/08/2026 04:05:43 PM
r39-0002922,fwilson@silverlinefreight.com,Revenue Recognizer,Build the board deck cash slide for May,completed,0.4,ERROR: upstream request timed out,06/08/2026 05:26:05 PM
r39-0002923,nrodriguez@silverlinefreight.com,Vendor Spend Analyzer,Forecast May operating cash flow,completed,39.9,"FP&A May variance was $4,321,390 vs plan",06/08/2026 09:45:16 AM
r39-0002924,nrodriguez@silverlinefreight.com,Vendor Spend Analyzer,Draft flux commentary for the Jan close,completed,37.5,"Ops Jan variance was $1,016,058 vs plan",06/08/2026 08:07:51 AM
r39-0002925,fwilson@silverlinefreight.com,Flux Commentary,Reconcile AP aging over 90 days for MX-03,completed,28.6,"FP&A May variance was $383,182 vs plan",06/08/2026 01:03:09 PM
r39-0002926,rjones@silverlinefreight.com,Journal Entry Reviewer,Draft flux commentary for the Apr close,completed,1.5,error: connection reset by peer,06/08/2026 01:21:25 PM
r39-0002927,nrodriguez@silverlinefreight.com,Close Checklist Bot,Why did Accounting spend exceed budget in Jun?,completed,13.3,"Accounting Jun variance was $916,488 vs plan",06/08/2026 07:51:02 AM
r39-0002928,rclark@silverlinefreight.com,AP Aging Analyst,Check covenant compliance for the revolver,completed,8.5,"Treasury Jun variance was $1,873,327 vs plan",06/08/2026 01:17:45 PM
r39-0002929,rclark@silverlinefreight.com,Revenue Recognizer,What drove the change in gross margin this quarter?,completed,16.7,"FP&A Jan variance was $3,790,277 vs plan",06/08/2026 11:50:24 AM
r39-0002930,nrodriguez@silverlinefreight.com,Revenue Recognizer,What drove the change in gross margin this quarter?,completed,22.9,"Ops Apr variance was $4,767,732 vs plan",06/08/2026 01:00:23 PM
r39-0002931,rclark@silverlinefreight.com,Covenant Checker,Why did FP&A spend exceed budget in Mar?,completed,43.1,"FP&A Mar variance was $1,791,537 vs plan",06/08/2026 04:18:51 PM
r39-0002932,nrodriguez@silverlinefreight.com,Vendor Spend Analyzer,Summarize the Mar variance for entity US-05,completed,64.0,"Ops Mar variance was $3,774,459 vs plan",06/08/2026 07:02:00 AM
r39-0002933,rclark@silverlinefreight.com,Journal Entry Reviewer,Forecast Feb operating cash flow,completed,31.7,"Accounting Feb variance was $995,690 vs plan",06/08/2026 01:19:38 PM
r39-0002934,rclark@silverlinefreight.com,Journal Entry Reviewer,Build the board deck cash slide for Jun,completed,41.2,"Accounting Jun variance was $986,358 vs plan",06/08/2026 08:33:54 AM
r39-0002935,rclark@silverlinefreight.com,Journal Entry Reviewer,Summarize the Apr variance for entity CA-04,completed,64.7,"Accounting Apr variance was $2,541,683 vs plan",06/08/2026 01:10:16 PM
r39-0002936,nrodriguez@silverlinefreight.com,Budget vs Actual,Draft flux commentary for the May close,completed,47.7,"Accounting May variance was $209,274 vs plan",06/08/2026 12:49:03 PM
r39-0002937,rclark@silverlinefreight.com,Headcount Planner,Draft flux commentary for the Apr close,completed,39.8,"Ops Apr variance was $1,513,227 vs plan",06/08/2026 01:59:34 PM
r39-0002938,nrodriguez@silverlinefreight.com,Close Checklist Bot,Draft flux commentary for the Feb close,completed,4.6,"FP&A Feb variance was $3,602,367 vs plan",06/08/2026 01:20:15 PM
r39-0002939,fwilson@silverlinefreight.com,Journal Entry Reviewer,What drove the change in gross margin this quarter?,completed,20.3,"Ops Feb variance was $4,469,832 vs plan",06/08/2026 07:54:45 AM
r39-0002940,nrodriguez@silverlinefreight.com,Board Deck Builder,Forecast May operating cash flow,completed,53.1,"Accounting May variance was $152,657 vs plan",06/08/2026 03:41:02 PM
r39-0002941,nrodriguez@silverlinefreight.com,Close Checklist Bot,Draft flux commentary for the Apr close,completed,14.3,"FP&A Apr variance was $2,229,193 vs plan",06/08/2026 07:43:29 AM
r39-0002942,rclark@silverlinefreight.com,Headcount Planner,Build the board deck cash slide for Mar,completed,6.0,"Accounting Mar variance was $3,538,886 vs plan",06/08/2026 12:34:29 PM
r39-0002943,nrodriguez@silverlinefreight.com,Vendor Spend Analyzer,Forecast May operating cash flow,completed,71.4,"Treasury May variance was $364,959 vs plan",06/08/2026 10:23:32 AM
r39-0002944,nrodriguez@silverlinefreight.com,Variance Explainer,Explain the headcount variance vs plan,completed,0.7,Traceback (most recent call last): KeyError 'entity',06/08/2026 01:43:45 PM
r39-0002945,rclark@silverlinefreight.com,Headcount Planner,Build the board deck cash slide for Feb,completed,17.5,"Accounting Feb variance was $1,941,780 vs plan",06/08/2026 01:52:17 PM
r39-0002946,rclark@silverlinefreight.com,Close Checklist Bot,Explain the headcount variance vs plan,completed,23.7,"Accounting Jun variance was $493,921 vs plan",06/08/2026 12:56:58 PM
r39-0002947,nrodriguez@silverlinefreight.com,Revenue Recognizer,What drove the change in gross margin this quarter?,completed,60.9,"Accounting Jun variance was $3,215,293 vs plan",06/08/2026 03:07:27 PM
r39-0002948,nrodriguez@silverlinefreight.com,Board Deck Builder,Reconcile AP aging over 90 days for US-07,completed,9.8,"FP&A May variance was $2,118,146 vs plan",06/08/2026 10:09:37 AM
r39-0002949,nrodriguez@silverlinefreight.com,Revenue Recognizer,Summarize the May variance for entity EU-04,completed,49.2,"Treasury May variance was $1,774,901 vs plan",06/08/2026 08:09:47 AM
r39-0002950,rclark@silverlinefreight.com,AP Aging Analyst,Check covenant compliance for the revolver,error,6.5,error: connection reset by peer,06/08/2026 09:49:38 AM
r39-0002951,rclark@silverlinefreight.com,Headcount Planner,Build the board deck cash slide for Jun,completed,68.2,"Accounting Jun variance was $3,686,003 vs plan",06/08/2026 12:16:41 PM
r39-0002952,fwilson@silverlinefreight.com,Revenue Recognizer,Reconcile AP aging over 90 days for CA-03,completed,40.8,"Accounting Mar variance was $1,276,217 vs plan",06/08/2026 12:10:18 PM
r39-0002953,nrodriguez@silverlinefreight.com,Board Deck Builder,Summarize the Jan variance for entity MX-06,completed,6.4,"Accounting Jan variance was $4,778,669 vs plan",06/08/2026 02:19:47 PM
r39-0002954,nrodriguez@silverlinefreight.com,Covenant Checker,Why did Ops spend exceed budget in Mar?,completed,66.1,"Ops Mar variance was $3,361,393 vs plan",06/08/2026 10:07:39 AM
r39-0002955,fwilson@silverlinefreight.com,Headcount Planner,Reconcile AP aging over 90 days for US-01,error,7.0,FAILED: null reference in aggregation step,06/09/2026 11:21:55 AM
r39-0002956,fwilson@silverlinefreight.com,Headcount Planner,Why did Ops spend exceed budget in Jan?,completed,9.4,"Ops Jan variance was $3,784,436 vs plan",06/09/2026 12:29:44 PM
r39-0002957,fwilson@silverlinefreight.com,Journal Entry Reviewer,Why did FP&A spend exceed budget in Jan?,completed,37.0,"FP&A Jan variance was $1,316,216 vs plan",06/09/2026 11:44:05 AM
r39-0002958,rclark@silverlinefreight.com,Revenue Recognizer,Explain the headcount variance vs plan,completed,18.0,"FP&A Apr variance was $2,683,880 vs plan",06/09/2026 01:21:39 PM
r39-0002959,rclark@silverlinefreight.com,Budget vs Actual,Why did Ops spend exceed budget in Jun?,completed,4.0,"Ops Jun variance was $3,972,948 vs plan",06/09/2026 01:23:44 PM
r39-0002960,nrodriguez@silverlinefreight.com,Headcount Planner,Draft flux commentary for the Feb close,completed,23.9,"Ops Feb variance was $1,776,838 vs plan",06/09/2026 02:08:54 PM
r39-0002961,fwilson@silverlinefreight.com,Cash Forecaster,Why did Accounting spend exceed budget in Apr?,error,2.3,FAILED: null reference in aggregation step,06/09/2026 06:19:11 PM
r39-0002962,rclark@silverlinefreight.com,Budget vs Actual,What drove the change in gross margin this quarter?,completed,31.9,"FP&A May variance was $4,395,723 vs plan",06/09/2026 01:01:59 PM
r39-0002963,nrodriguez@silverlinefreight.com,Headcount Planner,Forecast Mar operating cash flow,completed,28.7,"Treasury Mar variance was $4,152,239 vs plan",06/09/2026 11:58:37 AM
r39-0002964,rclark@silverlinefreight.com,Vendor Spend Analyzer,Which cost centers are over budget YTD?,completed,15.7,"FP&A Feb variance was $753,456 vs plan",06/09/2026 11:47:18 AM
r39-0002965,fwilson@silverlinefreight.com,Revenue Recognizer,Why did Ops spend exceed budget in Apr?,completed,33.2,"Ops Apr variance was $176,837 vs plan",06/09/2026 01:19:21 PM
r39-0002966,rjones@silverlinefreight.com,Budget vs Actual,Build the board deck cash slide for Apr,completed,39.4,"Ops Apr variance was $137,584 vs plan",06/09/2026 08:10:32 AM
r39-0002967,rclark@silverlinefreight.com,Journal Entry Reviewer,Build the board deck cash slide for Apr,completed,5.3,"Accounting Apr variance was $3,789,925 vs plan",06/09/2026 07:00:40 PM
r39-0002968,nrodriguez@silverlinefreight.com,Budget vs Actual,Check covenant compliance for the revolver,completed,42.1,"Treasury Mar variance was $1,955,509 vs plan",06/09/2026 10:48:11 AM
r39-0002969,nrodriguez@silverlinefreight.com,Headcount Planner,Summarize the Apr variance for entity CA-03,completed,39.1,"Accounting Apr variance was $4,387,494 vs plan",06/09/2026 01:15:58 PM
r39-0002970,nrodriguez@silverlinefreight.com,Cash Forecaster,Which cost centers are over budget YTD?,completed,6.0,"Ops Apr variance was $4,463,389 vs plan",06/09/2026 12:48:26 PM
r39-0002971,rclark@silverlinefreight.com,Close Checklist Bot,Which cost centers are over budget YTD?,error,6.9,Traceback (most recent call last): KeyError 'entity',06/09/2026 04:48:33 PM
r39-0002972,nrodriguez@silverlinefreight.com,Covenant Checker,Summarize the Feb variance for entity US-02,completed,27.6,"Accounting Feb variance was $3,216,688 vs plan",06/09/2026 05:22:53 PM
r39-0002973,nrodriguez@silverlinefreight.com,Close Checklist Bot,Forecast Jan operating cash flow,completed,1.1,Traceback (most recent call last): KeyError 'entity',06/09/2026 03:05:52 PM
r39-0002974,nrodriguez@silverlinefreight.com,Covenant Checker,Draft flux commentary for the Feb close,completed,5.4,"FP&A Feb variance was $4,137,776 vs plan",06/09/2026 11:38:15 AM
r39-0002975,fwilson@silverlinefreight.com,Close Checklist Bot,Reconcile AP aging over 90 days for US-03,completed,67.7,"Accounting Jun variance was $4,572,706 vs plan",06/09/2026 10:44:35 AM
r39-0002976,rclark@silverlinefreight.com,Cash Forecaster,Check covenant compliance for the revolver,completed,47.6,"Ops May variance was $1,410,675 vs plan",06/09/2026 03:10:38 PM
r39-0002977,rjones@silverlinefreight.com,Vendor Spend Analyzer,Why did Ops spend exceed budget in Feb?,completed,17.0,"Ops Feb variance was $4,348,557 vs plan",06/09/2026 10:28:25 AM
r39-0002978,rclark@silverlinefreight.com,Cash Forecaster,Draft flux commentary for the Apr close,completed,54.0,"Ops Apr variance was $197,236 vs plan",06/09/2026 03:24:13 PM
r39-0002979,nrodriguez@silverlinefreight.com,Vendor Spend Analyzer,Summarize the Jun variance for entity US-08,completed,6.1,"Ops Jun variance was $190,409 vs plan",06/09/2026 10:58:47 AM
r39-0002980,nrodriguez@silverlinefreight.com,Cash Forecaster,Draft flux commentary for the May close,completed,31.5,"Treasury May variance was $1,031,530 vs plan",06/09/2026 09:16:48 AM
r39-0002981,rclark@silverlinefreight.com,Board Deck Builder,Reconcile AP aging over 90 days for US-08,completed,64.7,"Ops Mar variance was $2,395,993 vs plan",06/09/2026 01:05:21 PM
r39-0002982,fwilson@silverlinefreight.com,Budget vs Actual,Summarize the Mar variance for entity MX-07,completed,47.3,"Treasury Mar variance was $2,845,457 vs plan",06/09/2026 10:13:29 AM
r39-0002983,rclark@silverlinefreight.com,Headcount Planner,Draft flux commentary for the May close,completed,44.1,"Accounting May variance was $813,624 vs plan",06/09/2026 12:03:09 PM
r39-0002984,nrodriguez@silverlinefreight.com,Vendor Spend Analyzer,Reconcile AP aging over 90 days for MX-08,completed,33.7,"Accounting Apr variance was $3,746,599 vs plan",06/09/2026 12:48:22 PM
r39-0002985,fwilson@silverlinefreight.com,AP Aging Analyst,Draft flux commentary for the Feb close,completed,71.5,"FP&A Feb variance was $1,312,768 vs plan",06/09/2026 09:02:14 AM
r39-0002986,rjones@silverlinefreight.com,Covenant Checker,Reconcile AP aging over 90 days for MX-07,completed,26.8,"Accounting Mar variance was $2,068,332 vs plan",06/09/2026 02:07:26 PM
r39-0002987,nrodriguez@silverlinefreight.com,Headcount Planner,Build the board deck cash slide for Feb,completed,58.4,"FP&A Feb variance was $1,546,986 vs plan",06/10/2026 10:48:17 AM
r39-0002988,nrodriguez@silverlinefreight.com,Variance Explainer,Explain the headcount variance vs plan,completed,63.9,"Treasury May variance was $1,175,939 vs plan",06/10/2026 05:13:17 PM
r39-0002989,nrodriguez@silverlinefreight.com,Revenue Recognizer,Explain the headcount variance vs plan,completed,42.2,"Ops Feb variance was $4,480,121 vs plan",06/10/2026 01:11:01 PM
r39-0002990,rclark@silverlinefreight.com,Board Deck Builder,Forecast Mar operating cash flow,completed,64.2,"Ops Mar variance was $903,726 vs plan",06/10/2026 12:05:13 PM
r39-0002991,nrodriguez@silverlinefreight.com,Journal Entry Reviewer,Reconcile AP aging over 90 days for MX-09,completed,65.7,"FP&A May variance was $2,079,042 vs plan",06/10/2026 01:25:40 PM
r39-0002992,nrodriguez@silverlinefreight.com,Journal Entry Reviewer,Why did Treasury spend exceed budget in Apr?,completed,34.4,"Treasury Apr variance was $1,640,474 vs plan",06/10/2026 03:25:03 PM
r39-0002993,rclark@silverlinefreight.com,Cash Forecaster,Why did Ops spend exceed budget in Mar?,completed,7.2,"Ops Mar variance was $1,528,199 vs plan",06/10/2026 12:00:59 PM
r39-0002994,fwilson@silverlinefreight.com,Cash Forecaster,Summarize the May variance for entity MX-04,completed,7.9,"Treasury May variance was $3,416,088 vs plan",06/10/2026 06:31:21 PM
r39-0002995,fwilson@silverlinefreight.com,Flux Commentary,What drove the change in gross margin this quarter?,error,5.5,ERROR: upstream request timed out,06/10/2026 10:33:49 AM
r39-0002996,rclark@silverlinefreight.com,Revenue Recognizer,Forecast Apr operating cash flow,completed,47.1,"Ops Apr variance was $1,887,431 vs plan",06/10/2026 12:14:00 PM
r39-0002997,nrodriguez@silverlinefreight.com,AP Aging Analyst,Forecast Jan operating cash flow,completed,14.5,"Treasury Jan variance was $899,659 vs plan",06/10/2026 03:51:45 PM
r39-0002998,nrodriguez@silverlinefreight.com,Cash Forecaster,Which cost centers are over budget YTD?,completed,72.8,"FP&A Mar variance was $1,069,017 vs plan",06/10/2026 03:23:59 PM
r39-0002999,rclark@silverlinefreight.com,Covenant Checker,Build the board deck cash slide for Jan,completed,68.5,"Accounting Jan variance was $3,502,261 vs plan",06/10/2026 01:49:29 PM
r39-0003000,nrodriguez@silverlinefreight.com,Journal Entry Reviewer,Draft flux commentary for the Apr close,completed,32.7,"Treasury Apr variance was $4,165,668 vs plan",06/10/2026 11:58:56 AM
r39-0003001,nrodriguez@silverlinefreight.com,AP Aging Analyst,Draft flux commentary for the Jan close,completed,26.2,"FP&A Jan variance was $3,836,523 vs plan",06/10/2026 03:32:25 PM
r39-0003002,rclark@silverlinefreight.com,Vendor Spend Analyzer,Forecast Jun operating cash flow,completed,33.3,"Treasury Jun variance was $3,722,266 vs plan",06/10/2026 12:49:12 PM
r39-0003003,fwilson@silverlinefreight.com,Close Checklist Bot,Forecast May operating cash flow,completed,12.8,"Accounting May variance was $2,669,350 vs plan",06/10/2026 12:43:32 PM
r39-0003004,fwilson@silverlinefreight.com,Board Deck Builder,Summarize the Mar variance for entity CA-05,completed,1.3,ERROR: upstream request timed out,06/10/2026 08:55:22 AM
r39-0003005,nrodriguez@silverlinefreight.com,Flux Commentary,Summarize the Apr variance for entity US-08,completed,11.0,"Accounting Apr variance was $2,138,011 vs plan",06/10/2026 12:09:08 PM
r39-0003006,nrodriguez@silverlinefreight.com,Vendor Spend Analyzer,Reconcile AP aging over 90 days for EU-07,completed,12.4,"FP&A Apr variance was $4,013,163 vs plan",06/10/2026 11:48:14 AM
r39-0003007,nrodriguez@silverlinefreight.com,Revenue Recognizer,Reconcile AP aging over 90 days for CA-04,completed,1.8,ERROR: upstream request timed out,06/10/2026 07:35:54 AM
r39-0003008,nrodriguez@silverlinefreight.com,Budget vs Actual,Draft flux commentary for the May close,completed,31.7,"FP&A May variance was $3,438,634 vs plan",06/10/2026 09:25:58 PM
r39-0003009,nrodriguez@silverlinefreight.com,Revenue Recognizer,Why did Accounting spend exceed budget in Feb?,completed,31.8,"Accounting Feb variance was $3,546,553 vs plan",06/10/2026 12:43:01 PM
r39-0003010,nrodriguez@silverlinefreight.com,Flux Commentary,Reconcile AP aging over 90 days for EU-03,error,5.2,ERROR: upstream request timed out,06/10/2026 04:43:54 PM
r39-0003011,rclark@silverlinefreight.com,Covenant Checker,Forecast Jun operating cash flow,completed,18.7,"Treasury Jun variance was $3,249,556 vs plan",06/10/2026 09:55:32 AM
r39-0003012,nrodriguez@silverlinefreight.com,Covenant Checker,Which cost centers are over budget YTD?,completed,0.9,FAILED: null reference in aggregation step,06/10/2026 01:58:40 PM
r39-0003013,fwilson@silverlinefreight.com,Vendor Spend Analyzer,Which cost centers are over budget YTD?,completed,70.9,"Treasury Feb variance was $676,258 vs plan",06/10/2026 06:10:42 AM
r39-0003014,rclark@silverlinefreight.com,Revenue Recognizer,Why did Accounting spend exceed budget in Jan?,completed,59.1,"Accounting Jan variance was $62,224 vs plan",06/10/2026 12:46:53 PM
r39-0003015,nrodriguez@silverlinefreight.com,Cash Forecaster,Check covenant compliance for the revolver,completed,40.7,"FP&A Jun variance was $4,148,874 vs plan",06/11/2026 12:19:28 PM
r39-0003016,rclark@silverlinefreight.com,Cash Forecaster,Why did FP&A spend exceed budget in Jun?,completed,35.3,"FP&A Jun variance was $3,955,219 vs plan",06/11/2026 03:25:55 PM
r39-0003017,nrodriguez@silverlinefreight.com,Variance Explainer,What drove the change in gross margin this quarter?,completed,55.4,"FP&A Jun variance was $4,693,706 vs plan",06/11/2026 07:21:46 AM
r39-0003018,rclark@silverlinefreight.com,Flux Commentary,Explain the headcount variance vs plan,completed,69.7,"Accounting Apr variance was $3,941,811 vs plan",06/11/2026 01:47:45 PM
r39-0003019,rclark@silverlinefreight.com,Cash Forecaster,Reconcile AP aging over 90 days for US-05,completed,0.8,error code 502 from model gateway,06/11/2026 01:57:50 PM
r39-0003020,nrodriguez@silverlinefreight.com,Board Deck Builder,Which cost centers are over budget YTD?,completed,5.0,"Treasury Mar variance was $1,873,624 vs plan",06/11/2026 11:24:07 AM
r39-0003021,rclark@silverlinefreight.com,Covenant Checker,Summarize the Feb variance for entity CA-09,completed,74.9,"Ops Feb variance was $3,514,924 vs plan",06/11/2026 12:33:18 PM
r39-0003022,rjones@silverlinefreight.com,AP Aging Analyst,Which cost centers are over budget YTD?,completed,26.9,"Ops Jun variance was $2,049,563 vs plan",06/11/2026 10:59:55 AM
r39-0003023,rclark@silverlinefreight.com,Covenant Checker,Check covenant compliance for the revolver,error,7.3,error code 502 from model gateway,06/11/2026 08:12:03 AM
r39-0003024,nrodriguez@silverlinefreight.com,Journal Entry Reviewer,Draft flux commentary for the Jan close,completed,1.5,Traceback (most recent call last): KeyError 'entity',06/11/2026 03:15:37 PM
r39-0003025,nrodriguez@silverlinefreight.com,AP Aging Analyst,Forecast Jan operating cash flow,completed,61.2,"Accounting Jan variance was $272,625 vs plan",06/11/2026 08:44:30 AM
r39-0003026,rclark@silverlinefreight.com,AP Aging Analyst,Reconcile AP aging over 90 days for US-05,completed,60.9,"Ops Jun variance was $1,267,328 vs plan",06/11/2026 01:20:45 PM
r39-0003027,rclark@silverlinefreight.com,AP Aging Analyst,Summarize the Jan variance for entity CA-03,completed,71.3,"FP&A Jan variance was $3,193,796 vs plan",06/11/2026 11:26:21 AM
r39-0003028,rclark@silverlinefreight.com,AP Aging Analyst,Reconcile AP aging over 90 days for US-07,completed,48.1,"Accounting Mar variance was $1,233,472 vs plan",06/11/2026 10:14:02 AM
r39-0003029,rclark@silverlinefreight.com,Cash Forecaster,Draft flux commentary for the Feb close,completed,1.9,Traceback (most recent call last): KeyError 'entity',06/11/2026 11:37:55 AM
r39-0003030,nrodriguez@silverlinefreight.com,Board Deck Builder,Forecast Feb operating cash flow,completed,47.5,"Treasury Feb variance was $886,000 vs plan",06/11/2026 01:00:02 PM
r39-0003031,rclark@silverlinefreight.com,Revenue Recognizer,What drove the change in gross margin this quarter?,completed,61.5,"Accounting May variance was $395,188 vs plan",06/11/2026 11:55:18 AM
r39-0003032,rjones@silverlinefreight.com,Revenue Recognizer,Reconcile AP aging over 90 days for US-06,completed,15.7,"Accounting Jan variance was $3,607,613 vs plan",06/11/2026 12:29:51 PM
r39-0003033,nrodriguez@silverlinefreight.com,Covenant Checker,Draft flux commentary for the Mar close,completed,42.0,"Treasury Mar variance was $2,613,079 vs plan",06/11/2026 10:46:37 AM
r39-0003034,nrodriguez@silverlinefreight.com,Board Deck Builder,What drove the change in gross margin this quarter?,completed,50.9,"Treasury Apr variance was $3,771,035 vs plan",06/11/2026 12:15:03 PM
r39-0003035,fwilson@silverlinefreight.com,Vendor Spend Analyzer,Summarize the Feb variance for entity MX-06,completed,16.9,"FP&A Feb variance was $1,430,189 vs plan",06/11/2026 04:50:25 PM
r39-0003036,fwilson@silverlinefreight.com,Close Checklist Bot,Explain the headcount variance vs plan,completed,29.8,"Ops Mar variance was $3,482,632 vs plan",06/11/2026 03:50:35 PM
r39-0003037,nrodriguez@silverlinefreight.com,Vendor Spend Analyzer,Explain the headcount variance vs plan,completed,31.2,"FP&A Jan variance was $152,939 vs plan",06/11/2026 06:43:41 PM
r39-0003038,nrodriguez@silverlinefreight.com,Variance Explainer,Explain the headcount variance vs plan,completed,49.6,"Ops Apr variance was $3,461,540 vs plan",06/11/2026 09:49:17 AM
r39-0003039,nrodriguez@silverlinefreight.com,Headcount Planner,Check covenant compliance for the revolver,completed,37.3,"Treasury Apr variance was $3,872,395 vs plan",06/11/2026 02:41:18 PM
r39-0003040,nrodriguez@silverlinefreight.com,Flux Commentary,What drove the change in gross margin this quarter?,completed,70.4,"Accounting Jan variance was $1,862,503 vs plan",06/11/2026 08:54:00 AM
r39-0003041,rclark@silverlinefreight.com,Variance Explainer,Forecast May operating cash flow,completed,73.6,"Ops May variance was $894,226 vs plan",06/11/2026 12:06:43 PM
r39-0003042,rclark@silverlinefreight.com,Flux Commentary,Build the board deck cash slide for Jan,completed,55.5,"Accounting Jan variance was $3,015,342 vs plan",06/11/2026 07:34:15 AM
r39-0003043,nrodriguez@silverlinefreight.com,Variance Explainer,Reconcile AP aging over 90 days for EU-05,completed,69.1,"FP&A Apr variance was $3,610,778 vs plan",06/11/2026 09:31:57 AM
r39-0003044,rclark@silverlinefreight.com,Board Deck Builder,Why did Ops spend exceed budget in Apr?,completed,1.6,FAILED: null reference in aggregation step,06/11/2026 03:53:59 PM
r39-0003045,rclark@silverlinefreight.com,Headcount Planner,What drove the change in gross margin this quarter?,completed,1.8,Traceback (most recent call last): KeyError 'entity',06/11/2026 09:40:02 AM
r39-0003046,nrodriguez@silverlinefreight.com,Covenant Checker,Reconcile AP aging over 90 days for MX-09,completed,23.7,"FP&A Jun variance was $905,060 vs plan",06/11/2026 08:33:06 AM
r39-0003047,nrodriguez@silverlinefreight.com,Close Checklist Bot,Explain the headcount variance vs plan,completed,72.8,"FP&A Jun variance was $4,537,372 vs plan",06/11/2026 01:24:46 PM
r39-0003048,nrodriguez@silverlinefreight.com,Journal Entry Reviewer,Forecast Apr operating cash flow,completed,42.1,"Ops Apr variance was $2,225,885 vs plan",06/11/2026 04:18:11 PM
r39-0003049,fwilson@silverlinefreight.com,Covenant Checker,Forecast Jan operating cash flow,completed,68.7,"FP&A Jan variance was $1,845,403 vs plan",06/11/2026 06:15:29 PM
r39-0003050,fwilson@silverlinefreight.com,Close Checklist Bot,Build the board deck cash slide for May,completed,0.3,error: connection reset by peer,06/11/2026 10:11:02 AM
r39-0003051,rclark@silverlinefreight.com,Revenue Recognizer,Which cost centers are over budget YTD?,completed,67.1,"Accounting Mar variance was $2,185,019 vs plan",06/11/2026 10:12:43 AM
r39-0003052,nrodriguez@silverlinefreight.com,Headcount Planner,What drove the change in gross margin this quarter?,completed,52.8,"Treasury May variance was $2,266,763 vs plan",06/11/2026 02:55:56 PM
r39-0003053,fwilson@silverlinefreight.com,Flux Commentary,What drove the change in gross margin this quarter?,completed,58.9,"Treasury Apr variance was $3,308,700 vs plan",06/11/2026 02:01:47 PM
r39-0003054,nrodriguez@silverlinefreight.com,Headcount Planner,What drove the change in gross margin this quarter?,completed,67.5,"Ops Jan variance was $1,090,808 vs plan",06/11/2026 02:14:11 PM
r39-0003055,rclark@silverlinefreight.com,Close Checklist Bot,Build the board deck cash slide for Apr,completed,42.0,"Accounting Apr variance was $1,747,087 vs plan",06/11/2026 06:56:43 AM
r39-0003056,rjones@silverlinefreight.com,Cash Forecaster,Which cost centers are over budget YTD?,completed,35.2,"Treasury Apr variance was $4,297,766 vs plan",06/11/2026 05:39:37 PM
r39-0003057,rjones@silverlinefreight.com,Revenue Recognizer,Draft flux commentary for the May close,completed,11.1,"FP&A May variance was $3,180,866 vs plan",06/11/2026 02:30:54 PM
r39-0003058,rclark@silverlinefreight.com,AP Aging Analyst,Reconcile AP aging over 90 days for EU-05,completed,46.5,"Accounting Apr variance was $3,950,040 vs plan",06/11/2026 03:21:17 PM
r39-0003059,nrodriguez@silverlinefreight.com,Revenue Recognizer,Which cost centers are over budget YTD?,completed,54.5,"FP&A May variance was $495,443 vs plan",06/11/2026 12:39:57 PM
r39-0003060,rclark@silverlinefreight.com,Board Deck Builder,Forecast May operating cash flow,completed,51.9,"FP&A May variance was $3,091,158 vs plan",06/12/2026 08:28:08 AM
r39-0003061,nrodriguez@silverlinefreight.com,Covenant Checker,Build the board deck cash slide for Jun,completed,21.7,"Treasury Jun variance was $220,746 vs plan",06/12/2026 11:19:45 AM
r39-0003062,rclark@silverlinefreight.com,Flux Commentary,Explain the headcount variance vs plan,completed,47.2,"Ops Feb variance was $1,768,517 vs plan",06/12/2026 12:25:59 PM
r39-0003063,nrodriguez@silverlinefreight.com,Cash Forecaster,What drove the change in gross margin this quarter?,completed,10.7,"Treasury Mar variance was $1,456,321 vs plan",06/12/2026 11:39:09 AM
r39-0003064,rclark@silverlinefreight.com,Revenue Recognizer,Explain the headcount variance vs plan,completed,63.8,"Accounting Mar variance was $1,876,204 vs plan",06/12/2026 01:43:35 PM
r39-0003065,nrodriguez@silverlinefreight.com,Headcount Planner,Check covenant compliance for the revolver,completed,66.8,"Ops Jan variance was $4,136,006 vs plan",06/12/2026 11:40:08 AM
r39-0003066,fwilson@silverlinefreight.com,Budget vs Actual,Explain the headcount variance vs plan,completed,29.7,"Accounting Apr variance was $3,883,807 vs plan",06/12/2026 01:30:58 PM
r39-0003067,nrodriguez@silverlinefreight.com,Journal Entry Reviewer,Reconcile AP aging over 90 days for US-05,completed,72.1,"Accounting Jun variance was $356,315 vs plan",06/12/2026 12:06:41 PM
r39-0003068,rclark@silverlinefreight.com,Board Deck Builder,Summarize the Mar variance for entity CA-05,completed,67.1,"Ops Mar variance was $59,103 vs plan",06/12/2026 03:22:53 PM
r39-0003069,nrodriguez@silverlinefreight.com,Close Checklist Bot,Check covenant compliance for the revolver,completed,13.8,"FP&A Jan variance was $4,478,405 vs plan",06/12/2026 04:21:36 PM
r39-0003070,rclark@silverlinefreight.com,Board Deck Builder,Explain the headcount variance vs plan,completed,58.5,"Ops Feb variance was $3,521,167 vs plan",06/12/2026 01:07:16 PM
r39-0003071,rclark@silverlinefreight.com,Headcount Planner,Why did Accounting spend exceed budget in Mar?,completed,72.6,"Accounting Mar variance was $3,981,948 vs plan",06/12/2026 02:48:39 PM
r39-0003072,nrodriguez@silverlinefreight.com,Revenue Recognizer,Why did Accounting spend exceed budget in Feb?,completed,44.0,"Accounting Feb variance was $500,670 vs plan",06/12/2026 10:21:58 AM
r39-0003073,rclark@silverlinefreight.com,Revenue Recognizer,Summarize the Jun variance for entity CA-04,completed,0.6,error: connection reset by peer,06/12/2026 08:27:49 AM
r39-0003074,nrodriguez@silverlinefreight.com,Revenue Recognizer,Check covenant compliance for the revolver,completed,37.8,"Ops Jan variance was $2,010,214 vs plan",06/12/2026 03:53:28 PM
r39-0003075,nrodriguez@silverlinefreight.com,Vendor Spend Analyzer,Forecast Mar operating cash flow,completed,28.0,"Ops Mar variance was $3,110,872 vs plan",06/12/2026 02:32:01 PM
r39-0003076,rclark@silverlinefreight.com,Close Checklist Bot,Forecast May operating cash flow,completed,48.5,"Treasury May variance was $2,576,045 vs plan",06/12/2026 02:57:35 PM
r39-0003077,rclark@silverlinefreight.com,AP Aging Analyst,Which cost centers are over budget YTD?,completed,20.6,"Accounting Jun variance was $4,236,463 vs plan",06/12/2026 09:58:02 AM
r39-0003078,nrodriguez@silverlinefreight.com,Board Deck Builder,Summarize the Mar variance for entity EU-09,completed,39.9,"Treasury Mar variance was $2,433,045 vs plan",06/12/2026 12:07:31 PM
r39-0003079,rclark@silverlinefreight.com,Covenant Checker,Reconcile AP aging over 90 days for EU-01,completed,59.4,"Ops Jun variance was $3,701,237 vs plan",06/12/2026 10:47:02 AM
r39-0003080,rjones@silverlinefreight.com,Covenant Checker,Forecast Jan operating cash flow,completed,35.9,"Treasury Jan variance was $1,677,295 vs plan",06/12/2026 10:13:32 AM
r39-0003081,rclark@silverlinefreight.com,Vendor Spend Analyzer,Explain the headcount variance vs plan,completed,37.7,"Ops May variance was $3,686,880 vs plan",06/12/2026 03:44:20 PM
r39-0003082,rjones@silverlinefreight.com,Vendor Spend Analyzer,Draft flux commentary for the Mar close,completed,25.5,"Ops Mar variance was $1,694,983 vs plan",06/12/2026 12:37:37 PM
r39-0003083,rclark@silverlinefreight.com,Vendor Spend Analyzer,Reconcile AP aging over 90 days for EU-09,completed,20.3,"FP&A Mar variance was $1,362,100 vs plan",06/12/2026 06:55:08 PM
r39-0003084,nrodriguez@silverlinefreight.com,Headcount Planner,Explain the headcount variance vs plan,completed,8.6,"Accounting Jun variance was $2,633,344 vs plan",06/12/2026 01:24:11 PM
r39-0003085,nrodriguez@silverlinefreight.com,Variance Explainer,Why did Ops spend exceed budget in May?,completed,46.0,"Ops May variance was $3,080,738 vs plan",06/12/2026 04:01:44 PM
r39-0003086,nrodriguez@silverlinefreight.com,Headcount Planner,Build the board deck cash slide for May,completed,6.3,"Accounting May variance was $2,154,266 vs plan",06/12/2026 10:02:54 AM
r39-0003087,rclark@silverlinefreight.com,Cash Forecaster,Reconcile AP aging over 90 days for MX-02,completed,23.1,"FP&A Jan variance was $3,256,500 vs plan",06/12/2026 06:23:17 AM
r39-0003088,fwilson@silverlinefreight.com,Covenant Checker,What drove the change in gross margin this quarter?,completed,44.8,"Accounting May variance was $1,982,851 vs plan",06/12/2026 01:38:34 PM
r39-0003089,nrodriguez@silverlinefreight.com,Covenant Checker,Check covenant compliance for the revolver,completed,25.4,"Treasury Apr variance was $3,552,907 vs plan",06/12/2026 07:36:35 PM
r39-0003090,fwilson@silverlinefreight.com,Covenant Checker,Explain the headcount variance vs plan,completed,61.1,"FP&A Feb variance was $308,871 vs plan",06/12/2026 11:12:01 AM
r39-0003091,nrodriguez@silverlinefreight.com,Close Checklist Bot,Explain the headcount variance vs plan,completed,46.2,"FP&A May variance was $704,435 vs plan",06/12/2026 09:18:20 AM
r39-0003092,nrodriguez@silverlinefreight.com,AP Aging Analyst,Which cost centers are over budget YTD?,completed,65.1,"Treasury Apr variance was $3,241,666 vs plan",06/12/2026 03:49:00 PM
r39-0003093,fwilson@silverlinefreight.com,Revenue Recognizer,Explain the headcount variance vs plan,completed,10.8,"Treasury Jan variance was $3,314,848 vs plan",06/12/2026 01:41:14 PM
r39-0003094,rclark@silverlinefreight.com,Revenue Recognizer,Explain the headcount variance vs plan,completed,18.5,"Ops Jan variance was $1,571,929 vs plan",06/12/2026 12:30:17 PM
r39-0003095,rclark@silverlinefreight.com,Flux Commentary,Why did Accounting spend exceed budget in Feb?,completed,70.3,"Accounting Feb variance was $3,953,890 vs plan",06/12/2026 03:02:04 PM
r39-0003096,fwilson@silverlinefreight.com,Journal Entry Reviewer,Which cost centers are over budget YTD?,completed,4.1,"Ops May variance was $425,255 vs plan",06/13/2026 11:55:14 AM
r39-0003097,nrodriguez@silverlinefreight.com,Budget vs Actual,Build the board deck cash slide for Feb,completed,50.7,"Ops Feb variance was $1,805,990 vs plan",06/13/2026 11:29:12 AM
r39-0003098,nrodriguez@silverlinefreight.com,Revenue Recognizer,Forecast Jun operating cash flow,completed,59.6,"FP&A Jun variance was $3,515,926 vs plan",06/13/2026 04:40:03 PM
r39-0003099,fwilson@silverlinefreight.com,Revenue Recognizer,Check covenant compliance for the revolver,completed,24.9,"Treasury Jan variance was $101,335 vs plan",06/13/2026 01:46:39 PM
r39-0003100,rclark@silverlinefreight.com,Covenant Checker,Summarize the Apr variance for entity MX-04,completed,18.6,"FP&A Apr variance was $1,669,347 vs plan",06/13/2026 10:34:36 AM
r39-0003101,rjones@silverlinefreight.com,Board Deck Builder,Why did Treasury spend exceed budget in Jan?,completed,69.9,"Treasury Jan variance was $4,624,401 vs plan",06/13/2026 05:56:30 PM
r39-0003102,nrodriguez@silverlinefreight.com,AP Aging Analyst,Check covenant compliance for the revolver,completed,25.4,"Ops Feb variance was $1,836,524 vs plan",06/13/2026 12:41:49 PM
r39-0003103,rclark@silverlinefreight.com,Flux Commentary,Build the board deck cash slide for Jan,completed,30.3,"Ops Jan variance was $1,395,337 vs plan",06/13/2026 12:06:51 PM
r39-0003104,rjones@silverlinefreight.com,Covenant Checker,Why did FP&A spend exceed budget in May?,completed,26.2,"FP&A May variance was $2,990,655 vs plan",06/13/2026 02:57:16 PM
r39-0003105,nrodriguez@silverlinefreight.com,Covenant Checker,Forecast Apr operating cash flow,completed,63.3,"FP&A Apr variance was $1,457,236 vs plan",06/13/2026 09:44:33 AM
r39-0003106,rclark@silverlinefreight.com,Close Checklist Bot,Build the board deck cash slide for Mar,completed,17.6,"Accounting Mar variance was $292,330 vs plan",06/13/2026 02:15:59 PM
r39-0003107,nrodriguez@silverlinefreight.com,Journal Entry Reviewer,Which cost centers are over budget YTD?,completed,22.7,"Treasury Jun variance was $1,539,031 vs plan",06/13/2026 12:08:00 PM
r39-0003108,nrodriguez@silverlinefreight.com,AP Aging Analyst,Reconcile AP aging over 90 days for US-08,completed,27.9,"Ops May variance was $3,544,435 vs plan",06/13/2026 01:10:00 PM
r39-0003109,nrodriguez@silverlinefreight.com,AP Aging Analyst,Check covenant compliance for the revolver,completed,49.5,"Ops May variance was $3,620,431 vs plan",06/13/2026 10:13:11 AM
r39-0003110,nrodriguez@silverlinefreight.com,AP Aging Analyst,Forecast Mar operating cash flow,completed,68.6,"FP&A Mar variance was $3,982,664 vs plan",06/13/2026 02:09:22 PM
r39-0003111,rjones@silverlinefreight.com,Covenant Checker,Reconcile AP aging over 90 days for CA-03,completed,63.4,"Treasury Apr variance was $3,240,588 vs plan",06/14/2026 04:04:46 PM
r39-0003112,rclark@silverlinefreight.com,Board Deck Builder,What drove the change in gross margin this quarter?,completed,9.8,"Treasury Feb variance was $3,768,614 vs plan",06/14/2026 12:22:51 PM
r39-0003113,fwilson@silverlinefreight.com,AP Aging Analyst,Which cost centers are over budget YTD?,completed,23.6,"Treasury Apr variance was $1,759,126 vs plan",06/14/2026 07:57:59 AM
r39-0003114,rclark@silverlinefreight.com,Revenue Recognizer,Reconcile AP aging over 90 days for MX-07,completed,6.9,"Ops Mar variance was $1,554,000 vs plan",06/14/2026 10:12:28 AM
r39-0003115,nrodriguez@silverlinefreight.com,Journal Entry Reviewer,Which cost centers are over budget YTD?,completed,70.5,"Accounting Feb variance was $1,112,392 vs plan",06/14/2026 01:44:12 PM
r39-0003116,rclark@silverlinefreight.com,Headcount Planner,Explain the headcount variance vs plan,completed,74.4,"Accounting May variance was $2,749,789 vs plan",06/14/2026 02:35:19 PM
r39-0003117,nrodriguez@silverlinefreight.com,Headcount Planner,Forecast Apr operating cash flow,completed,22.6,"FP&A Apr variance was $2,585,038 vs plan",06/14/2026 05:30:48 PM
r39-0003118,rjones@silverlinefreight.com,Board Deck Builder,Summarize the May variance for entity US-04,completed,13.1,"Ops May variance was $201,011 vs plan",06/14/2026 02:59:01 PM
r39-0003119,rclark@silverlinefreight.com,Covenant Checker,Forecast Apr operating cash flow,error,1.7,error: connection reset by peer,06/14/2026 04:12:20 PM
r39-0003120,fwilson@silverlinefreight.com,Vendor Spend Analyzer,Which cost centers are over budget YTD?,completed,54.7,"Treasury Jan variance was $263,654 vs plan",06/14/2026 05:33:15 PM
r39-0003121,rclark@silverlinefreight.com,Close Checklist Bot,What drove the change in gross margin this quarter?,completed,39.7,"FP&A Feb variance was $1,009,856 vs plan",06/14/2026 04:00:20 PM
r39-0003122,fwilson@silverlinefreight.com,Vendor Spend Analyzer,Draft flux commentary for the Mar close,completed,1.6,error code 502 from model gateway,06/14/2026 11:32:46 AM
r39-0003123,nrodriguez@silverlinefreight.com,Journal Entry Reviewer,Forecast Jun operating cash flow,completed,42.4,"Ops Jun variance was $4,204,988 vs plan",06/14/2026 02:32:53 PM
r39-0003124,fwilson@silverlinefreight.com,Budget vs Actual,Reconcile AP aging over 90 days for MX-04,completed,69.7,"Accounting Apr variance was $977,670 vs plan",06/14/2026 11:15:36 AM
r39-0003125,rclark@silverlinefreight.com,AP Aging Analyst,Summarize the Apr variance for entity MX-09,completed,64.0,"Treasury Apr variance was $2,896,280 vs plan",06/14/2026 09:01:42 AM
r39-0003126,rclark@silverlinefreight.com,Cash Forecaster,Why did Treasury spend exceed budget in Feb?,completed,10.6,"Treasury Feb variance was $1,582,953 vs plan",06/14/2026 01:53:12 PM
r39-0003127,nrodriguez@silverlinefreight.com,Vendor Spend Analyzer,Which cost centers are over budget YTD?,completed,31.0,"Accounting Feb variance was $4,155,295 vs plan",06/14/2026 02:59:01 PM
r39-0003128,nrodriguez@silverlinefreight.com,Variance Explainer,Summarize the Feb variance for entity MX-05,completed,29.7,"Ops Feb variance was $1,898,534 vs plan",06/14/2026 02:54:04 PM
r39-0003129,nrodriguez@silverlinefreight.com,Headcount Planner,Reconcile AP aging over 90 days for MX-02,completed,23.8,"Ops Apr variance was $3,040,866 vs plan",06/14/2026 12:41:40 PM
r39-0003130,nrodriguez@silverlinefreight.com,Board Deck Builder,Why did Ops spend exceed budget in Mar?,completed,57.1,"Ops Mar variance was $872,659 vs plan",06/15/2026 01:43:09 PM
r39-0003131,fwilson@silverlinefreight.com,Covenant Checker,Reconcile AP aging over 90 days for CA-02,completed,43.7,"Ops Feb variance was $2,926,991 vs plan",06/15/2026 04:17:00 PM
r39-0003132,nrodriguez@silverlinefreight.com,Journal Entry Reviewer,Which cost centers are over budget YTD?,completed,39.9,"Treasury Feb variance was $1,520,437 vs plan",06/15/2026 11:06:27 AM
r39-0003133,nrodriguez@silverlinefreight.com,Flux Commentary,Draft flux commentary for the Feb close,completed,26.2,"Accounting Feb variance was $4,172,432 vs plan",06/15/2026 09:45:14 AM
r39-0003134,nrodriguez@silverlinefreight.com,Revenue Recognizer,What drove the change in gross margin this quarter?,completed,44.8,"Accounting Mar variance was $2,005,365 vs plan",06/15/2026 05:32:27 PM
r39-0003135,rclark@silverlinefreight.com,AP Aging Analyst,Explain the headcount variance vs plan,completed,59.8,"Accounting Feb variance was $4,201,863 vs plan",06/15/2026 09:27:50 AM
r39-0003136,rclark@silverlinefreight.com,Covenant Checker,Reconcile AP aging over 90 days for MX-06,completed,24.2,"Accounting Apr variance was $4,662,791 vs plan",06/15/2026 02:51:08 PM
r39-0003137,nrodriguez@silverlinefreight.com,Budget vs Actual,Build the board deck cash slide for Mar,completed,19.0,"FP&A Mar variance was $2,350,408 vs plan",06/15/2026 01:52:25 PM
r39-0003138,nrodriguez@silverlinefreight.com,Budget vs Actual,Reconcile AP aging over 90 days for MX-07,completed,49.6,"Accounting Apr variance was $4,401,724 vs plan",06/15/2026 11:08:35 AM
r39-0003139,nrodriguez@silverlinefreight.com,AP Aging Analyst,Why did Accounting spend exceed budget in Feb?,completed,46.9,"Accounting Feb variance was $1,653,746 vs plan",06/15/2026 04:46:18 PM
r39-0003140,nrodriguez@silverlinefreight.com,Close Checklist Bot,Check covenant compliance for the revolver,completed,18.2,"FP&A Jan variance was $50,725 vs plan",06/15/2026 09:22:00 AM
r39-0003141,nrodriguez@silverlinefreight.com,AP Aging Analyst,Check covenant compliance for the revolver,completed,56.5,"Treasury Apr variance was $4,583,927 vs plan",06/15/2026 04:50:11 PM
r39-0003142,rclark@silverlinefreight.com,Flux Commentary,Which cost centers are over budget YTD?,completed,1.6,FAILED: null reference in aggregation step,06/15/2026 02:29:08 PM
r39-0003143,rclark@silverlinefreight.com,Journal Entry Reviewer,Reconcile AP aging over 90 days for US-04,completed,69.3,"Treasury Apr variance was $1,458,706 vs plan",06/15/2026 10:34:48 AM
r39-0003144,rclark@silverlinefreight.com,Vendor Spend Analyzer,Reconcile AP aging over 90 days for MX-03,completed,23.5,"Treasury Apr variance was $4,041,777 vs plan",06/15/2026 09:50:28 AM
r39-0003145,nrodriguez@silverlinefreight.com,Board Deck Builder,Summarize the Jan variance for entity MX-06,completed,8.5,"Treasury Jan variance was $3,759,401 vs plan",06/15/2026 11:03:15 AM
r39-0003146,rclark@silverlinefreight.com,Close Checklist Bot,Check covenant compliance for the revolver,completed,16.4,"Ops Jan variance was $4,412,324 vs plan",06/15/2026 10:13:49 AM
r39-0003147,nrodriguez@silverlinefreight.com,Headcount Planner,Forecast Jan operating cash flow,completed,22.8,"FP&A Jan variance was $2,412,608 vs plan",06/15/2026 12:59:30 PM
r39-0003148,rclark@silverlinefreight.com,Budget vs Actual,Build the board deck cash slide for Jan,completed,23.5,"FP&A Jan variance was $1,867,590 vs plan",06/15/2026 02:43:12 PM
r39-0003149,rclark@silverlinefreight.com,AP Aging Analyst,Why did Ops spend exceed budget in Feb?,completed,0.6,Traceback (most recent call last): KeyError 'entity',06/15/2026 03:52:27 PM
r39-0003150,rjones@silverlinefreight.com,Vendor Spend Analyzer,Explain the headcount variance vs plan,error,2.3,error code 502 from model gateway,06/15/2026 08:25:22 AM
r39-0003151,fwilson@silverlinefreight.com,Covenant Checker,Why did Treasury spend exceed budget in Jan?,completed,5.9,"Treasury Jan variance was $1,378,011 vs plan",06/15/2026 12:44:01 PM
r39-0003152,rclark@silverlinefreight.com,Journal Entry Reviewer,Draft flux commentary for the Jun close,completed,43.6,"FP&A Jun variance was $3,617,796 vs plan",06/15/2026 11:28:40 AM
r39-0003153,nrodriguez@silverlinefreight.com,Covenant Checker,Which cost centers are over budget YTD?,completed,46.2,"Ops Mar variance was $978,393 vs plan",06/15/2026 03:07:12 PM
r39-0003154,rjones@silverlinefreight.com,Covenant Checker,Reconcile AP aging over 90 days for CA-09,completed,8.5,"Accounting Mar variance was $3,823,450 vs plan",06/15/2026 12:51:20 PM
r39-0003155,rclark@silverlinefreight.com,Variance Explainer,Reconcile AP aging over 90 days for EU-05,completed,34.0,"Treasury Mar variance was $286,905 vs plan",06/15/2026 03:44:48 PM
r39-0003156,nrodriguez@silverlinefreight.com,Variance Explainer,Forecast Jun operating cash flow,completed,55.4,"Ops Jun variance was $894,439 vs plan",06/15/2026 04:10:33 PM
r39-0003157,rclark@silverlinefreight.com,Flux Commentary,Forecast Mar operating cash flow,completed,54.3,"Accounting Mar variance was $2,480,467 vs plan",06/15/2026 06:39:24 PM
r39-0003158,fwilson@silverlinefreight.com,Variance Explainer,Which cost centers are over budget YTD?,completed,10.0,"Accounting Jun variance was $3,627,467 vs plan",06/15/2026 11:05:53 AM
r39-0003159,fwilson@silverlinefreight.com,Journal Entry Reviewer,Summarize the Apr variance for entity EU-09,completed,25.0,"Treasury Apr variance was $3,770,510 vs plan",06/16/2026 12:15:41 PM
r39-0003160,fwilson@silverlinefreight.com,Covenant Checker,Build the board deck cash slide for Jan,completed,42.9,"Treasury Jan variance was $3,382,946 vs plan",06/16/2026 08:42:38 AM
r39-0003161,rclark@silverlinefreight.com,Budget vs Actual,Summarize the Jan variance for entity CA-08,completed,48.8,"Ops Jan variance was $3,934,176 vs plan",06/16/2026 09:24:23 AM
r39-0003162,rjones@silverlinefreight.com,Board Deck Builder,Check covenant compliance for the revolver,completed,73.2,"FP&A Feb variance was $4,137,214 vs plan",06/16/2026 03:40:49 PM
r39-0003163,nrodriguez@silverlinefreight.com,Cash Forecaster,Forecast May operating cash flow,error,5.3,error code 502 from model gateway,06/16/2026 09:52:47 AM
r39-0003164,rclark@silverlinefreight.com,Cash Forecaster,Which cost centers are over budget YTD?,completed,57.9,"Accounting Apr variance was $503,488 vs plan",06/16/2026 04:34:47 PM
r39-0003165,nrodriguez@silverlinefreight.com,Vendor Spend Analyzer,Why did Accounting spend exceed budget in May?,completed,22.9,"Accounting May variance was $1,776,656 vs plan",06/16/2026 09:55:21 AM
r39-0003166,nrodriguez@silverlinefreight.com,Flux Commentary,Check covenant compliance for the revolver,completed,47.9,"Accounting Jan variance was $491,140 vs plan",06/16/2026 01:34:11 PM
r39-0003167,rclark@silverlinefreight.com,Journal Entry Reviewer,Why did Ops spend exceed budget in Jun?,completed,25.8,"Ops Jun variance was $1,173,954 vs plan",06/16/2026 08:50:05 AM
r39-0003168,fwilson@silverlinefreight.com,Vendor Spend Analyzer,Summarize the Mar variance for entity EU-01,completed,38.0,"Ops Mar variance was $4,470,004 vs plan",06/16/2026 02:37:38 PM
r39-0003169,nrodriguez@silverlinefreight.com,Board Deck Builder,Explain the headcount variance vs plan,completed,15.7,"Ops Apr variance was $215,677 vs plan",06/16/2026 07:02:17 AM
r39-0003170,nrodriguez@silverlinefreight.com,Board Deck Builder,Check covenant compliance for the revolver,completed,70.8,"Ops Apr variance was $4,274,866 vs plan",06/16/2026 02:02:06 PM
r39-0003171,fwilson@silverlinefreight.com,Board Deck Builder,Which cost centers are over budget YTD?,completed,14.8,"Treasury Jan variance was $2,187,199 vs plan",06/16/2026 01:42:50 PM
r39-0003172,fwilson@silverlinefreight.com,Vendor Spend Analyzer,Build the board deck cash slide for Jun,completed,31.6,"Ops Jun variance was $3,115,021 vs plan",06/16/2026 01:22:48 PM
r39-0003173,fwilson@silverlinefreight.com,Journal Entry Reviewer,Summarize the Feb variance for entity EU-08,completed,45.3,"Treasury Feb variance was $3,345,212 vs plan",06/16/2026 01:33:26 PM
r39-0003174,rclark@silverlinefreight.com,Cash Forecaster,Draft flux commentary for the Feb close,completed,72.0,"FP&A Feb variance was $4,304,852 vs plan",06/16/2026 11:24:33 AM
r39-0003175,nrodriguez@silverlinefreight.com,AP Aging Analyst,Why did Treasury spend exceed budget in Feb?,error,5.9,error: connection reset by peer,06/16/2026 03:47:57 PM
r39-0003176,rclark@silverlinefreight.com,Headcount Planner,Reconcile AP aging over 90 days for CA-01,completed,64.2,"Ops Mar variance was $732,002 vs plan",06/16/2026 12:12:22 PM
r39-0003177,rjones@silverlinefreight.com,Revenue Recognizer,Draft flux commentary for the Mar close,completed,22.3,"Ops Mar variance was $3,164,553 vs plan",06/16/2026 04:34:10 PM
r39-0003178,fwilson@silverlinefreight.com,Revenue Recognizer,Check covenant compliance for the revolver,completed,8.1,"FP&A Jan variance was $1,307,013 vs plan",06/16/2026 03:50:26 PM
r39-0003179,nrodriguez@silverlinefreight.com,Revenue Recognizer,What drove the change in gross margin this quarter?,completed,10.2,"Ops May variance was $1,260,520 vs plan",06/16/2026 08:12:14 AM
r39-0003180,nrodriguez@silverlinefreight.com,Vendor Spend Analyzer,Summarize the Apr variance for entity US-02,completed,59.1,"FP&A Apr variance was $2,130,279 vs plan",06/16/2026 01:38:27 PM
r39-0003181,nrodriguez@silverlinefreight.com,Covenant Checker,Draft flux commentary for the Jan close,completed,28.8,"Treasury Jan variance was $1,143,839 vs plan",06/16/2026 12:32:50 PM
r39-0003182,nrodriguez@silverlinefreight.com,Covenant Checker,Reconcile AP aging over 90 days for US-04,completed,53.0,"FP&A Apr variance was $1,373,154 vs plan",06/16/2026 01:30:44 PM
r39-0003183,rclark@silverlinefreight.com,Cash Forecaster,Reconcile AP aging over 90 days for EU-08,completed,18.2,"Ops Mar variance was $4,053,823 vs plan",06/16/2026 02:52:14 PM
r39-0003184,nrodriguez@silverlinefreight.com,AP Aging Analyst,Explain the headcount variance vs plan,completed,72.8,"Accounting May variance was $87,516 vs plan",06/16/2026 02:48:36 PM
r39-0003185,rclark@silverlinefreight.com,Flux Commentary,Check covenant compliance for the revolver,completed,1.0,error: connection reset by peer,06/16/2026 11:41:56 AM
r39-0003186,rclark@silverlinefreight.com,AP Aging Analyst,Draft flux commentary for the Jan close,completed,14.8,"Ops Jan variance was $785,596 vs plan",06/16/2026 04:28:39 PM
r39-0003187,nrodriguez@silverlinefreight.com,Headcount Planner,Reconcile AP aging over 90 days for EU-08,completed,18.8,"Accounting Jan variance was $2,061,624 vs plan",06/17/2026 09:51:28 AM
r39-0003188,fwilson@silverlinefreight.com,AP Aging Analyst,What drove the change in gross margin this quarter?,completed,75.0,"Ops Apr variance was $3,188,739 vs plan",06/17/2026 06:08:08 PM
r39-0003189,nrodriguez@silverlinefreight.com,Flux Commentary,Forecast Jan operating cash flow,completed,4.7,"Ops Jan variance was $4,665,053 vs plan",06/17/2026 03:58:39 PM
r39-0003190,rclark@silverlinefreight.com,Vendor Spend Analyzer,Forecast Apr operating cash flow,completed,45.4,"Treasury Apr variance was $3,232,174 vs plan",06/17/2026 12:28:24 PM
r39-0003191,nrodriguez@silverlinefreight.com,Revenue Recognizer,Build the board deck cash slide for Feb,completed,20.7,"Ops Feb variance was $3,659,104 vs plan",06/17/2026 01:18:12 PM
r39-0003192,nrodriguez@silverlinefreight.com,AP Aging Analyst,Check covenant compliance for the revolver,completed,23.7,"Ops Feb variance was $2,145,796 vs plan",06/17/2026 01:19:42 PM
r39-0003193,nrodriguez@silverlinefreight.com,Flux Commentary,Check covenant compliance for the revolver,completed,4.3,"Treasury Jun variance was $3,417,069 vs plan",06/17/2026 10:35:22 AM
r39-0003194,fwilson@silverlinefreight.com,Headcount Planner,Draft flux commentary for the Jan close,completed,68.1,"Accounting Jan variance was $3,789,644 vs plan",06/17/2026 09:54:04 AM
r39-0003195,rclark@silverlinefreight.com,Close Checklist Bot,Summarize the Feb variance for entity CA-05,completed,74.3,"Ops Feb variance was $3,842,103 vs plan",06/17/2026 04:43:14 PM
r39-0003196,nrodriguez@silverlinefreight.com,Covenant Checker,Build the board deck cash slide for Mar,completed,1.8,error code 502 from model gateway,06/17/2026 02:37:07 PM
r39-0003197,nrodriguez@silverlinefreight.com,Cash Forecaster,Reconcile AP aging over 90 days for EU-03,completed,53.0,"Ops May variance was $2,819,403 vs plan",06/17/2026 07:05:00 AM
r39-0003198,rclark@silverlinefreight.com,Journal Entry Reviewer,Draft flux commentary for the Apr close,completed,72.4,"Treasury Apr variance was $3,133,755 vs plan",06/17/2026 09:21:23 AM
r39-0003199,fwilson@silverlinefreight.com,Revenue Recognizer,Why did Treasury spend exceed budget in Mar?,completed,14.8,"Treasury Mar variance was $1,690,317 vs plan",06/17/2026 03:31:57 PM
r39-0003200,nrodriguez@silverlinefreight.com,Board Deck Builder,Why did Accounting spend exceed budget in Apr?,completed,61.9,"Accounting Apr variance was $2,462,280 vs plan",06/17/2026 04:39:03 PM
r39-0003201,nrodriguez@silverlinefreight.com,Revenue Recognizer,Build the board deck cash slide for Apr,completed,58.1,"Treasury Apr variance was $4,732,801 vs plan",06/17/2026 03:03:05 PM
r39-0003202,rclark@silverlinefreight.com,Flux Commentary,Forecast Jun operating cash flow,completed,57.0,"Accounting Jun variance was $2,500,385 vs plan",06/17/2026 05:36:21 PM
r39-0003203,rjones@silverlinefreight.com,Headcount Planner,Draft flux commentary for the Jun close,completed,27.5,"Ops Jun variance was $4,306,424 vs plan",06/17/2026 02:03:42 PM
r39-0003204,rclark@silverlinefreight.com,Revenue Recognizer,Which cost centers are over budget YTD?,completed,6.4,"Ops May variance was $3,485,061 vs plan",06/17/2026 12:35:55 PM
r39-0003205,rclark@silverlinefreight.com,Headcount Planner,Summarize the Feb variance for entity US-04,completed,61.1,"Ops Feb variance was $4,476,811 vs plan",06/17/2026 12:31:40 PM
r39-0003206,nrodriguez@silverlinefreight.com,Flux Commentary,What drove the change in gross margin this quarter?,completed,72.1,"Treasury Jun variance was $4,720,563 vs plan",06/17/2026 11:20:32 AM
r39-0003207,nrodriguez@silverlinefreight.com,Covenant Checker,Forecast Mar operating cash flow,completed,22.6,"Ops Mar variance was $1,779,853 vs plan",06/17/2026 02:04:10 PM
r39-0003208,rclark@silverlinefreight.com,Board Deck Builder,What drove the change in gross margin this quarter?,completed,23.8,"Treasury Jan variance was $2,540,872 vs plan",06/18/2026 09:19:23 AM
r39-0003209,rclark@silverlinefreight.com,Covenant Checker,Forecast May operating cash flow,completed,73.1,"FP&A May variance was $2,919,411 vs plan",06/18/2026 08:18:25 AM
r39-0003210,fwilson@silverlinefreight.com,Flux Commentary,Which cost centers are over budget YTD?,completed,48.1,"Ops May variance was $2,831,740 vs plan",06/18/2026 12:37:46 PM
r39-0003211,rclark@silverlinefreight.com,Journal Entry Reviewer,Forecast Jun operating cash flow,completed,24.7,"Treasury Jun variance was $1,142,441 vs plan",06/18/2026 01:38:31 PM
r39-0003212,nrodriguez@silverlinefreight.com,Vendor Spend Analyzer,Reconcile AP aging over 90 days for US-04,completed,46.3,"Ops Apr variance was $2,114,203 vs plan",06/18/2026 12:11:15 PM
r39-0003213,rclark@silverlinefreight.com,Revenue Recognizer,Draft flux commentary for the Jun close,completed,33.2,"Ops Jun variance was $2,733,288 vs plan",06/18/2026 10:36:18 AM
r39-0003214,rclark@silverlinefreight.com,Variance Explainer,Which cost centers are over budget YTD?,completed,38.2,"Accounting Mar variance was $501,227 vs plan",06/18/2026 02:12:25 PM
r39-0003215,fwilson@silverlinefreight.com,Vendor Spend Analyzer,Check covenant compliance for the revolver,completed,60.8,"Accounting Jan variance was $2,516,484 vs plan",06/18/2026 03:00:44 PM
r39-0003216,nrodriguez@silverlinefreight.com,Revenue Recognizer,Reconcile AP aging over 90 days for MX-08,completed,53.4,"Treasury Jun variance was $3,687,606 vs plan",06/18/2026 01:57:24 PM
r39-0003217,nrodriguez@silverlinefreight.com,Budget vs Actual,Reconcile AP aging over 90 days for MX-08,completed,27.1,"Accounting Feb variance was $2,408,035 vs plan",06/18/2026 07:39:46 AM
r39-0003218,fwilson@silverlinefreight.com,Cash Forecaster,Reconcile AP aging over 90 days for EU-01,completed,6.3,"Ops May variance was $727,240 vs plan",06/18/2026 12:58:40 PM
r39-0003219,nrodriguez@silverlinefreight.com,Variance Explainer,Why did Treasury spend exceed budget in May?,completed,43.2,"Treasury May variance was $1,080,270 vs plan",06/18/2026 10:30:02 AM
r39-0003220,fwilson@silverlinefreight.com,Flux Commentary,What drove the change in gross margin this quarter?,completed,1.1,error: connection reset by peer,06/18/2026 06:28:19 AM
r39-0003221,rclark@silverlinefreight.com,AP Aging Analyst,What drove the change in gross margin this quarter?,error,4.0,FAILED: null reference in aggregation step,06/18/2026 04:21:08 PM
r39-0003222,nrodriguez@silverlinefreight.com,Vendor Spend Analyzer,Why did FP&A spend exceed budget in May?,completed,64.6,"FP&A May variance was $1,909,379 vs plan",06/18/2026 09:58:19 AM
r39-0003223,rclark@silverlinefreight.com,Flux Commentary,Check covenant compliance for the revolver,completed,46.4,"Ops Feb variance was $2,623,814 vs plan",06/18/2026 12:38:13 PM
r39-0003224,nrodriguez@silverlinefreight.com,Journal Entry Reviewer,Why did Treasury spend exceed budget in Jun?,completed,18.3,"Treasury Jun variance was $3,316,454 vs plan",06/18/2026 03:55:14 PM
r39-0003225,rclark@silverlinefreight.com,Board Deck Builder,Check covenant compliance for the revolver,completed,54.0,"Ops Jan variance was $1,712,847 vs plan",06/18/2026 02:06:34 PM
r39-0003226,fwilson@silverlinefreight.com,Covenant Checker,Which cost centers are over budget YTD?,completed,0.3,error code 502 from model gateway,06/18/2026 08:54:13 PM
r39-0003227,fwilson@silverlinefreight.com,Covenant Checker,Check covenant compliance for the revolver,completed,3.6,"FP&A Mar variance was $957,998 vs plan",06/18/2026 11:00:54 AM
r39-0003228,nrodriguez@silverlinefreight.com,Cash Forecaster,Forecast Jan operating cash flow,completed,13.0,"Treasury Jan variance was $3,704,653 vs plan",06/18/2026 11:55:14 AM
r39-0003229,nrodriguez@silverlinefreight.com,Covenant Checker,Summarize the Feb variance for entity US-03,completed,60.6,"Ops Feb variance was $1,622,648 vs plan",06/18/2026 01:17:32 PM
r39-0003230,nrodriguez@silverlinefreight.com,Variance Explainer,Build the board deck cash slide for Apr,completed,72.2,"FP&A Apr variance was $4,122,779 vs plan",06/18/2026 10:39:32 AM
r39-0003231,nrodriguez@silverlinefreight.com,Flux Commentary,Which cost centers are over budget YTD?,completed,71.8,"Treasury May variance was $3,255,799 vs plan",06/18/2026 07:11:37 AM
r39-0003232,rclark@silverlinefreight.com,Journal Entry Reviewer,Check covenant compliance for the revolver,error,2.5,error code 502 from model gateway,06/18/2026 10:41:21 AM
r39-0003233,rclark@silverlinefreight.com,Flux Commentary,Build the board deck cash slide for Apr,completed,40.4,"Ops Apr variance was $2,239,054 vs plan",06/18/2026 03:11:38 PM
r39-0003234,rclark@silverlinefreight.com,Journal Entry Reviewer,Which cost centers are over budget YTD?,error,3.6,FAILED: null reference in aggregation step,06/18/2026 11:04:59 AM
r39-0003235,nrodriguez@silverlinefreight.com,Covenant Checker,Forecast Jan operating cash flow,completed,62.9,"FP&A Jan variance was $745,234 vs plan",06/18/2026 11:50:11 AM
r39-0003236,rclark@silverlinefreight.com,Cash Forecaster,What drove the change in gross margin this quarter?,completed,54.0,"Treasury Jan variance was $366,134 vs plan",06/18/2026 07:50:57 PM
r39-0003237,nrodriguez@silverlinefreight.com,Cash Forecaster,Why did Treasury spend exceed budget in Jan?,completed,12.7,"Treasury Jan variance was $1,907,354 vs plan",06/18/2026 02:18:00 PM
r39-0003238,nrodriguez@silverlinefreight.com,Journal Entry Reviewer,Summarize the Apr variance for entity EU-03,completed,58.4,"Accounting Apr variance was $1,748,665 vs plan",06/18/2026 06:31:27 AM
r39-0003239,rjones@silverlinefreight.com,Journal Entry Reviewer,Which cost centers are over budget YTD?,error,3.4,error code 502 from model gateway,06/18/2026 12:27:02 PM
r39-0003240,rclark@silverlinefreight.com,Flux Commentary,Which cost centers are over budget YTD?,completed,0.3,ERROR: upstream request timed out,06/18/2026 07:53:12 AM
r39-0003241,fwilson@silverlinefreight.com,Headcount Planner,Why did Ops spend exceed budget in Jun?,completed,16.1,"Ops Jun variance was $367,398 vs plan",06/18/2026 11:41:50 AM
r39-0003242,rclark@silverlinefreight.com,Headcount Planner,Why did Accounting spend exceed budget in Apr?,completed,33.4,"Accounting Apr variance was $879,585 vs plan",06/18/2026 03:48:52 PM
r39-0003243,rclark@silverlinefreight.com,Cash Forecaster,Build the board deck cash slide for Jun,completed,10.8,"Ops Jun variance was $3,380,067 vs plan",06/18/2026 01:56:59 PM
r39-0003244,rjones@silverlinefreight.com,Board Deck Builder,Why did Ops spend exceed budget in Jun?,completed,63.8,"Ops Jun variance was $1,115,622 vs plan",06/18/2026 10:04:48 AM
r39-0003245,rclark@silverlinefreight.com,Revenue Recognizer,What drove the change in gross margin this quarter?,completed,8.0,"Treasury Apr variance was $1,100,740 vs plan",06/19/2026 11:24:14 AM
r39-0003246,rjones@silverlinefreight.com,Revenue Recognizer,Build the board deck cash slide for Jan,completed,4.8,"Ops Jan variance was $82,507 vs plan",06/19/2026 03:31:57 PM
r39-0003247,rclark@silverlinefreight.com,Board Deck Builder,Which cost centers are over budget YTD?,completed,33.7,"Ops Jan variance was $1,952,683 vs plan",06/19/2026 01:31:48 PM
r39-0003248,nrodriguez@silverlinefreight.com,Close Checklist Bot,Summarize the May variance for entity EU-06,completed,17.0,"FP&A May variance was $4,359,736 vs plan",06/19/2026 07:34:52 PM
r39-0003249,rclark@silverlinefreight.com,Vendor Spend Analyzer,Explain the headcount variance vs plan,completed,58.3,"Accounting Apr variance was $2,312,376 vs plan",06/19/2026 02:03:59 PM
r39-0003250,rclark@silverlinefreight.com,Variance Explainer,What drove the change in gross margin this quarter?,completed,29.4,"Accounting May variance was $2,000,332 vs plan",06/19/2026 01:58:59 PM
r39-0003251,rclark@silverlinefreight.com,Variance Explainer,Explain the headcount variance vs plan,completed,10.4,"Accounting Mar variance was $4,624,142 vs plan",06/19/2026 04:33:53 PM
r39-0003252,nrodriguez@silverlinefreight.com,Journal Entry Reviewer,Reconcile AP aging over 90 days for CA-05,completed,66.4,"FP&A Jan variance was $1,268,923 vs plan",06/19/2026 02:33:07 PM
r39-0003253,fwilson@silverlinefreight.com,Vendor Spend Analyzer,Why did Ops spend exceed budget in Jan?,completed,46.4,"Ops Jan variance was $4,074,263 vs plan",06/19/2026 10:54:55 AM
r39-0003254,nrodriguez@silverlinefreight.com,Budget vs Actual,Summarize the May variance for entity CA-07,completed,6.1,"Ops May variance was $1,920,024 vs plan",06/19/2026 11:03:38 AM
r39-0003255,nrodriguez@silverlinefreight.com,AP Aging Analyst,Why did Ops spend exceed budget in Apr?,completed,13.7,"Ops Apr variance was $2,913,423 vs plan",06/19/2026 06:23:42 PM
r39-0003256,rclark@silverlinefreight.com,AP Aging Analyst,What drove the change in gross margin this quarter?,completed,0.4,error code 502 from model gateway,06/19/2026 09:24:00 AM
r39-0003257,nrodriguez@silverlinefreight.com,Board Deck Builder,Forecast Jun operating cash flow,completed,28.7,"FP&A Jun variance was $4,264,237 vs plan",06/19/2026 10:24:44 AM
r39-0003258,fwilson@silverlinefreight.com,Vendor Spend Analyzer,Reconcile AP aging over 90 days for US-04,completed,51.9,"FP&A Mar variance was $4,393,962 vs plan",06/19/2026 03:34:10 PM
r39-0003259,nrodriguez@silverlinefreight.com,Close Checklist Bot,Draft flux commentary for the Mar close,completed,60.2,"Ops Mar variance was $471,604 vs plan",06/19/2026 11:59:04 AM
r39-0003260,nrodriguez@silverlinefreight.com,Covenant Checker,Reconcile AP aging over 90 days for CA-08,completed,10.2,"Accounting Mar variance was $3,287,937 vs plan",06/19/2026 04:24:56 PM
r39-0003261,nrodriguez@silverlinefreight.com,Variance Explainer,Draft flux commentary for the Jun close,completed,9.4,"Treasury Jun variance was $3,139,063 vs plan",06/19/2026 04:44:52 PM
r39-0003262,rclark@silverlinefreight.com,Cash Forecaster,Explain the headcount variance vs plan,completed,11.2,"Accounting Jun variance was $2,018,117 vs plan",06/19/2026 01:31:58 PM
r39-0003263,rjones@silverlinefreight.com,AP Aging Analyst,Summarize the Feb variance for entity US-05,completed,55.9,"Ops Feb variance was $2,408,523 vs plan",06/19/2026 01:04:20 PM
r39-0003264,rclark@silverlinefreight.com,Journal Entry Reviewer,Reconcile AP aging over 90 days for CA-07,completed,0.3,error code 502 from model gateway,06/19/2026 03:39:57 PM
r39-0003265,nrodriguez@silverlinefreight.com,Headcount Planner,Check covenant compliance for the revolver,completed,14.0,"Ops Jun variance was $4,532,846 vs plan",06/19/2026 10:43:21 PM
r39-0003266,rclark@silverlinefreight.com,Cash Forecaster,Check covenant compliance for the revolver,completed,46.3,"Treasury Mar variance was $2,374,829 vs plan",06/19/2026 05:47:50 PM
r39-0003267,rclark@silverlinefreight.com,Board Deck Builder,Summarize the Apr variance for entity US-03,completed,25.8,"FP&A Apr variance was $1,103,770 vs plan",06/19/2026 12:58:17 PM
r39-0003268,rjones@silverlinefreight.com,Vendor Spend Analyzer,Build the board deck cash slide for Feb,completed,49.3,"Ops Feb variance was $45,617 vs plan",06/19/2026 02:45:43 PM
r39-0003269,nrodriguez@silverlinefreight.com,Flux Commentary,Forecast Jun operating cash flow,completed,1.5,ERROR: upstream request timed out,06/19/2026 01:28:14 PM
r39-0003270,nrodriguez@silverlinefreight.com,Close Checklist Bot,Which cost centers are over budget YTD?,completed,4.8,"FP&A Apr variance was $582,332 vs plan",06/19/2026 02:09:22 PM
r39-0003271,rclark@silverlinefreight.com,AP Aging Analyst,Build the board deck cash slide for Jun,completed,37.1,"Treasury Jun variance was $3,250,489 vs plan",06/19/2026 08:32:25 AM
r39-0003272,nrodriguez@silverlinefreight.com,Vendor Spend Analyzer,Draft flux commentary for the Jun close,completed,54.1,"Treasury Jun variance was $3,491,575 vs plan",06/19/2026 01:15:14 PM
r39-0003273,nrodriguez@silverlinefreight.com,Variance Explainer,Why did FP&A spend exceed budget in Jan?,completed,68.2,"FP&A Jan variance was $680,010 vs plan",06/19/2026 06:08:45 PM
r39-0003274,nrodriguez@silverlinefreight.com,Cash Forecaster,Build the board deck cash slide for Mar,completed,25.5,"FP&A Mar variance was $4,192,050 vs plan",06/19/2026 01:26:25 PM
r39-0003275,nrodriguez@silverlinefreight.com,Board Deck Builder,What drove the change in gross margin this quarter?,completed,17.1,"Ops Jun variance was $2,244,310 vs plan",06/19/2026 11:38:48 AM
r39-0003276,rclark@silverlinefreight.com,Close Checklist Bot,Summarize the Feb variance for entity US-05,completed,44.5,"Ops Feb variance was $3,074,340 vs plan",06/19/2026 02:45:58 PM
r39-0003277,rclark@silverlinefreight.com,Revenue Recognizer,Explain the headcount variance vs plan,completed,16.4,"FP&A Jan variance was $4,431,808 vs plan",06/19/2026 11:28:32 AM
r39-0003278,nrodriguez@silverlinefreight.com,Board Deck Builder,Build the board deck cash slide for Apr,completed,23.0,"FP&A Apr variance was $363,321 vs plan",06/19/2026 01:12:22 PM
r39-0003279,rclark@silverlinefreight.com,AP Aging Analyst,Summarize the Jan variance for entity CA-08,error,3.2,ERROR: upstream request timed out,06/20/2026 08:58:15 AM
r39-0003280,rclark@silverlinefreight.com,Board Deck Builder,Build the board deck cash slide for May,completed,71.1,"FP&A May variance was $2,102,714 vs plan",06/20/2026 10:29:53 AM
r39-0003281,rclark@silverlinefreight.com,AP Aging Analyst,Build the board deck cash slide for Jun,completed,61.0,"Treasury Jun variance was $4,044,210 vs plan",06/20/2026 08:16:16 AM
r39-0003282,rclark@silverlinefreight.com,Cash Forecaster,Forecast Jun operating cash flow,completed,0.8,error code 502 from model gateway,06/20/2026 08:36:07 AM
r39-0003283,nrodriguez@silverlinefreight.com,Covenant Checker,Explain the headcount variance vs plan,completed,29.8,"Ops May variance was $577,936 vs plan",06/20/2026 10:12:56 AM
r39-0003284,rjones@silverlinefreight.com,Vendor Spend Analyzer,What drove the change in gross margin this quarter?,completed,7.4,"FP&A Jun variance was $199,873 vs plan",06/20/2026 05:28:03 PM
r39-0003285,rclark@silverlinefreight.com,Board Deck Builder,Summarize the Apr variance for entity MX-07,completed,15.0,"Accounting Apr variance was $2,102,942 vs plan",06/20/2026 12:08:48 PM
r39-0003286,nrodriguez@silverlinefreight.com,Board Deck Builder,Reconcile AP aging over 90 days for EU-04,completed,38.6,"Accounting May variance was $413,859 vs plan",06/20/2026 11:52:42 AM
r39-0003287,rclark@silverlinefreight.com,Headcount Planner,Summarize the May variance for entity MX-04,completed,1.4,FAILED: null reference in aggregation step,06/20/2026 03:45:37 PM
r39-0003288,nrodriguez@silverlinefreight.com,Journal Entry Reviewer,What drove the change in gross margin this quarter?,completed,65.5,"Treasury Apr variance was $4,404,954 vs plan",06/20/2026 06:35:58 PM
r39-0003289,nrodriguez@silverlinefreight.com,Board Deck Builder,Draft flux commentary for the Mar close,completed,17.7,"Ops Mar variance was $196,300 vs plan",06/20/2026 11:52:51 AM
r39-0003290,nrodriguez@silverlinefreight.com,Cash Forecaster,Forecast Apr operating cash flow,completed,41.5,"FP&A Apr variance was $3,237,530 vs plan",06/20/2026 12:14:33 PM
r39-0003291,nrodriguez@silverlinefreight.com,Covenant Checker,Reconcile AP aging over 90 days for US-04,completed,21.4,"Accounting Jun variance was $79,544 vs plan",06/20/2026 09:00:42 PM
r39-0003292,nrodriguez@silverlinefreight.com,AP Aging Analyst,Explain the headcount variance vs plan,error,4.1,ERROR: upstream request timed out,06/20/2026 01:34:45 PM
r39-0003293,fwilson@silverlinefreight.com,Budget vs Actual,Summarize the Feb variance for entity EU-08,completed,0.2,FAILED: null reference in aggregation step,06/20/2026 10:51:46 AM
r39-0003294,rclark@silverlinefreight.com,Budget vs Actual,Which cost centers are over budget YTD?,completed,47.3,"FP&A Jun variance was $3,868,507 vs plan",06/20/2026 01:06:21 PM
r39-0003295,rclark@silverlinefreight.com,Variance Explainer,Which cost centers are over budget YTD?,completed,58.7,"Treasury Jun variance was $1,268,081 vs plan",06/20/2026 07:48:38 PM
r39-0003296,rclark@silverlinefreight.com,Revenue Recognizer,Reconcile AP aging over 90 days for MX-09,completed,8.1,"Accounting Jun variance was $2,553,152 vs plan",06/20/2026 02:42:33 PM
r39-0003297,nrodriguez@silverlinefreight.com,Vendor Spend Analyzer,Explain the headcount variance vs plan,completed,3.7,"Accounting Jan variance was $1,259,920 vs plan",06/20/2026 09:36:51 AM
r39-0003298,rclark@silverlinefreight.com,Budget vs Actual,Draft flux commentary for the May close,completed,67.7,"Treasury May variance was $2,940,481 vs plan",06/20/2026 10:30:56 AM
r39-0003299,nrodriguez@silverlinefreight.com,Close Checklist Bot,Draft flux commentary for the Jun close,completed,36.2,"Treasury Jun variance was $3,381,430 vs plan",06/20/2026 12:38:20 PM
r39-0003300,nrodriguez@silverlinefreight.com,Journal Entry Reviewer,Draft flux commentary for the Jun close,completed,48.9,"FP&A Jun variance was $166,324 vs plan",06/20/2026 11:55:17 AM
r39-0003301,rclark@silverlinefreight.com,Vendor Spend Analyzer,Why did Accounting spend exceed budget in May?,completed,38.4,"Accounting May variance was $2,190,542 vs plan",06/20/2026 12:54:46 PM
r39-0003302,fwilson@silverlinefreight.com,Variance Explainer,Check covenant compliance for the revolver,completed,0.2,Traceback (most recent call last): KeyError 'entity',06/20/2026 12:05:54 PM
r39-0003303,rclark@silverlinefreight.com,Headcount Planner,Which cost centers are over budget YTD?,completed,38.8,"Ops Jun variance was $1,257,100 vs plan",06/21/2026 04:38:15 PM
r39-0003304,rjones@silverlinefreight.com,Journal Entry Reviewer,What drove the change in gross margin this quarter?,completed,70.6,"Accounting Jun variance was $4,419,075 vs plan",06/21/2026 07:09:32 PM
r39-0003305,nrodriguez@silverlinefreight.com,Variance Explainer,Which cost centers are over budget YTD?,completed,10.5,"Ops Feb variance was $2,486,129 vs plan",06/21/2026 08:36:32 AM
r39-0003306,rclark@silverlinefreight.com,Vendor Spend Analyzer,Explain the headcount variance vs plan,completed,14.8,"Treasury Mar variance was $3,877,246 vs plan",06/21/2026 01:20:22 PM
r39-0003307,rclark@silverlinefreight.com,Cash Forecaster,Summarize the Jan variance for entity MX-05,error,6.1,error code 502 from model gateway,06/21/2026 02:19:32 PM
r39-0003308,rclark@silverlinefreight.com,Vendor Spend Analyzer,What drove the change in gross margin this quarter?,completed,38.1,"Treasury Mar variance was $2,639,396 vs plan",06/21/2026 04:46:19 PM
r39-0003309,rclark@silverlinefreight.com,Journal Entry Reviewer,Summarize the Jan variance for entity CA-08,completed,50.7,"Accounting Jan variance was $4,194,341 vs plan",06/21/2026 11:57:07 AM
r39-0003310,rjones@silverlinefreight.com,Revenue Recognizer,Summarize the Feb variance for entity MX-01,completed,65.3,"Treasury Feb variance was $283,357 vs plan",06/21/2026 02:00:04 PM
r39-0003311,nrodriguez@silverlinefreight.com,Vendor Spend Analyzer,Build the board deck cash slide for Jan,completed,67.1,"Accounting Jan variance was $1,882,098 vs plan",06/21/2026 03:37:15 PM
r39-0003312,rjones@silverlinefreight.com,Journal Entry Reviewer,Check covenant compliance for the revolver,completed,47.0,"Ops Mar variance was $3,317,776 vs plan",06/21/2026 11:54:47 AM
r39-0003313,rjones@silverlinefreight.com,Budget vs Actual,Which cost centers are over budget YTD?,completed,51.0,"Accounting Feb variance was $2,655,179 vs plan",06/21/2026 08:45:41 AM
r39-0003314,nrodriguez@silverlinefreight.com,Revenue Recognizer,Build the board deck cash slide for May,completed,67.0,"FP&A May variance was $3,464,831 vs plan",06/21/2026 12:23:44 PM
r39-0003315,rclark@silverlinefreight.com,Close Checklist Bot,Which cost centers are over budget YTD?,completed,1.6,ERROR: upstream request timed out,06/21/2026 11:59:47 AM
r39-0003316,fwilson@silverlinefreight.com,AP Aging Analyst,What drove the change in gross margin this quarter?,error,2.3,FAILED: null reference in aggregation step,06/21/2026 11:21:41 AM
r39-0003317,rjones@silverlinefreight.com,Variance Explainer,Why did FP&A spend exceed budget in Apr?,completed,13.6,"FP&A Apr variance was $331,974 vs plan",06/21/2026 06:59:26 PM
r39-0003318,rclark@silverlinefreight.com,Covenant Checker,What drove the change in gross margin this quarter?,completed,32.6,"Accounting Jun variance was $399,910 vs plan",06/21/2026 02:49:55 PM
r39-0003319,nrodriguez@silverlinefreight.com,AP Aging Analyst,Which cost centers are over budget YTD?,completed,26.3,"Treasury Mar variance was $2,587,035 vs plan",06/21/2026 06:34:44 PM
r39-0003320,rclark@silverlinefreight.com,Revenue Recognizer,Forecast May operating cash flow,completed,3.5,"Accounting May variance was $1,399,202 vs plan",06/21/2026 01:44:25 PM
r39-0003321,rclark@silverlinefreight.com,Vendor Spend Analyzer,Summarize the Jun variance for entity MX-06,completed,17.3,"Accounting Jun variance was $106,195 vs plan",06/21/2026 02:58:24 PM
r39-0003322,rclark@silverlinefreight.com,Headcount Planner,Build the board deck cash slide for Apr,completed,37.3,"Treasury Apr variance was $4,530,492 vs plan",06/21/2026 05:54:47 PM
r39-0003323,nrodriguez@silverlinefreight.com,Covenant Checker,What drove the change in gross margin this quarter?,completed,74.9,"FP&A Apr variance was $2,531,782 vs plan",06/22/2026 05:32:49 PM
r39-0003324,rclark@silverlinefreight.com,Covenant Checker,What drove the change in gross margin this quarter?,completed,39.1,"FP&A Mar variance was $3,257,812 vs plan",06/22/2026 08:56:33 AM
r39-0003325,nrodriguez@silverlinefreight.com,Headcount Planner,Check covenant compliance for the revolver,completed,46.0,"Treasury Feb variance was $1,889,646 vs plan",06/22/2026 04:59:17 PM
r39-0003326,nrodriguez@silverlinefreight.com,Budget vs Actual,Forecast Mar operating cash flow,completed,16.8,"FP&A Mar variance was $764,364 vs plan",06/22/2026 01:47:59 PM
r39-0003327,rclark@silverlinefreight.com,Variance Explainer,Draft flux commentary for the Feb close,completed,22.3,"Accounting Feb variance was $3,370,861 vs plan",06/22/2026 12:08:49 PM
r39-0003328,nrodriguez@silverlinefreight.com,Close Checklist Bot,Reconcile AP aging over 90 days for MX-09,completed,20.4,"Treasury Apr variance was $1,586,258 vs plan",06/22/2026 12:07:46 PM
r39-0003329,fwilson@silverlinefreight.com,Headcount Planner,Reconcile AP aging over 90 days for EU-09,completed,70.3,"Treasury Jun variance was $3,344,386 vs plan",06/22/2026 12:39:39 PM
r39-0003330,rjones@silverlinefreight.com,Headcount Planner,Why did Accounting spend exceed budget in May?,completed,19.2,"Accounting May variance was $1,355,666 vs plan",06/22/2026 05:02:21 PM
r39-0003331,rjones@silverlinefreight.com,Budget vs Actual,Build the board deck cash slide for May,completed,9.2,"Treasury May variance was $472,571 vs plan",06/22/2026 01:15:42 PM
r39-0003332,rjones@silverlinefreight.com,Close Checklist Bot,Draft flux commentary for the Feb close,completed,14.1,"Ops Feb variance was $842,789 vs plan",06/22/2026 03:58:57 PM
r39-0003333,nrodriguez@silverlinefreight.com,Board Deck Builder,Which cost centers are over budget YTD?,completed,28.1,"FP&A Feb variance was $2,062,103 vs plan",06/22/2026 12:45:57 PM
r39-0003334,rjones@silverlinefreight.com,Journal Entry Reviewer,Summarize the Apr variance for entity EU-06,completed,69.3,"Ops Apr variance was $2,916,515 vs plan",06/22/2026 10:11:46 AM
r39-0003335,fwilson@silverlinefreight.com,Journal Entry Reviewer,Reconcile AP aging over 90 days for US-01,completed,0.9,Traceback (most recent call last): KeyError 'entity',06/22/2026 10:46:56 AM
r39-0003336,rclark@silverlinefreight.com,Headcount Planner,Forecast Mar operating cash flow,completed,65.5,"FP&A Mar variance was $917,491 vs plan",06/22/2026 11:13:48 AM
r39-0003337,fwilson@silverlinefreight.com,Covenant Checker,Build the board deck cash slide for Jun,completed,28.3,"Ops Jun variance was $2,340,308 vs plan",06/22/2026 07:22:15 AM
r39-0003338,rclark@silverlinefreight.com,Cash Forecaster,Check covenant compliance for the revolver,completed,32.7,"Accounting May variance was $962,441 vs plan",06/22/2026 10:33:58 AM
r39-0003339,nrodriguez@silverlinefreight.com,Board Deck Builder,Explain the headcount variance vs plan,completed,32.5,"Treasury Jun variance was $2,913,044 vs plan",06/22/2026 07:08:51 AM
r39-0003340,fwilson@silverlinefreight.com,Board Deck Builder,Build the board deck cash slide for Mar,completed,41.3,"Accounting Mar variance was $1,628,052 vs plan",06/22/2026 02:22:54 PM
r39-0003341,rclark@silverlinefreight.com,Revenue Recognizer,Check covenant compliance for the revolver,completed,70.8,"Treasury May variance was $2,339,760 vs plan",06/22/2026 12:48:03 PM
r39-0003342,rclark@silverlinefreight.com,Variance Explainer,Summarize the Apr variance for entity US-01,completed,14.7,"FP&A Apr variance was $2,317,350 vs plan",06/22/2026 05:35:28 PM
r39-0003343,rclark@silverlinefreight.com,Close Checklist Bot,Draft flux commentary for the May close,completed,10.4,"Ops May variance was $2,182,047 vs plan",06/22/2026 12:32:27 PM
r39-0003344,rjones@silverlinefreight.com,Board Deck Builder,Explain the headcount variance vs plan,completed,14.0,"FP&A May variance was $3,528,380 vs plan",06/22/2026 09:25:52 AM
r39-0003345,rclark@silverlinefreight.com,Variance Explainer,Forecast Jan operating cash flow,completed,1.7,Traceback (most recent call last): KeyError 'entity',06/22/2026 09:10:37 AM
r39-0003346,rclark@silverlinefreight.com,Board Deck Builder,Summarize the Jun variance for entity CA-07,completed,15.7,"FP&A Jun variance was $178,748 vs plan",06/22/2026 03:32:31 PM
r39-0003347,nrodriguez@silverlinefreight.com,Revenue Recognizer,Which cost centers are over budget YTD?,completed,36.0,"Accounting Feb variance was $481,406 vs plan",06/22/2026 02:03:53 PM
r39-0003348,nrodriguez@silverlinefreight.com,Close Checklist Bot,Which cost centers are over budget YTD?,completed,33.5,"Accounting Apr variance was $2,111,898 vs plan",06/22/2026 11:52:30 AM
r39-0003349,rclark@silverlinefreight.com,Headcount Planner,What drove the change in gross margin this quarter?,completed,70.5,"Ops Jun variance was $4,156,395 vs plan",06/22/2026 02:23:45 PM
r39-0003350,fwilson@silverlinefreight.com,Flux Commentary,Check covenant compliance for the revolver,completed,64.5,"Ops Jun variance was $1,314,170 vs plan",06/22/2026 09:00:33 AM
r39-0003351,nrodriguez@silverlinefreight.com,Variance Explainer,Check covenant compliance for the revolver,completed,40.2,"Accounting Jan variance was $2,845,001 vs plan",06/22/2026 11:44:18 AM
r39-0003352,rjones@silverlinefreight.com,Revenue Recognizer,Which cost centers are over budget YTD?,error,5.4,Traceback (most recent call last): KeyError 'entity',06/22/2026 01:46:22 PM
r39-0003353,rclark@silverlinefreight.com,Budget vs Actual,Why did Accounting spend exceed budget in Jun?,completed,46.6,"Accounting Jun variance was $1,704,265 vs plan",06/22/2026 08:40:01 AM
r39-0003354,rclark@silverlinefreight.com,AP Aging Analyst,Summarize the Jun variance for entity MX-08,completed,59.2,"Ops Jun variance was $4,747,160 vs plan",06/22/2026 10:08:41 AM
r39-0003355,nrodriguez@silverlinefreight.com,Headcount Planner,Summarize the Apr variance for entity CA-03,completed,47.4,"Accounting Apr variance was $2,605,837 vs plan",06/22/2026 02:32:51 PM
r39-0003356,rjones@silverlinefreight.com,Close Checklist Bot,Which cost centers are over budget YTD?,completed,9.4,"Accounting Jun variance was $903,715 vs plan",06/22/2026 10:15:48 AM
r39-0003357,nrodriguez@silverlinefreight.com,Headcount Planner,Summarize the Mar variance for entity EU-09,completed,54.8,"FP&A Mar variance was $519,747 vs plan",06/23/2026 05:45:02 PM
r39-0003358,nrodriguez@silverlinefreight.com,Flux Commentary,Reconcile AP aging over 90 days for MX-04,completed,5.4,"Treasury May variance was $3,726,351 vs plan",06/23/2026 11:59:54 AM
r39-0003359,nrodriguez@silverlinefreight.com,Variance Explainer,Forecast Jan operating cash flow,completed,49.1,"Ops Jan variance was $2,847,191 vs plan",06/23/2026 09:34:30 AM
r39-0003360,rclark@silverlinefreight.com,Close Checklist Bot,Check covenant compliance for the revolver,error,1.1,Traceback (most recent call last): KeyError 'entity',06/23/2026 09:15:05 AM
r39-0003361,nrodriguez@silverlinefreight.com,Cash Forecaster,Which cost centers are over budget YTD?,completed,6.7,"Ops Apr variance was $4,064,261 vs plan",06/23/2026 05:42:50 PM
r39-0003362,rclark@silverlinefreight.com,Close Checklist Bot,Why did Ops spend exceed budget in May?,completed,52.7,"Ops May variance was $3,480,064 vs plan",06/23/2026 12:26:33 PM
r39-0003363,rjones@silverlinefreight.com,Cash Forecaster,Which cost centers are over budget YTD?,completed,28.2,"Treasury Jun variance was $4,132,002 vs plan",06/23/2026 03:39:51 PM
r39-0003364,rclark@silverlinefreight.com,Variance Explainer,Forecast Feb operating cash flow,error,3.2,ERROR: upstream request timed out,06/23/2026 02:47:01 PM
r39-0003365,rjones@silverlinefreight.com,Flux Commentary,Reconcile AP aging over 90 days for MX-08,completed,9.3,"Treasury Mar variance was $4,629,571 vs plan",06/23/2026 04:11:43 PM
r39-0003366,rclark@silverlinefreight.com,Cash Forecaster,Summarize the Mar variance for entity US-03,completed,17.2,"FP&A Mar variance was $4,115,038 vs plan",06/23/2026 04:22:08 PM
r39-0003367,nrodriguez@silverlinefreight.com,Variance Explainer,Explain the headcount variance vs plan,completed,0.2,ERROR: upstream request timed out,06/23/2026 09:35:27 AM
r39-0003368,rjones@silverlinefreight.com,Revenue Recognizer,Explain the headcount variance vs plan,completed,57.4,"Ops May variance was $1,197,713 vs plan",06/23/2026 01:43:28 PM
r39-0003369,nrodriguez@silverlinefreight.com,Vendor Spend Analyzer,What drove the change in gross margin this quarter?,completed,72.6,"FP&A Feb variance was $3,977,232 vs plan",06/23/2026 01:12:55 PM
r39-0003370,fwilson@silverlinefreight.com,Flux Commentary,Summarize the Feb variance for entity MX-07,completed,70.8,"FP&A Feb variance was $54,743 vs plan",06/23/2026 10:02:45 AM
r39-0003371,nrodriguez@silverlinefreight.com,Revenue Recognizer,Forecast Apr operating cash flow,completed,59.0,"Treasury Apr variance was $241,618 vs plan",06/23/2026 02:01:17 PM
r39-0003372,fwilson@silverlinefreight.com,Budget vs Actual,Explain the headcount variance vs plan,completed,18.1,"Ops Jan variance was $635,218 vs plan",06/23/2026 11:59:00 AM
r39-0003373,nrodriguez@silverlinefreight.com,Covenant Checker,Why did FP&A spend exceed budget in Jan?,completed,47.3,"FP&A Jan variance was $181,424 vs plan",06/23/2026 10:49:49 AM
r39-0003374,rclark@silverlinefreight.com,Cash Forecaster,Explain the headcount variance vs plan,completed,26.2,"Accounting Mar variance was $1,856,790 vs plan",06/23/2026 12:50:18 PM
r39-0003375,rclark@silverlinefreight.com,Variance Explainer,Why did FP&A spend exceed budget in Mar?,completed,53.1,"FP&A Mar variance was $307,067 vs plan",06/23/2026 10:36:21 AM
r39-0003376,rclark@silverlinefreight.com,Variance Explainer,Reconcile AP aging over 90 days for CA-05,error,4.6,FAILED: null reference in aggregation step,06/23/2026 11:14:16 AM
r39-0003377,rclark@silverlinefreight.com,AP Aging Analyst,Build the board deck cash slide for May,completed,32.1,"Ops May variance was $3,202,738 vs plan",06/23/2026 01:20:06 PM
r39-0003378,rjones@silverlinefreight.com,Flux Commentary,Forecast Jun operating cash flow,completed,70.8,"Ops Jun variance was $842,527 vs plan",06/23/2026 08:59:45 AM
r39-0003379,nrodriguez@silverlinefreight.com,Cash Forecaster,Build the board deck cash slide for Jan,completed,67.9,"Treasury Jan variance was $120,977 vs plan",06/23/2026 10:52:20 AM
r39-0003380,rclark@silverlinefreight.com,Revenue Recognizer,Reconcile AP aging over 90 days for EU-08,completed,8.9,"Accounting Apr variance was $2,324,075 vs plan",06/23/2026 09:20:03 AM
r39-0003381,rclark@silverlinefreight.com,Cash Forecaster,Summarize the Feb variance for entity EU-09,completed,67.3,"FP&A Feb variance was $952,296 vs plan",06/23/2026 03:57:03 PM
r39-0003382,rclark@silverlinefreight.com,AP Aging Analyst,Build the board deck cash slide for Feb,completed,11.6,"FP&A Feb variance was $363,619 vs plan",06/23/2026 09:05:11 AM
r39-0003383,fwilson@silverlinefreight.com,Headcount Planner,What drove the change in gross margin this quarter?,completed,22.1,"Ops Jun variance was $1,505,456 vs plan",06/23/2026 01:27:59 PM
r39-0003384,fwilson@silverlinefreight.com,Revenue Recognizer,Draft flux commentary for the Jan close,completed,37.3,"Treasury Jan variance was $2,882,086 vs plan",06/23/2026 09:59:04 AM
r39-0003385,rclark@silverlinefreight.com,Headcount Planner,Draft flux commentary for the Jun close,completed,71.4,"FP&A Jun variance was $305,435 vs plan",06/23/2026 10:21:40 AM
r39-0003386,rclark@silverlinefreight.com,Covenant Checker,Draft flux commentary for the Mar close,completed,15.7,"Treasury Mar variance was $2,754,464 vs plan",06/23/2026 02:53:00 PM
r39-0003387,fwilson@silverlinefreight.com,Board Deck Builder,Check covenant compliance for the revolver,completed,9.5,"FP&A Jun variance was $201,064 vs plan",06/23/2026 11:25:31 AM
r39-0003388,rclark@silverlinefreight.com,Board Deck Builder,Why did FP&A spend exceed budget in Jun?,completed,50.9,"FP&A Jun variance was $251,843 vs plan",06/23/2026 11:35:29 AM
r39-0003389,rjones@silverlinefreight.com,Journal Entry Reviewer,Check covenant compliance for the revolver,completed,43.3,"Ops Apr variance was $569,098 vs plan",06/23/2026 02:26:29 PM
r39-0003390,rjones@silverlinefreight.com,Flux Commentary,Which cost centers are over budget YTD?,completed,12.6,"Accounting Mar variance was $4,216,820 vs plan",06/23/2026 08:29:42 AM
r39-0003391,nrodriguez@silverlinefreight.com,Journal Entry Reviewer,Explain the headcount variance vs plan,completed,67.4,"Treasury Jun variance was $4,115,598 vs plan",06/23/2026 02:47:13 PM
r39-0003392,rclark@silverlinefreight.com,Flux Commentary,Explain the headcount variance vs plan,completed,4.5,"FP&A Feb variance was $1,885,691 vs plan",06/23/2026 12:35:01 PM
r39-0003393,fwilson@silverlinefreight.com,Journal Entry Reviewer,Reconcile AP aging over 90 days for US-07,completed,67.9,"Ops Jun variance was $2,782,658 vs plan",06/24/2026 01:11:24 PM
r39-0003394,rclark@silverlinefreight.com,Flux Commentary,Draft flux commentary for the Jun close,completed,45.9,"Accounting Jun variance was $789,979 vs plan",06/24/2026 11:26:28 AM
r39-0003395,rclark@silverlinefreight.com,Variance Explainer,Check covenant compliance for the revolver,completed,62.5,"Accounting Jun variance was $3,278,981 vs plan",06/24/2026 10:52:59 AM
r39-0003396,rjones@silverlinefreight.com,Budget vs Actual,Summarize the Apr variance for entity MX-06,completed,21.5,"Ops Apr variance was $4,631,242 vs plan",06/24/2026 09:56:20 AM
r39-0003397,nrodriguez@silverlinefreight.com,Board Deck Builder,Which cost centers are over budget YTD?,completed,71.8,"Accounting Apr variance was $595,635 vs plan",06/24/2026 11:31:08 AM
r39-0003398,nrodriguez@silverlinefreight.com,Cash Forecaster,Check covenant compliance for the revolver,completed,11.8,"FP&A Apr variance was $1,107,864 vs plan",06/24/2026 05:18:13 PM
r39-0003399,rclark@silverlinefreight.com,Vendor Spend Analyzer,Why did FP&A spend exceed budget in Mar?,completed,65.6,"FP&A Mar variance was $2,915,439 vs plan",06/24/2026 03:24:29 PM
r39-0003400,rclark@silverlinefreight.com,AP Aging Analyst,Forecast Jun operating cash flow,completed,5.0,"FP&A Jun variance was $1,565,400 vs plan",06/24/2026 03:17:14 PM
r39-0003401,nrodriguez@silverlinefreight.com,Budget vs Actual,Forecast Jan operating cash flow,completed,38.3,"Treasury Jan variance was $3,890,844 vs plan",06/24/2026 04:19:40 PM
r39-0003402,rclark@silverlinefreight.com,Cash Forecaster,Explain the headcount variance vs plan,completed,49.7,"Treasury Apr variance was $4,126,524 vs plan",06/24/2026 01:47:34 PM
r39-0003403,nrodriguez@silverlinefreight.com,Budget vs Actual,Why did FP&A spend exceed budget in May?,completed,59.5,"FP&A May variance was $4,292,123 vs plan",06/24/2026 02:35:47 PM
r39-0003404,rclark@silverlinefreight.com,Covenant Checker,Explain the headcount variance vs plan,completed,42.2,"Ops Apr variance was $1,455,364 vs plan",06/24/2026 08:01:25 AM
r39-0003405,fwilson@silverlinefreight.com,Close Checklist Bot,Build the board deck cash slide for Feb,completed,58.6,"Ops Feb variance was $1,996,217 vs plan",06/24/2026 09:24:35 AM
r39-0003406,rjones@silverlinefreight.com,Close Checklist Bot,Why did Treasury spend exceed budget in Jan?,completed,33.9,"Treasury Jan variance was $1,361,848 vs plan",06/24/2026 01:25:19 PM
r39-0003407,rjones@silverlinefreight.com,Vendor Spend Analyzer,Reconcile AP aging over 90 days for US-03,completed,73.9,"Accounting May variance was $1,260,816 vs plan",06/24/2026 11:27:43 AM
r39-0003408,nrodriguez@silverlinefreight.com,Variance Explainer,Summarize the Jan variance for entity CA-08,completed,39.6,"Accounting Jan variance was $502,749 vs plan",06/24/2026 04:07:13 PM
r39-0003409,nrodriguez@silverlinefreight.com,Close Checklist Bot,Summarize the Jun variance for entity US-02,completed,25.2,"Treasury Jun variance was $3,876,800 vs plan",06/24/2026 10:55:38 AM
r39-0003410,nrodriguez@silverlinefreight.com,Journal Entry Reviewer,Build the board deck cash slide for Jan,completed,54.9,"Treasury Jan variance was $4,322,972 vs plan",06/24/2026 10:31:56 AM
r39-0003411,nrodriguez@silverlinefreight.com,Budget vs Actual,Build the board deck cash slide for Apr,completed,69.9,"Treasury Apr variance was $1,023,520 vs plan",06/24/2026 09:00:39 AM
r39-0003412,nrodriguez@silverlinefreight.com,Variance Explainer,Build the board deck cash slide for Jun,completed,17.0,"Accounting Jun variance was $794,591 vs plan",06/24/2026 02:32:34 PM
r39-0003413,nrodriguez@silverlinefreight.com,Vendor Spend Analyzer,Why did Ops spend exceed budget in Jun?,completed,53.6,"Ops Jun variance was $597,357 vs plan",06/24/2026 12:43:44 PM
r39-0003414,rclark@silverlinefreight.com,Flux Commentary,Summarize the Feb variance for entity EU-01,error,5.0,error: connection reset by peer,06/24/2026 08:51:55 AM
r39-0003415,rclark@silverlinefreight.com,AP Aging Analyst,Forecast Jun operating cash flow,completed,0.3,ERROR: upstream request timed out,06/24/2026 07:30:19 AM
r39-0003416,nrodriguez@silverlinefreight.com,Headcount Planner,Build the board deck cash slide for Jan,completed,39.1,"Accounting Jan variance was $2,147,716 vs plan",06/24/2026 02:57:18 PM
r39-0003417,rclark@silverlinefreight.com,Covenant Checker,Summarize the Feb variance for entity US-06,completed,1.3,error: connection reset by peer,06/24/2026 01:42:28 PM
r39-0003418,rclark@silverlinefreight.com,Budget vs Actual,Why did Accounting spend exceed budget in Mar?,completed,0.7,ERROR: upstream request timed out,06/24/2026 11:22:19 AM
r39-0003419,nrodriguez@silverlinefreight.com,Board Deck Builder,Reconcile AP aging over 90 days for US-02,completed,6.5,"FP&A Apr variance was $1,969,319 vs plan",06/24/2026 07:40:51 PM
r39-0003420,nrodriguez@silverlinefreight.com,Flux Commentary,Why did Treasury spend exceed budget in Mar?,completed,25.6,"Treasury Mar variance was $998,160 vs plan",06/24/2026 04:23:09 PM
r39-0003421,nrodriguez@silverlinefreight.com,Covenant Checker,Forecast Jan operating cash flow,completed,39.9,"FP&A Jan variance was $1,074,615 vs plan",06/24/2026 06:11:02 PM
r39-0003422,nrodriguez@silverlinefreight.com,Covenant Checker,Which cost centers are over budget YTD?,completed,61.9,"Treasury Feb variance was $4,828 vs plan",06/24/2026 01:54:09 PM
r39-0003423,nrodriguez@silverlinefreight.com,Revenue Recognizer,What drove the change in gross margin this quarter?,completed,31.1,"Ops Feb variance was $3,290,770 vs plan",06/24/2026 09:35:20 AM
r39-0003424,nrodriguez@silverlinefreight.com,Headcount Planner,Reconcile AP aging over 90 days for EU-02,completed,31.8,"Accounting Mar variance was $3,539,869 vs plan",06/24/2026 10:57:14 AM
r39-0003425,rclark@silverlinefreight.com,Vendor Spend Analyzer,Forecast Jan operating cash flow,completed,17.9,"FP&A Jan variance was $3,119,471 vs plan",06/24/2026 11:56:06 AM
r39-0003426,rclark@silverlinefreight.com,Budget vs Actual,Which cost centers are over budget YTD?,completed,50.2,"Accounting Jun variance was $4,227,124 vs plan",06/24/2026 04:51:39 PM
r39-0003427,rclark@silverlinefreight.com,Covenant Checker,Reconcile AP aging over 90 days for CA-08,completed,27.3,"Accounting Apr variance was $4,674,012 vs plan",06/24/2026 01:58:09 PM
r39-0003428,rclark@silverlinefreight.com,Close Checklist Bot,Check covenant compliance for the revolver,completed,31.2,"Ops Jan variance was $3,068,479 vs plan",06/24/2026 12:18:01 PM
r39-0003429,nrodriguez@silverlinefreight.com,Board Deck Builder,Why did Ops spend exceed budget in Jun?,completed,34.1,"Ops Jun variance was $2,617,236 vs plan",06/24/2026 01:21:47 PM
r39-0003430,rjones@silverlinefreight.com,Board Deck Builder,Which cost centers are over budget YTD?,completed,64.5,"Treasury Apr variance was $123,931 vs plan",06/24/2026 01:16:36 PM
r39-0003431,nrodriguez@silverlinefreight.com,Budget vs Actual,Check covenant compliance for the revolver,completed,53.4,"FP&A Apr variance was $2,409,339 vs plan",06/24/2026 01:40:27 PM
r39-0003432,nrodriguez@silverlinefreight.com,Vendor Spend Analyzer,Check covenant compliance for the revolver,completed,50.6,"Treasury Feb variance was $158,995 vs plan",06/24/2026 03:31:53 PM
r39-0003433,rclark@silverlinefreight.com,Vendor Spend Analyzer,Check covenant compliance for the revolver,completed,20.1,"Accounting May variance was $772,534 vs plan",06/24/2026 10:23:10 AM
r39-0003434,rclark@silverlinefreight.com,Vendor Spend Analyzer,Which cost centers are over budget YTD?,error,5.9,Traceback (most recent call last): KeyError 'entity',06/24/2026 04:53:25 PM
r39-0003435,nrodriguez@silverlinefreight.com,Cash Forecaster,Check covenant compliance for the revolver,completed,28.7,"FP&A May variance was $2,242,671 vs plan",06/24/2026 12:59:23 PM
r39-0003436,nrodriguez@silverlinefreight.com,Vendor Spend Analyzer,Build the board deck cash slide for Apr,completed,8.9,"Ops Apr variance was $3,718,558 vs plan",06/24/2026 02:06:06 PM
r39-0003437,rclark@silverlinefreight.com,AP Aging Analyst,Reconcile AP aging over 90 days for US-03,completed,38.8,"Treasury Jan variance was $1,560,294 vs plan",06/24/2026 03:57:13 PM
r39-0003438,nrodriguez@silverlinefreight.com,Headcount Planner,Summarize the Feb variance for entity US-06,completed,39.8,"FP&A Feb variance was $4,051,122 vs plan",06/24/2026 09:07:14 AM
r39-0003439,rclark@silverlinefreight.com,Board Deck Builder,Which cost centers are over budget YTD?,completed,30.4,"FP&A Feb variance was $118,480 vs plan",06/25/2026 01:13:28 PM
r39-0003440,fwilson@silverlinefreight.com,Flux Commentary,Build the board deck cash slide for Jan,completed,4.1,"Accounting Jan variance was $1,020,438 vs plan",06/25/2026 02:00:28 PM
r39-0003441,fwilson@silverlinefreight.com,Cash Forecaster,Summarize the Jun variance for entity CA-04,completed,24.9,"Accounting Jun variance was $3,802,230 vs plan",06/25/2026 12:29:45 PM
r39-0003442,rclark@silverlinefreight.com,AP Aging Analyst,Check covenant compliance for the revolver,completed,73.1,"FP&A Jan variance was $4,476,295 vs plan",06/25/2026 08:44:44 AM
r39-0003443,nrodriguez@silverlinefreight.com,AP Aging Analyst,Forecast May operating cash flow,completed,36.2,"Accounting May variance was $4,694,510 vs plan",06/25/2026 10:48:52 PM
r39-0003444,rjones@silverlinefreight.com,Journal Entry Reviewer,Explain the headcount variance vs plan,completed,25.9,"FP&A Jan variance was $67,933 vs plan",06/25/2026 10:25:29 AM
r39-0003445,nrodriguez@silverlinefreight.com,Journal Entry Reviewer,Build the board deck cash slide for Apr,completed,1.1,error: connection reset by peer,06/25/2026 07:55:54 AM
r39-0003446,fwilson@silverlinefreight.com,Variance Explainer,Reconcile AP aging over 90 days for EU-09,completed,57.7,"Ops Jun variance was $3,756,178 vs plan",06/25/2026 11:11:39 AM
r39-0003447,fwilson@silverlinefreight.com,Board Deck Builder,Explain the headcount variance vs plan,completed,15.5,"Treasury Apr variance was $4,099,645 vs plan",06/25/2026 12:02:40 PM
r39-0003448,rclark@silverlinefreight.com,Flux Commentary,Reconcile AP aging over 90 days for US-08,completed,6.3,"Ops Mar variance was $637,710 vs plan",06/25/2026 11:23:20 AM
r39-0003449,fwilson@silverlinefreight.com,Cash Forecaster,Summarize the Feb variance for entity EU-08,completed,1.9,error: connection reset by peer,06/25/2026 11:43:53 AM
r39-0003450,rclark@silverlinefreight.com,Variance Explainer,Reconcile AP aging over 90 days for MX-07,completed,58.9,"Treasury Jun variance was $4,660,310 vs plan",06/25/2026 01:14:28 PM
r39-0003451,nrodriguez@silverlinefreight.com,Vendor Spend Analyzer,Forecast Apr operating cash flow,completed,74.6,"Ops Apr variance was $4,208,820 vs plan",06/25/2026 12:14:59 PM
r39-0003452,nrodriguez@silverlinefreight.com,Board Deck Builder,Summarize the Apr variance for entity US-08,completed,39.5,"Ops Apr variance was $889,800 vs plan",06/25/2026 03:26:24 PM
r39-0003453,rclark@silverlinefreight.com,Covenant Checker,Draft flux commentary for the May close,completed,0.5,error: connection reset by peer,06/25/2026 01:15:58 PM
r39-0003454,nrodriguez@silverlinefreight.com,Revenue Recognizer,Reconcile AP aging over 90 days for CA-05,completed,29.9,"Treasury Mar variance was $2,211,269 vs plan",06/25/2026 09:27:25 AM
r39-0003455,nrodriguez@silverlinefreight.com,Variance Explainer,What drove the change in gross margin this quarter?,completed,3.1,"FP&A Jan variance was $1,968,721 vs plan",06/25/2026 07:33:28 PM
r39-0003456,nrodriguez@silverlinefreight.com,Close Checklist Bot,What drove the change in gross margin this quarter?,completed,0.7,FAILED: null reference in aggregation step,06/25/2026 08:13:13 AM
r39-0003457,rjones@silverlinefreight.com,Journal Entry Reviewer,Reconcile AP aging over 90 days for EU-09,completed,55.7,"FP&A Feb variance was $1,410,151 vs plan",06/25/2026 01:35:06 PM
r39-0003458,nrodriguez@silverlinefreight.com,Flux Commentary,Summarize the May variance for entity US-07,completed,39.4,"Treasury May variance was $3,210,527 vs plan",06/25/2026 07:33:47 AM
r39-0003459,rclark@silverlinefreight.com,Close Checklist Bot,Which cost centers are over budget YTD?,completed,62.6,"Treasury Mar variance was $2,296,028 vs plan",06/25/2026 01:50:34 PM
r39-0003460,nrodriguez@silverlinefreight.com,Flux Commentary,Reconcile AP aging over 90 days for MX-03,completed,62.1,"Ops Mar variance was $4,681,287 vs plan",06/25/2026 12:23:01 PM
r39-0003461,rclark@silverlinefreight.com,Board Deck Builder,Forecast Jun operating cash flow,completed,59.4,"Treasury Jun variance was $1,212,313 vs plan",06/25/2026 08:52:54 AM
r39-0003462,rclark@silverlinefreight.com,Close Checklist Bot,Build the board deck cash slide for Apr,completed,32.3,"Treasury Apr variance was $1,128,795 vs plan",06/25/2026 05:45:14 PM
r39-0003463,nrodriguez@silverlinefreight.com,Board Deck Builder,Draft flux commentary for the Jan close,completed,19.5,"FP&A Jan variance was $2,700,568 vs plan",06/25/2026 08:33:33 AM
r39-0003464,nrodriguez@silverlinefreight.com,Covenant Checker,Draft flux commentary for the Jun close,completed,1.5,Traceback (most recent call last): KeyError 'entity',06/25/2026 10:24:46 AM
r39-0003465,rclark@silverlinefreight.com,Journal Entry Reviewer,Which cost centers are over budget YTD?,completed,34.2,"Ops Apr variance was $2,518,305 vs plan",06/25/2026 04:23:17 PM
r39-0003466,nrodriguez@silverlinefreight.com,Variance Explainer,Draft flux commentary for the Mar close,completed,1.2,Traceback (most recent call last): KeyError 'entity',06/25/2026 01:51:54 PM
r39-0003467,nrodriguez@silverlinefreight.com,Close Checklist Bot,Build the board deck cash slide for Feb,completed,35.1,"Ops Feb variance was $2,308,022 vs plan",06/25/2026 08:46:12 AM
r39-0003468,nrodriguez@silverlinefreight.com,Headcount Planner,Draft flux commentary for the Mar close,completed,49.0,"FP&A Mar variance was $4,217,554 vs plan",06/25/2026 07:44:40 AM
r39-0003469,nrodriguez@silverlinefreight.com,AP Aging Analyst,What drove the change in gross margin this quarter?,completed,47.3,"FP&A Jun variance was $2,509,528 vs plan",06/25/2026 09:54:03 AM
r39-0003470,rclark@silverlinefreight.com,AP Aging Analyst,Summarize the Jun variance for entity MX-09,completed,0.3,Traceback (most recent call last): KeyError 'entity',06/25/2026 01:40:16 PM
r39-0003471,rclark@silverlinefreight.com,Variance Explainer,Build the board deck cash slide for Jun,completed,66.3,"Ops Jun variance was $220,144 vs plan",06/25/2026 10:42:19 AM
r39-0003472,nrodriguez@silverlinefreight.com,Journal Entry Reviewer,Reconcile AP aging over 90 days for EU-06,completed,61.3,"FP&A Feb variance was $2,317,380 vs plan",06/25/2026 10:30:13 AM
r39-0003473,rclark@silverlinefreight.com,Vendor Spend Analyzer,Why did FP&A spend exceed budget in Feb?,completed,0.6,ERROR: upstream request timed out,06/25/2026 11:11:28 AM
r39-0003474,rclark@silverlinefreight.com,Cash Forecaster,Check covenant compliance for the revolver,completed,72.0,"Ops Apr variance was $953,650 vs plan",06/25/2026 02:30:59 PM
r39-0003475,rclark@silverlinefreight.com,AP Aging Analyst,Why did Accounting spend exceed budget in Apr?,completed,13.7,"Accounting Apr variance was $2,859,153 vs plan",06/25/2026 12:35:50 PM
r39-0003476,rclark@silverlinefreight.com,Covenant Checker,Forecast Jan operating cash flow,completed,56.3,"Accounting Jan variance was $4,184,028 vs plan",06/26/2026 03:21:18 PM
r39-0003477,nrodriguez@silverlinefreight.com,Revenue Recognizer,Check covenant compliance for the revolver,completed,47.4,"Accounting Jun variance was $3,141,772 vs plan",06/26/2026 03:44:58 PM
r39-0003478,rclark@silverlinefreight.com,Flux Commentary,What drove the change in gross margin this quarter?,completed,1.0,FAILED: null reference in aggregation step,06/26/2026 10:34:08 AM
r39-0003479,rclark@silverlinefreight.com,Flux Commentary,Which cost centers are over budget YTD?,completed,18.3,"Ops Apr variance was $298,573 vs plan",06/26/2026 04:12:02 PM
r39-0003480,fwilson@silverlinefreight.com,Covenant Checker,Which cost centers are over budget YTD?,completed,18.8,"Ops Feb variance was $4,261,652 vs plan",06/26/2026 02:27:47 PM
r39-0003481,nrodriguez@silverlinefreight.com,AP Aging Analyst,Check covenant compliance for the revolver,completed,1.0,error code 502 from model gateway,06/26/2026 06:55:16 PM
r39-0003482,fwilson@silverlinefreight.com,Headcount Planner,Build the board deck cash slide for May,completed,46.4,"FP&A May variance was $1,022,735 vs plan",06/26/2026 03:24:18 PM
r39-0003483,nrodriguez@silverlinefreight.com,Revenue Recognizer,What drove the change in gross margin this quarter?,completed,3.5,"Treasury Mar variance was $3,774,956 vs plan",06/26/2026 01:57:08 PM
r39-0003484,rclark@silverlinefreight.com,Flux Commentary,Summarize the Feb variance for entity US-04,completed,73.9,"Accounting Feb variance was $3,211,967 vs plan",06/26/2026 02:35:52 PM
r39-0003485,nrodriguez@silverlinefreight.com,Revenue Recognizer,Summarize the Jan variance for entity CA-08,completed,35.6,"Accounting Jan variance was $1,267,495 vs plan",06/26/2026 12:46:27 PM
r39-0003486,nrodriguez@silverlinefreight.com,Close Checklist Bot,Draft flux commentary for the Apr close,completed,58.3,"Accounting Apr variance was $2,121,298 vs plan",06/26/2026 08:22:33 AM
r39-0003487,nrodriguez@silverlinefreight.com,Board Deck Builder,Build the board deck cash slide for Feb,completed,11.2,"Treasury Feb variance was $3,850,740 vs plan",06/26/2026 10:00:55 AM
r39-0003488,nrodriguez@silverlinefreight.com,Flux Commentary,Forecast Jun operating cash flow,error,2.0,error code 502 from model gateway,06/26/2026 03:12:03 PM
r39-0003489,nrodriguez@silverlinefreight.com,Headcount Planner,What drove the change in gross margin this quarter?,completed,28.9,"Accounting May variance was $4,508,418 vs plan",06/26/2026 05:25:45 PM
r39-0003490,rclark@silverlinefreight.com,Variance Explainer,What drove the change in gross margin this quarter?,completed,55.6,"FP&A Apr variance was $33,163 vs plan",06/26/2026 02:58:26 PM
r39-0003491,nrodriguez@silverlinefreight.com,Flux Commentary,Build the board deck cash slide for Mar,completed,23.9,"FP&A Mar variance was $4,544,094 vs plan",06/26/2026 03:23:27 PM
r39-0003492,rclark@silverlinefreight.com,Close Checklist Bot,Why did Treasury spend exceed budget in Mar?,completed,30.8,"Treasury Mar variance was $1,011,365 vs plan",06/26/2026 12:08:50 PM
r39-0003493,rjones@silverlinefreight.com,Flux Commentary,What drove the change in gross margin this quarter?,completed,74.0,"Ops Mar variance was $3,921,974 vs plan",06/26/2026 02:26:02 PM
r39-0003494,nrodriguez@silverlinefreight.com,Budget vs Actual,Explain the headcount variance vs plan,completed,42.8,"Ops Jan variance was $2,482,938 vs plan",06/26/2026 08:54:23 AM
r39-0003495,nrodriguez@silverlinefreight.com,Flux Commentary,Explain the headcount variance vs plan,completed,45.2,"FP&A Jun variance was $2,170,850 vs plan",06/26/2026 10:08:45 AM
r39-0003496,rclark@silverlinefreight.com,Cash Forecaster,Check covenant compliance for the revolver,completed,42.3,"FP&A Mar variance was $4,028,562 vs plan",06/26/2026 01:30:26 PM
r39-0003497,rclark@silverlinefreight.com,Board Deck Builder,Check covenant compliance for the revolver,completed,73.8,"Ops Feb variance was $396,377 vs plan",06/26/2026 02:49:22 PM
r39-0003498,nrodriguez@silverlinefreight.com,Revenue Recognizer,Check covenant compliance for the revolver,completed,9.7,"Treasury Jan variance was $3,913,081 vs plan",06/26/2026 02:13:22 PM
r39-0003499,fwilson@silverlinefreight.com,Covenant Checker,Why did Accounting spend exceed budget in Feb?,completed,61.1,"Accounting Feb variance was $4,341,122 vs plan",06/26/2026 11:54:12 AM
r39-0003500,nrodriguez@silverlinefreight.com,Vendor Spend Analyzer,Explain the headcount variance vs plan,completed,48.4,"FP&A Mar variance was $4,164,624 vs plan",06/26/2026 02:20:52 PM
r39-0003501,rclark@silverlinefreight.com,Board Deck Builder,Explain the headcount variance vs plan,completed,53.0,"Accounting Feb variance was $4,376,062 vs plan",06/26/2026 10:50:36 AM
r39-0003502,nrodriguez@silverlinefreight.com,Variance Explainer,Explain the headcount variance vs plan,completed,71.8,"Ops Mar variance was $2,187,500 vs plan",06/26/2026 06:12:25 PM
r39-0003503,fwilson@silverlinefreight.com,Headcount Planner,Which cost centers are over budget YTD?,completed,0.4,error: connection reset by peer,06/26/2026 03:12:42 PM
r39-0003504,rclark@silverlinefreight.com,Variance Explainer,Why did FP&A spend exceed budget in Apr?,completed,1.1,FAILED: null reference in aggregation step,06/26/2026 06:58:36 PM
r39-0003505,nrodriguez@silverlinefreight.com,Revenue Recognizer,Forecast Jun operating cash flow,completed,38.2,"FP&A Jun variance was $2,205,505 vs plan",06/26/2026 10:14:13 AM
r39-0003506,rclark@silverlinefreight.com,Vendor Spend Analyzer,Forecast Feb operating cash flow,completed,71.8,"FP&A Feb variance was $2,544,776 vs plan",06/26/2026 10:45:46 AM
r39-0003507,fwilson@silverlinefreight.com,Cash Forecaster,Explain the headcount variance vs plan,error,1.9,Traceback (most recent call last): KeyError 'entity',06/26/2026 08:40:02 AM
r39-0003508,rclark@silverlinefreight.com,Flux Commentary,Forecast Jun operating cash flow,completed,29.3,"Accounting Jun variance was $1,962,737 vs plan",06/26/2026 02:11:36 PM
r39-0003509,rclark@silverlinefreight.com,Journal Entry Reviewer,Forecast Jun operating cash flow,completed,40.5,"FP&A Jun variance was $3,120,197 vs plan",06/26/2026 10:16:40 PM
r39-0003510,nrodriguez@silverlinefreight.com,Journal Entry Reviewer,Reconcile AP aging over 90 days for MX-09,completed,28.2,"Accounting Jan variance was $1,724,470 vs plan",06/26/2026 08:35:45 PM
r39-0003511,rclark@silverlinefreight.com,Cash Forecaster,Explain the headcount variance vs plan,completed,29.1,"FP&A Feb variance was $140,435 vs plan",06/26/2026 11:22:21 AM
r39-0003512,nrodriguez@silverlinefreight.com,Flux Commentary,Reconcile AP aging over 90 days for MX-02,completed,17.6,"Ops Feb variance was $219,347 vs plan",06/26/2026 01:23:38 PM
r39-0003513,rclark@silverlinefreight.com,Budget vs Actual,Summarize the Apr variance for entity MX-07,completed,21.3,"Treasury Apr variance was $4,119,996 vs plan",06/26/2026 10:35:25 AM
r39-0003514,nrodriguez@silverlinefreight.com,Journal Entry Reviewer,Which cost centers are over budget YTD?,completed,61.7,"Ops Feb variance was $3,018,518 vs plan",06/26/2026 01:04:17 PM
r39-0003515,fwilson@silverlinefreight.com,Revenue Recognizer,Reconcile AP aging over 90 days for CA-05,completed,7.5,"Ops Jan variance was $260,259 vs plan",06/26/2026 02:45:32 PM
r39-0003516,nrodriguez@silverlinefreight.com,Budget vs Actual,Build the board deck cash slide for Apr,completed,43.0,"Accounting Apr variance was $280,991 vs plan",06/26/2026 11:39:49 AM
r39-0003517,rclark@silverlinefreight.com,Headcount Planner,What drove the change in gross margin this quarter?,completed,38.3,"Treasury Jun variance was $3,593,927 vs plan",06/26/2026 11:32:59 AM
r39-0003518,rclark@silverlinefreight.com,Variance Explainer,Explain the headcount variance vs plan,completed,45.7,"Accounting May variance was $52,701 vs plan",06/26/2026 04:50:22 PM
r39-0003519,rclark@silverlinefreight.com,Variance Explainer,Why did FP&A spend exceed budget in Jun?,completed,70.3,"FP&A Jun variance was $3,708,102 vs plan",06/26/2026 03:25:53 PM
r39-0003520,fwilson@silverlinefreight.com,Variance Explainer,Reconcile AP aging over 90 days for CA-02,completed,1.3,ERROR: upstream request timed out,06/26/2026 09:24:45 AM
r39-0003521,rclark@silverlinefreight.com,Flux Commentary,Summarize the May variance for entity MX-05,completed,21.4,"Ops May variance was $2,590,678 vs plan",06/26/2026 02:49:28 PM
r39-0003522,fwilson@silverlinefreight.com,Covenant Checker,Which cost centers are over budget YTD?,completed,58.8,"Accounting Jan variance was $3,388,478 vs plan",06/26/2026 02:57:09 PM
r39-0003523,nrodriguez@silverlinefreight.com,Budget vs Actual,Reconcile AP aging over 90 days for EU-05,completed,34.5,"Treasury Apr variance was $3,753,042 vs plan",06/26/2026 12:35:43 PM
r39-0003524,rclark@silverlinefreight.com,Journal Entry Reviewer,Which cost centers are over budget YTD?,completed,51.3,"FP&A Mar variance was $61,206 vs plan",06/26/2026 10:49:57 AM
r39-0003525,rjones@silverlinefreight.com,Budget vs Actual,Explain the headcount variance vs plan,completed,50.1,"Treasury Jun variance was $532,052 vs plan",06/27/2026 02:26:45 PM
r39-0003526,nrodriguez@silverlinefreight.com,Board Deck Builder,Forecast Mar operating cash flow,completed,65.6,"Ops Mar variance was $1,771,754 vs plan",06/27/2026 10:44:12 AM
r39-0003527,rclark@silverlinefreight.com,Variance Explainer,Reconcile AP aging over 90 days for CA-01,completed,6.1,"Treasury Mar variance was $4,044,320 vs plan",06/27/2026 01:02:58 PM
r39-0003528,rclark@silverlinefreight.com,Vendor Spend Analyzer,Which cost centers are over budget YTD?,completed,0.9,ERROR: upstream request timed out,06/27/2026 12:46:21 PM
r39-0003529,nrodriguez@silverlinefreight.com,Variance Explainer,Build the board deck cash slide for Jun,completed,44.7,"FP&A Jun variance was $3,110,566 vs plan",06/27/2026 05:42:27 PM
r39-0003530,rclark@silverlinefreight.com,Flux Commentary,Explain the headcount variance vs plan,completed,7.9,"FP&A Jan variance was $4,378,457 vs plan",06/27/2026 10:45:49 AM
r39-0003531,nrodriguez@silverlinefreight.com,Cash Forecaster,Build the board deck cash slide for Jan,completed,25.3,"Ops Jan variance was $2,968,966 vs plan",06/27/2026 07:10:32 AM
r39-0003532,rclark@silverlinefreight.com,Board Deck Builder,Check covenant compliance for the revolver,completed,60.3,"Treasury Feb variance was $4,653,668 vs plan",06/27/2026 01:35:45 PM
r39-0003533,fwilson@silverlinefreight.com,Covenant Checker,Build the board deck cash slide for Mar,completed,52.2,"Ops Mar variance was $227,074 vs plan",06/27/2026 10:02:54 AM
r39-0003534,rclark@silverlinefreight.com,Headcount Planner,Explain the headcount variance vs plan,completed,21.3,"Ops Apr variance was $419,706 vs plan",06/28/2026 04:12:24 PM
r39-0003535,nrodriguez@silverlinefreight.com,Budget vs Actual,Why did Accounting spend exceed budget in Jun?,error,6.2,ERROR: upstream request timed out,06/28/2026 04:07:08 PM
r39-0003536,fwilson@silverlinefreight.com,Close Checklist Bot,Reconcile AP aging over 90 days for EU-08,completed,53.9,"Ops Jan variance was $3,918,048 vs plan",06/28/2026 12:13:33 PM
r39-0003537,nrodriguez@silverlinefreight.com,Headcount Planner,What drove the change in gross margin this quarter?,completed,22.7,"Accounting Mar variance was $626,363 vs plan",06/28/2026 02:31:05 PM
r39-0003538,nrodriguez@silverlinefreight.com,Close Checklist Bot,Forecast Jun operating cash flow,completed,15.9,"Treasury Jun variance was $3,638,821 vs plan",06/28/2026 01:07:14 PM
r39-0003539,rjones@silverlinefreight.com,Cash Forecaster,Summarize the May variance for entity MX-04,completed,74.9,"FP&A May variance was $4,537,612 vs plan",06/28/2026 02:12:19 PM
r39-0003540,nrodriguez@silverlinefreight.com,Board Deck Builder,What drove the change in gross margin this quarter?,completed,18.1,"Treasury Mar variance was $2,307,668 vs plan",06/28/2026 12:15:40 PM
r39-0003541,rclark@silverlinefreight.com,Variance Explainer,Forecast Mar operating cash flow,error,2.5,error: connection reset by peer,06/28/2026 10:57:54 AM
r39-0003542,rclark@silverlinefreight.com,Headcount Planner,Which cost centers are over budget YTD?,completed,62.5,"FP&A Jun variance was $304,279 vs plan",06/28/2026 03:03:20 PM
r39-0003543,rclark@silverlinefreight.com,Close Checklist Bot,Check covenant compliance for the revolver,completed,5.9,"Treasury Apr variance was $4,128,885 vs plan",06/28/2026 11:48:10 AM
r39-0003544,rclark@silverlinefreight.com,Close Checklist Bot,Build the board deck cash slide for Mar,completed,0.9,ERROR: upstream request timed out,06/28/2026 06:06:34 PM
r39-0003545,rclark@silverlinefreight.com,Flux Commentary,Explain the headcount variance vs plan,completed,3.4,"FP&A May variance was $3,858,557 vs plan",06/28/2026 08:49:24 AM
r39-0003546,fwilson@silverlinefreight.com,Revenue Recognizer,Reconcile AP aging over 90 days for US-09,completed,24.4,"Treasury Apr variance was $1,121,586 vs plan",06/28/2026 11:48:45 AM
r39-0003547,rclark@silverlinefreight.com,AP Aging Analyst,Reconcile AP aging over 90 days for CA-06,completed,57.7,"Treasury Apr variance was $975,151 vs plan",06/28/2026 04:30:55 PM
r39-0003548,nrodriguez@silverlinefreight.com,Close Checklist Bot,Why did Ops spend exceed budget in Apr?,completed,48.0,"Ops Apr variance was $1,893,663 vs plan",06/28/2026 01:59:18 PM
r39-0003549,nrodriguez@silverlinefreight.com,Close Checklist Bot,Draft flux commentary for the May close,completed,63.9,"Ops May variance was $825,453 vs plan",06/29/2026 10:09:06 AM
r39-0003550,rclark@silverlinefreight.com,Vendor Spend Analyzer,Summarize the May variance for entity EU-05,error,7.6,error: connection reset by peer,06/29/2026 01:08:02 PM
r39-0003551,rclark@silverlinefreight.com,Headcount Planner,Why did Treasury spend exceed budget in Feb?,completed,55.1,"Treasury Feb variance was $2,398,719 vs plan",06/29/2026 10:09:29 AM
r39-0003552,nrodriguez@silverlinefreight.com,Journal Entry Reviewer,Draft flux commentary for the May close,completed,54.3,"Accounting May variance was $2,806,403 vs plan",06/29/2026 08:48:22 AM
r39-0003553,rclark@silverlinefreight.com,Budget vs Actual,What drove the change in gross margin this quarter?,completed,1.4,FAILED: null reference in aggregation step,06/29/2026 10:23:42 AM
r39-0003554,nrodriguez@silverlinefreight.com,Vendor Spend Analyzer,Summarize the Mar variance for entity US-01,completed,0.6,error: connection reset by peer,06/29/2026 09:13:24 AM
r39-0003555,nrodriguez@silverlinefreight.com,Board Deck Builder,Which cost centers are over budget YTD?,completed,62.8,"Treasury Feb variance was $3,276,651 vs plan",06/29/2026 03:33:06 PM
r39-0003556,rclark@silverlinefreight.com,Vendor Spend Analyzer,Check covenant compliance for the revolver,completed,62.9,"Ops Feb variance was $4,082,141 vs plan",06/29/2026 11:30:22 AM
r39-0003557,nrodriguez@silverlinefreight.com,Board Deck Builder,Why did Accounting spend exceed budget in Apr?,completed,3.5,"Accounting Apr variance was $4,120,911 vs plan",06/29/2026 10:33:31 AM
r39-0003558,rclark@silverlinefreight.com,Close Checklist Bot,Draft flux commentary for the Jan close,completed,46.0,"Treasury Jan variance was $66,517 vs plan",06/29/2026 10:36:04 AM
r39-0003559,rclark@silverlinefreight.com,Journal Entry Reviewer,Forecast Feb operating cash flow,completed,49.6,"Ops Feb variance was $186,309 vs plan",06/29/2026 10:38:39 AM
r39-0003560,rclark@silverlinefreight.com,Close Checklist Bot,Build the board deck cash slide for Apr,completed,65.5,"Accounting Apr variance was $2,853,800 vs plan",06/29/2026 12:24:42 PM
r39-0003561,fwilson@silverlinefreight.com,Headcount Planner,Build the board deck cash slide for May,completed,29.8,"FP&A May variance was $631,959 vs plan",06/29/2026 12:40:45 PM
r39-0003562,rclark@silverlinefreight.com,Headcount Planner,Build the board deck cash slide for Apr,completed,43.7,"Ops Apr variance was $4,353,060 vs plan",06/29/2026 07:01:06 PM
r39-0003563,nrodriguez@silverlinefreight.com,Revenue Recognizer,Forecast Jun operating cash flow,completed,0.9,error code 502 from model gateway,06/29/2026 12:57:49 PM
r39-0003564,fwilson@silverlinefreight.com,Variance Explainer,Forecast Mar operating cash flow,completed,61.7,"Ops Mar variance was $1,072,164 vs plan",06/29/2026 01:40:24 PM
r39-0003565,fwilson@silverlinefreight.com,Flux Commentary,Draft flux commentary for the Apr close,completed,46.5,"Ops Apr variance was $4,745,401 vs plan",06/29/2026 03:49:35 PM
r39-0003566,rjones@silverlinefreight.com,Close Checklist Bot,Explain the headcount variance vs plan,completed,13.7,"Accounting Mar variance was $3,888,463 vs plan",06/29/2026 12:43:42 PM
r39-0003567,nrodriguez@silverlinefreight.com,AP Aging Analyst,Draft flux commentary for the Apr close,completed,59.1,"Accounting Apr variance was $161,261 vs plan",06/29/2026 09:37:40 AM
r39-0003568,fwilson@silverlinefreight.com,Variance Explainer,What drove the change in gross margin this quarter?,completed,8.5,"Ops Jun variance was $897,213 vs plan",06/29/2026 05:02:25 PM
r39-0003569,fwilson@silverlinefreight.com,Vendor Spend Analyzer,Build the board deck cash slide for Apr,completed,69.5,"FP&A Apr variance was $3,809,212 vs plan",06/29/2026 02:23:51 PM
r39-0003570,fwilson@silverlinefreight.com,Journal Entry Reviewer,Build the board deck cash slide for Feb,completed,3.9,"Accounting Feb variance was $647,204 vs plan",06/29/2026 02:53:51 PM
r39-0003571,nrodriguez@silverlinefreight.com,Board Deck Builder,Check covenant compliance for the revolver,completed,38.7,"Treasury Mar variance was $2,225,848 vs plan",06/29/2026 10:41:31 AM
r39-0003572,fwilson@silverlinefreight.com,Variance Explainer,Explain the headcount variance vs plan,completed,62.6,"Ops Jun variance was $4,546,333 vs plan",06/29/2026 04:16:36 PM
r39-0003573,nrodriguez@silverlinefreight.com,Variance Explainer,Check covenant compliance for the revolver,completed,50.0,"FP&A Mar variance was $2,782,335 vs plan",06/29/2026 02:33:14 PM
r39-0003574,nrodriguez@silverlinefreight.com,Revenue Recognizer,Which cost centers are over budget YTD?,completed,1.8,FAILED: null reference in aggregation step,06/29/2026 12:25:55 PM
r39-0003575,nrodriguez@silverlinefreight.com,Board Deck Builder,What drove the change in gross margin this quarter?,completed,4.0,"FP&A May variance was $1,454,894 vs plan",06/29/2026 10:16:29 AM
r39-0003576,nrodriguez@silverlinefreight.com,AP Aging Analyst,Summarize the Jun variance for entity EU-03,completed,8.9,"FP&A Jun variance was $3,540,280 vs plan",06/29/2026 10:51:31 AM
r39-0003577,fwilson@silverlinefreight.com,Close Checklist Bot,Why did Treasury spend exceed budget in Feb?,error,3.1,ERROR: upstream request timed out,06/29/2026 02:06:45 PM
r39-0003578,rclark@silverlinefreight.com,Board Deck Builder,Check covenant compliance for the revolver,completed,74.5,"Accounting Mar variance was $3,201,643 vs plan",06/29/2026 10:34:40 AM
r39-0003579,fwilson@silverlinefreight.com,Headcount Planner,Summarize the Jan variance for entity CA-01,completed,50.3,"FP&A Jan variance was $3,767,467 vs plan",06/29/2026 03:14:52 PM
r39-0003580,rjones@silverlinefreight.com,Budget vs Actual,What drove the change in gross margin this quarter?,completed,35.5,"Ops Mar variance was $704,924 vs plan",06/29/2026 05:56:50 PM
r39-0003581,rclark@silverlinefreight.com,Vendor Spend Analyzer,What drove the change in gross margin this quarter?,completed,63.6,"Treasury Apr variance was $1,727,072 vs plan",06/29/2026 01:39:12 PM
r39-0003582,rjones@silverlinefreight.com,Variance Explainer,Build the board deck cash slide for Mar,completed,20.1,"Treasury Mar variance was $2,853,394 vs plan",06/29/2026 07:04:12 AM
r39-0003583,rclark@silverlinefreight.com,Flux Commentary,Why did Accounting spend exceed budget in Mar?,completed,51.2,"Accounting Mar variance was $2,148,470 vs plan",06/29/2026 02:37:09 PM
r39-0003584,nrodriguez@silverlinefreight.com,Variance Explainer,Which cost centers are over budget YTD?,completed,56.2,"Ops Mar variance was $1,244,446 vs plan",06/29/2026 11:39:51 AM
r39-0003585,nrodriguez@silverlinefreight.com,Close Checklist Bot,Forecast Mar operating cash flow,completed,47.0,"Ops Mar variance was $1,647,951 vs plan",06/30/2026 02:47:00 PM
r39-0003586,rclark@silverlinefreight.com,Vendor Spend Analyzer,Reconcile AP aging over 90 days for MX-05,completed,56.3,"FP&A Jan variance was $2,310,698 vs plan",06/30/2026 12:51:36 PM
r39-0003587,nrodriguez@silverlinefreight.com,Budget vs Actual,Forecast Apr operating cash flow,completed,68.7,"FP&A Apr variance was $3,190,983 vs plan",06/30/2026 12:53:31 PM
r39-0003588,nrodriguez@silverlinefreight.com,Covenant Checker,What drove the change in gross margin this quarter?,completed,46.9,"Accounting Jan variance was $720,223 vs plan",06/30/2026 08:45:04 AM
r39-0003589,nrodriguez@silverlinefreight.com,Covenant Checker,Forecast Mar operating cash flow,completed,58.8,"Treasury Mar variance was $1,327,483 vs plan",06/30/2026 10:32:34 AM
r39-0003590,rclark@silverlinefreight.com,Covenant Checker,Forecast Jun operating cash flow,completed,18.4,"FP&A Jun variance was $2,914,809 vs plan",06/30/2026 10:43:59 AM
r39-0003591,fwilson@silverlinefreight.com,Revenue Recognizer,Explain the headcount variance vs plan,error,3.0,FAILED: null reference in aggregation step,06/30/2026 03:21:45 PM
r39-0003592,fwilson@silverlinefreight.com,Covenant Checker,Reconcile AP aging over 90 days for MX-08,completed,34.3,"Ops Jan variance was $2,304,721 vs plan",06/30/2026 09:47:08 AM
r39-0003593,rclark@silverlinefreight.com,Board Deck Builder,Forecast Apr operating cash flow,completed,10.8,"FP&A Apr variance was $2,478,142 vs plan",06/30/2026 03:19:42 PM
r39-0003594,nrodriguez@silverlinefreight.com,Journal Entry Reviewer,What drove the change in gross margin this quarter?,completed,1.8,Traceback (most recent call last): KeyError 'entity',06/30/2026 03:23:59 PM
r39-0003595,nrodriguez@silverlinefreight.com,Cash Forecaster,Summarize the Apr variance for entity MX-03,completed,41.8,"Accounting Apr variance was $50,005 vs plan",06/30/2026 11:11:38 AM
r39-0003596,rclark@silverlinefreight.com,Vendor Spend Analyzer,Why did Treasury spend exceed budget in May?,completed,24.0,"Treasury May variance was $3,828,458 vs plan",06/30/2026 10:39:03 AM
r39-0003597,nrodriguez@silverlinefreight.com,Variance Explainer,Summarize the Jun variance for entity CA-04,completed,50.5,"Accounting Jun variance was $207,818 vs plan",06/30/2026 05:31:36 PM
r39-0003598,rclark@silverlinefreight.com,Vendor Spend Analyzer,Draft flux commentary for the Feb close,completed,16.2,"Accounting Feb variance was $844,444 vs plan",06/30/2026 01:06:49 PM
r39-0003599,nrodriguez@silverlinefreight.com,Revenue Recognizer,Why did Ops spend exceed budget in Apr?,completed,73.4,"Ops Apr variance was $368,800 vs plan",06/30/2026 10:00:27 AM
r39-0003600,fwilson@silverlinefreight.com,Close Checklist Bot,Why did Accounting spend exceed budget in Feb?,completed,63.7,"Accounting Feb variance was $3,296,099 vs plan",06/30/2026 12:41:50 PM
r39-0003601,rclark@silverlinefreight.com,Journal Entry Reviewer,Reconcile AP aging over 90 days for US-07,completed,27.8,"Accounting Jun variance was $1,784,371 vs plan",06/30/2026 07:40:17 AM
r39-0003602,rclark@silverlinefreight.com,Revenue Recognizer,Forecast Apr operating cash flow,completed,44.4,"FP&A Apr variance was $3,711,637 vs plan",06/30/2026 10:00:13 AM
r39-0003603,fwilson@silverlinefreight.com,Budget vs Actual,Draft flux commentary for the Mar close,completed,3.0,"Ops Mar variance was $4,282,196 vs plan",06/30/2026 12:37:50 PM
r39-0003604,nrodriguez@silverlinefreight.com,AP Aging Analyst,Which cost centers are over budget YTD?,completed,8.0,"Treasury Feb variance was $4,489,577 vs plan",06/30/2026 03:01:04 PM
r39-0003605,rclark@silverlinefreight.com,Journal Entry Reviewer,Summarize the Jun variance for entity MX-05,completed,12.4,"Treasury Jun variance was $2,132,799 vs plan",06/30/2026 02:42:12 PM
r39-0003606,rclark@silverlinefreight.com,Covenant Checker,Summarize the Mar variance for entity MX-02,completed,49.3,"FP&A Mar variance was $1,574,155 vs plan",06/30/2026 10:25:44 AM
r39-0003607,nrodriguez@silverlinefreight.com,Journal Entry Reviewer,Which cost centers are over budget YTD?,completed,26.3,"Treasury Jun variance was $1,380,393 vs plan",06/30/2026 03:14:19 PM
r39-0003608,rclark@silverlinefreight.com,Variance Explainer,Draft flux commentary for the Jan close,completed,5.8,"FP&A Jan variance was $1,264,037 vs plan",06/30/2026 06:41:26 AM
r39-0001743,rclark@silverlinefreight.com,AP Aging Analyst,Why did Ops spend exceed budget in Apr?,completed,42.4,"Ops Apr variance was $2,756,924 vs plan",04/28/2026 11:55:00 AM
r39-0001013,rclark@silverlinefreight.com,Revenue Recognizer,Which cost centers are over budget YTD?,completed,70.0,"Treasury Jan variance was $4,747,848 vs plan",04/03/2026 06:29:55 PM
r39-0001906,nrodriguez@silverlinefreight.com,Cash Forecaster,Explain the headcount variance vs plan,completed,22.6,"FP&A Feb variance was $229,028 vs plan",05/04/2026 05:59:36 PM
r39-0003026,rclark@silverlinefreight.com,AP Aging Analyst,Reconcile AP aging over 90 days for US-05,completed,60.9,"Ops Jun variance was $1,267,328 vs plan",06/11/2026 01:20:45 PM
r39-0001544,rjones@silverlinefreight.com,Headcount Planner,Explain the headcount variance vs plan,completed,67.4,"Accounting May variance was $4,422,578 vs plan",04/21/2026 10:03:05 AM
r39-0001264,rclark@silverlinefreight.com,Vendor Spend Analyzer,Forecast Mar operating cash flow,completed,62.2,"FP&A Mar variance was $1,746,471 vs plan",04/13/2026 02:08:41 PM
r39-0001038,rclark@silverlinefreight.com,AP Aging Analyst,Forecast May operating cash flow,completed,52.4,"Ops May variance was $1,489,340 vs plan",04/04/2026 10:59:10 AM
r39-0003343,rclark@silverlinefreight.com,Close Checklist Bot,Draft flux commentary for the May close,completed,10.4,"Ops May variance was $2,182,047 vs plan",06/22/2026 12:32:27 PM
r39-0002659,rclark@silverlinefreight.com,Cash Forecaster,Build the board deck cash slide for May,completed,9.2,"FP&A May variance was $3,089,642 vs plan",05/29/2026 01:33:46 PM
r39-0000541,nrodriguez@silverlinefreight.com,Revenue Recognizer,What drove the change in gross margin this quarter?,completed,37.1,"Ops May variance was $2,665,364 vs plan",03/19/2026 05:51:25 PM
r39-0002466,nrodriguez@silverlinefreight.com,Headcount Planner,Forecast Apr operating cash flow,completed,13.5,"Accounting Apr variance was $947,901 vs plan",05/21/2026 02:26:07 PM
r39-0000740,nrodriguez@silverlinefreight.com,Close Checklist Bot,Check covenant compliance for the revolver,completed,21.7,"FP&A May variance was $2,914,324 vs plan",03/26/2026 10:54:29 AM
r39-0001906,nrodriguez@silverlinefreight.com,Cash Forecaster,Explain the headcount variance vs plan,completed,22.6,"FP&A Feb variance was $229,028 vs plan",05/04/2026 05:59:36 PM
r39-0002313,rclark@silverlinefreight.com,Headcount Planner,Which cost centers are over budget YTD?,completed,73.2,"Ops Jun variance was $967,690 vs plan",05/18/2026 11:20:19 AM
r39-0001707,nrodriguez@silverlinefreight.com,Vendor Spend Analyzer,Why did Ops spend exceed budget in Jan?,error,4.3,FAILED: null reference in aggregation step,04/27/2026 02:09:41 PM
r39-0001274,rclark@silverlinefreight.com,AP Aging Analyst,Why did Treasury spend exceed budget in May?,completed,1.4,Traceback (most recent call last): KeyError 'entity',04/13/2026 11:49:45 AM
r39-0003495,nrodriguez@silverlinefreight.com,Flux Commentary,Explain the headcount variance vs plan,completed,45.2,"FP&A Jun variance was $2,170,850 vs plan",06/26/2026 10:08:45 AM
r39-0000143,nrodriguez@silverlinefreight.com,Journal Entry Reviewer,What drove the change in gross margin this quarter?,completed,66.6,"Accounting Apr variance was $1,967,998 vs plan",03/05/2026 12:57:49 PM
r39-0003245,rclark@silverlinefreight.com,Revenue Recognizer,What drove the change in gross margin this quarter?,completed,8.0,"Treasury Apr variance was $1,100,740 vs plan",06/19/2026 11:24:14 AM
r39-0000406,rclark@silverlinefreight.com,Vendor Spend Analyzer,Summarize the Apr variance for entity EU-03,completed,44.1,"Accounting Apr variance was $3,623,170 vs plan",03/16/2026 12:27:35 PM
r39-0001830,nrodriguez@silverlinefreight.com,Headcount Planner,Reconcile AP aging over 90 days for CA-02,completed,10.2,"FP&A May variance was $3,611,283 vs plan",05/01/2026 01:45:58 PM
r39-0002371,rjones@silverlinefreight.com,Budget vs Actual,Summarize the Mar variance for entity EU-05,completed,46.2,"FP&A Mar variance was $2,484,386 vs plan",05/19/2026 08:30:06 AM
r39-0002346,rjones@silverlinefreight.com,Journal Entry Reviewer,Build the board deck cash slide for Apr,completed,1.0,error: connection reset by peer,05/18/2026 07:04:23 AM
r39-0003022,rjones@silverlinefreight.com,AP Aging Analyst,Which cost centers are over budget YTD?,completed,26.9,"Ops Jun variance was $2,049,563 vs plan",06/11/2026 10:59:55 AM
r39-0003064,rclark@silverlinefreight.com,Revenue Recognizer,Explain the headcount variance vs plan,completed,63.8,"Accounting Mar variance was $1,876,204 vs plan",06/12/2026 01:43:35 PM
r39-0000816,rjones@silverlinefreight.com,Journal Entry Reviewer,Summarize the Apr variance for entity CA-05,completed,1.8,error: connection reset by peer,03/29/2026 01:35:36 PM
r39-0003550,rclark@silverlinefreight.com,Vendor Spend Analyzer,Summarize the May variance for entity EU-05,error,7.6,error: connection reset by peer,06/29/2026 01:08:02 PM
r39-0000245,nrodriguez@silverlinefreight.com,Budget vs Actual,Why did FP&A spend exceed budget in Jan?,completed,63.5,"FP&A Jan variance was $4,284,618 vs plan",03/10/2026 09:55:41 AM
r39-0003136,rclark@silverlinefreight.com,Covenant Checker,Reconcile AP aging over 90 days for MX-06,completed,24.2,"Accounting Apr variance was $4,662,791 vs plan",06/15/2026 02:51:08 PM
r39-0001341,rclark@silverlinefreight.com,Cash Forecaster,Explain the headcount variance vs plan,completed,1.8,Traceback (most recent call last): KeyError 'entity',04/15/2026 06:44:33 PM
r39-0003053,fwilson@silverlinefreight.com,Flux Commentary,What drove the change in gross margin this quarter?,completed,58.9,"Treasury Apr variance was $3,308,700 vs plan",06/11/2026 02:01:47 PM
r39-0003194,fwilson@silverlinefreight.com,Headcount Planner,Draft flux commentary for the Jan close,completed,68.1,"Accounting Jan variance was $3,789,644 vs plan",06/17/2026 09:54:04 AM
r39-0000028,nrodriguez@silverlinefreight.com,Variance Explainer,Explain the headcount variance vs plan,completed,16.3,"Treasury Apr variance was $210,361 vs plan",03/02/2026 09:01:36 PM
r39-0002884,fwilson@silverlinefreight.com,Variance Explainer,Build the board deck cash slide for Jan,completed,3.7,"Treasury Jan variance was $3,679,839 vs plan",06/05/2026 03:07:59 PM
r39-0001864,rclark@silverlinefreight.com,Headcount Planner,Check covenant compliance for the revolver,completed,31.2,"Ops Feb variance was $1,509,897 vs plan",05/02/2026 02:01:55 PM
r39-0002487,rclark@silverlinefreight.com,Revenue Recognizer,Explain the headcount variance vs plan,completed,30.1,"Treasury Apr variance was $3,932,381 vs plan",05/22/2026 12:36:59 PM
r39-0000240,rclark@silverlinefreight.com,Cash Forecaster,What drove the change in gross margin this quarter?,completed,39.6,"Ops Apr variance was $2,472,447 vs plan",03/09/2026 12:08:47 PM
r39-0001183,rclark@silverlinefreight.com,Board Deck Builder,Summarize the Apr variance for entity MX-04,completed,36.1,"Accounting Apr variance was $2,965,756 vs plan",04/09/2026 11:02:33 AM
r39-0003043,nrodriguez@silverlinefreight.com,Variance Explainer,Reconcile AP aging over 90 days for EU-05,completed,69.1,"FP&A Apr variance was $3,610,778 vs plan",06/11/2026 09:31:57 AM
r39-0002342,fwilson@silverlinefreight.com,Board Deck Builder,Reconcile AP aging over 90 days for EU-06,completed,22.1,"FP&A Mar variance was $3,510,586 vs plan",05/18/2026 12:21:57 PM
r39-0000443,rclark@silverlinefreight.com,Covenant Checker,Which cost centers are over budget YTD?,completed,48.2,"Ops Jun variance was $239,367 vs plan",03/17/2026 08:01:33 AM
r39-0001307,rclark@silverlinefreight.com,Journal Entry Reviewer,Which cost centers are over budget YTD?,completed,19.9,"Accounting Apr variance was $4,758,102 vs plan",04/14/2026 06:42:33 AM
r39-0001929,rclark@silverlinefreight.com,Variance Explainer,Which cost centers are over budget YTD?,completed,65.8,"Accounting May variance was $388,963 vs plan",05/05/2026 04:25:03 PM
r39-0000505,rjones@silverlinefreight.com,Revenue Recognizer,Check covenant compliance for the revolver,completed,43.9,"Treasury Jun variance was $4,587,025 vs plan",03/18/2026 01:16:47 PM
r39-0002739,fwilson@silverlinefreight.com,Headcount Planner,Build the board deck cash slide for Jun,completed,3.6,"Accounting Jun variance was $890,206 vs plan",06/01/2026 01:51:52 PM
r39-0003383,fwilson@silverlinefreight.com,Headcount Planner,What drove the change in gross margin this quarter?,completed,22.1,"Ops Jun variance was $1,505,456 vs plan",06/23/2026 01:27:59 PM
r39-0002718,fwilson@silverlinefreight.com,Close Checklist Bot,Which cost centers are over budget YTD?,completed,63.8,"FP&A Mar variance was $3,730,390 vs plan",06/01/2026 12:52:15 PM
r39-0003026,rclark@silverlinefreight.com,AP Aging Analyst,Reconcile AP aging over 90 days for US-05,completed,60.9,"Ops Jun variance was $1,267,328 vs plan",06/11/2026 01:20:45 PM
r39-0001689,rclark@silverlinefreight.com,Cash Forecaster,Check covenant compliance for the revolver,completed,0.8,Traceback (most recent call last): KeyError 'entity',04/26/2026 01:08:31 PM
r39-0003566,rjones@silverlinefreight.com,Close Checklist Bot,Explain the headcount variance vs plan,completed,13.7,"Accounting Mar variance was $3,888,463 vs plan",06/29/2026 12:43:42 PM
r39-0003234,rclark@silverlinefreight.com,Journal Entry Reviewer,Which cost centers are over budget YTD?,error,3.6,FAILED: null reference in aggregation step,06/18/2026 11:04:59 AM
r39-0001324,rclark@silverlinefreight.com,Headcount Planner,Check covenant compliance for the revolver,completed,74.3,"Treasury Jan variance was $4,070,267 vs plan",04/14/2026 02:42:42 PM
r39-0002855,rclark@silverlinefreight.com,Covenant Checker,Check covenant compliance for the revolver,completed,67.4,"Accounting Mar variance was $176,165 vs plan",06/05/2026 02:48:29 PM
r39-0000424,nrodriguez@silverlinefreight.com,Close Checklist Bot,Build the board deck cash slide for Feb,completed,28.3,"Ops Feb variance was $3,800,886 vs plan",03/16/2026 09:40:15 AM
r39-0002693,rclark@silverlinefreight.com,Flux Commentary,Check covenant compliance for the revolver,completed,44.9,"FP&A May variance was $113,382 vs plan",05/30/2026 07:50:27 PM
r39-0002851,nrodriguez@silverlinefreight.com,Covenant Checker,What drove the change in gross margin this quarter?,completed,68.3,"Accounting Jan variance was $3,335,090 vs plan",06/05/2026 08:28:49 AM
r39-0002055,rclark@silverlinefreight.com,Variance Explainer,Forecast Feb operating cash flow,completed,26.7,"FP&A Feb variance was $2,222,247 vs plan",05/08/2026 04:23:28 PM
r39-0001086,fwilson@silverlinefreight.com,Revenue Recognizer,Why did FP&A spend exceed budget in May?,completed,13.5,"FP&A May variance was $353,416 vs plan",04/06/2026 12:13:54 PM
r39-0000018,fwilson@silverlinefreight.com,Revenue Recognizer,Why did FP&A spend exceed budget in May?,completed,68.1,"FP&A May variance was $766,563 vs plan",03/02/2026 03:25:47 PM
r39-0000378,rclark@silverlinefreight.com,Variance Explainer,Which cost centers are over budget YTD?,error,3.7,ERROR: upstream request timed out,03/14/2026 01:07:08 PM
r39-0000430,nrodriguez@silverlinefreight.com,Cash Forecaster,Explain the headcount variance vs plan,completed,28.0,"Treasury Feb variance was $3,880,030 vs plan",03/16/2026 04:15:37 PM
r39-0003522,fwilson@silverlinefreight.com,Covenant Checker,Which cost centers are over budget YTD?,completed,58.8,"Accounting Jan variance was $3,388,478 vs plan",06/26/2026 02:57:09 PM
r39-0002074,rjones@silverlinefreight.com,Journal Entry Reviewer,Summarize the Jun variance for entity MX-09,completed,58.3,"Accounting Jun variance was $2,286,456 vs plan",05/08/2026 09:36:08 AM
r39-0003547,rclark@silverlinefreight.com,AP Aging Analyst,Reconcile AP aging over 90 days for CA-06,completed,57.7,"Treasury Apr variance was $975,151 vs plan",06/28/2026 04:30:55 PM
r39-0001467,nrodriguez@silverlinefreight.com,Budget vs Actual,Which cost centers are over budget YTD?,completed,64.7,"Treasury Feb variance was $3,289,849 vs plan",04/19/2026 09:21:03 AM
r39-0001574,fwilson@silverlinefreight.com,Flux Commentary,Build the board deck cash slide for Apr,completed,42.1,"FP&A Apr variance was $2,664,695 vs plan",04/22/2026 11:37:31 AM
r39-0002878,fwilson@silverlinefreight.com,Revenue Recognizer,Explain the headcount variance vs plan,completed,18.7,"Accounting May variance was $87,875 vs plan",06/05/2026 12:41:43 PM
r39-0000787,nrodriguez@silverlinefreight.com,Revenue Recognizer,Check covenant compliance for the revolver,completed,7.3,"FP&A May variance was $4,120,463 vs plan",03/27/2026 10:56:27 AM
r39-0000018,fwilson@silverlinefreight.com,Revenue Recognizer,Why did FP&A spend exceed budget in May?,completed,68.1,"FP&A May variance was $766,563 vs plan",03/02/2026 03:25:47 PM
r39-0000415,nrodriguez@silverlinefreight.com,Revenue Recognizer,Check covenant compliance for the revolver,completed,70.4,"FP&A Jun variance was $2,228,910 vs plan",03/16/2026 11:23:53 AM
r39-0002647,nrodriguez@silverlinefreight.com,Board Deck Builder,Why did Ops spend exceed budget in May?,completed,43.8,"Ops May variance was $3,017,327 vs plan",05/28/2026 03:30:44 PM
r39-0000400,nrodriguez@silverlinefreight.com,Covenant Checker,Draft flux commentary for the Mar close,completed,25.6,"FP&A Mar variance was $4,668,660 vs plan",03/16/2026 11:29:19 AM
r39-0002346,rjones@silverlinefreight.com,Journal Entry Reviewer,Build the board deck cash slide for Apr,completed,1.0,error: connection reset by peer,05/18/2026 07:04:23 AM
r39-0003332,rjones@silverlinefreight.com,Close Checklist Bot,Draft flux commentary for the Feb close,completed,14.1,"Ops Feb variance was $842,789 vs plan",06/22/2026 03:58:57 PM
r39-0000588,rclark@silverlinefreight.com,Close Checklist Bot,Build the board deck cash slide for Feb,completed,66.6,"Ops Feb variance was $3,486,322 vs plan",03/20/2026 09:15:08 AM
