run_id,user_email,question_text,run_status,run_duration_sec,output_snippet,timestamp
r03-0000001,ssanchez@harwellinsurancegroup.com,[Covenant Checker] What drove the change in gross margin this quarter?,completed,63.3,"FP&A Jan variance was $504,042 vs plan",03/01/2026 03:48:26 PM
r03-0000002,lwhite@harwellinsurancegroup.com,[Journal Entry Reviewer] Check covenant compliance for the revolver,completed,62.3,"Ops Apr variance was $4,575,709 vs plan",03/01/2026 11:42:36 AM
r03-0000003,mrobinson@harwellinsurancegroup.com,[Revenue Recognizer] Draft flux commentary for the Jan close,completed,40.8,"Ops Jan variance was $4,310,893 vs plan",03/01/2026 04:37:50 PM
r03-0000004,ssanchez@harwellinsurancegroup.com,[Close Checklist Bot] Forecast Jan operating cash flow,completed,35.6,"Ops Jan variance was $2,830,833 vs plan",03/01/2026 01:33:31 PM
r03-0000005,ssanchez@harwellinsurancegroup.com,[Headcount Planner] What drove the change in gross margin this quarter?,completed,29.4,"Ops Jan variance was $962,701 vs plan",03/01/2026 11:58:44 AM
r03-0000006,dlee@harwellinsurancegroup.com,[Close Checklist Bot] Forecast Apr operating cash flow,completed,7.7,"Treasury Apr variance was $2,709,454 vs plan",03/01/2026 03:50:17 PM
r03-0000007,ssanchez@harwellinsurancegroup.com,[Headcount Planner] Which cost centers are over budget YTD?,completed,73.7,"Accounting May variance was $3,922,194 vs plan",03/01/2026 11:58:23 AM
r03-0000008,ssanchez@harwellinsurancegroup.com,[Journal Entry Reviewer] Draft flux commentary for the Mar close,completed,8.2,"Ops Mar variance was $3,803,499 vs plan",03/01/2026 03:23:49 PM
r03-0000009,ssanchez@harwellinsurancegroup.com,[Variance Explainer] Forecast Jun operating cash flow,completed,11.0,"Treasury Jun variance was $1,151,071 vs plan",03/01/2026 05:12:21 PM
r03-0000010,jwalker@harwellinsurancegroup.com,[Close Checklist Bot] Forecast Jan operating cash flow,completed,43.2,"Ops Jan variance was $1,928,850 vs plan",03/01/2026 01:38:06 PM
r03-0000011,jthompson@harwellinsurancegroup.com,[Budget vs Actual] Why did Treasury spend exceed budget in Mar?,completed,52.4,"Treasury Mar variance was $1,435,761 vs plan",03/02/2026 11:20:52 AM
r03-0000012,ssanchez@harwellinsurancegroup.com,[Journal Entry Reviewer] Which cost centers are over budget YTD?,completed,46.4,"Accounting Jun variance was $2,382,953 vs plan",03/02/2026 01:40:15 PM
r03-0000013,ssanchez@harwellinsurancegroup.com,[Vendor Spend Analyzer] Why did FP&A spend exceed budget in Mar?,completed,52.5,"FP&A Mar variance was $3,133,243 vs plan",03/02/2026 03:07:15 PM
r03-0000014,mrobinson@harwellinsurancegroup.com,[Flux Commentary] Why did Ops spend exceed budget in Mar?,completed,44.3,"Ops Mar variance was $3,844,228 vs plan",03/02/2026 11:32:28 AM
r03-0000015,ssanchez@harwellinsurancegroup.com,[Headcount Planner] Explain the headcount variance vs plan,completed,23.0,"Treasury May variance was $2,146,798 vs plan",03/02/2026 06:47:48 PM
r03-0000016,kharris@harwellinsurancegroup.com,[Close Checklist Bot] Build the board deck cash slide for May,completed,73.7,"Accounting May variance was $4,365,641 vs plan",03/02/2026 03:54:19 PM
r03-0000017,ssanchez@harwellinsurancegroup.com,[AP Aging Analyst] Why did Accounting spend exceed budget in Jun?,completed,38.4,"Accounting Jun variance was $1,789,553 vs plan",03/02/2026 04:29:10 PM
r03-0000018,bwilliams@harwellinsurancegroup.com,[Revenue Recognizer] Forecast Mar operating cash flow,completed,22.9,"FP&A Mar variance was $1,926,679 vs plan",03/02/2026 09:13:26 AM
r03-0000019,ssanchez@harwellinsurancegroup.com,[AP Aging Analyst] Draft flux commentary for the Apr close,completed,21.8,"Treasury Apr variance was $2,602,722 vs plan",03/02/2026 05:25:15 PM
r03-0000020,ssanchez@harwellinsurancegroup.com,[Cash Forecaster] Draft flux commentary for the Mar close,completed,44.3,"FP&A Mar variance was $2,575,478 vs plan",03/02/2026 02:37:21 PM
r03-0000021,ssanchez@harwellinsurancegroup.com,[Revenue Recognizer] Build the board deck cash slide for Mar,completed,67.8,"Treasury Mar variance was $3,010,849 vs plan",03/02/2026 09:45:14 AM
r03-0000022,ssanchez@harwellinsurancegroup.com,[Close Checklist Bot] Which cost centers are over budget YTD?,completed,67.3,"Ops May variance was $3,933,025 vs plan",03/02/2026 12:02:56 PM
r03-0000023,ssanchez@harwellinsurancegroup.com,[Close Checklist Bot] Check covenant compliance for the revolver,completed,68.7,"Ops Jun variance was $4,329,216 vs plan",03/02/2026 08:46:43 AM
r03-0000024,ssanchez@harwellinsurancegroup.com,[Board Deck Builder] Check covenant compliance for the revolver,error,7.6,Traceback (most recent call last): KeyError 'entity',03/02/2026 12:21:11 PM
r03-0000025,ssanchez@harwellinsurancegroup.com,[Cash Forecaster] Draft flux commentary for the Jan close,completed,43.4,"Accounting Jan variance was $1,481,060 vs plan",03/02/2026 10:50:35 AM
r03-0000026,ssanchez@harwellinsurancegroup.com,[Variance Explainer] Forecast Jun operating cash flow,completed,31.2,"Ops Jun variance was $2,584,638 vs plan",03/02/2026 12:48:17 PM
r03-0000027,ssanchez@harwellinsurancegroup.com,[Headcount Planner] Draft flux commentary for the Jan close,completed,58.0,"Treasury Jan variance was $2,751,081 vs plan",03/02/2026 04:11:56 PM
r03-0000028,lwhite@harwellinsurancegroup.com,[Flux Commentary] Why did FP&A spend exceed budget in Jun?,completed,64.8,"FP&A Jun variance was $3,150,312 vs plan",03/02/2026 12:33:25 PM
r03-0000029,ssanchez@harwellinsurancegroup.com,[Headcount Planner] Summarize the Mar variance for entity US-08,completed,31.9,"Treasury Mar variance was $4,740,191 vs plan",03/02/2026 01:54:34 PM
r03-0000030,mrobinson@harwellinsurancegroup.com,[Journal Entry Reviewer] Check covenant compliance for the revolver,completed,27.9,"Ops Jan variance was $251,123 vs plan",03/02/2026 11:37:30 AM
r03-0000031,ssanchez@harwellinsurancegroup.com,[Flux Commentary] Forecast Mar operating cash flow,completed,36.6,"Accounting Mar variance was $1,728,675 vs plan",03/02/2026 11:30:25 AM
r03-0000032,ssanchez@harwellinsurancegroup.com,[Budget vs Actual] Which cost centers are over budget YTD?,completed,1.1,Traceback (most recent call last): KeyError 'entity',03/02/2026 07:52:28 AM
r03-0000033,ssanchez@harwellinsurancegroup.com,[Journal Entry Reviewer] Reconcile AP aging over 90 days for US-04,completed,29.1,"Ops Apr variance was $3,245,431 vs plan",03/02/2026 10:38:05 AM
r03-0000034,ssanchez@harwellinsurancegroup.com,[Vendor Spend Analyzer] Why did FP&A spend exceed budget in Mar?,completed,24.5,"FP&A Mar variance was $3,920,994 vs plan",03/02/2026 10:19:18 PM
r03-0000035,mramirez@harwellinsurancegroup.com,[Headcount Planner] Reconcile AP aging over 90 days for US-01,completed,14.8,"FP&A Mar variance was $1,680,341 vs plan",03/02/2026 12:01:25 PM
r03-0000036,ssanchez@harwellinsurancegroup.com,[Board Deck Builder] Reconcile AP aging over 90 days for EU-07,completed,67.5,"Accounting Jun variance was $662,399 vs plan",03/02/2026 04:17:29 PM
r03-0000037,ssanchez@harwellinsurancegroup.com,[Flux Commentary] Explain the headcount variance vs plan,completed,30.5,"Accounting Jan variance was $940,082 vs plan",03/02/2026 02:24:22 PM
r03-0000038,kjohnson@harwellinsurancegroup.com,[Close Checklist Bot] What drove the change in gross margin this quarter?,completed,29.2,"Accounting Jun variance was $309,081 vs plan",03/02/2026 02:55:24 PM
r03-0000039,ssanchez@harwellinsurancegroup.com,[Close Checklist Bot] Why did Ops spend exceed budget in Apr?,completed,11.2,"Ops Apr variance was $1,427,043 vs plan",03/02/2026 02:57:05 PM
r03-0000040,kharris@harwellinsurancegroup.com,[AP Aging Analyst] Forecast Mar operating cash flow,completed,22.9,"Treasury Mar variance was $4,069,200 vs plan",03/02/2026 02:56:16 PM
r03-0000041,ssanchez@harwellinsurancegroup.com,[Board Deck Builder] Explain the headcount variance vs plan,completed,68.8,"Accounting Feb variance was $376,268 vs plan",03/03/2026 02:10:23 PM
r03-0000042,ssanchez@harwellinsurancegroup.com,[Close Checklist Bot] Summarize the May variance for entity MX-04,completed,48.7,"Treasury May variance was $4,777,970 vs plan",03/03/2026 04:26:31 PM
r03-0000043,ssanchez@harwellinsurancegroup.com,[Revenue Recognizer] Which cost centers are over budget YTD?,completed,26.2,"Ops Apr variance was $910,160 vs plan",03/03/2026 02:24:39 PM
r03-0000044,lwhite@harwellinsurancegroup.com,[Covenant Checker] Reconcile AP aging over 90 days for EU-02,completed,26.5,"Treasury Mar variance was $2,940,307 vs plan",03/03/2026 03:25:02 PM
r03-0000045,ssanchez@harwellinsurancegroup.com,[Budget vs Actual] Summarize the Feb variance for entity CA-02,error,3.9,error code 502 from model gateway,03/03/2026 11:08:38 AM
r03-0000046,lwhite@harwellinsurancegroup.com,[Covenant Checker] Check covenant compliance for the revolver,completed,68.6,"FP&A Jun variance was $1,007,002 vs plan",03/03/2026 03:50:22 PM
r03-0000047,lwhite@harwellinsurancegroup.com,[Cash Forecaster] Check covenant compliance for the revolver,completed,27.3,"FP&A Feb variance was $2,293,610 vs plan",03/03/2026 01:11:22 PM
r03-0000048,ssanchez@harwellinsurancegroup.com,[Covenant Checker] Which cost centers are over budget YTD?,completed,68.9,"Accounting Mar variance was $3,641,199 vs plan",03/03/2026 03:04:51 PM
r03-0000049,ssanchez@harwellinsurancegroup.com,[Covenant Checker] Build the board deck cash slide for Apr,error,3.4,Traceback (most recent call last): KeyError 'entity',03/03/2026 01:00:44 PM
r03-0000050,ssanchez@harwellinsurancegroup.com,[Covenant Checker] Reconcile AP aging over 90 days for EU-01,completed,21.2,"Ops May variance was $353,446 vs plan",03/03/2026 03:41:34 PM
r03-0000051,kharris@harwellinsurancegroup.com,[Revenue Recognizer] Why did Accounting spend exceed budget in Jun?,completed,10.7,"Accounting Jun variance was $877,374 vs plan",03/03/2026 12:21:34 PM
r03-0000052,kharris@harwellinsurancegroup.com,[Board Deck Builder] Explain the headcount variance vs plan,error,7.4,error: connection reset by peer,03/03/2026 03:33:23 PM
r03-0000053,mrobinson@harwellinsurancegroup.com,[Close Checklist Bot] Why did Accounting spend exceed budget in Mar?,completed,26.7,"Accounting Mar variance was $926,781 vs plan",03/03/2026 11:53:55 AM
r03-0000054,rthompson@harwellinsurancegroup.com,[Variance Explainer] Forecast May operating cash flow,completed,43.0,"Ops May variance was $1,198,199 vs plan",03/03/2026 11:46:51 AM
r03-0000055,rthompson@harwellinsurancegroup.com,[Budget vs Actual] Explain the headcount variance vs plan,completed,40.7,"FP&A Jun variance was $4,301,297 vs plan",03/03/2026 03:17:51 PM
r03-0000056,ssanchez@harwellinsurancegroup.com,[Variance Explainer] Which cost centers are over budget YTD?,completed,6.7,"Accounting Jan variance was $3,509,105 vs plan",03/03/2026 04:19:09 PM
r03-0000057,lmartin@harwellinsurancegroup.com,[Headcount Planner] Check covenant compliance for the revolver,completed,35.4,"Ops May variance was $3,689,850 vs plan",03/03/2026 03:19:38 PM
r03-0000058,kharris@harwellinsurancegroup.com,[AP Aging Analyst] Check covenant compliance for the revolver,error,4.1,error: connection reset by peer,03/03/2026 10:57:33 AM
r03-0000059,dlee@harwellinsurancegroup.com,[Covenant Checker] Explain the headcount variance vs plan,completed,14.9,"Treasury May variance was $3,160,659 vs plan",03/03/2026 10:29:36 AM
r03-0000060,jthompson@harwellinsurancegroup.com,[Revenue Recognizer] Check covenant compliance for the revolver,completed,40.7,"Accounting Apr variance was $2,616,449 vs plan",03/03/2026 06:20:37 PM
r03-0000061,ssanchez@harwellinsurancegroup.com,[AP Aging Analyst] Reconcile AP aging over 90 days for CA-03,completed,15.6,"Accounting Jan variance was $4,513,169 vs plan",03/03/2026 03:40:11 PM
r03-0000062,kjohnson@harwellinsurancegroup.com,[Journal Entry Reviewer] Why did Treasury spend exceed budget in Jun?,completed,12.2,"Treasury Jun variance was $3,405,775 vs plan",03/03/2026 04:46:33 PM
r03-0000063,ssanchez@harwellinsurancegroup.com,[Headcount Planner] Forecast Apr operating cash flow,completed,74.9,"Accounting Apr variance was $3,355,917 vs plan",03/03/2026 02:41:35 PM
r03-0000064,kjohnson@harwellinsurancegroup.com,[Board Deck Builder] Explain the headcount variance vs plan,completed,67.3,"FP&A Jan variance was $75,886 vs plan",03/03/2026 11:31:58 AM
r03-0000065,ssanchez@harwellinsurancegroup.com,[Vendor Spend Analyzer] Draft flux commentary for the May close,completed,13.5,"Ops May variance was $1,037,160 vs plan",03/03/2026 10:19:55 AM
r03-0000066,ssanchez@harwellinsurancegroup.com,[Headcount Planner] Why did Treasury spend exceed budget in Jun?,completed,0.2,error code 502 from model gateway,03/03/2026 02:51:54 PM
r03-0000067,ssanchez@harwellinsurancegroup.com,[Variance Explainer] Draft flux commentary for the May close,completed,8.6,"Accounting May variance was $1,581,169 vs plan",03/03/2026 04:26:06 PM
r03-0000068,lmartin@harwellinsurancegroup.com,[Revenue Recognizer] Summarize the Mar variance for entity CA-01,error,6.2,Traceback (most recent call last): KeyError 'entity',03/03/2026 03:48:49 PM
r03-0000069,jjones@harwellinsurancegroup.com,[Close Checklist Bot] Summarize the Apr variance for entity MX-01,completed,39.6,"Treasury Apr variance was $1,687,967 vs plan",03/03/2026 11:21:50 AM
r03-0000070,ssanchez@harwellinsurancegroup.com,[Cash Forecaster] Check covenant compliance for the revolver,completed,65.1,"Treasury Mar variance was $31,437 vs plan",03/03/2026 04:16:54 PM
r03-0000071,ssanchez@harwellinsurancegroup.com,[Board Deck Builder] Check covenant compliance for the revolver,completed,21.0,"Ops Apr variance was $4,152,999 vs plan",03/03/2026 02:54:44 PM
r03-0000072,pgonzalez@harwellinsurancegroup.com,[Covenant Checker] Check covenant compliance for the revolver,completed,71.9,"FP&A Apr variance was $2,910,996 vs plan",03/03/2026 04:26:12 PM
r03-0000073,ssanchez@harwellinsurancegroup.com,[AP Aging Analyst] Explain the headcount variance vs plan,completed,17.1,"FP&A May variance was $1,646,973 vs plan",03/03/2026 11:24:14 AM
r03-0000074,ssanchez@harwellinsurancegroup.com,[Journal Entry Reviewer] Draft flux commentary for the May close,completed,7.3,"Ops May variance was $4,687,555 vs plan",03/03/2026 02:17:03 PM
r03-0000075,jrobinson@harwellinsurancegroup.com,[Board Deck Builder] Draft flux commentary for the Apr close,completed,12.7,"Treasury Apr variance was $3,697,246 vs plan",03/03/2026 01:00:49 PM
r03-0000076,ssanchez@harwellinsurancegroup.com,[Revenue Recognizer] Draft flux commentary for the Jan close,completed,30.2,"FP&A Jan variance was $4,753,873 vs plan",03/03/2026 12:52:50 PM
r03-0000077,jjones@harwellinsurancegroup.com,[Close Checklist Bot] Build the board deck cash slide for Feb,error,4.8,FAILED: null reference in aggregation step,03/03/2026 03:46:33 PM
r03-0000078,rthompson@harwellinsurancegroup.com,[AP Aging Analyst] Build the board deck cash slide for Apr,completed,52.5,"FP&A Apr variance was $3,499,520 vs plan",03/04/2026 09:33:00 AM
r03-0000079,ssanchez@harwellinsurancegroup.com,[AP Aging Analyst] Summarize the Jan variance for entity US-03,completed,73.4,"Accounting Jan variance was $3,269,332 vs plan",03/04/2026 11:18:35 AM
r03-0000080,ssanchez@harwellinsurancegroup.com,[Headcount Planner] Which cost centers are over budget YTD?,completed,30.3,"Ops Jan variance was $2,233,708 vs plan",03/04/2026 10:25:01 AM
r03-0000081,ssanchez@harwellinsurancegroup.com,[Close Checklist Bot] Check covenant compliance for the revolver,completed,57.5,"FP&A Feb variance was $3,948,297 vs plan",03/04/2026 11:18:06 AM
r03-0000082,ssanchez@harwellinsurancegroup.com,[Close Checklist Bot] Build the board deck cash slide for Jan,completed,29.9,"Ops Jan variance was $943,755 vs plan",03/04/2026 01:18:51 PM
r03-0000083,agarcia@harwellinsurancegroup.com,[Flux Commentary] Which cost centers are over budget YTD?,completed,37.2,"Ops Feb variance was $3,439,327 vs plan",03/04/2026 12:58:10 PM
r03-0000084,ssanchez@harwellinsurancegroup.com,[Variance Explainer] What drove the change in gross margin this quarter?,completed,35.4,"Ops Jan variance was $1,783,839 vs plan",03/04/2026 09:01:02 AM
r03-0000085,kjohnson@harwellinsurancegroup.com,[Budget vs Actual] Summarize the Jun variance for entity US-08,completed,47.3,"Treasury Jun variance was $2,189,685 vs plan",03/04/2026 12:07:44 PM
r03-0000086,ssanchez@harwellinsurancegroup.com,[AP Aging Analyst] Forecast Apr operating cash flow,completed,1.4,FAILED: null reference in aggregation step,03/04/2026 03:05:20 PM
r03-0000087,ssanchez@harwellinsurancegroup.com,[Journal Entry Reviewer] Forecast Jan operating cash flow,error,3.3,Traceback (most recent call last): KeyError 'entity',03/04/2026 02:10:54 PM
r03-0000088,ssanchez@harwellinsurancegroup.com,[Cash Forecaster] Check covenant compliance for the revolver,completed,35.6,"Accounting Jun variance was $1,359,166 vs plan",03/04/2026 03:12:49 PM
r03-0000089,ssanchez@harwellinsurancegroup.com,[Flux Commentary] Why did Accounting spend exceed budget in Jun?,completed,17.3,"Accounting Jun variance was $2,629,295 vs plan",03/04/2026 04:35:18 PM
r03-0000090,ssanchez@harwellinsurancegroup.com,[Revenue Recognizer] Check covenant compliance for the revolver,completed,13.7,"Accounting May variance was $2,643,504 vs plan",03/04/2026 09:00:53 AM
r03-0000091,ssanchez@harwellinsurancegroup.com,[Headcount Planner] Which cost centers are over budget YTD?,completed,8.7,"FP&A May variance was $432,809 vs plan",03/04/2026 06:43:05 AM
r03-0000092,kharris@harwellinsurancegroup.com,[Flux Commentary] Check covenant compliance for the revolver,completed,45.0,"Treasury Apr variance was $3,740,936 vs plan",03/04/2026 09:54:35 AM
r03-0000093,kharris@harwellinsurancegroup.com,[Budget vs Actual] Draft flux commentary for the Jan close,completed,14.9,"FP&A Jan variance was $1,782,293 vs plan",03/04/2026 10:33:40 AM
r03-0000094,kharris@harwellinsurancegroup.com,[Vendor Spend Analyzer] Forecast Jan operating cash flow,completed,0.8,error: connection reset by peer,03/04/2026 10:18:16 AM
r03-0000095,kjohnson@harwellinsurancegroup.com,[AP Aging Analyst] Reconcile AP aging over 90 days for US-05,completed,45.9,"FP&A Jan variance was $212,244 vs plan",03/04/2026 05:37:24 PM
r03-0000096,kjohnson@harwellinsurancegroup.com,[Flux Commentary] Why did Ops spend exceed budget in Apr?,completed,30.3,"Ops Apr variance was $3,357,349 vs plan",03/04/2026 01:05:05 PM
r03-0000097,ssanchez@harwellinsurancegroup.com,[Journal Entry Reviewer] Reconcile AP aging over 90 days for US-07,completed,37.9,"FP&A Feb variance was $998,428 vs plan",03/04/2026 03:41:37 PM
r03-0000098,ssanchez@harwellinsurancegroup.com,[Board Deck Builder] Draft flux commentary for the Mar close,completed,50.0,"Treasury Mar variance was $4,232,368 vs plan",03/04/2026 01:29:12 PM
r03-0000099,kjohnson@harwellinsurancegroup.com,[Variance Explainer] Forecast Mar operating cash flow,completed,63.9,"Accounting Mar variance was $4,277,373 vs plan",03/04/2026 08:59:42 AM
r03-0000100,kjohnson@harwellinsurancegroup.com,[Board Deck Builder] Forecast Jun operating cash flow,completed,61.2,"Accounting Jun variance was $2,684,640 vs plan",03/04/2026 06:02:11 PM
r03-0000101,thaddad@harwellinsurancegroup.com,[AP Aging Analyst] Which cost centers are over budget YTD?,completed,72.3,"Treasury Apr variance was $930,540 vs plan",03/04/2026 03:14:44 PM
r03-0000102,ssanchez@harwellinsurancegroup.com,[Close Checklist Bot] Draft flux commentary for the May close,completed,7.0,"Accounting May variance was $60,495 vs plan",03/04/2026 01:21:09 PM
r03-0000103,lmartin@harwellinsurancegroup.com,[Headcount Planner] Which cost centers are over budget YTD?,completed,4.1,"Treasury Mar variance was $2,133,380 vs plan",03/05/2026 01:31:21 PM
r03-0000104,ssanchez@harwellinsurancegroup.com,[Board Deck Builder] Check covenant compliance for the revolver,completed,9.4,"Treasury Mar variance was $2,641,725 vs plan",03/05/2026 02:46:57 PM
r03-0000105,pgonzalez@harwellinsurancegroup.com,[Cash Forecaster] Why did Accounting spend exceed budget in May?,completed,48.6,"Accounting May variance was $3,329,061 vs plan",03/05/2026 11:51:16 AM
r03-0000106,ssanchez@harwellinsurancegroup.com,[AP Aging Analyst] Summarize the Apr variance for entity MX-07,completed,48.8,"Ops Apr variance was $2,762,698 vs plan",03/05/2026 02:35:10 PM
r03-0000107,ssanchez@harwellinsurancegroup.com,[Budget vs Actual] Forecast Jan operating cash flow,completed,33.1,"FP&A Jan variance was $3,946,934 vs plan",03/05/2026 01:27:07 PM
r03-0000108,ssanchez@harwellinsurancegroup.com,[Headcount Planner] What drove the change in gross margin this quarter?,completed,1.0,FAILED: null reference in aggregation step,03/05/2026 11:20:41 AM
r03-0000109,kharris@harwellinsurancegroup.com,[Vendor Spend Analyzer] Reconcile AP aging over 90 days for US-03,completed,27.2,"Treasury Jun variance was $1,366,862 vs plan",03/05/2026 11:25:01 AM
r03-0000110,ssanchez@harwellinsurancegroup.com,[Covenant Checker] What drove the change in gross margin this quarter?,completed,13.6,"FP&A Feb variance was $847,231 vs plan",03/05/2026 12:04:43 PM
r03-0000111,ssanchez@harwellinsurancegroup.com,[Vendor Spend Analyzer] Build the board deck cash slide for Apr,completed,44.7,"Ops Apr variance was $4,057,319 vs plan",03/05/2026 11:17:17 AM
r03-0000112,kharris@harwellinsurancegroup.com,[Close Checklist Bot] Forecast Jan operating cash flow,completed,15.8,"Accounting Jan variance was $3,484,712 vs plan",03/05/2026 02:54:02 PM
r03-0000113,mrobinson@harwellinsurancegroup.com,[Covenant Checker] Build the board deck cash slide for May,completed,17.6,"FP&A May variance was $477,518 vs plan",03/05/2026 03:33:28 PM
r03-0000114,ssanchez@harwellinsurancegroup.com,[Journal Entry Reviewer] Summarize the Mar variance for entity EU-06,completed,5.2,"Treasury Mar variance was $3,200,393 vs plan",03/05/2026 01:36:46 PM
r03-0000115,rthompson@harwellinsurancegroup.com,[Budget vs Actual] Check covenant compliance for the revolver,completed,26.6,"FP&A Jun variance was $3,586,800 vs plan",03/05/2026 06:59:34 AM
r03-0000116,kharris@harwellinsurancegroup.com,[Flux Commentary] Build the board deck cash slide for May,completed,10.1,"Treasury May variance was $3,262,701 vs plan",03/05/2026 06:01:38 AM
r03-0000117,ssanchez@harwellinsurancegroup.com,[Close Checklist Bot] Explain the headcount variance vs plan,completed,23.0,"FP&A Mar variance was $2,274,481 vs plan",03/05/2026 10:36:11 AM
r03-0000118,ssanchez@harwellinsurancegroup.com,[Close Checklist Bot] Build the board deck cash slide for Mar,completed,5.7,"FP&A Mar variance was $2,642,160 vs plan",03/05/2026 10:54:16 AM
r03-0000119,ssanchez@harwellinsurancegroup.com,[Flux Commentary] Why did Accounting spend exceed budget in Mar?,completed,58.7,"Accounting Mar variance was $1,965,193 vs plan",03/05/2026 12:47:49 PM
r03-0000120,ssanchez@harwellinsurancegroup.com,[Close Checklist Bot] Why did Ops spend exceed budget in Feb?,completed,18.4,"Ops Feb variance was $551,604 vs plan",03/05/2026 02:57:23 PM
r03-0000121,kharris@harwellinsurancegroup.com,[Flux Commentary] Reconcile AP aging over 90 days for EU-03,completed,55.3,"FP&A Jun variance was $2,405,345 vs plan",03/05/2026 11:23:05 PM
r03-0000122,kjohnson@harwellinsurancegroup.com,[AP Aging Analyst] Summarize the Feb variance for entity CA-09,completed,28.5,"Accounting Feb variance was $4,351,285 vs plan",03/05/2026 09:54:14 AM
r03-0000123,ssanchez@harwellinsurancegroup.com,[Board Deck Builder] Which cost centers are over budget YTD?,completed,45.6,"Treasury Jun variance was $2,235,613 vs plan",03/05/2026 11:16:15 AM
r03-0000124,kjohnson@harwellinsurancegroup.com,[Board Deck Builder] What drove the change in gross margin this quarter?,completed,22.0,"Treasury Jan variance was $4,783,729 vs plan",03/05/2026 02:10:22 PM
r03-0000125,lmartin@harwellinsurancegroup.com,[Budget vs Actual] Which cost centers are over budget YTD?,completed,47.3,"Ops Apr variance was $2,468,843 vs plan",03/05/2026 07:45:36 AM
r03-0000126,lmartin@harwellinsurancegroup.com,[Flux Commentary] What drove the change in gross margin this quarter?,error,4.1,error code 502 from model gateway,03/05/2026 02:42:04 PM
r03-0000127,lmartin@harwellinsurancegroup.com,[Covenant Checker] Draft flux commentary for the May close,completed,7.9,"Treasury May variance was $1,494,001 vs plan",03/05/2026 11:23:57 AM
r03-0000128,ssanchez@harwellinsurancegroup.com,[Covenant Checker] Build the board deck cash slide for Jan,completed,56.1,"Accounting Jan variance was $3,111,982 vs plan",03/05/2026 11:28:33 AM
r03-0000129,ssanchez@harwellinsurancegroup.com,[AP Aging Analyst] Which cost centers are over budget YTD?,completed,1.2,error code 502 from model gateway,03/05/2026 11:36:25 AM
r03-0000130,bwilliams@harwellinsurancegroup.com,[AP Aging Analyst] Explain the headcount variance vs plan,completed,67.9,"FP&A Mar variance was $4,453,867 vs plan",03/05/2026 03:43:36 PM
r03-0000131,ssanchez@harwellinsurancegroup.com,[Covenant Checker] Draft flux commentary for the May close,completed,38.3,"Treasury May variance was $4,178,839 vs plan",03/05/2026 02:28:27 PM
r03-0000132,ssanchez@harwellinsurancegroup.com,[Flux Commentary] Reconcile AP aging over 90 days for CA-02,completed,26.2,"Treasury Apr variance was $3,214,626 vs plan",03/05/2026 03:00:26 PM
r03-0000133,ssanchez@harwellinsurancegroup.com,[Board Deck Builder] Forecast Jan operating cash flow,completed,59.9,"Accounting Jan variance was $4,298,720 vs plan",03/05/2026 07:28:52 PM
r03-0000134,kjohnson@harwellinsurancegroup.com,[Vendor Spend Analyzer] Which cost centers are over budget YTD?,completed,45.1,"FP&A Apr variance was $53,234 vs plan",03/06/2026 12:00:16 PM
r03-0000135,ssanchez@harwellinsurancegroup.com,[Headcount Planner] Explain the headcount variance vs plan,completed,3.6,"Ops Mar variance was $1,005,434 vs plan",03/06/2026 03:53:19 PM
r03-0000136,ssanchez@harwellinsurancegroup.com,[Close Checklist Bot] Explain the headcount variance vs plan,completed,6.1,"Accounting Feb variance was $1,445,865 vs plan",03/06/2026 03:25:08 PM
r03-0000137,mrobinson@harwellinsurancegroup.com,[Headcount Planner] Why did Treasury spend exceed budget in Mar?,completed,3.5,"Treasury Mar variance was $2,853,332 vs plan",03/06/2026 06:20:21 AM
r03-0000138,ssanchez@harwellinsurancegroup.com,[Revenue Recognizer] Summarize the Mar variance for entity US-08,completed,68.7,"Ops Mar variance was $1,735,476 vs plan",03/06/2026 08:38:07 AM
r03-0000139,kjohnson@harwellinsurancegroup.com,[Headcount Planner] What drove the change in gross margin this quarter?,completed,45.7,"Treasury May variance was $3,717,247 vs plan",03/06/2026 05:09:34 PM
r03-0000140,ssanchez@harwellinsurancegroup.com,[Headcount Planner] Draft flux commentary for the May close,completed,16.5,"Accounting May variance was $238,533 vs plan",03/06/2026 04:31:34 PM
r03-0000141,ssanchez@harwellinsurancegroup.com,[Budget vs Actual] Draft flux commentary for the Apr close,completed,32.6,"Accounting Apr variance was $4,437,198 vs plan",03/06/2026 05:52:46 PM
r03-0000142,kjohnson@harwellinsurancegroup.com,[Covenant Checker] Why did Accounting spend exceed budget in Jan?,completed,40.8,"Accounting Jan variance was $1,833,056 vs plan",03/06/2026 12:07:45 PM
r03-0000143,ssanchez@harwellinsurancegroup.com,[Close Checklist Bot] Forecast Feb operating cash flow,completed,25.5,"Treasury Feb variance was $26,309 vs plan",03/06/2026 09:12:29 AM
r03-0000144,ssanchez@harwellinsurancegroup.com,[Vendor Spend Analyzer] Which cost centers are over budget YTD?,completed,1.0,FAILED: null reference in aggregation step,03/06/2026 03:03:26 PM
r03-0000145,agarcia@harwellinsurancegroup.com,[Budget vs Actual] Draft flux commentary for the May close,completed,11.4,"Ops May variance was $1,034,675 vs plan",03/06/2026 11:11:21 AM
r03-0000146,jjones@harwellinsurancegroup.com,[Cash Forecaster] Summarize the Jan variance for entity MX-06,completed,23.6,"Ops Jan variance was $2,301,388 vs plan",03/06/2026 12:21:24 PM
r03-0000147,ssanchez@harwellinsurancegroup.com,[Headcount Planner] Summarize the May variance for entity CA-04,error,1.0,Traceback (most recent call last): KeyError 'entity',03/06/2026 04:54:43 PM
r03-0000148,mrobinson@harwellinsurancegroup.com,[Headcount Planner] Why did FP&A spend exceed budget in Jan?,completed,47.8,"FP&A Jan variance was $1,784,099 vs plan",03/06/2026 03:32:23 PM
r03-0000149,kharris@harwellinsurancegroup.com,[Flux Commentary] Why did Accounting spend exceed budget in Feb?,completed,74.6,"Accounting Feb variance was $4,212,107 vs plan",03/06/2026 10:30:59 AM
r03-0000150,ssanchez@harwellinsurancegroup.com,[Revenue Recognizer] Reconcile AP aging over 90 days for CA-03,error,6.9,ERROR: upstream request timed out,03/06/2026 08:31:41 AM
r03-0000151,kharris@harwellinsurancegroup.com,[AP Aging Analyst] Draft flux commentary for the Feb close,completed,57.6,"Accounting Feb variance was $325,044 vs plan",03/06/2026 02:36:22 PM
r03-0000152,ssanchez@harwellinsurancegroup.com,[Journal Entry Reviewer] Build the board deck cash slide for Mar,completed,36.3,"Ops Mar variance was $91,161 vs plan",03/06/2026 12:51:39 PM
r03-0000153,alewis@harwellinsurancegroup.com,[Journal Entry Reviewer] Which cost centers are over budget YTD?,completed,24.6,"Treasury Mar variance was $4,486,437 vs plan",03/06/2026 12:29:53 PM
r03-0000154,lwhite@harwellinsurancegroup.com,[AP Aging Analyst] Check covenant compliance for the revolver,completed,23.7,"Treasury Jan variance was $2,775,009 vs plan",03/06/2026 02:41:14 PM
r03-0000155,kjohnson@harwellinsurancegroup.com,[AP Aging Analyst] What drove the change in gross margin this quarter?,completed,35.0,"Ops Apr variance was $4,568,519 vs plan",03/06/2026 09:15:13 AM
r03-0000156,lwhite@harwellinsurancegroup.com,[Covenant Checker] Reconcile AP aging over 90 days for EU-02,completed,18.4,"Ops Apr variance was $2,355,481 vs plan",03/06/2026 01:06:39 PM
r03-0000157,ssanchez@harwellinsurancegroup.com,[Flux Commentary] What drove the change in gross margin this quarter?,error,3.5,error code 502 from model gateway,03/06/2026 12:18:17 PM
r03-0000158,ssanchez@harwellinsurancegroup.com,[Revenue Recognizer] Explain the headcount variance vs plan,completed,44.2,"FP&A Feb variance was $2,908,359 vs plan",03/06/2026 09:20:42 AM
r03-0000159,jthompson@harwellinsurancegroup.com,[Variance Explainer] Draft flux commentary for the Apr close,completed,70.9,"Treasury Apr variance was $2,624,143 vs plan",03/06/2026 12:20:33 PM
r03-0000160,ssanchez@harwellinsurancegroup.com,[Budget vs Actual] Forecast Jun operating cash flow,completed,50.0,"Accounting Jun variance was $433,733 vs plan",03/06/2026 07:30:06 AM
r03-0000161,ssanchez@harwellinsurancegroup.com,[Headcount Planner] Check covenant compliance for the revolver,completed,41.1,"Ops Apr variance was $4,405,347 vs plan",03/06/2026 11:30:54 AM
r03-0000162,ssanchez@harwellinsurancegroup.com,[Vendor Spend Analyzer] Which cost centers are over budget YTD?,completed,7.5,"FP&A May variance was $2,821,229 vs plan",03/06/2026 10:21:05 AM
r03-0000163,dlee@harwellinsurancegroup.com,[Board Deck Builder] Why did FP&A spend exceed budget in Feb?,completed,15.2,"FP&A Feb variance was $3,174,938 vs plan",03/06/2026 09:24:47 AM
r03-0000164,ssanchez@harwellinsurancegroup.com,[Board Deck Builder] Summarize the May variance for entity MX-01,completed,47.3,"Accounting May variance was $4,065,734 vs plan",03/06/2026 03:31:49 PM
r03-0000165,thaddad@harwellinsurancegroup.com,[Variance Explainer] Draft flux commentary for the May close,completed,47.8,"Accounting May variance was $3,350,151 vs plan",03/06/2026 08:37:30 AM
r03-0000166,ssanchez@harwellinsurancegroup.com,[Vendor Spend Analyzer] Reconcile AP aging over 90 days for EU-04,completed,15.7,"FP&A Jun variance was $3,699,187 vs plan",03/06/2026 12:48:37 PM
r03-0000167,ssanchez@harwellinsurancegroup.com,[Headcount Planner] Which cost centers are over budget YTD?,completed,64.8,"Ops Jun variance was $4,273,187 vs plan",03/07/2026 01:24:04 PM
r03-0000168,ssanchez@harwellinsurancegroup.com,[AP Aging Analyst] Check covenant compliance for the revolver,completed,27.8,"Treasury Mar variance was $3,980,357 vs plan",03/07/2026 05:03:09 PM
r03-0000169,ssanchez@harwellinsurancegroup.com,[Budget vs Actual] Why did Accounting spend exceed budget in May?,completed,48.4,"Accounting May variance was $2,917,448 vs plan",03/07/2026 01:02:41 PM
r03-0000170,kjohnson@harwellinsurancegroup.com,[Vendor Spend Analyzer] Check covenant compliance for the revolver,completed,73.5,"Accounting Apr variance was $4,559,536 vs plan",03/07/2026 08:51:11 PM
r03-0000171,ssanchez@harwellinsurancegroup.com,[Revenue Recognizer] Why did Ops spend exceed budget in Mar?,completed,74.3,"Ops Mar variance was $1,145,295 vs plan",03/07/2026 12:30:08 PM
r03-0000172,ssanchez@harwellinsurancegroup.com,[Journal Entry Reviewer] Explain the headcount variance vs plan,completed,48.7,"Ops Jan variance was $2,435,744 vs plan",03/07/2026 12:26:36 PM
r03-0000173,rthompson@harwellinsurancegroup.com,[Flux Commentary] What drove the change in gross margin this quarter?,completed,13.9,"Treasury Jan variance was $1,985,342 vs plan",03/07/2026 02:03:51 PM
r03-0000174,rthompson@harwellinsurancegroup.com,[Vendor Spend Analyzer] Which cost centers are over budget YTD?,completed,61.5,"Accounting Mar variance was $2,848,588 vs plan",03/07/2026 12:21:41 PM
r03-0000175,ssanchez@harwellinsurancegroup.com,[Vendor Spend Analyzer] Draft flux commentary for the Apr close,completed,9.8,"Treasury Apr variance was $2,666,592 vs plan",03/07/2026 06:08:18 PM
r03-0000176,kjohnson@harwellinsurancegroup.com,[Headcount Planner] Explain the headcount variance vs plan,completed,0.6,FAILED: null reference in aggregation step,03/07/2026 02:07:07 PM
r03-0000177,rthompson@harwellinsurancegroup.com,[AP Aging Analyst] Draft flux commentary for the Mar close,completed,14.5,"Ops Mar variance was $2,947,704 vs plan",03/07/2026 02:58:54 PM
r03-0000178,ssanchez@harwellinsurancegroup.com,[Flux Commentary] Build the board deck cash slide for Jun,completed,29.9,"FP&A Jun variance was $1,241,581 vs plan",03/08/2026 11:58:49 AM
r03-0000179,kharris@harwellinsurancegroup.com,[Revenue Recognizer] Why did Treasury spend exceed budget in Jan?,completed,29.3,"Treasury Jan variance was $1,343,357 vs plan",03/08/2026 10:24:22 AM
r03-0000180,kharris@harwellinsurancegroup.com,[Revenue Recognizer] Forecast May operating cash flow,completed,59.9,"Treasury May variance was $951,787 vs plan",03/08/2026 12:25:23 PM
r03-0000181,ssanchez@harwellinsurancegroup.com,[Variance Explainer] Why did FP&A spend exceed budget in May?,completed,25.2,"FP&A May variance was $2,042,585 vs plan",03/08/2026 01:31:08 PM
r03-0000182,ssanchez@harwellinsurancegroup.com,[Variance Explainer] Explain the headcount variance vs plan,completed,5.3,"Ops Jun variance was $1,732,266 vs plan",03/08/2026 05:36:48 PM
r03-0000183,ssanchez@harwellinsurancegroup.com,[Journal Entry Reviewer] What drove the change in gross margin this quarter?,completed,10.0,"Ops Jan variance was $1,951,719 vs plan",03/08/2026 04:17:15 PM
r03-0000184,ssanchez@harwellinsurancegroup.com,[Variance Explainer] Why did Treasury spend exceed budget in Mar?,completed,1.9,Traceback (most recent call last): KeyError 'entity',03/08/2026 07:05:36 PM
r03-0000185,kharris@harwellinsurancegroup.com,[Journal Entry Reviewer] Forecast Jun operating cash flow,completed,7.1,"FP&A Jun variance was $3,264,843 vs plan",03/08/2026 07:47:09 AM
r03-0000186,ssanchez@harwellinsurancegroup.com,[Budget vs Actual] Explain the headcount variance vs plan,completed,7.8,"FP&A Mar variance was $1,360,538 vs plan",03/08/2026 11:25:03 AM
r03-0000187,mrobinson@harwellinsurancegroup.com,[Budget vs Actual] Why did Ops spend exceed budget in Apr?,completed,58.3,"Ops Apr variance was $2,188,824 vs plan",03/08/2026 01:00:13 PM
r03-0000188,ssanchez@harwellinsurancegroup.com,[Budget vs Actual] Which cost centers are over budget YTD?,completed,7.3,"Accounting Jan variance was $525,481 vs plan",03/08/2026 04:42:46 PM
r03-0000189,ssanchez@harwellinsurancegroup.com,[Budget vs Actual] What drove the change in gross margin this quarter?,completed,32.9,"Treasury Jan variance was $4,059,673 vs plan",03/08/2026 01:54:16 PM
r03-0000190,ssanchez@harwellinsurancegroup.com,[Close Checklist Bot] Draft flux commentary for the Jan close,completed,43.8,"Accounting Jan variance was $1,733,948 vs plan",03/08/2026 01:14:47 PM
r03-0000191,rmartinez@harwellinsurancegroup.com,[Covenant Checker] Explain the headcount variance vs plan,completed,36.8,"Accounting Jun variance was $4,718,817 vs plan",03/09/2026 12:08:58 PM
r03-0000192,ssanchez@harwellinsurancegroup.com,[Covenant Checker] Build the board deck cash slide for Jan,completed,71.4,"Treasury Jan variance was $3,422,109 vs plan",03/09/2026 10:30:59 AM
r03-0000193,ssanchez@harwellinsurancegroup.com,[Flux Commentary] Which cost centers are over budget YTD?,completed,35.0,"Treasury Jan variance was $3,026,130 vs plan",03/09/2026 07:39:25 PM
r03-0000194,ssanchez@harwellinsurancegroup.com,[Covenant Checker] Explain the headcount variance vs plan,completed,57.6,"Treasury Jan variance was $855,349 vs plan",03/09/2026 11:20:13 AM
r03-0000195,ssanchez@harwellinsurancegroup.com,[Vendor Spend Analyzer] Which cost centers are over budget YTD?,completed,19.1,"Accounting Mar variance was $4,053,152 vs plan",03/09/2026 08:47:37 AM
r03-0000196,ssanchez@harwellinsurancegroup.com,[Headcount Planner] Summarize the Apr variance for entity EU-06,completed,31.6,"Treasury Apr variance was $1,997,240 vs plan",03/09/2026 07:29:48 AM
r03-0000197,ssanchez@harwellinsurancegroup.com,[Cash Forecaster] Draft flux commentary for the Jun close,completed,42.8,"Accounting Jun variance was $4,642,587 vs plan",03/09/2026 04:39:27 PM
r03-0000198,ssanchez@harwellinsurancegroup.com,[Board Deck Builder] Forecast Apr operating cash flow,completed,54.7,"FP&A Apr variance was $525,551 vs plan",03/09/2026 03:04:46 PM
r03-0000199,ssanchez@harwellinsurancegroup.com,[Variance Explainer] Which cost centers are over budget YTD?,completed,38.4,"Treasury Feb variance was $4,675,060 vs plan",03/09/2026 11:29:56 AM
r03-0000200,kharris@harwellinsurancegroup.com,[Journal Entry Reviewer] Check covenant compliance for the revolver,completed,11.7,"Accounting Mar variance was $456,199 vs plan",03/09/2026 08:55:33 AM
r03-0000201,ssanchez@harwellinsurancegroup.com,[Vendor Spend Analyzer] Reconcile AP aging over 90 days for MX-08,completed,59.9,"Ops Apr variance was $213,838 vs plan",03/09/2026 04:41:52 PM
r03-0000202,kharris@harwellinsurancegroup.com,[Revenue Recognizer] Forecast Feb operating cash flow,completed,34.7,"FP&A Feb variance was $699,163 vs plan",03/09/2026 09:57:52 AM
r03-0000203,ssanchez@harwellinsurancegroup.com,[Journal Entry Reviewer] What drove the change in gross margin this quarter?,completed,35.8,"Treasury Feb variance was $1,677,532 vs plan",03/09/2026 05:41:22 PM
r03-0000204,kjohnson@harwellinsurancegroup.com,[Headcount Planner] Why did Ops spend exceed budget in Apr?,completed,7.8,"Ops Apr variance was $1,647,496 vs plan",03/09/2026 10:50:04 AM
r03-0000205,kharris@harwellinsurancegroup.com,[Vendor Spend Analyzer] Reconcile AP aging over 90 days for MX-05,completed,42.9,"Ops Apr variance was $3,685,925 vs plan",03/09/2026 07:19:11 AM
r03-0000206,ssanchez@harwellinsurancegroup.com,[Board Deck Builder] Summarize the Jun variance for entity CA-03,completed,72.1,"Ops Jun variance was $3,063,748 vs plan",03/09/2026 01:10:19 PM
r03-0000207,ssanchez@harwellinsurancegroup.com,[Vendor Spend Analyzer] Explain the headcount variance vs plan,completed,71.1,"Accounting Feb variance was $2,631,583 vs plan",03/09/2026 01:30:41 PM
r03-0000208,kjohnson@harwellinsurancegroup.com,[Covenant Checker] Summarize the Apr variance for entity MX-01,completed,17.5,"FP&A Apr variance was $3,919,200 vs plan",03/09/2026 12:47:56 PM
r03-0000209,agarcia@harwellinsurancegroup.com,[Flux Commentary] Draft flux commentary for the Mar close,completed,0.9,Traceback (most recent call last): KeyError 'entity',03/09/2026 11:24:11 AM
r03-0000210,ssanchez@harwellinsurancegroup.com,[Journal Entry Reviewer] Reconcile AP aging over 90 days for CA-04,completed,36.8,"FP&A Apr variance was $3,925,975 vs plan",03/09/2026 08:40:40 AM
r03-0000211,ssanchez@harwellinsurancegroup.com,[Flux Commentary] Build the board deck cash slide for Mar,completed,66.3,"Accounting Mar variance was $3,082,739 vs plan",03/09/2026 11:41:44 AM
r03-0000212,lmartin@harwellinsurancegroup.com,[Budget vs Actual] Check covenant compliance for the revolver,completed,69.4,"Accounting Jan variance was $833,099 vs plan",03/09/2026 01:48:55 PM
r03-0000213,ssanchez@harwellinsurancegroup.com,[Headcount Planner] Summarize the May variance for entity EU-03,completed,7.9,"Ops May variance was $4,018,770 vs plan",03/09/2026 12:52:39 PM
r03-0000214,ssanchez@harwellinsurancegroup.com,[Flux Commentary] Summarize the May variance for entity EU-02,completed,1.6,Traceback (most recent call last): KeyError 'entity',03/09/2026 02:22:30 PM
r03-0000215,ssanchez@harwellinsurancegroup.com,[Board Deck Builder] Reconcile AP aging over 90 days for CA-09,completed,50.5,"Accounting Feb variance was $498,319 vs plan",03/09/2026 11:53:12 AM
r03-0000216,ssanchez@harwellinsurancegroup.com,[Board Deck Builder] Check covenant compliance for the revolver,completed,38.1,"FP&A Apr variance was $2,288,541 vs plan",03/10/2026 03:11:45 PM
r03-0000217,ssanchez@harwellinsurancegroup.com,[Journal Entry Reviewer] Summarize the Jan variance for entity EU-05,completed,58.0,"Treasury Jan variance was $698,056 vs plan",03/10/2026 04:31:53 PM
r03-0000218,ssanchez@harwellinsurancegroup.com,[Journal Entry Reviewer] Forecast Feb operating cash flow,completed,34.1,"Ops Feb variance was $3,376,173 vs plan",03/10/2026 10:06:49 AM
r03-0000219,agarcia@harwellinsurancegroup.com,[Flux Commentary] Draft flux commentary for the Jan close,error,3.4,FAILED: null reference in aggregation step,03/10/2026 12:02:14 PM
r03-0000220,mrobinson@harwellinsurancegroup.com,[Board Deck Builder] Build the board deck cash slide for Mar,completed,59.0,"Treasury Mar variance was $2,893,458 vs plan",03/10/2026 10:00:18 AM
r03-0000221,ssanchez@harwellinsurancegroup.com,[Headcount Planner] Forecast Mar operating cash flow,completed,0.8,error: connection reset by peer,03/10/2026 03:00:02 PM
r03-0000222,ssanchez@harwellinsurancegroup.com,[AP Aging Analyst] Why did Accounting spend exceed budget in Jan?,completed,65.2,"Accounting Jan variance was $3,697,567 vs plan",03/10/2026 07:35:19 AM
r03-0000223,kharris@harwellinsurancegroup.com,[Revenue Recognizer] Build the board deck cash slide for Jan,completed,48.0,"Ops Jan variance was $2,339,990 vs plan",03/10/2026 08:11:13 AM
r03-0000224,mrobinson@harwellinsurancegroup.com,[Variance Explainer] Why did Accounting spend exceed budget in Apr?,completed,56.9,"Accounting Apr variance was $1,059,673 vs plan",03/10/2026 08:38:25 AM
r03-0000225,ssanchez@harwellinsurancegroup.com,[Board Deck Builder] Reconcile AP aging over 90 days for US-05,completed,58.4,"Treasury Mar variance was $3,875,460 vs plan",03/10/2026 08:35:45 AM
r03-0000226,phaddad@harwellinsurancegroup.com,[Budget vs Actual] Why did Accounting spend exceed budget in Jan?,completed,59.1,"Accounting Jan variance was $2,554,154 vs plan",03/10/2026 02:16:36 PM
r03-0000227,ssanchez@harwellinsurancegroup.com,[Journal Entry Reviewer] Build the board deck cash slide for Jan,completed,0.5,error: connection reset by peer,03/10/2026 09:32:45 AM
r03-0000228,ssanchez@harwellinsurancegroup.com,[Vendor Spend Analyzer] Reconcile AP aging over 90 days for CA-06,completed,31.2,"FP&A Jan variance was $259,952 vs plan",03/10/2026 09:26:47 AM
r03-0000229,ssanchez@harwellinsurancegroup.com,[Headcount Planner] Forecast May operating cash flow,completed,0.4,Traceback (most recent call last): KeyError 'entity',03/10/2026 01:38:47 PM
r03-0000230,ssanchez@harwellinsurancegroup.com,[Flux Commentary] What drove the change in gross margin this quarter?,completed,0.7,ERROR: upstream request timed out,03/10/2026 01:39:09 PM
r03-0000231,thaddad@harwellinsurancegroup.com,[Journal Entry Reviewer] Which cost centers are over budget YTD?,completed,39.1,"Ops May variance was $3,551,260 vs plan",03/10/2026 06:47:42 AM
r03-0000232,ssanchez@harwellinsurancegroup.com,[Journal Entry Reviewer] Check covenant compliance for the revolver,completed,10.6,"Ops Feb variance was $4,402,167 vs plan",03/10/2026 03:02:02 PM
r03-0000233,kharris@harwellinsurancegroup.com,[Vendor Spend Analyzer] Explain the headcount variance vs plan,completed,37.7,"Treasury Feb variance was $429,605 vs plan",03/10/2026 12:42:49 PM
r03-0000234,ssanchez@harwellinsurancegroup.com,[Board Deck Builder] Reconcile AP aging over 90 days for US-02,completed,71.9,"Ops Mar variance was $4,227,646 vs plan",03/10/2026 11:51:21 AM
r03-0000235,ssanchez@harwellinsurancegroup.com,[Board Deck Builder] Draft flux commentary for the Feb close,completed,36.9,"Accounting Feb variance was $3,039,680 vs plan",03/10/2026 09:11:23 AM
r03-0000236,kharris@harwellinsurancegroup.com,[Revenue Recognizer] Check covenant compliance for the revolver,completed,26.3,"Accounting Apr variance was $2,182,893 vs plan",03/10/2026 11:54:10 AM
r03-0000237,ssanchez@harwellinsurancegroup.com,[Flux Commentary] Check covenant compliance for the revolver,completed,52.6,"Ops Jun variance was $3,959,448 vs plan",03/10/2026 11:57:24 AM
r03-0000238,ssanchez@harwellinsurancegroup.com,[Variance Explainer] What drove the change in gross margin this quarter?,completed,52.1,"FP&A Feb variance was $2,699,853 vs plan",03/10/2026 11:19:02 AM
r03-0000239,mrobinson@harwellinsurancegroup.com,[Board Deck Builder] Summarize the Mar variance for entity EU-02,completed,69.8,"Accounting Mar variance was $2,572,740 vs plan",03/10/2026 01:28:00 PM
r03-0000240,ssanchez@harwellinsurancegroup.com,[Budget vs Actual] Reconcile AP aging over 90 days for US-04,completed,24.2,"Ops Feb variance was $3,739,270 vs plan",03/10/2026 07:18:14 AM
r03-0000241,ssanchez@harwellinsurancegroup.com,[Headcount Planner] Why did Treasury spend exceed budget in Mar?,error,1.2,ERROR: upstream request timed out,03/10/2026 10:08:37 AM
r03-0000242,alewis@harwellinsurancegroup.com,[Vendor Spend Analyzer] Check covenant compliance for the revolver,completed,34.0,"Treasury May variance was $4,712,824 vs plan",03/11/2026 09:05:46 AM
r03-0000243,lmartin@harwellinsurancegroup.com,[Journal Entry Reviewer] Draft flux commentary for the Apr close,completed,23.3,"Accounting Apr variance was $4,678,403 vs plan",03/11/2026 12:47:11 PM
r03-0000244,ssanchez@harwellinsurancegroup.com,[Flux Commentary] Reconcile AP aging over 90 days for MX-06,completed,51.9,"Accounting Feb variance was $4,422,377 vs plan",03/11/2026 08:20:48 AM
r03-0000245,ssanchez@harwellinsurancegroup.com,[Close Checklist Bot] Check covenant compliance for the revolver,completed,57.5,"FP&A Apr variance was $819,716 vs plan",03/11/2026 10:00:46 AM
r03-0000246,kjohnson@harwellinsurancegroup.com,[Variance Explainer] Summarize the Apr variance for entity CA-01,completed,9.8,"Accounting Apr variance was $3,484,116 vs plan",03/11/2026 06:06:58 AM
r03-0000247,rthompson@harwellinsurancegroup.com,[Budget vs Actual] Check covenant compliance for the revolver,completed,74.4,"Treasury Apr variance was $2,937,507 vs plan",03/11/2026 03:11:01 PM
r03-0000248,ssanchez@harwellinsurancegroup.com,[Revenue Recognizer] Why did Accounting spend exceed budget in Jun?,completed,44.6,"Accounting Jun variance was $3,745,706 vs plan",03/11/2026 08:24:56 AM
r03-0000249,kjohnson@harwellinsurancegroup.com,[AP Aging Analyst] Check covenant compliance for the revolver,completed,53.4,"Accounting Feb variance was $301,220 vs plan",03/11/2026 02:59:26 PM
r03-0000250,ssanchez@harwellinsurancegroup.com,[AP Aging Analyst] Which cost centers are over budget YTD?,completed,6.9,"Treasury Mar variance was $3,300,134 vs plan",03/11/2026 09:55:19 AM
r03-0000251,ssanchez@harwellinsurancegroup.com,[Journal Entry Reviewer] Explain the headcount variance vs plan,completed,55.2,"Accounting Feb variance was $373,673 vs plan",03/11/2026 01:51:45 PM
r03-0000252,ssanchez@harwellinsurancegroup.com,[Vendor Spend Analyzer] Reconcile AP aging over 90 days for MX-03,completed,29.5,"FP&A Jun variance was $388,092 vs plan",03/11/2026 09:20:58 AM
r03-0000253,ssanchez@harwellinsurancegroup.com,[Vendor Spend Analyzer] Check covenant compliance for the revolver,completed,36.3,"Ops Mar variance was $1,166,020 vs plan",03/11/2026 03:28:38 PM
r03-0000254,kjohnson@harwellinsurancegroup.com,[Cash Forecaster] Summarize the May variance for entity US-07,completed,22.1,"Accounting May variance was $635,524 vs plan",03/11/2026 01:09:11 PM
r03-0000255,ssanchez@harwellinsurancegroup.com,[Budget vs Actual] What drove the change in gross margin this quarter?,completed,4.7,"Accounting Mar variance was $4,699,438 vs plan",03/11/2026 11:07:38 AM
r03-0000256,ssanchez@harwellinsurancegroup.com,[Headcount Planner] Summarize the Feb variance for entity US-04,error,2.4,Traceback (most recent call last): KeyError 'entity',03/11/2026 02:04:01 PM
r03-0000257,ssanchez@harwellinsurancegroup.com,[Variance Explainer] Which cost centers are over budget YTD?,error,3.9,error code 502 from model gateway,03/11/2026 08:50:29 AM
r03-0000258,ssanchez@harwellinsurancegroup.com,[Variance Explainer] Why did Ops spend exceed budget in Apr?,completed,51.3,"Ops Apr variance was $900,061 vs plan",03/11/2026 01:48:42 PM
r03-0000259,agarcia@harwellinsurancegroup.com,[Covenant Checker] Draft flux commentary for the Mar close,completed,0.9,FAILED: null reference in aggregation step,03/11/2026 12:28:09 PM
r03-0000260,thaddad@harwellinsurancegroup.com,[Budget vs Actual] Why did Treasury spend exceed budget in Jan?,completed,59.1,"Treasury Jan variance was $178,756 vs plan",03/11/2026 05:48:29 PM
r03-0000261,ymartinez@harwellinsurancegroup.com,[Close Checklist Bot] What drove the change in gross margin this quarter?,completed,35.8,"Ops Apr variance was $1,775,406 vs plan",03/11/2026 11:41:41 AM
r03-0000262,lwhite@harwellinsurancegroup.com,[Close Checklist Bot] Explain the headcount variance vs plan,completed,5.5,"Treasury May variance was $2,179,169 vs plan",03/11/2026 12:04:26 PM
r03-0000263,jjones@harwellinsurancegroup.com,[Flux Commentary] Build the board deck cash slide for Apr,completed,5.5,"Accounting Apr variance was $3,824,933 vs plan",03/11/2026 01:49:24 PM
r03-0000264,ssanchez@harwellinsurancegroup.com,[Close Checklist Bot] Explain the headcount variance vs plan,completed,57.5,"Ops Feb variance was $1,232,648 vs plan",03/11/2026 07:53:36 AM
r03-0000265,pthompson@harwellinsurancegroup.com,[AP Aging Analyst] What drove the change in gross margin this quarter?,completed,40.6,"Ops Apr variance was $240,139 vs plan",03/11/2026 11:46:05 AM
r03-0000266,kharris@harwellinsurancegroup.com,[Board Deck Builder] Why did Treasury spend exceed budget in May?,completed,35.3,"Treasury May variance was $2,155,185 vs plan",03/11/2026 03:13:23 PM
r03-0000267,ssanchez@harwellinsurancegroup.com,[Budget vs Actual] What drove the change in gross margin this quarter?,completed,56.3,"Treasury Feb variance was $3,260,480 vs plan",03/11/2026 12:45:15 PM
r03-0000268,kjohnson@harwellinsurancegroup.com,[Journal Entry Reviewer] Which cost centers are over budget YTD?,completed,63.6,"Treasury Mar variance was $2,165,424 vs plan",03/11/2026 06:19:39 PM
r03-0000269,ssanchez@harwellinsurancegroup.com,[Close Checklist Bot] Summarize the Jan variance for entity CA-08,completed,29.4,"Accounting Jan variance was $3,164,359 vs plan",03/11/2026 02:44:03 PM
r03-0000270,ssanchez@harwellinsurancegroup.com,[Covenant Checker] Explain the headcount variance vs plan,completed,48.9,"FP&A Feb variance was $4,349,748 vs plan",03/11/2026 02:36:09 PM
r03-0000271,ssanchez@harwellinsurancegroup.com,[Journal Entry Reviewer] Explain the headcount variance vs plan,completed,53.4,"Treasury Feb variance was $2,318,618 vs plan",03/11/2026 04:04:24 PM
r03-0000272,ssanchez@harwellinsurancegroup.com,[Headcount Planner] Why did Treasury spend exceed budget in May?,completed,35.7,"Treasury May variance was $2,949,892 vs plan",03/11/2026 01:53:57 PM
r03-0000273,ssanchez@harwellinsurancegroup.com,[Revenue Recognizer] Forecast May operating cash flow,completed,17.8,"Ops May variance was $291,044 vs plan",03/12/2026 01:00:58 PM
r03-0000274,ssanchez@harwellinsurancegroup.com,[Vendor Spend Analyzer] Draft flux commentary for the Jun close,completed,5.1,"Accounting Jun variance was $3,568,014 vs plan",03/12/2026 03:07:31 PM
r03-0000275,ssanchez@harwellinsurancegroup.com,[Revenue Recognizer] What drove the change in gross margin this quarter?,completed,10.2,"Accounting Feb variance was $3,728,082 vs plan",03/12/2026 04:21:40 PM
r03-0000276,bwilliams@harwellinsurancegroup.com,[Budget vs Actual] Check covenant compliance for the revolver,completed,0.6,FAILED: null reference in aggregation step,03/12/2026 01:45:02 PM
r03-0000277,lmartin@harwellinsurancegroup.com,[Cash Forecaster] Draft flux commentary for the Jan close,completed,14.1,"Treasury Jan variance was $4,128,143 vs plan",03/12/2026 03:19:02 PM
r03-0000278,ssanchez@harwellinsurancegroup.com,[AP Aging Analyst] Reconcile AP aging over 90 days for CA-08,completed,28.0,"Treasury Feb variance was $904,283 vs plan",03/12/2026 03:01:45 PM
r03-0000279,mmiller@harwellinsurancegroup.com,[Flux Commentary] Forecast Mar operating cash flow,completed,64.5,"Treasury Mar variance was $4,137,030 vs plan",03/12/2026 06:58:29 PM
r03-0000280,kharris@harwellinsurancegroup.com,[Journal Entry Reviewer] Forecast Feb operating cash flow,completed,1.3,Traceback (most recent call last): KeyError 'entity',03/12/2026 01:58:08 PM
r03-0000281,ssanchez@harwellinsurancegroup.com,[Budget vs Actual] Summarize the Jan variance for entity MX-08,completed,7.4,"Ops Jan variance was $2,555,318 vs plan",03/12/2026 02:30:11 PM
r03-0000282,jrobinson@harwellinsurancegroup.com,[Board Deck Builder] Build the board deck cash slide for May,completed,48.4,"Treasury May variance was $2,344,018 vs plan",03/12/2026 12:58:29 PM
r03-0000283,ssanchez@harwellinsurancegroup.com,[Cash Forecaster] Check covenant compliance for the revolver,error,5.8,error: connection reset by peer,03/12/2026 07:33:38 PM
r03-0000284,kjohnson@harwellinsurancegroup.com,[Journal Entry Reviewer] Draft flux commentary for the Mar close,completed,4.8,"Accounting Mar variance was $91,848 vs plan",03/12/2026 11:35:58 AM
r03-0000285,ssanchez@harwellinsurancegroup.com,[Budget vs Actual] Check covenant compliance for the revolver,completed,3.4,"FP&A Jun variance was $451,597 vs plan",03/12/2026 09:21:21 AM
r03-0000286,ssanchez@harwellinsurancegroup.com,[Journal Entry Reviewer] Explain the headcount variance vs plan,completed,38.4,"Accounting Jun variance was $1,123,957 vs plan",03/12/2026 10:52:38 AM
r03-0000287,kharris@harwellinsurancegroup.com,[Flux Commentary] Draft flux commentary for the Jan close,completed,74.4,"Treasury Jan variance was $799,265 vs plan",03/12/2026 10:42:38 AM
r03-0000288,ssanchez@harwellinsurancegroup.com,[Vendor Spend Analyzer] Why did FP&A spend exceed budget in Feb?,completed,57.0,"FP&A Feb variance was $534,146 vs plan",03/12/2026 11:15:39 AM
r03-0000289,jjones@harwellinsurancegroup.com,[Board Deck Builder] Check covenant compliance for the revolver,completed,17.1,"Treasury Mar variance was $4,399,000 vs plan",03/12/2026 10:13:35 AM
r03-0000290,agarcia@harwellinsurancegroup.com,[Board Deck Builder] Explain the headcount variance vs plan,completed,29.3,"Accounting May variance was $585,717 vs plan",03/12/2026 02:33:13 PM
r03-0000291,ssanchez@harwellinsurancegroup.com,[Close Checklist Bot] Draft flux commentary for the Apr close,completed,4.6,"FP&A Apr variance was $3,908,200 vs plan",03/12/2026 05:07:00 PM
r03-0000292,phaddad@harwellinsurancegroup.com,[AP Aging Analyst] Reconcile AP aging over 90 days for CA-03,completed,7.0,"FP&A Feb variance was $1,221,249 vs plan",03/12/2026 01:00:06 PM
r03-0000293,pgonzalez@harwellinsurancegroup.com,[Cash Forecaster] Reconcile AP aging over 90 days for MX-07,completed,21.3,"Accounting May variance was $1,151,025 vs plan",03/12/2026 10:13:59 AM
r03-0000294,ssanchez@harwellinsurancegroup.com,[Budget vs Actual] Which cost centers are over budget YTD?,completed,59.8,"Ops Apr variance was $1,897,290 vs plan",03/12/2026 11:13:19 AM
r03-0000295,ssanchez@harwellinsurancegroup.com,[Revenue Recognizer] Forecast Mar operating cash flow,completed,38.9,"FP&A Mar variance was $1,318,828 vs plan",03/12/2026 01:43:44 PM
r03-0000296,ssanchez@harwellinsurancegroup.com,[Covenant Checker] What drove the change in gross margin this quarter?,completed,14.5,"FP&A Apr variance was $1,577,702 vs plan",03/12/2026 06:38:11 PM
r03-0000297,lwhite@harwellinsurancegroup.com,[Variance Explainer] Which cost centers are over budget YTD?,completed,3.2,"Ops May variance was $3,751,307 vs plan",03/12/2026 06:43:38 AM
r03-0000298,ssanchez@harwellinsurancegroup.com,[Budget vs Actual] Which cost centers are over budget YTD?,completed,27.4,"FP&A Feb variance was $1,154,236 vs plan",03/12/2026 01:41:19 PM
r03-0000299,dlee@harwellinsurancegroup.com,[Cash Forecaster] Forecast May operating cash flow,completed,59.9,"FP&A May variance was $3,873,738 vs plan",03/12/2026 06:38:01 AM
r03-0000300,kharris@harwellinsurancegroup.com,[Headcount Planner] Reconcile AP aging over 90 days for CA-09,completed,18.3,"Treasury Jan variance was $912,723 vs plan",03/13/2026 08:37:43 AM
r03-0000301,ssanchez@harwellinsurancegroup.com,[Revenue Recognizer] Explain the headcount variance vs plan,completed,74.3,"Accounting Apr variance was $807,747 vs plan",03/13/2026 02:58:45 PM
r03-0000302,ssanchez@harwellinsurancegroup.com,[AP Aging Analyst] Draft flux commentary for the Jun close,completed,45.8,"Accounting Jun variance was $1,012,897 vs plan",03/13/2026 12:59:30 PM
r03-0000303,kharris@harwellinsurancegroup.com,[Covenant Checker] Explain the headcount variance vs plan,completed,31.2,"Accounting Mar variance was $1,724,666 vs plan",03/13/2026 11:16:04 AM
r03-0000304,kharris@harwellinsurancegroup.com,[Close Checklist Bot] Forecast Jun operating cash flow,completed,40.0,"Treasury Jun variance was $3,326,504 vs plan",03/13/2026 11:55:44 AM
r03-0000305,rthompson@harwellinsurancegroup.com,[Close Checklist Bot] Forecast Jun operating cash flow,completed,11.4,"Accounting Jun variance was $922,859 vs plan",03/13/2026 09:24:59 AM
r03-0000306,ssanchez@harwellinsurancegroup.com,[Variance Explainer] Which cost centers are over budget YTD?,completed,38.8,"Treasury Mar variance was $543,107 vs plan",03/13/2026 01:26:13 PM
r03-0000307,phaddad@harwellinsurancegroup.com,[Budget vs Actual] Explain the headcount variance vs plan,completed,13.6,"Accounting Apr variance was $1,414,978 vs plan",03/13/2026 02:53:21 PM
r03-0000308,ssanchez@harwellinsurancegroup.com,[Cash Forecaster] What drove the change in gross margin this quarter?,completed,72.5,"Ops Feb variance was $631,663 vs plan",03/13/2026 05:16:26 PM
r03-0000309,ssanchez@harwellinsurancegroup.com,[Vendor Spend Analyzer] Reconcile AP aging over 90 days for US-01,completed,59.7,"Treasury Feb variance was $169,539 vs plan",03/13/2026 04:27:55 PM
r03-0000310,ssanchez@harwellinsurancegroup.com,[Vendor Spend Analyzer] What drove the change in gross margin this quarter?,error,3.9,Traceback (most recent call last): KeyError 'entity',03/13/2026 08:26:39 AM
r03-0000311,ssanchez@harwellinsurancegroup.com,[Close Checklist Bot] Check covenant compliance for the revolver,completed,69.8,"Ops Jun variance was $570,811 vs plan",03/13/2026 12:43:06 PM
r03-0000312,ssanchez@harwellinsurancegroup.com,[Variance Explainer] What drove the change in gross margin this quarter?,completed,28.1,"FP&A Apr variance was $1,201,368 vs plan",03/13/2026 05:43:40 PM
r03-0000313,ssanchez@harwellinsurancegroup.com,[Covenant Checker] Why did Accounting spend exceed budget in Feb?,completed,47.8,"Accounting Feb variance was $2,300,936 vs plan",03/13/2026 09:58:49 AM
r03-0000314,lwhite@harwellinsurancegroup.com,[Revenue Recognizer] What drove the change in gross margin this quarter?,completed,71.4,"Ops Mar variance was $745,267 vs plan",03/13/2026 01:03:56 PM
r03-0000315,ssanchez@harwellinsurancegroup.com,[Revenue Recognizer] Reconcile AP aging over 90 days for US-09,completed,24.1,"Ops Jan variance was $905,097 vs plan",03/13/2026 12:58:32 PM
r03-0000316,ssanchez@harwellinsurancegroup.com,[Headcount Planner] Build the board deck cash slide for Apr,completed,26.3,"Accounting Apr variance was $1,283,528 vs plan",03/13/2026 08:36:54 AM
r03-0000317,kjohnson@harwellinsurancegroup.com,[AP Aging Analyst] Reconcile AP aging over 90 days for CA-08,completed,72.8,"Ops May variance was $3,695,266 vs plan",03/13/2026 02:50:11 PM
r03-0000318,jthompson@harwellinsurancegroup.com,[Vendor Spend Analyzer] What drove the change in gross margin this quarter?,completed,1.9,error code 502 from model gateway,03/13/2026 01:33:05 PM
r03-0000319,ssanchez@harwellinsurancegroup.com,[Covenant Checker] Summarize the Mar variance for entity CA-07,completed,10.4,"Accounting Mar variance was $1,412,609 vs plan",03/13/2026 06:45:03 PM
r03-0000320,lwhite@harwellinsurancegroup.com,[Covenant Checker] What drove the change in gross margin this quarter?,completed,36.2,"Accounting Jan variance was $3,623,021 vs plan",03/13/2026 11:23:17 AM
r03-0000321,ssanchez@harwellinsurancegroup.com,[Flux Commentary] What drove the change in gross margin this quarter?,completed,8.5,"Ops May variance was $119,847 vs plan",03/13/2026 09:23:13 AM
r03-0000322,ssanchez@harwellinsurancegroup.com,[Budget vs Actual] What drove the change in gross margin this quarter?,completed,27.4,"Treasury Mar variance was $3,162,149 vs plan",03/13/2026 04:06:45 PM
r03-0000323,bwilliams@harwellinsurancegroup.com,[Covenant Checker] Why did Accounting spend exceed budget in May?,completed,58.1,"Accounting May variance was $340,256 vs plan",03/13/2026 07:01:50 AM
r03-0000324,phaddad@harwellinsurancegroup.com,[Board Deck Builder] What drove the change in gross margin this quarter?,completed,57.7,"Accounting Apr variance was $133,173 vs plan",03/13/2026 12:20:47 PM
r03-0000325,ssanchez@harwellinsurancegroup.com,[AP Aging Analyst] Which cost centers are over budget YTD?,completed,43.9,"Accounting Mar variance was $812,947 vs plan",03/13/2026 02:36:39 PM
r03-0000326,ssanchez@harwellinsurancegroup.com,[Board Deck Builder] Which cost centers are over budget YTD?,completed,12.1,"FP&A Jan variance was $409,922 vs plan",03/13/2026 12:24:11 PM
r03-0000327,ssanchez@harwellinsurancegroup.com,[Cash Forecaster] Which cost centers are over budget YTD?,completed,43.6,"Accounting Feb variance was $2,886,700 vs plan",03/13/2026 02:58:59 PM
r03-0000328,rmartinez@harwellinsurancegroup.com,[Budget vs Actual] Build the board deck cash slide for Apr,completed,32.6,"FP&A Apr variance was $55,062 vs plan",03/13/2026 10:54:29 AM
r03-0000329,ssanchez@harwellinsurancegroup.com,[Budget vs Actual] Build the board deck cash slide for Jun,completed,3.1,"Treasury Jun variance was $238,457 vs plan",03/13/2026 01:57:51 PM
r03-0000330,ssanchez@harwellinsurancegroup.com,[Revenue Recognizer] Check covenant compliance for the revolver,completed,56.7,"FP&A Jun variance was $3,125,618 vs plan",03/13/2026 08:15:36 AM
r03-0000331,ssanchez@harwellinsurancegroup.com,[AP Aging Analyst] Why did Ops spend exceed budget in Apr?,completed,40.1,"Ops Apr variance was $1,713,315 vs plan",03/13/2026 01:21:08 PM
r03-0000332,kharris@harwellinsurancegroup.com,[Variance Explainer] Forecast May operating cash flow,error,3.1,ERROR: upstream request timed out,03/13/2026 01:29:12 PM
r03-0000333,ssanchez@harwellinsurancegroup.com,[Journal Entry Reviewer] Check covenant compliance for the revolver,completed,57.2,"FP&A Feb variance was $1,494,638 vs plan",03/13/2026 02:38:24 PM
r03-0000334,ssanchez@harwellinsurancegroup.com,[Revenue Recognizer] Forecast Feb operating cash flow,completed,24.6,"Accounting Feb variance was $3,634,813 vs plan",03/13/2026 01:06:38 PM
r03-0000335,lmartin@harwellinsurancegroup.com,[Budget vs Actual] Check covenant compliance for the revolver,completed,17.1,"Accounting Mar variance was $4,583,035 vs plan",03/13/2026 06:16:35 PM
r03-0000336,ssanchez@harwellinsurancegroup.com,[Cash Forecaster] Why did Treasury spend exceed budget in Apr?,completed,40.3,"Treasury Apr variance was $1,505,073 vs plan",03/13/2026 06:55:55 AM
r03-0000337,kharris@harwellinsurancegroup.com,[Covenant Checker] What drove the change in gross margin this quarter?,completed,62.5,"FP&A May variance was $4,572,840 vs plan",03/13/2026 01:11:30 PM
r03-0000338,ssanchez@harwellinsurancegroup.com,[Revenue Recognizer] Check covenant compliance for the revolver,completed,39.4,"FP&A Apr variance was $4,150,552 vs plan",03/13/2026 01:36:06 PM
r03-0000339,ssanchez@harwellinsurancegroup.com,[Budget vs Actual] Forecast Jan operating cash flow,completed,53.2,"Treasury Jan variance was $1,306,594 vs plan",03/13/2026 02:17:45 PM
r03-0000340,ssanchez@harwellinsurancegroup.com,[Close Checklist Bot] Which cost centers are over budget YTD?,completed,29.5,"FP&A Mar variance was $1,269,956 vs plan",03/14/2026 10:40:45 AM
r03-0000341,ssanchez@harwellinsurancegroup.com,[Headcount Planner] Draft flux commentary for the Apr close,completed,55.3,"Accounting Apr variance was $3,289,838 vs plan",03/14/2026 11:53:54 AM
r03-0000342,ssanchez@harwellinsurancegroup.com,[Close Checklist Bot] Explain the headcount variance vs plan,completed,34.5,"Treasury Feb variance was $2,746,435 vs plan",03/14/2026 01:20:54 PM
r03-0000343,kharris@harwellinsurancegroup.com,[Headcount Planner] What drove the change in gross margin this quarter?,completed,56.0,"FP&A Jan variance was $1,527,730 vs plan",03/14/2026 09:28:37 AM
r03-0000344,ssanchez@harwellinsurancegroup.com,[Covenant Checker] Summarize the Jan variance for entity EU-06,completed,30.7,"Ops Jan variance was $1,768,039 vs plan",03/14/2026 03:48:50 PM
r03-0000345,pgonzalez@harwellinsurancegroup.com,[Covenant Checker] Summarize the Apr variance for entity CA-08,completed,55.3,"FP&A Apr variance was $711,570 vs plan",03/14/2026 10:56:20 AM
r03-0000346,ssanchez@harwellinsurancegroup.com,[Vendor Spend Analyzer] Which cost centers are over budget YTD?,error,3.0,error code 502 from model gateway,03/14/2026 02:28:41 PM
r03-0000347,ssanchez@harwellinsurancegroup.com,[Headcount Planner] Check covenant compliance for the revolver,completed,44.1,"FP&A Feb variance was $2,100,546 vs plan",03/14/2026 08:16:36 AM
r03-0000348,pthompson@harwellinsurancegroup.com,[Vendor Spend Analyzer] Build the board deck cash slide for Apr,completed,10.0,"Treasury Apr variance was $3,166,309 vs plan",03/14/2026 06:37:41 PM
r03-0000349,ssanchez@harwellinsurancegroup.com,[Headcount Planner] Draft flux commentary for the Feb close,completed,61.7,"Ops Feb variance was $2,825,804 vs plan",03/14/2026 09:01:32 AM
r03-0000350,ssanchez@harwellinsurancegroup.com,[Board Deck Builder] What drove the change in gross margin this quarter?,completed,22.3,"Accounting Jan variance was $643,178 vs plan",03/14/2026 12:21:25 PM
r03-0000351,ssanchez@harwellinsurancegroup.com,[Vendor Spend Analyzer] Forecast Mar operating cash flow,completed,45.4,"Treasury Mar variance was $3,746,378 vs plan",03/14/2026 12:02:28 PM
r03-0000352,ssanchez@harwellinsurancegroup.com,[AP Aging Analyst] Which cost centers are over budget YTD?,completed,43.3,"Ops May variance was $705,138 vs plan",03/14/2026 09:28:23 AM
r03-0000353,ssanchez@harwellinsurancegroup.com,[Headcount Planner] Explain the headcount variance vs plan,completed,24.0,"Treasury May variance was $797,727 vs plan",03/15/2026 11:06:39 AM
r03-0000354,kharris@harwellinsurancegroup.com,[Flux Commentary] Build the board deck cash slide for Jun,completed,38.7,"FP&A Jun variance was $442,366 vs plan",03/15/2026 06:57:03 PM
r03-0000355,ssanchez@harwellinsurancegroup.com,[Revenue Recognizer] Why did Ops spend exceed budget in Feb?,completed,18.7,"Ops Feb variance was $3,947,100 vs plan",03/15/2026 12:56:09 PM
r03-0000356,ssanchez@harwellinsurancegroup.com,[Journal Entry Reviewer] Why did Ops spend exceed budget in Apr?,completed,34.5,"Ops Apr variance was $2,911,408 vs plan",03/15/2026 10:41:43 AM
r03-0000357,ssanchez@harwellinsurancegroup.com,[Budget vs Actual] Explain the headcount variance vs plan,completed,43.0,"Accounting Apr variance was $165,945 vs plan",03/15/2026 04:02:05 PM
r03-0000358,ssanchez@harwellinsurancegroup.com,[Variance Explainer] Summarize the Jan variance for entity MX-01,completed,66.8,"FP&A Jan variance was $517,411 vs plan",03/15/2026 09:04:07 AM
r03-0000359,agarcia@harwellinsurancegroup.com,[Journal Entry Reviewer] Draft flux commentary for the Jan close,completed,68.2,"Accounting Jan variance was $3,405,284 vs plan",03/15/2026 03:01:29 PM
r03-0000360,kjohnson@harwellinsurancegroup.com,[Flux Commentary] Draft flux commentary for the Feb close,error,2.4,FAILED: null reference in aggregation step,03/15/2026 09:01:12 AM
r03-0000361,lwhite@harwellinsurancegroup.com,[Cash Forecaster] Forecast May operating cash flow,completed,69.7,"FP&A May variance was $3,032,673 vs plan",03/15/2026 05:48:09 PM
r03-0000362,dlee@harwellinsurancegroup.com,[Journal Entry Reviewer] Which cost centers are over budget YTD?,completed,5.4,"Ops Feb variance was $3,213,461 vs plan",03/15/2026 10:50:07 AM
r03-0000363,lwhite@harwellinsurancegroup.com,[Variance Explainer] Explain the headcount variance vs plan,completed,34.3,"FP&A Apr variance was $4,672,558 vs plan",03/15/2026 11:56:50 AM
r03-0000364,ssanchez@harwellinsurancegroup.com,[Variance Explainer] Build the board deck cash slide for Jan,completed,39.1,"Treasury Jan variance was $3,011,981 vs plan",03/15/2026 04:17:22 PM
r03-0000365,ssanchez@harwellinsurancegroup.com,[Close Checklist Bot] Which cost centers are over budget YTD?,completed,12.6,"Treasury Feb variance was $1,760,429 vs plan",03/15/2026 05:58:48 PM
r03-0000366,ssanchez@harwellinsurancegroup.com,[Variance Explainer] Reconcile AP aging over 90 days for EU-04,completed,22.4,"Treasury May variance was $577,390 vs plan",03/15/2026 11:52:05 AM
r03-0000367,ssanchez@harwellinsurancegroup.com,[Flux Commentary] Which cost centers are over budget YTD?,completed,61.4,"Accounting Apr variance was $737,687 vs plan",03/15/2026 03:13:40 PM
r03-0000368,lmartin@harwellinsurancegroup.com,[Journal Entry Reviewer] Reconcile AP aging over 90 days for EU-06,completed,41.0,"Ops Jun variance was $2,465,406 vs plan",03/16/2026 12:10:02 PM
r03-0000369,ssanchez@harwellinsurancegroup.com,[Journal Entry Reviewer] Build the board deck cash slide for May,completed,9.6,"Ops May variance was $1,857,776 vs plan",03/16/2026 05:45:51 PM
r03-0000370,ssanchez@harwellinsurancegroup.com,[Journal Entry Reviewer] Explain the headcount variance vs plan,completed,0.6,FAILED: null reference in aggregation step,03/16/2026 04:06:07 PM
r03-0000371,kjohnson@harwellinsurancegroup.com,[Vendor Spend Analyzer] Explain the headcount variance vs plan,completed,35.7,"Treasury Jun variance was $1,325,056 vs plan",03/16/2026 12:52:55 PM
r03-0000372,ssanchez@harwellinsurancegroup.com,[Board Deck Builder] Why did Ops spend exceed budget in Mar?,completed,46.2,"Ops Mar variance was $3,873,406 vs plan",03/16/2026 02:48:19 PM
r03-0000373,kharris@harwellinsurancegroup.com,[Journal Entry Reviewer] Explain the headcount variance vs plan,completed,71.8,"Treasury Apr variance was $413,680 vs plan",03/16/2026 01:31:55 PM
r03-0000374,rthompson@harwellinsurancegroup.com,[Cash Forecaster] Forecast Jun operating cash flow,completed,70.0,"Ops Jun variance was $1,209,638 vs plan",03/16/2026 09:08:46 AM
r03-0000375,agarcia@harwellinsurancegroup.com,[Covenant Checker] Forecast May operating cash flow,completed,43.1,"Ops May variance was $4,303,809 vs plan",03/16/2026 02:10:22 PM
r03-0000376,jthompson@harwellinsurancegroup.com,[Covenant Checker] Reconcile AP aging over 90 days for US-05,completed,0.9,error: connection reset by peer,03/16/2026 02:58:15 PM
r03-0000377,kharris@harwellinsurancegroup.com,[Revenue Recognizer] Why did FP&A spend exceed budget in Mar?,completed,71.1,"FP&A Mar variance was $2,274,634 vs plan",03/16/2026 10:22:50 AM
r03-0000378,ssanchez@harwellinsurancegroup.com,[Cash Forecaster] What drove the change in gross margin this quarter?,completed,34.6,"Ops May variance was $1,369,401 vs plan",03/16/2026 06:16:19 PM
r03-0000379,ssanchez@harwellinsurancegroup.com,[Covenant Checker] Why did Accounting spend exceed budget in Mar?,completed,42.8,"Accounting Mar variance was $3,069,970 vs plan",03/16/2026 11:31:40 AM
r03-0000380,agarcia@harwellinsurancegroup.com,[Cash Forecaster] Explain the headcount variance vs plan,completed,27.3,"Treasury Jun variance was $2,418,856 vs plan",03/16/2026 05:26:12 PM
r03-0000381,lmartin@harwellinsurancegroup.com,[Budget vs Actual] Draft flux commentary for the Mar close,completed,72.3,"Accounting Mar variance was $337,984 vs plan",03/16/2026 05:10:58 PM
r03-0000382,lmartin@harwellinsurancegroup.com,[Variance Explainer] Which cost centers are over budget YTD?,completed,1.1,error code 502 from model gateway,03/16/2026 03:18:25 PM
r03-0000383,kharris@harwellinsurancegroup.com,[Budget vs Actual] Forecast May operating cash flow,completed,0.7,Traceback (most recent call last): KeyError 'entity',03/16/2026 12:26:45 PM
r03-0000384,kjohnson@harwellinsurancegroup.com,[Headcount Planner] Draft flux commentary for the Mar close,completed,8.7,"Treasury Mar variance was $4,588,210 vs plan",03/16/2026 08:10:17 AM
r03-0000385,kharris@harwellinsurancegroup.com,[Variance Explainer] Which cost centers are over budget YTD?,completed,17.9,"Ops Apr variance was $4,234,723 vs plan",03/16/2026 09:19:41 AM
r03-0000386,kharris@harwellinsurancegroup.com,[Cash Forecaster] Explain the headcount variance vs plan,completed,49.2,"Accounting Jan variance was $2,772,811 vs plan",03/16/2026 08:02:03 AM
r03-0000387,ssanchez@harwellinsurancegroup.com,[Revenue Recognizer] Draft flux commentary for the Apr close,completed,61.7,"FP&A Apr variance was $4,235,419 vs plan",03/16/2026 10:33:38 AM
r03-0000388,lwhite@harwellinsurancegroup.com,[Headcount Planner] Build the board deck cash slide for Apr,completed,25.5,"Treasury Apr variance was $4,330,376 vs plan",03/16/2026 04:34:55 PM
r03-0000389,jjones@harwellinsurancegroup.com,[Revenue Recognizer] Why did Ops spend exceed budget in Jan?,completed,12.3,"Ops Jan variance was $1,907,447 vs plan",03/16/2026 11:18:03 AM
r03-0000390,mmiller@harwellinsurancegroup.com,[Cash Forecaster] Summarize the Feb variance for entity US-07,completed,30.8,"FP&A Feb variance was $566,268 vs plan",03/16/2026 12:35:10 PM
r03-0000391,ssanchez@harwellinsurancegroup.com,[Close Checklist Bot] Check covenant compliance for the revolver,completed,21.7,"Accounting May variance was $3,129,926 vs plan",03/16/2026 02:09:21 PM
r03-0000392,kharris@harwellinsurancegroup.com,[Board Deck Builder] Build the board deck cash slide for May,completed,30.0,"Treasury May variance was $276,224 vs plan",03/17/2026 11:40:53 AM
r03-0000393,ssanchez@harwellinsurancegroup.com,[Headcount Planner] Check covenant compliance for the revolver,completed,18.3,"Treasury Feb variance was $1,789,278 vs plan",03/17/2026 03:51:31 PM
r03-0000394,dthompson@harwellinsurancegroup.com,[Flux Commentary] Why did Accounting spend exceed budget in May?,completed,25.2,"Accounting May variance was $4,125,418 vs plan",03/17/2026 05:00:54 PM
r03-0000395,ssanchez@harwellinsurancegroup.com,[Budget vs Actual] Check covenant compliance for the revolver,error,2.1,FAILED: null reference in aggregation step,03/17/2026 01:27:12 PM
r03-0000396,ssanchez@harwellinsurancegroup.com,[Close Checklist Bot] Build the board deck cash slide for Apr,completed,9.3,"FP&A Apr variance was $4,017,018 vs plan",03/17/2026 02:27:57 PM
r03-0000397,kharris@harwellinsurancegroup.com,[Revenue Recognizer] Reconcile AP aging over 90 days for EU-07,completed,63.4,"Treasury Apr variance was $4,364,751 vs plan",03/17/2026 11:02:18 AM
r03-0000398,ssanchez@harwellinsurancegroup.com,[Cash Forecaster] Draft flux commentary for the May close,completed,0.3,Traceback (most recent call last): KeyError 'entity',03/17/2026 05:18:03 PM
r03-0000399,dthompson@harwellinsurancegroup.com,[Board Deck Builder] Summarize the Mar variance for entity CA-04,completed,5.9,"Accounting Mar variance was $4,051,744 vs plan",03/17/2026 12:29:55 PM
r03-0000400,ssanchez@harwellinsurancegroup.com,[Covenant Checker] Which cost centers are over budget YTD?,completed,66.9,"FP&A Feb variance was $1,717,343 vs plan",03/17/2026 11:32:16 AM
r03-0000401,ssanchez@harwellinsurancegroup.com,[Cash Forecaster] Check covenant compliance for the revolver,completed,9.0,"Accounting May variance was $946,122 vs plan",03/17/2026 01:45:24 PM
r03-0000402,ssanchez@harwellinsurancegroup.com,[Board Deck Builder] Check covenant compliance for the revolver,completed,10.9,"FP&A Jan variance was $4,156,672 vs plan",03/17/2026 10:24:27 AM
r03-0000403,mrobinson@harwellinsurancegroup.com,[Variance Explainer] Reconcile AP aging over 90 days for US-09,completed,28.4,"FP&A Apr variance was $3,888,364 vs plan",03/17/2026 01:51:16 PM
r03-0000404,ssanchez@harwellinsurancegroup.com,[Variance Explainer] Explain the headcount variance vs plan,completed,62.8,"Treasury Jan variance was $237,215 vs plan",03/17/2026 01:44:12 PM
r03-0000405,kjohnson@harwellinsurancegroup.com,[Covenant Checker] Reconcile AP aging over 90 days for MX-08,completed,5.4,"Accounting Apr variance was $4,643,038 vs plan",03/17/2026 10:05:51 AM
r03-0000406,lmartin@harwellinsurancegroup.com,[Revenue Recognizer] Explain the headcount variance vs plan,completed,5.9,"Ops May variance was $4,737,481 vs plan",03/17/2026 12:51:04 PM
r03-0000407,ssanchez@harwellinsurancegroup.com,[Flux Commentary] What drove the change in gross margin this quarter?,error,3.9,FAILED: null reference in aggregation step,03/17/2026 05:27:24 PM
r03-0000408,ssanchez@harwellinsurancegroup.com,[AP Aging Analyst] Explain the headcount variance vs plan,completed,61.7,"FP&A Jun variance was $2,043,962 vs plan",03/17/2026 08:21:31 AM
r03-0000409,ssanchez@harwellinsurancegroup.com,[Headcount Planner] Explain the headcount variance vs plan,completed,46.7,"Ops Apr variance was $4,655,841 vs plan",03/17/2026 04:12:42 PM
r03-0000410,pthompson@harwellinsurancegroup.com,[Vendor Spend Analyzer] What drove the change in gross margin this quarter?,completed,29.6,"Treasury Jun variance was $2,671,750 vs plan",03/17/2026 02:50:25 PM
r03-0000411,kjohnson@harwellinsurancegroup.com,[Close Checklist Bot] Build the board deck cash slide for Jun,completed,55.0,"Accounting Jun variance was $4,002,747 vs plan",03/17/2026 12:07:25 PM
r03-0000412,thaddad@harwellinsurancegroup.com,[Budget vs Actual] Explain the headcount variance vs plan,completed,19.5,"Accounting Jan variance was $2,100,370 vs plan",03/17/2026 09:50:57 AM
r03-0000413,bwilliams@harwellinsurancegroup.com,[Close Checklist Bot] Forecast Feb operating cash flow,completed,66.3,"Accounting Feb variance was $3,729,152 vs plan",03/17/2026 03:57:42 PM
r03-0000414,mrobinson@harwellinsurancegroup.com,[Covenant Checker] Which cost centers are over budget YTD?,completed,37.4,"FP&A Apr variance was $1,453,346 vs plan",03/17/2026 02:07:53 PM
r03-0000415,ssanchez@harwellinsurancegroup.com,[Board Deck Builder] Draft flux commentary for the Mar close,error,5.5,FAILED: null reference in aggregation step,03/17/2026 11:25:21 AM
r03-0000416,ssanchez@harwellinsurancegroup.com,[Vendor Spend Analyzer] Check covenant compliance for the revolver,completed,21.8,"FP&A Jun variance was $3,005,814 vs plan",03/17/2026 12:23:31 PM
r03-0000417,jjones@harwellinsurancegroup.com,[Board Deck Builder] Explain the headcount variance vs plan,completed,10.1,"Accounting Feb variance was $3,592,113 vs plan",03/17/2026 08:43:18 AM
r03-0000418,lmartin@harwellinsurancegroup.com,[Cash Forecaster] Draft flux commentary for the Jan close,completed,6.9,"Accounting Jan variance was $4,307,301 vs plan",03/17/2026 06:21:03 PM
r03-0000419,kharris@harwellinsurancegroup.com,[Cash Forecaster] Draft flux commentary for the Apr close,completed,23.7,"Ops Apr variance was $2,764,982 vs plan",03/17/2026 12:22:29 PM
r03-0000420,ssanchez@harwellinsurancegroup.com,[Journal Entry Reviewer] Forecast Apr operating cash flow,completed,25.1,"FP&A Apr variance was $2,205,908 vs plan",03/17/2026 05:50:20 PM
r03-0000421,kharris@harwellinsurancegroup.com,[Board Deck Builder] Summarize the May variance for entity CA-09,completed,35.1,"FP&A May variance was $3,451,418 vs plan",03/17/2026 10:36:50 AM
r03-0000422,jjones@harwellinsurancegroup.com,[Revenue Recognizer] Draft flux commentary for the Apr close,completed,42.0,"Treasury Apr variance was $990,688 vs plan",03/17/2026 02:43:17 PM
r03-0000423,jjones@harwellinsurancegroup.com,[Headcount Planner] What drove the change in gross margin this quarter?,completed,72.0,"Treasury Jan variance was $4,402,747 vs plan",03/18/2026 08:44:25 AM
r03-0000424,kharris@harwellinsurancegroup.com,[Journal Entry Reviewer] Which cost centers are over budget YTD?,completed,58.5,"FP&A Mar variance was $553,891 vs plan",03/18/2026 03:17:46 PM
r03-0000425,kjohnson@harwellinsurancegroup.com,[Headcount Planner] Which cost centers are over budget YTD?,completed,1.0,FAILED: null reference in aggregation step,03/18/2026 11:15:03 AM
r03-0000426,kharris@harwellinsurancegroup.com,[Revenue Recognizer] Explain the headcount variance vs plan,completed,19.7,"FP&A Jun variance was $3,607,202 vs plan",03/18/2026 06:27:14 PM
r03-0000427,ssanchez@harwellinsurancegroup.com,[Cash Forecaster] Why did FP&A spend exceed budget in Jan?,completed,9.7,"FP&A Jan variance was $126,317 vs plan",03/18/2026 10:19:50 AM
r03-0000428,ssanchez@harwellinsurancegroup.com,[Journal Entry Reviewer] Forecast Jan operating cash flow,completed,9.7,"Ops Jan variance was $936,809 vs plan",03/18/2026 01:33:48 PM
r03-0000429,kharris@harwellinsurancegroup.com,[Revenue Recognizer] Summarize the Mar variance for entity CA-05,completed,1.2,error: connection reset by peer,03/18/2026 10:56:16 AM
r03-0000430,ssanchez@harwellinsurancegroup.com,[Close Checklist Bot] Summarize the Jan variance for entity CA-03,completed,13.3,"Ops Jan variance was $202,163 vs plan",03/18/2026 01:20:31 PM
r03-0000431,dlee@harwellinsurancegroup.com,[AP Aging Analyst] Which cost centers are over budget YTD?,completed,44.2,"FP&A Feb variance was $3,688,321 vs plan",03/18/2026 09:39:21 AM
r03-0000432,ssanchez@harwellinsurancegroup.com,[Board Deck Builder] What drove the change in gross margin this quarter?,completed,28.2,"Treasury Mar variance was $625,592 vs plan",03/18/2026 12:32:38 PM
r03-0000433,lmartin@harwellinsurancegroup.com,[Flux Commentary] Reconcile AP aging over 90 days for EU-04,completed,64.7,"Accounting Feb variance was $4,100,114 vs plan",03/18/2026 08:29:17 AM
r03-0000434,ssanchez@harwellinsurancegroup.com,[Journal Entry Reviewer] Explain the headcount variance vs plan,completed,7.5,"Accounting May variance was $1,869,689 vs plan",03/18/2026 02:26:29 PM
r03-0000435,kharris@harwellinsurancegroup.com,[Board Deck Builder] Forecast Jun operating cash flow,error,5.1,FAILED: null reference in aggregation step,03/18/2026 02:46:38 PM
r03-0000436,kharris@harwellinsurancegroup.com,[Journal Entry Reviewer] Why did Ops spend exceed budget in Apr?,completed,0.2,FAILED: null reference in aggregation step,03/18/2026 01:49:13 PM
r03-0000437,ssanchez@harwellinsurancegroup.com,[Flux Commentary] Build the board deck cash slide for Apr,completed,73.8,"Ops Apr variance was $2,204,132 vs plan",03/18/2026 01:53:46 PM
r03-0000438,ssanchez@harwellinsurancegroup.com,[Board Deck Builder] Check covenant compliance for the revolver,completed,1.7,error: connection reset by peer,03/18/2026 04:33:33 PM
r03-0000439,ssanchez@harwellinsurancegroup.com,[Close Checklist Bot] Draft flux commentary for the Apr close,completed,13.8,"Accounting Apr variance was $1,054,601 vs plan",03/19/2026 11:21:12 AM
r03-0000440,phaddad@harwellinsurancegroup.com,[Covenant Checker] Which cost centers are over budget YTD?,completed,48.4,"Accounting Jan variance was $4,648,611 vs plan",03/19/2026 07:28:27 AM
r03-0000441,kharris@harwellinsurancegroup.com,[Flux Commentary] Summarize the Jun variance for entity EU-08,completed,1.6,error: connection reset by peer,03/19/2026 05:41:46 PM
r03-0000442,ssanchez@harwellinsurancegroup.com,[Close Checklist Bot] Build the board deck cash slide for Apr,error,4.4,error: connection reset by peer,03/19/2026 02:41:23 PM
r03-0000443,kjohnson@harwellinsurancegroup.com,[Revenue Recognizer] Explain the headcount variance vs plan,completed,37.6,"Ops Jan variance was $1,922,087 vs plan",03/19/2026 04:53:40 PM
r03-0000444,ssanchez@harwellinsurancegroup.com,[AP Aging Analyst] Reconcile AP aging over 90 days for MX-03,completed,48.4,"FP&A Jan variance was $2,399,004 vs plan",03/19/2026 10:35:53 AM
r03-0000445,ssanchez@harwellinsurancegroup.com,[AP Aging Analyst] Draft flux commentary for the Apr close,completed,55.9,"Ops Apr variance was $2,894,525 vs plan",03/19/2026 02:16:34 PM
r03-0000446,ssanchez@harwellinsurancegroup.com,[Budget vs Actual] Forecast Jan operating cash flow,completed,52.5,"Accounting Jan variance was $3,874,545 vs plan",03/19/2026 10:35:47 AM
r03-0000447,ssanchez@harwellinsurancegroup.com,[Vendor Spend Analyzer] What drove the change in gross margin this quarter?,completed,1.0,Traceback (most recent call last): KeyError 'entity',03/19/2026 04:20:11 PM
r03-0000448,ssanchez@harwellinsurancegroup.com,[Revenue Recognizer] Summarize the Jan variance for entity MX-07,completed,62.9,"FP&A Jan variance was $961,226 vs plan",03/19/2026 01:25:09 PM
r03-0000449,ssanchez@harwellinsurancegroup.com,[Close Checklist Bot] Reconcile AP aging over 90 days for EU-08,error,4.3,FAILED: null reference in aggregation step,03/19/2026 10:47:12 AM
r03-0000450,alewis@harwellinsurancegroup.com,[Flux Commentary] Reconcile AP aging over 90 days for EU-02,completed,15.5,"Accounting Jun variance was $1,486,288 vs plan",03/19/2026 12:52:50 PM
r03-0000451,kharris@harwellinsurancegroup.com,[Revenue Recognizer] What drove the change in gross margin this quarter?,completed,46.8,"Accounting Apr variance was $2,575,175 vs plan",03/19/2026 02:09:08 PM
r03-0000452,ssanchez@harwellinsurancegroup.com,[Revenue Recognizer] Which cost centers are over budget YTD?,completed,33.8,"Treasury Feb variance was $368,858 vs plan",03/19/2026 04:44:52 PM
r03-0000453,rthompson@harwellinsurancegroup.com,[Board Deck Builder] Forecast Apr operating cash flow,completed,7.0,"Treasury Apr variance was $3,377,401 vs plan",03/19/2026 09:12:34 AM
r03-0000454,ssanchez@harwellinsurancegroup.com,[Revenue Recognizer] Summarize the May variance for entity US-05,completed,61.2,"FP&A May variance was $1,053,183 vs plan",03/19/2026 12:50:08 PM
r03-0000455,ssanchez@harwellinsurancegroup.com,[Cash Forecaster] Which cost centers are over budget YTD?,completed,73.4,"Treasury Feb variance was $4,385,850 vs plan",03/19/2026 06:18:40 PM
r03-0000456,jjones@harwellinsurancegroup.com,[Board Deck Builder] Check covenant compliance for the revolver,completed,25.6,"FP&A Jun variance was $1,463,999 vs plan",03/19/2026 04:46:58 PM
r03-0000457,ssanchez@harwellinsurancegroup.com,[Flux Commentary] Draft flux commentary for the Mar close,completed,56.5,"FP&A Mar variance was $3,515,960 vs plan",03/19/2026 03:04:50 PM
r03-0000458,ssanchez@harwellinsurancegroup.com,[Variance Explainer] Why did Treasury spend exceed budget in Jun?,completed,37.8,"Treasury Jun variance was $2,796,660 vs plan",03/19/2026 07:36:50 AM
r03-0000459,jthompson@harwellinsurancegroup.com,[Headcount Planner] Draft flux commentary for the Feb close,completed,56.2,"FP&A Feb variance was $4,124,104 vs plan",03/20/2026 11:59:50 AM
r03-0000460,ssanchez@harwellinsurancegroup.com,[Vendor Spend Analyzer] Forecast Mar operating cash flow,completed,14.9,"FP&A Mar variance was $3,351,004 vs plan",03/20/2026 11:08:15 AM
r03-0000461,ssanchez@harwellinsurancegroup.com,[Covenant Checker] Explain the headcount variance vs plan,completed,53.5,"Ops Jun variance was $1,852,167 vs plan",03/20/2026 06:33:06 PM
r03-0000462,ssanchez@harwellinsurancegroup.com,[Revenue Recognizer] Reconcile AP aging over 90 days for CA-01,completed,28.2,"Ops Jan variance was $4,345,786 vs plan",03/20/2026 09:40:58 AM
r03-0000463,mrobinson@harwellinsurancegroup.com,[AP Aging Analyst] Build the board deck cash slide for Feb,error,1.3,ERROR: upstream request timed out,03/20/2026 04:07:40 PM
r03-0000464,mrobinson@harwellinsurancegroup.com,[Covenant Checker] Explain the headcount variance vs plan,completed,45.7,"Treasury Feb variance was $870,845 vs plan",03/20/2026 05:09:14 PM
r03-0000465,ssanchez@harwellinsurancegroup.com,[Revenue Recognizer] Reconcile AP aging over 90 days for CA-01,completed,13.7,"Treasury Apr variance was $1,385,343 vs plan",03/20/2026 01:09:52 PM
r03-0000466,ssanchez@harwellinsurancegroup.com,[AP Aging Analyst] Explain the headcount variance vs plan,completed,18.5,"Treasury Jun variance was $2,584,304 vs plan",03/20/2026 12:16:29 PM
r03-0000467,ssanchez@harwellinsurancegroup.com,[AP Aging Analyst] Build the board deck cash slide for Jan,completed,7.4,"Accounting Jan variance was $3,536,754 vs plan",03/20/2026 10:42:50 AM
r03-0000468,agarcia@harwellinsurancegroup.com,[Cash Forecaster] Reconcile AP aging over 90 days for US-06,completed,13.2,"Treasury Jan variance was $418,363 vs plan",03/20/2026 06:13:20 AM
r03-0000469,kharris@harwellinsurancegroup.com,[Covenant Checker] Build the board deck cash slide for Feb,error,2.9,error: connection reset by peer,03/20/2026 07:55:42 AM
r03-0000470,agarcia@harwellinsurancegroup.com,[Cash Forecaster] Explain the headcount variance vs plan,error,1.0,FAILED: null reference in aggregation step,03/20/2026 12:59:24 PM
r03-0000471,ssanchez@harwellinsurancegroup.com,[Vendor Spend Analyzer] Draft flux commentary for the Mar close,completed,15.3,"Accounting Mar variance was $3,687,341 vs plan",03/20/2026 01:24:03 PM
r03-0000472,mrobinson@harwellinsurancegroup.com,[Budget vs Actual] Build the board deck cash slide for Apr,completed,62.0,"Ops Apr variance was $2,712,964 vs plan",03/20/2026 07:49:35 AM
r03-0000473,kharris@harwellinsurancegroup.com,[Revenue Recognizer] Summarize the Jan variance for entity EU-09,completed,30.2,"Accounting Jan variance was $2,774,275 vs plan",03/20/2026 03:58:33 PM
r03-0000474,jthompson@harwellinsurancegroup.com,[Budget vs Actual] Which cost centers are over budget YTD?,completed,49.0,"Ops May variance was $1,106,361 vs plan",03/20/2026 03:59:06 PM
r03-0000475,ssanchez@harwellinsurancegroup.com,[Budget vs Actual] Reconcile AP aging over 90 days for MX-01,completed,23.5,"Accounting Jun variance was $129,769 vs plan",03/20/2026 09:08:50 AM
r03-0000476,agarcia@harwellinsurancegroup.com,[Budget vs Actual] Forecast Apr operating cash flow,completed,33.4,"Ops Apr variance was $2,395,423 vs plan",03/20/2026 03:16:17 PM
r03-0000477,kharris@harwellinsurancegroup.com,[AP Aging Analyst] Build the board deck cash slide for Jun,completed,8.3,"Accounting Jun variance was $468,906 vs plan",03/20/2026 07:50:20 PM
r03-0000478,jwalker@harwellinsurancegroup.com,[Revenue Recognizer] Summarize the Jun variance for entity CA-09,completed,25.8,"Ops Jun variance was $532,312 vs plan",03/20/2026 10:12:17 AM
r03-0000479,ssanchez@harwellinsurancegroup.com,[AP Aging Analyst] Draft flux commentary for the May close,completed,65.9,"FP&A May variance was $1,842,753 vs plan",03/20/2026 06:56:11 PM
r03-0000480,mrobinson@harwellinsurancegroup.com,[Budget vs Actual] Explain the headcount variance vs plan,completed,74.8,"Ops May variance was $2,107,757 vs plan",03/20/2026 12:36:41 PM
r03-0000481,ssanchez@harwellinsurancegroup.com,[Board Deck Builder] Draft flux commentary for the Feb close,completed,0.5,ERROR: upstream request timed out,03/20/2026 04:28:55 PM
r03-0000482,ssanchez@harwellinsurancegroup.com,[Revenue Recognizer] Why did Ops spend exceed budget in Mar?,completed,59.8,"Ops Mar variance was $3,053,681 vs plan",03/20/2026 01:26:14 PM
r03-0000483,ssanchez@harwellinsurancegroup.com,[Revenue Recognizer] Build the board deck cash slide for Jan,completed,68.1,"Accounting Jan variance was $3,370,737 vs plan",03/20/2026 04:09:48 PM
r03-0000484,ssanchez@harwellinsurancegroup.com,[Journal Entry Reviewer] Summarize the Jan variance for entity US-03,completed,74.3,"Treasury Jan variance was $2,679,158 vs plan",03/20/2026 09:55:34 AM
r03-0000485,ssanchez@harwellinsurancegroup.com,[Journal Entry Reviewer] Check covenant compliance for the revolver,completed,54.9,"Ops Mar variance was $2,082,416 vs plan",03/20/2026 01:00:47 PM
r03-0000486,kharris@harwellinsurancegroup.com,[Journal Entry Reviewer] Reconcile AP aging over 90 days for CA-07,completed,57.8,"Treasury Mar variance was $3,342,229 vs plan",03/20/2026 10:11:11 AM
r03-0000487,ssanchez@harwellinsurancegroup.com,[Journal Entry Reviewer] Check covenant compliance for the revolver,completed,64.5,"FP&A Feb variance was $3,269,815 vs plan",03/20/2026 10:38:31 AM
r03-0000488,ssanchez@harwellinsurancegroup.com,[Cash Forecaster] Reconcile AP aging over 90 days for US-05,completed,65.2,"Ops Jun variance was $3,299,927 vs plan",03/21/2026 09:13:20 AM
r03-0000489,lmartin@harwellinsurancegroup.com,[Journal Entry Reviewer] Explain the headcount variance vs plan,completed,20.1,"Accounting May variance was $244,085 vs plan",03/21/2026 07:49:00 PM
r03-0000490,kjohnson@harwellinsurancegroup.com,[Revenue Recognizer] Forecast Mar operating cash flow,completed,1.3,ERROR: upstream request timed out,03/21/2026 03:32:55 PM
r03-0000491,ssanchez@harwellinsurancegroup.com,[AP Aging Analyst] What drove the change in gross margin this quarter?,completed,8.6,"Accounting Jun variance was $3,360,517 vs plan",03/21/2026 07:03:01 AM
r03-0000492,kjohnson@harwellinsurancegroup.com,[Headcount Planner] Build the board deck cash slide for Feb,completed,21.0,"Ops Feb variance was $3,191,622 vs plan",03/21/2026 12:54:12 PM
r03-0000493,ssanchez@harwellinsurancegroup.com,[AP Aging Analyst] Why did FP&A spend exceed budget in Jun?,completed,49.9,"FP&A Jun variance was $1,873,766 vs plan",03/21/2026 10:14:50 AM
r03-0000494,ssanchez@harwellinsurancegroup.com,[Variance Explainer] Reconcile AP aging over 90 days for CA-02,completed,54.1,"Treasury Jun variance was $3,260,207 vs plan",03/21/2026 09:36:38 AM
r03-0000495,agarcia@harwellinsurancegroup.com,[Cash Forecaster] What drove the change in gross margin this quarter?,completed,1.4,FAILED: null reference in aggregation step,03/21/2026 01:27:54 PM
r03-0000496,ssanchez@harwellinsurancegroup.com,[Variance Explainer] Draft flux commentary for the Feb close,completed,65.3,"Accounting Feb variance was $633,498 vs plan",03/21/2026 01:21:06 PM
r03-0000497,ssanchez@harwellinsurancegroup.com,[Variance Explainer] Build the board deck cash slide for Feb,completed,20.7,"Treasury Feb variance was $3,009,494 vs plan",03/21/2026 11:10:27 AM
r03-0000498,mrobinson@harwellinsurancegroup.com,[Variance Explainer] Draft flux commentary for the May close,completed,68.1,"Accounting May variance was $4,282,909 vs plan",03/21/2026 01:29:46 PM
r03-0000499,ssanchez@harwellinsurancegroup.com,[Vendor Spend Analyzer] Forecast Jun operating cash flow,error,2.5,error code 502 from model gateway,03/22/2026 10:56:51 AM
r03-0000500,ssanchez@harwellinsurancegroup.com,[Headcount Planner] Draft flux commentary for the Feb close,completed,54.1,"Ops Feb variance was $2,689,176 vs plan",03/22/2026 11:02:27 AM
r03-0000501,kjohnson@harwellinsurancegroup.com,[Revenue Recognizer] Draft flux commentary for the Apr close,completed,56.4,"FP&A Apr variance was $3,230,584 vs plan",03/22/2026 12:54:10 PM
r03-0000502,lmartin@harwellinsurancegroup.com,[Board Deck Builder] Build the board deck cash slide for Feb,completed,73.9,"Ops Feb variance was $3,276,718 vs plan",03/22/2026 12:54:28 PM
r03-0000503,ssanchez@harwellinsurancegroup.com,[Headcount Planner] Build the board deck cash slide for Jan,completed,19.1,"Accounting Jan variance was $3,661,977 vs plan",03/22/2026 01:58:20 PM
r03-0000504,ssanchez@harwellinsurancegroup.com,[Cash Forecaster] What drove the change in gross margin this quarter?,completed,11.4,"FP&A May variance was $3,528,189 vs plan",03/22/2026 11:40:00 AM
r03-0000505,jwalker@harwellinsurancegroup.com,[Vendor Spend Analyzer] Summarize the Jan variance for entity CA-04,completed,16.7,"Treasury Jan variance was $134,679 vs plan",03/22/2026 10:10:34 AM
r03-0000506,ssanchez@harwellinsurancegroup.com,[Revenue Recognizer] Which cost centers are over budget YTD?,completed,25.0,"Ops Apr variance was $2,154,599 vs plan",03/22/2026 10:32:12 AM
r03-0000507,ssanchez@harwellinsurancegroup.com,[Vendor Spend Analyzer] Why did Ops spend exceed budget in Apr?,completed,7.4,"Ops Apr variance was $1,120,435 vs plan",03/22/2026 09:11:49 PM
r03-0000508,ssanchez@harwellinsurancegroup.com,[AP Aging Analyst] Which cost centers are over budget YTD?,completed,3.8,"Accounting Mar variance was $2,854,088 vs plan",03/22/2026 10:25:14 AM
r03-0000509,ssanchez@harwellinsurancegroup.com,[Flux Commentary] Reconcile AP aging over 90 days for EU-08,completed,11.2,"Accounting Jan variance was $4,269,849 vs plan",03/22/2026 02:02:13 PM
r03-0000510,agarcia@harwellinsurancegroup.com,[Headcount Planner] What drove the change in gross margin this quarter?,completed,50.0,"Ops Feb variance was $94,955 vs plan",03/23/2026 11:05:38 AM
r03-0000511,ssanchez@harwellinsurancegroup.com,[Cash Forecaster] Summarize the Jun variance for entity MX-04,completed,43.7,"Accounting Jun variance was $4,462,372 vs plan",03/23/2026 10:44:40 AM
r03-0000512,ssanchez@harwellinsurancegroup.com,[Covenant Checker] Build the board deck cash slide for May,completed,19.3,"FP&A May variance was $3,552,088 vs plan",03/23/2026 02:03:37 PM
r03-0000513,ssanchez@harwellinsurancegroup.com,[Cash Forecaster] Explain the headcount variance vs plan,completed,29.8,"Ops Apr variance was $3,970,048 vs plan",03/23/2026 07:08:04 AM
r03-0000514,kharris@harwellinsurancegroup.com,[Flux Commentary] Why did Ops spend exceed budget in Apr?,completed,56.0,"Ops Apr variance was $413,896 vs plan",03/23/2026 12:12:52 PM
r03-0000515,mmiller@harwellinsurancegroup.com,[Variance Explainer] Forecast Jan operating cash flow,completed,74.9,"Accounting Jan variance was $2,167,514 vs plan",03/23/2026 02:08:19 PM
r03-0000516,agarcia@harwellinsurancegroup.com,[Flux Commentary] Explain the headcount variance vs plan,completed,68.3,"Treasury Apr variance was $2,443,329 vs plan",03/23/2026 05:04:19 PM
r03-0000517,lwhite@harwellinsurancegroup.com,[Budget vs Actual] What drove the change in gross margin this quarter?,completed,74.0,"Ops Apr variance was $3,777,201 vs plan",03/23/2026 12:48:52 PM
r03-0000518,lwhite@harwellinsurancegroup.com,[Budget vs Actual] Reconcile AP aging over 90 days for MX-08,completed,46.9,"FP&A Feb variance was $909,421 vs plan",03/23/2026 09:37:49 AM
r03-0000519,ssanchez@harwellinsurancegroup.com,[Close Checklist Bot] Reconcile AP aging over 90 days for US-03,completed,67.1,"Treasury May variance was $284,478 vs plan",03/23/2026 02:29:12 PM
r03-0000520,mramirez@harwellinsurancegroup.com,[Cash Forecaster] Check covenant compliance for the revolver,completed,55.8,"Treasury May variance was $603,162 vs plan",03/23/2026 01:50:32 PM
r03-0000521,kharris@harwellinsurancegroup.com,[Close Checklist Bot] Reconcile AP aging over 90 days for EU-08,completed,73.3,"Accounting Jun variance was $4,520,767 vs plan",03/23/2026 10:47:09 AM
r03-0000522,ssanchez@harwellinsurancegroup.com,[Cash Forecaster] Summarize the Apr variance for entity CA-02,completed,26.3,"FP&A Apr variance was $3,802,224 vs plan",03/23/2026 07:27:41 AM
r03-0000523,ssanchez@harwellinsurancegroup.com,[Close Checklist Bot] What drove the change in gross margin this quarter?,completed,27.2,"FP&A Feb variance was $2,902,763 vs plan",03/23/2026 11:23:58 AM
r03-0000524,ssanchez@harwellinsurancegroup.com,[Vendor Spend Analyzer] Explain the headcount variance vs plan,completed,48.7,"Ops Apr variance was $1,887,444 vs plan",03/23/2026 02:01:01 PM
r03-0000525,ssanchez@harwellinsurancegroup.com,[Budget vs Actual] Summarize the Jan variance for entity MX-07,completed,26.6,"Accounting Jan variance was $1,376,909 vs plan",03/23/2026 09:51:59 AM
r03-0000526,ssanchez@harwellinsurancegroup.com,[Close Checklist Bot] Which cost centers are over budget YTD?,completed,49.1,"Accounting Feb variance was $1,037,084 vs plan",03/23/2026 04:07:03 PM
r03-0000527,kjohnson@harwellinsurancegroup.com,[AP Aging Analyst] Forecast Mar operating cash flow,error,2.3,error code 502 from model gateway,03/23/2026 10:01:49 AM
r03-0000528,lwhite@harwellinsurancegroup.com,[AP Aging Analyst] What drove the change in gross margin this quarter?,completed,44.2,"Treasury May variance was $3,162,189 vs plan",03/23/2026 01:12:20 PM
r03-0000529,ssanchez@harwellinsurancegroup.com,[Revenue Recognizer] Build the board deck cash slide for Mar,completed,60.1,"Treasury Mar variance was $612,056 vs plan",03/23/2026 08:53:43 AM
r03-0000530,kjohnson@harwellinsurancegroup.com,[Revenue Recognizer] Draft flux commentary for the Jun close,completed,21.9,"FP&A Jun variance was $309,036 vs plan",03/23/2026 11:12:09 AM
r03-0000531,ssanchez@harwellinsurancegroup.com,[Journal Entry Reviewer] Reconcile AP aging over 90 days for US-04,error,5.1,ERROR: upstream request timed out,03/23/2026 03:55:49 PM
r03-0000532,ssanchez@harwellinsurancegroup.com,[Cash Forecaster] Why did Ops spend exceed budget in Jun?,completed,1.2,ERROR: upstream request timed out,03/23/2026 11:22:35 PM
r03-0000533,kjohnson@harwellinsurancegroup.com,[Revenue Recognizer] Forecast May operating cash flow,completed,65.2,"Treasury May variance was $3,592,872 vs plan",03/24/2026 11:24:36 AM
r03-0000534,ssanchez@harwellinsurancegroup.com,[Cash Forecaster] Build the board deck cash slide for Mar,completed,39.3,"FP&A Mar variance was $3,201,952 vs plan",03/24/2026 02:57:37 PM
r03-0000535,ssanchez@harwellinsurancegroup.com,[Variance Explainer] What drove the change in gross margin this quarter?,completed,15.0,"Treasury Jun variance was $3,796,158 vs plan",03/24/2026 01:07:27 PM
r03-0000536,kharris@harwellinsurancegroup.com,[Variance Explainer] Why did Accounting spend exceed budget in Jun?,completed,27.7,"Accounting Jun variance was $2,219,271 vs plan",03/24/2026 04:44:00 PM
r03-0000537,ssanchez@harwellinsurancegroup.com,[Flux Commentary] Build the board deck cash slide for Jun,completed,15.0,"Treasury Jun variance was $2,578,474 vs plan",03/24/2026 03:48:58 PM
r03-0000538,ssanchez@harwellinsurancegroup.com,[Journal Entry Reviewer] Why did Ops spend exceed budget in May?,completed,23.0,"Ops May variance was $2,387,582 vs plan",03/24/2026 11:59:59 AM
r03-0000539,mrobinson@harwellinsurancegroup.com,[Flux Commentary] Summarize the Apr variance for entity EU-06,completed,57.3,"Ops Apr variance was $4,135,665 vs plan",03/24/2026 02:58:50 PM
r03-0000540,kharris@harwellinsurancegroup.com,[Headcount Planner] Build the board deck cash slide for Jun,completed,14.9,"FP&A Jun variance was $920,107 vs plan",03/24/2026 01:45:57 PM
r03-0000541,lmartin@harwellinsurancegroup.com,[Variance Explainer] Build the board deck cash slide for Mar,completed,50.7,"Treasury Mar variance was $1,183,225 vs plan",03/24/2026 11:15:55 AM
r03-0000542,agarcia@harwellinsurancegroup.com,[Variance Explainer] Forecast Feb operating cash flow,completed,33.1,"FP&A Feb variance was $2,411,765 vs plan",03/24/2026 01:38:39 PM
r03-0000543,mramirez@harwellinsurancegroup.com,[Cash Forecaster] Reconcile AP aging over 90 days for CA-07,error,5.5,error code 502 from model gateway,03/24/2026 02:28:24 PM
r03-0000544,kharris@harwellinsurancegroup.com,[Variance Explainer] Forecast May operating cash flow,completed,10.9,"Treasury May variance was $2,274,747 vs plan",03/24/2026 11:42:54 AM
r03-0000545,kharris@harwellinsurancegroup.com,[Covenant Checker] Summarize the Mar variance for entity CA-07,completed,63.3,"Ops Mar variance was $270,039 vs plan",03/24/2026 03:25:38 PM
r03-0000546,kharris@harwellinsurancegroup.com,[Budget vs Actual] Summarize the Mar variance for entity US-07,completed,24.4,"Ops Mar variance was $185,495 vs plan",03/24/2026 10:18:29 AM
r03-0000547,rmartinez@harwellinsurancegroup.com,[Covenant Checker] Explain the headcount variance vs plan,completed,70.1,"FP&A Apr variance was $4,311,240 vs plan",03/24/2026 12:02:38 PM
r03-0000548,lwhite@harwellinsurancegroup.com,[Revenue Recognizer] Why did Ops spend exceed budget in Jun?,completed,42.9,"Ops Jun variance was $2,205,916 vs plan",03/24/2026 08:47:44 AM
r03-0000549,kharris@harwellinsurancegroup.com,[AP Aging Analyst] Build the board deck cash slide for Mar,completed,58.4,"Treasury Mar variance was $3,281,340 vs plan",03/24/2026 01:05:52 PM
r03-0000550,ssanchez@harwellinsurancegroup.com,[Covenant Checker] Reconcile AP aging over 90 days for MX-03,completed,70.9,"Treasury Jan variance was $3,750,613 vs plan",03/24/2026 11:20:11 AM
r03-0000551,ssanchez@harwellinsurancegroup.com,[Cash Forecaster] Explain the headcount variance vs plan,completed,29.0,"Accounting Jun variance was $3,783,466 vs plan",03/24/2026 02:39:03 PM
r03-0000552,ssanchez@harwellinsurancegroup.com,[Variance Explainer] Check covenant compliance for the revolver,completed,39.1,"FP&A Jan variance was $2,796,580 vs plan",03/24/2026 09:35:28 AM
r03-0000553,ssanchez@harwellinsurancegroup.com,[Cash Forecaster] Why did Treasury spend exceed budget in Jun?,completed,8.5,"Treasury Jun variance was $1,552,087 vs plan",03/24/2026 10:11:40 AM
r03-0000554,ssanchez@harwellinsurancegroup.com,[Revenue Recognizer] Explain the headcount variance vs plan,completed,48.9,"Accounting Apr variance was $2,579,367 vs plan",03/25/2026 10:53:16 AM
r03-0000555,ssanchez@harwellinsurancegroup.com,[Revenue Recognizer] Check covenant compliance for the revolver,completed,54.9,"FP&A Feb variance was $3,227,558 vs plan",03/25/2026 08:18:08 AM
r03-0000556,ssanchez@harwellinsurancegroup.com,[Close Checklist Bot] Reconcile AP aging over 90 days for MX-06,completed,15.6,"Accounting May variance was $1,628,809 vs plan",03/25/2026 02:37:52 PM
r03-0000557,pgonzalez@harwellinsurancegroup.com,[AP Aging Analyst] Reconcile AP aging over 90 days for CA-06,completed,4.3,"Ops Apr variance was $631,519 vs plan",03/25/2026 04:58:04 PM
r03-0000558,thaddad@harwellinsurancegroup.com,[Revenue Recognizer] Summarize the Jun variance for entity US-01,completed,68.9,"Ops Jun variance was $1,049,886 vs plan",03/25/2026 12:27:41 PM
r03-0000559,kharris@harwellinsurancegroup.com,[Variance Explainer] Forecast Jan operating cash flow,completed,1.4,error: connection reset by peer,03/25/2026 11:49:31 AM
r03-0000560,mrobinson@harwellinsurancegroup.com,[Close Checklist Bot] Forecast May operating cash flow,completed,41.4,"Ops May variance was $4,335,284 vs plan",03/25/2026 02:36:35 PM
r03-0000561,jthompson@harwellinsurancegroup.com,[Headcount Planner] Why did Accounting spend exceed budget in Jun?,error,6.8,Traceback (most recent call last): KeyError 'entity',03/25/2026 05:26:19 PM
r03-0000562,mrobinson@harwellinsurancegroup.com,[AP Aging Analyst] Check covenant compliance for the revolver,completed,38.7,"Treasury Mar variance was $284,618 vs plan",03/25/2026 02:44:54 PM
r03-0000563,kharris@harwellinsurancegroup.com,[Cash Forecaster] Draft flux commentary for the Feb close,completed,60.0,"FP&A Feb variance was $3,772,353 vs plan",03/25/2026 03:44:19 PM
r03-0000564,ssanchez@harwellinsurancegroup.com,[Close Checklist Bot] Build the board deck cash slide for Mar,completed,8.7,"Ops Mar variance was $3,444,500 vs plan",03/25/2026 08:58:30 AM
r03-0000565,kjohnson@harwellinsurancegroup.com,[Journal Entry Reviewer] Explain the headcount variance vs plan,completed,0.9,Traceback (most recent call last): KeyError 'entity',03/25/2026 02:25:39 PM
r03-0000566,jjones@harwellinsurancegroup.com,[AP Aging Analyst] Explain the headcount variance vs plan,completed,7.0,"Accounting Jun variance was $998,342 vs plan",03/25/2026 12:52:35 PM
r03-0000567,ssanchez@harwellinsurancegroup.com,[Vendor Spend Analyzer] Check covenant compliance for the revolver,completed,12.5,"Treasury Mar variance was $736,245 vs plan",03/25/2026 02:27:41 PM
r03-0000568,mrobinson@harwellinsurancegroup.com,[Vendor Spend Analyzer] Build the board deck cash slide for Mar,completed,73.4,"Treasury Mar variance was $3,628,235 vs plan",03/25/2026 01:07:45 PM
r03-0000569,ssanchez@harwellinsurancegroup.com,[Variance Explainer] Which cost centers are over budget YTD?,completed,53.5,"Treasury Apr variance was $1,908,986 vs plan",03/25/2026 03:28:42 PM
r03-0000570,ssanchez@harwellinsurancegroup.com,[Cash Forecaster] Summarize the Feb variance for entity EU-02,completed,29.1,"Ops Feb variance was $1,985,538 vs plan",03/25/2026 09:31:39 AM
r03-0000571,ssanchez@harwellinsurancegroup.com,[Budget vs Actual] Build the board deck cash slide for May,completed,24.4,"Accounting May variance was $1,669,960 vs plan",03/25/2026 10:00:54 AM
r03-0000572,kharris@harwellinsurancegroup.com,[Cash Forecaster] Forecast Apr operating cash flow,completed,72.9,"Ops Apr variance was $1,520,026 vs plan",03/26/2026 02:37:46 PM
r03-0000573,ssanchez@harwellinsurancegroup.com,[Revenue Recognizer] Summarize the Apr variance for entity CA-03,completed,73.6,"FP&A Apr variance was $2,629,294 vs plan",03/26/2026 01:57:53 PM
r03-0000574,ssanchez@harwellinsurancegroup.com,[Budget vs Actual] Reconcile AP aging over 90 days for US-03,completed,56.5,"Treasury Jun variance was $1,265,446 vs plan",03/26/2026 01:13:31 PM
r03-0000575,rmartinez@harwellinsurancegroup.com,[Covenant Checker] Forecast May operating cash flow,completed,36.3,"Ops May variance was $4,439,005 vs plan",03/26/2026 04:35:31 PM
r03-0000576,rmartinez@harwellinsurancegroup.com,[Flux Commentary] Build the board deck cash slide for Apr,completed,42.8,"Accounting Apr variance was $472,876 vs plan",03/26/2026 04:46:07 PM
r03-0000577,mramirez@harwellinsurancegroup.com,[Flux Commentary] Why did Treasury spend exceed budget in Jun?,completed,41.1,"Treasury Jun variance was $3,650,273 vs plan",03/26/2026 03:23:31 PM
r03-0000578,kharris@harwellinsurancegroup.com,[Journal Entry Reviewer] Explain the headcount variance vs plan,completed,14.0,"Accounting Apr variance was $1,474,096 vs plan",03/26/2026 03:07:41 PM
r03-0000579,phaddad@harwellinsurancegroup.com,[Vendor Spend Analyzer] Explain the headcount variance vs plan,completed,13.3,"Accounting Apr variance was $4,636,045 vs plan",03/26/2026 03:39:19 PM
r03-0000580,kharris@harwellinsurancegroup.com,[Revenue Recognizer] Draft flux commentary for the Jun close,completed,60.2,"Treasury Jun variance was $427,835 vs plan",03/26/2026 05:52:23 PM
r03-0000581,kharris@harwellinsurancegroup.com,[Vendor Spend Analyzer] Which cost centers are over budget YTD?,completed,48.0,"Accounting Jun variance was $877,672 vs plan",03/26/2026 05:38:30 PM
r03-0000582,ssanchez@harwellinsurancegroup.com,[Journal Entry Reviewer] Check covenant compliance for the revolver,completed,8.9,"FP&A Feb variance was $787,094 vs plan",03/26/2026 10:20:54 AM
r03-0000583,ssanchez@harwellinsurancegroup.com,[Headcount Planner] Explain the headcount variance vs plan,completed,63.5,"FP&A Mar variance was $2,410,494 vs plan",03/26/2026 04:31:15 PM
r03-0000584,mrobinson@harwellinsurancegroup.com,[Variance Explainer] Build the board deck cash slide for Apr,completed,6.0,"Treasury Apr variance was $4,473,600 vs plan",03/26/2026 09:52:42 AM
r03-0000585,kjohnson@harwellinsurancegroup.com,[Revenue Recognizer] Forecast Feb operating cash flow,completed,21.3,"FP&A Feb variance was $542,232 vs plan",03/26/2026 04:06:22 PM
r03-0000586,ssanchez@harwellinsurancegroup.com,[Journal Entry Reviewer] Forecast Feb operating cash flow,completed,72.0,"Treasury Feb variance was $4,797,544 vs plan",03/26/2026 09:09:59 AM
r03-0000587,ssanchez@harwellinsurancegroup.com,[Vendor Spend Analyzer] What drove the change in gross margin this quarter?,completed,64.6,"FP&A May variance was $805,855 vs plan",03/26/2026 04:12:18 PM
r03-0000588,ssanchez@harwellinsurancegroup.com,[Headcount Planner] Check covenant compliance for the revolver,completed,25.3,"Ops Mar variance was $2,248,153 vs plan",03/26/2026 02:12:55 PM
r03-0000589,ssanchez@harwellinsurancegroup.com,[Revenue Recognizer] What drove the change in gross margin this quarter?,completed,35.5,"Treasury May variance was $4,406,630 vs plan",03/26/2026 09:21:55 AM
r03-0000590,ssanchez@harwellinsurancegroup.com,[Close Checklist Bot] Summarize the Jun variance for entity CA-01,completed,54.1,"FP&A Jun variance was $2,641,810 vs plan",03/27/2026 08:38:12 AM
r03-0000591,kjohnson@harwellinsurancegroup.com,[Revenue Recognizer] What drove the change in gross margin this quarter?,completed,72.2,"FP&A Jun variance was $323,764 vs plan",03/27/2026 03:30:29 PM
r03-0000592,agarcia@harwellinsurancegroup.com,[AP Aging Analyst] What drove the change in gross margin this quarter?,completed,51.2,"Accounting Jun variance was $2,228,665 vs plan",03/27/2026 11:34:07 AM
r03-0000593,ssanchez@harwellinsurancegroup.com,[Board Deck Builder] Reconcile AP aging over 90 days for US-08,completed,13.1,"Accounting Feb variance was $2,309,246 vs plan",03/27/2026 12:31:02 PM
r03-0000594,jjones@harwellinsurancegroup.com,[Flux Commentary] Which cost centers are over budget YTD?,completed,24.0,"Accounting Jan variance was $4,048,541 vs plan",03/27/2026 10:37:35 AM
r03-0000595,ssanchez@harwellinsurancegroup.com,[Close Checklist Bot] Which cost centers are over budget YTD?,completed,60.7,"Treasury Mar variance was $3,730,914 vs plan",03/27/2026 08:35:17 AM
r03-0000596,ssanchez@harwellinsurancegroup.com,[Revenue Recognizer] Build the board deck cash slide for Apr,completed,43.1,"Treasury Apr variance was $4,036,708 vs plan",03/27/2026 03:35:09 PM
r03-0000597,ssanchez@harwellinsurancegroup.com,[Board Deck Builder] Summarize the Mar variance for entity US-07,completed,28.1,"Ops Mar variance was $4,232,662 vs plan",03/27/2026 06:34:01 AM
r03-0000598,ssanchez@harwellinsurancegroup.com,[AP Aging Analyst] Summarize the Jun variance for entity MX-03,completed,44.2,"Treasury Jun variance was $2,398,465 vs plan",03/27/2026 09:02:42 AM
r03-0000599,ssanchez@harwellinsurancegroup.com,[Budget vs Actual] Forecast May operating cash flow,completed,30.8,"FP&A May variance was $2,230,087 vs plan",03/27/2026 01:54:07 PM
r03-0000600,ssanchez@harwellinsurancegroup.com,[Close Checklist Bot] Why did Ops spend exceed budget in Mar?,completed,49.2,"Ops Mar variance was $922,162 vs plan",03/27/2026 12:44:06 PM
r03-0000601,lwhite@harwellinsurancegroup.com,[Variance Explainer] Build the board deck cash slide for Mar,completed,58.5,"Accounting Mar variance was $794,318 vs plan",03/27/2026 12:11:01 PM
r03-0000602,kharris@harwellinsurancegroup.com,[Headcount Planner] Why did Ops spend exceed budget in Jan?,completed,26.8,"Ops Jan variance was $293,487 vs plan",03/27/2026 10:59:37 AM
r03-0000603,ssanchez@harwellinsurancegroup.com,[Vendor Spend Analyzer] Summarize the Apr variance for entity MX-04,completed,40.3,"FP&A Apr variance was $925,052 vs plan",03/27/2026 11:56:47 AM
r03-0000604,mmiller@harwellinsurancegroup.com,[AP Aging Analyst] Summarize the Mar variance for entity MX-07,error,6.5,Traceback (most recent call last): KeyError 'entity',03/27/2026 09:46:58 AM
r03-0000605,ssanchez@harwellinsurancegroup.com,[AP Aging Analyst] Explain the headcount variance vs plan,completed,46.1,"Treasury Apr variance was $1,201,979 vs plan",03/27/2026 02:56:56 PM
r03-0000606,ssanchez@harwellinsurancegroup.com,[Journal Entry Reviewer] Reconcile AP aging over 90 days for EU-01,completed,24.0,"FP&A Apr variance was $2,738,262 vs plan",03/27/2026 02:45:48 PM
r03-0000607,ssanchez@harwellinsurancegroup.com,[Close Checklist Bot] Check covenant compliance for the revolver,completed,57.3,"FP&A Apr variance was $2,775,186 vs plan",03/27/2026 04:49:39 PM
r03-0000608,ssanchez@harwellinsurancegroup.com,[AP Aging Analyst] Which cost centers are over budget YTD?,completed,1.3,FAILED: null reference in aggregation step,03/27/2026 12:06:21 PM
r03-0000609,kharris@harwellinsurancegroup.com,[AP Aging Analyst] Reconcile AP aging over 90 days for US-05,completed,0.5,error: connection reset by peer,03/27/2026 03:07:56 PM
r03-0000610,ssanchez@harwellinsurancegroup.com,[Board Deck Builder] Build the board deck cash slide for May,completed,71.0,"Treasury May variance was $1,968,303 vs plan",03/27/2026 08:19:11 AM
r03-0000611,ssanchez@harwellinsurancegroup.com,[Close Checklist Bot] Summarize the Mar variance for entity US-04,completed,28.2,"Ops Mar variance was $4,349,149 vs plan",03/28/2026 01:50:22 PM
r03-0000612,ssanchez@harwellinsurancegroup.com,[Close Checklist Bot] Draft flux commentary for the Apr close,completed,48.4,"Ops Apr variance was $699,348 vs plan",03/28/2026 07:28:18 AM
r03-0000613,ssanchez@harwellinsurancegroup.com,[Vendor Spend Analyzer] Reconcile AP aging over 90 days for US-09,completed,49.0,"Ops May variance was $1,957,192 vs plan",03/28/2026 02:21:00 PM
r03-0000614,ssanchez@harwellinsurancegroup.com,[Journal Entry Reviewer] Reconcile AP aging over 90 days for MX-08,completed,1.6,FAILED: null reference in aggregation step,03/28/2026 02:07:44 PM
r03-0000615,ssanchez@harwellinsurancegroup.com,[Covenant Checker] Check covenant compliance for the revolver,completed,37.7,"Treasury Feb variance was $4,516,676 vs plan",03/28/2026 01:24:23 PM
r03-0000616,ssanchez@harwellinsurancegroup.com,[Flux Commentary] Summarize the Apr variance for entity CA-02,completed,4.0,"Treasury Apr variance was $191,274 vs plan",03/28/2026 10:55:43 AM
r03-0000617,lwhite@harwellinsurancegroup.com,[Headcount Planner] Draft flux commentary for the May close,completed,1.4,Traceback (most recent call last): KeyError 'entity',03/28/2026 09:27:57 AM
r03-0000618,lwhite@harwellinsurancegroup.com,[Vendor Spend Analyzer] Why did FP&A spend exceed budget in Jun?,completed,19.5,"FP&A Jun variance was $1,970,017 vs plan",03/28/2026 12:09:56 PM
r03-0000619,ssanchez@harwellinsurancegroup.com,[Close Checklist Bot] Build the board deck cash slide for Feb,completed,74.0,"Treasury Feb variance was $3,976,770 vs plan",03/29/2026 02:44:32 PM
r03-0000620,ssanchez@harwellinsurancegroup.com,[AP Aging Analyst] Why did FP&A spend exceed budget in Jan?,completed,23.5,"FP&A Jan variance was $1,979,105 vs plan",03/29/2026 01:36:32 PM
r03-0000621,ssanchez@harwellinsurancegroup.com,[Covenant Checker] Build the board deck cash slide for May,completed,12.6,"FP&A May variance was $3,500,429 vs plan",03/29/2026 02:30:51 PM
r03-0000622,ssanchez@harwellinsurancegroup.com,[Journal Entry Reviewer] Which cost centers are over budget YTD?,completed,35.0,"Treasury Jan variance was $3,270,998 vs plan",03/29/2026 11:37:26 AM
r03-0000623,kjohnson@harwellinsurancegroup.com,[Budget vs Actual] Forecast Jun operating cash flow,completed,1.3,Traceback (most recent call last): KeyError 'entity',03/29/2026 01:09:12 PM
r03-0000624,kharris@harwellinsurancegroup.com,[Journal Entry Reviewer] Forecast Jun operating cash flow,completed,50.4,"Treasury Jun variance was $1,061,901 vs plan",03/29/2026 12:39:16 PM
r03-0000625,jthompson@harwellinsurancegroup.com,[Covenant Checker] Summarize the Feb variance for entity MX-07,completed,49.0,"FP&A Feb variance was $3,196,263 vs plan",03/29/2026 05:46:57 PM
r03-0000626,jwalker@harwellinsurancegroup.com,[Headcount Planner] Explain the headcount variance vs plan,completed,21.4,"Treasury Apr variance was $3,671,592 vs plan",03/29/2026 07:09:28 PM
r03-0000627,ssanchez@harwellinsurancegroup.com,[Headcount Planner] Draft flux commentary for the Feb close,completed,33.3,"FP&A Feb variance was $1,798,624 vs plan",03/30/2026 03:45:34 PM
r03-0000628,thaddad@harwellinsurancegroup.com,[Revenue Recognizer] What drove the change in gross margin this quarter?,completed,59.1,"Ops Mar variance was $3,783,875 vs plan",03/30/2026 12:29:40 PM
r03-0000629,kharris@harwellinsurancegroup.com,[Cash Forecaster] Draft flux commentary for the May close,completed,58.5,"Treasury May variance was $947,453 vs plan",03/30/2026 08:26:13 AM
r03-0000630,kharris@harwellinsurancegroup.com,[Cash Forecaster] Build the board deck cash slide for Apr,completed,29.4,"FP&A Apr variance was $45,302 vs plan",03/30/2026 12:26:05 PM
r03-0000631,ssanchez@harwellinsurancegroup.com,[Cash Forecaster] Build the board deck cash slide for Jan,completed,34.5,"FP&A Jan variance was $3,327,609 vs plan",03/30/2026 03:27:48 PM
r03-0000632,kharris@harwellinsurancegroup.com,[Covenant Checker] Summarize the May variance for entity CA-05,completed,73.5,"Treasury May variance was $4,263,900 vs plan",03/30/2026 09:29:51 AM
r03-0000633,ssanchez@harwellinsurancegroup.com,[AP Aging Analyst] Build the board deck cash slide for Feb,completed,43.2,"Accounting Feb variance was $1,729,311 vs plan",03/30/2026 10:15:58 AM
r03-0000634,jthompson@harwellinsurancegroup.com,[Vendor Spend Analyzer] Summarize the Mar variance for entity US-08,completed,48.2,"Treasury Mar variance was $4,681,717 vs plan",03/30/2026 06:37:22 AM
r03-0000635,agarcia@harwellinsurancegroup.com,[Flux Commentary] Summarize the Jun variance for entity CA-07,completed,67.9,"Accounting Jun variance was $485,199 vs plan",03/30/2026 08:41:05 AM
r03-0000636,lwhite@harwellinsurancegroup.com,[Close Checklist Bot] Draft flux commentary for the May close,completed,8.2,"Accounting May variance was $604,499 vs plan",03/30/2026 01:24:28 PM
r03-0000637,kharris@harwellinsurancegroup.com,[Budget vs Actual] Forecast Mar operating cash flow,completed,47.6,"FP&A Mar variance was $715,922 vs plan",03/30/2026 12:33:54 PM
r03-0000638,ssanchez@harwellinsurancegroup.com,[Budget vs Actual] Which cost centers are over budget YTD?,completed,1.5,FAILED: null reference in aggregation step,03/30/2026 02:28:02 PM
r03-0000639,lmartin@harwellinsurancegroup.com,[Revenue Recognizer] Summarize the Mar variance for entity CA-05,error,5.6,Traceback (most recent call last): KeyError 'entity',03/30/2026 01:45:54 PM
r03-0000640,ssanchez@harwellinsurancegroup.com,[Board Deck Builder] Why did Accounting spend exceed budget in Jan?,completed,13.9,"Accounting Jan variance was $2,067,140 vs plan",03/30/2026 11:52:03 AM
r03-0000641,ssanchez@harwellinsurancegroup.com,[Headcount Planner] Draft flux commentary for the Apr close,completed,58.4,"Accounting Apr variance was $1,962,019 vs plan",03/30/2026 11:05:42 AM
r03-0000642,ssanchez@harwellinsurancegroup.com,[Revenue Recognizer] Forecast Jun operating cash flow,completed,11.4,"Accounting Jun variance was $2,086,129 vs plan",03/30/2026 07:58:47 AM
r03-0000643,ssanchez@harwellinsurancegroup.com,[Board Deck Builder] Forecast Jan operating cash flow,completed,15.5,"Accounting Jan variance was $837,319 vs plan",03/30/2026 12:23:41 PM
r03-0000644,lwhite@harwellinsurancegroup.com,[Journal Entry Reviewer] Why did Treasury spend exceed budget in Feb?,completed,34.7,"Treasury Feb variance was $1,521,327 vs plan",03/30/2026 03:58:44 PM
r03-0000645,ssanchez@harwellinsurancegroup.com,[Headcount Planner] Forecast Feb operating cash flow,completed,70.7,"Accounting Feb variance was $232,684 vs plan",03/30/2026 12:03:21 PM
r03-0000646,lwhite@harwellinsurancegroup.com,[Board Deck Builder] Which cost centers are over budget YTD?,completed,63.8,"Ops Apr variance was $1,852,544 vs plan",03/30/2026 08:51:37 AM
r03-0000647,jjones@harwellinsurancegroup.com,[Journal Entry Reviewer] Which cost centers are over budget YTD?,completed,6.2,"Ops Feb variance was $4,658,365 vs plan",03/30/2026 05:32:14 PM
r03-0000648,ssanchez@harwellinsurancegroup.com,[Revenue Recognizer] What drove the change in gross margin this quarter?,completed,18.3,"FP&A Apr variance was $972,355 vs plan",03/30/2026 08:08:01 AM
r03-0000649,ssanchez@harwellinsurancegroup.com,[Covenant Checker] Reconcile AP aging over 90 days for US-07,completed,1.6,FAILED: null reference in aggregation step,03/30/2026 02:56:30 PM
r03-0000650,ssanchez@harwellinsurancegroup.com,[Budget vs Actual] Reconcile AP aging over 90 days for CA-06,completed,71.6,"Treasury Apr variance was $3,496,898 vs plan",03/30/2026 11:22:48 AM
r03-0000651,lwhite@harwellinsurancegroup.com,[Revenue Recognizer] Reconcile AP aging over 90 days for CA-02,completed,25.7,"Treasury Apr variance was $1,012,800 vs plan",03/30/2026 11:05:50 AM
r03-0000652,pthompson@harwellinsurancegroup.com,[Board Deck Builder] Check covenant compliance for the revolver,completed,8.6,"Accounting Feb variance was $4,522,225 vs plan",03/30/2026 03:06:20 PM
r03-0000653,jjones@harwellinsurancegroup.com,[AP Aging Analyst] Summarize the Jan variance for entity US-08,completed,43.2,"Treasury Jan variance was $4,190,275 vs plan",03/30/2026 01:51:58 PM
r03-0000654,ssanchez@harwellinsurancegroup.com,[Revenue Recognizer] Reconcile AP aging over 90 days for MX-03,completed,54.9,"FP&A Jan variance was $2,898,798 vs plan",03/30/2026 06:04:01 PM
r03-0000655,jjones@harwellinsurancegroup.com,[Board Deck Builder] Draft flux commentary for the Jan close,completed,12.2,"FP&A Jan variance was $1,242,504 vs plan",03/30/2026 04:15:27 PM
r03-0000656,ssanchez@harwellinsurancegroup.com,[Budget vs Actual] Explain the headcount variance vs plan,completed,55.3,"FP&A Feb variance was $1,026,997 vs plan",03/30/2026 12:42:50 PM
r03-0000657,ssanchez@harwellinsurancegroup.com,[Board Deck Builder] Draft flux commentary for the Feb close,completed,5.9,"Treasury Feb variance was $4,571,819 vs plan",03/31/2026 03:43:43 PM
r03-0000658,ssanchez@harwellinsurancegroup.com,[Covenant Checker] Build the board deck cash slide for May,completed,69.0,"Accounting May variance was $4,796,902 vs plan",03/31/2026 03:38:30 PM
r03-0000659,ssanchez@harwellinsurancegroup.com,[Cash Forecaster] Explain the headcount variance vs plan,completed,70.1,"Ops Jun variance was $2,661,572 vs plan",03/31/2026 04:47:21 PM
r03-0000660,kharris@harwellinsurancegroup.com,[Covenant Checker] Build the board deck cash slide for Apr,completed,38.0,"FP&A Apr variance was $2,609,837 vs plan",03/31/2026 09:10:50 PM
r03-0000661,ssanchez@harwellinsurancegroup.com,[Journal Entry Reviewer] Why did Accounting spend exceed budget in Feb?,completed,46.8,"Accounting Feb variance was $1,821,506 vs plan",03/31/2026 03:14:18 PM
r03-0000662,ssanchez@harwellinsurancegroup.com,[Journal Entry Reviewer] Which cost centers are over budget YTD?,completed,0.7,FAILED: null reference in aggregation step,03/31/2026 02:11:48 PM
r03-0000663,ssanchez@harwellinsurancegroup.com,[Close Checklist Bot] Why did Ops spend exceed budget in May?,completed,74.4,"Ops May variance was $2,760,683 vs plan",03/31/2026 06:40:48 AM
r03-0000664,ssanchez@harwellinsurancegroup.com,[Variance Explainer] Which cost centers are over budget YTD?,completed,64.6,"Ops Apr variance was $4,604,499 vs plan",03/31/2026 01:23:13 PM
r03-0000665,kharris@harwellinsurancegroup.com,[Variance Explainer] Which cost centers are over budget YTD?,completed,55.1,"Treasury Jun variance was $3,542,063 vs plan",03/31/2026 10:31:59 AM
r03-0000666,ssanchez@harwellinsurancegroup.com,[Close Checklist Bot] What drove the change in gross margin this quarter?,completed,66.3,"Ops Jan variance was $635,714 vs plan",03/31/2026 01:08:29 PM
r03-0000667,jrobinson@harwellinsurancegroup.com,[Close Checklist Bot] Explain the headcount variance vs plan,completed,64.9,"Ops May variance was $1,452,368 vs plan",03/31/2026 01:37:10 PM
r03-0000668,kharris@harwellinsurancegroup.com,[Close Checklist Bot] Build the board deck cash slide for May,completed,35.4,"Treasury May variance was $594,334 vs plan",03/31/2026 12:33:44 PM
r03-0000669,rthompson@harwellinsurancegroup.com,[Variance Explainer] Summarize the May variance for entity CA-02,completed,1.0,Traceback (most recent call last): KeyError 'entity',03/31/2026 01:25:58 PM
r03-0000670,jjones@harwellinsurancegroup.com,[Cash Forecaster] Forecast May operating cash flow,completed,0.7,error: connection reset by peer,03/31/2026 06:46:06 PM
r03-0000671,ssanchez@harwellinsurancegroup.com,[Board Deck Builder] Explain the headcount variance vs plan,completed,69.1,"Ops Jan variance was $349,597 vs plan",03/31/2026 12:46:29 PM
r03-0000672,kharris@harwellinsurancegroup.com,[Revenue Recognizer] Which cost centers are over budget YTD?,completed,46.6,"Treasury May variance was $2,649,860 vs plan",03/31/2026 12:04:18 PM
r03-0000673,pthompson@harwellinsurancegroup.com,[Variance Explainer] Why did FP&A spend exceed budget in Feb?,completed,67.3,"FP&A Feb variance was $2,265,573 vs plan",03/31/2026 02:59:09 PM
r03-0000674,kjohnson@harwellinsurancegroup.com,[Close Checklist Bot] Summarize the Jan variance for entity US-02,completed,24.3,"FP&A Jan variance was $220,156 vs plan",03/31/2026 12:21:14 PM
r03-0000675,ssanchez@harwellinsurancegroup.com,[Revenue Recognizer] Why did Treasury spend exceed budget in Apr?,completed,33.2,"Treasury Apr variance was $2,591,857 vs plan",03/31/2026 04:32:25 PM
r03-0000676,ssanchez@harwellinsurancegroup.com,[Variance Explainer] Reconcile AP aging over 90 days for CA-01,completed,49.3,"Treasury Apr variance was $1,598,662 vs plan",03/31/2026 04:29:57 PM
r03-0000677,lwhite@harwellinsurancegroup.com,[Journal Entry Reviewer] Check covenant compliance for the revolver,completed,63.8,"Accounting Apr variance was $2,628,762 vs plan",03/31/2026 08:01:17 AM
r03-0000678,ssanchez@harwellinsurancegroup.com,[Vendor Spend Analyzer] What drove the change in gross margin this quarter?,completed,36.4,"FP&A May variance was $2,353,818 vs plan",03/31/2026 03:13:38 PM
r03-0000679,bwilliams@harwellinsurancegroup.com,[Cash Forecaster] What drove the change in gross margin this quarter?,completed,74.2,"Accounting Feb variance was $3,217,278 vs plan",03/31/2026 03:32:31 PM
r03-0000680,ssanchez@harwellinsurancegroup.com,[Variance Explainer] Why did Accounting spend exceed budget in May?,completed,72.1,"Accounting May variance was $1,329,918 vs plan",03/31/2026 01:34:15 PM
r03-0000681,flopez@harwellinsurancegroup.com,[Flux Commentary] What drove the change in gross margin this quarter?,completed,4.5,"Treasury Apr variance was $1,472,848 vs plan",03/31/2026 01:06:58 PM
r03-0000682,ssanchez@harwellinsurancegroup.com,[Cash Forecaster] Forecast Apr operating cash flow,completed,13.6,"Ops Apr variance was $3,979,772 vs plan",03/31/2026 04:21:03 PM
r03-0000683,ssanchez@harwellinsurancegroup.com,[Budget vs Actual] Summarize the Jan variance for entity US-09,completed,16.1,"Treasury Jan variance was $2,848,631 vs plan",03/31/2026 10:29:43 AM
r03-0000684,kharris@harwellinsurancegroup.com,[Covenant Checker] Which cost centers are over budget YTD?,completed,14.2,"FP&A Jan variance was $4,217,725 vs plan",03/31/2026 01:27:05 PM
r03-0000685,kjohnson@harwellinsurancegroup.com,[Variance Explainer] Build the board deck cash slide for Apr,error,3.4,ERROR: upstream request timed out,03/31/2026 12:55:50 PM
r03-0000686,lmartin@harwellinsurancegroup.com,[AP Aging Analyst] Which cost centers are over budget YTD?,completed,36.1,"Accounting Mar variance was $2,032,355 vs plan",04/01/2026 11:28:39 AM
r03-0000687,ssanchez@harwellinsurancegroup.com,[Budget vs Actual] Draft flux commentary for the Jan close,completed,70.6,"Treasury Jan variance was $3,062,687 vs plan",04/01/2026 05:47:08 PM
r03-0000688,ssanchez@harwellinsurancegroup.com,[Covenant Checker] Which cost centers are over budget YTD?,completed,9.8,"FP&A Jan variance was $2,391,967 vs plan",04/01/2026 02:43:38 PM
r03-0000689,kjohnson@harwellinsurancegroup.com,[Variance Explainer] Check covenant compliance for the revolver,completed,73.4,"Treasury Jun variance was $1,912,857 vs plan",04/01/2026 01:40:41 PM
r03-0000690,kharris@harwellinsurancegroup.com,[Vendor Spend Analyzer] Check covenant compliance for the revolver,completed,30.9,"FP&A Jun variance was $2,147,192 vs plan",04/01/2026 12:13:20 PM
r03-0000691,dthompson@harwellinsurancegroup.com,[AP Aging Analyst] Why did Treasury spend exceed budget in Mar?,completed,38.8,"Treasury Mar variance was $2,973,732 vs plan",04/01/2026 12:56:57 PM
r03-0000692,ssanchez@harwellinsurancegroup.com,[Budget vs Actual] Which cost centers are over budget YTD?,completed,34.8,"FP&A Mar variance was $447,876 vs plan",04/01/2026 06:20:13 PM
r03-0000693,lwhite@harwellinsurancegroup.com,[Board Deck Builder] Which cost centers are over budget YTD?,completed,39.4,"Ops Jan variance was $1,079,424 vs plan",04/01/2026 12:52:29 PM
r03-0000694,kharris@harwellinsurancegroup.com,[Headcount Planner] Which cost centers are over budget YTD?,completed,71.2,"Treasury Mar variance was $1,739,244 vs plan",04/01/2026 02:53:13 PM
r03-0000695,ssanchez@harwellinsurancegroup.com,[Headcount Planner] Check covenant compliance for the revolver,completed,24.4,"Accounting May variance was $276,896 vs plan",04/01/2026 06:33:53 AM
r03-0000696,ssanchez@harwellinsurancegroup.com,[Budget vs Actual] Summarize the Apr variance for entity MX-04,completed,49.2,"Treasury Apr variance was $77,470 vs plan",04/01/2026 12:50:33 PM
r03-0000697,jrobinson@harwellinsurancegroup.com,[Flux Commentary] Which cost centers are over budget YTD?,completed,51.4,"FP&A Jun variance was $1,251,511 vs plan",04/01/2026 02:04:17 PM
r03-0000698,ssanchez@harwellinsurancegroup.com,[Cash Forecaster] Explain the headcount variance vs plan,completed,37.5,"Accounting Feb variance was $1,288,659 vs plan",04/01/2026 05:19:52 PM
r03-0000699,ssanchez@harwellinsurancegroup.com,[Revenue Recognizer] Why did Accounting spend exceed budget in Feb?,completed,43.3,"Accounting Feb variance was $486,253 vs plan",04/01/2026 10:28:28 AM
r03-0000700,ssanchez@harwellinsurancegroup.com,[Budget vs Actual] Reconcile AP aging over 90 days for MX-06,completed,59.7,"FP&A Mar variance was $4,276,991 vs plan",04/01/2026 11:18:40 AM
r03-0000701,kjohnson@harwellinsurancegroup.com,[AP Aging Analyst] Summarize the Jun variance for entity MX-04,completed,10.9,"Treasury Jun variance was $2,379,803 vs plan",04/01/2026 04:00:55 PM
r03-0000702,ssanchez@harwellinsurancegroup.com,[Variance Explainer] Build the board deck cash slide for Jan,completed,43.7,"Treasury Jan variance was $4,474,845 vs plan",04/01/2026 01:29:40 PM
r03-0000703,jthompson@harwellinsurancegroup.com,[Vendor Spend Analyzer] Forecast Mar operating cash flow,completed,71.3,"Treasury Mar variance was $727,956 vs plan",04/01/2026 12:10:41 PM
r03-0000704,jwalker@harwellinsurancegroup.com,[Board Deck Builder] Why did Accounting spend exceed budget in Mar?,completed,72.3,"Accounting Mar variance was $2,097,671 vs plan",04/01/2026 03:00:12 PM
r03-0000705,phaddad@harwellinsurancegroup.com,[Revenue Recognizer] Why did Ops spend exceed budget in Feb?,completed,30.9,"Ops Feb variance was $2,030,965 vs plan",04/01/2026 10:53:15 AM
r03-0000706,jthompson@harwellinsurancegroup.com,[Variance Explainer] Why did Accounting spend exceed budget in Jun?,completed,1.3,error code 502 from model gateway,04/01/2026 10:52:09 AM
r03-0000707,ssanchez@harwellinsurancegroup.com,[Board Deck Builder] Reconcile AP aging over 90 days for US-09,completed,61.6,"Treasury Jun variance was $3,573,963 vs plan",04/01/2026 09:41:17 AM
r03-0000708,ssanchez@harwellinsurancegroup.com,[Vendor Spend Analyzer] What drove the change in gross margin this quarter?,completed,36.0,"Ops Jun variance was $1,289,798 vs plan",04/01/2026 03:00:47 PM
r03-0000709,ssanchez@harwellinsurancegroup.com,[Revenue Recognizer] Explain the headcount variance vs plan,completed,8.9,"Ops Jan variance was $2,067,854 vs plan",04/01/2026 02:23:42 PM
r03-0000710,ssanchez@harwellinsurancegroup.com,[Revenue Recognizer] Forecast Apr operating cash flow,completed,7.7,"FP&A Apr variance was $2,016,925 vs plan",04/01/2026 06:10:12 PM
r03-0000711,ssanchez@harwellinsurancegroup.com,[Covenant Checker] Which cost centers are over budget YTD?,completed,42.2,"Ops Mar variance was $1,417,879 vs plan",04/01/2026 08:08:48 AM
r03-0000712,ssanchez@harwellinsurancegroup.com,[Board Deck Builder] Reconcile AP aging over 90 days for US-06,completed,41.5,"Ops Jan variance was $2,111,917 vs plan",04/02/2026 04:20:27 PM
r03-0000713,ssanchez@harwellinsurancegroup.com,[Journal Entry Reviewer] Why did Accounting spend exceed budget in Apr?,completed,0.4,error: connection reset by peer,04/02/2026 09:56:44 AM
r03-0000714,lwhite@harwellinsurancegroup.com,[Journal Entry Reviewer] Summarize the Jun variance for entity MX-07,completed,10.2,"FP&A Jun variance was $2,159,808 vs plan",04/02/2026 11:04:13 AM
r03-0000715,ssanchez@harwellinsurancegroup.com,[Variance Explainer] Which cost centers are over budget YTD?,completed,70.0,"Accounting May variance was $3,765,266 vs plan",04/02/2026 12:35:06 PM
r03-0000716,kharris@harwellinsurancegroup.com,[Covenant Checker] Draft flux commentary for the Feb close,completed,35.3,"FP&A Feb variance was $3,100,571 vs plan",04/02/2026 01:22:36 PM
r03-0000717,kharris@harwellinsurancegroup.com,[Board Deck Builder] Which cost centers are over budget YTD?,completed,10.9,"Treasury Jun variance was $2,213,182 vs plan",04/02/2026 01:31:36 PM
r03-0000718,kjohnson@harwellinsurancegroup.com,[Variance Explainer] What drove the change in gross margin this quarter?,completed,19.7,"FP&A Feb variance was $3,130,983 vs plan",04/02/2026 08:59:03 AM
r03-0000719,ssanchez@harwellinsurancegroup.com,[Headcount Planner] Summarize the Jan variance for entity EU-03,completed,16.3,"Accounting Jan variance was $125,345 vs plan",04/02/2026 02:15:30 PM
r03-0000720,kjohnson@harwellinsurancegroup.com,[Flux Commentary] What drove the change in gross margin this quarter?,completed,24.2,"FP&A Feb variance was $3,257,983 vs plan",04/02/2026 10:02:42 AM
r03-0000721,ssanchez@harwellinsurancegroup.com,[Close Checklist Bot] Why did FP&A spend exceed budget in Jun?,completed,47.0,"FP&A Jun variance was $950,994 vs plan",04/02/2026 08:41:32 AM
r03-0000722,jjones@harwellinsurancegroup.com,[Covenant Checker] Summarize the May variance for entity EU-01,completed,1.1,ERROR: upstream request timed out,04/02/2026 07:06:08 AM
r03-0000723,dlee@harwellinsurancegroup.com,[Cash Forecaster] What drove the change in gross margin this quarter?,completed,60.5,"Accounting Mar variance was $3,225,795 vs plan",04/02/2026 09:20:43 AM
r03-0000724,ssanchez@harwellinsurancegroup.com,[Covenant Checker] What drove the change in gross margin this quarter?,completed,1.5,error code 502 from model gateway,04/02/2026 10:13:02 AM
r03-0000725,jwalker@harwellinsurancegroup.com,[Budget vs Actual] Why did Treasury spend exceed budget in Apr?,completed,62.6,"Treasury Apr variance was $1,780,462 vs plan",04/02/2026 09:03:01 AM
r03-0000726,ssanchez@harwellinsurancegroup.com,[Variance Explainer] Check covenant compliance for the revolver,completed,0.2,Traceback (most recent call last): KeyError 'entity',04/02/2026 12:15:36 PM
r03-0000727,mrobinson@harwellinsurancegroup.com,[Close Checklist Bot] Build the board deck cash slide for Jan,completed,46.1,"Treasury Jan variance was $1,444,382 vs plan",04/02/2026 01:35:06 PM
r03-0000728,pthompson@harwellinsurancegroup.com,[Headcount Planner] Summarize the Mar variance for entity MX-05,completed,56.2,"Accounting Mar variance was $4,573,612 vs plan",04/02/2026 12:04:24 PM
r03-0000729,kharris@harwellinsurancegroup.com,[Journal Entry Reviewer] Draft flux commentary for the Apr close,completed,6.0,"FP&A Apr variance was $4,628,326 vs plan",04/02/2026 04:42:57 PM
r03-0000730,dlee@harwellinsurancegroup.com,[Close Checklist Bot] Summarize the Mar variance for entity US-08,completed,68.7,"Treasury Mar variance was $3,745,415 vs plan",04/02/2026 01:27:37 PM
r03-0000731,ssanchez@harwellinsurancegroup.com,[Cash Forecaster] What drove the change in gross margin this quarter?,completed,68.3,"Ops Apr variance was $1,147,530 vs plan",04/02/2026 03:59:25 PM
r03-0000732,lwhite@harwellinsurancegroup.com,[Headcount Planner] Which cost centers are over budget YTD?,completed,17.3,"FP&A Jun variance was $3,465,041 vs plan",04/02/2026 06:59:23 AM
r03-0000733,lwhite@harwellinsurancegroup.com,[Vendor Spend Analyzer] Check covenant compliance for the revolver,completed,56.7,"FP&A Apr variance was $4,636,981 vs plan",04/02/2026 02:25:26 PM
r03-0000734,ssanchez@harwellinsurancegroup.com,[Close Checklist Bot] Build the board deck cash slide for Apr,completed,29.2,"FP&A Apr variance was $1,297,928 vs plan",04/02/2026 12:58:51 PM
r03-0000735,ssanchez@harwellinsurancegroup.com,[Headcount Planner] Forecast Jan operating cash flow,completed,32.8,"Ops Jan variance was $1,724,076 vs plan",04/02/2026 11:40:26 AM
r03-0000736,ssanchez@harwellinsurancegroup.com,[Headcount Planner] Check covenant compliance for the revolver,error,7.1,ERROR: upstream request timed out,04/02/2026 12:25:34 PM
r03-0000737,ssanchez@harwellinsurancegroup.com,[Cash Forecaster] Build the board deck cash slide for Apr,completed,53.7,"Accounting Apr variance was $490,574 vs plan",04/02/2026 12:15:50 PM
r03-0000738,ssanchez@harwellinsurancegroup.com,[Journal Entry Reviewer] Check covenant compliance for the revolver,completed,54.6,"Ops May variance was $2,566,910 vs plan",04/02/2026 11:14:08 AM
r03-0000739,lmartin@harwellinsurancegroup.com,[Cash Forecaster] Why did Treasury spend exceed budget in Feb?,completed,10.2,"Treasury Feb variance was $950,557 vs plan",04/02/2026 01:41:36 PM
r03-0000740,ssanchez@harwellinsurancegroup.com,[Covenant Checker] Draft flux commentary for the Mar close,completed,49.6,"Treasury Mar variance was $199,294 vs plan",04/02/2026 12:21:20 PM
r03-0000741,ssanchez@harwellinsurancegroup.com,[Board Deck Builder] Why did Accounting spend exceed budget in Jan?,completed,0.5,error code 502 from model gateway,04/02/2026 02:54:11 PM
r03-0000742,pthompson@harwellinsurancegroup.com,[Budget vs Actual] Which cost centers are over budget YTD?,completed,13.7,"Treasury Apr variance was $3,581,269 vs plan",04/02/2026 06:40:50 AM
r03-0000743,jwalker@harwellinsurancegroup.com,[Covenant Checker] Which cost centers are over budget YTD?,completed,33.5,"Ops Apr variance was $1,196,018 vs plan",04/02/2026 09:05:18 AM
r03-0000744,kjohnson@harwellinsurancegroup.com,[AP Aging Analyst] Check covenant compliance for the revolver,completed,28.6,"FP&A Jun variance was $347,753 vs plan",04/02/2026 10:13:52 AM
r03-0000745,ssanchez@harwellinsurancegroup.com,[Cash Forecaster] Which cost centers are over budget YTD?,completed,45.0,"Treasury Jun variance was $1,683,007 vs plan",04/03/2026 01:43:24 PM
r03-0000746,ssanchez@harwellinsurancegroup.com,[Headcount Planner] Draft flux commentary for the May close,completed,1.2,error code 502 from model gateway,04/03/2026 12:03:28 PM
r03-0000747,ssanchez@harwellinsurancegroup.com,[Journal Entry Reviewer] Draft flux commentary for the Feb close,completed,10.0,"Accounting Feb variance was $652,953 vs plan",04/03/2026 06:10:50 PM
r03-0000748,ssanchez@harwellinsurancegroup.com,[Journal Entry Reviewer] Build the board deck cash slide for Feb,completed,22.8,"Accounting Feb variance was $4,475,523 vs plan",04/03/2026 06:00:18 PM
r03-0000749,ssanchez@harwellinsurancegroup.com,[Vendor Spend Analyzer] Explain the headcount variance vs plan,completed,59.3,"Treasury Jan variance was $712,341 vs plan",04/03/2026 03:23:08 PM
r03-0000750,ssanchez@harwellinsurancegroup.com,[Covenant Checker] Which cost centers are over budget YTD?,completed,19.6,"Accounting Mar variance was $1,834,117 vs plan",04/03/2026 11:13:18 AM
r03-0000751,ssanchez@harwellinsurancegroup.com,[Covenant Checker] Why did Treasury spend exceed budget in Feb?,completed,15.3,"Treasury Feb variance was $2,749,758 vs plan",04/03/2026 01:34:31 PM
r03-0000752,ssanchez@harwellinsurancegroup.com,[Close Checklist Bot] Which cost centers are over budget YTD?,completed,72.6,"Accounting Apr variance was $4,255,434 vs plan",04/03/2026 01:19:27 PM
r03-0000753,jjones@harwellinsurancegroup.com,[Vendor Spend Analyzer] Which cost centers are over budget YTD?,completed,41.7,"Treasury Mar variance was $4,474,453 vs plan",04/03/2026 06:19:37 AM
r03-0000754,ssanchez@harwellinsurancegroup.com,[Board Deck Builder] Summarize the Jun variance for entity CA-03,completed,43.8,"Ops Jun variance was $3,467,985 vs plan",04/03/2026 02:54:00 PM
r03-0000755,ssanchez@harwellinsurancegroup.com,[Close Checklist Bot] Summarize the Jun variance for entity EU-05,completed,32.9,"Accounting Jun variance was $1,994,091 vs plan",04/03/2026 11:47:11 AM
r03-0000756,kjohnson@harwellinsurancegroup.com,[Vendor Spend Analyzer] Reconcile AP aging over 90 days for CA-09,completed,74.1,"Accounting Feb variance was $3,670,594 vs plan",04/03/2026 02:56:29 PM
r03-0000757,ssanchez@harwellinsurancegroup.com,[Flux Commentary] Reconcile AP aging over 90 days for CA-09,completed,52.1,"Accounting Mar variance was $3,013,328 vs plan",04/03/2026 11:45:06 AM
r03-0000758,kharris@harwellinsurancegroup.com,[Vendor Spend Analyzer] Forecast Mar operating cash flow,error,6.9,error code 502 from model gateway,04/03/2026 07:16:35 AM
r03-0000759,ssanchez@harwellinsurancegroup.com,[Variance Explainer] Summarize the Jun variance for entity US-03,completed,47.7,"Treasury Jun variance was $3,237,234 vs plan",04/03/2026 12:12:35 PM
r03-0000760,mmiller@harwellinsurancegroup.com,[Board Deck Builder] Build the board deck cash slide for May,completed,66.0,"FP&A May variance was $2,571,927 vs plan",04/03/2026 12:09:17 PM
r03-0000761,ssanchez@harwellinsurancegroup.com,[Journal Entry Reviewer] Check covenant compliance for the revolver,completed,31.1,"Ops Jun variance was $2,755,731 vs plan",04/03/2026 12:55:55 PM
r03-0000762,ssanchez@harwellinsurancegroup.com,[AP Aging Analyst] Draft flux commentary for the Mar close,completed,58.9,"Ops Mar variance was $1,969,923 vs plan",04/03/2026 02:07:26 PM
r03-0000763,ssanchez@harwellinsurancegroup.com,[Budget vs Actual] What drove the change in gross margin this quarter?,completed,67.4,"Accounting Mar variance was $2,849,806 vs plan",04/03/2026 12:25:30 PM
r03-0000764,kjohnson@harwellinsurancegroup.com,[Variance Explainer] Explain the headcount variance vs plan,completed,54.3,"Ops Apr variance was $1,179,571 vs plan",04/03/2026 01:51:40 PM
r03-0000765,ssanchez@harwellinsurancegroup.com,[Budget vs Actual] Which cost centers are over budget YTD?,completed,51.1,"FP&A Apr variance was $4,231,467 vs plan",04/03/2026 12:23:01 PM
r03-0000766,agarcia@harwellinsurancegroup.com,[Headcount Planner] Build the board deck cash slide for Jan,completed,33.3,"FP&A Jan variance was $1,974,919 vs plan",04/03/2026 01:06:44 PM
r03-0000767,ssanchez@harwellinsurancegroup.com,[AP Aging Analyst] Check covenant compliance for the revolver,completed,4.1,"Treasury Jun variance was $4,183,660 vs plan",04/03/2026 04:01:42 PM
r03-0000768,kjohnson@harwellinsurancegroup.com,[Close Checklist Bot] What drove the change in gross margin this quarter?,completed,34.0,"FP&A Jun variance was $2,023,611 vs plan",04/03/2026 12:52:14 PM
r03-0000769,bwilliams@harwellinsurancegroup.com,[Revenue Recognizer] Forecast Apr operating cash flow,completed,1.2,error: connection reset by peer,04/04/2026 04:36:08 PM
r03-0000770,ssanchez@harwellinsurancegroup.com,[Flux Commentary] Which cost centers are over budget YTD?,completed,64.4,"Ops Jun variance was $685,735 vs plan",04/04/2026 03:52:58 PM
r03-0000771,kharris@harwellinsurancegroup.com,[Variance Explainer] Build the board deck cash slide for Feb,completed,10.2,"Ops Feb variance was $837,152 vs plan",04/04/2026 02:32:12 PM
r03-0000772,kharris@harwellinsurancegroup.com,[Variance Explainer] Which cost centers are over budget YTD?,completed,22.1,"Ops Feb variance was $3,539,702 vs plan",04/04/2026 04:50:01 PM
r03-0000773,ssanchez@harwellinsurancegroup.com,[Board Deck Builder] Which cost centers are over budget YTD?,completed,0.9,ERROR: upstream request timed out,04/04/2026 10:30:36 AM
r03-0000774,thaddad@harwellinsurancegroup.com,[AP Aging Analyst] Build the board deck cash slide for Jan,completed,70.8,"FP&A Jan variance was $3,869,119 vs plan",04/04/2026 08:53:44 AM
r03-0000775,ssanchez@harwellinsurancegroup.com,[Cash Forecaster] Which cost centers are over budget YTD?,completed,15.2,"Ops May variance was $1,931,874 vs plan",04/04/2026 10:07:29 AM
r03-0000776,pgonzalez@harwellinsurancegroup.com,[Vendor Spend Analyzer] Forecast Apr operating cash flow,completed,24.7,"Treasury Apr variance was $4,196,389 vs plan",04/04/2026 12:01:26 PM
r03-0000777,kjohnson@harwellinsurancegroup.com,[Board Deck Builder] Explain the headcount variance vs plan,completed,22.6,"Treasury May variance was $827,297 vs plan",04/04/2026 04:21:05 PM
r03-0000778,ssanchez@harwellinsurancegroup.com,[AP Aging Analyst] Check covenant compliance for the revolver,completed,38.9,"Accounting Apr variance was $55,251 vs plan",04/04/2026 08:57:50 AM
r03-0000779,ssanchez@harwellinsurancegroup.com,[Headcount Planner] Summarize the Apr variance for entity EU-06,completed,44.2,"FP&A Apr variance was $4,271,800 vs plan",04/05/2026 01:43:56 PM
r03-0000780,ssanchez@harwellinsurancegroup.com,[Variance Explainer] Which cost centers are over budget YTD?,completed,9.8,"Treasury Mar variance was $4,208,254 vs plan",04/05/2026 12:06:05 PM
r03-0000781,ssanchez@harwellinsurancegroup.com,[AP Aging Analyst] Which cost centers are over budget YTD?,error,1.6,ERROR: upstream request timed out,04/05/2026 06:30:50 PM
r03-0000782,lwhite@harwellinsurancegroup.com,[Revenue Recognizer] Explain the headcount variance vs plan,completed,9.1,"Ops May variance was $4,199,053 vs plan",04/05/2026 10:28:41 AM
r03-0000783,ssanchez@harwellinsurancegroup.com,[Revenue Recognizer] Draft flux commentary for the Apr close,completed,1.1,error code 502 from model gateway,04/05/2026 09:17:00 AM
r03-0000784,ssanchez@harwellinsurancegroup.com,[Budget vs Actual] Forecast Jun operating cash flow,completed,44.5,"Ops Jun variance was $1,152,554 vs plan",04/05/2026 10:33:23 AM
r03-0000785,ssanchez@harwellinsurancegroup.com,[Cash Forecaster] Draft flux commentary for the Mar close,error,5.2,Traceback (most recent call last): KeyError 'entity',04/05/2026 11:52:41 AM
r03-0000786,ssanchez@harwellinsurancegroup.com,[Board Deck Builder] Build the board deck cash slide for May,completed,52.1,"Ops May variance was $1,428,878 vs plan",04/06/2026 07:04:57 AM
r03-0000787,kharris@harwellinsurancegroup.com,[Budget vs Actual] Which cost centers are over budget YTD?,completed,60.6,"FP&A Jan variance was $983,640 vs plan",04/06/2026 03:56:29 PM
r03-0000788,kjohnson@harwellinsurancegroup.com,[Budget vs Actual] Check covenant compliance for the revolver,completed,1.7,ERROR: upstream request timed out,04/06/2026 07:04:04 AM
r03-0000789,lwhite@harwellinsurancegroup.com,[Flux Commentary] Explain the headcount variance vs plan,completed,1.1,error: connection reset by peer,04/06/2026 02:16:45 PM
r03-0000790,lwhite@harwellinsurancegroup.com,[Vendor Spend Analyzer] Summarize the May variance for entity US-03,completed,50.4,"Accounting May variance was $1,318,171 vs plan",04/06/2026 03:15:29 PM
r03-0000791,mmiller@harwellinsurancegroup.com,[Journal Entry Reviewer] Explain the headcount variance vs plan,completed,16.7,"FP&A Apr variance was $4,510,584 vs plan",04/06/2026 12:50:56 PM
r03-0000792,ssanchez@harwellinsurancegroup.com,[Flux Commentary] Forecast Mar operating cash flow,completed,70.5,"Treasury Mar variance was $3,172,425 vs plan",04/06/2026 04:46:07 PM
r03-0000793,kjohnson@harwellinsurancegroup.com,[Vendor Spend Analyzer] Reconcile AP aging over 90 days for EU-07,completed,30.2,"Treasury Jan variance was $4,553,932 vs plan",04/06/2026 06:09:08 AM
r03-0000794,ssanchez@harwellinsurancegroup.com,[AP Aging Analyst] Which cost centers are over budget YTD?,completed,54.7,"Accounting May variance was $34,515 vs plan",04/06/2026 05:35:09 PM
r03-0000795,ssanchez@harwellinsurancegroup.com,[Board Deck Builder] Forecast Jun operating cash flow,completed,0.6,FAILED: null reference in aggregation step,04/06/2026 08:11:06 AM
r03-0000796,jjones@harwellinsurancegroup.com,[AP Aging Analyst] Check covenant compliance for the revolver,completed,72.7,"Ops Feb variance was $2,067,101 vs plan",04/06/2026 06:24:31 AM
r03-0000797,kjohnson@harwellinsurancegroup.com,[Budget vs Actual] Check covenant compliance for the revolver,completed,33.1,"Accounting May variance was $423,080 vs plan",04/06/2026 11:47:27 AM
r03-0000798,ssanchez@harwellinsurancegroup.com,[Board Deck Builder] Draft flux commentary for the May close,completed,40.1,"FP&A May variance was $2,224,801 vs plan",04/06/2026 04:12:27 PM
r03-0000799,kharris@harwellinsurancegroup.com,[Covenant Checker] Reconcile AP aging over 90 days for CA-07,completed,71.5,"Ops Jun variance was $416,909 vs plan",04/06/2026 03:53:09 PM
r03-0000800,kharris@harwellinsurancegroup.com,[Headcount Planner] Draft flux commentary for the Apr close,completed,38.3,"Ops Apr variance was $3,382,419 vs plan",04/06/2026 11:37:11 AM
r03-0000801,dlee@harwellinsurancegroup.com,[Headcount Planner] Which cost centers are over budget YTD?,completed,36.3,"FP&A Jan variance was $1,140,478 vs plan",04/06/2026 12:08:48 PM
r03-0000802,agarcia@harwellinsurancegroup.com,[Close Checklist Bot] Explain the headcount variance vs plan,error,1.1,ERROR: upstream request timed out,04/06/2026 10:32:54 AM
r03-0000803,ssanchez@harwellinsurancegroup.com,[Board Deck Builder] Explain the headcount variance vs plan,completed,58.0,"Accounting Jan variance was $2,984,041 vs plan",04/06/2026 02:33:19 PM
r03-0000804,ssanchez@harwellinsurancegroup.com,[Covenant Checker] Check covenant compliance for the revolver,completed,10.6,"FP&A Jan variance was $4,016,246 vs plan",04/06/2026 12:45:03 PM
r03-0000805,pgonzalez@harwellinsurancegroup.com,[Budget vs Actual] Why did FP&A spend exceed budget in Jun?,completed,37.1,"FP&A Jun variance was $3,794,916 vs plan",04/06/2026 09:21:48 AM
r03-0000806,ssanchez@harwellinsurancegroup.com,[Headcount Planner] Build the board deck cash slide for Jan,completed,33.8,"Ops Jan variance was $1,389,825 vs plan",04/07/2026 10:32:26 AM
r03-0000807,kharris@harwellinsurancegroup.com,[Budget vs Actual] Summarize the Apr variance for entity US-01,completed,45.4,"Accounting Apr variance was $4,426,364 vs plan",04/07/2026 12:10:09 PM
r03-0000808,ssanchez@harwellinsurancegroup.com,[Board Deck Builder] Explain the headcount variance vs plan,completed,1.8,FAILED: null reference in aggregation step,04/07/2026 12:49:01 PM
r03-0000809,agarcia@harwellinsurancegroup.com,[Cash Forecaster] Explain the headcount variance vs plan,completed,52.4,"FP&A May variance was $4,261,293 vs plan",04/07/2026 10:54:23 AM
r03-0000810,ssanchez@harwellinsurancegroup.com,[Close Checklist Bot] Summarize the May variance for entity EU-07,completed,64.4,"Ops May variance was $2,762,540 vs plan",04/07/2026 05:11:12 PM
r03-0000811,jthompson@harwellinsurancegroup.com,[Close Checklist Bot] Which cost centers are over budget YTD?,completed,14.4,"Accounting Jan variance was $1,568,122 vs plan",04/07/2026 11:12:08 AM
r03-0000812,ssanchez@harwellinsurancegroup.com,[AP Aging Analyst] Draft flux commentary for the Jun close,completed,40.4,"Ops Jun variance was $770,137 vs plan",04/07/2026 08:01:17 AM
r03-0000813,ssanchez@harwellinsurancegroup.com,[Close Checklist Bot] Reconcile AP aging over 90 days for MX-08,error,4.1,FAILED: null reference in aggregation step,04/07/2026 03:33:07 PM
r03-0000814,ssanchez@harwellinsurancegroup.com,[Close Checklist Bot] Check covenant compliance for the revolver,completed,56.9,"Ops Apr variance was $283,872 vs plan",04/07/2026 02:58:26 PM
r03-0000815,ssanchez@harwellinsurancegroup.com,[Journal Entry Reviewer] Check covenant compliance for the revolver,completed,61.8,"FP&A Jan variance was $505,563 vs plan",04/07/2026 12:08:50 PM
r03-0000816,ssanchez@harwellinsurancegroup.com,[AP Aging Analyst] Build the board deck cash slide for Jun,completed,38.0,"Ops Jun variance was $2,871,362 vs plan",04/07/2026 01:55:50 PM
r03-0000817,kharris@harwellinsurancegroup.com,[Variance Explainer] Explain the headcount variance vs plan,completed,12.7,"FP&A Jun variance was $554,474 vs plan",04/07/2026 02:14:20 PM
r03-0000818,lwhite@harwellinsurancegroup.com,[Flux Commentary] What drove the change in gross margin this quarter?,completed,5.0,"Ops Mar variance was $2,756,884 vs plan",04/07/2026 03:28:50 PM
r03-0000819,pgonzalez@harwellinsurancegroup.com,[Journal Entry Reviewer] Reconcile AP aging over 90 days for US-03,completed,54.3,"FP&A May variance was $680,028 vs plan",04/07/2026 01:45:56 PM
r03-0000820,jthompson@harwellinsurancegroup.com,[Revenue Recognizer] Why did Ops spend exceed budget in Jun?,completed,63.3,"Ops Jun variance was $2,119,750 vs plan",04/07/2026 09:55:13 AM
r03-0000821,agarcia@harwellinsurancegroup.com,[Budget vs Actual] What drove the change in gross margin this quarter?,completed,38.4,"Ops Jun variance was $1,528,537 vs plan",04/07/2026 01:43:28 PM
r03-0000822,ssanchez@harwellinsurancegroup.com,[Headcount Planner] Draft flux commentary for the Jan close,completed,69.2,"FP&A Jan variance was $2,876,960 vs plan",04/07/2026 03:21:16 PM
r03-0000823,ssanchez@harwellinsurancegroup.com,[AP Aging Analyst] Check covenant compliance for the revolver,completed,46.2,"Treasury Jun variance was $1,462,965 vs plan",04/07/2026 04:42:17 PM
r03-0000824,kharris@harwellinsurancegroup.com,[Headcount Planner] Draft flux commentary for the Apr close,completed,29.8,"Ops Apr variance was $3,607,732 vs plan",04/07/2026 10:20:23 AM
r03-0000825,mrobinson@harwellinsurancegroup.com,[Revenue Recognizer] Build the board deck cash slide for Apr,completed,1.0,error: connection reset by peer,04/07/2026 11:02:02 AM
r03-0000826,ssanchez@harwellinsurancegroup.com,[Budget vs Actual] Draft flux commentary for the Apr close,completed,71.9,"Treasury Apr variance was $4,474,061 vs plan",04/07/2026 11:03:23 AM
r03-0000827,ssanchez@harwellinsurancegroup.com,[Revenue Recognizer] Which cost centers are over budget YTD?,completed,42.9,"Accounting May variance was $3,649,763 vs plan",04/07/2026 12:20:05 PM
r03-0000828,ssanchez@harwellinsurancegroup.com,[Flux Commentary] Why did Ops spend exceed budget in Feb?,completed,33.1,"Ops Feb variance was $682,272 vs plan",04/07/2026 05:10:42 PM
r03-0000829,lwhite@harwellinsurancegroup.com,[Headcount Planner] Check covenant compliance for the revolver,error,7.7,Traceback (most recent call last): KeyError 'entity',04/08/2026 10:40:06 AM
r03-0000830,ssanchez@harwellinsurancegroup.com,[Vendor Spend Analyzer] Why did FP&A spend exceed budget in May?,completed,55.6,"FP&A May variance was $752,166 vs plan",04/08/2026 03:15:53 PM
r03-0000831,lmartin@harwellinsurancegroup.com,[Vendor Spend Analyzer] What drove the change in gross margin this quarter?,completed,67.7,"FP&A May variance was $905,356 vs plan",04/08/2026 06:54:46 AM
r03-0000832,kjohnson@harwellinsurancegroup.com,[Journal Entry Reviewer] Why did Accounting spend exceed budget in May?,completed,55.5,"Accounting May variance was $1,158,017 vs plan",04/08/2026 11:06:14 AM
r03-0000833,ssanchez@harwellinsurancegroup.com,[Covenant Checker] Explain the headcount variance vs plan,completed,28.5,"Accounting Apr variance was $1,625,784 vs plan",04/08/2026 05:39:11 PM
r03-0000834,ssanchez@harwellinsurancegroup.com,[Close Checklist Bot] Which cost centers are over budget YTD?,completed,47.6,"Accounting May variance was $1,246,316 vs plan",04/08/2026 10:51:58 AM
r03-0000835,ssanchez@harwellinsurancegroup.com,[Close Checklist Bot] Draft flux commentary for the Apr close,error,4.7,error: connection reset by peer,04/08/2026 07:03:39 AM
r03-0000836,kjohnson@harwellinsurancegroup.com,[AP Aging Analyst] Draft flux commentary for the Jun close,error,3.8,error code 502 from model gateway,04/08/2026 03:19:41 PM
r03-0000837,ssanchez@harwellinsurancegroup.com,[Headcount Planner] Check covenant compliance for the revolver,completed,33.9,"Treasury Mar variance was $1,371,368 vs plan",04/08/2026 04:08:10 PM
r03-0000838,bwilliams@harwellinsurancegroup.com,[Vendor Spend Analyzer] Summarize the Mar variance for entity CA-06,completed,18.1,"Accounting Mar variance was $3,389,362 vs plan",04/08/2026 10:25:25 AM
r03-0000839,pthompson@harwellinsurancegroup.com,[Board Deck Builder] Why did FP&A spend exceed budget in Apr?,completed,38.5,"FP&A Apr variance was $46,132 vs plan",04/08/2026 02:53:00 PM
r03-0000840,mrobinson@harwellinsurancegroup.com,[Headcount Planner] Draft flux commentary for the Mar close,completed,52.1,"Treasury Mar variance was $2,182,139 vs plan",04/08/2026 09:19:50 AM
r03-0000841,ssanchez@harwellinsurancegroup.com,[Revenue Recognizer] Which cost centers are over budget YTD?,completed,50.1,"Ops Jan variance was $1,008,040 vs plan",04/08/2026 10:09:49 AM
r03-0000842,ssanchez@harwellinsurancegroup.com,[Headcount Planner] Reconcile AP aging over 90 days for MX-05,completed,73.8,"Accounting Feb variance was $2,364,114 vs plan",04/08/2026 02:29:55 PM
r03-0000843,lwhite@harwellinsurancegroup.com,[AP Aging Analyst] Summarize the Jan variance for entity MX-01,error,6.3,Traceback (most recent call last): KeyError 'entity',04/08/2026 05:15:12 PM
r03-0000844,ssanchez@harwellinsurancegroup.com,[Revenue Recognizer] Why did Treasury spend exceed budget in Mar?,completed,4.1,"Treasury Mar variance was $1,064,011 vs plan",04/08/2026 12:56:30 PM
r03-0000845,ssanchez@harwellinsurancegroup.com,[Board Deck Builder] What drove the change in gross margin this quarter?,completed,1.4,Traceback (most recent call last): KeyError 'entity',04/08/2026 12:51:22 PM
r03-0000846,rthompson@harwellinsurancegroup.com,[Budget vs Actual] What drove the change in gross margin this quarter?,completed,18.5,"FP&A Jun variance was $1,880,698 vs plan",04/08/2026 12:27:28 PM
r03-0000847,ssanchez@harwellinsurancegroup.com,[Cash Forecaster] Draft flux commentary for the Jun close,completed,59.7,"FP&A Jun variance was $2,722,837 vs plan",04/08/2026 06:42:06 PM
r03-0000848,agarcia@harwellinsurancegroup.com,[Cash Forecaster] Explain the headcount variance vs plan,completed,8.2,"Ops Feb variance was $4,276,684 vs plan",04/08/2026 05:25:04 PM
r03-0000849,pgonzalez@harwellinsurancegroup.com,[Revenue Recognizer] Draft flux commentary for the Apr close,error,5.8,Traceback (most recent call last): KeyError 'entity',04/08/2026 01:34:21 PM
r03-0000850,kharris@harwellinsurancegroup.com,[Headcount Planner] Draft flux commentary for the Apr close,completed,11.3,"Treasury Apr variance was $1,598,301 vs plan",04/08/2026 02:32:12 PM
r03-0000851,ssanchez@harwellinsurancegroup.com,[Board Deck Builder] Why did FP&A spend exceed budget in Jan?,completed,47.9,"FP&A Jan variance was $984,932 vs plan",04/08/2026 12:35:42 PM
r03-0000852,ssanchez@harwellinsurancegroup.com,[Journal Entry Reviewer] What drove the change in gross margin this quarter?,completed,60.9,"Ops May variance was $2,364,544 vs plan",04/08/2026 10:48:19 AM
r03-0000853,ssanchez@harwellinsurancegroup.com,[Headcount Planner] Reconcile AP aging over 90 days for MX-06,completed,8.4,"FP&A Feb variance was $2,792,104 vs plan",04/08/2026 01:30:22 PM
r03-0000854,mmiller@harwellinsurancegroup.com,[Headcount Planner] Forecast Mar operating cash flow,completed,29.5,"Treasury Mar variance was $1,661,472 vs plan",04/08/2026 02:05:12 PM
r03-0000855,ssanchez@harwellinsurancegroup.com,[Budget vs Actual] Reconcile AP aging over 90 days for CA-03,completed,58.3,"FP&A Mar variance was $1,552,997 vs plan",04/08/2026 03:53:11 PM
r03-0000856,ssanchez@harwellinsurancegroup.com,[Close Checklist Bot] Draft flux commentary for the Feb close,completed,1.2,ERROR: upstream request timed out,04/09/2026 12:35:14 PM
r03-0000857,mrobinson@harwellinsurancegroup.com,[Covenant Checker] Reconcile AP aging over 90 days for EU-01,completed,56.5,"Treasury Mar variance was $4,488,569 vs plan",04/09/2026 10:54:07 AM
r03-0000858,rmartinez@harwellinsurancegroup.com,[Cash Forecaster] Check covenant compliance for the revolver,completed,17.5,"FP&A Feb variance was $4,489,362 vs plan",04/09/2026 08:31:40 AM
r03-0000859,ssanchez@harwellinsurancegroup.com,[Vendor Spend Analyzer] Forecast Mar operating cash flow,completed,18.6,"Ops Mar variance was $1,528,214 vs plan",04/09/2026 06:53:53 PM
r03-0000860,mrobinson@harwellinsurancegroup.com,[Revenue Recognizer] Draft flux commentary for the May close,completed,25.4,"Treasury May variance was $1,911,311 vs plan",04/09/2026 07:37:04 PM
r03-0000861,jwalker@harwellinsurancegroup.com,[Covenant Checker] Which cost centers are over budget YTD?,completed,56.9,"Accounting Jan variance was $279,014 vs plan",04/09/2026 12:58:24 PM
r03-0000862,ssanchez@harwellinsurancegroup.com,[Covenant Checker] Summarize the Jan variance for entity EU-02,completed,0.8,Traceback (most recent call last): KeyError 'entity',04/09/2026 01:40:52 PM
r03-0000863,ssanchez@harwellinsurancegroup.com,[Covenant Checker] Build the board deck cash slide for Jan,completed,52.6,"FP&A Jan variance was $813,309 vs plan",04/09/2026 01:40:48 PM
r03-0000864,kharris@harwellinsurancegroup.com,[Revenue Recognizer] Check covenant compliance for the revolver,completed,37.3,"FP&A Jan variance was $3,385,862 vs plan",04/09/2026 02:32:43 PM
r03-0000865,lwhite@harwellinsurancegroup.com,[Budget vs Actual] Draft flux commentary for the Mar close,error,6.3,Traceback (most recent call last): KeyError 'entity',04/09/2026 03:19:33 PM
r03-0000866,ssanchez@harwellinsurancegroup.com,[Vendor Spend Analyzer] Build the board deck cash slide for Mar,completed,8.9,"Treasury Mar variance was $3,492,688 vs plan",04/09/2026 12:10:10 PM
r03-0000867,kharris@harwellinsurancegroup.com,[Headcount Planner] Reconcile AP aging over 90 days for EU-07,completed,49.7,"Ops Jan variance was $3,630,047 vs plan",04/09/2026 07:11:42 AM
r03-0000868,ssanchez@harwellinsurancegroup.com,[Covenant Checker] Check covenant compliance for the revolver,completed,65.1,"Accounting Jun variance was $686,419 vs plan",04/09/2026 05:09:38 PM
r03-0000869,jthompson@harwellinsurancegroup.com,[Board Deck Builder] Forecast Feb operating cash flow,completed,63.8,"FP&A Feb variance was $762,133 vs plan",04/09/2026 09:53:08 PM
r03-0000870,ssanchez@harwellinsurancegroup.com,[Cash Forecaster] Draft flux commentary for the Apr close,completed,1.5,error code 502 from model gateway,04/09/2026 07:11:32 AM
r03-0000871,kharris@harwellinsurancegroup.com,[Vendor Spend Analyzer] Why did Accounting spend exceed budget in Jun?,completed,1.8,error: connection reset by peer,04/10/2026 11:22:33 AM
r03-0000872,kjohnson@harwellinsurancegroup.com,[AP Aging Analyst] What drove the change in gross margin this quarter?,completed,70.1,"Treasury Feb variance was $2,933,575 vs plan",04/10/2026 10:25:00 AM
r03-0000873,kharris@harwellinsurancegroup.com,[Board Deck Builder] Which cost centers are over budget YTD?,completed,0.4,Traceback (most recent call last): KeyError 'entity',04/10/2026 06:23:51 AM
r03-0000874,ssanchez@harwellinsurancegroup.com,[AP Aging Analyst] Summarize the Jun variance for entity EU-08,completed,72.7,"FP&A Jun variance was $2,090,545 vs plan",04/10/2026 01:23:25 PM
r03-0000875,pgonzalez@harwellinsurancegroup.com,[Cash Forecaster] Build the board deck cash slide for Mar,completed,14.3,"FP&A Mar variance was $4,395,768 vs plan",04/10/2026 12:52:03 PM
r03-0000876,ssanchez@harwellinsurancegroup.com,[Covenant Checker] Draft flux commentary for the Feb close,completed,11.3,"Accounting Feb variance was $1,410,114 vs plan",04/10/2026 10:42:53 AM
r03-0000877,ssanchez@harwellinsurancegroup.com,[Close Checklist Bot] What drove the change in gross margin this quarter?,completed,35.2,"Accounting Jan variance was $3,612,335 vs plan",04/10/2026 11:01:21 AM
r03-0000878,ssanchez@harwellinsurancegroup.com,[Board Deck Builder] Which cost centers are over budget YTD?,completed,52.4,"Treasury Mar variance was $4,038,305 vs plan",04/10/2026 12:02:00 PM
r03-0000879,ssanchez@harwellinsurancegroup.com,[Vendor Spend Analyzer] Check covenant compliance for the revolver,completed,7.4,"Accounting Jan variance was $570,363 vs plan",04/10/2026 08:35:35 AM
r03-0000880,ssanchez@harwellinsurancegroup.com,[Flux Commentary] Check covenant compliance for the revolver,completed,68.4,"Treasury Feb variance was $2,046,021 vs plan",04/10/2026 12:52:44 PM
r03-0000881,ssanchez@harwellinsurancegroup.com,[Revenue Recognizer] Why did Treasury spend exceed budget in Jun?,completed,36.2,"Treasury Jun variance was $3,983,782 vs plan",04/10/2026 08:56:20 AM
r03-0000882,ssanchez@harwellinsurancegroup.com,[Budget vs Actual] Draft flux commentary for the Apr close,completed,35.0,"FP&A Apr variance was $3,031,702 vs plan",04/10/2026 11:58:28 AM
r03-0000883,ssanchez@harwellinsurancegroup.com,[Flux Commentary] Explain the headcount variance vs plan,completed,19.4,"FP&A Jan variance was $822,144 vs plan",04/10/2026 02:27:53 PM
r03-0000884,ssanchez@harwellinsurancegroup.com,[Variance Explainer] Why did Treasury spend exceed budget in May?,error,3.0,FAILED: null reference in aggregation step,04/10/2026 11:31:22 AM
r03-0000885,ssanchez@harwellinsurancegroup.com,[Vendor Spend Analyzer] Reconcile AP aging over 90 days for MX-06,completed,20.5,"Ops May variance was $962,907 vs plan",04/10/2026 09:40:32 AM
r03-0000886,kjohnson@harwellinsurancegroup.com,[Board Deck Builder] Explain the headcount variance vs plan,completed,42.7,"FP&A Apr variance was $2,143,888 vs plan",04/10/2026 08:53:14 PM
r03-0000887,agarcia@harwellinsurancegroup.com,[Cash Forecaster] Summarize the May variance for entity EU-04,completed,67.0,"Accounting May variance was $4,776,716 vs plan",04/10/2026 12:21:54 PM
r03-0000888,jjones@harwellinsurancegroup.com,[Variance Explainer] Which cost centers are over budget YTD?,completed,54.3,"Ops Feb variance was $1,807,854 vs plan",04/10/2026 01:27:14 PM
r03-0000889,ssanchez@harwellinsurancegroup.com,[Flux Commentary] What drove the change in gross margin this quarter?,completed,52.3,"Accounting Jan variance was $741,657 vs plan",04/10/2026 02:12:15 PM
r03-0000890,ssanchez@harwellinsurancegroup.com,[Variance Explainer] Build the board deck cash slide for Apr,completed,49.6,"Ops Apr variance was $3,230,080 vs plan",04/10/2026 10:38:25 AM
r03-0000891,pgonzalez@harwellinsurancegroup.com,[Revenue Recognizer] Which cost centers are over budget YTD?,completed,1.4,error: connection reset by peer,04/10/2026 11:40:01 AM
r03-0000892,ssanchez@harwellinsurancegroup.com,[Flux Commentary] Reconcile AP aging over 90 days for EU-07,completed,70.7,"Accounting Feb variance was $412,955 vs plan",04/10/2026 01:31:06 PM
r03-0000893,ssanchez@harwellinsurancegroup.com,[Revenue Recognizer] Why did Accounting spend exceed budget in Jan?,completed,6.6,"Accounting Jan variance was $1,333,313 vs plan",04/10/2026 09:11:24 AM
r03-0000894,lwhite@harwellinsurancegroup.com,[Variance Explainer] Summarize the Jan variance for entity MX-09,completed,60.0,"Treasury Jan variance was $949,667 vs plan",04/10/2026 06:10:10 AM
r03-0000895,lwhite@harwellinsurancegroup.com,[AP Aging Analyst] Build the board deck cash slide for May,completed,37.7,"Accounting May variance was $2,433,977 vs plan",04/10/2026 12:21:21 PM
r03-0000896,ssanchez@harwellinsurancegroup.com,[Close Checklist Bot] What drove the change in gross margin this quarter?,completed,18.9,"Treasury May variance was $4,412,639 vs plan",04/10/2026 09:02:39 AM
r03-0000897,thaddad@harwellinsurancegroup.com,[Headcount Planner] Explain the headcount variance vs plan,completed,64.3,"FP&A May variance was $2,109,667 vs plan",04/10/2026 10:16:21 AM
r03-0000898,ssanchez@harwellinsurancegroup.com,[Revenue Recognizer] Reconcile AP aging over 90 days for US-05,completed,55.6,"Treasury Apr variance was $1,054,484 vs plan",04/10/2026 11:39:40 AM
r03-0000899,lmartin@harwellinsurancegroup.com,[Cash Forecaster] Explain the headcount variance vs plan,completed,16.6,"FP&A Jan variance was $2,600,238 vs plan",04/10/2026 05:32:17 PM
r03-0000900,ssanchez@harwellinsurancegroup.com,[AP Aging Analyst] Build the board deck cash slide for Apr,completed,62.9,"FP&A Apr variance was $331,121 vs plan",04/10/2026 01:51:51 PM
r03-0000901,ssanchez@harwellinsurancegroup.com,[Cash Forecaster] Why did Treasury spend exceed budget in Jan?,completed,1.1,FAILED: null reference in aggregation step,04/10/2026 02:38:45 PM
r03-0000902,dlee@harwellinsurancegroup.com,[Close Checklist Bot] Check covenant compliance for the revolver,completed,31.8,"Accounting Mar variance was $4,084,754 vs plan",04/10/2026 12:47:19 PM
r03-0000903,phaddad@harwellinsurancegroup.com,[Budget vs Actual] Summarize the Apr variance for entity MX-03,completed,43.8,"Ops Apr variance was $1,352,874 vs plan",04/10/2026 09:43:05 AM
r03-0000904,lwhite@harwellinsurancegroup.com,[Revenue Recognizer] What drove the change in gross margin this quarter?,completed,27.9,"Accounting Jan variance was $2,845,455 vs plan",04/11/2026 12:57:00 PM
r03-0000905,ssanchez@harwellinsurancegroup.com,[Covenant Checker] Forecast Jun operating cash flow,completed,34.9,"Accounting Jun variance was $3,634,516 vs plan",04/11/2026 04:04:01 PM
r03-0000906,kharris@harwellinsurancegroup.com,[Revenue Recognizer] Summarize the Jan variance for entity CA-04,completed,38.6,"Ops Jan variance was $2,331,543 vs plan",04/11/2026 09:10:58 AM
r03-0000907,mrobinson@harwellinsurancegroup.com,[Close Checklist Bot] Build the board deck cash slide for Mar,error,0.8,error: connection reset by peer,04/11/2026 10:23:04 AM
r03-0000908,ssanchez@harwellinsurancegroup.com,[Flux Commentary] Why did Treasury spend exceed budget in Jun?,completed,24.2,"Treasury Jun variance was $3,391,221 vs plan",04/11/2026 02:37:33 PM
r03-0000909,ssanchez@harwellinsurancegroup.com,[Board Deck Builder] Summarize the Mar variance for entity MX-07,completed,23.4,"Treasury Mar variance was $1,310,487 vs plan",04/11/2026 02:54:25 PM
r03-0000910,ssanchez@harwellinsurancegroup.com,[Variance Explainer] Summarize the Feb variance for entity EU-03,completed,57.6,"Accounting Feb variance was $1,315,370 vs plan",04/11/2026 11:48:22 AM
r03-0000911,phaddad@harwellinsurancegroup.com,[Flux Commentary] Check covenant compliance for the revolver,completed,67.1,"Accounting Mar variance was $1,227,936 vs plan",04/11/2026 03:28:44 PM
r03-0000912,ssanchez@harwellinsurancegroup.com,[Revenue Recognizer] Which cost centers are over budget YTD?,completed,28.6,"Treasury Feb variance was $2,442,025 vs plan",04/11/2026 07:05:28 AM
r03-0000913,ssanchez@harwellinsurancegroup.com,[Budget vs Actual] Forecast Apr operating cash flow,completed,0.9,FAILED: null reference in aggregation step,04/11/2026 12:26:48 PM
r03-0000914,ssanchez@harwellinsurancegroup.com,[Budget vs Actual] Forecast Jun operating cash flow,completed,59.3,"Ops Jun variance was $2,780,459 vs plan",04/11/2026 11:08:31 AM
r03-0000915,ssanchez@harwellinsurancegroup.com,[Variance Explainer] Summarize the May variance for entity EU-07,completed,38.7,"FP&A May variance was $3,409,400 vs plan",04/11/2026 09:46:44 PM
r03-0000916,ssanchez@harwellinsurancegroup.com,[AP Aging Analyst] Reconcile AP aging over 90 days for US-08,error,4.6,Traceback (most recent call last): KeyError 'entity',04/11/2026 01:31:15 PM
r03-0000917,ssanchez@harwellinsurancegroup.com,[Variance Explainer] What drove the change in gross margin this quarter?,completed,35.2,"Ops Jun variance was $650,732 vs plan",04/12/2026 06:15:22 PM
r03-0000918,kharris@harwellinsurancegroup.com,[Flux Commentary] Forecast Feb operating cash flow,completed,45.4,"Accounting Feb variance was $3,000,253 vs plan",04/12/2026 11:38:40 AM
r03-0000919,lmartin@harwellinsurancegroup.com,[Vendor Spend Analyzer] Build the board deck cash slide for Apr,completed,16.4,"Ops Apr variance was $2,498,484 vs plan",04/12/2026 09:41:25 PM
r03-0000920,ssanchez@harwellinsurancegroup.com,[Vendor Spend Analyzer] Forecast Apr operating cash flow,completed,52.6,"FP&A Apr variance was $3,076,338 vs plan",04/12/2026 01:36:55 PM
r03-0000921,ssanchez@harwellinsurancegroup.com,[Board Deck Builder] Summarize the Feb variance for entity CA-08,completed,26.5,"Ops Feb variance was $2,451 vs plan",04/12/2026 09:57:48 AM
r03-0000922,ssanchez@harwellinsurancegroup.com,[Headcount Planner] What drove the change in gross margin this quarter?,error,4.8,FAILED: null reference in aggregation step,04/12/2026 12:19:27 PM
r03-0000923,ssanchez@harwellinsurancegroup.com,[Revenue Recognizer] Build the board deck cash slide for May,completed,19.2,"Ops May variance was $3,344,540 vs plan",04/12/2026 03:08:40 PM
r03-0000924,mramirez@harwellinsurancegroup.com,[Covenant Checker] Build the board deck cash slide for Jun,completed,33.4,"FP&A Jun variance was $3,503,795 vs plan",04/12/2026 01:42:55 PM
r03-0000925,ssanchez@harwellinsurancegroup.com,[Revenue Recognizer] Which cost centers are over budget YTD?,completed,65.5,"FP&A May variance was $273,148 vs plan",04/12/2026 06:07:05 AM
r03-0000926,agarcia@harwellinsurancegroup.com,[AP Aging Analyst] Reconcile AP aging over 90 days for CA-06,completed,16.4,"Accounting Apr variance was $3,758,524 vs plan",04/12/2026 12:39:37 PM
r03-0000927,ssanchez@harwellinsurancegroup.com,[Flux Commentary] Why did Ops spend exceed budget in Feb?,completed,32.5,"Ops Feb variance was $962,514 vs plan",04/12/2026 07:25:36 AM
r03-0000928,ssanchez@harwellinsurancegroup.com,[Vendor Spend Analyzer] Draft flux commentary for the Apr close,completed,1.1,FAILED: null reference in aggregation step,04/12/2026 03:47:00 PM
r03-0000929,ssanchez@harwellinsurancegroup.com,[Journal Entry Reviewer] Summarize the Jun variance for entity EU-02,completed,65.5,"FP&A Jun variance was $1,506,778 vs plan",04/13/2026 03:07:57 PM
r03-0000930,ssanchez@harwellinsurancegroup.com,[Variance Explainer] Forecast Mar operating cash flow,completed,45.1,"FP&A Mar variance was $1,763,331 vs plan",04/13/2026 04:42:06 PM
r03-0000931,pthompson@harwellinsurancegroup.com,[Close Checklist Bot] Explain the headcount variance vs plan,completed,11.9,"FP&A Feb variance was $4,364,048 vs plan",04/13/2026 09:54:04 AM
r03-0000932,ssanchez@harwellinsurancegroup.com,[Vendor Spend Analyzer] Explain the headcount variance vs plan,completed,32.5,"Accounting May variance was $2,980,437 vs plan",04/13/2026 02:11:28 PM
r03-0000933,ssanchez@harwellinsurancegroup.com,[Cash Forecaster] Explain the headcount variance vs plan,completed,31.7,"Ops Mar variance was $2,849,297 vs plan",04/13/2026 01:45:37 PM
r03-0000934,pgonzalez@harwellinsurancegroup.com,[Budget vs Actual] Reconcile AP aging over 90 days for CA-08,completed,63.4,"Treasury Apr variance was $7,603 vs plan",04/13/2026 05:35:50 PM
r03-0000935,ssanchez@harwellinsurancegroup.com,[Flux Commentary] Forecast Mar operating cash flow,error,4.2,error: connection reset by peer,04/13/2026 12:38:43 PM
r03-0000936,rmartinez@harwellinsurancegroup.com,[Variance Explainer] Why did FP&A spend exceed budget in Mar?,completed,10.6,"FP&A Mar variance was $2,678,711 vs plan",04/13/2026 11:27:58 AM
r03-0000937,agarcia@harwellinsurancegroup.com,[Flux Commentary] Reconcile AP aging over 90 days for EU-08,completed,72.2,"Ops Feb variance was $2,509,483 vs plan",04/13/2026 12:39:35 PM
r03-0000938,ssanchez@harwellinsurancegroup.com,[Headcount Planner] Draft flux commentary for the Feb close,completed,20.5,"Treasury Feb variance was $2,652,291 vs plan",04/13/2026 11:34:55 AM
r03-0000939,ssanchez@harwellinsurancegroup.com,[Close Checklist Bot] Check covenant compliance for the revolver,completed,55.0,"FP&A Jan variance was $3,495,637 vs plan",04/13/2026 10:09:23 AM
r03-0000940,ssanchez@harwellinsurancegroup.com,[Flux Commentary] Reconcile AP aging over 90 days for MX-05,completed,0.5,ERROR: upstream request timed out,04/13/2026 12:23:35 PM
r03-0000941,ssanchez@harwellinsurancegroup.com,[Cash Forecaster] Which cost centers are over budget YTD?,completed,59.3,"FP&A May variance was $2,244,159 vs plan",04/13/2026 01:15:11 PM
r03-0000942,ssanchez@harwellinsurancegroup.com,[Board Deck Builder] Check covenant compliance for the revolver,completed,62.4,"FP&A Jan variance was $4,212,806 vs plan",04/13/2026 02:07:05 PM
r03-0000943,ssanchez@harwellinsurancegroup.com,[Revenue Recognizer] Draft flux commentary for the Jan close,completed,52.0,"FP&A Jan variance was $2,828,042 vs plan",04/13/2026 11:32:37 AM
r03-0000944,ssanchez@harwellinsurancegroup.com,[Revenue Recognizer] Check covenant compliance for the revolver,completed,29.5,"FP&A May variance was $3,405,007 vs plan",04/13/2026 09:42:31 AM
r03-0000945,jwalker@harwellinsurancegroup.com,[Revenue Recognizer] Check covenant compliance for the revolver,completed,28.5,"Ops Jun variance was $728,047 vs plan",04/13/2026 12:35:16 PM
r03-0000946,kjohnson@harwellinsurancegroup.com,[Vendor Spend Analyzer] What drove the change in gross margin this quarter?,completed,17.6,"FP&A Feb variance was $887,369 vs plan",04/13/2026 10:18:17 AM
r03-0000947,jthompson@harwellinsurancegroup.com,[Journal Entry Reviewer] Forecast Jun operating cash flow,completed,58.8,"Ops Jun variance was $4,518,047 vs plan",04/13/2026 12:29:36 PM
r03-0000948,kjohnson@harwellinsurancegroup.com,[Variance Explainer] Build the board deck cash slide for Feb,completed,3.5,"FP&A Feb variance was $4,696,785 vs plan",04/13/2026 06:15:45 PM
r03-0000949,ssanchez@harwellinsurancegroup.com,[Budget vs Actual] Which cost centers are over budget YTD?,completed,47.1,"Treasury Jan variance was $2,604,767 vs plan",04/13/2026 12:47:56 PM
r03-0000950,ssanchez@harwellinsurancegroup.com,[Budget vs Actual] Check covenant compliance for the revolver,completed,16.3,"FP&A Jan variance was $2,706,124 vs plan",04/13/2026 12:20:55 PM
r03-0000951,ssanchez@harwellinsurancegroup.com,[Budget vs Actual] Build the board deck cash slide for Jan,completed,70.8,"Ops Jan variance was $4,621,369 vs plan",04/13/2026 03:28:20 PM
r03-0000952,ssanchez@harwellinsurancegroup.com,[Journal Entry Reviewer] Reconcile AP aging over 90 days for EU-08,completed,70.6,"Treasury Jan variance was $3,541,299 vs plan",04/13/2026 06:12:26 AM
r03-0000953,kharris@harwellinsurancegroup.com,[Close Checklist Bot] Why did Ops spend exceed budget in Mar?,completed,9.9,"Ops Mar variance was $1,509,220 vs plan",04/13/2026 11:25:33 AM
r03-0000954,ssanchez@harwellinsurancegroup.com,[Board Deck Builder] What drove the change in gross margin this quarter?,completed,53.9,"Treasury Jan variance was $3,926,791 vs plan",04/13/2026 03:25:56 PM
r03-0000955,kharris@harwellinsurancegroup.com,[Budget vs Actual] Explain the headcount variance vs plan,completed,69.7,"Treasury Jan variance was $2,408,959 vs plan",04/13/2026 03:20:37 PM
r03-0000956,ssanchez@harwellinsurancegroup.com,[Journal Entry Reviewer] What drove the change in gross margin this quarter?,completed,10.0,"Treasury Feb variance was $2,332,434 vs plan",04/13/2026 10:20:14 AM
r03-0000957,ssanchez@harwellinsurancegroup.com,[Flux Commentary] Forecast Feb operating cash flow,completed,43.8,"FP&A Feb variance was $2,354,419 vs plan",04/13/2026 11:50:05 AM
r03-0000958,ssanchez@harwellinsurancegroup.com,[AP Aging Analyst] Which cost centers are over budget YTD?,completed,11.5,"Ops Jun variance was $4,159,102 vs plan",04/13/2026 01:56:58 PM
r03-0000959,kharris@harwellinsurancegroup.com,[Covenant Checker] Check covenant compliance for the revolver,completed,9.7,"Accounting Feb variance was $4,604,764 vs plan",04/13/2026 10:48:44 AM
r03-0000960,kharris@harwellinsurancegroup.com,[Headcount Planner] Forecast Feb operating cash flow,completed,65.9,"Accounting Feb variance was $1,797,669 vs plan",04/13/2026 09:38:58 AM
r03-0000961,ssanchez@harwellinsurancegroup.com,[Covenant Checker] Build the board deck cash slide for May,completed,54.4,"Treasury May variance was $4,329,313 vs plan",04/13/2026 12:36:58 PM
r03-0000962,ssanchez@harwellinsurancegroup.com,[Budget vs Actual] Check covenant compliance for the revolver,completed,24.9,"Ops Feb variance was $3,551,601 vs plan",04/13/2026 12:19:10 PM
r03-0000963,ssanchez@harwellinsurancegroup.com,[Revenue Recognizer] Draft flux commentary for the Mar close,completed,28.0,"Ops Mar variance was $1,144,890 vs plan",04/13/2026 03:28:22 PM
r03-0000964,lmartin@harwellinsurancegroup.com,[Flux Commentary] Reconcile AP aging over 90 days for EU-01,completed,29.1,"Accounting May variance was $2,418,512 vs plan",04/14/2026 11:13:14 AM
r03-0000965,ssanchez@harwellinsurancegroup.com,[Variance Explainer] Which cost centers are over budget YTD?,completed,26.9,"FP&A Jan variance was $1,237,058 vs plan",04/14/2026 04:55:29 PM
r03-0000966,dthompson@harwellinsurancegroup.com,[Cash Forecaster] Check covenant compliance for the revolver,completed,24.7,"Treasury Apr variance was $1,654,900 vs plan",04/14/2026 01:50:01 PM
r03-0000967,ssanchez@harwellinsurancegroup.com,[Cash Forecaster] Summarize the May variance for entity EU-05,completed,21.8,"Accounting May variance was $2,797,805 vs plan",04/14/2026 11:47:58 AM
r03-0000968,kharris@harwellinsurancegroup.com,[Variance Explainer] Why did Accounting spend exceed budget in Mar?,completed,63.7,"Accounting Mar variance was $2,493,542 vs plan",04/14/2026 01:21:24 PM
r03-0000969,ssanchez@harwellinsurancegroup.com,[Headcount Planner] Why did Accounting spend exceed budget in Jan?,completed,60.2,"Accounting Jan variance was $1,421,776 vs plan",04/14/2026 09:37:59 AM
r03-0000970,ssanchez@harwellinsurancegroup.com,[Vendor Spend Analyzer] Reconcile AP aging over 90 days for US-05,completed,6.8,"Ops Jun variance was $90,463 vs plan",04/14/2026 12:17:29 PM
r03-0000971,ssanchez@harwellinsurancegroup.com,[Revenue Recognizer] Why did FP&A spend exceed budget in Feb?,completed,62.2,"FP&A Feb variance was $2,582,167 vs plan",04/14/2026 11:43:34 AM
r03-0000972,ssanchez@harwellinsurancegroup.com,[AP Aging Analyst] Forecast Feb operating cash flow,completed,33.3,"Accounting Feb variance was $4,505,361 vs plan",04/14/2026 12:19:46 PM
r03-0000973,ssanchez@harwellinsurancegroup.com,[Flux Commentary] Why did Ops spend exceed budget in Feb?,completed,51.5,"Ops Feb variance was $1,473,952 vs plan",04/14/2026 03:34:26 PM
r03-0000974,agarcia@harwellinsurancegroup.com,[Headcount Planner] Draft flux commentary for the Feb close,completed,72.1,"FP&A Feb variance was $769,096 vs plan",04/14/2026 06:40:20 AM
r03-0000975,lmartin@harwellinsurancegroup.com,[Headcount Planner] Summarize the Jan variance for entity MX-03,completed,45.9,"Treasury Jan variance was $2,615,125 vs plan",04/14/2026 01:48:10 PM
r03-0000976,kharris@harwellinsurancegroup.com,[AP Aging Analyst] Which cost centers are over budget YTD?,completed,12.1,"Treasury Feb variance was $1,125,616 vs plan",04/14/2026 06:14:55 PM
r03-0000977,ssanchez@harwellinsurancegroup.com,[Budget vs Actual] Which cost centers are over budget YTD?,completed,55.5,"Ops Feb variance was $4,244,026 vs plan",04/14/2026 11:34:24 AM
r03-0000978,ssanchez@harwellinsurancegroup.com,[Close Checklist Bot] Summarize the May variance for entity EU-08,completed,23.3,"Accounting May variance was $3,973,411 vs plan",04/14/2026 04:09:21 PM
r03-0000979,ssanchez@harwellinsurancegroup.com,[Budget vs Actual] What drove the change in gross margin this quarter?,completed,6.9,"Ops Jan variance was $694,596 vs plan",04/14/2026 11:49:21 AM
r03-0000980,kharris@harwellinsurancegroup.com,[Budget vs Actual] Check covenant compliance for the revolver,completed,26.6,"Ops May variance was $3,978,938 vs plan",04/14/2026 12:37:25 PM
r03-0000981,ssanchez@harwellinsurancegroup.com,[Variance Explainer] What drove the change in gross margin this quarter?,completed,70.3,"Accounting Feb variance was $2,459,577 vs plan",04/14/2026 09:23:00 AM
r03-0000982,pgonzalez@harwellinsurancegroup.com,[AP Aging Analyst] Forecast May operating cash flow,completed,22.8,"FP&A May variance was $3,806,697 vs plan",04/14/2026 02:54:44 PM
r03-0000983,thaddad@harwellinsurancegroup.com,[Revenue Recognizer] Why did Accounting spend exceed budget in Mar?,completed,11.4,"Accounting Mar variance was $3,211,564 vs plan",04/14/2026 01:19:34 PM
r03-0000984,ssanchez@harwellinsurancegroup.com,[Revenue Recognizer] Why did FP&A spend exceed budget in Jan?,completed,66.1,"FP&A Jan variance was $3,982,537 vs plan",04/14/2026 02:54:40 PM
r03-0000985,lmartin@harwellinsurancegroup.com,[Journal Entry Reviewer] Explain the headcount variance vs plan,completed,50.0,"FP&A Feb variance was $3,132,278 vs plan",04/14/2026 11:45:25 AM
r03-0000986,kharris@harwellinsurancegroup.com,[Vendor Spend Analyzer] Reconcile AP aging over 90 days for CA-07,completed,53.1,"Accounting Apr variance was $656,301 vs plan",04/15/2026 02:19:10 PM
r03-0000987,phaddad@harwellinsurancegroup.com,[Revenue Recognizer] Summarize the Apr variance for entity EU-05,completed,19.4,"Ops Apr variance was $2,935,375 vs plan",04/15/2026 06:14:42 PM
r03-0000988,ssanchez@harwellinsurancegroup.com,[Vendor Spend Analyzer] Reconcile AP aging over 90 days for CA-07,completed,19.7,"Treasury Jun variance was $670,229 vs plan",04/15/2026 04:46:47 PM
r03-0000989,ssanchez@harwellinsurancegroup.com,[Headcount Planner] Check covenant compliance for the revolver,completed,33.1,"FP&A Feb variance was $3,148,213 vs plan",04/15/2026 01:49:25 PM
r03-0000990,ssanchez@harwellinsurancegroup.com,[AP Aging Analyst] What drove the change in gross margin this quarter?,completed,0.3,ERROR: upstream request timed out,04/15/2026 04:07:13 PM
r03-0000991,ymartinez@harwellinsurancegroup.com,[Close Checklist Bot] Explain the headcount variance vs plan,completed,3.6,"Accounting Jun variance was $347,026 vs plan",04/15/2026 07:45:03 PM
r03-0000992,flopez@harwellinsurancegroup.com,[Variance Explainer] Why did Accounting spend exceed budget in Jan?,completed,51.0,"Accounting Jan variance was $72,794 vs plan",04/15/2026 11:15:25 AM
r03-0000993,kharris@harwellinsurancegroup.com,[Covenant Checker] Which cost centers are over budget YTD?,completed,30.1,"FP&A Jun variance was $1,383,407 vs plan",04/15/2026 06:48:55 PM
r03-0000994,kjohnson@harwellinsurancegroup.com,[Flux Commentary] What drove the change in gross margin this quarter?,completed,0.4,ERROR: upstream request timed out,04/15/2026 12:39:53 PM
r03-0000995,ssanchez@harwellinsurancegroup.com,[Headcount Planner] What drove the change in gross margin this quarter?,completed,74.0,"Ops May variance was $110,448 vs plan",04/15/2026 03:07:53 PM
r03-0000996,pgonzalez@harwellinsurancegroup.com,[Journal Entry Reviewer] Forecast Feb operating cash flow,completed,43.9,"FP&A Feb variance was $1,882,260 vs plan",04/15/2026 11:34:09 AM
r03-0000997,ssanchez@harwellinsurancegroup.com,[AP Aging Analyst] Which cost centers are over budget YTD?,completed,49.4,"Treasury Feb variance was $1,573,309 vs plan",04/15/2026 02:07:07 PM
r03-0000998,kharris@harwellinsurancegroup.com,[Budget vs Actual] What drove the change in gross margin this quarter?,completed,19.9,"FP&A Feb variance was $1,043,241 vs plan",04/15/2026 07:35:20 AM
r03-0000999,pgonzalez@harwellinsurancegroup.com,[Board Deck Builder] Forecast May operating cash flow,completed,28.3,"Ops May variance was $1,575,462 vs plan",04/15/2026 05:29:00 PM
r03-0001000,ssanchez@harwellinsurancegroup.com,[Journal Entry Reviewer] Forecast Feb operating cash flow,completed,55.0,"FP&A Feb variance was $421,335 vs plan",04/15/2026 09:16:51 AM
r03-0001001,lmartin@harwellinsurancegroup.com,[Board Deck Builder] Draft flux commentary for the Feb close,completed,72.2,"Accounting Feb variance was $1,589,592 vs plan",04/15/2026 02:38:14 PM
r03-0001002,ssanchez@harwellinsurancegroup.com,[Revenue Recognizer] Draft flux commentary for the Jan close,completed,68.6,"Accounting Jan variance was $341,170 vs plan",04/15/2026 09:57:57 AM
r03-0001003,ssanchez@harwellinsurancegroup.com,[Journal Entry Reviewer] Draft flux commentary for the Mar close,completed,19.7,"Ops Mar variance was $1,568,839 vs plan",04/15/2026 12:30:34 PM
r03-0001004,ssanchez@harwellinsurancegroup.com,[Vendor Spend Analyzer] Check covenant compliance for the revolver,completed,6.1,"Ops Mar variance was $3,853,625 vs plan",04/15/2026 02:27:57 PM
r03-0001005,dthompson@harwellinsurancegroup.com,[Budget vs Actual] Why did FP&A spend exceed budget in May?,completed,3.4,"FP&A May variance was $2,095,401 vs plan",04/15/2026 07:40:46 AM
r03-0001006,mrobinson@harwellinsurancegroup.com,[Vendor Spend Analyzer] Which cost centers are over budget YTD?,completed,18.9,"FP&A Mar variance was $1,780,918 vs plan",04/15/2026 01:31:01 PM
r03-0001007,ssanchez@harwellinsurancegroup.com,[Budget vs Actual] Explain the headcount variance vs plan,completed,24.6,"Accounting May variance was $3,749,042 vs plan",04/15/2026 11:13:59 AM
r03-0001008,ssanchez@harwellinsurancegroup.com,[Covenant Checker] Build the board deck cash slide for Feb,completed,16.9,"Accounting Feb variance was $3,649,497 vs plan",04/15/2026 11:33:06 AM
r03-0001009,ssanchez@harwellinsurancegroup.com,[Close Checklist Bot] Draft flux commentary for the Feb close,completed,40.0,"FP&A Feb variance was $1,946,674 vs plan",04/15/2026 10:20:58 AM
r03-0001010,ssanchez@harwellinsurancegroup.com,[Flux Commentary] Summarize the Mar variance for entity EU-08,completed,58.0,"Treasury Mar variance was $4,015,944 vs plan",04/15/2026 11:52:26 AM
r03-0001011,kharris@harwellinsurancegroup.com,[Headcount Planner] Draft flux commentary for the Jun close,error,6.7,ERROR: upstream request timed out,04/15/2026 01:33:01 PM
r03-0001012,ssanchez@harwellinsurancegroup.com,[Revenue Recognizer] Forecast Jan operating cash flow,error,7.0,FAILED: null reference in aggregation step,04/16/2026 12:49:52 PM
r03-0001013,kharris@harwellinsurancegroup.com,[Journal Entry Reviewer] Which cost centers are over budget YTD?,completed,1.8,Traceback (most recent call last): KeyError 'entity',04/16/2026 07:25:20 AM
r03-0001014,ssanchez@harwellinsurancegroup.com,[Flux Commentary] What drove the change in gross margin this quarter?,completed,6.0,"Treasury May variance was $3,199,932 vs plan",04/16/2026 09:13:45 AM
r03-0001015,ssanchez@harwellinsurancegroup.com,[Variance Explainer] Which cost centers are over budget YTD?,completed,72.2,"FP&A Apr variance was $1,704,627 vs plan",04/16/2026 10:20:48 AM
r03-0001016,ssanchez@harwellinsurancegroup.com,[Close Checklist Bot] Reconcile AP aging over 90 days for EU-05,completed,14.5,"Treasury Jan variance was $846,355 vs plan",04/16/2026 01:11:14 PM
r03-0001017,flopez@harwellinsurancegroup.com,[Vendor Spend Analyzer] Check covenant compliance for the revolver,completed,14.9,"Treasury May variance was $3,839,940 vs plan",04/16/2026 04:13:51 PM
r03-0001018,kharris@harwellinsurancegroup.com,[AP Aging Analyst] What drove the change in gross margin this quarter?,completed,1.1,ERROR: upstream request timed out,04/16/2026 12:54:25 PM
r03-0001019,ssanchez@harwellinsurancegroup.com,[Covenant Checker] Build the board deck cash slide for May,completed,27.9,"FP&A May variance was $563,360 vs plan",04/16/2026 02:05:50 PM
r03-0001020,mrobinson@harwellinsurancegroup.com,[Flux Commentary] Check covenant compliance for the revolver,completed,54.0,"FP&A Feb variance was $3,417,628 vs plan",04/16/2026 01:05:26 PM
r03-0001021,jwalker@harwellinsurancegroup.com,[Close Checklist Bot] Explain the headcount variance vs plan,completed,50.5,"Accounting Jan variance was $1,739,682 vs plan",04/16/2026 02:16:33 PM
r03-0001022,ssanchez@harwellinsurancegroup.com,[Budget vs Actual] What drove the change in gross margin this quarter?,completed,53.3,"Treasury Apr variance was $3,483,149 vs plan",04/16/2026 02:29:02 PM
r03-0001023,ssanchez@harwellinsurancegroup.com,[Variance Explainer] What drove the change in gross margin this quarter?,completed,57.6,"Ops Feb variance was $1,677,415 vs plan",04/16/2026 02:14:00 PM
r03-0001024,thaddad@harwellinsurancegroup.com,[Revenue Recognizer] Why did Accounting spend exceed budget in Apr?,completed,33.5,"Accounting Apr variance was $1,551,910 vs plan",04/16/2026 07:17:31 AM
r03-0001025,lmartin@harwellinsurancegroup.com,[Board Deck Builder] Reconcile AP aging over 90 days for CA-09,completed,18.4,"Ops Jun variance was $46,956 vs plan",04/16/2026 09:23:58 AM
r03-0001026,ymartinez@harwellinsurancegroup.com,[AP Aging Analyst] Forecast Apr operating cash flow,completed,61.4,"Treasury Apr variance was $3,476,999 vs plan",04/16/2026 03:33:13 PM
r03-0001027,phaddad@harwellinsurancegroup.com,[Vendor Spend Analyzer] Summarize the Jun variance for entity US-03,completed,35.1,"Ops Jun variance was $813,776 vs plan",04/16/2026 07:00:34 AM
r03-0001028,kjohnson@harwellinsurancegroup.com,[Close Checklist Bot] Check covenant compliance for the revolver,completed,13.0,"FP&A Jan variance was $2,973,104 vs plan",04/16/2026 10:24:12 AM
r03-0001029,ssanchez@harwellinsurancegroup.com,[Cash Forecaster] Forecast Apr operating cash flow,error,4.0,error code 502 from model gateway,04/16/2026 12:08:22 PM
r03-0001030,lwhite@harwellinsurancegroup.com,[Variance Explainer] Forecast Jan operating cash flow,error,5.9,FAILED: null reference in aggregation step,04/16/2026 03:45:31 PM
r03-0001031,pgonzalez@harwellinsurancegroup.com,[Vendor Spend Analyzer] Draft flux commentary for the May close,completed,49.2,"Accounting May variance was $350,489 vs plan",04/16/2026 01:47:41 PM
r03-0001032,kharris@harwellinsurancegroup.com,[Budget vs Actual] Which cost centers are over budget YTD?,completed,35.3,"Treasury Jun variance was $2,539,469 vs plan",04/16/2026 01:03:55 PM
r03-0001033,thaddad@harwellinsurancegroup.com,[Journal Entry Reviewer] Which cost centers are over budget YTD?,completed,1.5,Traceback (most recent call last): KeyError 'entity',04/16/2026 06:24:24 PM
r03-0001034,jthompson@harwellinsurancegroup.com,[Flux Commentary] Explain the headcount variance vs plan,completed,39.2,"Treasury Jun variance was $1,694,645 vs plan",04/16/2026 03:09:31 PM
r03-0001035,ssanchez@harwellinsurancegroup.com,[Cash Forecaster] Why did Accounting spend exceed budget in May?,completed,66.9,"Accounting May variance was $947,904 vs plan",04/16/2026 04:48:42 PM
r03-0001036,jwalker@harwellinsurancegroup.com,[Vendor Spend Analyzer] Summarize the Feb variance for entity MX-08,completed,61.7,"Treasury Feb variance was $1,574,791 vs plan",04/16/2026 02:17:09 PM
r03-0001037,ssanchez@harwellinsurancegroup.com,[Flux Commentary] Check covenant compliance for the revolver,completed,19.1,"FP&A Mar variance was $4,220,454 vs plan",04/16/2026 08:35:32 AM
r03-0001038,ssanchez@harwellinsurancegroup.com,[Covenant Checker] Check covenant compliance for the revolver,completed,35.7,"FP&A Jun variance was $461,596 vs plan",04/16/2026 02:35:33 PM
r03-0001039,ssanchez@harwellinsurancegroup.com,[Variance Explainer] Check covenant compliance for the revolver,completed,43.1,"Treasury Jan variance was $3,011,491 vs plan",04/16/2026 10:18:36 AM
r03-0001040,agarcia@harwellinsurancegroup.com,[AP Aging Analyst] Which cost centers are over budget YTD?,completed,46.5,"Accounting Feb variance was $2,950,758 vs plan",04/16/2026 12:36:57 PM
r03-0001041,alewis@harwellinsurancegroup.com,[AP Aging Analyst] Explain the headcount variance vs plan,completed,27.6,"Treasury Apr variance was $1,900,416 vs plan",04/16/2026 01:04:21 PM
r03-0001042,ssanchez@harwellinsurancegroup.com,[AP Aging Analyst] Reconcile AP aging over 90 days for CA-01,completed,44.7,"Treasury Feb variance was $4,208,830 vs plan",04/16/2026 04:41:54 PM
r03-0001043,ssanchez@harwellinsurancegroup.com,[Cash Forecaster] Reconcile AP aging over 90 days for US-03,completed,22.3,"FP&A Feb variance was $376,899 vs plan",04/16/2026 12:10:14 PM
r03-0001044,ssanchez@harwellinsurancegroup.com,[Revenue Recognizer] Summarize the May variance for entity EU-06,completed,57.8,"FP&A May variance was $1,572,213 vs plan",04/16/2026 01:05:00 PM
r03-0001045,ssanchez@harwellinsurancegroup.com,[Close Checklist Bot] Explain the headcount variance vs plan,completed,17.4,"FP&A Apr variance was $4,525,918 vs plan",04/17/2026 02:09:06 PM
r03-0001046,ssanchez@harwellinsurancegroup.com,[Flux Commentary] Forecast Jun operating cash flow,error,8.0,error code 502 from model gateway,04/17/2026 12:34:02 PM
r03-0001047,ssanchez@harwellinsurancegroup.com,[Budget vs Actual] Which cost centers are over budget YTD?,completed,62.3,"Ops May variance was $1,159,703 vs plan",04/17/2026 09:02:08 AM
r03-0001048,ssanchez@harwellinsurancegroup.com,[Headcount Planner] Explain the headcount variance vs plan,completed,5.6,"Accounting Jan variance was $2,754,383 vs plan",04/17/2026 09:50:09 AM
r03-0001049,kjohnson@harwellinsurancegroup.com,[Revenue Recognizer] Which cost centers are over budget YTD?,completed,36.8,"Accounting Apr variance was $3,704,508 vs plan",04/17/2026 03:15:39 PM
r03-0001050,mrobinson@harwellinsurancegroup.com,[AP Aging Analyst] Explain the headcount variance vs plan,completed,1.7,FAILED: null reference in aggregation step,04/17/2026 11:07:39 AM
r03-0001051,kjohnson@harwellinsurancegroup.com,[Revenue Recognizer] What drove the change in gross margin this quarter?,completed,71.5,"Ops Mar variance was $4,305,012 vs plan",04/17/2026 02:16:29 PM
r03-0001052,kharris@harwellinsurancegroup.com,[Budget vs Actual] Build the board deck cash slide for Jun,completed,67.6,"FP&A Jun variance was $4,619,364 vs plan",04/17/2026 11:30:00 AM
r03-0001053,kjohnson@harwellinsurancegroup.com,[Variance Explainer] What drove the change in gross margin this quarter?,completed,31.6,"Ops Feb variance was $4,325,836 vs plan",04/17/2026 11:31:37 AM
r03-0001054,ssanchez@harwellinsurancegroup.com,[AP Aging Analyst] Draft flux commentary for the Apr close,completed,74.0,"Accounting Apr variance was $1,544,816 vs plan",04/17/2026 11:27:36 AM
r03-0001055,ssanchez@harwellinsurancegroup.com,[Cash Forecaster] What drove the change in gross margin this quarter?,completed,46.2,"FP&A Jan variance was $1,647,708 vs plan",04/17/2026 04:31:57 PM
r03-0001056,ssanchez@harwellinsurancegroup.com,[Covenant Checker] Explain the headcount variance vs plan,completed,22.1,"Treasury Jun variance was $3,026,097 vs plan",04/17/2026 03:28:03 PM
r03-0001057,ssanchez@harwellinsurancegroup.com,[Vendor Spend Analyzer] Which cost centers are over budget YTD?,completed,11.4,"Treasury Jun variance was $562,529 vs plan",04/17/2026 07:33:20 AM
r03-0001058,kharris@harwellinsurancegroup.com,[Budget vs Actual] Explain the headcount variance vs plan,completed,60.6,"Accounting Mar variance was $1,600,249 vs plan",04/17/2026 03:57:53 PM
r03-0001059,bwilliams@harwellinsurancegroup.com,[Cash Forecaster] What drove the change in gross margin this quarter?,completed,69.3,"Treasury Apr variance was $2,146,866 vs plan",04/17/2026 03:22:19 PM
r03-0001060,ssanchez@harwellinsurancegroup.com,[Cash Forecaster] Reconcile AP aging over 90 days for MX-08,completed,68.9,"Ops Feb variance was $2,750 vs plan",04/17/2026 08:27:19 AM
r03-0001061,ssanchez@harwellinsurancegroup.com,[Cash Forecaster] Reconcile AP aging over 90 days for MX-06,completed,38.5,"Ops May variance was $937,454 vs plan",04/17/2026 12:40:18 PM
r03-0001062,ymartinez@harwellinsurancegroup.com,[Vendor Spend Analyzer] Reconcile AP aging over 90 days for MX-04,completed,43.4,"Ops Apr variance was $1,792,071 vs plan",04/17/2026 05:14:01 PM
r03-0001063,ssanchez@harwellinsurancegroup.com,[AP Aging Analyst] Which cost centers are over budget YTD?,completed,48.1,"Treasury Mar variance was $4,119,502 vs plan",04/17/2026 08:44:15 AM
r03-0001064,ssanchez@harwellinsurancegroup.com,[Vendor Spend Analyzer] Which cost centers are over budget YTD?,completed,14.8,"FP&A Jun variance was $1,057,000 vs plan",04/17/2026 10:23:48 AM
r03-0001065,dlee@harwellinsurancegroup.com,[Revenue Recognizer] Draft flux commentary for the Apr close,completed,70.7,"Ops Apr variance was $268,552 vs plan",04/17/2026 10:32:07 AM
r03-0001066,ssanchez@harwellinsurancegroup.com,[Headcount Planner] Check covenant compliance for the revolver,completed,29.6,"FP&A May variance was $852,071 vs plan",04/17/2026 06:17:46 AM
r03-0001067,ssanchez@harwellinsurancegroup.com,[Variance Explainer] Forecast Mar operating cash flow,completed,31.2,"Accounting Mar variance was $158,291 vs plan",04/17/2026 11:38:47 AM
r03-0001068,ssanchez@harwellinsurancegroup.com,[Covenant Checker] What drove the change in gross margin this quarter?,completed,10.0,"FP&A Jan variance was $490,281 vs plan",04/17/2026 01:50:27 PM
r03-0001069,ssanchez@harwellinsurancegroup.com,[Covenant Checker] Reconcile AP aging over 90 days for EU-05,completed,49.2,"Ops Jan variance was $2,581,813 vs plan",04/17/2026 09:15:34 AM
r03-0001070,kjohnson@harwellinsurancegroup.com,[Board Deck Builder] Draft flux commentary for the Jun close,completed,46.6,"Ops Jun variance was $328,913 vs plan",04/17/2026 03:40:50 PM
r03-0001071,lwhite@harwellinsurancegroup.com,[Cash Forecaster] Which cost centers are over budget YTD?,error,0.6,ERROR: upstream request timed out,04/17/2026 03:24:13 PM
r03-0001072,ssanchez@harwellinsurancegroup.com,[Headcount Planner] Summarize the Mar variance for entity CA-03,completed,52.5,"Treasury Mar variance was $4,631,923 vs plan",04/17/2026 03:00:33 PM
r03-0001073,jrobinson@harwellinsurancegroup.com,[Headcount Planner] Summarize the Apr variance for entity EU-03,completed,11.5,"FP&A Apr variance was $573,212 vs plan",04/17/2026 01:30:50 PM
r03-0001074,mramirez@harwellinsurancegroup.com,[Board Deck Builder] Reconcile AP aging over 90 days for CA-03,completed,30.9,"Accounting Jan variance was $4,280,367 vs plan",04/17/2026 10:20:20 AM
r03-0001075,ssanchez@harwellinsurancegroup.com,[AP Aging Analyst] Summarize the Jan variance for entity CA-04,completed,14.7,"FP&A Jan variance was $561,634 vs plan",04/17/2026 11:14:01 AM
r03-0001076,ssanchez@harwellinsurancegroup.com,[Covenant Checker] Check covenant compliance for the revolver,completed,14.7,"Accounting Apr variance was $168,673 vs plan",04/17/2026 01:35:20 PM
r03-0001077,agarcia@harwellinsurancegroup.com,[Headcount Planner] Which cost centers are over budget YTD?,completed,45.3,"Treasury Feb variance was $2,704,018 vs plan",04/17/2026 02:47:58 PM
r03-0001078,ssanchez@harwellinsurancegroup.com,[Variance Explainer] Forecast Jun operating cash flow,completed,53.0,"FP&A Jun variance was $3,102,625 vs plan",04/17/2026 06:08:25 PM
r03-0001079,ssanchez@harwellinsurancegroup.com,[Board Deck Builder] Why did FP&A spend exceed budget in May?,completed,62.5,"FP&A May variance was $3,895,239 vs plan",04/17/2026 09:01:12 AM
r03-0001080,kharris@harwellinsurancegroup.com,[Variance Explainer] Summarize the Jun variance for entity MX-07,completed,40.0,"Ops Jun variance was $871,138 vs plan",04/17/2026 08:47:53 AM
r03-0001081,kjohnson@harwellinsurancegroup.com,[Headcount Planner] Summarize the Apr variance for entity US-02,completed,65.3,"Accounting Apr variance was $1,789,495 vs plan",04/17/2026 11:58:16 AM
r03-0001082,jwalker@harwellinsurancegroup.com,[Journal Entry Reviewer] Check covenant compliance for the revolver,completed,19.9,"Accounting Feb variance was $2,601,125 vs plan",04/17/2026 01:28:21 PM
r03-0001083,ssanchez@harwellinsurancegroup.com,[AP Aging Analyst] Summarize the Apr variance for entity EU-06,completed,36.6,"Accounting Apr variance was $223,861 vs plan",04/17/2026 11:22:02 AM
r03-0001084,ssanchez@harwellinsurancegroup.com,[Covenant Checker] Forecast Feb operating cash flow,completed,67.3,"Ops Feb variance was $4,177,060 vs plan",04/17/2026 08:32:36 PM
r03-0001085,kharris@harwellinsurancegroup.com,[Budget vs Actual] Draft flux commentary for the Feb close,completed,20.8,"Accounting Feb variance was $472,034 vs plan",04/17/2026 01:49:49 PM
r03-0001086,mrobinson@harwellinsurancegroup.com,[Revenue Recognizer] Why did Treasury spend exceed budget in Apr?,completed,44.5,"Treasury Apr variance was $3,935,381 vs plan",04/18/2026 10:33:55 AM
r03-0001087,ssanchez@harwellinsurancegroup.com,[Vendor Spend Analyzer] Why did Ops spend exceed budget in Mar?,completed,55.9,"Ops Mar variance was $2,301,457 vs plan",04/18/2026 03:19:55 PM
r03-0001088,ssanchez@harwellinsurancegroup.com,[Flux Commentary] Draft flux commentary for the Jun close,completed,52.6,"Accounting Jun variance was $3,342,900 vs plan",04/18/2026 08:53:37 AM
r03-0001089,rmartinez@harwellinsurancegroup.com,[Cash Forecaster] Check covenant compliance for the revolver,completed,62.3,"Ops May variance was $1,644,893 vs plan",04/18/2026 05:04:42 PM
r03-0001090,kjohnson@harwellinsurancegroup.com,[Revenue Recognizer] Reconcile AP aging over 90 days for US-04,completed,46.6,"Accounting May variance was $2,267,258 vs plan",04/18/2026 02:09:14 PM
r03-0001091,ssanchez@harwellinsurancegroup.com,[Revenue Recognizer] Summarize the Apr variance for entity MX-08,completed,25.5,"Treasury Apr variance was $2,977,486 vs plan",04/18/2026 09:09:24 AM
r03-0001092,ssanchez@harwellinsurancegroup.com,[Board Deck Builder] Which cost centers are over budget YTD?,completed,8.3,"FP&A Mar variance was $3,274,406 vs plan",04/18/2026 12:53:56 PM
r03-0001093,ssanchez@harwellinsurancegroup.com,[AP Aging Analyst] Build the board deck cash slide for Jan,completed,6.4,"Treasury Jan variance was $4,227,312 vs plan",04/18/2026 11:04:29 AM
r03-0001094,kharris@harwellinsurancegroup.com,[Budget vs Actual] Which cost centers are over budget YTD?,completed,54.9,"Ops Apr variance was $1,756,026 vs plan",04/19/2026 03:50:25 PM
r03-0001095,ssanchez@harwellinsurancegroup.com,[Variance Explainer] Explain the headcount variance vs plan,completed,34.9,"Ops May variance was $1,926,792 vs plan",04/19/2026 03:53:31 PM
r03-0001096,ssanchez@harwellinsurancegroup.com,[AP Aging Analyst] What drove the change in gross margin this quarter?,completed,46.4,"Treasury May variance was $2,801,971 vs plan",04/19/2026 06:01:43 AM
r03-0001097,ssanchez@harwellinsurancegroup.com,[Covenant Checker] Why did Treasury spend exceed budget in Mar?,completed,69.8,"Treasury Mar variance was $4,236,547 vs plan",04/19/2026 12:30:06 PM
r03-0001098,jwalker@harwellinsurancegroup.com,[Headcount Planner] What drove the change in gross margin this quarter?,completed,72.1,"Accounting Mar variance was $1,057,728 vs plan",04/19/2026 06:43:34 AM
r03-0001099,ssanchez@harwellinsurancegroup.com,[Cash Forecaster] Explain the headcount variance vs plan,completed,5.6,"FP&A Mar variance was $4,003,169 vs plan",04/19/2026 01:07:35 PM
r03-0001100,jjones@harwellinsurancegroup.com,[Headcount Planner] Forecast Jan operating cash flow,completed,71.2,"Ops Jan variance was $4,279,809 vs plan",04/19/2026 07:23:40 AM
r03-0001101,ssanchez@harwellinsurancegroup.com,[Revenue Recognizer] Explain the headcount variance vs plan,completed,0.3,Traceback (most recent call last): KeyError 'entity',04/19/2026 07:35:20 AM
r03-0001102,ssanchez@harwellinsurancegroup.com,[AP Aging Analyst] What drove the change in gross margin this quarter?,completed,52.7,"Treasury Feb variance was $2,548,538 vs plan",04/19/2026 01:29:12 PM
r03-0001103,ssanchez@harwellinsurancegroup.com,[Variance Explainer] Summarize the Mar variance for entity MX-05,completed,11.2,"Treasury Mar variance was $3,433,439 vs plan",04/19/2026 07:19:26 AM
r03-0001104,ssanchez@harwellinsurancegroup.com,[Close Checklist Bot] Draft flux commentary for the Feb close,completed,65.7,"FP&A Feb variance was $1,880,327 vs plan",04/19/2026 12:47:51 PM
r03-0001105,kharris@harwellinsurancegroup.com,[Headcount Planner] Reconcile AP aging over 90 days for CA-01,completed,61.1,"FP&A Apr variance was $1,288,571 vs plan",04/19/2026 01:24:41 PM
r03-0001106,jwalker@harwellinsurancegroup.com,[Headcount Planner] Why did FP&A spend exceed budget in Mar?,error,1.1,FAILED: null reference in aggregation step,04/19/2026 12:53:04 PM
r03-0001107,thaddad@harwellinsurancegroup.com,[Close Checklist Bot] Which cost centers are over budget YTD?,completed,28.5,"Treasury Jan variance was $674,448 vs plan",04/20/2026 02:07:02 PM
r03-0001108,ssanchez@harwellinsurancegroup.com,[Flux Commentary] Why did Ops spend exceed budget in Mar?,completed,68.5,"Ops Mar variance was $4,086,682 vs plan",04/20/2026 03:37:36 PM
r03-0001109,ssanchez@harwellinsurancegroup.com,[Cash Forecaster] Why did Ops spend exceed budget in Feb?,completed,69.7,"Ops Feb variance was $785,379 vs plan",04/20/2026 05:22:08 PM
r03-0001110,mrobinson@harwellinsurancegroup.com,[Cash Forecaster] Check covenant compliance for the revolver,completed,58.9,"Ops Apr variance was $2,305,062 vs plan",04/20/2026 12:51:19 PM
r03-0001111,ssanchez@harwellinsurancegroup.com,[Headcount Planner] What drove the change in gross margin this quarter?,completed,26.4,"Ops Jun variance was $1,099,113 vs plan",04/20/2026 04:25:06 PM
r03-0001112,kjohnson@harwellinsurancegroup.com,[Budget vs Actual] Summarize the May variance for entity MX-01,completed,47.6,"Treasury May variance was $945,145 vs plan",04/20/2026 01:27:32 PM
r03-0001113,ssanchez@harwellinsurancegroup.com,[Journal Entry Reviewer] Summarize the Feb variance for entity EU-02,completed,44.7,"Treasury Feb variance was $1,262,436 vs plan",04/20/2026 05:03:23 PM
r03-0001114,ssanchez@harwellinsurancegroup.com,[Variance Explainer] Why did Ops spend exceed budget in Apr?,completed,18.0,"Ops Apr variance was $1,960,972 vs plan",04/20/2026 04:57:01 PM
r03-0001115,ssanchez@harwellinsurancegroup.com,[Headcount Planner] Explain the headcount variance vs plan,completed,25.7,"FP&A Apr variance was $576,862 vs plan",04/20/2026 11:14:27 AM
r03-0001116,ssanchez@harwellinsurancegroup.com,[Vendor Spend Analyzer] Which cost centers are over budget YTD?,completed,36.0,"Accounting Jun variance was $3,141,493 vs plan",04/20/2026 11:07:41 AM
r03-0001117,dthompson@harwellinsurancegroup.com,[AP Aging Analyst] Explain the headcount variance vs plan,completed,34.8,"Treasury Jun variance was $1,882,616 vs plan",04/20/2026 02:54:56 PM
r03-0001118,kjohnson@harwellinsurancegroup.com,[Cash Forecaster] Build the board deck cash slide for May,completed,1.5,error code 502 from model gateway,04/20/2026 08:22:55 AM
r03-0001119,ssanchez@harwellinsurancegroup.com,[Vendor Spend Analyzer] Which cost centers are over budget YTD?,completed,1.0,error: connection reset by peer,04/20/2026 10:08:02 AM
r03-0001120,kharris@harwellinsurancegroup.com,[Flux Commentary] What drove the change in gross margin this quarter?,completed,36.7,"Treasury Jun variance was $4,717,564 vs plan",04/20/2026 03:24:42 PM
r03-0001121,ssanchez@harwellinsurancegroup.com,[Flux Commentary] Explain the headcount variance vs plan,completed,0.7,error code 502 from model gateway,04/20/2026 04:24:41 PM
r03-0001122,ssanchez@harwellinsurancegroup.com,[Covenant Checker] Summarize the May variance for entity CA-08,completed,74.1,"FP&A May variance was $3,421,700 vs plan",04/20/2026 08:18:44 AM
r03-0001123,ssanchez@harwellinsurancegroup.com,[Board Deck Builder] Summarize the Jan variance for entity MX-04,completed,14.3,"Treasury Jan variance was $4,231,538 vs plan",04/20/2026 12:39:22 PM
r03-0001124,ssanchez@harwellinsurancegroup.com,[Cash Forecaster] Reconcile AP aging over 90 days for US-05,completed,73.3,"FP&A Jun variance was $302,643 vs plan",04/20/2026 02:36:51 PM
r03-0001125,ssanchez@harwellinsurancegroup.com,[Close Checklist Bot] Explain the headcount variance vs plan,completed,21.1,"Accounting Jan variance was $3,365,027 vs plan",04/20/2026 09:47:45 AM
r03-0001126,ssanchez@harwellinsurancegroup.com,[Budget vs Actual] Summarize the Jan variance for entity MX-04,completed,53.8,"FP&A Jan variance was $4,776,229 vs plan",04/20/2026 01:10:48 PM
r03-0001127,ssanchez@harwellinsurancegroup.com,[Budget vs Actual] Which cost centers are over budget YTD?,completed,11.9,"Treasury Mar variance was $4,021,921 vs plan",04/20/2026 01:03:19 PM
r03-0001128,lwhite@harwellinsurancegroup.com,[Journal Entry Reviewer] Build the board deck cash slide for Jun,completed,39.3,"Ops Jun variance was $2,558,333 vs plan",04/20/2026 01:52:02 PM
r03-0001129,flopez@harwellinsurancegroup.com,[Variance Explainer] What drove the change in gross margin this quarter?,error,0.8,Traceback (most recent call last): KeyError 'entity',04/20/2026 01:03:04 PM
r03-0001130,thaddad@harwellinsurancegroup.com,[Cash Forecaster] Why did Accounting spend exceed budget in Jan?,completed,49.7,"Accounting Jan variance was $3,967,893 vs plan",04/20/2026 04:52:30 PM
r03-0001131,ssanchez@harwellinsurancegroup.com,[AP Aging Analyst] Forecast Jun operating cash flow,completed,22.9,"FP&A Jun variance was $4,373,151 vs plan",04/20/2026 09:29:36 AM
r03-0001132,kharris@harwellinsurancegroup.com,[Journal Entry Reviewer] Summarize the Jun variance for entity US-02,completed,56.9,"Ops Jun variance was $3,194,902 vs plan",04/20/2026 01:37:35 PM
r03-0001133,ssanchez@harwellinsurancegroup.com,[Cash Forecaster] Explain the headcount variance vs plan,completed,25.2,"Accounting Mar variance was $3,448,087 vs plan",04/20/2026 06:17:26 AM
r03-0001134,ssanchez@harwellinsurancegroup.com,[Budget vs Actual] Reconcile AP aging over 90 days for CA-01,completed,57.3,"Treasury Jan variance was $2,261,325 vs plan",04/20/2026 04:22:25 PM
r03-0001135,ssanchez@harwellinsurancegroup.com,[Variance Explainer] Build the board deck cash slide for Mar,error,1.1,ERROR: upstream request timed out,04/20/2026 10:20:38 AM
r03-0001136,ssanchez@harwellinsurancegroup.com,[Variance Explainer] Check covenant compliance for the revolver,completed,14.2,"Ops Jun variance was $1,854,999 vs plan",04/20/2026 09:23:31 AM
r03-0001137,ssanchez@harwellinsurancegroup.com,[Close Checklist Bot] Forecast Jun operating cash flow,completed,64.2,"FP&A Jun variance was $4,362,697 vs plan",04/20/2026 03:22:21 PM
r03-0001138,jjones@harwellinsurancegroup.com,[Budget vs Actual] Why did Accounting spend exceed budget in May?,completed,36.2,"Accounting May variance was $4,107,436 vs plan",04/20/2026 01:47:35 PM
r03-0001139,kjohnson@harwellinsurancegroup.com,[Headcount Planner] Build the board deck cash slide for Jun,completed,37.7,"FP&A Jun variance was $4,010,236 vs plan",04/20/2026 08:08:07 AM
r03-0001140,pgonzalez@harwellinsurancegroup.com,[Covenant Checker] Why did Treasury spend exceed budget in Apr?,completed,42.6,"Treasury Apr variance was $3,479,775 vs plan",04/20/2026 05:37:55 PM
r03-0001141,ssanchez@harwellinsurancegroup.com,[Flux Commentary] Which cost centers are over budget YTD?,completed,57.8,"Ops Mar variance was $3,364,060 vs plan",04/20/2026 06:20:04 AM
r03-0001142,ssanchez@harwellinsurancegroup.com,[Variance Explainer] Forecast Mar operating cash flow,completed,70.5,"Accounting Mar variance was $1,416,797 vs plan",04/20/2026 02:55:14 PM
r03-0001143,ssanchez@harwellinsurancegroup.com,[Vendor Spend Analyzer] Why did Accounting spend exceed budget in Jun?,completed,20.3,"Accounting Jun variance was $911,689 vs plan",04/21/2026 11:37:03 AM
r03-0001144,ssanchez@harwellinsurancegroup.com,[Headcount Planner] Which cost centers are over budget YTD?,completed,20.8,"Treasury Jan variance was $80,890 vs plan",04/21/2026 11:51:53 AM
r03-0001145,ssanchez@harwellinsurancegroup.com,[Close Checklist Bot] Check covenant compliance for the revolver,error,3.9,FAILED: null reference in aggregation step,04/21/2026 03:04:02 PM
r03-0001146,ssanchez@harwellinsurancegroup.com,[AP Aging Analyst] Check covenant compliance for the revolver,completed,41.0,"Treasury Mar variance was $3,271,453 vs plan",04/21/2026 12:17:38 PM
r03-0001147,ymartinez@harwellinsurancegroup.com,[Vendor Spend Analyzer] Reconcile AP aging over 90 days for CA-07,completed,22.8,"FP&A Jun variance was $2,059,796 vs plan",04/21/2026 11:52:44 AM
r03-0001148,lwhite@harwellinsurancegroup.com,[Headcount Planner] Summarize the Mar variance for entity US-02,completed,53.0,"Ops Mar variance was $3,680,566 vs plan",04/21/2026 07:54:48 AM
r03-0001149,ssanchez@harwellinsurancegroup.com,[Close Checklist Bot] Explain the headcount variance vs plan,completed,1.2,Traceback (most recent call last): KeyError 'entity',04/21/2026 11:46:09 AM
r03-0001150,ssanchez@harwellinsurancegroup.com,[Covenant Checker] Why did Ops spend exceed budget in Jan?,completed,4.7,"Ops Jan variance was $355,509 vs plan",04/21/2026 01:29:17 PM
r03-0001151,mrobinson@harwellinsurancegroup.com,[Close Checklist Bot] Check covenant compliance for the revolver,completed,8.3,"Treasury May variance was $498,691 vs plan",04/21/2026 12:37:32 PM
r03-0001152,ssanchez@harwellinsurancegroup.com,[Variance Explainer] Why did Accounting spend exceed budget in Jun?,completed,29.4,"Accounting Jun variance was $2,773,605 vs plan",04/21/2026 11:02:14 AM
r03-0001153,kjohnson@harwellinsurancegroup.com,[Headcount Planner] Draft flux commentary for the May close,completed,43.9,"Treasury May variance was $3,447,366 vs plan",04/21/2026 10:41:23 AM
r03-0001154,ssanchez@harwellinsurancegroup.com,[Cash Forecaster] Which cost centers are over budget YTD?,completed,7.6,"Accounting Jun variance was $4,619,818 vs plan",04/21/2026 10:58:58 AM
r03-0001155,ssanchez@harwellinsurancegroup.com,[Cash Forecaster] Reconcile AP aging over 90 days for US-01,completed,55.0,"Treasury Jun variance was $3,757,609 vs plan",04/21/2026 02:46:24 PM
r03-0001156,ssanchez@harwellinsurancegroup.com,[Board Deck Builder] What drove the change in gross margin this quarter?,completed,15.6,"Ops Jun variance was $3,620,961 vs plan",04/21/2026 10:40:02 AM
r03-0001157,ssanchez@harwellinsurancegroup.com,[Variance Explainer] Why did FP&A spend exceed budget in Feb?,completed,18.2,"FP&A Feb variance was $4,228,888 vs plan",04/21/2026 12:30:06 PM
r03-0001158,mmiller@harwellinsurancegroup.com,[Journal Entry Reviewer] Reconcile AP aging over 90 days for EU-08,completed,59.2,"FP&A May variance was $488,120 vs plan",04/21/2026 01:26:22 PM
r03-0001159,ssanchez@harwellinsurancegroup.com,[Variance Explainer] Reconcile AP aging over 90 days for EU-02,completed,3.1,"Ops May variance was $4,193,855 vs plan",04/21/2026 10:25:55 AM
r03-0001160,jjones@harwellinsurancegroup.com,[Cash Forecaster] Check covenant compliance for the revolver,error,6.6,error: connection reset by peer,04/21/2026 01:14:47 PM
r03-0001161,ssanchez@harwellinsurancegroup.com,[Flux Commentary] Forecast Jan operating cash flow,completed,60.4,"FP&A Jan variance was $4,678,622 vs plan",04/21/2026 08:26:55 AM
r03-0001162,ssanchez@harwellinsurancegroup.com,[Headcount Planner] Reconcile AP aging over 90 days for EU-03,error,7.1,Traceback (most recent call last): KeyError 'entity',04/21/2026 01:57:32 PM
r03-0001163,pgonzalez@harwellinsurancegroup.com,[Headcount Planner] Summarize the May variance for entity CA-04,error,4.9,FAILED: null reference in aggregation step,04/21/2026 12:34:04 PM
r03-0001164,ssanchez@harwellinsurancegroup.com,[Journal Entry Reviewer] Draft flux commentary for the May close,completed,74.5,"FP&A May variance was $1,769,915 vs plan",04/21/2026 01:53:40 PM
r03-0001165,ssanchez@harwellinsurancegroup.com,[Close Checklist Bot] Explain the headcount variance vs plan,completed,49.6,"Accounting Feb variance was $3,101,411 vs plan",04/21/2026 12:54:11 PM
r03-0001166,ssanchez@harwellinsurancegroup.com,[Cash Forecaster] Draft flux commentary for the Mar close,completed,72.1,"Treasury Mar variance was $1,338,328 vs plan",04/21/2026 07:20:55 AM
r03-0001167,pthompson@harwellinsurancegroup.com,[Vendor Spend Analyzer] Reconcile AP aging over 90 days for MX-07,completed,31.4,"Ops May variance was $108,845 vs plan",04/21/2026 01:05:13 PM
r03-0001168,ssanchez@harwellinsurancegroup.com,[AP Aging Analyst] Check covenant compliance for the revolver,completed,56.2,"Accounting Mar variance was $924,022 vs plan",04/21/2026 11:10:49 AM
r03-0001169,ssanchez@harwellinsurancegroup.com,[Revenue Recognizer] Why did FP&A spend exceed budget in Apr?,completed,27.3,"FP&A Apr variance was $796,011 vs plan",04/21/2026 04:41:49 PM
r03-0001170,ssanchez@harwellinsurancegroup.com,[Covenant Checker] Draft flux commentary for the May close,completed,22.7,"Accounting May variance was $2,335,698 vs plan",04/21/2026 10:34:35 AM
r03-0001171,ssanchez@harwellinsurancegroup.com,[AP Aging Analyst] Forecast May operating cash flow,completed,29.9,"Treasury May variance was $3,535,969 vs plan",04/21/2026 02:41:25 PM
r03-0001172,ssanchez@harwellinsurancegroup.com,[Cash Forecaster] Reconcile AP aging over 90 days for EU-09,completed,54.8,"Ops Jun variance was $2,335,173 vs plan",04/21/2026 03:24:09 PM
r03-0001173,ssanchez@harwellinsurancegroup.com,[AP Aging Analyst] Explain the headcount variance vs plan,completed,29.2,"Ops Jan variance was $4,484,921 vs plan",04/22/2026 09:26:31 AM
r03-0001174,bwilliams@harwellinsurancegroup.com,[Covenant Checker] Reconcile AP aging over 90 days for US-09,completed,22.0,"Ops Jan variance was $4,042,400 vs plan",04/22/2026 06:57:54 AM
r03-0001175,ssanchez@harwellinsurancegroup.com,[AP Aging Analyst] Why did Ops spend exceed budget in Mar?,completed,11.3,"Ops Mar variance was $4,640,785 vs plan",04/22/2026 10:06:38 AM
r03-0001176,ssanchez@harwellinsurancegroup.com,[Vendor Spend Analyzer] Check covenant compliance for the revolver,completed,18.3,"Ops Jan variance was $2,400,712 vs plan",04/22/2026 09:29:08 AM
r03-0001177,jjones@harwellinsurancegroup.com,[Headcount Planner] Draft flux commentary for the Jan close,completed,11.6,"Accounting Jan variance was $1,552,924 vs plan",04/22/2026 03:31:53 PM
r03-0001178,kjohnson@harwellinsurancegroup.com,[Cash Forecaster] Check covenant compliance for the revolver,completed,45.1,"Treasury Jun variance was $190,600 vs plan",04/22/2026 03:19:09 PM
r03-0001179,jjones@harwellinsurancegroup.com,[Budget vs Actual] Draft flux commentary for the Mar close,completed,1.4,FAILED: null reference in aggregation step,04/22/2026 11:09:47 AM
r03-0001180,mmiller@harwellinsurancegroup.com,[Journal Entry Reviewer] Forecast Jan operating cash flow,completed,1.6,error code 502 from model gateway,04/22/2026 02:49:39 PM
r03-0001181,lwhite@harwellinsurancegroup.com,[Covenant Checker] Check covenant compliance for the revolver,completed,0.9,FAILED: null reference in aggregation step,04/22/2026 01:18:40 PM
r03-0001182,mrobinson@harwellinsurancegroup.com,[Flux Commentary] Explain the headcount variance vs plan,completed,36.0,"Treasury Jan variance was $2,136,994 vs plan",04/22/2026 09:42:07 AM
r03-0001183,rthompson@harwellinsurancegroup.com,[Journal Entry Reviewer] Summarize the Apr variance for entity EU-07,completed,32.6,"Treasury Apr variance was $232,873 vs plan",04/22/2026 06:52:05 AM
r03-0001184,kharris@harwellinsurancegroup.com,[Headcount Planner] Explain the headcount variance vs plan,completed,45.2,"FP&A May variance was $2,260,918 vs plan",04/22/2026 11:39:08 AM
r03-0001185,kharris@harwellinsurancegroup.com,[Headcount Planner] Build the board deck cash slide for Apr,completed,0.4,ERROR: upstream request timed out,04/22/2026 08:43:08 AM
r03-0001186,ssanchez@harwellinsurancegroup.com,[Headcount Planner] Summarize the Jun variance for entity CA-03,completed,18.3,"FP&A Jun variance was $2,700,481 vs plan",04/22/2026 01:38:04 PM
r03-0001187,agarcia@harwellinsurancegroup.com,[Cash Forecaster] What drove the change in gross margin this quarter?,completed,39.3,"Ops Feb variance was $1,697,003 vs plan",04/22/2026 02:50:31 PM
r03-0001188,kjohnson@harwellinsurancegroup.com,[Close Checklist Bot] Forecast Apr operating cash flow,completed,53.0,"Treasury Apr variance was $1,615,686 vs plan",04/22/2026 02:35:08 PM
r03-0001189,ssanchez@harwellinsurancegroup.com,[Headcount Planner] Reconcile AP aging over 90 days for CA-09,completed,4.7,"FP&A May variance was $3,695,116 vs plan",04/22/2026 02:04:33 PM
r03-0001190,lwhite@harwellinsurancegroup.com,[Board Deck Builder] Draft flux commentary for the Jun close,completed,55.9,"Ops Jun variance was $1,851,283 vs plan",04/22/2026 02:51:48 PM
r03-0001191,ssanchez@harwellinsurancegroup.com,[Covenant Checker] What drove the change in gross margin this quarter?,completed,51.8,"Ops Jun variance was $1,123,646 vs plan",04/22/2026 12:04:27 PM
r03-0001192,kjohnson@harwellinsurancegroup.com,[Flux Commentary] Forecast Jan operating cash flow,completed,1.4,error: connection reset by peer,04/22/2026 09:09:51 AM
r03-0001193,ymartinez@harwellinsurancegroup.com,[Board Deck Builder] Explain the headcount variance vs plan,completed,62.9,"Treasury Jan variance was $425,030 vs plan",04/22/2026 01:01:08 PM
r03-0001194,kharris@harwellinsurancegroup.com,[Variance Explainer] Forecast Mar operating cash flow,completed,16.4,"FP&A Mar variance was $500,771 vs plan",04/22/2026 01:21:26 PM
r03-0001195,ssanchez@harwellinsurancegroup.com,[Variance Explainer] What drove the change in gross margin this quarter?,completed,67.3,"Treasury Jun variance was $2,906,365 vs plan",04/22/2026 11:19:37 AM
r03-0001196,ssanchez@harwellinsurancegroup.com,[Board Deck Builder] What drove the change in gross margin this quarter?,completed,69.8,"FP&A Feb variance was $2,420,817 vs plan",04/22/2026 07:58:24 AM
r03-0001197,kharris@harwellinsurancegroup.com,[Journal Entry Reviewer] Which cost centers are over budget YTD?,completed,23.0,"Treasury Apr variance was $3,060,116 vs plan",04/22/2026 11:42:11 AM
r03-0001198,ssanchez@harwellinsurancegroup.com,[Flux Commentary] Why did Treasury spend exceed budget in Feb?,completed,56.7,"Treasury Feb variance was $1,414,316 vs plan",04/23/2026 12:26:25 PM
r03-0001199,ssanchez@harwellinsurancegroup.com,[Close Checklist Bot] What drove the change in gross margin this quarter?,completed,54.7,"FP&A Feb variance was $1,049,114 vs plan",04/23/2026 01:18:11 PM
r03-0001200,ssanchez@harwellinsurancegroup.com,[Budget vs Actual] Summarize the Jan variance for entity EU-02,completed,5.5,"Treasury Jan variance was $1,957,428 vs plan",04/23/2026 11:19:07 AM
r03-0001201,ssanchez@harwellinsurancegroup.com,[Vendor Spend Analyzer] What drove the change in gross margin this quarter?,completed,1.1,ERROR: upstream request timed out,04/23/2026 01:02:46 PM
r03-0001202,kjohnson@harwellinsurancegroup.com,[Cash Forecaster] What drove the change in gross margin this quarter?,completed,22.4,"Ops May variance was $356,537 vs plan",04/23/2026 08:41:31 AM
r03-0001203,lmartin@harwellinsurancegroup.com,[Headcount Planner] Which cost centers are over budget YTD?,completed,63.0,"Treasury Jun variance was $3,518,697 vs plan",04/23/2026 01:48:21 PM
r03-0001204,ssanchez@harwellinsurancegroup.com,[Revenue Recognizer] Build the board deck cash slide for Jan,completed,7.4,"FP&A Jan variance was $2,835,487 vs plan",04/23/2026 10:08:02 AM
r03-0001205,ssanchez@harwellinsurancegroup.com,[Covenant Checker] Reconcile AP aging over 90 days for EU-04,completed,56.4,"FP&A Mar variance was $4,172,529 vs plan",04/23/2026 12:49:24 PM
r03-0001206,ssanchez@harwellinsurancegroup.com,[AP Aging Analyst] Explain the headcount variance vs plan,completed,28.2,"FP&A Apr variance was $2,909,194 vs plan",04/23/2026 08:14:09 AM
r03-0001207,ssanchez@harwellinsurancegroup.com,[AP Aging Analyst] Draft flux commentary for the Apr close,completed,46.4,"Treasury Apr variance was $3,726,667 vs plan",04/23/2026 01:37:18 PM
r03-0001208,ssanchez@harwellinsurancegroup.com,[Vendor Spend Analyzer] Draft flux commentary for the May close,completed,9.3,"Treasury May variance was $1,835,394 vs plan",04/23/2026 04:32:00 PM
r03-0001209,rthompson@harwellinsurancegroup.com,[Variance Explainer] Which cost centers are over budget YTD?,completed,67.2,"Treasury Mar variance was $710,096 vs plan",04/23/2026 12:51:56 PM
r03-0001210,kharris@harwellinsurancegroup.com,[Board Deck Builder] Explain the headcount variance vs plan,completed,58.7,"Treasury Mar variance was $1,011,963 vs plan",04/23/2026 10:44:18 AM
r03-0001211,ssanchez@harwellinsurancegroup.com,[Vendor Spend Analyzer] Why did FP&A spend exceed budget in May?,completed,37.7,"FP&A May variance was $1,323,498 vs plan",04/23/2026 02:36:09 PM
r03-0001212,ssanchez@harwellinsurancegroup.com,[AP Aging Analyst] Check covenant compliance for the revolver,completed,47.4,"Ops Mar variance was $530,809 vs plan",04/23/2026 10:52:27 AM
r03-0001213,ssanchez@harwellinsurancegroup.com,[Revenue Recognizer] What drove the change in gross margin this quarter?,completed,68.7,"FP&A Mar variance was $3,302,771 vs plan",04/23/2026 10:36:43 AM
r03-0001214,ssanchez@harwellinsurancegroup.com,[Revenue Recognizer] Check covenant compliance for the revolver,completed,43.6,"Accounting Jun variance was $2,954,198 vs plan",04/23/2026 05:26:15 PM
r03-0001215,kjohnson@harwellinsurancegroup.com,[Flux Commentary] Why did Treasury spend exceed budget in Mar?,completed,38.3,"Treasury Mar variance was $3,017,015 vs plan",04/23/2026 05:06:29 PM
r03-0001216,kjohnson@harwellinsurancegroup.com,[AP Aging Analyst] Draft flux commentary for the May close,completed,28.3,"FP&A May variance was $583,458 vs plan",04/23/2026 12:16:59 PM
r03-0001217,ssanchez@harwellinsurancegroup.com,[AP Aging Analyst] Why did Ops spend exceed budget in Jun?,completed,43.1,"Ops Jun variance was $2,086,694 vs plan",04/23/2026 07:01:04 AM
r03-0001218,ssanchez@harwellinsurancegroup.com,[Budget vs Actual] Summarize the Jan variance for entity CA-03,completed,10.5,"Ops Jan variance was $2,386,777 vs plan",04/23/2026 08:26:16 AM
r03-0001219,ssanchez@harwellinsurancegroup.com,[Revenue Recognizer] Forecast May operating cash flow,completed,22.9,"Accounting May variance was $2,248,862 vs plan",04/23/2026 12:51:16 PM
r03-0001220,kharris@harwellinsurancegroup.com,[Headcount Planner] Draft flux commentary for the Jun close,completed,65.8,"FP&A Jun variance was $4,252,935 vs plan",04/23/2026 11:26:59 AM
r03-0001221,ssanchez@harwellinsurancegroup.com,[Budget vs Actual] Explain the headcount variance vs plan,completed,32.7,"Treasury Mar variance was $4,750,654 vs plan",04/23/2026 08:04:22 AM
r03-0001222,ssanchez@harwellinsurancegroup.com,[Variance Explainer] Explain the headcount variance vs plan,completed,11.4,"Accounting Apr variance was $582,505 vs plan",04/23/2026 08:07:57 AM
r03-0001223,ssanchez@harwellinsurancegroup.com,[Covenant Checker] Explain the headcount variance vs plan,completed,8.2,"Ops May variance was $1,869,721 vs plan",04/23/2026 03:15:57 PM
r03-0001224,agarcia@harwellinsurancegroup.com,[Cash Forecaster] What drove the change in gross margin this quarter?,completed,46.9,"Accounting Apr variance was $2,793,997 vs plan",04/23/2026 10:25:59 AM
r03-0001225,ssanchez@harwellinsurancegroup.com,[Close Checklist Bot] What drove the change in gross margin this quarter?,completed,0.4,Traceback (most recent call last): KeyError 'entity',04/23/2026 11:08:41 AM
r03-0001226,ssanchez@harwellinsurancegroup.com,[Vendor Spend Analyzer] Why did Accounting spend exceed budget in May?,completed,51.3,"Accounting May variance was $2,239,384 vs plan",04/23/2026 08:08:05 AM
r03-0001227,ssanchez@harwellinsurancegroup.com,[Close Checklist Bot] Draft flux commentary for the Apr close,completed,1.5,error: connection reset by peer,04/23/2026 12:14:16 PM
r03-0001228,jthompson@harwellinsurancegroup.com,[Variance Explainer] What drove the change in gross margin this quarter?,completed,9.7,"Treasury Feb variance was $1,615,241 vs plan",04/23/2026 03:12:21 PM
r03-0001229,kharris@harwellinsurancegroup.com,[AP Aging Analyst] Which cost centers are over budget YTD?,completed,1.0,error code 502 from model gateway,04/23/2026 12:11:28 PM
r03-0001230,kharris@harwellinsurancegroup.com,[Vendor Spend Analyzer] Draft flux commentary for the Jun close,completed,20.0,"FP&A Jun variance was $4,689,767 vs plan",04/23/2026 09:26:59 AM
r03-0001231,jthompson@harwellinsurancegroup.com,[Flux Commentary] Summarize the Mar variance for entity MX-09,error,1.4,ERROR: upstream request timed out,04/23/2026 11:18:54 AM
r03-0001232,kharris@harwellinsurancegroup.com,[Flux Commentary] Check covenant compliance for the revolver,completed,0.7,FAILED: null reference in aggregation step,04/24/2026 10:49:41 AM
r03-0001233,ssanchez@harwellinsurancegroup.com,[Board Deck Builder] Reconcile AP aging over 90 days for MX-05,completed,8.0,"Accounting Jun variance was $3,766,750 vs plan",04/24/2026 12:16:29 PM
r03-0001234,ssanchez@harwellinsurancegroup.com,[Budget vs Actual] Which cost centers are over budget YTD?,error,3.5,FAILED: null reference in aggregation step,04/24/2026 09:36:30 AM
r03-0001235,agarcia@harwellinsurancegroup.com,[AP Aging Analyst] Draft flux commentary for the May close,completed,29.1,"Treasury May variance was $3,451,539 vs plan",04/24/2026 10:52:40 AM
r03-0001236,mrobinson@harwellinsurancegroup.com,[Covenant Checker] Check covenant compliance for the revolver,completed,27.9,"Accounting Feb variance was $4,272,722 vs plan",04/24/2026 10:18:00 AM
r03-0001237,ssanchez@harwellinsurancegroup.com,[Budget vs Actual] Build the board deck cash slide for May,completed,45.0,"Ops May variance was $186,938 vs plan",04/24/2026 09:36:43 AM
r03-0001238,ssanchez@harwellinsurancegroup.com,[Revenue Recognizer] Summarize the Jan variance for entity EU-05,completed,62.2,"Treasury Jan variance was $234,106 vs plan",04/24/2026 10:35:35 AM
r03-0001239,kjohnson@harwellinsurancegroup.com,[Revenue Recognizer] Why did Accounting spend exceed budget in Apr?,completed,68.6,"Accounting Apr variance was $2,665,192 vs plan",04/24/2026 09:24:09 AM
r03-0001240,kjohnson@harwellinsurancegroup.com,[Board Deck Builder] Forecast Feb operating cash flow,completed,58.9,"Treasury Feb variance was $4,463,641 vs plan",04/24/2026 02:28:11 PM
r03-0001241,ssanchez@harwellinsurancegroup.com,[Flux Commentary] Forecast Apr operating cash flow,completed,39.4,"FP&A Apr variance was $2,663,029 vs plan",04/24/2026 02:34:57 PM
r03-0001242,lwhite@harwellinsurancegroup.com,[Variance Explainer] Reconcile AP aging over 90 days for CA-09,completed,30.5,"FP&A Apr variance was $1,057,336 vs plan",04/24/2026 08:39:01 AM
r03-0001243,ssanchez@harwellinsurancegroup.com,[Flux Commentary] Why did Accounting spend exceed budget in Feb?,completed,53.3,"Accounting Feb variance was $4,565,667 vs plan",04/24/2026 11:18:17 AM
r03-0001244,ssanchez@harwellinsurancegroup.com,[Board Deck Builder] Which cost centers are over budget YTD?,completed,68.0,"Treasury Apr variance was $915,467 vs plan",04/24/2026 08:28:21 AM
r03-0001245,agarcia@harwellinsurancegroup.com,[Revenue Recognizer] Why did Accounting spend exceed budget in May?,completed,31.6,"Accounting May variance was $208,193 vs plan",04/24/2026 09:43:56 AM
r03-0001246,ssanchez@harwellinsurancegroup.com,[Headcount Planner] Explain the headcount variance vs plan,completed,23.1,"Ops Jun variance was $3,950,246 vs plan",04/24/2026 11:06:06 AM
r03-0001247,ssanchez@harwellinsurancegroup.com,[Flux Commentary] Which cost centers are over budget YTD?,completed,19.1,"Accounting Jun variance was $2,491,904 vs plan",04/24/2026 06:47:13 AM
r03-0001248,ssanchez@harwellinsurancegroup.com,[AP Aging Analyst] Why did Treasury spend exceed budget in Jun?,completed,35.2,"Treasury Jun variance was $3,067,162 vs plan",04/24/2026 01:54:25 PM
r03-0001249,ssanchez@harwellinsurancegroup.com,[Covenant Checker] Build the board deck cash slide for Jan,completed,1.1,Traceback (most recent call last): KeyError 'entity',04/24/2026 03:23:58 PM
r03-0001250,ssanchez@harwellinsurancegroup.com,[Headcount Planner] Explain the headcount variance vs plan,completed,46.4,"Accounting Mar variance was $594,277 vs plan",04/24/2026 08:55:55 AM
r03-0001251,lwhite@harwellinsurancegroup.com,[Vendor Spend Analyzer] Summarize the Feb variance for entity EU-07,completed,23.5,"Ops Feb variance was $2,067,180 vs plan",04/24/2026 10:45:18 AM
r03-0001252,ssanchez@harwellinsurancegroup.com,[Variance Explainer] Build the board deck cash slide for Mar,completed,23.5,"Ops Mar variance was $4,113,661 vs plan",04/24/2026 01:04:09 PM
r03-0001253,ssanchez@harwellinsurancegroup.com,[Variance Explainer] Build the board deck cash slide for Feb,completed,14.7,"Accounting Feb variance was $4,344,105 vs plan",04/25/2026 07:55:18 PM
r03-0001254,ssanchez@harwellinsurancegroup.com,[Cash Forecaster] Why did FP&A spend exceed budget in Apr?,completed,0.7,FAILED: null reference in aggregation step,04/25/2026 08:32:14 PM
r03-0001255,lwhite@harwellinsurancegroup.com,[Budget vs Actual] Why did Treasury spend exceed budget in Jan?,completed,60.7,"Treasury Jan variance was $2,327,087 vs plan",04/25/2026 03:39:22 PM
r03-0001256,ssanchez@harwellinsurancegroup.com,[Vendor Spend Analyzer] What drove the change in gross margin this quarter?,completed,31.9,"FP&A Feb variance was $3,046,827 vs plan",04/25/2026 09:39:18 AM
r03-0001257,ssanchez@harwellinsurancegroup.com,[Variance Explainer] Check covenant compliance for the revolver,completed,24.6,"Treasury Jan variance was $3,425,204 vs plan",04/25/2026 01:33:50 PM
r03-0001258,ssanchez@harwellinsurancegroup.com,[Journal Entry Reviewer] Which cost centers are over budget YTD?,completed,23.3,"FP&A Apr variance was $914,635 vs plan",04/25/2026 09:40:16 AM
r03-0001259,dthompson@harwellinsurancegroup.com,[Revenue Recognizer] Forecast Apr operating cash flow,error,4.6,error code 502 from model gateway,04/25/2026 02:34:41 PM
r03-0001260,ssanchez@harwellinsurancegroup.com,[Close Checklist Bot] Explain the headcount variance vs plan,completed,74.9,"FP&A Jan variance was $4,751,137 vs plan",04/25/2026 01:45:19 PM
r03-0001261,ssanchez@harwellinsurancegroup.com,[Vendor Spend Analyzer] Which cost centers are over budget YTD?,completed,5.4,"Treasury Jun variance was $1,331,868 vs plan",04/25/2026 02:23:48 PM
r03-0001262,ssanchez@harwellinsurancegroup.com,[Budget vs Actual] Explain the headcount variance vs plan,completed,12.6,"FP&A May variance was $1,038,202 vs plan",04/25/2026 04:20:45 PM
r03-0001263,ssanchez@harwellinsurancegroup.com,[Vendor Spend Analyzer] Summarize the May variance for entity US-01,completed,61.3,"Ops May variance was $3,723,844 vs plan",04/25/2026 04:10:36 PM
r03-0001264,ssanchez@harwellinsurancegroup.com,[Close Checklist Bot] Forecast Apr operating cash flow,completed,27.8,"Accounting Apr variance was $4,306,651 vs plan",04/25/2026 11:05:25 AM
r03-0001265,ssanchez@harwellinsurancegroup.com,[Headcount Planner] Explain the headcount variance vs plan,completed,16.8,"Treasury Feb variance was $503,110 vs plan",04/25/2026 10:56:40 AM
r03-0001266,thaddad@harwellinsurancegroup.com,[Cash Forecaster] Forecast Mar operating cash flow,completed,23.7,"FP&A Mar variance was $2,194,546 vs plan",04/25/2026 11:01:50 AM
r03-0001267,ssanchez@harwellinsurancegroup.com,[AP Aging Analyst] Build the board deck cash slide for Apr,completed,9.9,"Ops Apr variance was $3,421,734 vs plan",04/26/2026 12:12:45 PM
r03-0001268,ssanchez@harwellinsurancegroup.com,[Journal Entry Reviewer] Reconcile AP aging over 90 days for EU-01,completed,4.0,"FP&A Mar variance was $1,080,387 vs plan",04/26/2026 09:31:08 AM
r03-0001269,jjones@harwellinsurancegroup.com,[Variance Explainer] What drove the change in gross margin this quarter?,completed,48.9,"Treasury Jan variance was $416,695 vs plan",04/26/2026 01:54:19 PM
r03-0001270,kharris@harwellinsurancegroup.com,[Board Deck Builder] Summarize the Feb variance for entity CA-02,completed,52.7,"Treasury Feb variance was $3,537,622 vs plan",04/26/2026 10:47:24 AM
r03-0001271,kjohnson@harwellinsurancegroup.com,[Flux Commentary] Summarize the Mar variance for entity US-08,completed,4.3,"Ops Mar variance was $3,390,828 vs plan",04/26/2026 10:31:36 AM
r03-0001272,ssanchez@harwellinsurancegroup.com,[Cash Forecaster] Summarize the Apr variance for entity CA-09,completed,74.0,"Treasury Apr variance was $3,926,757 vs plan",04/26/2026 11:15:10 AM
r03-0001273,ssanchez@harwellinsurancegroup.com,[Vendor Spend Analyzer] Which cost centers are over budget YTD?,completed,68.0,"Ops Jan variance was $1,296,916 vs plan",04/26/2026 02:23:20 PM
r03-0001274,lwhite@harwellinsurancegroup.com,[Vendor Spend Analyzer] Which cost centers are over budget YTD?,completed,22.5,"Accounting Mar variance was $2,474,275 vs plan",04/27/2026 05:18:06 PM
r03-0001275,lwhite@harwellinsurancegroup.com,[Vendor Spend Analyzer] Draft flux commentary for the Mar close,completed,69.6,"Ops Mar variance was $4,400,729 vs plan",04/27/2026 06:20:00 PM
r03-0001276,ssanchez@harwellinsurancegroup.com,[Covenant Checker] Draft flux commentary for the Mar close,error,3.5,Traceback (most recent call last): KeyError 'entity',04/27/2026 05:05:39 PM
r03-0001277,lwhite@harwellinsurancegroup.com,[Headcount Planner] Explain the headcount variance vs plan,completed,27.3,"Ops Apr variance was $3,721,269 vs plan",04/27/2026 07:24:33 AM
r03-0001278,ssanchez@harwellinsurancegroup.com,[Vendor Spend Analyzer] Why did Treasury spend exceed budget in Mar?,completed,10.8,"Treasury Mar variance was $1,467,060 vs plan",04/27/2026 06:54:21 AM
r03-0001279,lwhite@harwellinsurancegroup.com,[Close Checklist Bot] Summarize the Mar variance for entity CA-07,completed,17.4,"Accounting Mar variance was $2,866,581 vs plan",04/27/2026 10:16:04 AM
r03-0001280,ssanchez@harwellinsurancegroup.com,[Flux Commentary] Build the board deck cash slide for Feb,completed,46.9,"Treasury Feb variance was $3,873,948 vs plan",04/27/2026 01:54:13 PM
r03-0001281,mrobinson@harwellinsurancegroup.com,[Journal Entry Reviewer] Check covenant compliance for the revolver,completed,13.1,"Ops May variance was $3,977,975 vs plan",04/27/2026 02:43:22 PM
r03-0001282,kharris@harwellinsurancegroup.com,[Flux Commentary] Check covenant compliance for the revolver,completed,59.9,"Accounting Jun variance was $1,138,140 vs plan",04/27/2026 03:21:08 PM
r03-0001283,ymartinez@harwellinsurancegroup.com,[Journal Entry Reviewer] Explain the headcount variance vs plan,completed,35.6,"Ops Feb variance was $457,096 vs plan",04/27/2026 01:58:44 PM
r03-0001284,ssanchez@harwellinsurancegroup.com,[Board Deck Builder] Reconcile AP aging over 90 days for US-03,completed,56.9,"Treasury Mar variance was $4,692,172 vs plan",04/27/2026 02:17:52 PM
r03-0001285,mrobinson@harwellinsurancegroup.com,[Board Deck Builder] Build the board deck cash slide for Mar,completed,8.2,"FP&A Mar variance was $4,508,424 vs plan",04/27/2026 03:27:27 PM
r03-0001286,ssanchez@harwellinsurancegroup.com,[Headcount Planner] What drove the change in gross margin this quarter?,completed,26.8,"FP&A Jun variance was $4,146,483 vs plan",04/27/2026 11:24:23 AM
r03-0001287,kharris@harwellinsurancegroup.com,[Close Checklist Bot] Build the board deck cash slide for May,completed,37.3,"Ops May variance was $1,106,726 vs plan",04/27/2026 02:40:00 PM
r03-0001288,kjohnson@harwellinsurancegroup.com,[Flux Commentary] Build the board deck cash slide for Apr,completed,66.3,"Accounting Apr variance was $3,150,242 vs plan",04/27/2026 03:01:54 PM
r03-0001289,ssanchez@harwellinsurancegroup.com,[Cash Forecaster] Why did Accounting spend exceed budget in Apr?,completed,52.3,"Accounting Apr variance was $464,741 vs plan",04/27/2026 03:57:02 PM
r03-0001290,ssanchez@harwellinsurancegroup.com,[Headcount Planner] Build the board deck cash slide for Mar,completed,72.1,"Ops Mar variance was $4,411,782 vs plan",04/27/2026 10:40:38 AM
r03-0001291,ssanchez@harwellinsurancegroup.com,[AP Aging Analyst] What drove the change in gross margin this quarter?,completed,16.4,"Accounting Jun variance was $1,192,787 vs plan",04/27/2026 01:21:29 PM
r03-0001292,lwhite@harwellinsurancegroup.com,[Vendor Spend Analyzer] Forecast Jan operating cash flow,completed,71.2,"Accounting Jan variance was $3,079,138 vs plan",04/27/2026 02:12:26 PM
r03-0001293,mrobinson@harwellinsurancegroup.com,[AP Aging Analyst] Why did Ops spend exceed budget in Jun?,completed,18.1,"Ops Jun variance was $2,211,072 vs plan",04/27/2026 12:45:35 PM
r03-0001294,agarcia@harwellinsurancegroup.com,[Vendor Spend Analyzer] Forecast Apr operating cash flow,completed,41.2,"FP&A Apr variance was $1,399,223 vs plan",04/27/2026 10:59:24 AM
r03-0001295,ssanchez@harwellinsurancegroup.com,[Close Checklist Bot] Build the board deck cash slide for Jan,completed,73.5,"Treasury Jan variance was $4,253,254 vs plan",04/27/2026 09:04:59 AM
r03-0001296,kjohnson@harwellinsurancegroup.com,[Headcount Planner] Summarize the Jan variance for entity MX-09,completed,16.4,"FP&A Jan variance was $85,671 vs plan",04/27/2026 12:33:40 PM
r03-0001297,dthompson@harwellinsurancegroup.com,[AP Aging Analyst] Draft flux commentary for the Jun close,completed,27.1,"Ops Jun variance was $4,654,798 vs plan",04/27/2026 10:27:00 AM
r03-0001298,lwhite@harwellinsurancegroup.com,[Vendor Spend Analyzer] Build the board deck cash slide for Mar,completed,29.2,"FP&A Mar variance was $1,689,859 vs plan",04/27/2026 12:29:25 PM
r03-0001299,agarcia@harwellinsurancegroup.com,[Vendor Spend Analyzer] Forecast May operating cash flow,completed,11.5,"FP&A May variance was $2,404,993 vs plan",04/27/2026 09:10:06 AM
r03-0001300,ssanchez@harwellinsurancegroup.com,[Board Deck Builder] Build the board deck cash slide for Mar,completed,30.1,"Accounting Mar variance was $426,653 vs plan",04/27/2026 02:02:52 PM
r03-0001301,ssanchez@harwellinsurancegroup.com,[Vendor Spend Analyzer] Reconcile AP aging over 90 days for EU-02,completed,1.3,Traceback (most recent call last): KeyError 'entity',04/27/2026 02:41:46 PM
r03-0001302,ssanchez@harwellinsurancegroup.com,[Journal Entry Reviewer] Reconcile AP aging over 90 days for MX-05,completed,56.2,"Accounting Feb variance was $4,160,653 vs plan",04/27/2026 07:21:20 AM
r03-0001303,ssanchez@harwellinsurancegroup.com,[Close Checklist Bot] What drove the change in gross margin this quarter?,completed,66.5,"Accounting Jun variance was $4,781,288 vs plan",04/27/2026 08:51:38 AM
r03-0001304,ssanchez@harwellinsurancegroup.com,[Vendor Spend Analyzer] Which cost centers are over budget YTD?,completed,39.5,"FP&A Feb variance was $1,199,402 vs plan",04/27/2026 01:24:50 PM
r03-0001305,ssanchez@harwellinsurancegroup.com,[Headcount Planner] Explain the headcount variance vs plan,completed,18.2,"Treasury Jan variance was $3,828,244 vs plan",04/27/2026 06:54:20 AM
r03-0001306,ssanchez@harwellinsurancegroup.com,[Vendor Spend Analyzer] Check covenant compliance for the revolver,completed,23.5,"Accounting Jan variance was $429,050 vs plan",04/27/2026 01:26:44 PM
r03-0001307,ssanchez@harwellinsurancegroup.com,[Revenue Recognizer] Check covenant compliance for the revolver,completed,32.3,"Treasury Jun variance was $446,589 vs plan",04/27/2026 06:56:28 AM
r03-0001308,ssanchez@harwellinsurancegroup.com,[Board Deck Builder] Forecast Mar operating cash flow,completed,42.7,"Accounting Mar variance was $4,197,287 vs plan",04/28/2026 10:33:55 AM
r03-0001309,ssanchez@harwellinsurancegroup.com,[Variance Explainer] Which cost centers are over budget YTD?,completed,59.3,"Accounting May variance was $4,588,896 vs plan",04/28/2026 11:49:31 AM
r03-0001310,ssanchez@harwellinsurancegroup.com,[Cash Forecaster] Explain the headcount variance vs plan,error,5.5,FAILED: null reference in aggregation step,04/28/2026 05:35:21 PM
r03-0001311,mmiller@harwellinsurancegroup.com,[Variance Explainer] Explain the headcount variance vs plan,completed,69.8,"Accounting Feb variance was $841,742 vs plan",04/28/2026 10:42:33 AM
r03-0001312,ssanchez@harwellinsurancegroup.com,[Cash Forecaster] Check covenant compliance for the revolver,completed,37.8,"Treasury Jan variance was $2,058,217 vs plan",04/28/2026 10:14:36 AM
r03-0001313,kharris@harwellinsurancegroup.com,[Journal Entry Reviewer] What drove the change in gross margin this quarter?,completed,69.9,"Ops Jun variance was $4,155,795 vs plan",04/28/2026 02:18:37 PM
r03-0001314,mrobinson@harwellinsurancegroup.com,[Headcount Planner] Which cost centers are over budget YTD?,completed,63.7,"FP&A Mar variance was $2,340,073 vs plan",04/28/2026 12:30:50 PM
r03-0001315,ssanchez@harwellinsurancegroup.com,[AP Aging Analyst] Check covenant compliance for the revolver,completed,7.6,"Treasury May variance was $1,358,496 vs plan",04/28/2026 11:35:41 AM
r03-0001316,ssanchez@harwellinsurancegroup.com,[Board Deck Builder] Explain the headcount variance vs plan,completed,70.4,"FP&A Jun variance was $3,292,766 vs plan",04/28/2026 01:13:44 PM
r03-0001317,mmiller@harwellinsurancegroup.com,[Headcount Planner] Summarize the Jun variance for entity EU-09,completed,4.9,"Accounting Jun variance was $2,731,306 vs plan",04/28/2026 04:46:37 PM
r03-0001318,kjohnson@harwellinsurancegroup.com,[Revenue Recognizer] Summarize the May variance for entity EU-05,completed,7.6,"FP&A May variance was $40,739 vs plan",04/28/2026 09:08:35 AM
r03-0001319,bwilliams@harwellinsurancegroup.com,[AP Aging Analyst] What drove the change in gross margin this quarter?,completed,15.7,"Ops Feb variance was $1,036,748 vs plan",04/28/2026 11:46:31 AM
r03-0001320,jwalker@harwellinsurancegroup.com,[Budget vs Actual] Build the board deck cash slide for Mar,completed,1.5,ERROR: upstream request timed out,04/28/2026 11:54:24 AM
r03-0001321,ssanchez@harwellinsurancegroup.com,[Board Deck Builder] Build the board deck cash slide for Apr,completed,30.0,"FP&A Apr variance was $1,783,038 vs plan",04/28/2026 08:56:19 AM
r03-0001322,ssanchez@harwellinsurancegroup.com,[Cash Forecaster] Summarize the Feb variance for entity EU-04,completed,41.0,"Ops Feb variance was $4,535,383 vs plan",04/28/2026 12:02:03 PM
r03-0001323,jwalker@harwellinsurancegroup.com,[Budget vs Actual] Which cost centers are over budget YTD?,completed,58.3,"Ops May variance was $2,170,756 vs plan",04/28/2026 05:04:53 PM
r03-0001324,lwhite@harwellinsurancegroup.com,[Budget vs Actual] Draft flux commentary for the Apr close,completed,48.0,"FP&A Apr variance was $318,444 vs plan",04/28/2026 07:09:00 PM
r03-0001325,ssanchez@harwellinsurancegroup.com,[Close Checklist Bot] Check covenant compliance for the revolver,completed,8.1,"Treasury Jun variance was $2,468,867 vs plan",04/28/2026 09:16:45 PM
r03-0001326,kjohnson@harwellinsurancegroup.com,[Vendor Spend Analyzer] Which cost centers are over budget YTD?,completed,18.3,"Ops Jun variance was $620,210 vs plan",04/28/2026 08:13:27 AM
r03-0001327,ssanchez@harwellinsurancegroup.com,[Budget vs Actual] What drove the change in gross margin this quarter?,error,5.8,ERROR: upstream request timed out,04/28/2026 03:00:27 PM
r03-0001328,ssanchez@harwellinsurancegroup.com,[Headcount Planner] Forecast May operating cash flow,completed,25.0,"Ops May variance was $2,122,985 vs plan",04/28/2026 09:16:50 AM
r03-0001329,lwhite@harwellinsurancegroup.com,[Covenant Checker] Why did Treasury spend exceed budget in Feb?,completed,45.7,"Treasury Feb variance was $2,394,547 vs plan",04/28/2026 10:47:54 AM
r03-0001330,lmartin@harwellinsurancegroup.com,[Close Checklist Bot] Forecast Mar operating cash flow,completed,43.2,"Ops Mar variance was $4,315,407 vs plan",04/28/2026 10:17:39 AM
r03-0001331,ssanchez@harwellinsurancegroup.com,[Headcount Planner] Which cost centers are over budget YTD?,completed,59.0,"Ops Jan variance was $432,700 vs plan",04/28/2026 11:18:35 AM
r03-0001332,ssanchez@harwellinsurancegroup.com,[AP Aging Analyst] Draft flux commentary for the May close,completed,69.6,"Treasury May variance was $1,176,371 vs plan",04/28/2026 05:24:28 PM
r03-0001333,ssanchez@harwellinsurancegroup.com,[Flux Commentary] Check covenant compliance for the revolver,completed,35.2,"Treasury Mar variance was $1,972,863 vs plan",04/28/2026 08:30:06 AM
r03-0001334,mrobinson@harwellinsurancegroup.com,[Vendor Spend Analyzer] Draft flux commentary for the Mar close,completed,63.5,"FP&A Mar variance was $4,384,977 vs plan",04/28/2026 01:20:29 PM
r03-0001335,ssanchez@harwellinsurancegroup.com,[AP Aging Analyst] Summarize the Apr variance for entity EU-09,completed,10.9,"FP&A Apr variance was $430,670 vs plan",04/28/2026 04:26:26 PM
r03-0001336,ssanchez@harwellinsurancegroup.com,[Board Deck Builder] What drove the change in gross margin this quarter?,completed,51.0,"Treasury Mar variance was $3,339,110 vs plan",04/29/2026 05:42:12 PM
r03-0001337,mmiller@harwellinsurancegroup.com,[Board Deck Builder] Check covenant compliance for the revolver,completed,68.1,"FP&A Jun variance was $323,750 vs plan",04/29/2026 12:32:54 PM
r03-0001338,phaddad@harwellinsurancegroup.com,[Headcount Planner] What drove the change in gross margin this quarter?,completed,45.0,"Ops Jan variance was $2,021,698 vs plan",04/29/2026 01:17:18 PM
r03-0001339,pthompson@harwellinsurancegroup.com,[Cash Forecaster] Check covenant compliance for the revolver,error,3.0,Traceback (most recent call last): KeyError 'entity',04/29/2026 12:31:17 PM
r03-0001340,jjones@harwellinsurancegroup.com,[Vendor Spend Analyzer] Why did Treasury spend exceed budget in May?,completed,47.0,"Treasury May variance was $3,845,574 vs plan",04/29/2026 06:57:05 PM
r03-0001341,kjohnson@harwellinsurancegroup.com,[AP Aging Analyst] Build the board deck cash slide for Jan,completed,3.5,"Treasury Jan variance was $2,653,893 vs plan",04/29/2026 04:41:22 PM
r03-0001342,ssanchez@harwellinsurancegroup.com,[Board Deck Builder] Build the board deck cash slide for Jan,completed,0.6,FAILED: null reference in aggregation step,04/29/2026 04:52:09 PM
r03-0001343,ssanchez@harwellinsurancegroup.com,[Vendor Spend Analyzer] Forecast May operating cash flow,completed,61.1,"Treasury May variance was $18,385 vs plan",04/29/2026 09:22:19 AM
r03-0001344,ssanchez@harwellinsurancegroup.com,[Board Deck Builder] Forecast Mar operating cash flow,completed,47.3,"Ops Mar variance was $935,244 vs plan",04/29/2026 11:30:16 AM
r03-0001345,kharris@harwellinsurancegroup.com,[Vendor Spend Analyzer] Reconcile AP aging over 90 days for US-04,completed,40.3,"Ops Feb variance was $3,737,608 vs plan",04/29/2026 04:57:08 PM
r03-0001346,ssanchez@harwellinsurancegroup.com,[Covenant Checker] Draft flux commentary for the Apr close,completed,72.2,"FP&A Apr variance was $3,340,103 vs plan",04/29/2026 12:32:56 PM
r03-0001347,ssanchez@harwellinsurancegroup.com,[Close Checklist Bot] Explain the headcount variance vs plan,completed,58.2,"Treasury May variance was $2,028,534 vs plan",04/29/2026 04:20:07 PM
r03-0001348,ssanchez@harwellinsurancegroup.com,[Vendor Spend Analyzer] Why did Accounting spend exceed budget in Feb?,completed,0.2,Traceback (most recent call last): KeyError 'entity',04/29/2026 10:49:32 AM
r03-0001349,ssanchez@harwellinsurancegroup.com,[Board Deck Builder] Forecast Mar operating cash flow,completed,64.8,"Ops Mar variance was $3,779,226 vs plan",04/29/2026 02:31:47 PM
r03-0001350,ssanchez@harwellinsurancegroup.com,[Revenue Recognizer] Summarize the Feb variance for entity CA-01,completed,61.8,"FP&A Feb variance was $1,261,506 vs plan",04/29/2026 12:36:08 PM
r03-0001351,ymartinez@harwellinsurancegroup.com,[Revenue Recognizer] Summarize the Feb variance for entity MX-04,completed,38.5,"Ops Feb variance was $3,499,256 vs plan",04/29/2026 11:10:02 AM
r03-0001352,flopez@harwellinsurancegroup.com,[Journal Entry Reviewer] Forecast Mar operating cash flow,error,1.4,FAILED: null reference in aggregation step,04/29/2026 09:33:25 AM
r03-0001353,kharris@harwellinsurancegroup.com,[Variance Explainer] Forecast Jan operating cash flow,completed,41.6,"Accounting Jan variance was $3,007,137 vs plan",04/29/2026 02:38:39 PM
r03-0001354,ssanchez@harwellinsurancegroup.com,[Board Deck Builder] Check covenant compliance for the revolver,completed,20.7,"Treasury Jun variance was $4,774,405 vs plan",04/29/2026 07:13:09 PM
r03-0001355,ssanchez@harwellinsurancegroup.com,[Board Deck Builder] Summarize the Jun variance for entity US-07,completed,32.1,"Treasury Jun variance was $520,102 vs plan",04/29/2026 08:58:22 AM
r03-0001356,ssanchez@harwellinsurancegroup.com,[Headcount Planner] Check covenant compliance for the revolver,error,1.9,FAILED: null reference in aggregation step,04/29/2026 12:31:59 PM
r03-0001357,ssanchez@harwellinsurancegroup.com,[Board Deck Builder] What drove the change in gross margin this quarter?,completed,74.0,"Ops Feb variance was $1,785,390 vs plan",04/29/2026 12:10:35 PM
r03-0001358,ssanchez@harwellinsurancegroup.com,[Board Deck Builder] Explain the headcount variance vs plan,completed,50.6,"Accounting May variance was $4,339,679 vs plan",04/29/2026 12:55:58 PM
r03-0001359,mrobinson@harwellinsurancegroup.com,[Revenue Recognizer] Which cost centers are over budget YTD?,completed,34.6,"Ops Jan variance was $4,774,764 vs plan",04/29/2026 11:46:48 AM
r03-0001360,rthompson@harwellinsurancegroup.com,[Revenue Recognizer] Build the board deck cash slide for Jun,completed,62.2,"FP&A Jun variance was $3,534,983 vs plan",04/29/2026 10:47:11 AM
r03-0001361,ssanchez@harwellinsurancegroup.com,[Headcount Planner] Why did FP&A spend exceed budget in Apr?,completed,21.2,"FP&A Apr variance was $575,264 vs plan",04/29/2026 01:25:41 PM
r03-0001362,ssanchez@harwellinsurancegroup.com,[Covenant Checker] Check covenant compliance for the revolver,completed,25.7,"Treasury Jun variance was $1,670,186 vs plan",04/29/2026 03:30:34 PM
r03-0001363,pthompson@harwellinsurancegroup.com,[Close Checklist Bot] Explain the headcount variance vs plan,completed,4.7,"Ops Jan variance was $3,164,291 vs plan",04/29/2026 11:26:45 AM
r03-0001364,jthompson@harwellinsurancegroup.com,[Journal Entry Reviewer] Forecast Feb operating cash flow,completed,14.3,"Treasury Feb variance was $4,114,856 vs plan",04/29/2026 06:10:59 PM
r03-0001365,kharris@harwellinsurancegroup.com,[Journal Entry Reviewer] Draft flux commentary for the Jan close,completed,40.9,"Accounting Jan variance was $2,984,544 vs plan",04/30/2026 10:38:59 AM
r03-0001366,kjohnson@harwellinsurancegroup.com,[AP Aging Analyst] Build the board deck cash slide for Feb,completed,3.8,"FP&A Feb variance was $4,606,838 vs plan",04/30/2026 06:03:10 PM
r03-0001367,kharris@harwellinsurancegroup.com,[AP Aging Analyst] Which cost centers are over budget YTD?,completed,45.4,"Ops Apr variance was $496,001 vs plan",04/30/2026 08:36:48 AM
r03-0001368,ssanchez@harwellinsurancegroup.com,[Headcount Planner] Reconcile AP aging over 90 days for US-08,completed,57.1,"FP&A Feb variance was $851,928 vs plan",04/30/2026 03:46:25 PM
r03-0001369,ssanchez@harwellinsurancegroup.com,[Covenant Checker] Check covenant compliance for the revolver,completed,30.2,"Treasury Jun variance was $1,062,977 vs plan",04/30/2026 08:47:58 AM
r03-0001370,ssanchez@harwellinsurancegroup.com,[Cash Forecaster] Check covenant compliance for the revolver,completed,37.0,"FP&A May variance was $1,813,801 vs plan",04/30/2026 12:34:58 PM
r03-0001371,ssanchez@harwellinsurancegroup.com,[Flux Commentary] Which cost centers are over budget YTD?,completed,33.6,"Ops Jan variance was $1,279,771 vs plan",04/30/2026 07:45:51 AM
r03-0001372,kharris@harwellinsurancegroup.com,[Revenue Recognizer] Draft flux commentary for the May close,completed,59.4,"FP&A May variance was $3,555,710 vs plan",04/30/2026 02:58:08 PM
r03-0001373,ssanchez@harwellinsurancegroup.com,[Vendor Spend Analyzer] What drove the change in gross margin this quarter?,completed,71.6,"Accounting Mar variance was $1,503,739 vs plan",04/30/2026 12:33:02 PM
r03-0001374,kharris@harwellinsurancegroup.com,[Covenant Checker] What drove the change in gross margin this quarter?,completed,53.9,"Accounting Jan variance was $3,724,255 vs plan",04/30/2026 01:08:12 PM
r03-0001375,ssanchez@harwellinsurancegroup.com,[Close Checklist Bot] Why did Treasury spend exceed budget in Mar?,completed,69.9,"Treasury Mar variance was $2,781,097 vs plan",04/30/2026 01:30:44 PM
r03-0001376,ssanchez@harwellinsurancegroup.com,[Cash Forecaster] What drove the change in gross margin this quarter?,completed,53.0,"Accounting Mar variance was $1,242,594 vs plan",04/30/2026 06:00:04 AM
r03-0001377,jrobinson@harwellinsurancegroup.com,[Close Checklist Bot] Forecast Jan operating cash flow,completed,72.1,"Accounting Jan variance was $651,341 vs plan",04/30/2026 03:56:42 PM
r03-0001378,pgonzalez@harwellinsurancegroup.com,[Revenue Recognizer] Summarize the May variance for entity US-03,completed,23.0,"FP&A May variance was $2,065,312 vs plan",04/30/2026 01:02:19 PM
r03-0001379,ssanchez@harwellinsurancegroup.com,[Flux Commentary] Draft flux commentary for the Feb close,completed,59.4,"Ops Feb variance was $2,314,386 vs plan",04/30/2026 01:56:31 PM
r03-0001380,ssanchez@harwellinsurancegroup.com,[AP Aging Analyst] Reconcile AP aging over 90 days for EU-08,completed,23.0,"Ops May variance was $618,014 vs plan",04/30/2026 09:42:49 AM
r03-0001381,ssanchez@harwellinsurancegroup.com,[Vendor Spend Analyzer] Why did FP&A spend exceed budget in Mar?,completed,35.1,"FP&A Mar variance was $4,544,669 vs plan",04/30/2026 09:54:30 AM
r03-0001382,kharris@harwellinsurancegroup.com,[Board Deck Builder] Explain the headcount variance vs plan,completed,18.0,"Treasury Apr variance was $1,898,552 vs plan",04/30/2026 12:10:36 PM
r03-0001383,ssanchez@harwellinsurancegroup.com,[Headcount Planner] Reconcile AP aging over 90 days for US-01,error,6.4,Traceback (most recent call last): KeyError 'entity',04/30/2026 11:59:31 AM
r03-0001384,mrobinson@harwellinsurancegroup.com,[Budget vs Actual] Forecast Jan operating cash flow,completed,1.7,ERROR: upstream request timed out,04/30/2026 03:48:55 PM
r03-0001385,ssanchez@harwellinsurancegroup.com,[Revenue Recognizer] Check covenant compliance for the revolver,completed,49.6,"Ops May variance was $4,399,894 vs plan",04/30/2026 11:04:23 AM
r03-0001386,ssanchez@harwellinsurancegroup.com,[Journal Entry Reviewer] Explain the headcount variance vs plan,completed,29.8,"FP&A Mar variance was $60,913 vs plan",04/30/2026 08:45:13 AM
r03-0001387,dlee@harwellinsurancegroup.com,[Journal Entry Reviewer] Build the board deck cash slide for Feb,completed,59.1,"Accounting Feb variance was $3,805,672 vs plan",04/30/2026 01:19:30 PM
r03-0001388,ssanchez@harwellinsurancegroup.com,[Board Deck Builder] Forecast Apr operating cash flow,completed,49.9,"Ops Apr variance was $139,768 vs plan",04/30/2026 01:08:38 PM
r03-0001389,lmartin@harwellinsurancegroup.com,[Budget vs Actual] Forecast Jun operating cash flow,completed,0.7,ERROR: upstream request timed out,04/30/2026 12:17:29 PM
r03-0001390,agarcia@harwellinsurancegroup.com,[Variance Explainer] Summarize the Feb variance for entity MX-09,completed,25.3,"Ops Feb variance was $2,075,980 vs plan",04/30/2026 12:31:01 PM
r03-0001391,ssanchez@harwellinsurancegroup.com,[Flux Commentary] Build the board deck cash slide for Jun,completed,9.6,"Ops Jun variance was $4,710,124 vs plan",05/01/2026 12:11:01 PM
r03-0001392,kharris@harwellinsurancegroup.com,[Cash Forecaster] Why did Ops spend exceed budget in Mar?,completed,10.9,"Ops Mar variance was $804,956 vs plan",05/01/2026 11:05:21 AM
r03-0001393,kharris@harwellinsurancegroup.com,[Variance Explainer] Draft flux commentary for the Feb close,completed,38.1,"Ops Feb variance was $4,750,018 vs plan",05/01/2026 11:50:40 AM
r03-0001394,jwalker@harwellinsurancegroup.com,[Variance Explainer] Check covenant compliance for the revolver,completed,49.7,"Accounting Feb variance was $916,888 vs plan",05/01/2026 05:14:58 PM
r03-0001395,ssanchez@harwellinsurancegroup.com,[Budget vs Actual] Explain the headcount variance vs plan,completed,25.3,"Treasury Feb variance was $4,786,824 vs plan",05/01/2026 07:26:36 AM
r03-0001396,kharris@harwellinsurancegroup.com,[Board Deck Builder] Summarize the Jan variance for entity EU-02,completed,14.3,"FP&A Jan variance was $1,474,950 vs plan",05/01/2026 11:09:57 AM
r03-0001397,ssanchez@harwellinsurancegroup.com,[AP Aging Analyst] Why did Accounting spend exceed budget in May?,completed,26.4,"Accounting May variance was $2,990,312 vs plan",05/01/2026 01:21:45 PM
r03-0001398,mrobinson@harwellinsurancegroup.com,[Budget vs Actual] Reconcile AP aging over 90 days for EU-07,completed,14.5,"Accounting May variance was $2,106,667 vs plan",05/01/2026 02:49:37 PM
r03-0001399,kjohnson@harwellinsurancegroup.com,[Journal Entry Reviewer] Reconcile AP aging over 90 days for CA-04,completed,23.5,"Ops Mar variance was $4,517,028 vs plan",05/01/2026 12:36:18 PM
r03-0001400,ssanchez@harwellinsurancegroup.com,[Board Deck Builder] Draft flux commentary for the May close,completed,52.1,"FP&A May variance was $822,813 vs plan",05/01/2026 10:18:57 AM
r03-0001401,ssanchez@harwellinsurancegroup.com,[AP Aging Analyst] Forecast Apr operating cash flow,completed,40.8,"FP&A Apr variance was $2,011,657 vs plan",05/01/2026 02:55:46 PM
r03-0001402,ssanchez@harwellinsurancegroup.com,[Covenant Checker] Summarize the Apr variance for entity US-03,completed,52.8,"FP&A Apr variance was $2,383,741 vs plan",05/01/2026 04:22:39 PM
r03-0001403,ssanchez@harwellinsurancegroup.com,[Flux Commentary] Draft flux commentary for the Jun close,completed,56.9,"Ops Jun variance was $3,151,851 vs plan",05/01/2026 07:21:03 AM
r03-0001404,ssanchez@harwellinsurancegroup.com,[Close Checklist Bot] Draft flux commentary for the Mar close,completed,20.2,"Ops Mar variance was $75,676 vs plan",05/01/2026 02:18:04 PM
r03-0001405,ssanchez@harwellinsurancegroup.com,[Journal Entry Reviewer] Draft flux commentary for the Jun close,completed,8.8,"Accounting Jun variance was $3,686,393 vs plan",05/01/2026 02:13:42 PM
r03-0001406,ssanchez@harwellinsurancegroup.com,[Variance Explainer] Reconcile AP aging over 90 days for CA-05,completed,12.4,"FP&A Jun variance was $916,248 vs plan",05/01/2026 07:26:24 PM
r03-0001407,ssanchez@harwellinsurancegroup.com,[Budget vs Actual] Explain the headcount variance vs plan,completed,11.5,"Accounting Jun variance was $1,929,004 vs plan",05/01/2026 09:27:03 AM
r03-0001408,ssanchez@harwellinsurancegroup.com,[Headcount Planner] Check covenant compliance for the revolver,completed,23.0,"Treasury Mar variance was $3,006,518 vs plan",05/01/2026 10:44:08 AM
r03-0001409,ssanchez@harwellinsurancegroup.com,[Flux Commentary] Build the board deck cash slide for Mar,completed,59.7,"FP&A Mar variance was $2,821,521 vs plan",05/01/2026 10:44:09 AM
r03-0001410,ssanchez@harwellinsurancegroup.com,[Variance Explainer] Reconcile AP aging over 90 days for US-03,completed,9.8,"FP&A Mar variance was $2,764,269 vs plan",05/01/2026 07:05:30 PM
r03-0001411,ssanchez@harwellinsurancegroup.com,[Board Deck Builder] Reconcile AP aging over 90 days for MX-03,completed,71.5,"Ops May variance was $3,229,400 vs plan",05/01/2026 05:28:20 PM
r03-0001412,ssanchez@harwellinsurancegroup.com,[Headcount Planner] Reconcile AP aging over 90 days for CA-02,completed,62.0,"Ops May variance was $4,634,197 vs plan",05/01/2026 02:40:44 PM
r03-0001413,ssanchez@harwellinsurancegroup.com,[Covenant Checker] Summarize the May variance for entity US-06,completed,26.7,"Ops May variance was $2,996,380 vs plan",05/01/2026 03:13:57 PM
r03-0001414,ssanchez@harwellinsurancegroup.com,[Close Checklist Bot] Forecast Jan operating cash flow,completed,0.7,ERROR: upstream request timed out,05/01/2026 12:11:23 PM
r03-0001415,ssanchez@harwellinsurancegroup.com,[Headcount Planner] Reconcile AP aging over 90 days for CA-02,completed,54.5,"Treasury May variance was $1,290,561 vs plan",05/01/2026 04:46:06 PM
r03-0001416,kjohnson@harwellinsurancegroup.com,[Flux Commentary] Check covenant compliance for the revolver,completed,29.5,"Ops Jun variance was $3,286,772 vs plan",05/01/2026 04:33:01 PM
r03-0001417,ssanchez@harwellinsurancegroup.com,[Headcount Planner] Forecast Feb operating cash flow,completed,60.3,"Treasury Feb variance was $1,558,768 vs plan",05/02/2026 01:11:21 PM
r03-0001418,ymartinez@harwellinsurancegroup.com,[AP Aging Analyst] Which cost centers are over budget YTD?,completed,4.6,"Ops Feb variance was $2,252,673 vs plan",05/02/2026 06:18:48 PM
r03-0001419,ssanchez@harwellinsurancegroup.com,[Headcount Planner] What drove the change in gross margin this quarter?,completed,9.6,"Accounting Mar variance was $4,703,489 vs plan",05/02/2026 08:21:41 AM
r03-0001420,ssanchez@harwellinsurancegroup.com,[AP Aging Analyst] Reconcile AP aging over 90 days for CA-01,completed,41.4,"Treasury Jan variance was $2,056,113 vs plan",05/02/2026 01:35:50 PM
r03-0001421,kharris@harwellinsurancegroup.com,[Journal Entry Reviewer] Summarize the Mar variance for entity US-09,completed,33.2,"Ops Mar variance was $3,992,724 vs plan",05/03/2026 05:19:58 PM
r03-0001422,ssanchez@harwellinsurancegroup.com,[Variance Explainer] Why did Accounting spend exceed budget in Mar?,completed,49.0,"Accounting Mar variance was $1,456,724 vs plan",05/03/2026 12:47:41 PM
r03-0001423,kjohnson@harwellinsurancegroup.com,[Board Deck Builder] Draft flux commentary for the Jan close,completed,69.6,"Treasury Jan variance was $1,865,627 vs plan",05/03/2026 11:01:07 AM
r03-0001424,ssanchez@harwellinsurancegroup.com,[Vendor Spend Analyzer] Explain the headcount variance vs plan,completed,52.6,"FP&A Jan variance was $546,329 vs plan",05/03/2026 04:14:03 PM
r03-0001425,ssanchez@harwellinsurancegroup.com,[Vendor Spend Analyzer] Check covenant compliance for the revolver,completed,3.2,"Accounting Jan variance was $329,864 vs plan",05/03/2026 12:21:27 PM
r03-0001426,ssanchez@harwellinsurancegroup.com,[Flux Commentary] Draft flux commentary for the Mar close,completed,34.1,"Accounting Mar variance was $4,344,649 vs plan",05/03/2026 06:10:45 PM
r03-0001427,kjohnson@harwellinsurancegroup.com,[Vendor Spend Analyzer] Summarize the Jan variance for entity EU-08,completed,5.3,"FP&A Jan variance was $544,073 vs plan",05/03/2026 01:40:10 PM
r03-0001428,kharris@harwellinsurancegroup.com,[Vendor Spend Analyzer] Why did Ops spend exceed budget in Jun?,completed,26.6,"Ops Jun variance was $2,657,548 vs plan",05/04/2026 12:19:01 PM
r03-0001429,kharris@harwellinsurancegroup.com,[Flux Commentary] Reconcile AP aging over 90 days for EU-09,completed,14.0,"Treasury May variance was $189,005 vs plan",05/04/2026 12:31:48 PM
r03-0001430,kharris@harwellinsurancegroup.com,[Variance Explainer] Reconcile AP aging over 90 days for MX-08,error,1.5,error code 502 from model gateway,05/04/2026 10:05:41 AM
r03-0001431,ssanchez@harwellinsurancegroup.com,[Journal Entry Reviewer] Summarize the Apr variance for entity EU-09,completed,67.8,"Accounting Apr variance was $2,266,057 vs plan",05/04/2026 10:24:47 AM
r03-0001432,kharris@harwellinsurancegroup.com,[Flux Commentary] Check covenant compliance for the revolver,completed,64.8,"FP&A Mar variance was $341,379 vs plan",05/04/2026 03:51:40 PM
r03-0001433,ssanchez@harwellinsurancegroup.com,[Vendor Spend Analyzer] Build the board deck cash slide for Mar,completed,32.4,"Ops Mar variance was $1,521,437 vs plan",05/04/2026 04:19:31 PM
r03-0001434,ssanchez@harwellinsurancegroup.com,[Board Deck Builder] Check covenant compliance for the revolver,completed,0.5,error: connection reset by peer,05/04/2026 01:38:59 PM
r03-0001435,ssanchez@harwellinsurancegroup.com,[Variance Explainer] Forecast Feb operating cash flow,completed,32.2,"Ops Feb variance was $3,075,621 vs plan",05/04/2026 12:03:39 PM
r03-0001436,ssanchez@harwellinsurancegroup.com,[Journal Entry Reviewer] Forecast Jun operating cash flow,completed,7.6,"FP&A Jun variance was $970,841 vs plan",05/04/2026 03:24:39 PM
r03-0001437,rthompson@harwellinsurancegroup.com,[Budget vs Actual] Summarize the Jan variance for entity CA-09,completed,20.0,"Treasury Jan variance was $918,753 vs plan",05/04/2026 11:15:54 AM
r03-0001438,lwhite@harwellinsurancegroup.com,[Vendor Spend Analyzer] Build the board deck cash slide for May,completed,69.7,"Ops May variance was $2,286,187 vs plan",05/04/2026 01:38:36 PM
r03-0001439,ssanchez@harwellinsurancegroup.com,[Close Checklist Bot] Why did Treasury spend exceed budget in Apr?,completed,12.6,"Treasury Apr variance was $94,024 vs plan",05/04/2026 10:19:33 AM
r03-0001440,ssanchez@harwellinsurancegroup.com,[Variance Explainer] Summarize the May variance for entity CA-07,completed,34.5,"Accounting May variance was $3,918,463 vs plan",05/04/2026 10:23:18 AM
r03-0001441,mmiller@harwellinsurancegroup.com,[Flux Commentary] Build the board deck cash slide for Jan,completed,53.4,"FP&A Jan variance was $2,283,899 vs plan",05/04/2026 05:51:40 PM
r03-0001442,ssanchez@harwellinsurancegroup.com,[Close Checklist Bot] Check covenant compliance for the revolver,completed,0.8,FAILED: null reference in aggregation step,05/04/2026 11:34:55 AM
r03-0001443,alewis@harwellinsurancegroup.com,[Flux Commentary] Build the board deck cash slide for Feb,completed,43.5,"Accounting Feb variance was $2,982,158 vs plan",05/04/2026 02:53:55 PM
r03-0001444,kharris@harwellinsurancegroup.com,[Board Deck Builder] Forecast Mar operating cash flow,completed,48.8,"Accounting Mar variance was $2,943,634 vs plan",05/04/2026 11:20:51 AM
r03-0001445,ssanchez@harwellinsurancegroup.com,[Vendor Spend Analyzer] Why did Ops spend exceed budget in May?,completed,35.7,"Ops May variance was $3,030,283 vs plan",05/04/2026 05:27:00 PM
r03-0001446,ssanchez@harwellinsurancegroup.com,[Variance Explainer] Explain the headcount variance vs plan,completed,1.3,error: connection reset by peer,05/04/2026 01:09:17 PM
r03-0001447,ssanchez@harwellinsurancegroup.com,[AP Aging Analyst] Build the board deck cash slide for Mar,completed,43.5,"FP&A Mar variance was $59,814 vs plan",05/04/2026 06:51:47 PM
r03-0001448,ssanchez@harwellinsurancegroup.com,[Budget vs Actual] What drove the change in gross margin this quarter?,completed,65.9,"FP&A Jun variance was $4,122,804 vs plan",05/04/2026 07:44:35 AM
r03-0001449,ssanchez@harwellinsurancegroup.com,[Flux Commentary] Reconcile AP aging over 90 days for MX-08,completed,59.4,"Accounting Jan variance was $1,817,265 vs plan",05/04/2026 02:23:39 PM
r03-0001450,ssanchez@harwellinsurancegroup.com,[Headcount Planner] Check covenant compliance for the revolver,completed,24.7,"Ops Apr variance was $4,447,372 vs plan",05/04/2026 01:57:55 PM
r03-0001451,ssanchez@harwellinsurancegroup.com,[Cash Forecaster] Forecast Jun operating cash flow,completed,71.5,"FP&A Jun variance was $4,758,262 vs plan",05/05/2026 05:24:32 PM
r03-0001452,lwhite@harwellinsurancegroup.com,[Board Deck Builder] Forecast May operating cash flow,completed,60.0,"Treasury May variance was $4,447,091 vs plan",05/05/2026 12:21:25 PM
r03-0001453,ssanchez@harwellinsurancegroup.com,[Board Deck Builder] Check covenant compliance for the revolver,completed,53.0,"Ops Jun variance was $3,685,732 vs plan",05/05/2026 04:59:44 PM
r03-0001454,ssanchez@harwellinsurancegroup.com,[Covenant Checker] Check covenant compliance for the revolver,completed,47.4,"Treasury Jan variance was $3,762,400 vs plan",05/05/2026 02:58:26 PM
r03-0001455,kharris@harwellinsurancegroup.com,[Covenant Checker] Check covenant compliance for the revolver,completed,45.8,"Accounting May variance was $67,460 vs plan",05/05/2026 12:58:06 PM
r03-0001456,rthompson@harwellinsurancegroup.com,[Vendor Spend Analyzer] Check covenant compliance for the revolver,completed,55.8,"Ops Jan variance was $4,274,778 vs plan",05/05/2026 01:43:01 PM
r03-0001457,kjohnson@harwellinsurancegroup.com,[Headcount Planner] Summarize the Jun variance for entity US-07,completed,4.3,"Ops Jun variance was $107,827 vs plan",05/05/2026 10:24:59 AM
r03-0001458,ssanchez@harwellinsurancegroup.com,[Close Checklist Bot] Which cost centers are over budget YTD?,completed,53.5,"Accounting Jun variance was $319,014 vs plan",05/05/2026 11:37:41 AM
r03-0001459,kharris@harwellinsurancegroup.com,[Revenue Recognizer] What drove the change in gross margin this quarter?,completed,67.8,"Ops Jan variance was $1,125,766 vs plan",05/05/2026 01:53:02 PM
r03-0001460,kjohnson@harwellinsurancegroup.com,[Variance Explainer] Why did Treasury spend exceed budget in Jun?,completed,10.1,"Treasury Jun variance was $4,302,790 vs plan",05/05/2026 02:17:07 PM
r03-0001461,ssanchez@harwellinsurancegroup.com,[Cash Forecaster] Why did Accounting spend exceed budget in Apr?,completed,4.8,"Accounting Apr variance was $3,644,721 vs plan",05/05/2026 02:33:39 PM
r03-0001462,ssanchez@harwellinsurancegroup.com,[Vendor Spend Analyzer] Build the board deck cash slide for Feb,completed,47.0,"FP&A Feb variance was $4,553,105 vs plan",05/05/2026 04:02:01 PM
r03-0001463,kharris@harwellinsurancegroup.com,[Budget vs Actual] Forecast Mar operating cash flow,error,3.8,error code 502 from model gateway,05/05/2026 11:38:30 AM
r03-0001464,ssanchez@harwellinsurancegroup.com,[Flux Commentary] Explain the headcount variance vs plan,completed,16.1,"Ops May variance was $3,623,329 vs plan",05/05/2026 02:51:17 PM
r03-0001465,pgonzalez@harwellinsurancegroup.com,[Covenant Checker] Reconcile AP aging over 90 days for US-01,completed,74.5,"FP&A Jan variance was $3,010,894 vs plan",05/05/2026 11:36:36 AM
r03-0001466,kjohnson@harwellinsurancegroup.com,[Board Deck Builder] Why did Treasury spend exceed budget in Apr?,completed,47.2,"Treasury Apr variance was $1,008,089 vs plan",05/05/2026 03:33:43 PM
r03-0001467,ssanchez@harwellinsurancegroup.com,[Covenant Checker] Which cost centers are over budget YTD?,completed,63.6,"FP&A Feb variance was $3,929,993 vs plan",05/05/2026 11:18:36 AM
r03-0001468,ssanchez@harwellinsurancegroup.com,[Close Checklist Bot] Why did Accounting spend exceed budget in Jun?,completed,54.7,"Accounting Jun variance was $2,374,645 vs plan",05/05/2026 02:37:11 PM
r03-0001469,lwhite@harwellinsurancegroup.com,[Revenue Recognizer] Explain the headcount variance vs plan,completed,69.5,"Treasury Mar variance was $1,548,672 vs plan",05/05/2026 12:27:43 PM
r03-0001470,pgonzalez@harwellinsurancegroup.com,[Covenant Checker] Summarize the Mar variance for entity EU-03,completed,67.4,"Accounting Mar variance was $2,166,630 vs plan",05/05/2026 11:43:14 AM
r03-0001471,ssanchez@harwellinsurancegroup.com,[Variance Explainer] Build the board deck cash slide for Mar,completed,23.0,"Ops Mar variance was $788,594 vs plan",05/05/2026 02:53:59 PM
r03-0001472,agarcia@harwellinsurancegroup.com,[Flux Commentary] Forecast Feb operating cash flow,completed,22.3,"FP&A Feb variance was $3,389,295 vs plan",05/05/2026 12:08:09 PM
r03-0001473,kharris@harwellinsurancegroup.com,[AP Aging Analyst] Build the board deck cash slide for May,completed,59.1,"FP&A May variance was $226,550 vs plan",05/05/2026 03:43:33 PM
r03-0001474,phaddad@harwellinsurancegroup.com,[Close Checklist Bot] Check covenant compliance for the revolver,completed,65.5,"Accounting Apr variance was $722,162 vs plan",05/05/2026 09:24:43 AM
r03-0001475,ssanchez@harwellinsurancegroup.com,[Budget vs Actual] Explain the headcount variance vs plan,completed,31.8,"Treasury Jan variance was $1,705,678 vs plan",05/05/2026 02:55:06 PM
r03-0001476,ssanchez@harwellinsurancegroup.com,[Flux Commentary] Reconcile AP aging over 90 days for US-01,completed,60.8,"Accounting Jan variance was $3,582,039 vs plan",05/05/2026 10:16:56 AM
r03-0001477,ssanchez@harwellinsurancegroup.com,[Variance Explainer] Summarize the Jun variance for entity EU-07,completed,38.9,"Accounting Jun variance was $997,701 vs plan",05/05/2026 01:06:37 PM
r03-0001478,ssanchez@harwellinsurancegroup.com,[Vendor Spend Analyzer] Summarize the Apr variance for entity CA-06,completed,58.1,"FP&A Apr variance was $2,508,031 vs plan",05/05/2026 10:29:43 AM
r03-0001479,jrobinson@harwellinsurancegroup.com,[Headcount Planner] Check covenant compliance for the revolver,completed,3.9,"Accounting Mar variance was $2,299,220 vs plan",05/05/2026 02:58:15 PM
r03-0001480,ssanchez@harwellinsurancegroup.com,[Headcount Planner] Check covenant compliance for the revolver,completed,64.1,"FP&A Apr variance was $3,676,579 vs plan",05/05/2026 02:39:14 PM
r03-0001481,ssanchez@harwellinsurancegroup.com,[Journal Entry Reviewer] Which cost centers are over budget YTD?,completed,52.8,"Treasury Feb variance was $650,764 vs plan",05/05/2026 07:32:35 AM
r03-0001482,ssanchez@harwellinsurancegroup.com,[Covenant Checker] Explain the headcount variance vs plan,completed,21.7,"Accounting May variance was $3,577,703 vs plan",05/05/2026 10:44:37 AM
r03-0001483,ssanchez@harwellinsurancegroup.com,[Journal Entry Reviewer] Check covenant compliance for the revolver,completed,33.8,"Treasury Jun variance was $1,326,159 vs plan",05/05/2026 06:15:35 PM
r03-0001484,kharris@harwellinsurancegroup.com,[Flux Commentary] Draft flux commentary for the Jun close,completed,73.5,"Ops Jun variance was $4,006,980 vs plan",05/06/2026 10:26:32 AM
r03-0001485,ssanchez@harwellinsurancegroup.com,[Revenue Recognizer] What drove the change in gross margin this quarter?,completed,28.5,"Treasury Jan variance was $4,517,033 vs plan",05/06/2026 02:21:59 PM
r03-0001486,lmartin@harwellinsurancegroup.com,[Revenue Recognizer] Build the board deck cash slide for Jan,completed,22.3,"Accounting Jan variance was $4,566,656 vs plan",05/06/2026 07:58:23 AM
r03-0001487,ssanchez@harwellinsurancegroup.com,[AP Aging Analyst] Draft flux commentary for the Feb close,completed,74.0,"FP&A Feb variance was $2,960,775 vs plan",05/06/2026 04:20:12 PM
r03-0001488,rthompson@harwellinsurancegroup.com,[Board Deck Builder] Draft flux commentary for the May close,completed,41.8,"Treasury May variance was $3,111,214 vs plan",05/06/2026 06:20:52 PM
r03-0001489,ssanchez@harwellinsurancegroup.com,[Board Deck Builder] Build the board deck cash slide for Mar,completed,9.0,"FP&A Mar variance was $4,514,482 vs plan",05/06/2026 01:05:41 PM
r03-0001490,ssanchez@harwellinsurancegroup.com,[Vendor Spend Analyzer] Draft flux commentary for the Jan close,completed,25.8,"Ops Jan variance was $792,411 vs plan",05/06/2026 08:33:56 AM
r03-0001491,kharris@harwellinsurancegroup.com,[Vendor Spend Analyzer] Explain the headcount variance vs plan,completed,61.6,"Accounting Jun variance was $1,003,233 vs plan",05/06/2026 02:06:02 PM
r03-0001492,ssanchez@harwellinsurancegroup.com,[AP Aging Analyst] Reconcile AP aging over 90 days for MX-09,completed,75.0,"FP&A Apr variance was $895,462 vs plan",05/06/2026 03:54:04 PM
r03-0001493,kjohnson@harwellinsurancegroup.com,[Headcount Planner] Summarize the Mar variance for entity US-07,completed,61.2,"Accounting Mar variance was $3,339,670 vs plan",05/06/2026 12:31:09 PM
r03-0001494,kharris@harwellinsurancegroup.com,[AP Aging Analyst] Explain the headcount variance vs plan,completed,13.2,"FP&A Jun variance was $1,092,489 vs plan",05/06/2026 09:40:48 AM
r03-0001495,ssanchez@harwellinsurancegroup.com,[Flux Commentary] Which cost centers are over budget YTD?,completed,51.9,"Accounting Jun variance was $3,186,950 vs plan",05/06/2026 04:30:03 PM
r03-0001496,ssanchez@harwellinsurancegroup.com,[Journal Entry Reviewer] Reconcile AP aging over 90 days for CA-05,completed,68.6,"FP&A Apr variance was $458,505 vs plan",05/06/2026 12:32:20 PM
r03-0001497,ssanchez@harwellinsurancegroup.com,[Budget vs Actual] Reconcile AP aging over 90 days for CA-03,completed,11.2,"FP&A May variance was $4,712,222 vs plan",05/06/2026 11:23:02 AM
r03-0001498,ssanchez@harwellinsurancegroup.com,[Revenue Recognizer] What drove the change in gross margin this quarter?,completed,69.0,"Accounting Jun variance was $2,077,326 vs plan",05/06/2026 11:58:14 AM
r03-0001499,lwhite@harwellinsurancegroup.com,[Variance Explainer] Forecast Mar operating cash flow,completed,37.6,"FP&A Mar variance was $4,060,705 vs plan",05/06/2026 04:38:58 PM
r03-0001500,ssanchez@harwellinsurancegroup.com,[Journal Entry Reviewer] What drove the change in gross margin this quarter?,completed,36.0,"Treasury Jun variance was $3,367,611 vs plan",05/06/2026 02:05:29 PM
r03-0001501,kjohnson@harwellinsurancegroup.com,[Flux Commentary] Forecast Feb operating cash flow,error,3.6,FAILED: null reference in aggregation step,05/06/2026 11:48:43 AM
r03-0001502,kharris@harwellinsurancegroup.com,[Flux Commentary] Draft flux commentary for the May close,completed,39.9,"Accounting May variance was $2,012,972 vs plan",05/06/2026 10:12:56 PM
r03-0001503,ssanchez@harwellinsurancegroup.com,[Board Deck Builder] Explain the headcount variance vs plan,completed,62.9,"Ops Apr variance was $4,491,435 vs plan",05/06/2026 12:57:48 PM
r03-0001504,pgonzalez@harwellinsurancegroup.com,[Revenue Recognizer] Which cost centers are over budget YTD?,completed,15.2,"Ops Jan variance was $3,882,553 vs plan",05/06/2026 06:32:37 AM
r03-0001505,ssanchez@harwellinsurancegroup.com,[Covenant Checker] Build the board deck cash slide for May,completed,17.4,"Ops May variance was $3,877,474 vs plan",05/06/2026 01:40:33 PM
r03-0001506,jjones@harwellinsurancegroup.com,[AP Aging Analyst] Why did Ops spend exceed budget in Jan?,completed,48.6,"Ops Jan variance was $3,690,855 vs plan",05/06/2026 11:38:00 AM
r03-0001507,dthompson@harwellinsurancegroup.com,[Flux Commentary] Reconcile AP aging over 90 days for US-03,completed,65.9,"Ops Feb variance was $340,038 vs plan",05/06/2026 03:18:16 PM
r03-0001508,ssanchez@harwellinsurancegroup.com,[Headcount Planner] What drove the change in gross margin this quarter?,completed,41.2,"Treasury Mar variance was $3,181,483 vs plan",05/06/2026 12:38:39 PM
r03-0001509,ssanchez@harwellinsurancegroup.com,[Variance Explainer] What drove the change in gross margin this quarter?,completed,40.3,"Treasury Feb variance was $2,264,888 vs plan",05/06/2026 11:33:59 AM
r03-0001510,ssanchez@harwellinsurancegroup.com,[Revenue Recognizer] Build the board deck cash slide for May,completed,1.2,error code 502 from model gateway,05/06/2026 02:41:47 PM
r03-0001511,ssanchez@harwellinsurancegroup.com,[Budget vs Actual] Reconcile AP aging over 90 days for US-09,completed,13.4,"FP&A May variance was $3,032,360 vs plan",05/06/2026 12:27:59 PM
r03-0001512,ssanchez@harwellinsurancegroup.com,[Close Checklist Bot] Forecast Mar operating cash flow,completed,65.0,"Treasury Mar variance was $2,128,288 vs plan",05/06/2026 02:49:32 PM
r03-0001513,ssanchez@harwellinsurancegroup.com,[AP Aging Analyst] Explain the headcount variance vs plan,completed,14.7,"Accounting Apr variance was $1,232,258 vs plan",05/06/2026 02:17:47 PM
r03-0001514,mrobinson@harwellinsurancegroup.com,[Headcount Planner] Build the board deck cash slide for Apr,completed,8.2,"Ops Apr variance was $4,317,414 vs plan",05/06/2026 09:22:08 AM
r03-0001515,lwhite@harwellinsurancegroup.com,[Flux Commentary] Explain the headcount variance vs plan,completed,73.1,"Treasury Feb variance was $2,823,063 vs plan",05/06/2026 05:22:24 PM
r03-0001516,ssanchez@harwellinsurancegroup.com,[Vendor Spend Analyzer] Draft flux commentary for the May close,completed,48.3,"Ops May variance was $4,117,003 vs plan",05/06/2026 09:37:03 AM
r03-0001517,kharris@harwellinsurancegroup.com,[Headcount Planner] Which cost centers are over budget YTD?,completed,23.8,"Ops May variance was $124,807 vs plan",05/06/2026 01:34:32 PM
r03-0001518,ssanchez@harwellinsurancegroup.com,[Budget vs Actual] Forecast Jan operating cash flow,completed,18.9,"Ops Jan variance was $3,820,366 vs plan",05/07/2026 09:16:01 AM
r03-0001519,ssanchez@harwellinsurancegroup.com,[Journal Entry Reviewer] Build the board deck cash slide for Mar,completed,39.6,"Accounting Mar variance was $1,419,556 vs plan",05/07/2026 05:55:02 PM
r03-0001520,ssanchez@harwellinsurancegroup.com,[AP Aging Analyst] Check covenant compliance for the revolver,completed,47.3,"Treasury Jan variance was $1,316,327 vs plan",05/07/2026 06:00:10 PM
r03-0001521,ssanchez@harwellinsurancegroup.com,[Cash Forecaster] What drove the change in gross margin this quarter?,completed,8.4,"Ops Jun variance was $3,844,730 vs plan",05/07/2026 10:17:52 AM
r03-0001522,kharris@harwellinsurancegroup.com,[Vendor Spend Analyzer] Summarize the Jun variance for entity CA-07,completed,54.2,"Accounting Jun variance was $1,477,871 vs plan",05/07/2026 10:31:10 AM
r03-0001523,ssanchez@harwellinsurancegroup.com,[Budget vs Actual] Forecast Jan operating cash flow,completed,23.3,"Treasury Jan variance was $306,444 vs plan",05/07/2026 06:40:10 AM
r03-0001524,ssanchez@harwellinsurancegroup.com,[Board Deck Builder] Build the board deck cash slide for Jun,error,4.4,Traceback (most recent call last): KeyError 'entity',05/07/2026 12:46:59 PM
r03-0001525,ssanchez@harwellinsurancegroup.com,[Cash Forecaster] Which cost centers are over budget YTD?,completed,61.3,"Treasury Jun variance was $579,015 vs plan",05/07/2026 02:15:45 PM
r03-0001526,mramirez@harwellinsurancegroup.com,[Flux Commentary] Check covenant compliance for the revolver,completed,50.8,"Treasury Feb variance was $3,084,397 vs plan",05/07/2026 09:54:31 AM
r03-0001527,mrobinson@harwellinsurancegroup.com,[Vendor Spend Analyzer] Which cost centers are over budget YTD?,completed,74.4,"Accounting Mar variance was $3,127,378 vs plan",05/07/2026 05:24:39 PM
r03-0001528,jwalker@harwellinsurancegroup.com,[Budget vs Actual] Why did Ops spend exceed budget in May?,completed,70.1,"Ops May variance was $1,916,127 vs plan",05/07/2026 03:26:40 PM
r03-0001529,ssanchez@harwellinsurancegroup.com,[Covenant Checker] Which cost centers are over budget YTD?,completed,22.6,"Treasury Apr variance was $34,687 vs plan",05/07/2026 02:13:11 PM
r03-0001530,ssanchez@harwellinsurancegroup.com,[Flux Commentary] Why did Ops spend exceed budget in Jan?,completed,10.4,"Ops Jan variance was $435,045 vs plan",05/07/2026 04:04:44 PM
r03-0001531,ssanchez@harwellinsurancegroup.com,[Board Deck Builder] Which cost centers are over budget YTD?,completed,33.8,"FP&A Feb variance was $520,420 vs plan",05/07/2026 01:38:55 PM
r03-0001532,kharris@harwellinsurancegroup.com,[Close Checklist Bot] Check covenant compliance for the revolver,completed,16.8,"Ops Apr variance was $1,426,663 vs plan",05/07/2026 01:49:14 PM
r03-0001533,ssanchez@harwellinsurancegroup.com,[Close Checklist Bot] Check covenant compliance for the revolver,completed,44.3,"FP&A Feb variance was $2,428,893 vs plan",05/07/2026 02:04:22 PM
r03-0001534,kharris@harwellinsurancegroup.com,[Flux Commentary] Forecast Feb operating cash flow,error,7.1,FAILED: null reference in aggregation step,05/07/2026 02:48:14 PM
r03-0001535,ssanchez@harwellinsurancegroup.com,[Budget vs Actual] Why did Accounting spend exceed budget in Jan?,completed,74.5,"Accounting Jan variance was $2,693,475 vs plan",05/07/2026 01:19:30 PM
r03-0001536,ssanchez@harwellinsurancegroup.com,[Flux Commentary] Draft flux commentary for the Jun close,completed,37.6,"Accounting Jun variance was $862,734 vs plan",05/07/2026 06:08:25 AM
r03-0001537,flopez@harwellinsurancegroup.com,[Variance Explainer] Draft flux commentary for the May close,completed,39.1,"Accounting May variance was $4,083,665 vs plan",05/07/2026 12:18:51 PM
r03-0001538,kjohnson@harwellinsurancegroup.com,[Flux Commentary] Which cost centers are over budget YTD?,completed,38.7,"Ops Jan variance was $1,975,325 vs plan",05/07/2026 03:38:36 PM
r03-0001539,ssanchez@harwellinsurancegroup.com,[AP Aging Analyst] What drove the change in gross margin this quarter?,completed,26.0,"Treasury Apr variance was $2,872,275 vs plan",05/07/2026 09:16:57 AM
r03-0001540,ssanchez@harwellinsurancegroup.com,[Revenue Recognizer] Reconcile AP aging over 90 days for EU-07,completed,66.5,"Ops Jun variance was $3,529,090 vs plan",05/07/2026 11:13:28 AM
r03-0001541,flopez@harwellinsurancegroup.com,[Close Checklist Bot] Build the board deck cash slide for Apr,completed,1.8,error: connection reset by peer,05/07/2026 09:21:53 AM
r03-0001542,mrobinson@harwellinsurancegroup.com,[Journal Entry Reviewer] Build the board deck cash slide for Apr,completed,43.1,"Treasury Apr variance was $4,641,150 vs plan",05/07/2026 01:23:13 PM
r03-0001543,ssanchez@harwellinsurancegroup.com,[Revenue Recognizer] Check covenant compliance for the revolver,completed,12.7,"Accounting Jun variance was $2,277,832 vs plan",05/07/2026 12:34:56 PM
r03-0001544,ssanchez@harwellinsurancegroup.com,[Cash Forecaster] Explain the headcount variance vs plan,completed,30.7,"Ops Mar variance was $2,409,145 vs plan",05/07/2026 09:09:50 AM
r03-0001545,ssanchez@harwellinsurancegroup.com,[Board Deck Builder] Summarize the Jun variance for entity US-08,completed,64.9,"Ops Jun variance was $1,350,393 vs plan",05/07/2026 09:54:08 AM
r03-0001546,ssanchez@harwellinsurancegroup.com,[Covenant Checker] What drove the change in gross margin this quarter?,completed,47.9,"Treasury Apr variance was $4,578,434 vs plan",05/07/2026 11:32:11 AM
r03-0001547,ssanchez@harwellinsurancegroup.com,[Journal Entry Reviewer] What drove the change in gross margin this quarter?,completed,57.8,"Ops Feb variance was $4,713,676 vs plan",05/07/2026 04:54:43 PM
r03-0001548,ssanchez@harwellinsurancegroup.com,[Covenant Checker] Explain the headcount variance vs plan,completed,64.2,"Ops Apr variance was $2,049,328 vs plan",05/07/2026 11:30:29 AM
r03-0001549,kjohnson@harwellinsurancegroup.com,[Board Deck Builder] Check covenant compliance for the revolver,completed,57.9,"FP&A May variance was $711,809 vs plan",05/07/2026 11:53:45 AM
r03-0001550,pgonzalez@harwellinsurancegroup.com,[AP Aging Analyst] Check covenant compliance for the revolver,completed,35.1,"Accounting Mar variance was $2,181,921 vs plan",05/07/2026 06:10:41 PM
r03-0001551,ssanchez@harwellinsurancegroup.com,[AP Aging Analyst] Which cost centers are over budget YTD?,completed,36.1,"Treasury Feb variance was $4,090,889 vs plan",05/07/2026 09:09:16 AM
r03-0001552,kharris@harwellinsurancegroup.com,[AP Aging Analyst] Explain the headcount variance vs plan,completed,0.2,FAILED: null reference in aggregation step,05/07/2026 04:19:38 PM
r03-0001553,ssanchez@harwellinsurancegroup.com,[Headcount Planner] Forecast May operating cash flow,completed,55.6,"Treasury May variance was $2,814,791 vs plan",05/08/2026 06:16:26 AM
r03-0001554,kjohnson@harwellinsurancegroup.com,[Cash Forecaster] What drove the change in gross margin this quarter?,completed,26.3,"Accounting Mar variance was $1,612,819 vs plan",05/08/2026 09:33:42 AM
r03-0001555,ssanchez@harwellinsurancegroup.com,[Vendor Spend Analyzer] Which cost centers are over budget YTD?,completed,25.7,"Ops Apr variance was $3,563,268 vs plan",05/08/2026 06:29:53 AM
r03-0001556,ssanchez@harwellinsurancegroup.com,[Board Deck Builder] Summarize the May variance for entity US-02,completed,36.4,"Accounting May variance was $2,512,788 vs plan",05/08/2026 12:24:41 PM
r03-0001557,mrobinson@harwellinsurancegroup.com,[Budget vs Actual] Build the board deck cash slide for Apr,completed,70.2,"Treasury Apr variance was $928,210 vs plan",05/08/2026 10:05:19 AM
r03-0001558,kharris@harwellinsurancegroup.com,[Variance Explainer] Explain the headcount variance vs plan,completed,54.8,"Treasury Jun variance was $2,271,179 vs plan",05/08/2026 11:52:25 AM
r03-0001559,ssanchez@harwellinsurancegroup.com,[Flux Commentary] What drove the change in gross margin this quarter?,completed,23.4,"Ops Jan variance was $1,546,051 vs plan",05/08/2026 10:39:20 AM
r03-0001560,lmartin@harwellinsurancegroup.com,[Variance Explainer] Forecast Jan operating cash flow,completed,22.7,"FP&A Jan variance was $142,849 vs plan",05/08/2026 01:50:33 PM
r03-0001561,ssanchez@harwellinsurancegroup.com,[Headcount Planner] Build the board deck cash slide for Jun,completed,0.4,ERROR: upstream request timed out,05/08/2026 05:26:16 PM
r03-0001562,jwalker@harwellinsurancegroup.com,[Journal Entry Reviewer] Which cost centers are over budget YTD?,completed,19.2,"Ops Mar variance was $3,316,885 vs plan",05/08/2026 02:09:22 PM
r03-0001563,ssanchez@harwellinsurancegroup.com,[Variance Explainer] Explain the headcount variance vs plan,completed,3.6,"FP&A Jan variance was $2,861,561 vs plan",05/08/2026 10:48:33 AM
r03-0001564,flopez@harwellinsurancegroup.com,[Flux Commentary] Which cost centers are over budget YTD?,completed,20.7,"Accounting Feb variance was $4,267,738 vs plan",05/08/2026 11:13:43 AM
r03-0001565,jthompson@harwellinsurancegroup.com,[Headcount Planner] Forecast Mar operating cash flow,error,6.8,FAILED: null reference in aggregation step,05/08/2026 04:34:01 PM
r03-0001566,agarcia@harwellinsurancegroup.com,[Flux Commentary] Build the board deck cash slide for Feb,completed,73.6,"FP&A Feb variance was $4,355,808 vs plan",05/08/2026 12:23:40 PM
r03-0001567,alewis@harwellinsurancegroup.com,[Flux Commentary] Build the board deck cash slide for Mar,completed,35.8,"Treasury Mar variance was $1,242,497 vs plan",05/08/2026 10:19:56 AM
r03-0001568,ssanchez@harwellinsurancegroup.com,[Headcount Planner] Draft flux commentary for the Jun close,completed,70.8,"Treasury Jun variance was $2,949,336 vs plan",05/08/2026 11:23:10 AM
r03-0001569,ssanchez@harwellinsurancegroup.com,[AP Aging Analyst] Summarize the May variance for entity US-07,completed,72.3,"Ops May variance was $3,984,716 vs plan",05/08/2026 10:36:28 AM
r03-0001570,ssanchez@harwellinsurancegroup.com,[Budget vs Actual] What drove the change in gross margin this quarter?,completed,33.5,"FP&A Mar variance was $3,069,997 vs plan",05/08/2026 03:37:09 PM
r03-0001571,ssanchez@harwellinsurancegroup.com,[Headcount Planner] Draft flux commentary for the Feb close,completed,15.1,"Accounting Feb variance was $2,292,125 vs plan",05/08/2026 11:59:20 AM
r03-0001572,kharris@harwellinsurancegroup.com,[Budget vs Actual] Forecast Apr operating cash flow,completed,22.7,"Ops Apr variance was $1,766,594 vs plan",05/08/2026 05:55:50 PM
r03-0001573,mmiller@harwellinsurancegroup.com,[Close Checklist Bot] Summarize the Mar variance for entity US-09,completed,8.9,"FP&A Mar variance was $3,531,773 vs plan",05/09/2026 05:54:24 PM
r03-0001574,ssanchez@harwellinsurancegroup.com,[Journal Entry Reviewer] Forecast May operating cash flow,completed,56.5,"Ops May variance was $2,979,040 vs plan",05/09/2026 02:55:45 PM
r03-0001575,ssanchez@harwellinsurancegroup.com,[Flux Commentary] Forecast Jun operating cash flow,completed,33.7,"Accounting Jun variance was $4,290,368 vs plan",05/09/2026 02:18:21 PM
r03-0001576,ssanchez@harwellinsurancegroup.com,[Headcount Planner] Why did Treasury spend exceed budget in May?,completed,32.3,"Treasury May variance was $2,168,451 vs plan",05/10/2026 02:18:08 PM
r03-0001577,ssanchez@harwellinsurancegroup.com,[Close Checklist Bot] Summarize the May variance for entity US-09,completed,73.6,"Ops May variance was $4,003,938 vs plan",05/10/2026 08:03:01 AM
r03-0001578,kharris@harwellinsurancegroup.com,[Board Deck Builder] Explain the headcount variance vs plan,completed,64.0,"Accounting Mar variance was $2,450,506 vs plan",05/10/2026 09:59:37 AM
r03-0001579,dlee@harwellinsurancegroup.com,[Covenant Checker] What drove the change in gross margin this quarter?,completed,31.1,"FP&A May variance was $4,350,037 vs plan",05/10/2026 09:43:16 AM
r03-0001580,mrobinson@harwellinsurancegroup.com,[Flux Commentary] Summarize the Mar variance for entity MX-04,completed,55.6,"Accounting Mar variance was $3,383,499 vs plan",05/10/2026 12:57:31 PM
r03-0001581,ssanchez@harwellinsurancegroup.com,[Journal Entry Reviewer] Check covenant compliance for the revolver,completed,37.3,"Ops Apr variance was $4,631,422 vs plan",05/10/2026 09:34:48 AM
r03-0001582,kharris@harwellinsurancegroup.com,[Budget vs Actual] Draft flux commentary for the Jun close,completed,1.9,error code 502 from model gateway,05/10/2026 10:25:34 AM
r03-0001583,ssanchez@harwellinsurancegroup.com,[Budget vs Actual] Which cost centers are over budget YTD?,completed,67.0,"Treasury Apr variance was $4,170,146 vs plan",05/10/2026 12:29:15 PM
r03-0001584,rthompson@harwellinsurancegroup.com,[Revenue Recognizer] Build the board deck cash slide for Jan,completed,54.6,"FP&A Jan variance was $2,753,698 vs plan",05/10/2026 12:53:22 PM
r03-0001585,ssanchez@harwellinsurancegroup.com,[Journal Entry Reviewer] Check covenant compliance for the revolver,completed,14.7,"Treasury May variance was $2,004,573 vs plan",05/10/2026 04:49:25 PM
r03-0001586,ssanchez@harwellinsurancegroup.com,[Cash Forecaster] Which cost centers are over budget YTD?,completed,49.8,"Treasury Jan variance was $3,027,605 vs plan",05/10/2026 06:39:55 AM
r03-0001587,ssanchez@harwellinsurancegroup.com,[AP Aging Analyst] Build the board deck cash slide for Jan,completed,42.6,"FP&A Jan variance was $953,585 vs plan",05/10/2026 11:30:36 AM
r03-0001588,ssanchez@harwellinsurancegroup.com,[Variance Explainer] Reconcile AP aging over 90 days for MX-06,completed,59.8,"FP&A Jan variance was $2,710,096 vs plan",05/11/2026 10:50:40 AM
r03-0001589,mrobinson@harwellinsurancegroup.com,[Headcount Planner] Draft flux commentary for the May close,completed,15.7,"Accounting May variance was $3,665,123 vs plan",05/11/2026 02:56:20 PM
r03-0001590,ssanchez@harwellinsurancegroup.com,[Variance Explainer] Why did Treasury spend exceed budget in Feb?,completed,56.8,"Treasury Feb variance was $2,510,651 vs plan",05/11/2026 01:25:36 PM
r03-0001591,agarcia@harwellinsurancegroup.com,[Cash Forecaster] Why did FP&A spend exceed budget in Jun?,completed,43.6,"FP&A Jun variance was $722,930 vs plan",05/11/2026 10:51:19 AM
r03-0001592,lwhite@harwellinsurancegroup.com,[Headcount Planner] Reconcile AP aging over 90 days for MX-09,completed,27.1,"Accounting Mar variance was $4,746,346 vs plan",05/11/2026 12:39:04 PM
r03-0001593,ssanchez@harwellinsurancegroup.com,[Vendor Spend Analyzer] Draft flux commentary for the Apr close,completed,68.2,"Treasury Apr variance was $4,679,350 vs plan",05/11/2026 11:05:55 AM
r03-0001594,rthompson@harwellinsurancegroup.com,[Revenue Recognizer] Summarize the Jun variance for entity US-09,completed,61.1,"Ops Jun variance was $591,288 vs plan",05/11/2026 07:10:52 PM
r03-0001595,kharris@harwellinsurancegroup.com,[Journal Entry Reviewer] Why did Ops spend exceed budget in Jan?,completed,59.7,"Ops Jan variance was $4,378,188 vs plan",05/11/2026 09:07:27 AM
r03-0001596,lmartin@harwellinsurancegroup.com,[Budget vs Actual] What drove the change in gross margin this quarter?,completed,74.4,"Treasury Feb variance was $3,503,707 vs plan",05/11/2026 10:00:56 AM
r03-0001597,ssanchez@harwellinsurancegroup.com,[Cash Forecaster] Why did FP&A spend exceed budget in May?,completed,47.6,"FP&A May variance was $1,249,272 vs plan",05/11/2026 02:52:13 PM
r03-0001598,ssanchez@harwellinsurancegroup.com,[Board Deck Builder] Check covenant compliance for the revolver,completed,42.6,"Ops Jan variance was $2,913,824 vs plan",05/11/2026 08:03:47 PM
r03-0001599,kjohnson@harwellinsurancegroup.com,[Revenue Recognizer] Summarize the May variance for entity MX-05,completed,56.5,"Ops May variance was $3,754,346 vs plan",05/11/2026 03:07:20 PM
r03-0001600,ssanchez@harwellinsurancegroup.com,[AP Aging Analyst] Build the board deck cash slide for Jun,completed,71.3,"Treasury Jun variance was $344,610 vs plan",05/11/2026 12:09:59 PM
r03-0001601,ssanchez@harwellinsurancegroup.com,[Close Checklist Bot] Why did FP&A spend exceed budget in Jun?,completed,47.8,"FP&A Jun variance was $4,678,325 vs plan",05/11/2026 03:24:16 PM
r03-0001602,kharris@harwellinsurancegroup.com,[Flux Commentary] Build the board deck cash slide for Feb,completed,4.4,"Treasury Feb variance was $865,490 vs plan",05/11/2026 10:10:39 AM
r03-0001603,ssanchez@harwellinsurancegroup.com,[Board Deck Builder] Reconcile AP aging over 90 days for US-06,completed,47.6,"FP&A Feb variance was $3,303,891 vs plan",05/11/2026 07:39:38 AM
r03-0001604,ssanchez@harwellinsurancegroup.com,[Board Deck Builder] Draft flux commentary for the Apr close,completed,51.1,"FP&A Apr variance was $2,305,665 vs plan",05/11/2026 04:05:54 PM
r03-0001605,ssanchez@harwellinsurancegroup.com,[Board Deck Builder] Reconcile AP aging over 90 days for US-04,completed,61.1,"FP&A Jun variance was $3,156,752 vs plan",05/11/2026 12:27:29 PM
r03-0001606,kharris@harwellinsurancegroup.com,[Revenue Recognizer] Forecast Feb operating cash flow,completed,31.6,"Treasury Feb variance was $3,071,028 vs plan",05/11/2026 09:13:34 AM
r03-0001607,ssanchez@harwellinsurancegroup.com,[Revenue Recognizer] Draft flux commentary for the May close,completed,33.0,"Treasury May variance was $1,552,813 vs plan",05/11/2026 05:14:38 PM
r03-0001608,kharris@harwellinsurancegroup.com,[Journal Entry Reviewer] Explain the headcount variance vs plan,completed,64.3,"Accounting May variance was $1,824,048 vs plan",05/11/2026 03:52:19 PM
r03-0001609,ssanchez@harwellinsurancegroup.com,[Variance Explainer] Why did FP&A spend exceed budget in Mar?,completed,1.3,error code 502 from model gateway,05/11/2026 11:33:48 AM
r03-0001610,kharris@harwellinsurancegroup.com,[Board Deck Builder] Forecast Jun operating cash flow,completed,3.1,"Treasury Jun variance was $4,374,726 vs plan",05/11/2026 02:50:42 PM
r03-0001611,kjohnson@harwellinsurancegroup.com,[Variance Explainer] Forecast Jun operating cash flow,completed,12.3,"Accounting Jun variance was $4,190,438 vs plan",05/11/2026 09:54:30 AM
r03-0001612,bwilliams@harwellinsurancegroup.com,[Vendor Spend Analyzer] Build the board deck cash slide for May,completed,32.2,"Accounting May variance was $2,666,785 vs plan",05/11/2026 03:22:42 PM
r03-0001613,ssanchez@harwellinsurancegroup.com,[AP Aging Analyst] Explain the headcount variance vs plan,completed,62.1,"Treasury Apr variance was $4,072,300 vs plan",05/12/2026 02:19:36 PM
r03-0001614,ssanchez@harwellinsurancegroup.com,[Journal Entry Reviewer] Forecast May operating cash flow,completed,21.4,"FP&A May variance was $1,268,372 vs plan",05/12/2026 11:59:02 AM
r03-0001615,ssanchez@harwellinsurancegroup.com,[Budget vs Actual] Forecast Feb operating cash flow,error,4.4,FAILED: null reference in aggregation step,05/12/2026 06:07:13 AM
r03-0001616,rthompson@harwellinsurancegroup.com,[Variance Explainer] Build the board deck cash slide for Jan,completed,18.7,"Accounting Jan variance was $4,141,257 vs plan",05/12/2026 04:56:39 PM
r03-0001617,ssanchez@harwellinsurancegroup.com,[Flux Commentary] What drove the change in gross margin this quarter?,completed,73.0,"Treasury Apr variance was $4,384,634 vs plan",05/12/2026 08:06:14 AM
r03-0001618,agarcia@harwellinsurancegroup.com,[AP Aging Analyst] What drove the change in gross margin this quarter?,completed,46.3,"Accounting Apr variance was $3,686,961 vs plan",05/12/2026 10:19:04 AM
r03-0001619,jjones@harwellinsurancegroup.com,[AP Aging Analyst] Draft flux commentary for the Feb close,completed,56.6,"Ops Feb variance was $2,999,164 vs plan",05/12/2026 06:31:44 PM
r03-0001620,ssanchez@harwellinsurancegroup.com,[Flux Commentary] What drove the change in gross margin this quarter?,completed,12.4,"Accounting Mar variance was $2,361,974 vs plan",05/12/2026 12:16:32 PM
r03-0001621,ssanchez@harwellinsurancegroup.com,[Board Deck Builder] Build the board deck cash slide for Apr,completed,54.9,"Treasury Apr variance was $240,436 vs plan",05/12/2026 12:58:52 PM
r03-0001622,ssanchez@harwellinsurancegroup.com,[Budget vs Actual] Check covenant compliance for the revolver,completed,61.3,"Accounting Mar variance was $857,414 vs plan",05/12/2026 02:07:13 PM
r03-0001623,ssanchez@harwellinsurancegroup.com,[Board Deck Builder] Why did Treasury spend exceed budget in Feb?,completed,3.1,"Treasury Feb variance was $950,264 vs plan",05/12/2026 01:36:20 PM
r03-0001624,ssanchez@harwellinsurancegroup.com,[Close Checklist Bot] Summarize the Mar variance for entity US-07,completed,28.0,"Ops Mar variance was $391,758 vs plan",05/12/2026 03:30:36 PM
r03-0001625,ssanchez@harwellinsurancegroup.com,[AP Aging Analyst] Which cost centers are over budget YTD?,completed,4.6,"Treasury May variance was $4,116,928 vs plan",05/12/2026 11:48:21 AM
r03-0001626,ssanchez@harwellinsurancegroup.com,[Flux Commentary] Summarize the Jun variance for entity CA-04,completed,69.7,"Ops Jun variance was $1,229,146 vs plan",05/12/2026 12:17:38 PM
r03-0001627,ssanchez@harwellinsurancegroup.com,[Vendor Spend Analyzer] Summarize the Apr variance for entity MX-06,completed,0.8,FAILED: null reference in aggregation step,05/12/2026 12:44:01 PM
r03-0001628,ssanchez@harwellinsurancegroup.com,[Flux Commentary] Why did Accounting spend exceed budget in Apr?,completed,73.0,"Accounting Apr variance was $2,348,361 vs plan",05/12/2026 11:45:43 AM
r03-0001629,lwhite@harwellinsurancegroup.com,[Flux Commentary] Reconcile AP aging over 90 days for CA-08,completed,23.7,"Treasury Jan variance was $2,831,396 vs plan",05/12/2026 10:54:36 AM
r03-0001630,ssanchez@harwellinsurancegroup.com,[Flux Commentary] Check covenant compliance for the revolver,completed,65.4,"Ops May variance was $4,550,010 vs plan",05/12/2026 08:27:55 AM
r03-0001631,ssanchez@harwellinsurancegroup.com,[Cash Forecaster] Explain the headcount variance vs plan,completed,66.2,"FP&A Feb variance was $4,478,499 vs plan",05/12/2026 10:24:43 AM
r03-0001632,dthompson@harwellinsurancegroup.com,[Journal Entry Reviewer] What drove the change in gross margin this quarter?,completed,18.8,"FP&A Jan variance was $2,334,225 vs plan",05/12/2026 02:42:54 PM
r03-0001633,jjones@harwellinsurancegroup.com,[Cash Forecaster] Forecast May operating cash flow,completed,28.8,"Accounting May variance was $516,320 vs plan",05/13/2026 06:50:18 AM
r03-0001634,pgonzalez@harwellinsurancegroup.com,[Vendor Spend Analyzer] Reconcile AP aging over 90 days for CA-02,completed,48.5,"Ops Feb variance was $3,567,757 vs plan",05/13/2026 06:07:57 PM
r03-0001635,ssanchez@harwellinsurancegroup.com,[Board Deck Builder] Draft flux commentary for the Mar close,completed,57.4,"Ops Mar variance was $4,049,878 vs plan",05/13/2026 02:48:06 PM
r03-0001636,mrobinson@harwellinsurancegroup.com,[Covenant Checker] Forecast May operating cash flow,completed,47.5,"FP&A May variance was $3,937,781 vs plan",05/13/2026 06:25:32 PM
r03-0001637,ssanchez@harwellinsurancegroup.com,[Cash Forecaster] Draft flux commentary for the Feb close,completed,40.7,"FP&A Feb variance was $35,775 vs plan",05/13/2026 06:15:13 AM
r03-0001638,jwalker@harwellinsurancegroup.com,[Covenant Checker] Which cost centers are over budget YTD?,error,2.7,error code 502 from model gateway,05/13/2026 03:08:40 PM
r03-0001639,kjohnson@harwellinsurancegroup.com,[Close Checklist Bot] Explain the headcount variance vs plan,completed,18.1,"Ops Mar variance was $486,304 vs plan",05/13/2026 12:17:10 PM
r03-0001640,lmartin@harwellinsurancegroup.com,[Revenue Recognizer] Summarize the Jun variance for entity US-07,completed,63.0,"FP&A Jun variance was $4,584,459 vs plan",05/13/2026 10:56:04 AM
r03-0001641,dlee@harwellinsurancegroup.com,[Covenant Checker] What drove the change in gross margin this quarter?,completed,46.7,"FP&A Apr variance was $1,824,730 vs plan",05/13/2026 11:08:53 AM
r03-0001642,mrobinson@harwellinsurancegroup.com,[Board Deck Builder] Forecast Feb operating cash flow,completed,14.2,"Treasury Feb variance was $3,885,975 vs plan",05/13/2026 10:22:46 AM
r03-0001643,ssanchez@harwellinsurancegroup.com,[Variance Explainer] Summarize the Jan variance for entity US-07,completed,7.2,"Ops Jan variance was $1,170,736 vs plan",05/13/2026 09:53:59 AM
r03-0001644,lwhite@harwellinsurancegroup.com,[Covenant Checker] Explain the headcount variance vs plan,completed,31.6,"Treasury Feb variance was $2,147,696 vs plan",05/13/2026 10:52:46 AM
r03-0001645,ssanchez@harwellinsurancegroup.com,[Headcount Planner] Build the board deck cash slide for Jan,completed,21.5,"FP&A Jan variance was $254,921 vs plan",05/13/2026 01:49:52 PM
r03-0001646,ssanchez@harwellinsurancegroup.com,[Cash Forecaster] What drove the change in gross margin this quarter?,completed,54.8,"Treasury Jun variance was $1,315,617 vs plan",05/13/2026 10:42:08 AM
r03-0001647,lmartin@harwellinsurancegroup.com,[Budget vs Actual] Which cost centers are over budget YTD?,completed,25.6,"Accounting Jun variance was $272,736 vs plan",05/13/2026 02:11:25 PM
r03-0001648,ssanchez@harwellinsurancegroup.com,[Variance Explainer] What drove the change in gross margin this quarter?,completed,18.8,"Accounting Jan variance was $2,850,928 vs plan",05/13/2026 02:21:48 PM
r03-0001649,ssanchez@harwellinsurancegroup.com,[Board Deck Builder] Check covenant compliance for the revolver,completed,20.1,"FP&A Jan variance was $1,203,065 vs plan",05/13/2026 02:19:26 PM
r03-0001650,ssanchez@harwellinsurancegroup.com,[Cash Forecaster] Explain the headcount variance vs plan,completed,26.2,"Ops Feb variance was $1,452,503 vs plan",05/13/2026 11:11:24 AM
r03-0001651,kjohnson@harwellinsurancegroup.com,[Vendor Spend Analyzer] Why did FP&A spend exceed budget in Mar?,completed,9.7,"FP&A Mar variance was $934,590 vs plan",05/13/2026 09:13:49 AM
r03-0001652,ssanchez@harwellinsurancegroup.com,[Journal Entry Reviewer] Why did FP&A spend exceed budget in Mar?,completed,38.0,"FP&A Mar variance was $4,549,630 vs plan",05/13/2026 12:50:51 PM
r03-0001653,mrobinson@harwellinsurancegroup.com,[AP Aging Analyst] Which cost centers are over budget YTD?,completed,30.4,"Ops Apr variance was $27,295 vs plan",05/13/2026 02:15:30 PM
r03-0001654,ssanchez@harwellinsurancegroup.com,[Budget vs Actual] Build the board deck cash slide for Jun,completed,30.0,"Ops Jun variance was $4,376,442 vs plan",05/13/2026 02:28:29 PM
r03-0001655,ssanchez@harwellinsurancegroup.com,[Board Deck Builder] What drove the change in gross margin this quarter?,completed,21.7,"Treasury Apr variance was $3,229,377 vs plan",05/13/2026 02:39:52 PM
r03-0001656,kjohnson@harwellinsurancegroup.com,[Variance Explainer] Reconcile AP aging over 90 days for CA-06,completed,60.0,"Accounting Jun variance was $108,599 vs plan",05/13/2026 01:29:49 PM
r03-0001657,ssanchez@harwellinsurancegroup.com,[Journal Entry Reviewer] Check covenant compliance for the revolver,completed,31.3,"Ops Jan variance was $4,245,058 vs plan",05/13/2026 03:30:52 PM
r03-0001658,ssanchez@harwellinsurancegroup.com,[Board Deck Builder] Draft flux commentary for the Mar close,completed,26.4,"FP&A Mar variance was $559,625 vs plan",05/14/2026 01:39:46 PM
r03-0001659,kharris@harwellinsurancegroup.com,[Budget vs Actual] Summarize the Mar variance for entity CA-09,error,6.3,ERROR: upstream request timed out,05/14/2026 09:51:54 PM
r03-0001660,ssanchez@harwellinsurancegroup.com,[Vendor Spend Analyzer] Forecast Jun operating cash flow,completed,1.6,FAILED: null reference in aggregation step,05/14/2026 01:28:28 PM
r03-0001661,ssanchez@harwellinsurancegroup.com,[Budget vs Actual] Build the board deck cash slide for Feb,completed,43.3,"Ops Feb variance was $2,276,192 vs plan",05/14/2026 10:44:24 AM
r03-0001662,kharris@harwellinsurancegroup.com,[Close Checklist Bot] Build the board deck cash slide for Feb,completed,44.2,"Ops Feb variance was $757,010 vs plan",05/14/2026 04:01:58 PM
r03-0001663,lwhite@harwellinsurancegroup.com,[Revenue Recognizer] Forecast Jun operating cash flow,completed,73.1,"Accounting Jun variance was $3,293,378 vs plan",05/14/2026 07:57:07 AM
r03-0001664,ssanchez@harwellinsurancegroup.com,[AP Aging Analyst] Build the board deck cash slide for Jan,completed,50.6,"Ops Jan variance was $3,509,478 vs plan",05/14/2026 11:49:03 AM
r03-0001665,ssanchez@harwellinsurancegroup.com,[Close Checklist Bot] Explain the headcount variance vs plan,completed,54.1,"Ops Mar variance was $1,307,516 vs plan",05/14/2026 09:13:49 AM
r03-0001666,lwhite@harwellinsurancegroup.com,[Journal Entry Reviewer] Which cost centers are over budget YTD?,completed,58.5,"Ops Jun variance was $3,106,250 vs plan",05/14/2026 10:50:25 AM
r03-0001667,ssanchez@harwellinsurancegroup.com,[Headcount Planner] Summarize the Jan variance for entity MX-09,completed,42.3,"Accounting Jan variance was $1,583,422 vs plan",05/14/2026 11:35:05 AM
r03-0001668,mrobinson@harwellinsurancegroup.com,[Revenue Recognizer] Summarize the Jan variance for entity CA-03,completed,6.9,"FP&A Jan variance was $4,123,191 vs plan",05/14/2026 12:27:46 PM
r03-0001669,kjohnson@harwellinsurancegroup.com,[Journal Entry Reviewer] Forecast Jan operating cash flow,completed,11.4,"FP&A Jan variance was $392,799 vs plan",05/14/2026 06:45:26 PM
r03-0001670,ssanchez@harwellinsurancegroup.com,[Close Checklist Bot] Why did Accounting spend exceed budget in May?,completed,53.1,"Accounting May variance was $3,169,402 vs plan",05/14/2026 11:30:17 AM
r03-0001671,ssanchez@harwellinsurancegroup.com,[Revenue Recognizer] Check covenant compliance for the revolver,completed,27.0,"Treasury Jan variance was $4,516,318 vs plan",05/14/2026 12:39:15 PM
r03-0001672,ssanchez@harwellinsurancegroup.com,[Board Deck Builder] Explain the headcount variance vs plan,completed,49.6,"Treasury Jun variance was $203,275 vs plan",05/14/2026 07:44:12 AM
r03-0001673,jrobinson@harwellinsurancegroup.com,[Cash Forecaster] Why did Treasury spend exceed budget in Jan?,completed,4.9,"Treasury Jan variance was $2,409,363 vs plan",05/14/2026 10:25:01 AM
r03-0001674,kharris@harwellinsurancegroup.com,[Journal Entry Reviewer] Draft flux commentary for the Mar close,completed,28.6,"Ops Mar variance was $3,277,425 vs plan",05/14/2026 03:57:45 PM
r03-0001675,ssanchez@harwellinsurancegroup.com,[Variance Explainer] Draft flux commentary for the Feb close,completed,54.6,"Ops Feb variance was $496,926 vs plan",05/14/2026 10:45:35 AM
r03-0001676,ssanchez@harwellinsurancegroup.com,[Journal Entry Reviewer] Reconcile AP aging over 90 days for MX-06,completed,50.9,"Treasury Jun variance was $43,788 vs plan",05/14/2026 01:58:44 PM
r03-0001677,jthompson@harwellinsurancegroup.com,[Budget vs Actual] Explain the headcount variance vs plan,completed,70.7,"Ops Feb variance was $267,672 vs plan",05/14/2026 02:08:23 PM
r03-0001678,ssanchez@harwellinsurancegroup.com,[AP Aging Analyst] Draft flux commentary for the Jan close,error,7.2,ERROR: upstream request timed out,05/15/2026 01:11:44 PM
r03-0001679,ssanchez@harwellinsurancegroup.com,[Headcount Planner] What drove the change in gross margin this quarter?,completed,48.0,"Ops Mar variance was $701,484 vs plan",05/15/2026 10:39:31 AM
r03-0001680,ssanchez@harwellinsurancegroup.com,[Budget vs Actual] Reconcile AP aging over 90 days for US-04,completed,62.3,"FP&A May variance was $3,989,559 vs plan",05/15/2026 03:15:59 PM
r03-0001681,lwhite@harwellinsurancegroup.com,[AP Aging Analyst] What drove the change in gross margin this quarter?,error,4.8,error: connection reset by peer,05/15/2026 04:17:41 PM
r03-0001682,jwalker@harwellinsurancegroup.com,[Cash Forecaster] Why did Accounting spend exceed budget in Jan?,completed,57.8,"Accounting Jan variance was $3,566,357 vs plan",05/15/2026 02:19:26 PM
r03-0001683,kjohnson@harwellinsurancegroup.com,[Cash Forecaster] Draft flux commentary for the Mar close,completed,32.5,"Treasury Mar variance was $3,226,370 vs plan",05/15/2026 02:54:55 PM
r03-0001684,ssanchez@harwellinsurancegroup.com,[Cash Forecaster] Check covenant compliance for the revolver,completed,31.0,"Ops Mar variance was $3,766,826 vs plan",05/15/2026 12:45:34 PM
r03-0001685,ssanchez@harwellinsurancegroup.com,[Vendor Spend Analyzer] Check covenant compliance for the revolver,completed,64.5,"Treasury May variance was $1,058,414 vs plan",05/15/2026 05:47:00 PM
r03-0001686,ssanchez@harwellinsurancegroup.com,[Revenue Recognizer] Reconcile AP aging over 90 days for EU-05,completed,22.7,"FP&A Apr variance was $4,385,062 vs plan",05/15/2026 10:45:48 AM
r03-0001687,pthompson@harwellinsurancegroup.com,[Vendor Spend Analyzer] Draft flux commentary for the Jan close,completed,27.6,"Ops Jan variance was $2,193,662 vs plan",05/15/2026 09:06:00 AM
r03-0001688,kjohnson@harwellinsurancegroup.com,[Variance Explainer] Check covenant compliance for the revolver,completed,5.6,"Treasury Apr variance was $923,919 vs plan",05/15/2026 11:05:57 AM
r03-0001689,dlee@harwellinsurancegroup.com,[Vendor Spend Analyzer] Why did FP&A spend exceed budget in Feb?,completed,42.6,"FP&A Feb variance was $4,664,200 vs plan",05/15/2026 03:41:05 PM
r03-0001690,ssanchez@harwellinsurancegroup.com,[Revenue Recognizer] Why did Ops spend exceed budget in May?,error,4.1,Traceback (most recent call last): KeyError 'entity',05/15/2026 12:22:33 PM
r03-0001691,ssanchez@harwellinsurancegroup.com,[Variance Explainer] Build the board deck cash slide for Mar,completed,15.2,"Treasury Mar variance was $3,230,728 vs plan",05/15/2026 01:05:58 PM
r03-0001692,ssanchez@harwellinsurancegroup.com,[Vendor Spend Analyzer] Summarize the May variance for entity US-03,error,1.0,ERROR: upstream request timed out,05/15/2026 01:48:05 PM
r03-0001693,ssanchez@harwellinsurancegroup.com,[Budget vs Actual] Which cost centers are over budget YTD?,completed,63.9,"Ops Apr variance was $2,582,047 vs plan",05/15/2026 04:51:04 PM
r03-0001694,kjohnson@harwellinsurancegroup.com,[Journal Entry Reviewer] Which cost centers are over budget YTD?,completed,40.7,"FP&A Apr variance was $365,066 vs plan",05/15/2026 02:02:54 PM
r03-0001695,jwalker@harwellinsurancegroup.com,[Revenue Recognizer] Forecast Jan operating cash flow,completed,21.2,"FP&A Jan variance was $784,343 vs plan",05/15/2026 09:48:01 AM
r03-0001696,ssanchez@harwellinsurancegroup.com,[Covenant Checker] Forecast Apr operating cash flow,completed,64.4,"Accounting Apr variance was $3,127,073 vs plan",05/15/2026 10:25:25 AM
r03-0001697,ssanchez@harwellinsurancegroup.com,[Headcount Planner] Check covenant compliance for the revolver,error,4.4,error code 502 from model gateway,05/15/2026 02:25:13 PM
r03-0001698,ssanchez@harwellinsurancegroup.com,[Board Deck Builder] What drove the change in gross margin this quarter?,completed,45.1,"Treasury Feb variance was $897,199 vs plan",05/15/2026 06:27:43 PM
r03-0001699,ssanchez@harwellinsurancegroup.com,[AP Aging Analyst] Summarize the May variance for entity CA-09,completed,65.7,"Treasury May variance was $3,875,432 vs plan",05/15/2026 06:46:09 PM
r03-0001700,ssanchez@harwellinsurancegroup.com,[Journal Entry Reviewer] Which cost centers are over budget YTD?,completed,25.5,"Ops Jan variance was $4,000,021 vs plan",05/15/2026 08:42:27 AM
r03-0001701,kharris@harwellinsurancegroup.com,[Budget vs Actual] Which cost centers are over budget YTD?,completed,46.9,"Treasury May variance was $1,171,157 vs plan",05/15/2026 04:49:10 PM
r03-0001702,kharris@harwellinsurancegroup.com,[AP Aging Analyst] Why did Treasury spend exceed budget in Jan?,error,5.5,ERROR: upstream request timed out,05/15/2026 06:10:40 AM
r03-0001703,kharris@harwellinsurancegroup.com,[Covenant Checker] Explain the headcount variance vs plan,completed,48.4,"Ops Mar variance was $1,552,719 vs plan",05/15/2026 01:59:27 PM
r03-0001704,ssanchez@harwellinsurancegroup.com,[Revenue Recognizer] Summarize the Jun variance for entity EU-04,completed,57.7,"Ops Jun variance was $3,510,749 vs plan",05/15/2026 11:54:15 AM
r03-0001705,ssanchez@harwellinsurancegroup.com,[Flux Commentary] Check covenant compliance for the revolver,completed,48.0,"Ops May variance was $3,742,007 vs plan",05/15/2026 12:19:09 PM
r03-0001706,ssanchez@harwellinsurancegroup.com,[Budget vs Actual] What drove the change in gross margin this quarter?,completed,14.9,"FP&A Mar variance was $1,539,794 vs plan",05/15/2026 11:48:18 AM
r03-0001707,ssanchez@harwellinsurancegroup.com,[Flux Commentary] What drove the change in gross margin this quarter?,completed,73.3,"Accounting Jan variance was $1,719,617 vs plan",05/16/2026 04:26:22 PM
r03-0001708,ssanchez@harwellinsurancegroup.com,[Flux Commentary] Summarize the Feb variance for entity CA-02,completed,70.9,"FP&A Feb variance was $2,831,021 vs plan",05/16/2026 03:18:39 PM
r03-0001709,ssanchez@harwellinsurancegroup.com,[Vendor Spend Analyzer] Draft flux commentary for the Jun close,completed,31.8,"Treasury Jun variance was $2,390,220 vs plan",05/16/2026 12:17:25 PM
r03-0001710,ssanchez@harwellinsurancegroup.com,[Close Checklist Bot] Check covenant compliance for the revolver,completed,39.8,"Accounting Jan variance was $849,358 vs plan",05/16/2026 10:13:05 AM
r03-0001711,ssanchez@harwellinsurancegroup.com,[Journal Entry Reviewer] Reconcile AP aging over 90 days for CA-07,completed,44.2,"FP&A Jun variance was $4,553,734 vs plan",05/16/2026 05:57:10 PM
r03-0001712,kharris@harwellinsurancegroup.com,[Board Deck Builder] Summarize the Apr variance for entity EU-04,error,7.6,FAILED: null reference in aggregation step,05/16/2026 03:42:26 PM
r03-0001713,ssanchez@harwellinsurancegroup.com,[Headcount Planner] Check covenant compliance for the revolver,completed,1.9,error: connection reset by peer,05/16/2026 01:16:23 PM
r03-0001714,kharris@harwellinsurancegroup.com,[Headcount Planner] Build the board deck cash slide for May,completed,61.2,"Accounting May variance was $4,397,263 vs plan",05/16/2026 04:12:30 PM
r03-0001715,ssanchez@harwellinsurancegroup.com,[AP Aging Analyst] Draft flux commentary for the Mar close,completed,41.6,"Accounting Mar variance was $1,633,850 vs plan",05/16/2026 12:38:18 PM
r03-0001716,ssanchez@harwellinsurancegroup.com,[Journal Entry Reviewer] Which cost centers are over budget YTD?,completed,16.9,"Ops May variance was $4,585,484 vs plan",05/17/2026 02:35:16 PM
r03-0001717,ssanchez@harwellinsurancegroup.com,[Variance Explainer] Draft flux commentary for the Jun close,completed,41.0,"Accounting Jun variance was $552,581 vs plan",05/17/2026 09:42:19 AM
r03-0001718,ssanchez@harwellinsurancegroup.com,[AP Aging Analyst] Summarize the Feb variance for entity US-02,completed,74.9,"Ops Feb variance was $141,461 vs plan",05/17/2026 01:43:24 PM
r03-0001719,lmartin@harwellinsurancegroup.com,[Flux Commentary] Which cost centers are over budget YTD?,completed,55.5,"Ops Apr variance was $535,827 vs plan",05/17/2026 01:43:31 PM
r03-0001720,thaddad@harwellinsurancegroup.com,[Variance Explainer] Which cost centers are over budget YTD?,completed,31.5,"FP&A May variance was $2,537,101 vs plan",05/17/2026 07:46:59 AM
r03-0001721,thaddad@harwellinsurancegroup.com,[Board Deck Builder] Why did Ops spend exceed budget in Jan?,completed,71.0,"Ops Jan variance was $2,882,760 vs plan",05/17/2026 01:43:10 PM
r03-0001722,kjohnson@harwellinsurancegroup.com,[Variance Explainer] Why did Accounting spend exceed budget in May?,completed,43.6,"Accounting May variance was $673,610 vs plan",05/17/2026 12:46:29 PM
r03-0001723,lwhite@harwellinsurancegroup.com,[Vendor Spend Analyzer] Check covenant compliance for the revolver,completed,12.1,"Accounting Apr variance was $4,694,293 vs plan",05/17/2026 02:37:02 PM
r03-0001724,ssanchez@harwellinsurancegroup.com,[Close Checklist Bot] Which cost centers are over budget YTD?,completed,61.4,"FP&A Feb variance was $2,974,730 vs plan",05/17/2026 11:00:24 AM
r03-0001725,ssanchez@harwellinsurancegroup.com,[Cash Forecaster] Draft flux commentary for the Jan close,completed,43.0,"Accounting Jan variance was $2,711,138 vs plan",05/17/2026 01:25:04 PM
r03-0001726,thaddad@harwellinsurancegroup.com,[Close Checklist Bot] Which cost centers are over budget YTD?,completed,30.6,"Accounting Jan variance was $1,647,496 vs plan",05/17/2026 10:23:51 AM
r03-0001727,jrobinson@harwellinsurancegroup.com,[Vendor Spend Analyzer] Build the board deck cash slide for Jan,completed,28.4,"Accounting Jan variance was $1,330,754 vs plan",05/17/2026 03:43:25 PM
r03-0001728,ssanchez@harwellinsurancegroup.com,[Vendor Spend Analyzer] Explain the headcount variance vs plan,completed,1.0,FAILED: null reference in aggregation step,05/18/2026 04:29:33 PM
r03-0001729,lwhite@harwellinsurancegroup.com,[Budget vs Actual] Check covenant compliance for the revolver,completed,53.9,"Treasury Mar variance was $3,043,681 vs plan",05/18/2026 03:29:06 PM
r03-0001730,kharris@harwellinsurancegroup.com,[Vendor Spend Analyzer] Check covenant compliance for the revolver,completed,3.7,"FP&A Feb variance was $2,392,004 vs plan",05/18/2026 03:11:05 PM
r03-0001731,ssanchez@harwellinsurancegroup.com,[Cash Forecaster] Forecast Apr operating cash flow,completed,56.7,"FP&A Apr variance was $1,741,196 vs plan",05/18/2026 04:51:46 PM
r03-0001732,kjohnson@harwellinsurancegroup.com,[Journal Entry Reviewer] Which cost centers are over budget YTD?,completed,44.1,"Accounting Mar variance was $2,527,812 vs plan",05/18/2026 04:26:31 PM
r03-0001733,ssanchez@harwellinsurancegroup.com,[Close Checklist Bot] Forecast Apr operating cash flow,completed,10.6,"FP&A Apr variance was $2,756,160 vs plan",05/18/2026 08:46:31 AM
r03-0001734,ssanchez@harwellinsurancegroup.com,[Budget vs Actual] Forecast Jan operating cash flow,completed,32.5,"Treasury Jan variance was $3,831,619 vs plan",05/18/2026 11:12:04 AM
r03-0001735,kharris@harwellinsurancegroup.com,[AP Aging Analyst] Draft flux commentary for the Jun close,completed,0.4,Traceback (most recent call last): KeyError 'entity',05/18/2026 12:28:59 PM
r03-0001736,ssanchez@harwellinsurancegroup.com,[Flux Commentary] Forecast Jun operating cash flow,completed,57.6,"Ops Jun variance was $4,396,056 vs plan",05/18/2026 11:33:39 AM
r03-0001737,ssanchez@harwellinsurancegroup.com,[Flux Commentary] Draft flux commentary for the Jan close,completed,44.5,"Treasury Jan variance was $2,895,043 vs plan",05/18/2026 12:35:06 PM
r03-0001738,alewis@harwellinsurancegroup.com,[Vendor Spend Analyzer] Build the board deck cash slide for Feb,completed,42.4,"Ops Feb variance was $2,523,689 vs plan",05/18/2026 10:46:13 AM
r03-0001739,rmartinez@harwellinsurancegroup.com,[Flux Commentary] Forecast May operating cash flow,completed,68.7,"FP&A May variance was $3,352,997 vs plan",05/18/2026 10:21:31 AM
r03-0001740,kharris@harwellinsurancegroup.com,[Cash Forecaster] Summarize the May variance for entity US-02,completed,20.2,"Accounting May variance was $476,749 vs plan",05/18/2026 01:47:34 PM
r03-0001741,ssanchez@harwellinsurancegroup.com,[Journal Entry Reviewer] Explain the headcount variance vs plan,completed,74.0,"FP&A Apr variance was $3,707,733 vs plan",05/18/2026 06:46:21 PM
r03-0001742,lmartin@harwellinsurancegroup.com,[Cash Forecaster] Why did Accounting spend exceed budget in Apr?,completed,65.1,"Accounting Apr variance was $790,427 vs plan",05/18/2026 01:28:59 PM
r03-0001743,ssanchez@harwellinsurancegroup.com,[Covenant Checker] Draft flux commentary for the Mar close,completed,19.3,"Ops Mar variance was $154,128 vs plan",05/18/2026 07:44:05 AM
r03-0001744,ssanchez@harwellinsurancegroup.com,[Revenue Recognizer] What drove the change in gross margin this quarter?,completed,0.6,error code 502 from model gateway,05/18/2026 12:45:58 PM
r03-0001745,ssanchez@harwellinsurancegroup.com,[Headcount Planner] Which cost centers are over budget YTD?,completed,42.6,"Accounting May variance was $4,325,364 vs plan",05/18/2026 12:33:23 PM
r03-0001746,dthompson@harwellinsurancegroup.com,[Close Checklist Bot] What drove the change in gross margin this quarter?,completed,64.2,"Accounting May variance was $4,312,417 vs plan",05/18/2026 01:29:46 PM
r03-0001747,ssanchez@harwellinsurancegroup.com,[Vendor Spend Analyzer] Build the board deck cash slide for Jun,completed,6.3,"FP&A Jun variance was $2,575,962 vs plan",05/18/2026 03:27:09 PM
r03-0001748,ssanchez@harwellinsurancegroup.com,[Journal Entry Reviewer] Draft flux commentary for the Mar close,completed,69.1,"Ops Mar variance was $3,300,282 vs plan",05/18/2026 10:43:39 AM
r03-0001749,ssanchez@harwellinsurancegroup.com,[Vendor Spend Analyzer] Reconcile AP aging over 90 days for EU-08,completed,18.1,"Accounting Jan variance was $183,542 vs plan",05/18/2026 12:23:26 PM
r03-0001750,ssanchez@harwellinsurancegroup.com,[Revenue Recognizer] Check covenant compliance for the revolver,completed,39.4,"Ops Jun variance was $1,623,810 vs plan",05/18/2026 01:09:25 PM
r03-0001751,ssanchez@harwellinsurancegroup.com,[Revenue Recognizer] Draft flux commentary for the Mar close,completed,0.9,Traceback (most recent call last): KeyError 'entity',05/18/2026 12:58:46 PM
r03-0001752,lwhite@harwellinsurancegroup.com,[Flux Commentary] Explain the headcount variance vs plan,completed,40.5,"Ops Mar variance was $4,437,195 vs plan",05/18/2026 03:57:32 PM
r03-0001753,pgonzalez@harwellinsurancegroup.com,[Cash Forecaster] Summarize the Apr variance for entity EU-07,completed,17.0,"FP&A Apr variance was $1,551,427 vs plan",05/18/2026 06:31:31 PM
r03-0001754,agarcia@harwellinsurancegroup.com,[Cash Forecaster] Which cost centers are over budget YTD?,completed,29.3,"FP&A Jun variance was $2,893,446 vs plan",05/18/2026 12:19:39 PM
r03-0001755,kjohnson@harwellinsurancegroup.com,[Headcount Planner] Which cost centers are over budget YTD?,completed,8.5,"FP&A Apr variance was $1,647,208 vs plan",05/19/2026 06:49:13 AM
r03-0001756,rthompson@harwellinsurancegroup.com,[Headcount Planner] Summarize the Feb variance for entity CA-02,completed,66.4,"FP&A Feb variance was $3,473,387 vs plan",05/19/2026 02:18:03 PM
r03-0001757,kharris@harwellinsurancegroup.com,[Board Deck Builder] Reconcile AP aging over 90 days for US-02,completed,43.2,"Ops Apr variance was $2,034,679 vs plan",05/19/2026 05:44:46 PM
r03-0001758,bwilliams@harwellinsurancegroup.com,[Cash Forecaster] Check covenant compliance for the revolver,completed,12.5,"Accounting May variance was $3,907,604 vs plan",05/19/2026 10:53:08 AM
r03-0001759,kharris@harwellinsurancegroup.com,[Covenant Checker] Explain the headcount variance vs plan,completed,20.0,"Accounting Mar variance was $928,181 vs plan",05/19/2026 04:08:51 PM
r03-0001760,ssanchez@harwellinsurancegroup.com,[AP Aging Analyst] Draft flux commentary for the Jan close,completed,48.5,"Accounting Jan variance was $3,052,812 vs plan",05/19/2026 12:23:25 PM
r03-0001761,ssanchez@harwellinsurancegroup.com,[Budget vs Actual] Why did FP&A spend exceed budget in Apr?,completed,0.6,FAILED: null reference in aggregation step,05/19/2026 02:49:55 PM
r03-0001762,kjohnson@harwellinsurancegroup.com,[Vendor Spend Analyzer] Which cost centers are over budget YTD?,error,6.3,error code 502 from model gateway,05/19/2026 01:48:59 PM
r03-0001763,ssanchez@harwellinsurancegroup.com,[Budget vs Actual] Build the board deck cash slide for Jan,completed,65.4,"Accounting Jan variance was $1,475,034 vs plan",05/19/2026 12:04:05 PM
r03-0001764,ssanchez@harwellinsurancegroup.com,[Covenant Checker] Forecast Jun operating cash flow,completed,45.8,"FP&A Jun variance was $1,646,985 vs plan",05/19/2026 10:00:01 AM
r03-0001765,ssanchez@harwellinsurancegroup.com,[Journal Entry Reviewer] Summarize the Mar variance for entity MX-05,completed,70.7,"Accounting Mar variance was $4,235,238 vs plan",05/19/2026 09:27:09 AM
r03-0001766,ssanchez@harwellinsurancegroup.com,[Revenue Recognizer] Build the board deck cash slide for Apr,completed,26.6,"Accounting Apr variance was $1,109,142 vs plan",05/19/2026 02:41:32 PM
r03-0001767,thaddad@harwellinsurancegroup.com,[Headcount Planner] Forecast Mar operating cash flow,completed,24.3,"Accounting Mar variance was $3,018,478 vs plan",05/19/2026 02:50:43 PM
r03-0001768,ssanchez@harwellinsurancegroup.com,[Journal Entry Reviewer] Forecast Feb operating cash flow,error,2.4,ERROR: upstream request timed out,05/19/2026 03:49:59 PM
r03-0001769,kjohnson@harwellinsurancegroup.com,[Close Checklist Bot] Check covenant compliance for the revolver,completed,41.4,"Ops Jan variance was $2,086,351 vs plan",05/19/2026 04:29:38 PM
r03-0001770,ssanchez@harwellinsurancegroup.com,[Board Deck Builder] Build the board deck cash slide for Jun,completed,44.5,"Treasury Jun variance was $1,031,921 vs plan",05/19/2026 09:51:27 AM
r03-0001771,pgonzalez@harwellinsurancegroup.com,[Flux Commentary] Check covenant compliance for the revolver,completed,55.0,"Ops May variance was $2,090,884 vs plan",05/19/2026 11:07:04 AM
r03-0001772,ssanchez@harwellinsurancegroup.com,[Vendor Spend Analyzer] Explain the headcount variance vs plan,completed,30.0,"Accounting Feb variance was $699,461 vs plan",05/19/2026 11:10:30 AM
r03-0001773,kjohnson@harwellinsurancegroup.com,[Variance Explainer] Forecast Apr operating cash flow,completed,8.1,"Accounting Apr variance was $4,007,082 vs plan",05/19/2026 03:47:50 PM
r03-0001774,kharris@harwellinsurancegroup.com,[Headcount Planner] Check covenant compliance for the revolver,error,3.6,error: connection reset by peer,05/19/2026 02:54:08 PM
r03-0001775,kharris@harwellinsurancegroup.com,[Cash Forecaster] What drove the change in gross margin this quarter?,completed,39.3,"Treasury Jun variance was $3,023,500 vs plan",05/19/2026 02:19:15 PM
r03-0001776,jjones@harwellinsurancegroup.com,[Close Checklist Bot] Draft flux commentary for the Jan close,completed,65.0,"Accounting Jan variance was $3,940,589 vs plan",05/19/2026 10:53:18 AM
r03-0001777,pthompson@harwellinsurancegroup.com,[Covenant Checker] Forecast May operating cash flow,completed,23.6,"FP&A May variance was $2,849,136 vs plan",05/19/2026 01:23:39 PM
r03-0001778,ssanchez@harwellinsurancegroup.com,[Budget vs Actual] Draft flux commentary for the Jun close,completed,18.7,"Treasury Jun variance was $3,836,466 vs plan",05/19/2026 02:54:43 PM
r03-0001779,pthompson@harwellinsurancegroup.com,[Variance Explainer] Explain the headcount variance vs plan,completed,53.4,"FP&A Jan variance was $1,666,955 vs plan",05/19/2026 12:23:43 PM
r03-0001780,lwhite@harwellinsurancegroup.com,[Flux Commentary] Check covenant compliance for the revolver,completed,34.6,"Accounting Mar variance was $89,068 vs plan",05/19/2026 12:31:18 PM
r03-0001781,ssanchez@harwellinsurancegroup.com,[Covenant Checker] Reconcile AP aging over 90 days for MX-02,completed,60.0,"Ops Apr variance was $4,580,822 vs plan",05/19/2026 12:53:09 PM
r03-0001782,ssanchez@harwellinsurancegroup.com,[Close Checklist Bot] Reconcile AP aging over 90 days for US-04,completed,23.3,"FP&A Apr variance was $1,158,907 vs plan",05/19/2026 02:02:43 PM
r03-0001783,ssanchez@harwellinsurancegroup.com,[Budget vs Actual] Draft flux commentary for the Jan close,completed,13.6,"Accounting Jan variance was $1,154,260 vs plan",05/19/2026 02:23:46 PM
r03-0001784,lwhite@harwellinsurancegroup.com,[Covenant Checker] Draft flux commentary for the Feb close,completed,62.7,"FP&A Feb variance was $3,809,022 vs plan",05/19/2026 03:04:20 PM
r03-0001785,kjohnson@harwellinsurancegroup.com,[Cash Forecaster] Build the board deck cash slide for Feb,completed,24.4,"Accounting Feb variance was $1,329,877 vs plan",05/19/2026 11:08:51 AM
r03-0001786,flopez@harwellinsurancegroup.com,[Vendor Spend Analyzer] Check covenant compliance for the revolver,completed,24.2,"FP&A Mar variance was $2,947,517 vs plan",05/19/2026 01:33:38 PM
r03-0001787,kharris@harwellinsurancegroup.com,[Cash Forecaster] Check covenant compliance for the revolver,completed,58.8,"Ops Mar variance was $2,609,321 vs plan",05/19/2026 03:53:53 PM
r03-0001788,ssanchez@harwellinsurancegroup.com,[AP Aging Analyst] Summarize the May variance for entity MX-03,completed,64.4,"Accounting May variance was $134,010 vs plan",05/19/2026 05:31:51 PM
r03-0001789,ssanchez@harwellinsurancegroup.com,[Variance Explainer] Summarize the Apr variance for entity US-02,completed,72.5,"Treasury Apr variance was $3,636,105 vs plan",05/20/2026 06:18:05 AM
r03-0001790,ssanchez@harwellinsurancegroup.com,[Cash Forecaster] Which cost centers are over budget YTD?,error,5.7,Traceback (most recent call last): KeyError 'entity',05/20/2026 03:23:31 PM
r03-0001791,kharris@harwellinsurancegroup.com,[Variance Explainer] Build the board deck cash slide for Feb,completed,53.1,"Ops Feb variance was $3,792,500 vs plan",05/20/2026 05:44:50 PM
r03-0001792,ssanchez@harwellinsurancegroup.com,[Journal Entry Reviewer] Why did Treasury spend exceed budget in Jun?,completed,72.4,"Treasury Jun variance was $50,703 vs plan",05/20/2026 01:06:35 PM
r03-0001793,kjohnson@harwellinsurancegroup.com,[AP Aging Analyst] Explain the headcount variance vs plan,completed,66.3,"Accounting May variance was $2,385,459 vs plan",05/20/2026 02:23:32 PM
r03-0001794,ssanchez@harwellinsurancegroup.com,[Budget vs Actual] Check covenant compliance for the revolver,completed,58.0,"Treasury Jan variance was $4,363,701 vs plan",05/20/2026 04:41:37 PM
r03-0001795,jjones@harwellinsurancegroup.com,[Close Checklist Bot] Check covenant compliance for the revolver,completed,65.4,"FP&A Apr variance was $2,927,213 vs plan",05/20/2026 10:33:07 AM
r03-0001796,ssanchez@harwellinsurancegroup.com,[Close Checklist Bot] Build the board deck cash slide for Apr,completed,31.3,"Treasury Apr variance was $4,452,646 vs plan",05/20/2026 12:48:25 PM
r03-0001797,ssanchez@harwellinsurancegroup.com,[Journal Entry Reviewer] Build the board deck cash slide for Mar,completed,47.1,"Ops Mar variance was $4,547,699 vs plan",05/20/2026 01:26:48 PM
r03-0001798,ssanchez@harwellinsurancegroup.com,[Cash Forecaster] Build the board deck cash slide for Apr,completed,65.8,"Accounting Apr variance was $4,438,355 vs plan",05/20/2026 03:46:15 PM
r03-0001799,jjones@harwellinsurancegroup.com,[Revenue Recognizer] Draft flux commentary for the Feb close,completed,8.1,"Accounting Feb variance was $496,717 vs plan",05/20/2026 11:26:12 AM
r03-0001800,kharris@harwellinsurancegroup.com,[Board Deck Builder] Explain the headcount variance vs plan,error,6.8,error code 502 from model gateway,05/20/2026 10:11:03 AM
r03-0001801,agarcia@harwellinsurancegroup.com,[Journal Entry Reviewer] Explain the headcount variance vs plan,completed,10.8,"Accounting Jun variance was $1,638,592 vs plan",05/20/2026 07:19:35 AM
r03-0001802,ssanchez@harwellinsurancegroup.com,[Flux Commentary] Draft flux commentary for the Mar close,completed,31.5,"Treasury Mar variance was $2,271,595 vs plan",05/20/2026 12:03:02 PM
r03-0001803,thaddad@harwellinsurancegroup.com,[Cash Forecaster] Forecast Jan operating cash flow,completed,52.6,"FP&A Jan variance was $3,052,455 vs plan",05/20/2026 10:39:04 AM
r03-0001804,lwhite@harwellinsurancegroup.com,[Variance Explainer] Summarize the Jan variance for entity EU-08,completed,41.3,"FP&A Jan variance was $1,953,176 vs plan",05/20/2026 12:31:24 PM
r03-0001805,ssanchez@harwellinsurancegroup.com,[Headcount Planner] Forecast Apr operating cash flow,completed,45.0,"FP&A Apr variance was $4,448,578 vs plan",05/20/2026 12:30:11 PM
r03-0001806,ssanchez@harwellinsurancegroup.com,[Vendor Spend Analyzer] Forecast Feb operating cash flow,completed,72.7,"Treasury Feb variance was $3,060,301 vs plan",05/20/2026 11:19:08 AM
r03-0001807,ssanchez@harwellinsurancegroup.com,[Board Deck Builder] Build the board deck cash slide for Apr,completed,9.6,"Treasury Apr variance was $4,439,671 vs plan",05/20/2026 10:50:02 AM
r03-0001808,jjones@harwellinsurancegroup.com,[Close Checklist Bot] Which cost centers are over budget YTD?,completed,49.7,"Treasury Feb variance was $1,822,891 vs plan",05/20/2026 03:32:43 PM
r03-0001809,ssanchez@harwellinsurancegroup.com,[Vendor Spend Analyzer] Which cost centers are over budget YTD?,completed,17.5,"FP&A Feb variance was $196,029 vs plan",05/20/2026 01:57:58 PM
r03-0001810,ssanchez@harwellinsurancegroup.com,[Budget vs Actual] Reconcile AP aging over 90 days for MX-09,completed,7.4,"FP&A May variance was $911,669 vs plan",05/20/2026 03:25:31 PM
r03-0001811,ssanchez@harwellinsurancegroup.com,[AP Aging Analyst] Reconcile AP aging over 90 days for CA-04,completed,53.1,"Ops Jun variance was $3,440,174 vs plan",05/20/2026 03:41:36 PM
r03-0001812,ssanchez@harwellinsurancegroup.com,[Cash Forecaster] Summarize the Jun variance for entity MX-03,completed,66.8,"Treasury Jun variance was $1,006,894 vs plan",05/20/2026 07:22:29 AM
r03-0001813,jjones@harwellinsurancegroup.com,[AP Aging Analyst] Which cost centers are over budget YTD?,completed,1.1,ERROR: upstream request timed out,05/20/2026 01:07:15 PM
r03-0001814,ssanchez@harwellinsurancegroup.com,[Flux Commentary] Draft flux commentary for the May close,completed,56.1,"Accounting May variance was $466,668 vs plan",05/20/2026 02:38:07 PM
r03-0001815,ssanchez@harwellinsurancegroup.com,[Vendor Spend Analyzer] Which cost centers are over budget YTD?,completed,26.0,"Accounting Feb variance was $820,104 vs plan",05/20/2026 01:53:05 PM
r03-0001816,ssanchez@harwellinsurancegroup.com,[Covenant Checker] Check covenant compliance for the revolver,error,0.7,ERROR: upstream request timed out,05/20/2026 01:55:13 PM
r03-0001817,ssanchez@harwellinsurancegroup.com,[Board Deck Builder] Why did Ops spend exceed budget in Jun?,completed,56.5,"Ops Jun variance was $4,064,413 vs plan",05/20/2026 11:29:33 AM
r03-0001818,ssanchez@harwellinsurancegroup.com,[Journal Entry Reviewer] Draft flux commentary for the Jan close,completed,54.5,"Accounting Jan variance was $2,228,386 vs plan",05/20/2026 08:39:34 AM
r03-0001819,ssanchez@harwellinsurancegroup.com,[Journal Entry Reviewer] Reconcile AP aging over 90 days for US-09,completed,37.4,"Ops Feb variance was $674,437 vs plan",05/20/2026 03:29:58 PM
r03-0001820,thaddad@harwellinsurancegroup.com,[Close Checklist Bot] Check covenant compliance for the revolver,completed,60.6,"Treasury Jun variance was $3,275,567 vs plan",05/20/2026 01:39:59 PM
r03-0001821,ssanchez@harwellinsurancegroup.com,[Journal Entry Reviewer] Why did FP&A spend exceed budget in Apr?,completed,50.0,"FP&A Apr variance was $4,692,442 vs plan",05/20/2026 09:00:42 AM
r03-0001822,ssanchez@harwellinsurancegroup.com,[Cash Forecaster] Explain the headcount variance vs plan,completed,39.5,"Accounting Mar variance was $4,774,462 vs plan",05/20/2026 12:06:46 PM
r03-0001823,lmartin@harwellinsurancegroup.com,[Revenue Recognizer] Explain the headcount variance vs plan,completed,64.3,"FP&A Mar variance was $2,238,026 vs plan",05/20/2026 01:28:31 PM
r03-0001824,ssanchez@harwellinsurancegroup.com,[Headcount Planner] Build the board deck cash slide for Mar,completed,47.4,"Treasury Mar variance was $3,724,280 vs plan",05/21/2026 01:23:13 PM
r03-0001825,ssanchez@harwellinsurancegroup.com,[Journal Entry Reviewer] Reconcile AP aging over 90 days for MX-03,error,7.8,error code 502 from model gateway,05/21/2026 05:44:42 PM
r03-0001826,ssanchez@harwellinsurancegroup.com,[AP Aging Analyst] Forecast Jan operating cash flow,completed,32.4,"Treasury Jan variance was $2,379,324 vs plan",05/21/2026 05:15:22 PM
r03-0001827,rthompson@harwellinsurancegroup.com,[Board Deck Builder] Check covenant compliance for the revolver,completed,23.7,"Accounting Jan variance was $4,236,719 vs plan",05/21/2026 01:35:28 PM
r03-0001828,kharris@harwellinsurancegroup.com,[Board Deck Builder] Forecast Mar operating cash flow,completed,5.3,"FP&A Mar variance was $4,580,092 vs plan",05/21/2026 07:11:18 PM
r03-0001829,bwilliams@harwellinsurancegroup.com,[Revenue Recognizer] What drove the change in gross margin this quarter?,completed,9.8,"Ops Jun variance was $3,770,041 vs plan",05/21/2026 02:43:58 PM
r03-0001830,ssanchez@harwellinsurancegroup.com,[AP Aging Analyst] Explain the headcount variance vs plan,completed,7.1,"Treasury Jun variance was $2,307,185 vs plan",05/21/2026 01:52:11 PM
r03-0001831,lwhite@harwellinsurancegroup.com,[Close Checklist Bot] Summarize the Apr variance for entity US-08,error,1.5,Traceback (most recent call last): KeyError 'entity',05/21/2026 12:57:58 PM
r03-0001832,mrobinson@harwellinsurancegroup.com,[Variance Explainer] Draft flux commentary for the Jan close,completed,24.3,"FP&A Jan variance was $1,716,382 vs plan",05/21/2026 03:31:17 PM
r03-0001833,ssanchez@harwellinsurancegroup.com,[Variance Explainer] Check covenant compliance for the revolver,completed,15.5,"Treasury Mar variance was $3,025,877 vs plan",05/21/2026 09:35:39 AM
r03-0001834,ssanchez@harwellinsurancegroup.com,[Budget vs Actual] Check covenant compliance for the revolver,completed,0.8,FAILED: null reference in aggregation step,05/21/2026 12:13:42 PM
r03-0001835,ssanchez@harwellinsurancegroup.com,[Covenant Checker] Why did Ops spend exceed budget in Jun?,completed,44.1,"Ops Jun variance was $1,421,093 vs plan",05/21/2026 10:05:10 AM
r03-0001836,lwhite@harwellinsurancegroup.com,[AP Aging Analyst] Why did FP&A spend exceed budget in Jan?,completed,4.3,"FP&A Jan variance was $4,606,321 vs plan",05/21/2026 01:39:07 PM
r03-0001837,ssanchez@harwellinsurancegroup.com,[Headcount Planner] Which cost centers are over budget YTD?,completed,35.1,"Ops Feb variance was $3,059,701 vs plan",05/21/2026 11:11:28 AM
r03-0001838,ssanchez@harwellinsurancegroup.com,[Journal Entry Reviewer] Why did Ops spend exceed budget in Apr?,completed,71.0,"Ops Apr variance was $427,614 vs plan",05/21/2026 01:11:52 PM
r03-0001839,ssanchez@harwellinsurancegroup.com,[Headcount Planner] Explain the headcount variance vs plan,completed,14.5,"Ops Apr variance was $2,473,415 vs plan",05/21/2026 12:32:51 PM
r03-0001840,ssanchez@harwellinsurancegroup.com,[Budget vs Actual] Build the board deck cash slide for Jan,completed,7.1,"Ops Jan variance was $2,923,812 vs plan",05/21/2026 01:00:32 PM
r03-0001841,ssanchez@harwellinsurancegroup.com,[Headcount Planner] Build the board deck cash slide for Jun,completed,10.2,"Accounting Jun variance was $3,461,678 vs plan",05/21/2026 04:54:23 PM
r03-0001842,kjohnson@harwellinsurancegroup.com,[Flux Commentary] Reconcile AP aging over 90 days for EU-03,completed,6.7,"Accounting Jun variance was $1,728,732 vs plan",05/21/2026 11:00:18 AM
r03-0001843,kjohnson@harwellinsurancegroup.com,[AP Aging Analyst] Draft flux commentary for the May close,completed,28.1,"Treasury May variance was $1,901,046 vs plan",05/21/2026 05:00:38 PM
r03-0001844,flopez@harwellinsurancegroup.com,[Cash Forecaster] Which cost centers are over budget YTD?,completed,45.2,"FP&A Mar variance was $1,731,235 vs plan",05/21/2026 06:29:48 PM
r03-0001845,ssanchez@harwellinsurancegroup.com,[Revenue Recognizer] Why did Ops spend exceed budget in Jun?,completed,53.3,"Ops Jun variance was $2,339,233 vs plan",05/21/2026 10:25:11 AM
r03-0001846,ssanchez@harwellinsurancegroup.com,[Vendor Spend Analyzer] Why did Ops spend exceed budget in Apr?,completed,23.7,"Ops Apr variance was $4,563,738 vs plan",05/21/2026 10:56:05 AM
r03-0001847,lwhite@harwellinsurancegroup.com,[Journal Entry Reviewer] Why did FP&A spend exceed budget in May?,error,1.4,error code 502 from model gateway,05/21/2026 01:35:53 PM
r03-0001848,jjones@harwellinsurancegroup.com,[Variance Explainer] Reconcile AP aging over 90 days for US-06,completed,39.0,"Treasury Jun variance was $4,460,282 vs plan",05/21/2026 01:58:58 PM
r03-0001849,agarcia@harwellinsurancegroup.com,[Close Checklist Bot] Draft flux commentary for the Jun close,completed,13.4,"Accounting Jun variance was $1,751,703 vs plan",05/22/2026 05:23:34 PM
r03-0001850,mramirez@harwellinsurancegroup.com,[Vendor Spend Analyzer] What drove the change in gross margin this quarter?,completed,4.2,"Accounting Feb variance was $4,368,154 vs plan",05/22/2026 02:40:03 PM
r03-0001851,pgonzalez@harwellinsurancegroup.com,[Journal Entry Reviewer] Build the board deck cash slide for Jun,error,4.5,error code 502 from model gateway,05/22/2026 08:15:14 AM
r03-0001852,ssanchez@harwellinsurancegroup.com,[Vendor Spend Analyzer] What drove the change in gross margin this quarter?,completed,30.9,"Treasury Jan variance was $2,832,851 vs plan",05/22/2026 03:07:55 PM
r03-0001853,kharris@harwellinsurancegroup.com,[Budget vs Actual] Forecast May operating cash flow,completed,64.0,"Treasury May variance was $1,277,200 vs plan",05/22/2026 01:53:31 PM
r03-0001854,mmiller@harwellinsurancegroup.com,[Journal Entry Reviewer] Summarize the Feb variance for entity CA-03,completed,24.4,"FP&A Feb variance was $2,387,632 vs plan",05/22/2026 06:29:46 AM
r03-0001855,alewis@harwellinsurancegroup.com,[Covenant Checker] Reconcile AP aging over 90 days for EU-09,completed,43.0,"Accounting Jan variance was $3,774,556 vs plan",05/22/2026 12:00:20 PM
r03-0001856,ssanchez@harwellinsurancegroup.com,[Budget vs Actual] Why did FP&A spend exceed budget in Apr?,completed,63.0,"FP&A Apr variance was $1,811,275 vs plan",05/22/2026 07:37:40 AM
r03-0001857,jrobinson@harwellinsurancegroup.com,[Close Checklist Bot] Explain the headcount variance vs plan,completed,31.3,"Accounting May variance was $2,009,175 vs plan",05/22/2026 01:51:42 PM
r03-0001858,ssanchez@harwellinsurancegroup.com,[Variance Explainer] Why did Accounting spend exceed budget in Jan?,completed,25.8,"Accounting Jan variance was $1,019,816 vs plan",05/22/2026 01:35:17 PM
r03-0001859,ssanchez@harwellinsurancegroup.com,[Board Deck Builder] Summarize the Jun variance for entity US-08,error,6.7,FAILED: null reference in aggregation step,05/22/2026 06:15:01 PM
r03-0001860,ssanchez@harwellinsurancegroup.com,[Board Deck Builder] Forecast Apr operating cash flow,completed,1.8,FAILED: null reference in aggregation step,05/22/2026 02:52:16 PM
r03-0001861,rthompson@harwellinsurancegroup.com,[Headcount Planner] Explain the headcount variance vs plan,completed,66.8,"FP&A Mar variance was $1,466,497 vs plan",05/22/2026 09:10:54 AM
r03-0001862,phaddad@harwellinsurancegroup.com,[Covenant Checker] Which cost centers are over budget YTD?,completed,33.1,"Treasury Jan variance was $3,267,200 vs plan",05/22/2026 04:44:32 PM
r03-0001863,kharris@harwellinsurancegroup.com,[Journal Entry Reviewer] Which cost centers are over budget YTD?,completed,44.1,"Accounting Feb variance was $3,819,294 vs plan",05/22/2026 09:49:26 AM
r03-0001864,ssanchez@harwellinsurancegroup.com,[Flux Commentary] Check covenant compliance for the revolver,completed,0.6,error: connection reset by peer,05/22/2026 11:48:07 AM
r03-0001865,thaddad@harwellinsurancegroup.com,[Cash Forecaster] Why did Treasury spend exceed budget in May?,completed,53.4,"Treasury May variance was $2,225,106 vs plan",05/22/2026 09:10:18 AM
r03-0001866,ssanchez@harwellinsurancegroup.com,[Headcount Planner] What drove the change in gross margin this quarter?,completed,16.0,"Ops May variance was $4,487,981 vs plan",05/22/2026 02:47:23 PM
r03-0001867,kharris@harwellinsurancegroup.com,[Cash Forecaster] Forecast May operating cash flow,error,6.0,ERROR: upstream request timed out,05/22/2026 04:50:10 PM
r03-0001868,ssanchez@harwellinsurancegroup.com,[Covenant Checker] Build the board deck cash slide for May,completed,18.5,"Treasury May variance was $3,415,465 vs plan",05/22/2026 05:54:32 PM
r03-0001869,kharris@harwellinsurancegroup.com,[Headcount Planner] Check covenant compliance for the revolver,completed,40.0,"FP&A Mar variance was $2,197,960 vs plan",05/22/2026 04:10:36 PM
r03-0001870,ssanchez@harwellinsurancegroup.com,[Close Checklist Bot] Draft flux commentary for the Feb close,completed,66.6,"Accounting Feb variance was $1,908,142 vs plan",05/22/2026 08:25:18 AM
r03-0001871,jjones@harwellinsurancegroup.com,[Vendor Spend Analyzer] Reconcile AP aging over 90 days for MX-07,completed,15.6,"Accounting Feb variance was $4,043,415 vs plan",05/22/2026 12:55:55 PM
r03-0001872,ssanchez@harwellinsurancegroup.com,[Board Deck Builder] Summarize the Apr variance for entity CA-05,completed,42.9,"Ops Apr variance was $827,482 vs plan",05/22/2026 03:06:24 PM
r03-0001873,lwhite@harwellinsurancegroup.com,[Flux Commentary] Check covenant compliance for the revolver,completed,12.3,"Accounting Mar variance was $3,550,954 vs plan",05/22/2026 12:33:50 PM
r03-0001874,ssanchez@harwellinsurancegroup.com,[AP Aging Analyst] Reconcile AP aging over 90 days for CA-07,completed,21.7,"FP&A Feb variance was $758,437 vs plan",05/22/2026 07:30:28 AM
r03-0001875,lwhite@harwellinsurancegroup.com,[Flux Commentary] Explain the headcount variance vs plan,completed,73.6,"Ops Mar variance was $3,113,359 vs plan",05/22/2026 01:36:50 PM
r03-0001876,ssanchez@harwellinsurancegroup.com,[Journal Entry Reviewer] Check covenant compliance for the revolver,completed,72.6,"FP&A Apr variance was $3,858,430 vs plan",05/23/2026 01:33:23 PM
r03-0001877,ssanchez@harwellinsurancegroup.com,[Revenue Recognizer] Reconcile AP aging over 90 days for MX-01,completed,0.6,Traceback (most recent call last): KeyError 'entity',05/23/2026 03:13:00 PM
r03-0001878,dthompson@harwellinsurancegroup.com,[Close Checklist Bot] Explain the headcount variance vs plan,completed,66.5,"FP&A Mar variance was $427,921 vs plan",05/23/2026 09:20:44 AM
r03-0001879,ssanchez@harwellinsurancegroup.com,[Close Checklist Bot] Why did FP&A spend exceed budget in May?,completed,17.1,"FP&A May variance was $3,155,363 vs plan",05/23/2026 04:38:04 PM
r03-0001880,ssanchez@harwellinsurancegroup.com,[Close Checklist Bot] Reconcile AP aging over 90 days for CA-03,completed,3.5,"FP&A Jan variance was $1,186,233 vs plan",05/23/2026 10:06:34 AM
r03-0001881,lmartin@harwellinsurancegroup.com,[Variance Explainer] Draft flux commentary for the May close,completed,29.8,"FP&A May variance was $2,789,062 vs plan",05/24/2026 09:06:47 AM
r03-0001882,ssanchez@harwellinsurancegroup.com,[Covenant Checker] Reconcile AP aging over 90 days for MX-05,completed,7.8,"Ops Feb variance was $1,536,550 vs plan",05/24/2026 09:34:38 AM
r03-0001883,kharris@harwellinsurancegroup.com,[Covenant Checker] Summarize the May variance for entity US-03,completed,16.4,"Accounting May variance was $949,215 vs plan",05/24/2026 12:09:05 PM
r03-0001884,kharris@harwellinsurancegroup.com,[Budget vs Actual] Check covenant compliance for the revolver,completed,56.4,"Accounting May variance was $3,669,256 vs plan",05/24/2026 01:57:03 PM
r03-0001885,ssanchez@harwellinsurancegroup.com,[Cash Forecaster] What drove the change in gross margin this quarter?,completed,11.8,"Ops Jun variance was $4,442,486 vs plan",05/24/2026 12:27:34 PM
r03-0001886,mrobinson@harwellinsurancegroup.com,[Revenue Recognizer] Build the board deck cash slide for Apr,completed,52.3,"Treasury Apr variance was $678,924 vs plan",05/24/2026 01:04:39 PM
r03-0001887,ssanchez@harwellinsurancegroup.com,[Covenant Checker] Which cost centers are over budget YTD?,completed,18.3,"FP&A Apr variance was $2,762,022 vs plan",05/24/2026 04:33:40 PM
r03-0001888,ssanchez@harwellinsurancegroup.com,[Vendor Spend Analyzer] Why did Accounting spend exceed budget in Mar?,completed,3.5,"Accounting Mar variance was $28,098 vs plan",05/24/2026 02:42:25 PM
r03-0001889,ssanchez@harwellinsurancegroup.com,[Board Deck Builder] Why did Treasury spend exceed budget in Jun?,completed,40.0,"Treasury Jun variance was $1,010,133 vs plan",05/24/2026 11:00:33 AM
r03-0001890,ssanchez@harwellinsurancegroup.com,[Variance Explainer] Check covenant compliance for the revolver,completed,40.1,"Ops Apr variance was $2,007,048 vs plan",05/24/2026 11:28:41 AM
r03-0001891,ssanchez@harwellinsurancegroup.com,[Cash Forecaster] What drove the change in gross margin this quarter?,completed,1.4,error: connection reset by peer,05/24/2026 10:47:08 AM
r03-0001892,ssanchez@harwellinsurancegroup.com,[Variance Explainer] Build the board deck cash slide for Feb,completed,0.9,FAILED: null reference in aggregation step,05/25/2026 02:05:05 PM
r03-0001893,mrobinson@harwellinsurancegroup.com,[Cash Forecaster] What drove the change in gross margin this quarter?,completed,49.6,"Accounting Apr variance was $4,523,228 vs plan",05/25/2026 06:38:19 AM
r03-0001894,ssanchez@harwellinsurancegroup.com,[AP Aging Analyst] What drove the change in gross margin this quarter?,completed,44.0,"FP&A Feb variance was $4,527,517 vs plan",05/25/2026 08:31:36 AM
r03-0001895,mrobinson@harwellinsurancegroup.com,[Headcount Planner] Draft flux commentary for the Jan close,completed,29.1,"Treasury Jan variance was $1,282,121 vs plan",05/25/2026 10:11:10 AM
r03-0001896,kjohnson@harwellinsurancegroup.com,[Budget vs Actual] Why did Accounting spend exceed budget in Mar?,completed,31.7,"Accounting Mar variance was $3,931,556 vs plan",05/25/2026 01:43:27 PM
r03-0001897,ssanchez@harwellinsurancegroup.com,[Cash Forecaster] Why did Ops spend exceed budget in Feb?,completed,55.7,"Ops Feb variance was $101,343 vs plan",05/25/2026 10:32:08 AM
r03-0001898,ssanchez@harwellinsurancegroup.com,[Flux Commentary] Reconcile AP aging over 90 days for MX-09,completed,0.4,Traceback (most recent call last): KeyError 'entity',05/25/2026 12:35:59 PM
r03-0001899,ssanchez@harwellinsurancegroup.com,[Headcount Planner] What drove the change in gross margin this quarter?,completed,74.2,"Accounting Jan variance was $92,709 vs plan",05/25/2026 06:44:06 AM
r03-0001900,ssanchez@harwellinsurancegroup.com,[AP Aging Analyst] Reconcile AP aging over 90 days for CA-02,completed,38.6,"FP&A Jan variance was $4,371,175 vs plan",05/25/2026 01:50:22 PM
r03-0001901,ssanchez@harwellinsurancegroup.com,[Covenant Checker] Build the board deck cash slide for Jun,completed,14.1,"Accounting Jun variance was $3,343,480 vs plan",05/25/2026 01:25:46 PM
r03-0001902,ssanchez@harwellinsurancegroup.com,[Close Checklist Bot] Summarize the Mar variance for entity MX-08,completed,70.3,"Treasury Mar variance was $3,174,167 vs plan",05/25/2026 02:11:37 PM
r03-0001903,lwhite@harwellinsurancegroup.com,[Variance Explainer] Summarize the Mar variance for entity CA-07,completed,44.5,"Ops Mar variance was $4,749,216 vs plan",05/25/2026 09:44:18 AM
r03-0001904,pgonzalez@harwellinsurancegroup.com,[Vendor Spend Analyzer] Summarize the Jun variance for entity US-03,completed,46.7,"Accounting Jun variance was $2,695,792 vs plan",05/25/2026 08:31:41 AM
r03-0001905,jjones@harwellinsurancegroup.com,[Board Deck Builder] Draft flux commentary for the Mar close,completed,15.3,"Treasury Mar variance was $4,165,216 vs plan",05/25/2026 11:43:17 AM
r03-0001906,ssanchez@harwellinsurancegroup.com,[Revenue Recognizer] Build the board deck cash slide for Jun,completed,0.9,FAILED: null reference in aggregation step,05/25/2026 03:41:33 PM
r03-0001907,ssanchez@harwellinsurancegroup.com,[Journal Entry Reviewer] Check covenant compliance for the revolver,completed,59.5,"Treasury Jun variance was $1,236,183 vs plan",05/25/2026 04:21:22 PM
r03-0001908,ssanchez@harwellinsurancegroup.com,[Journal Entry Reviewer] Draft flux commentary for the Mar close,completed,31.2,"Treasury Mar variance was $1,724,714 vs plan",05/25/2026 01:21:08 PM
r03-0001909,ssanchez@harwellinsurancegroup.com,[AP Aging Analyst] Reconcile AP aging over 90 days for US-01,completed,20.9,"Ops Jun variance was $268,650 vs plan",05/25/2026 04:44:25 PM
r03-0001910,ssanchez@harwellinsurancegroup.com,[Board Deck Builder] Explain the headcount variance vs plan,completed,23.7,"Ops Jun variance was $1,055,633 vs plan",05/25/2026 08:35:27 AM
r03-0001911,ssanchez@harwellinsurancegroup.com,[Variance Explainer] Reconcile AP aging over 90 days for MX-01,completed,67.0,"Accounting Jun variance was $2,611,591 vs plan",05/26/2026 02:11:33 PM
r03-0001912,ssanchez@harwellinsurancegroup.com,[Journal Entry Reviewer] Check covenant compliance for the revolver,completed,13.0,"FP&A May variance was $1,483,188 vs plan",05/26/2026 02:59:04 PM
r03-0001913,ssanchez@harwellinsurancegroup.com,[Covenant Checker] Why did Ops spend exceed budget in Mar?,completed,40.7,"Ops Mar variance was $439,299 vs plan",05/26/2026 02:17:05 PM
r03-0001914,ssanchez@harwellinsurancegroup.com,[Variance Explainer] Which cost centers are over budget YTD?,completed,51.7,"Ops Jan variance was $3,158,816 vs plan",05/26/2026 12:59:22 PM
r03-0001915,ssanchez@harwellinsurancegroup.com,[Cash Forecaster] Forecast Jan operating cash flow,completed,1.6,error code 502 from model gateway,05/26/2026 06:56:32 AM
r03-0001916,ssanchez@harwellinsurancegroup.com,[Journal Entry Reviewer] What drove the change in gross margin this quarter?,completed,49.6,"FP&A Apr variance was $3,578,598 vs plan",05/26/2026 08:42:35 AM
r03-0001917,ymartinez@harwellinsurancegroup.com,[Board Deck Builder] Forecast Mar operating cash flow,completed,51.6,"FP&A Mar variance was $1,214,833 vs plan",05/26/2026 08:22:36 PM
r03-0001918,kjohnson@harwellinsurancegroup.com,[Flux Commentary] Draft flux commentary for the May close,completed,35.4,"Treasury May variance was $4,684,228 vs plan",05/26/2026 12:47:32 PM
r03-0001919,kharris@harwellinsurancegroup.com,[Close Checklist Bot] Check covenant compliance for the revolver,completed,28.2,"Accounting Feb variance was $2,840,583 vs plan",05/26/2026 03:35:02 PM
r03-0001920,kharris@harwellinsurancegroup.com,[Cash Forecaster] Summarize the Jun variance for entity CA-04,completed,42.1,"Treasury Jun variance was $103,337 vs plan",05/26/2026 01:32:32 PM
r03-0001921,flopez@harwellinsurancegroup.com,[Close Checklist Bot] Check covenant compliance for the revolver,completed,73.8,"FP&A May variance was $1,907,132 vs plan",05/26/2026 11:13:08 AM
r03-0001922,pthompson@harwellinsurancegroup.com,[Covenant Checker] Explain the headcount variance vs plan,completed,65.2,"FP&A May variance was $2,969,495 vs plan",05/26/2026 02:13:53 PM
r03-0001923,ssanchez@harwellinsurancegroup.com,[Journal Entry Reviewer] Check covenant compliance for the revolver,completed,29.4,"FP&A Jan variance was $4,287,297 vs plan",05/26/2026 08:56:45 AM
r03-0001924,ssanchez@harwellinsurancegroup.com,[Close Checklist Bot] Build the board deck cash slide for May,completed,13.3,"Ops May variance was $1,067,407 vs plan",05/26/2026 10:46:55 AM
r03-0001925,mmiller@harwellinsurancegroup.com,[Variance Explainer] Why did Ops spend exceed budget in Feb?,completed,57.1,"Ops Feb variance was $4,029,570 vs plan",05/26/2026 06:52:33 PM
r03-0001926,ssanchez@harwellinsurancegroup.com,[Flux Commentary] Which cost centers are over budget YTD?,completed,14.0,"FP&A Apr variance was $4,742,913 vs plan",05/26/2026 09:58:55 AM
r03-0001927,lmartin@harwellinsurancegroup.com,[Headcount Planner] Build the board deck cash slide for May,completed,55.0,"FP&A May variance was $4,516,976 vs plan",05/26/2026 10:17:24 AM
r03-0001928,kharris@harwellinsurancegroup.com,[Headcount Planner] Summarize the Feb variance for entity EU-02,completed,5.5,"Treasury Feb variance was $3,965,766 vs plan",05/26/2026 03:02:02 PM
r03-0001929,ssanchez@harwellinsurancegroup.com,[Cash Forecaster] Why did Accounting spend exceed budget in Feb?,completed,71.3,"Accounting Feb variance was $1,077,526 vs plan",05/27/2026 02:26:46 PM
r03-0001930,ssanchez@harwellinsurancegroup.com,[Variance Explainer] Build the board deck cash slide for Feb,completed,39.6,"Treasury Feb variance was $4,671,850 vs plan",05/27/2026 04:10:41 PM
r03-0001931,ssanchez@harwellinsurancegroup.com,[Budget vs Actual] Explain the headcount variance vs plan,completed,73.9,"Treasury Feb variance was $127,991 vs plan",05/27/2026 06:30:09 PM
r03-0001932,ssanchez@harwellinsurancegroup.com,[Variance Explainer] Forecast Jan operating cash flow,completed,12.7,"Treasury Jan variance was $1,390,391 vs plan",05/27/2026 11:00:12 AM
r03-0001933,ssanchez@harwellinsurancegroup.com,[Budget vs Actual] Summarize the Jun variance for entity MX-01,completed,74.4,"Ops Jun variance was $2,653,977 vs plan",05/27/2026 12:35:43 PM
r03-0001934,kharris@harwellinsurancegroup.com,[Cash Forecaster] Explain the headcount variance vs plan,completed,17.9,"Accounting Feb variance was $1,544,087 vs plan",05/27/2026 03:07:42 PM
r03-0001935,jwalker@harwellinsurancegroup.com,[Variance Explainer] Summarize the Apr variance for entity US-04,completed,1.8,ERROR: upstream request timed out,05/27/2026 08:43:17 AM
r03-0001936,ssanchez@harwellinsurancegroup.com,[Journal Entry Reviewer] Reconcile AP aging over 90 days for US-02,completed,28.3,"FP&A Mar variance was $1,579,130 vs plan",05/27/2026 01:51:16 PM
r03-0001937,lmartin@harwellinsurancegroup.com,[Journal Entry Reviewer] What drove the change in gross margin this quarter?,completed,47.6,"Ops Feb variance was $1,642,269 vs plan",05/27/2026 02:01:30 PM
r03-0001938,alewis@harwellinsurancegroup.com,[Covenant Checker] Forecast Apr operating cash flow,completed,8.2,"Ops Apr variance was $1,680,394 vs plan",05/27/2026 12:50:34 PM
r03-0001939,agarcia@harwellinsurancegroup.com,[Cash Forecaster] Build the board deck cash slide for Jun,completed,55.0,"Treasury Jun variance was $3,523,769 vs plan",05/27/2026 09:49:24 AM
r03-0001940,thaddad@harwellinsurancegroup.com,[Close Checklist Bot] Draft flux commentary for the Feb close,completed,5.2,"Treasury Feb variance was $231,494 vs plan",05/27/2026 12:48:21 PM
r03-0001941,pgonzalez@harwellinsurancegroup.com,[Board Deck Builder] What drove the change in gross margin this quarter?,completed,40.5,"FP&A Mar variance was $3,643,341 vs plan",05/27/2026 02:56:48 PM
r03-0001942,bwilliams@harwellinsurancegroup.com,[AP Aging Analyst] Which cost centers are over budget YTD?,completed,28.0,"Ops May variance was $1,005,739 vs plan",05/27/2026 02:04:09 PM
r03-0001943,ssanchez@harwellinsurancegroup.com,[Revenue Recognizer] Build the board deck cash slide for May,completed,14.8,"Accounting May variance was $4,756,996 vs plan",05/27/2026 09:36:43 AM
r03-0001944,ssanchez@harwellinsurancegroup.com,[AP Aging Analyst] Forecast Jan operating cash flow,completed,52.3,"FP&A Jan variance was $2,794,799 vs plan",05/27/2026 12:45:25 PM
r03-0001945,ssanchez@harwellinsurancegroup.com,[Covenant Checker] What drove the change in gross margin this quarter?,completed,63.6,"Ops Apr variance was $897,275 vs plan",05/27/2026 04:39:05 PM
r03-0001946,ssanchez@harwellinsurancegroup.com,[Budget vs Actual] Explain the headcount variance vs plan,completed,13.6,"Accounting May variance was $888,085 vs plan",05/27/2026 01:34:48 PM
r03-0001947,ssanchez@harwellinsurancegroup.com,[Covenant Checker] Which cost centers are over budget YTD?,completed,59.6,"Ops Apr variance was $1,272,465 vs plan",05/27/2026 06:43:27 PM
r03-0001948,ssanchez@harwellinsurancegroup.com,[Flux Commentary] What drove the change in gross margin this quarter?,completed,12.2,"Ops May variance was $2,329,122 vs plan",05/27/2026 01:45:20 PM
r03-0001949,kjohnson@harwellinsurancegroup.com,[Flux Commentary] Summarize the Jun variance for entity MX-01,completed,70.0,"Treasury Jun variance was $3,063,951 vs plan",05/27/2026 08:35:45 AM
r03-0001950,kjohnson@harwellinsurancegroup.com,[Vendor Spend Analyzer] Build the board deck cash slide for Feb,completed,57.5,"Treasury Feb variance was $1,020,113 vs plan",05/27/2026 11:42:33 AM
r03-0001951,kharris@harwellinsurancegroup.com,[Revenue Recognizer] Why did Treasury spend exceed budget in Feb?,completed,1.9,Traceback (most recent call last): KeyError 'entity',05/27/2026 05:44:02 PM
r03-0001952,ssanchez@harwellinsurancegroup.com,[Journal Entry Reviewer] Explain the headcount variance vs plan,completed,5.0,"Accounting Feb variance was $4,668,871 vs plan",05/27/2026 01:39:18 PM
r03-0001953,ssanchez@harwellinsurancegroup.com,[Board Deck Builder] Why did FP&A spend exceed budget in Jan?,error,7.7,Traceback (most recent call last): KeyError 'entity',05/27/2026 05:04:52 PM
r03-0001954,ssanchez@harwellinsurancegroup.com,[Headcount Planner] Draft flux commentary for the May close,completed,46.1,"Accounting May variance was $1,783,743 vs plan",05/27/2026 02:38:22 PM
r03-0001955,ssanchez@harwellinsurancegroup.com,[Board Deck Builder] Build the board deck cash slide for May,completed,8.4,"Ops May variance was $1,175,948 vs plan",05/27/2026 03:37:35 PM
r03-0001956,ssanchez@harwellinsurancegroup.com,[Variance Explainer] Build the board deck cash slide for Jun,completed,49.6,"Accounting Jun variance was $3,565,174 vs plan",05/27/2026 09:04:26 AM
r03-0001957,pgonzalez@harwellinsurancegroup.com,[Covenant Checker] Which cost centers are over budget YTD?,completed,5.4,"Ops Feb variance was $1,579,117 vs plan",05/27/2026 12:31:18 PM
r03-0001958,ssanchez@harwellinsurancegroup.com,[Budget vs Actual] Reconcile AP aging over 90 days for MX-02,completed,74.0,"Ops Apr variance was $2,730,831 vs plan",05/27/2026 01:36:55 PM
r03-0001959,ssanchez@harwellinsurancegroup.com,[Headcount Planner] Which cost centers are over budget YTD?,completed,5.9,"Treasury Apr variance was $1,949,441 vs plan",05/28/2026 01:01:22 PM
r03-0001960,ssanchez@harwellinsurancegroup.com,[Flux Commentary] Explain the headcount variance vs plan,completed,31.0,"Accounting May variance was $2,907,389 vs plan",05/28/2026 11:13:42 AM
r03-0001961,ssanchez@harwellinsurancegroup.com,[AP Aging Analyst] Explain the headcount variance vs plan,completed,54.4,"FP&A Jun variance was $1,227,776 vs plan",05/28/2026 09:14:17 AM
r03-0001962,dlee@harwellinsurancegroup.com,[Close Checklist Bot] Forecast Jun operating cash flow,completed,50.7,"FP&A Jun variance was $102,069 vs plan",05/28/2026 11:57:06 AM
r03-0001963,thaddad@harwellinsurancegroup.com,[Revenue Recognizer] Build the board deck cash slide for May,completed,53.6,"Ops May variance was $3,877,417 vs plan",05/28/2026 03:03:49 PM
r03-0001964,mramirez@harwellinsurancegroup.com,[Flux Commentary] Summarize the Apr variance for entity CA-05,completed,7.7,"Treasury Apr variance was $1,851,606 vs plan",05/28/2026 12:41:37 PM
r03-0001965,thaddad@harwellinsurancegroup.com,[Budget vs Actual] Why did Accounting spend exceed budget in Feb?,completed,46.1,"Accounting Feb variance was $1,995,307 vs plan",05/28/2026 12:47:08 PM
r03-0001966,ssanchez@harwellinsurancegroup.com,[Close Checklist Bot] Check covenant compliance for the revolver,completed,1.6,ERROR: upstream request timed out,05/28/2026 01:19:33 PM
r03-0001967,ssanchez@harwellinsurancegroup.com,[Vendor Spend Analyzer] Check covenant compliance for the revolver,error,1.5,Traceback (most recent call last): KeyError 'entity',05/28/2026 04:49:31 PM
r03-0001968,pthompson@harwellinsurancegroup.com,[AP Aging Analyst] Explain the headcount variance vs plan,completed,73.9,"FP&A Jan variance was $4,110,461 vs plan",05/28/2026 06:38:55 AM
r03-0001969,ssanchez@harwellinsurancegroup.com,[Cash Forecaster] What drove the change in gross margin this quarter?,completed,5.2,"Treasury Apr variance was $4,487,295 vs plan",05/28/2026 11:31:57 AM
r03-0001970,kjohnson@harwellinsurancegroup.com,[AP Aging Analyst] Build the board deck cash slide for Mar,completed,18.2,"Ops Mar variance was $138,902 vs plan",05/28/2026 10:35:19 AM
r03-0001971,mrobinson@harwellinsurancegroup.com,[Variance Explainer] Summarize the Jan variance for entity MX-06,completed,25.6,"Ops Jan variance was $2,671,190 vs plan",05/28/2026 10:15:59 AM
r03-0001972,ssanchez@harwellinsurancegroup.com,[Board Deck Builder] Why did FP&A spend exceed budget in Feb?,completed,60.6,"FP&A Feb variance was $3,164,576 vs plan",05/28/2026 02:02:34 PM
r03-0001973,ssanchez@harwellinsurancegroup.com,[Cash Forecaster] Explain the headcount variance vs plan,completed,8.5,"Accounting Apr variance was $3,257,177 vs plan",05/28/2026 12:01:03 PM
r03-0001974,kharris@harwellinsurancegroup.com,[Covenant Checker] Build the board deck cash slide for Feb,completed,10.6,"FP&A Feb variance was $1,049,685 vs plan",05/28/2026 05:04:29 PM
r03-0001975,ssanchez@harwellinsurancegroup.com,[Cash Forecaster] Why did Ops spend exceed budget in Jun?,completed,0.9,FAILED: null reference in aggregation step,05/28/2026 11:03:19 AM
r03-0001976,lwhite@harwellinsurancegroup.com,[Board Deck Builder] Reconcile AP aging over 90 days for CA-07,completed,64.0,"FP&A Feb variance was $3,003,031 vs plan",05/28/2026 11:02:57 AM
r03-0001977,ssanchez@harwellinsurancegroup.com,[Cash Forecaster] Check covenant compliance for the revolver,completed,28.8,"Ops Mar variance was $3,581,552 vs plan",05/28/2026 08:11:18 AM
r03-0001978,kharris@harwellinsurancegroup.com,[Variance Explainer] Check covenant compliance for the revolver,completed,22.4,"Treasury Jan variance was $62,827 vs plan",05/28/2026 11:06:33 AM
r03-0001979,kharris@harwellinsurancegroup.com,[Headcount Planner] Build the board deck cash slide for Mar,completed,32.1,"Ops Mar variance was $4,174,416 vs plan",05/28/2026 12:00:31 PM
r03-0001980,ssanchez@harwellinsurancegroup.com,[Vendor Spend Analyzer] Build the board deck cash slide for Mar,completed,34.7,"Treasury Mar variance was $14,443 vs plan",05/28/2026 10:12:33 AM
r03-0001981,pgonzalez@harwellinsurancegroup.com,[Close Checklist Bot] Reconcile AP aging over 90 days for CA-09,completed,65.3,"Accounting May variance was $1,739,792 vs plan",05/28/2026 01:46:41 PM
r03-0001982,mrobinson@harwellinsurancegroup.com,[Variance Explainer] What drove the change in gross margin this quarter?,completed,48.5,"Ops Feb variance was $3,933,645 vs plan",05/28/2026 10:41:32 AM
r03-0001983,kharris@harwellinsurancegroup.com,[Revenue Recognizer] What drove the change in gross margin this quarter?,completed,27.2,"FP&A May variance was $176,436 vs plan",05/28/2026 03:53:08 PM
r03-0001984,kharris@harwellinsurancegroup.com,[Headcount Planner] Check covenant compliance for the revolver,completed,16.5,"Treasury Jan variance was $2,429,531 vs plan",05/28/2026 08:52:57 AM
r03-0001985,ssanchez@harwellinsurancegroup.com,[Covenant Checker] Forecast Apr operating cash flow,completed,31.1,"Accounting Apr variance was $1,371,029 vs plan",05/28/2026 09:16:51 AM
r03-0001986,ssanchez@harwellinsurancegroup.com,[Flux Commentary] Reconcile AP aging over 90 days for MX-04,completed,70.7,"Treasury Apr variance was $3,012,285 vs plan",05/28/2026 03:18:08 PM
r03-0001987,kharris@harwellinsurancegroup.com,[Board Deck Builder] What drove the change in gross margin this quarter?,completed,40.1,"Accounting May variance was $71,289 vs plan",05/28/2026 01:03:21 PM
r03-0001988,ssanchez@harwellinsurancegroup.com,[AP Aging Analyst] Draft flux commentary for the Mar close,completed,44.1,"Ops Mar variance was $49,021 vs plan",05/28/2026 07:00:32 PM
r03-0001989,ssanchez@harwellinsurancegroup.com,[Flux Commentary] Build the board deck cash slide for Feb,completed,22.2,"Accounting Feb variance was $2,064,504 vs plan",05/28/2026 05:37:04 PM
r03-0001990,lmartin@harwellinsurancegroup.com,[Variance Explainer] Forecast Jun operating cash flow,completed,1.2,error code 502 from model gateway,05/28/2026 10:04:47 AM
r03-0001991,agarcia@harwellinsurancegroup.com,[Journal Entry Reviewer] Reconcile AP aging over 90 days for US-08,completed,59.2,"Accounting Apr variance was $2,389,710 vs plan",05/29/2026 10:53:43 AM
r03-0001992,thaddad@harwellinsurancegroup.com,[Variance Explainer] Draft flux commentary for the Jan close,completed,48.9,"Ops Jan variance was $3,711,103 vs plan",05/29/2026 01:12:43 PM
r03-0001993,ssanchez@harwellinsurancegroup.com,[Covenant Checker] Why did FP&A spend exceed budget in Apr?,completed,42.0,"FP&A Apr variance was $1,421,489 vs plan",05/29/2026 12:23:02 PM
r03-0001994,rmartinez@harwellinsurancegroup.com,[Close Checklist Bot] Build the board deck cash slide for Jan,completed,12.2,"Treasury Jan variance was $932,658 vs plan",05/29/2026 01:20:37 PM
r03-0001995,kharris@harwellinsurancegroup.com,[Close Checklist Bot] What drove the change in gross margin this quarter?,completed,17.5,"Ops Apr variance was $3,038,245 vs plan",05/29/2026 06:19:55 PM
r03-0001996,ssanchez@harwellinsurancegroup.com,[Revenue Recognizer] Explain the headcount variance vs plan,completed,20.7,"Accounting Apr variance was $4,331,982 vs plan",05/29/2026 01:12:22 PM
r03-0001997,ssanchez@harwellinsurancegroup.com,[Headcount Planner] Check covenant compliance for the revolver,completed,33.4,"Treasury Feb variance was $1,673,832 vs plan",05/29/2026 12:24:50 PM
r03-0001998,ssanchez@harwellinsurancegroup.com,[Revenue Recognizer] Which cost centers are over budget YTD?,error,5.7,error: connection reset by peer,05/29/2026 01:29:53 PM
r03-0001999,ssanchez@harwellinsurancegroup.com,[AP Aging Analyst] Draft flux commentary for the Jun close,completed,65.8,"Ops Jun variance was $2,825,522 vs plan",05/29/2026 02:57:17 PM
r03-0002000,kjohnson@harwellinsurancegroup.com,[Headcount Planner] What drove the change in gross margin this quarter?,completed,53.9,"FP&A Feb variance was $4,208,392 vs plan",05/29/2026 05:25:43 PM
r03-0002001,jwalker@harwellinsurancegroup.com,[Covenant Checker] Build the board deck cash slide for Apr,completed,73.6,"Ops Apr variance was $3,477,860 vs plan",05/29/2026 12:13:10 PM
r03-0002002,ssanchez@harwellinsurancegroup.com,[Journal Entry Reviewer] Summarize the Apr variance for entity MX-06,completed,5.9,"Treasury Apr variance was $2,973,384 vs plan",05/29/2026 11:48:11 AM
r03-0002003,ymartinez@harwellinsurancegroup.com,[Vendor Spend Analyzer] Reconcile AP aging over 90 days for EU-09,completed,40.3,"Ops Jan variance was $2,223,878 vs plan",05/29/2026 11:27:50 AM
r03-0002004,kjohnson@harwellinsurancegroup.com,[Board Deck Builder] Forecast Jan operating cash flow,completed,39.9,"Treasury Jan variance was $4,690,042 vs plan",05/29/2026 05:18:34 PM
r03-0002005,jjones@harwellinsurancegroup.com,[Revenue Recognizer] Check covenant compliance for the revolver,completed,19.2,"Treasury Jun variance was $727,306 vs plan",05/29/2026 07:54:11 PM
r03-0002006,ssanchez@harwellinsurancegroup.com,[Journal Entry Reviewer] Check covenant compliance for the revolver,completed,23.0,"Treasury May variance was $1,422,455 vs plan",05/29/2026 03:45:42 PM
r03-0002007,kjohnson@harwellinsurancegroup.com,[Budget vs Actual] Reconcile AP aging over 90 days for MX-02,completed,39.2,"FP&A Apr variance was $1,107,989 vs plan",05/29/2026 12:12:20 PM
r03-0002008,agarcia@harwellinsurancegroup.com,[Close Checklist Bot] Reconcile AP aging over 90 days for CA-08,completed,68.2,"FP&A Mar variance was $1,907,612 vs plan",05/29/2026 01:36:42 PM
r03-0002009,lwhite@harwellinsurancegroup.com,[Journal Entry Reviewer] Which cost centers are over budget YTD?,completed,13.7,"Ops Jan variance was $3,587,291 vs plan",05/29/2026 08:45:36 AM
r03-0002010,jjones@harwellinsurancegroup.com,[Close Checklist Bot] Draft flux commentary for the Mar close,completed,1.5,error: connection reset by peer,05/29/2026 06:40:02 AM
r03-0002011,kharris@harwellinsurancegroup.com,[AP Aging Analyst] Draft flux commentary for the May close,completed,46.4,"Treasury May variance was $4,434,859 vs plan",05/29/2026 12:07:01 PM
r03-0002012,ssanchez@harwellinsurancegroup.com,[Revenue Recognizer] Summarize the May variance for entity US-03,completed,67.9,"Ops May variance was $2,898,172 vs plan",05/29/2026 12:18:44 PM
r03-0002013,alewis@harwellinsurancegroup.com,[Close Checklist Bot] Which cost centers are over budget YTD?,completed,18.4,"Treasury Jan variance was $3,438,755 vs plan",05/29/2026 09:51:39 AM
r03-0002014,lwhite@harwellinsurancegroup.com,[Cash Forecaster] Check covenant compliance for the revolver,completed,58.4,"Treasury Mar variance was $3,813,897 vs plan",05/29/2026 08:56:20 PM
r03-0002015,thaddad@harwellinsurancegroup.com,[Cash Forecaster] Draft flux commentary for the May close,completed,60.6,"Treasury May variance was $4,336,856 vs plan",05/29/2026 08:08:07 AM
r03-0002016,ssanchez@harwellinsurancegroup.com,[Headcount Planner] What drove the change in gross margin this quarter?,completed,37.6,"Accounting Mar variance was $2,542,720 vs plan",05/29/2026 01:40:39 PM
r03-0002017,ssanchez@harwellinsurancegroup.com,[Cash Forecaster] Build the board deck cash slide for Mar,completed,21.0,"Treasury Mar variance was $4,002,961 vs plan",05/29/2026 12:43:22 PM
r03-0002018,ssanchez@harwellinsurancegroup.com,[Revenue Recognizer] Explain the headcount variance vs plan,completed,29.5,"Ops Jan variance was $2,936,591 vs plan",05/29/2026 02:13:22 PM
r03-0002019,ssanchez@harwellinsurancegroup.com,[Vendor Spend Analyzer] Explain the headcount variance vs plan,completed,47.6,"Accounting Feb variance was $740,884 vs plan",05/29/2026 12:09:30 PM
r03-0002020,ssanchez@harwellinsurancegroup.com,[Covenant Checker] Build the board deck cash slide for Mar,completed,11.5,"Treasury Mar variance was $1,189,751 vs plan",05/29/2026 11:43:12 AM
r03-0002021,lmartin@harwellinsurancegroup.com,[Journal Entry Reviewer] What drove the change in gross margin this quarter?,completed,68.0,"Ops Mar variance was $4,345,135 vs plan",05/30/2026 11:32:35 AM
r03-0002022,ssanchez@harwellinsurancegroup.com,[AP Aging Analyst] Why did Ops spend exceed budget in Jun?,completed,27.1,"Ops Jun variance was $3,800,342 vs plan",05/30/2026 02:18:54 PM
r03-0002023,lwhite@harwellinsurancegroup.com,[Journal Entry Reviewer] Forecast Feb operating cash flow,completed,40.5,"Ops Feb variance was $413,208 vs plan",05/30/2026 11:07:07 AM
r03-0002024,ssanchez@harwellinsurancegroup.com,[Close Checklist Bot] Which cost centers are over budget YTD?,completed,10.9,"Treasury Apr variance was $1,411,980 vs plan",05/30/2026 01:12:21 PM
r03-0002025,phaddad@harwellinsurancegroup.com,[Revenue Recognizer] What drove the change in gross margin this quarter?,completed,27.4,"Ops Jan variance was $2,223,750 vs plan",05/30/2026 02:44:49 PM
r03-0002026,ssanchez@harwellinsurancegroup.com,[Cash Forecaster] Check covenant compliance for the revolver,completed,1.6,ERROR: upstream request timed out,05/30/2026 12:41:37 PM
r03-0002027,ssanchez@harwellinsurancegroup.com,[Board Deck Builder] Build the board deck cash slide for Jan,completed,46.2,"FP&A Jan variance was $3,688,016 vs plan",05/30/2026 11:55:27 AM
r03-0002028,ssanchez@harwellinsurancegroup.com,[Headcount Planner] What drove the change in gross margin this quarter?,error,2.1,ERROR: upstream request timed out,05/30/2026 07:26:39 AM
r03-0002029,ssanchez@harwellinsurancegroup.com,[Journal Entry Reviewer] Forecast Jun operating cash flow,completed,9.9,"FP&A Jun variance was $1,618,208 vs plan",05/31/2026 12:28:57 PM
r03-0002030,dthompson@harwellinsurancegroup.com,[Vendor Spend Analyzer] Build the board deck cash slide for Apr,error,5.1,error: connection reset by peer,05/31/2026 10:08:59 AM
r03-0002031,lmartin@harwellinsurancegroup.com,[Covenant Checker] Why did Ops spend exceed budget in May?,completed,27.2,"Ops May variance was $1,277,994 vs plan",05/31/2026 05:11:57 PM
r03-0002032,ssanchez@harwellinsurancegroup.com,[Journal Entry Reviewer] Forecast Apr operating cash flow,completed,68.6,"Accounting Apr variance was $1,056,820 vs plan",05/31/2026 05:14:28 PM
r03-0002033,kharris@harwellinsurancegroup.com,[Flux Commentary] Build the board deck cash slide for Feb,completed,12.6,"Ops Feb variance was $1,053,528 vs plan",05/31/2026 02:59:51 PM
r03-0002034,ssanchez@harwellinsurancegroup.com,[Vendor Spend Analyzer] What drove the change in gross margin this quarter?,completed,70.7,"Accounting Apr variance was $4,035,279 vs plan",05/31/2026 01:19:18 PM
r03-0002035,jthompson@harwellinsurancegroup.com,[Budget vs Actual] Explain the headcount variance vs plan,completed,53.4,"FP&A Feb variance was $2,231,675 vs plan",05/31/2026 06:33:47 PM
r03-0002036,ssanchez@harwellinsurancegroup.com,[Variance Explainer] Explain the headcount variance vs plan,completed,55.9,"FP&A Jun variance was $3,291,961 vs plan",05/31/2026 07:39:50 AM
r03-0002037,ssanchez@harwellinsurancegroup.com,[Headcount Planner] Which cost centers are over budget YTD?,completed,17.2,"FP&A May variance was $1,112,625 vs plan",05/31/2026 04:14:12 PM
r03-0002038,kharris@harwellinsurancegroup.com,[Budget vs Actual] Why did Accounting spend exceed budget in Jan?,completed,16.0,"Accounting Jan variance was $3,718,276 vs plan",06/01/2026 03:13:29 PM
r03-0002039,kjohnson@harwellinsurancegroup.com,[Variance Explainer] Check covenant compliance for the revolver,completed,1.5,ERROR: upstream request timed out,06/01/2026 01:34:17 PM
r03-0002040,dthompson@harwellinsurancegroup.com,[AP Aging Analyst] What drove the change in gross margin this quarter?,completed,43.4,"Treasury Feb variance was $3,589,869 vs plan",06/01/2026 10:23:38 AM
r03-0002041,kjohnson@harwellinsurancegroup.com,[Budget vs Actual] Summarize the Jun variance for entity US-04,error,7.4,error code 502 from model gateway,06/01/2026 08:58:06 AM
r03-0002042,rthompson@harwellinsurancegroup.com,[Variance Explainer] Forecast Jun operating cash flow,completed,21.8,"Accounting Jun variance was $894,707 vs plan",06/01/2026 03:35:06 PM
r03-0002043,ssanchez@harwellinsurancegroup.com,[Variance Explainer] Check covenant compliance for the revolver,completed,73.9,"Ops Apr variance was $465,074 vs plan",06/01/2026 02:15:18 PM
r03-0002044,kjohnson@harwellinsurancegroup.com,[Vendor Spend Analyzer] Which cost centers are over budget YTD?,completed,41.3,"Treasury Apr variance was $3,903,512 vs plan",06/01/2026 12:28:08 PM
r03-0002045,ssanchez@harwellinsurancegroup.com,[Budget vs Actual] What drove the change in gross margin this quarter?,completed,21.0,"FP&A Mar variance was $1,354,991 vs plan",06/01/2026 02:59:30 PM
r03-0002046,jthompson@harwellinsurancegroup.com,[Flux Commentary] Check covenant compliance for the revolver,completed,1.8,error: connection reset by peer,06/01/2026 02:43:51 PM
r03-0002047,ssanchez@harwellinsurancegroup.com,[AP Aging Analyst] Reconcile AP aging over 90 days for EU-04,completed,56.3,"Ops May variance was $1,158,318 vs plan",06/01/2026 08:32:17 PM
r03-0002048,mmiller@harwellinsurancegroup.com,[Covenant Checker] Which cost centers are over budget YTD?,completed,37.7,"Accounting Mar variance was $2,183,876 vs plan",06/01/2026 12:58:47 PM
r03-0002049,ssanchez@harwellinsurancegroup.com,[Board Deck Builder] Which cost centers are over budget YTD?,completed,13.1,"Ops Jan variance was $2,113,331 vs plan",06/01/2026 01:27:09 PM
r03-0002050,ssanchez@harwellinsurancegroup.com,[Journal Entry Reviewer] Explain the headcount variance vs plan,completed,14.2,"Treasury Mar variance was $2,137,705 vs plan",06/01/2026 10:05:58 AM
r03-0002051,ssanchez@harwellinsurancegroup.com,[Budget vs Actual] What drove the change in gross margin this quarter?,completed,0.9,FAILED: null reference in aggregation step,06/01/2026 08:40:58 AM
r03-0002052,ssanchez@harwellinsurancegroup.com,[Flux Commentary] Which cost centers are over budget YTD?,completed,51.0,"Treasury Mar variance was $268,513 vs plan",06/01/2026 06:09:18 AM
r03-0002053,jjones@harwellinsurancegroup.com,[Journal Entry Reviewer] Summarize the Mar variance for entity CA-01,completed,4.1,"Treasury Mar variance was $1,515,519 vs plan",06/01/2026 06:30:28 PM
r03-0002054,ssanchez@harwellinsurancegroup.com,[Variance Explainer] Which cost centers are over budget YTD?,completed,49.8,"Accounting May variance was $1,907,875 vs plan",06/01/2026 08:03:28 AM
r03-0002055,kharris@harwellinsurancegroup.com,[Budget vs Actual] What drove the change in gross margin this quarter?,completed,10.7,"Treasury May variance was $2,226,707 vs plan",06/01/2026 10:01:59 AM
r03-0002056,lwhite@harwellinsurancegroup.com,[Cash Forecaster] Check covenant compliance for the revolver,completed,40.9,"Treasury May variance was $4,798,096 vs plan",06/01/2026 01:41:58 PM
r03-0002057,ssanchez@harwellinsurancegroup.com,[Close Checklist Bot] Why did Accounting spend exceed budget in Mar?,completed,50.1,"Accounting Mar variance was $986,289 vs plan",06/01/2026 10:26:14 AM
r03-0002058,rmartinez@harwellinsurancegroup.com,[Budget vs Actual] What drove the change in gross margin this quarter?,completed,26.9,"Accounting Mar variance was $2,818,301 vs plan",06/01/2026 12:41:57 PM
r03-0002059,ssanchez@harwellinsurancegroup.com,[Flux Commentary] Check covenant compliance for the revolver,completed,20.2,"FP&A May variance was $4,776,439 vs plan",06/01/2026 01:22:04 PM
r03-0002060,lwhite@harwellinsurancegroup.com,[Vendor Spend Analyzer] Draft flux commentary for the Jun close,completed,43.8,"FP&A Jun variance was $1,880,881 vs plan",06/01/2026 01:04:07 PM
r03-0002061,ssanchez@harwellinsurancegroup.com,[Cash Forecaster] What drove the change in gross margin this quarter?,completed,14.9,"Ops May variance was $2,779,429 vs plan",06/01/2026 08:57:17 AM
r03-0002062,ssanchez@harwellinsurancegroup.com,[Headcount Planner] Which cost centers are over budget YTD?,completed,5.0,"Accounting Apr variance was $4,712,320 vs plan",06/02/2026 06:48:19 AM
r03-0002063,mrobinson@harwellinsurancegroup.com,[Board Deck Builder] Reconcile AP aging over 90 days for US-04,completed,9.5,"Treasury May variance was $3,127,038 vs plan",06/02/2026 12:52:14 PM
r03-0002064,ssanchez@harwellinsurancegroup.com,[Journal Entry Reviewer] What drove the change in gross margin this quarter?,completed,24.9,"FP&A May variance was $2,809,631 vs plan",06/02/2026 06:54:53 AM
r03-0002065,agarcia@harwellinsurancegroup.com,[Vendor Spend Analyzer] Draft flux commentary for the Apr close,completed,13.8,"Accounting Apr variance was $2,210,056 vs plan",06/02/2026 03:57:35 PM
r03-0002066,ssanchez@harwellinsurancegroup.com,[Vendor Spend Analyzer] Summarize the Feb variance for entity EU-07,completed,0.4,error code 502 from model gateway,06/02/2026 11:00:26 AM
r03-0002067,ssanchez@harwellinsurancegroup.com,[Budget vs Actual] Summarize the Feb variance for entity MX-02,completed,23.9,"FP&A Feb variance was $2,081,367 vs plan",06/02/2026 08:04:10 AM
r03-0002068,ssanchez@harwellinsurancegroup.com,[Budget vs Actual] Explain the headcount variance vs plan,completed,23.3,"FP&A Jun variance was $2,385,513 vs plan",06/02/2026 09:57:25 AM
r03-0002069,lmartin@harwellinsurancegroup.com,[Close Checklist Bot] Draft flux commentary for the Jun close,completed,42.0,"Treasury Jun variance was $3,558,465 vs plan",06/02/2026 10:22:27 AM
r03-0002070,ssanchez@harwellinsurancegroup.com,[Variance Explainer] Which cost centers are over budget YTD?,completed,40.9,"Treasury Jan variance was $3,250,462 vs plan",06/02/2026 11:59:38 AM
r03-0002071,ssanchez@harwellinsurancegroup.com,[Close Checklist Bot] What drove the change in gross margin this quarter?,completed,42.7,"Treasury May variance was $4,404,986 vs plan",06/02/2026 12:37:48 PM
r03-0002072,ssanchez@harwellinsurancegroup.com,[AP Aging Analyst] Why did Accounting spend exceed budget in Feb?,completed,42.5,"Accounting Feb variance was $3,883,851 vs plan",06/02/2026 11:23:33 AM
r03-0002073,ssanchez@harwellinsurancegroup.com,[Headcount Planner] Explain the headcount variance vs plan,completed,30.1,"Treasury Apr variance was $3,756,968 vs plan",06/02/2026 07:31:35 PM
r03-0002074,kjohnson@harwellinsurancegroup.com,[Headcount Planner] Build the board deck cash slide for Jun,completed,31.5,"Treasury Jun variance was $4,147,719 vs plan",06/02/2026 10:00:18 PM
r03-0002075,ssanchez@harwellinsurancegroup.com,[Budget vs Actual] Which cost centers are over budget YTD?,completed,62.4,"Accounting Mar variance was $4,203,247 vs plan",06/02/2026 06:04:32 AM
r03-0002076,kharris@harwellinsurancegroup.com,[Board Deck Builder] Summarize the Mar variance for entity CA-02,completed,22.4,"FP&A Mar variance was $3,177,367 vs plan",06/02/2026 11:58:21 AM
r03-0002077,ssanchez@harwellinsurancegroup.com,[Covenant Checker] Draft flux commentary for the May close,completed,68.7,"Treasury May variance was $4,694,366 vs plan",06/02/2026 04:52:31 PM
r03-0002078,lmartin@harwellinsurancegroup.com,[AP Aging Analyst] Reconcile AP aging over 90 days for MX-03,completed,0.3,FAILED: null reference in aggregation step,06/02/2026 06:07:40 PM
r03-0002079,kjohnson@harwellinsurancegroup.com,[Board Deck Builder] Summarize the Apr variance for entity US-07,completed,0.5,FAILED: null reference in aggregation step,06/02/2026 12:57:13 PM
r03-0002080,ssanchez@harwellinsurancegroup.com,[Budget vs Actual] Explain the headcount variance vs plan,completed,11.7,"Accounting Feb variance was $781,622 vs plan",06/02/2026 01:58:02 PM
r03-0002081,lmartin@harwellinsurancegroup.com,[Journal Entry Reviewer] Which cost centers are over budget YTD?,completed,44.7,"Accounting Jun variance was $3,584,481 vs plan",06/02/2026 12:40:46 PM
r03-0002082,kharris@harwellinsurancegroup.com,[Headcount Planner] Check covenant compliance for the revolver,completed,28.4,"Accounting Jan variance was $3,735,427 vs plan",06/02/2026 04:52:20 PM
r03-0002083,mmiller@harwellinsurancegroup.com,[Cash Forecaster] What drove the change in gross margin this quarter?,completed,30.4,"FP&A May variance was $4,490,672 vs plan",06/02/2026 01:23:36 PM
r03-0002084,ssanchez@harwellinsurancegroup.com,[Headcount Planner] Why did Ops spend exceed budget in May?,completed,54.8,"Ops May variance was $467,734 vs plan",06/02/2026 08:10:13 PM
r03-0002085,ssanchez@harwellinsurancegroup.com,[Revenue Recognizer] Reconcile AP aging over 90 days for CA-03,completed,33.6,"FP&A Apr variance was $3,308,037 vs plan",06/02/2026 01:07:04 PM
r03-0002086,alewis@harwellinsurancegroup.com,[Revenue Recognizer] What drove the change in gross margin this quarter?,completed,66.1,"Ops Jan variance was $2,950,665 vs plan",06/02/2026 06:38:26 PM
r03-0002087,ssanchez@harwellinsurancegroup.com,[Cash Forecaster] Check covenant compliance for the revolver,completed,13.9,"Ops Feb variance was $3,037,149 vs plan",06/02/2026 02:29:04 PM
r03-0002088,ssanchez@harwellinsurancegroup.com,[AP Aging Analyst] Which cost centers are over budget YTD?,completed,72.8,"Treasury Jun variance was $1,187,861 vs plan",06/02/2026 10:07:03 AM
r03-0002089,ssanchez@harwellinsurancegroup.com,[Flux Commentary] Why did Accounting spend exceed budget in Feb?,completed,68.8,"Accounting Feb variance was $1,750,781 vs plan",06/02/2026 04:27:20 PM
r03-0002090,kharris@harwellinsurancegroup.com,[Board Deck Builder] Which cost centers are over budget YTD?,completed,58.4,"Accounting Apr variance was $86,170 vs plan",06/02/2026 02:34:22 PM
r03-0002091,jrobinson@harwellinsurancegroup.com,[Covenant Checker] Draft flux commentary for the Jun close,completed,63.0,"Treasury Jun variance was $3,267,116 vs plan",06/02/2026 11:13:14 AM
r03-0002092,pthompson@harwellinsurancegroup.com,[Cash Forecaster] Build the board deck cash slide for Feb,completed,72.2,"Accounting Feb variance was $3,376,441 vs plan",06/03/2026 04:05:12 PM
r03-0002093,jthompson@harwellinsurancegroup.com,[Headcount Planner] Summarize the Apr variance for entity US-06,completed,65.1,"FP&A Apr variance was $447,403 vs plan",06/03/2026 02:04:38 PM
r03-0002094,ssanchez@harwellinsurancegroup.com,[Revenue Recognizer] What drove the change in gross margin this quarter?,completed,65.9,"Ops Mar variance was $1,041,511 vs plan",06/03/2026 05:26:07 PM
r03-0002095,ssanchez@harwellinsurancegroup.com,[Covenant Checker] Explain the headcount variance vs plan,error,7.2,error code 502 from model gateway,06/03/2026 10:26:00 AM
r03-0002096,ssanchez@harwellinsurancegroup.com,[Close Checklist Bot] Why did Accounting spend exceed budget in Jun?,completed,33.3,"Accounting Jun variance was $3,562,014 vs plan",06/03/2026 09:50:42 PM
r03-0002097,ssanchez@harwellinsurancegroup.com,[Close Checklist Bot] Summarize the May variance for entity CA-06,completed,1.9,FAILED: null reference in aggregation step,06/03/2026 11:15:07 AM
r03-0002098,ssanchez@harwellinsurancegroup.com,[Covenant Checker] What drove the change in gross margin this quarter?,completed,1.6,Traceback (most recent call last): KeyError 'entity',06/03/2026 12:22:38 PM
r03-0002099,ssanchez@harwellinsurancegroup.com,[Budget vs Actual] Why did FP&A spend exceed budget in Mar?,completed,54.6,"FP&A Mar variance was $1,388,911 vs plan",06/03/2026 01:43:24 PM
r03-0002100,thaddad@harwellinsurancegroup.com,[Cash Forecaster] Forecast Apr operating cash flow,error,7.3,error: connection reset by peer,06/03/2026 05:29:17 PM
r03-0002101,dlee@harwellinsurancegroup.com,[Budget vs Actual] Forecast May operating cash flow,completed,10.8,"FP&A May variance was $4,783,150 vs plan",06/03/2026 01:44:12 PM
r03-0002102,ssanchez@harwellinsurancegroup.com,[AP Aging Analyst] Explain the headcount variance vs plan,completed,14.6,"Accounting Apr variance was $180,684 vs plan",06/03/2026 10:01:42 AM
r03-0002103,kjohnson@harwellinsurancegroup.com,[Journal Entry Reviewer] Draft flux commentary for the May close,completed,50.9,"Treasury May variance was $311,562 vs plan",06/03/2026 06:36:51 PM
r03-0002104,jjones@harwellinsurancegroup.com,[Vendor Spend Analyzer] What drove the change in gross margin this quarter?,completed,12.1,"Accounting Mar variance was $4,459,504 vs plan",06/03/2026 12:47:00 PM
r03-0002105,kjohnson@harwellinsurancegroup.com,[Headcount Planner] Forecast Feb operating cash flow,completed,19.5,"FP&A Feb variance was $4,287,193 vs plan",06/03/2026 12:15:10 PM
r03-0002106,ssanchez@harwellinsurancegroup.com,[Headcount Planner] Which cost centers are over budget YTD?,completed,43.5,"Ops Jan variance was $1,165,974 vs plan",06/03/2026 07:19:25 PM
r03-0002107,kharris@harwellinsurancegroup.com,[Board Deck Builder] Explain the headcount variance vs plan,completed,31.1,"Ops Apr variance was $4,733,513 vs plan",06/03/2026 05:54:47 PM
r03-0002108,ssanchez@harwellinsurancegroup.com,[Budget vs Actual] Check covenant compliance for the revolver,completed,51.3,"Ops Jan variance was $4,514,359 vs plan",06/03/2026 03:37:13 PM
r03-0002109,jwalker@harwellinsurancegroup.com,[Revenue Recognizer] Draft flux commentary for the Jun close,completed,9.8,"Ops Jun variance was $1,179,124 vs plan",06/03/2026 12:19:51 PM
r03-0002110,ssanchez@harwellinsurancegroup.com,[Revenue Recognizer] Explain the headcount variance vs plan,completed,57.0,"Treasury Apr variance was $1,863,305 vs plan",06/03/2026 08:10:50 PM
r03-0002111,ssanchez@harwellinsurancegroup.com,[Cash Forecaster] Forecast Jun operating cash flow,completed,65.6,"Treasury Jun variance was $4,637,628 vs plan",06/03/2026 12:57:41 PM
r03-0002112,mmiller@harwellinsurancegroup.com,[Budget vs Actual] Why did Treasury spend exceed budget in Feb?,completed,56.1,"Treasury Feb variance was $2,213,530 vs plan",06/03/2026 03:44:51 PM
r03-0002113,ssanchez@harwellinsurancegroup.com,[Board Deck Builder] What drove the change in gross margin this quarter?,completed,24.7,"Ops Jun variance was $1,570,966 vs plan",06/03/2026 04:17:57 PM
r03-0002114,mrobinson@harwellinsurancegroup.com,[Budget vs Actual] Build the board deck cash slide for Feb,completed,69.9,"Accounting Feb variance was $2,334,523 vs plan",06/03/2026 02:57:29 PM
r03-0002115,rmartinez@harwellinsurancegroup.com,[Vendor Spend Analyzer] Check covenant compliance for the revolver,error,4.0,FAILED: null reference in aggregation step,06/03/2026 12:07:46 PM
r03-0002116,phaddad@harwellinsurancegroup.com,[Close Checklist Bot] Build the board deck cash slide for Feb,completed,18.1,"Accounting Feb variance was $1,611,058 vs plan",06/03/2026 11:20:19 AM
r03-0002117,ssanchez@harwellinsurancegroup.com,[Close Checklist Bot] Explain the headcount variance vs plan,completed,21.6,"Accounting Apr variance was $4,065,493 vs plan",06/03/2026 03:25:41 PM
r03-0002118,mrobinson@harwellinsurancegroup.com,[Variance Explainer] Explain the headcount variance vs plan,completed,50.5,"FP&A Jun variance was $988,655 vs plan",06/03/2026 02:03:15 PM
r03-0002119,kjohnson@harwellinsurancegroup.com,[Vendor Spend Analyzer] Summarize the Mar variance for entity MX-07,completed,0.4,Traceback (most recent call last): KeyError 'entity',06/03/2026 02:14:30 PM
r03-0002120,kjohnson@harwellinsurancegroup.com,[Headcount Planner] Which cost centers are over budget YTD?,completed,60.3,"Accounting May variance was $2,867,187 vs plan",06/03/2026 03:58:09 PM
r03-0002121,ssanchez@harwellinsurancegroup.com,[Budget vs Actual] Why did Accounting spend exceed budget in Feb?,error,5.7,Traceback (most recent call last): KeyError 'entity',06/03/2026 11:24:02 AM
r03-0002122,ymartinez@harwellinsurancegroup.com,[AP Aging Analyst] Which cost centers are over budget YTD?,completed,56.2,"Treasury Apr variance was $4,475,801 vs plan",06/03/2026 11:04:23 AM
r03-0002123,kharris@harwellinsurancegroup.com,[Flux Commentary] What drove the change in gross margin this quarter?,completed,63.4,"Accounting Mar variance was $312,199 vs plan",06/03/2026 03:45:12 PM
r03-0002124,ssanchez@harwellinsurancegroup.com,[Variance Explainer] Summarize the Jun variance for entity CA-05,completed,60.7,"Treasury Jun variance was $3,371,386 vs plan",06/03/2026 12:01:30 PM
r03-0002125,kharris@harwellinsurancegroup.com,[Board Deck Builder] Reconcile AP aging over 90 days for CA-09,completed,65.0,"Accounting Jan variance was $2,689,328 vs plan",06/03/2026 01:51:13 PM
r03-0002126,jwalker@harwellinsurancegroup.com,[Covenant Checker] Which cost centers are over budget YTD?,completed,67.8,"Ops Feb variance was $2,845,081 vs plan",06/04/2026 01:23:02 PM
r03-0002127,lwhite@harwellinsurancegroup.com,[Journal Entry Reviewer] Forecast Feb operating cash flow,completed,38.7,"FP&A Feb variance was $894,344 vs plan",06/04/2026 11:20:41 AM
r03-0002128,mmiller@harwellinsurancegroup.com,[Revenue Recognizer] Check covenant compliance for the revolver,completed,3.7,"Treasury Feb variance was $366,335 vs plan",06/04/2026 10:46:27 AM
r03-0002129,ssanchez@harwellinsurancegroup.com,[Close Checklist Bot] Check covenant compliance for the revolver,completed,74.2,"Ops Apr variance was $3,156,902 vs plan",06/04/2026 10:39:45 AM
r03-0002130,ssanchez@harwellinsurancegroup.com,[Vendor Spend Analyzer] Reconcile AP aging over 90 days for EU-05,completed,24.0,"FP&A May variance was $618,892 vs plan",06/04/2026 04:32:08 PM
r03-0002131,alewis@harwellinsurancegroup.com,[Close Checklist Bot] Summarize the Jan variance for entity CA-07,completed,47.5,"Ops Jan variance was $3,278,505 vs plan",06/04/2026 04:16:21 PM
r03-0002132,ssanchez@harwellinsurancegroup.com,[Variance Explainer] Why did Treasury spend exceed budget in Jan?,completed,18.7,"Treasury Jan variance was $3,150,285 vs plan",06/04/2026 12:51:49 PM
r03-0002133,jrobinson@harwellinsurancegroup.com,[Board Deck Builder] Which cost centers are over budget YTD?,completed,37.1,"Treasury May variance was $1,108,886 vs plan",06/04/2026 04:33:28 PM
r03-0002134,kharris@harwellinsurancegroup.com,[Cash Forecaster] Summarize the Jan variance for entity EU-05,completed,14.6,"FP&A Jan variance was $3,046,719 vs plan",06/04/2026 03:34:07 PM
r03-0002135,ssanchez@harwellinsurancegroup.com,[AP Aging Analyst] Reconcile AP aging over 90 days for CA-03,completed,61.6,"Treasury Mar variance was $664,522 vs plan",06/04/2026 05:53:15 PM
r03-0002136,dlee@harwellinsurancegroup.com,[Headcount Planner] What drove the change in gross margin this quarter?,completed,45.3,"Treasury Feb variance was $1,877,920 vs plan",06/04/2026 07:00:45 PM
r03-0002137,lmartin@harwellinsurancegroup.com,[Vendor Spend Analyzer] What drove the change in gross margin this quarter?,completed,29.2,"FP&A Mar variance was $3,004,753 vs plan",06/04/2026 10:18:37 AM
r03-0002138,ymartinez@harwellinsurancegroup.com,[Journal Entry Reviewer] Explain the headcount variance vs plan,error,6.9,Traceback (most recent call last): KeyError 'entity',06/04/2026 10:40:28 AM
r03-0002139,kharris@harwellinsurancegroup.com,[Board Deck Builder] Why did Ops spend exceed budget in May?,completed,24.2,"Ops May variance was $1,443,021 vs plan",06/04/2026 12:08:30 PM
r03-0002140,kjohnson@harwellinsurancegroup.com,[Board Deck Builder] Summarize the May variance for entity EU-05,completed,45.2,"Ops May variance was $3,759,092 vs plan",06/04/2026 02:11:09 PM
r03-0002141,jrobinson@harwellinsurancegroup.com,[Budget vs Actual] Explain the headcount variance vs plan,completed,1.5,ERROR: upstream request timed out,06/04/2026 12:27:22 PM
r03-0002142,ssanchez@harwellinsurancegroup.com,[Variance Explainer] Build the board deck cash slide for Jun,completed,59.1,"Accounting Jun variance was $352,184 vs plan",06/04/2026 12:14:19 PM
r03-0002143,ssanchez@harwellinsurancegroup.com,[Covenant Checker] Forecast Mar operating cash flow,completed,38.7,"FP&A Mar variance was $1,959,131 vs plan",06/04/2026 01:05:59 PM
r03-0002144,dthompson@harwellinsurancegroup.com,[Cash Forecaster] Why did Accounting spend exceed budget in Mar?,completed,0.4,Traceback (most recent call last): KeyError 'entity',06/04/2026 07:43:16 PM
r03-0002145,mmiller@harwellinsurancegroup.com,[Cash Forecaster] Forecast Jun operating cash flow,completed,0.4,error: connection reset by peer,06/04/2026 10:09:51 AM
r03-0002146,mrobinson@harwellinsurancegroup.com,[Close Checklist Bot] Forecast Jan operating cash flow,completed,36.1,"Ops Jan variance was $888,682 vs plan",06/04/2026 03:04:18 PM
r03-0002147,kharris@harwellinsurancegroup.com,[AP Aging Analyst] What drove the change in gross margin this quarter?,completed,28.1,"Accounting Feb variance was $3,957,563 vs plan",06/04/2026 04:53:59 PM
r03-0002148,kjohnson@harwellinsurancegroup.com,[Budget vs Actual] Build the board deck cash slide for May,completed,11.6,"FP&A May variance was $4,486,667 vs plan",06/04/2026 06:26:40 PM
r03-0002149,ssanchez@harwellinsurancegroup.com,[Close Checklist Bot] What drove the change in gross margin this quarter?,completed,28.0,"FP&A Feb variance was $3,977,264 vs plan",06/04/2026 01:21:57 PM
r03-0002150,lwhite@harwellinsurancegroup.com,[Covenant Checker] Reconcile AP aging over 90 days for EU-03,completed,67.0,"FP&A Jun variance was $4,214,662 vs plan",06/04/2026 01:46:08 PM
r03-0002151,ssanchez@harwellinsurancegroup.com,[Flux Commentary] Forecast May operating cash flow,completed,31.9,"Ops May variance was $2,087,502 vs plan",06/05/2026 11:15:08 AM
r03-0002152,ssanchez@harwellinsurancegroup.com,[Flux Commentary] Draft flux commentary for the Feb close,completed,68.4,"Treasury Feb variance was $3,125,464 vs plan",06/05/2026 01:51:01 PM
r03-0002153,ssanchez@harwellinsurancegroup.com,[Close Checklist Bot] Forecast Jan operating cash flow,completed,1.0,Traceback (most recent call last): KeyError 'entity',06/05/2026 05:31:42 PM
r03-0002154,rthompson@harwellinsurancegroup.com,[AP Aging Analyst] Check covenant compliance for the revolver,completed,46.7,"Accounting Feb variance was $4,359,544 vs plan",06/05/2026 12:16:35 PM
r03-0002155,ssanchez@harwellinsurancegroup.com,[Flux Commentary] Explain the headcount variance vs plan,completed,37.1,"Accounting Jun variance was $525,657 vs plan",06/05/2026 01:36:58 PM
r03-0002156,ssanchez@harwellinsurancegroup.com,[Revenue Recognizer] Which cost centers are over budget YTD?,completed,0.3,ERROR: upstream request timed out,06/05/2026 01:50:20 PM
r03-0002157,ssanchez@harwellinsurancegroup.com,[Covenant Checker] Build the board deck cash slide for Jun,completed,1.9,ERROR: upstream request timed out,06/05/2026 06:27:30 PM
r03-0002158,ssanchez@harwellinsurancegroup.com,[Headcount Planner] Explain the headcount variance vs plan,completed,32.2,"Accounting Apr variance was $1,306,500 vs plan",06/05/2026 06:37:00 AM
r03-0002159,ssanchez@harwellinsurancegroup.com,[Board Deck Builder] Forecast Jun operating cash flow,completed,74.2,"Ops Jun variance was $3,759,932 vs plan",06/05/2026 01:08:25 PM
r03-0002160,ssanchez@harwellinsurancegroup.com,[Close Checklist Bot] What drove the change in gross margin this quarter?,completed,70.3,"Ops Mar variance was $3,127,146 vs plan",06/05/2026 12:39:07 PM
r03-0002161,ssanchez@harwellinsurancegroup.com,[Headcount Planner] Draft flux commentary for the May close,completed,60.3,"Accounting May variance was $4,612,374 vs plan",06/05/2026 04:34:23 PM
r03-0002162,agarcia@harwellinsurancegroup.com,[Budget vs Actual] Summarize the Feb variance for entity EU-03,completed,47.6,"Ops Feb variance was $1,307,110 vs plan",06/05/2026 06:57:05 PM
r03-0002163,kjohnson@harwellinsurancegroup.com,[Vendor Spend Analyzer] Summarize the Apr variance for entity US-08,completed,1.7,FAILED: null reference in aggregation step,06/05/2026 12:24:50 PM
r03-0002164,kharris@harwellinsurancegroup.com,[Headcount Planner] Reconcile AP aging over 90 days for EU-06,completed,41.2,"Accounting Jun variance was $4,747,245 vs plan",06/05/2026 02:51:06 PM
r03-0002165,ssanchez@harwellinsurancegroup.com,[Journal Entry Reviewer] Forecast May operating cash flow,completed,46.1,"Ops May variance was $588,356 vs plan",06/05/2026 12:36:40 PM
r03-0002166,ssanchez@harwellinsurancegroup.com,[Cash Forecaster] Reconcile AP aging over 90 days for MX-01,completed,7.5,"Accounting Mar variance was $3,315,230 vs plan",06/05/2026 02:13:15 PM
r03-0002167,ssanchez@harwellinsurancegroup.com,[Board Deck Builder] Check covenant compliance for the revolver,completed,10.1,"Treasury Mar variance was $3,752,548 vs plan",06/05/2026 01:37:58 PM
r03-0002168,ssanchez@harwellinsurancegroup.com,[Journal Entry Reviewer] Reconcile AP aging over 90 days for MX-05,completed,51.3,"Treasury Feb variance was $263,950 vs plan",06/05/2026 12:10:47 PM
r03-0002169,kjohnson@harwellinsurancegroup.com,[Journal Entry Reviewer] Check covenant compliance for the revolver,completed,67.9,"Ops Jun variance was $3,402,312 vs plan",06/05/2026 10:07:34 AM
r03-0002170,pgonzalez@harwellinsurancegroup.com,[Variance Explainer] Summarize the Jun variance for entity EU-02,completed,21.3,"FP&A Jun variance was $4,025,907 vs plan",06/05/2026 01:59:23 PM
r03-0002171,lwhite@harwellinsurancegroup.com,[Board Deck Builder] Build the board deck cash slide for May,completed,11.5,"Ops May variance was $1,448,233 vs plan",06/05/2026 10:57:01 AM
r03-0002172,ssanchez@harwellinsurancegroup.com,[Vendor Spend Analyzer] What drove the change in gross margin this quarter?,completed,51.6,"FP&A Feb variance was $3,187,936 vs plan",06/05/2026 12:40:10 PM
r03-0002173,phaddad@harwellinsurancegroup.com,[Close Checklist Bot] Reconcile AP aging over 90 days for US-05,completed,33.0,"FP&A Jan variance was $2,809,504 vs plan",06/05/2026 11:04:35 AM
r03-0002174,ssanchez@harwellinsurancegroup.com,[Close Checklist Bot] Summarize the Jan variance for entity US-07,error,7.4,Traceback (most recent call last): KeyError 'entity',06/05/2026 08:38:23 AM
r03-0002175,kjohnson@harwellinsurancegroup.com,[Vendor Spend Analyzer] Explain the headcount variance vs plan,completed,35.3,"Treasury Mar variance was $3,350,709 vs plan",06/05/2026 01:49:30 PM
r03-0002176,mrobinson@harwellinsurancegroup.com,[Journal Entry Reviewer] Summarize the Jan variance for entity CA-08,completed,56.1,"Treasury Jan variance was $4,773,792 vs plan",06/05/2026 12:51:18 PM
r03-0002177,ssanchez@harwellinsurancegroup.com,[Variance Explainer] Explain the headcount variance vs plan,error,7.0,error code 502 from model gateway,06/05/2026 11:14:37 AM
r03-0002178,ssanchez@harwellinsurancegroup.com,[AP Aging Analyst] Check covenant compliance for the revolver,completed,27.7,"Ops Apr variance was $4,201,270 vs plan",06/05/2026 12:38:55 PM
r03-0002179,kjohnson@harwellinsurancegroup.com,[Revenue Recognizer] Forecast Mar operating cash flow,completed,54.5,"Ops Mar variance was $389,661 vs plan",06/05/2026 12:14:24 PM
r03-0002180,ssanchez@harwellinsurancegroup.com,[AP Aging Analyst] Forecast Jun operating cash flow,completed,20.1,"Accounting Jun variance was $1,590,894 vs plan",06/05/2026 10:28:22 AM
r03-0002181,mrobinson@harwellinsurancegroup.com,[Cash Forecaster] Forecast Apr operating cash flow,completed,59.1,"Treasury Apr variance was $3,231,150 vs plan",06/05/2026 09:37:20 AM
r03-0002182,kjohnson@harwellinsurancegroup.com,[Headcount Planner] Forecast Mar operating cash flow,completed,37.8,"Ops Mar variance was $4,397,782 vs plan",06/05/2026 08:46:23 AM
r03-0002183,jthompson@harwellinsurancegroup.com,[Flux Commentary] Reconcile AP aging over 90 days for CA-03,completed,58.3,"Ops Jun variance was $4,008,019 vs plan",06/05/2026 10:17:22 AM
r03-0002184,ssanchez@harwellinsurancegroup.com,[Revenue Recognizer] Which cost centers are over budget YTD?,completed,1.0,ERROR: upstream request timed out,06/05/2026 10:04:59 AM
r03-0002185,lmartin@harwellinsurancegroup.com,[Vendor Spend Analyzer] Explain the headcount variance vs plan,completed,58.0,"Accounting Apr variance was $3,411,866 vs plan",06/05/2026 02:59:41 PM
r03-0002186,ssanchez@harwellinsurancegroup.com,[Cash Forecaster] Summarize the May variance for entity MX-04,completed,53.4,"FP&A May variance was $1,690,299 vs plan",06/05/2026 04:37:44 PM
r03-0002187,ssanchez@harwellinsurancegroup.com,[Close Checklist Bot] Reconcile AP aging over 90 days for CA-05,completed,67.8,"Ops Feb variance was $1,111,694 vs plan",06/05/2026 03:06:28 PM
r03-0002188,rthompson@harwellinsurancegroup.com,[Vendor Spend Analyzer] Build the board deck cash slide for Jun,completed,65.8,"Ops Jun variance was $2,316,159 vs plan",06/06/2026 12:30:07 PM
r03-0002189,ssanchez@harwellinsurancegroup.com,[Cash Forecaster] Explain the headcount variance vs plan,completed,67.0,"Ops Jun variance was $4,153,429 vs plan",06/06/2026 07:24:32 PM
r03-0002190,ssanchez@harwellinsurancegroup.com,[Variance Explainer] Reconcile AP aging over 90 days for MX-04,completed,70.4,"Ops Feb variance was $1,049,619 vs plan",06/06/2026 06:03:19 PM
r03-0002191,ssanchez@harwellinsurancegroup.com,[Cash Forecaster] Explain the headcount variance vs plan,completed,57.0,"Accounting Feb variance was $4,113,373 vs plan",06/06/2026 02:11:54 PM
r03-0002192,ssanchez@harwellinsurancegroup.com,[Variance Explainer] Reconcile AP aging over 90 days for MX-03,error,6.3,ERROR: upstream request timed out,06/06/2026 03:04:33 PM
r03-0002193,dlee@harwellinsurancegroup.com,[Flux Commentary] Why did Ops spend exceed budget in May?,completed,46.5,"Ops May variance was $485,299 vs plan",06/06/2026 09:10:58 AM
r03-0002194,kharris@harwellinsurancegroup.com,[Budget vs Actual] What drove the change in gross margin this quarter?,completed,48.0,"FP&A Jun variance was $565,984 vs plan",06/06/2026 03:03:20 PM
r03-0002195,ssanchez@harwellinsurancegroup.com,[Close Checklist Bot] Explain the headcount variance vs plan,completed,55.8,"FP&A Apr variance was $546,608 vs plan",06/06/2026 06:41:33 AM
r03-0002196,jjones@harwellinsurancegroup.com,[Cash Forecaster] What drove the change in gross margin this quarter?,completed,41.2,"Treasury Mar variance was $4,344,390 vs plan",06/06/2026 09:14:14 AM
r03-0002197,ssanchez@harwellinsurancegroup.com,[Flux Commentary] Why did FP&A spend exceed budget in Apr?,completed,63.8,"FP&A Apr variance was $1,243,044 vs plan",06/06/2026 02:35:31 PM
r03-0002198,bwilliams@harwellinsurancegroup.com,[Vendor Spend Analyzer] Summarize the Jun variance for entity EU-02,completed,45.2,"Accounting Jun variance was $1,596,922 vs plan",06/06/2026 02:37:44 PM
r03-0002199,kharris@harwellinsurancegroup.com,[Budget vs Actual] Reconcile AP aging over 90 days for US-07,error,5.5,Traceback (most recent call last): KeyError 'entity',06/06/2026 11:27:15 AM
r03-0002200,rmartinez@harwellinsurancegroup.com,[AP Aging Analyst] Reconcile AP aging over 90 days for US-07,completed,22.7,"Ops Apr variance was $652,932 vs plan",06/06/2026 02:56:44 PM
r03-0002201,ssanchez@harwellinsurancegroup.com,[Cash Forecaster] What drove the change in gross margin this quarter?,completed,71.4,"Treasury Apr variance was $4,745,859 vs plan",06/06/2026 02:59:18 PM
r03-0002202,ssanchez@harwellinsurancegroup.com,[Budget vs Actual] Explain the headcount variance vs plan,completed,0.5,Traceback (most recent call last): KeyError 'entity',06/07/2026 09:38:24 AM
r03-0002203,ssanchez@harwellinsurancegroup.com,[Close Checklist Bot] Summarize the Jun variance for entity MX-01,completed,37.9,"Ops Jun variance was $4,334,539 vs plan",06/07/2026 10:54:47 AM
r03-0002204,ssanchez@harwellinsurancegroup.com,[Vendor Spend Analyzer] Forecast May operating cash flow,completed,44.0,"Accounting May variance was $3,646,742 vs plan",06/07/2026 02:51:26 PM
r03-0002205,lwhite@harwellinsurancegroup.com,[Close Checklist Bot] What drove the change in gross margin this quarter?,completed,49.0,"FP&A Jan variance was $4,360,087 vs plan",06/07/2026 05:07:18 PM
r03-0002206,ssanchez@harwellinsurancegroup.com,[Board Deck Builder] Check covenant compliance for the revolver,completed,51.3,"Treasury Feb variance was $4,742,826 vs plan",06/07/2026 01:19:14 PM
r03-0002207,ssanchez@harwellinsurancegroup.com,[Flux Commentary] Build the board deck cash slide for Jan,completed,1.2,FAILED: null reference in aggregation step,06/07/2026 04:29:17 PM
r03-0002208,kjohnson@harwellinsurancegroup.com,[Vendor Spend Analyzer] Why did Ops spend exceed budget in Mar?,completed,38.2,"Ops Mar variance was $2,350,586 vs plan",06/07/2026 11:36:00 AM
r03-0002209,ssanchez@harwellinsurancegroup.com,[Journal Entry Reviewer] Which cost centers are over budget YTD?,completed,46.3,"Ops Apr variance was $762,275 vs plan",06/07/2026 04:01:57 PM
r03-0002210,ssanchez@harwellinsurancegroup.com,[Headcount Planner] What drove the change in gross margin this quarter?,completed,14.2,"Treasury Apr variance was $1,004,651 vs plan",06/07/2026 09:07:48 AM
r03-0002211,dthompson@harwellinsurancegroup.com,[Flux Commentary] Draft flux commentary for the Jan close,completed,22.8,"FP&A Jan variance was $3,317,068 vs plan",06/07/2026 06:19:17 AM
r03-0002212,mrobinson@harwellinsurancegroup.com,[Variance Explainer] Draft flux commentary for the Jan close,completed,70.6,"FP&A Jan variance was $1,385,347 vs plan",06/07/2026 03:29:03 PM
r03-0002213,ssanchez@harwellinsurancegroup.com,[Headcount Planner] Check covenant compliance for the revolver,completed,70.2,"Treasury Jun variance was $995,406 vs plan",06/07/2026 03:37:27 PM
r03-0002214,ssanchez@harwellinsurancegroup.com,[Headcount Planner] Reconcile AP aging over 90 days for US-03,completed,34.1,"Treasury Jan variance was $138,789 vs plan",06/07/2026 11:43:04 AM
r03-0002215,ssanchez@harwellinsurancegroup.com,[AP Aging Analyst] Forecast Jan operating cash flow,completed,72.9,"Ops Jan variance was $1,188,568 vs plan",06/07/2026 02:03:39 PM
r03-0002216,ssanchez@harwellinsurancegroup.com,[Covenant Checker] Which cost centers are over budget YTD?,completed,1.1,ERROR: upstream request timed out,06/07/2026 08:07:26 AM
r03-0002217,ssanchez@harwellinsurancegroup.com,[Journal Entry Reviewer] Why did Treasury spend exceed budget in May?,completed,5.7,"Treasury May variance was $3,569,255 vs plan",06/07/2026 01:26:53 PM
r03-0002218,ssanchez@harwellinsurancegroup.com,[Flux Commentary] Summarize the Feb variance for entity CA-02,completed,27.8,"FP&A Feb variance was $4,774,707 vs plan",06/08/2026 06:04:23 PM
r03-0002219,ssanchez@harwellinsurancegroup.com,[Close Checklist Bot] Draft flux commentary for the Jun close,completed,57.7,"Accounting Jun variance was $779,285 vs plan",06/08/2026 01:55:49 PM
r03-0002220,lwhite@harwellinsurancegroup.com,[Vendor Spend Analyzer] Which cost centers are over budget YTD?,completed,9.3,"Treasury Apr variance was $215,780 vs plan",06/08/2026 07:14:20 AM
r03-0002221,ssanchez@harwellinsurancegroup.com,[Budget vs Actual] Why did Treasury spend exceed budget in May?,completed,16.3,"Treasury May variance was $4,697,198 vs plan",06/08/2026 01:06:58 PM
r03-0002222,ssanchez@harwellinsurancegroup.com,[Board Deck Builder] Why did Treasury spend exceed budget in May?,completed,47.2,"Treasury May variance was $2,160,021 vs plan",06/08/2026 01:36:06 PM
r03-0002223,ssanchez@harwellinsurancegroup.com,[Budget vs Actual] Summarize the Jan variance for entity CA-07,completed,0.4,error: connection reset by peer,06/08/2026 01:49:34 PM
r03-0002224,ssanchez@harwellinsurancegroup.com,[AP Aging Analyst] Which cost centers are over budget YTD?,completed,62.2,"FP&A Apr variance was $694,564 vs plan",06/08/2026 11:04:35 AM
r03-0002225,ssanchez@harwellinsurancegroup.com,[Cash Forecaster] What drove the change in gross margin this quarter?,error,1.0,error code 502 from model gateway,06/08/2026 08:27:30 AM
r03-0002226,ssanchez@harwellinsurancegroup.com,[Variance Explainer] What drove the change in gross margin this quarter?,completed,61.9,"Ops May variance was $2,409,847 vs plan",06/08/2026 01:45:30 PM
r03-0002227,kjohnson@harwellinsurancegroup.com,[Close Checklist Bot] Forecast Jun operating cash flow,completed,12.8,"FP&A Jun variance was $3,277,143 vs plan",06/08/2026 10:28:10 AM
r03-0002228,mrobinson@harwellinsurancegroup.com,[Budget vs Actual] Summarize the Jan variance for entity EU-03,completed,24.3,"Accounting Jan variance was $302,816 vs plan",06/08/2026 08:05:44 AM
r03-0002229,kjohnson@harwellinsurancegroup.com,[Budget vs Actual] Why did Treasury spend exceed budget in Feb?,completed,31.4,"Treasury Feb variance was $4,740,708 vs plan",06/08/2026 02:43:48 PM
r03-0002230,ssanchez@harwellinsurancegroup.com,[Revenue Recognizer] Explain the headcount variance vs plan,completed,37.5,"Ops Mar variance was $2,174,385 vs plan",06/08/2026 12:48:20 PM
r03-0002231,ssanchez@harwellinsurancegroup.com,[Budget vs Actual] Build the board deck cash slide for May,completed,29.5,"Ops May variance was $3,359,841 vs plan",06/08/2026 11:44:37 AM
r03-0002232,phaddad@harwellinsurancegroup.com,[Headcount Planner] Build the board deck cash slide for May,completed,67.7,"Accounting May variance was $4,671,769 vs plan",06/08/2026 06:51:27 PM
r03-0002233,kharris@harwellinsurancegroup.com,[Close Checklist Bot] Summarize the Feb variance for entity EU-07,completed,0.5,Traceback (most recent call last): KeyError 'entity',06/08/2026 06:01:36 AM
r03-0002234,ssanchez@harwellinsurancegroup.com,[Vendor Spend Analyzer] Summarize the Mar variance for entity CA-03,completed,68.6,"Accounting Mar variance was $2,198,200 vs plan",06/08/2026 01:32:04 PM
r03-0002235,kharris@harwellinsurancegroup.com,[Headcount Planner] Why did Ops spend exceed budget in Jun?,completed,60.1,"Ops Jun variance was $3,929,497 vs plan",06/08/2026 01:10:52 PM
r03-0002236,ssanchez@harwellinsurancegroup.com,[Cash Forecaster] Draft flux commentary for the Jun close,completed,41.6,"Treasury Jun variance was $2,381,155 vs plan",06/08/2026 11:02:53 AM
r03-0002237,ssanchez@harwellinsurancegroup.com,[Headcount Planner] Forecast Jun operating cash flow,completed,68.6,"FP&A Jun variance was $3,411,132 vs plan",06/08/2026 11:41:01 AM
r03-0002238,ssanchez@harwellinsurancegroup.com,[Revenue Recognizer] Explain the headcount variance vs plan,completed,0.9,ERROR: upstream request timed out,06/08/2026 03:47:43 PM
r03-0002239,ssanchez@harwellinsurancegroup.com,[Variance Explainer] Forecast May operating cash flow,completed,46.8,"Ops May variance was $4,330,948 vs plan",06/08/2026 10:35:49 AM
r03-0002240,ssanchez@harwellinsurancegroup.com,[Budget vs Actual] Why did Accounting spend exceed budget in Apr?,completed,38.9,"Accounting Apr variance was $4,602,537 vs plan",06/08/2026 04:37:26 PM
r03-0002241,mramirez@harwellinsurancegroup.com,[Covenant Checker] Draft flux commentary for the Apr close,completed,55.6,"FP&A Apr variance was $1,572,001 vs plan",06/08/2026 12:06:47 PM
r03-0002242,rthompson@harwellinsurancegroup.com,[Board Deck Builder] Which cost centers are over budget YTD?,completed,49.9,"Treasury Jun variance was $411,277 vs plan",06/08/2026 09:02:20 AM
r03-0002243,ssanchez@harwellinsurancegroup.com,[Budget vs Actual] Check covenant compliance for the revolver,completed,67.5,"Treasury Jan variance was $4,781,348 vs plan",06/08/2026 01:51:48 PM
r03-0002244,kharris@harwellinsurancegroup.com,[Vendor Spend Analyzer] Draft flux commentary for the Jun close,completed,43.1,"Ops Jun variance was $4,747,948 vs plan",06/08/2026 04:50:16 PM
r03-0002245,ssanchez@harwellinsurancegroup.com,[Variance Explainer] Build the board deck cash slide for Feb,completed,50.9,"FP&A Feb variance was $608,991 vs plan",06/09/2026 12:13:19 PM
r03-0002246,ssanchez@harwellinsurancegroup.com,[Journal Entry Reviewer] Explain the headcount variance vs plan,completed,12.0,"Ops Jan variance was $1,201,498 vs plan",06/09/2026 03:29:34 PM
r03-0002247,ssanchez@harwellinsurancegroup.com,[Covenant Checker] Build the board deck cash slide for Jun,completed,42.1,"Accounting Jun variance was $4,344,749 vs plan",06/09/2026 10:14:09 AM
r03-0002248,ssanchez@harwellinsurancegroup.com,[Close Checklist Bot] Summarize the Mar variance for entity CA-02,completed,17.8,"Treasury Mar variance was $4,764,384 vs plan",06/09/2026 09:19:50 AM
r03-0002249,ssanchez@harwellinsurancegroup.com,[Headcount Planner] Check covenant compliance for the revolver,completed,44.3,"Treasury Apr variance was $2,105,836 vs plan",06/09/2026 09:48:41 AM
r03-0002250,kjohnson@harwellinsurancegroup.com,[Flux Commentary] Why did Treasury spend exceed budget in Jan?,completed,0.4,error code 502 from model gateway,06/09/2026 02:46:24 PM
r03-0002251,kjohnson@harwellinsurancegroup.com,[Revenue Recognizer] Why did Treasury spend exceed budget in Jun?,completed,23.7,"Treasury Jun variance was $4,684,071 vs plan",06/09/2026 05:56:33 PM
r03-0002252,ssanchez@harwellinsurancegroup.com,[Headcount Planner] Draft flux commentary for the Jun close,completed,73.6,"Accounting Jun variance was $2,122,921 vs plan",06/09/2026 09:06:26 AM
r03-0002253,ssanchez@harwellinsurancegroup.com,[Board Deck Builder] Check covenant compliance for the revolver,completed,3.5,"Ops Jan variance was $2,171,611 vs plan",06/09/2026 01:17:15 PM
r03-0002254,ssanchez@harwellinsurancegroup.com,[Cash Forecaster] Draft flux commentary for the Jun close,completed,3.6,"FP&A Jun variance was $4,258,634 vs plan",06/09/2026 12:47:30 PM
r03-0002255,ssanchez@harwellinsurancegroup.com,[Flux Commentary] Reconcile AP aging over 90 days for MX-01,completed,65.8,"FP&A May variance was $3,787,741 vs plan",06/09/2026 06:00:26 AM
r03-0002256,ssanchez@harwellinsurancegroup.com,[Flux Commentary] Which cost centers are over budget YTD?,completed,43.9,"FP&A Jan variance was $3,565,758 vs plan",06/09/2026 12:58:15 PM
r03-0002257,ssanchez@harwellinsurancegroup.com,[Cash Forecaster] Check covenant compliance for the revolver,completed,32.1,"Ops May variance was $3,066,253 vs plan",06/09/2026 03:01:32 PM
r03-0002258,ssanchez@harwellinsurancegroup.com,[Journal Entry Reviewer] Summarize the Mar variance for entity EU-03,completed,27.9,"Treasury Mar variance was $3,928,749 vs plan",06/09/2026 04:43:48 PM
r03-0002259,jjones@harwellinsurancegroup.com,[Close Checklist Bot] Which cost centers are over budget YTD?,completed,72.8,"Treasury Apr variance was $2,209,904 vs plan",06/09/2026 11:56:56 AM
r03-0002260,ssanchez@harwellinsurancegroup.com,[Headcount Planner] What drove the change in gross margin this quarter?,completed,12.0,"Treasury May variance was $2,372,990 vs plan",06/09/2026 06:40:59 AM
r03-0002261,ssanchez@harwellinsurancegroup.com,[AP Aging Analyst] Explain the headcount variance vs plan,completed,41.2,"Ops Apr variance was $84,217 vs plan",06/09/2026 08:03:54 AM
r03-0002262,ssanchez@harwellinsurancegroup.com,[AP Aging Analyst] Explain the headcount variance vs plan,completed,44.6,"Ops Apr variance was $2,526,827 vs plan",06/09/2026 10:51:52 AM
r03-0002263,thaddad@harwellinsurancegroup.com,[Variance Explainer] Forecast Jun operating cash flow,completed,13.7,"Accounting Jun variance was $2,942,480 vs plan",06/09/2026 03:03:27 PM
r03-0002264,kjohnson@harwellinsurancegroup.com,[AP Aging Analyst] Build the board deck cash slide for Jun,completed,48.1,"Treasury Jun variance was $2,034,174 vs plan",06/09/2026 07:14:41 AM
r03-0002265,dlee@harwellinsurancegroup.com,[Journal Entry Reviewer] Reconcile AP aging over 90 days for EU-03,error,8.0,Traceback (most recent call last): KeyError 'entity',06/09/2026 01:05:13 PM
r03-0002266,kharris@harwellinsurancegroup.com,[Revenue Recognizer] Forecast Jan operating cash flow,completed,1.8,error: connection reset by peer,06/09/2026 03:41:35 PM
r03-0002267,ssanchez@harwellinsurancegroup.com,[Budget vs Actual] Which cost centers are over budget YTD?,completed,25.6,"Accounting Jun variance was $2,967,917 vs plan",06/09/2026 01:08:42 PM
r03-0002268,rmartinez@harwellinsurancegroup.com,[Headcount Planner] Which cost centers are over budget YTD?,completed,50.6,"FP&A May variance was $2,096,532 vs plan",06/09/2026 12:07:10 PM
r03-0002269,jwalker@harwellinsurancegroup.com,[Variance Explainer] Which cost centers are over budget YTD?,completed,15.9,"FP&A Jun variance was $956,351 vs plan",06/09/2026 12:54:19 PM
r03-0002270,kharris@harwellinsurancegroup.com,[Vendor Spend Analyzer] Summarize the Feb variance for entity EU-03,completed,46.7,"Accounting Feb variance was $568,960 vs plan",06/09/2026 04:23:27 PM
r03-0002271,ssanchez@harwellinsurancegroup.com,[Board Deck Builder] Check covenant compliance for the revolver,completed,71.4,"FP&A Feb variance was $3,069,175 vs plan",06/10/2026 11:49:46 AM
r03-0002272,kharris@harwellinsurancegroup.com,[Board Deck Builder] Draft flux commentary for the Apr close,completed,59.4,"Ops Apr variance was $1,753,991 vs plan",06/10/2026 05:50:01 PM
r03-0002273,ssanchez@harwellinsurancegroup.com,[Journal Entry Reviewer] Draft flux commentary for the Feb close,completed,35.5,"Ops Feb variance was $2,053,568 vs plan",06/10/2026 01:43:27 PM
r03-0002274,ssanchez@harwellinsurancegroup.com,[Covenant Checker] Check covenant compliance for the revolver,completed,57.4,"Ops Feb variance was $4,128,683 vs plan",06/10/2026 02:55:27 PM
r03-0002275,agarcia@harwellinsurancegroup.com,[Flux Commentary] Forecast Feb operating cash flow,completed,37.6,"Ops Feb variance was $1,929,179 vs plan",06/10/2026 07:21:57 PM
r03-0002276,ssanchez@harwellinsurancegroup.com,[Budget vs Actual] Draft flux commentary for the May close,completed,63.9,"Treasury May variance was $3,533,209 vs plan",06/10/2026 10:07:19 AM
r03-0002277,ssanchez@harwellinsurancegroup.com,[AP Aging Analyst] Summarize the May variance for entity CA-03,completed,65.9,"Accounting May variance was $1,885,051 vs plan",06/10/2026 12:21:27 PM
r03-0002278,kjohnson@harwellinsurancegroup.com,[Journal Entry Reviewer] What drove the change in gross margin this quarter?,completed,32.0,"FP&A Jan variance was $3,765,370 vs plan",06/10/2026 12:22:09 PM
r03-0002279,mrobinson@harwellinsurancegroup.com,[Cash Forecaster] Build the board deck cash slide for Feb,completed,73.8,"FP&A Feb variance was $4,740,647 vs plan",06/10/2026 06:22:34 PM
r03-0002280,jjones@harwellinsurancegroup.com,[Journal Entry Reviewer] What drove the change in gross margin this quarter?,error,3.9,Traceback (most recent call last): KeyError 'entity',06/10/2026 01:42:30 PM
r03-0002281,ssanchez@harwellinsurancegroup.com,[Revenue Recognizer] Summarize the May variance for entity MX-02,completed,9.5,"FP&A May variance was $3,664,837 vs plan",06/10/2026 07:39:17 PM
r03-0002282,kjohnson@harwellinsurancegroup.com,[Covenant Checker] Explain the headcount variance vs plan,completed,8.3,"Ops Apr variance was $2,557,133 vs plan",06/10/2026 03:08:48 PM
r03-0002283,kharris@harwellinsurancegroup.com,[Board Deck Builder] Check covenant compliance for the revolver,completed,36.7,"FP&A Jan variance was $1,968,678 vs plan",06/10/2026 06:19:49 PM
r03-0002284,mramirez@harwellinsurancegroup.com,[Board Deck Builder] Check covenant compliance for the revolver,completed,40.4,"Accounting Feb variance was $2,442,105 vs plan",06/10/2026 01:11:57 PM
r03-0002285,ssanchez@harwellinsurancegroup.com,[Revenue Recognizer] What drove the change in gross margin this quarter?,completed,56.0,"Treasury Mar variance was $3,009,100 vs plan",06/10/2026 10:28:49 AM
r03-0002286,ssanchez@harwellinsurancegroup.com,[Revenue Recognizer] Summarize the Apr variance for entity US-09,completed,69.9,"Accounting Apr variance was $3,090,980 vs plan",06/10/2026 12:44:45 PM
r03-0002287,kharris@harwellinsurancegroup.com,[AP Aging Analyst] What drove the change in gross margin this quarter?,completed,1.8,ERROR: upstream request timed out,06/10/2026 05:25:15 PM
r03-0002288,lwhite@harwellinsurancegroup.com,[Journal Entry Reviewer] What drove the change in gross margin this quarter?,completed,17.4,"Treasury Feb variance was $1,722,696 vs plan",06/10/2026 12:26:58 PM
r03-0002289,ssanchez@harwellinsurancegroup.com,[Revenue Recognizer] Summarize the Apr variance for entity CA-09,completed,0.3,FAILED: null reference in aggregation step,06/10/2026 12:18:38 PM
r03-0002290,kharris@harwellinsurancegroup.com,[Journal Entry Reviewer] Forecast May operating cash flow,completed,63.6,"Ops May variance was $639,840 vs plan",06/10/2026 01:09:06 PM
r03-0002291,jrobinson@harwellinsurancegroup.com,[Vendor Spend Analyzer] Which cost centers are over budget YTD?,completed,11.7,"Treasury Feb variance was $2,421,991 vs plan",06/10/2026 01:17:51 PM
r03-0002292,ssanchez@harwellinsurancegroup.com,[Budget vs Actual] Which cost centers are over budget YTD?,completed,35.0,"Accounting Jan variance was $3,702,800 vs plan",06/10/2026 07:50:53 AM
r03-0002293,ssanchez@harwellinsurancegroup.com,[Vendor Spend Analyzer] Explain the headcount variance vs plan,completed,22.6,"Treasury Feb variance was $2,925,386 vs plan",06/11/2026 04:56:00 PM
r03-0002294,ssanchez@harwellinsurancegroup.com,[Flux Commentary] Why did Treasury spend exceed budget in Apr?,completed,34.7,"Treasury Apr variance was $605,239 vs plan",06/11/2026 05:38:57 PM
r03-0002295,ssanchez@harwellinsurancegroup.com,[Vendor Spend Analyzer] Build the board deck cash slide for May,completed,68.8,"FP&A May variance was $304,546 vs plan",06/11/2026 01:36:20 PM
r03-0002296,ssanchez@harwellinsurancegroup.com,[Flux Commentary] Why did Treasury spend exceed budget in Feb?,completed,64.9,"Treasury Feb variance was $3,424,974 vs plan",06/11/2026 03:13:34 PM
r03-0002297,ssanchez@harwellinsurancegroup.com,[Close Checklist Bot] Explain the headcount variance vs plan,completed,35.5,"FP&A Feb variance was $1,548,100 vs plan",06/11/2026 12:36:42 PM
r03-0002298,alewis@harwellinsurancegroup.com,[Journal Entry Reviewer] Forecast May operating cash flow,completed,39.4,"Treasury May variance was $3,185,723 vs plan",06/11/2026 12:10:40 PM
r03-0002299,lmartin@harwellinsurancegroup.com,[Covenant Checker] Check covenant compliance for the revolver,completed,52.5,"Ops Jan variance was $1,337,167 vs plan",06/11/2026 07:18:22 AM
r03-0002300,kharris@harwellinsurancegroup.com,[Revenue Recognizer] Draft flux commentary for the May close,completed,18.3,"Accounting May variance was $3,539,221 vs plan",06/11/2026 07:54:06 AM
r03-0002301,mrobinson@harwellinsurancegroup.com,[Flux Commentary] Build the board deck cash slide for Jun,completed,39.0,"Treasury Jun variance was $4,699,492 vs plan",06/11/2026 02:47:42 PM
r03-0002302,ssanchez@harwellinsurancegroup.com,[Revenue Recognizer] Check covenant compliance for the revolver,completed,74.4,"FP&A Jun variance was $4,601,014 vs plan",06/11/2026 08:05:31 AM
r03-0002303,jjones@harwellinsurancegroup.com,[Budget vs Actual] Check covenant compliance for the revolver,completed,1.8,ERROR: upstream request timed out,06/11/2026 08:38:41 AM
r03-0002304,ssanchez@harwellinsurancegroup.com,[Budget vs Actual] Build the board deck cash slide for May,completed,46.6,"Accounting May variance was $278,306 vs plan",06/11/2026 03:30:54 PM
r03-0002305,ssanchez@harwellinsurancegroup.com,[Covenant Checker] Which cost centers are over budget YTD?,completed,24.3,"Treasury Feb variance was $4,764,546 vs plan",06/11/2026 02:20:42 PM
r03-0002306,kjohnson@harwellinsurancegroup.com,[Variance Explainer] Summarize the Mar variance for entity US-02,completed,0.3,error: connection reset by peer,06/11/2026 10:06:59 AM
r03-0002307,ssanchez@harwellinsurancegroup.com,[AP Aging Analyst] Summarize the Jan variance for entity EU-07,completed,21.4,"Accounting Jan variance was $696,529 vs plan",06/11/2026 10:37:12 AM
r03-0002308,ssanchez@harwellinsurancegroup.com,[Close Checklist Bot] Reconcile AP aging over 90 days for EU-07,completed,41.7,"Accounting Jan variance was $4,691,015 vs plan",06/11/2026 09:18:00 AM
r03-0002309,ssanchez@harwellinsurancegroup.com,[Flux Commentary] Why did Treasury spend exceed budget in Jan?,completed,12.9,"Treasury Jan variance was $1,149,199 vs plan",06/11/2026 01:08:12 PM
r03-0002310,thaddad@harwellinsurancegroup.com,[Journal Entry Reviewer] Draft flux commentary for the Jan close,completed,39.5,"Treasury Jan variance was $893,891 vs plan",06/11/2026 02:42:55 PM
r03-0002311,ssanchez@harwellinsurancegroup.com,[Covenant Checker] Forecast Jun operating cash flow,completed,64.1,"Ops Jun variance was $2,624,996 vs plan",06/11/2026 04:22:49 PM
r03-0002312,kharris@harwellinsurancegroup.com,[Vendor Spend Analyzer] Explain the headcount variance vs plan,completed,64.9,"Treasury Jan variance was $2,342,443 vs plan",06/11/2026 09:11:16 AM
r03-0002313,ssanchez@harwellinsurancegroup.com,[Revenue Recognizer] Check covenant compliance for the revolver,completed,62.3,"Ops Jan variance was $1,051,759 vs plan",06/11/2026 12:01:08 PM
r03-0002314,ssanchez@harwellinsurancegroup.com,[Revenue Recognizer] Build the board deck cash slide for Apr,completed,47.6,"Treasury Apr variance was $3,807,962 vs plan",06/11/2026 12:20:52 PM
r03-0002315,ssanchez@harwellinsurancegroup.com,[Cash Forecaster] Build the board deck cash slide for Jun,completed,64.0,"FP&A Jun variance was $1,142,992 vs plan",06/11/2026 11:14:52 AM
r03-0002316,kharris@harwellinsurancegroup.com,[AP Aging Analyst] Reconcile AP aging over 90 days for EU-08,completed,54.6,"FP&A Mar variance was $2,071,701 vs plan",06/12/2026 02:33:49 PM
r03-0002317,dthompson@harwellinsurancegroup.com,[AP Aging Analyst] Why did Accounting spend exceed budget in Apr?,completed,36.7,"Accounting Apr variance was $3,786,382 vs plan",06/12/2026 01:59:28 PM
r03-0002318,ssanchez@harwellinsurancegroup.com,[AP Aging Analyst] Build the board deck cash slide for Jun,completed,67.2,"Accounting Jun variance was $4,278,934 vs plan",06/12/2026 03:03:28 PM
r03-0002319,ssanchez@harwellinsurancegroup.com,[Close Checklist Bot] Summarize the May variance for entity US-08,completed,58.4,"Accounting May variance was $4,182,634 vs plan",06/12/2026 02:53:33 PM
r03-0002320,ssanchez@harwellinsurancegroup.com,[Close Checklist Bot] Forecast Jan operating cash flow,completed,57.5,"Treasury Jan variance was $54,274 vs plan",06/12/2026 01:48:25 PM
r03-0002321,lwhite@harwellinsurancegroup.com,[Board Deck Builder] Reconcile AP aging over 90 days for MX-08,completed,29.3,"Accounting Mar variance was $4,118,248 vs plan",06/12/2026 01:41:57 PM
r03-0002322,ssanchez@harwellinsurancegroup.com,[Board Deck Builder] Why did Treasury spend exceed budget in Apr?,completed,6.7,"Treasury Apr variance was $2,219,637 vs plan",06/12/2026 06:55:28 PM
r03-0002323,ssanchez@harwellinsurancegroup.com,[Headcount Planner] Summarize the May variance for entity MX-05,completed,39.6,"Accounting May variance was $2,652,439 vs plan",06/12/2026 10:10:21 AM
r03-0002324,kharris@harwellinsurancegroup.com,[Revenue Recognizer] Explain the headcount variance vs plan,completed,48.6,"Treasury May variance was $3,634,555 vs plan",06/12/2026 11:54:16 AM
r03-0002325,ssanchez@harwellinsurancegroup.com,[Close Checklist Bot] Summarize the May variance for entity MX-04,completed,1.0,ERROR: upstream request timed out,06/12/2026 11:33:33 AM
r03-0002326,ssanchez@harwellinsurancegroup.com,[Cash Forecaster] Why did Ops spend exceed budget in Feb?,completed,1.8,FAILED: null reference in aggregation step,06/12/2026 10:48:45 AM
r03-0002327,ssanchez@harwellinsurancegroup.com,[Revenue Recognizer] Summarize the Apr variance for entity US-09,completed,21.4,"FP&A Apr variance was $3,867,660 vs plan",06/12/2026 09:51:41 AM
r03-0002328,agarcia@harwellinsurancegroup.com,[Close Checklist Bot] Build the board deck cash slide for Mar,completed,69.3,"Treasury Mar variance was $4,063,637 vs plan",06/12/2026 08:35:09 AM
r03-0002329,dlee@harwellinsurancegroup.com,[Headcount Planner] Draft flux commentary for the Mar close,completed,0.5,error: connection reset by peer,06/12/2026 09:49:27 AM
r03-0002330,kharris@harwellinsurancegroup.com,[Cash Forecaster] Draft flux commentary for the Feb close,completed,41.0,"Ops Feb variance was $395,176 vs plan",06/12/2026 05:14:42 PM
r03-0002331,ssanchez@harwellinsurancegroup.com,[Budget vs Actual] What drove the change in gross margin this quarter?,completed,50.5,"Treasury Feb variance was $2,862,335 vs plan",06/12/2026 09:48:12 AM
r03-0002332,ssanchez@harwellinsurancegroup.com,[Cash Forecaster] What drove the change in gross margin this quarter?,completed,28.4,"FP&A Jan variance was $611,548 vs plan",06/12/2026 03:36:20 PM
r03-0002333,kharris@harwellinsurancegroup.com,[Cash Forecaster] What drove the change in gross margin this quarter?,completed,36.4,"FP&A Jun variance was $2,550,187 vs plan",06/12/2026 12:53:36 PM
r03-0002334,mramirez@harwellinsurancegroup.com,[Revenue Recognizer] What drove the change in gross margin this quarter?,completed,19.2,"Ops Apr variance was $3,370,646 vs plan",06/12/2026 12:59:04 PM
r03-0002335,ssanchez@harwellinsurancegroup.com,[Cash Forecaster] Draft flux commentary for the Feb close,completed,9.5,"Accounting Feb variance was $1,987,712 vs plan",06/12/2026 02:34:16 PM
r03-0002336,kharris@harwellinsurancegroup.com,[Flux Commentary] Summarize the Feb variance for entity US-03,completed,62.2,"Ops Feb variance was $2,103,162 vs plan",06/12/2026 01:39:59 PM
r03-0002337,ssanchez@harwellinsurancegroup.com,[Variance Explainer] Reconcile AP aging over 90 days for EU-08,completed,33.5,"Ops May variance was $139,283 vs plan",06/12/2026 10:42:27 AM
r03-0002338,ssanchez@harwellinsurancegroup.com,[Flux Commentary] Draft flux commentary for the Mar close,completed,34.8,"Accounting Mar variance was $2,930,724 vs plan",06/12/2026 11:49:51 AM
r03-0002339,kharris@harwellinsurancegroup.com,[Revenue Recognizer] Explain the headcount variance vs plan,completed,0.6,error code 502 from model gateway,06/12/2026 04:12:54 PM
r03-0002340,ssanchez@harwellinsurancegroup.com,[Vendor Spend Analyzer] Which cost centers are over budget YTD?,completed,16.9,"FP&A Feb variance was $2,842,966 vs plan",06/12/2026 02:52:56 PM
r03-0002341,mmiller@harwellinsurancegroup.com,[Board Deck Builder] What drove the change in gross margin this quarter?,completed,70.3,"Ops Mar variance was $2,043,859 vs plan",06/12/2026 11:53:31 AM
r03-0002342,ssanchez@harwellinsurancegroup.com,[Flux Commentary] Forecast Jun operating cash flow,error,2.4,FAILED: null reference in aggregation step,06/12/2026 03:42:08 PM
r03-0002343,ssanchez@harwellinsurancegroup.com,[Headcount Planner] Check covenant compliance for the revolver,completed,50.0,"FP&A Jun variance was $2,232,690 vs plan",06/12/2026 04:04:29 PM
r03-0002344,ssanchez@harwellinsurancegroup.com,[Board Deck Builder] Summarize the Jun variance for entity EU-02,completed,61.7,"Ops Jun variance was $3,265,578 vs plan",06/13/2026 07:54:20 PM
r03-0002345,bwilliams@harwellinsurancegroup.com,[Revenue Recognizer] Check covenant compliance for the revolver,completed,1.2,Traceback (most recent call last): KeyError 'entity',06/13/2026 12:04:07 PM
r03-0002346,phaddad@harwellinsurancegroup.com,[Vendor Spend Analyzer] Reconcile AP aging over 90 days for US-06,completed,7.3,"Treasury Feb variance was $2,693,714 vs plan",06/13/2026 01:43:30 PM
r03-0002347,kharris@harwellinsurancegroup.com,[Close Checklist Bot] Which cost centers are over budget YTD?,completed,55.9,"Accounting Jun variance was $2,966,384 vs plan",06/13/2026 03:24:15 PM
r03-0002348,ssanchez@harwellinsurancegroup.com,[Covenant Checker] Why did FP&A spend exceed budget in Jun?,completed,64.9,"FP&A Jun variance was $4,527,199 vs plan",06/13/2026 04:17:25 PM
r03-0002349,ssanchez@harwellinsurancegroup.com,[Vendor Spend Analyzer] Summarize the Feb variance for entity MX-05,completed,7.9,"Accounting Feb variance was $1,405,331 vs plan",06/13/2026 09:21:49 AM
r03-0002350,ssanchez@harwellinsurancegroup.com,[Journal Entry Reviewer] Explain the headcount variance vs plan,completed,22.5,"FP&A Jan variance was $3,842,764 vs plan",06/13/2026 12:17:00 PM
r03-0002351,kharris@harwellinsurancegroup.com,[Covenant Checker] Summarize the Jun variance for entity CA-03,completed,52.7,"Treasury Jun variance was $3,727,622 vs plan",06/13/2026 02:03:21 PM
r03-0002352,ssanchez@harwellinsurancegroup.com,[Vendor Spend Analyzer] Check covenant compliance for the revolver,completed,33.4,"Ops Jan variance was $4,323,028 vs plan",06/13/2026 10:03:01 AM
r03-0002353,kharris@harwellinsurancegroup.com,[Covenant Checker] What drove the change in gross margin this quarter?,completed,27.5,"FP&A May variance was $2,872,422 vs plan",06/13/2026 04:03:43 PM
r03-0002354,ssanchez@harwellinsurancegroup.com,[Flux Commentary] Which cost centers are over budget YTD?,completed,27.1,"Accounting Apr variance was $3,693,661 vs plan",06/13/2026 10:37:20 AM
r03-0002355,ssanchez@harwellinsurancegroup.com,[Revenue Recognizer] Why did FP&A spend exceed budget in Mar?,completed,21.1,"FP&A Mar variance was $3,073,445 vs plan",06/13/2026 10:28:17 AM
r03-0002356,ssanchez@harwellinsurancegroup.com,[Vendor Spend Analyzer] Summarize the Jan variance for entity EU-04,completed,8.9,"Accounting Jan variance was $1,740,200 vs plan",06/13/2026 10:49:14 AM
r03-0002357,kharris@harwellinsurancegroup.com,[Covenant Checker] Explain the headcount variance vs plan,completed,33.7,"Ops Jun variance was $3,648,104 vs plan",06/13/2026 12:54:24 PM
r03-0002358,ssanchez@harwellinsurancegroup.com,[Variance Explainer] Which cost centers are over budget YTD?,completed,65.4,"Treasury Jan variance was $1,478,947 vs plan",06/14/2026 09:13:10 AM
r03-0002359,mmiller@harwellinsurancegroup.com,[Vendor Spend Analyzer] Check covenant compliance for the revolver,completed,5.0,"Accounting May variance was $2,005,403 vs plan",06/14/2026 04:38:37 PM
r03-0002360,mrobinson@harwellinsurancegroup.com,[AP Aging Analyst] Explain the headcount variance vs plan,completed,32.1,"FP&A Mar variance was $1,168,542 vs plan",06/14/2026 10:49:28 AM
r03-0002361,kjohnson@harwellinsurancegroup.com,[Flux Commentary] Draft flux commentary for the Mar close,completed,53.9,"Treasury Mar variance was $64,630 vs plan",06/14/2026 11:15:35 AM
r03-0002362,bwilliams@harwellinsurancegroup.com,[Covenant Checker] Why did Ops spend exceed budget in Jun?,completed,44.6,"Ops Jun variance was $4,765,764 vs plan",06/14/2026 04:35:30 PM
r03-0002363,ssanchez@harwellinsurancegroup.com,[Revenue Recognizer] Summarize the Feb variance for entity MX-03,completed,16.1,"Accounting Feb variance was $2,082,326 vs plan",06/14/2026 11:37:15 AM
r03-0002364,jthompson@harwellinsurancegroup.com,[Revenue Recognizer] Why did Treasury spend exceed budget in Apr?,completed,51.3,"Treasury Apr variance was $2,846,315 vs plan",06/14/2026 06:32:56 AM
r03-0002365,mrobinson@harwellinsurancegroup.com,[AP Aging Analyst] Summarize the Jan variance for entity US-06,completed,40.0,"Accounting Jan variance was $4,453,791 vs plan",06/14/2026 04:19:40 PM
r03-0002366,thaddad@harwellinsurancegroup.com,[Covenant Checker] Summarize the Jan variance for entity MX-02,completed,67.0,"Accounting Jan variance was $1,757,735 vs plan",06/14/2026 12:32:54 PM
r03-0002367,ssanchez@harwellinsurancegroup.com,[Covenant Checker] Summarize the Apr variance for entity CA-08,completed,0.7,Traceback (most recent call last): KeyError 'entity',06/14/2026 11:01:24 AM
r03-0002368,ssanchez@harwellinsurancegroup.com,[Headcount Planner] Forecast Apr operating cash flow,completed,55.2,"Ops Apr variance was $3,769,053 vs plan",06/15/2026 11:26:31 AM
r03-0002369,kharris@harwellinsurancegroup.com,[Flux Commentary] Forecast Feb operating cash flow,error,1.5,error: connection reset by peer,06/15/2026 01:56:34 PM
r03-0002370,flopez@harwellinsurancegroup.com,[Headcount Planner] Check covenant compliance for the revolver,completed,1.0,error code 502 from model gateway,06/15/2026 09:43:19 AM
r03-0002371,ssanchez@harwellinsurancegroup.com,[Board Deck Builder] Summarize the May variance for entity EU-06,completed,40.5,"FP&A May variance was $4,531,476 vs plan",06/15/2026 12:55:45 PM
r03-0002372,ssanchez@harwellinsurancegroup.com,[Board Deck Builder] Draft flux commentary for the May close,error,5.4,error code 502 from model gateway,06/15/2026 12:17:29 PM
r03-0002373,ssanchez@harwellinsurancegroup.com,[Board Deck Builder] Draft flux commentary for the Feb close,completed,6.9,"Treasury Feb variance was $1,647,706 vs plan",06/15/2026 03:44:43 PM
r03-0002374,ssanchez@harwellinsurancegroup.com,[AP Aging Analyst] Explain the headcount variance vs plan,completed,49.8,"Treasury Jan variance was $4,517,734 vs plan",06/15/2026 12:46:04 PM
r03-0002375,thaddad@harwellinsurancegroup.com,[Revenue Recognizer] Reconcile AP aging over 90 days for EU-09,completed,25.8,"FP&A Apr variance was $1,115,099 vs plan",06/15/2026 07:36:08 AM
r03-0002376,ssanchez@harwellinsurancegroup.com,[Budget vs Actual] Summarize the Jun variance for entity CA-04,completed,34.6,"Treasury Jun variance was $96,753 vs plan",06/15/2026 01:26:49 PM
r03-0002377,ssanchez@harwellinsurancegroup.com,[Vendor Spend Analyzer] Why did FP&A spend exceed budget in Jan?,completed,63.0,"FP&A Jan variance was $864,791 vs plan",06/15/2026 02:08:31 PM
r03-0002378,kjohnson@harwellinsurancegroup.com,[Variance Explainer] Which cost centers are over budget YTD?,completed,56.3,"Ops May variance was $496,207 vs plan",06/15/2026 07:24:48 AM
r03-0002379,lwhite@harwellinsurancegroup.com,[Headcount Planner] What drove the change in gross margin this quarter?,completed,48.2,"Treasury May variance was $3,758,392 vs plan",06/15/2026 03:03:09 PM
r03-0002380,ssanchez@harwellinsurancegroup.com,[Covenant Checker] Summarize the Mar variance for entity CA-06,completed,36.1,"FP&A Mar variance was $4,236,205 vs plan",06/15/2026 12:28:52 PM
r03-0002381,ssanchez@harwellinsurancegroup.com,[Variance Explainer] Which cost centers are over budget YTD?,completed,10.4,"Treasury Feb variance was $506,996 vs plan",06/15/2026 06:00:08 PM
r03-0002382,ssanchez@harwellinsurancegroup.com,[Revenue Recognizer] Which cost centers are over budget YTD?,completed,29.8,"Treasury Jun variance was $2,394,561 vs plan",06/15/2026 08:26:38 AM
r03-0002383,kharris@harwellinsurancegroup.com,[Journal Entry Reviewer] What drove the change in gross margin this quarter?,completed,34.5,"FP&A Feb variance was $4,608,567 vs plan",06/15/2026 04:26:03 PM
r03-0002384,ssanchez@harwellinsurancegroup.com,[Close Checklist Bot] Which cost centers are over budget YTD?,completed,32.0,"Accounting May variance was $3,806,647 vs plan",06/15/2026 08:34:23 AM
r03-0002385,ssanchez@harwellinsurancegroup.com,[Covenant Checker] Summarize the Apr variance for entity MX-06,completed,74.7,"Ops Apr variance was $4,426,811 vs plan",06/15/2026 12:58:36 PM
r03-0002386,ssanchez@harwellinsurancegroup.com,[Close Checklist Bot] Summarize the Jun variance for entity EU-03,completed,70.7,"Ops Jun variance was $4,455,990 vs plan",06/15/2026 03:39:18 PM
r03-0002387,ssanchez@harwellinsurancegroup.com,[Vendor Spend Analyzer] Reconcile AP aging over 90 days for MX-05,error,2.2,error code 502 from model gateway,06/15/2026 02:33:17 PM
r03-0002388,jwalker@harwellinsurancegroup.com,[Journal Entry Reviewer] Draft flux commentary for the Jan close,completed,28.9,"Treasury Jan variance was $1,234,792 vs plan",06/15/2026 10:29:51 AM
r03-0002389,pgonzalez@harwellinsurancegroup.com,[Variance Explainer] Which cost centers are over budget YTD?,completed,34.6,"Accounting Jan variance was $1,905 vs plan",06/15/2026 11:18:17 AM
r03-0002390,ssanchez@harwellinsurancegroup.com,[Board Deck Builder] What drove the change in gross margin this quarter?,completed,1.2,error: connection reset by peer,06/15/2026 01:14:44 PM
r03-0002391,ssanchez@harwellinsurancegroup.com,[Close Checklist Bot] Draft flux commentary for the Feb close,completed,62.5,"FP&A Feb variance was $4,638,338 vs plan",06/15/2026 06:14:22 AM
r03-0002392,kharris@harwellinsurancegroup.com,[Covenant Checker] Explain the headcount variance vs plan,completed,16.4,"FP&A Feb variance was $1,604,465 vs plan",06/15/2026 11:40:05 AM
r03-0002393,kharris@harwellinsurancegroup.com,[Headcount Planner] Which cost centers are over budget YTD?,completed,55.2,"Accounting Feb variance was $2,530,487 vs plan",06/15/2026 10:56:04 AM
r03-0002394,ssanchez@harwellinsurancegroup.com,[Revenue Recognizer] Check covenant compliance for the revolver,completed,49.7,"FP&A May variance was $4,360,093 vs plan",06/15/2026 07:47:08 AM
r03-0002395,ssanchez@harwellinsurancegroup.com,[Board Deck Builder] Draft flux commentary for the May close,completed,48.7,"FP&A May variance was $969,155 vs plan",06/15/2026 12:04:13 PM
r03-0002396,ssanchez@harwellinsurancegroup.com,[Covenant Checker] Which cost centers are over budget YTD?,completed,45.0,"Treasury Jun variance was $244,970 vs plan",06/15/2026 01:39:38 PM
r03-0002397,ssanchez@harwellinsurancegroup.com,[Close Checklist Bot] Explain the headcount variance vs plan,completed,16.5,"Treasury Feb variance was $1,190,357 vs plan",06/15/2026 03:56:02 PM
r03-0002398,ssanchez@harwellinsurancegroup.com,[Vendor Spend Analyzer] Build the board deck cash slide for Jun,completed,23.7,"Treasury Jun variance was $3,030,703 vs plan",06/15/2026 07:44:28 PM
r03-0002399,kharris@harwellinsurancegroup.com,[Flux Commentary] Draft flux commentary for the Feb close,completed,0.5,error: connection reset by peer,06/15/2026 08:17:21 AM
r03-0002400,ssanchez@harwellinsurancegroup.com,[Board Deck Builder] Explain the headcount variance vs plan,completed,17.0,"Treasury Jan variance was $1,149,113 vs plan",06/15/2026 08:56:08 AM
r03-0002401,ssanchez@harwellinsurancegroup.com,[Variance Explainer] Explain the headcount variance vs plan,completed,31.3,"Accounting Feb variance was $1,293,257 vs plan",06/15/2026 03:50:18 PM
r03-0002402,jwalker@harwellinsurancegroup.com,[AP Aging Analyst] Forecast May operating cash flow,completed,37.6,"Ops May variance was $4,230,757 vs plan",06/15/2026 10:27:20 AM
r03-0002403,agarcia@harwellinsurancegroup.com,[Board Deck Builder] Check covenant compliance for the revolver,completed,8.8,"Treasury Jan variance was $1,220,491 vs plan",06/15/2026 10:34:40 AM
r03-0002404,ssanchez@harwellinsurancegroup.com,[Budget vs Actual] Why did Accounting spend exceed budget in Mar?,completed,25.3,"Accounting Mar variance was $1,412,194 vs plan",06/16/2026 01:43:55 PM
r03-0002405,ssanchez@harwellinsurancegroup.com,[Close Checklist Bot] Summarize the Feb variance for entity CA-02,completed,46.5,"FP&A Feb variance was $541,221 vs plan",06/16/2026 06:03:31 PM
r03-0002406,ssanchez@harwellinsurancegroup.com,[Revenue Recognizer] Check covenant compliance for the revolver,completed,56.2,"Ops Jan variance was $1,741,952 vs plan",06/16/2026 12:27:56 PM
r03-0002407,ssanchez@harwellinsurancegroup.com,[AP Aging Analyst] Summarize the Mar variance for entity CA-02,completed,47.7,"FP&A Mar variance was $1,861,482 vs plan",06/16/2026 01:51:44 PM
r03-0002408,ssanchez@harwellinsurancegroup.com,[Journal Entry Reviewer] Why did Treasury spend exceed budget in Apr?,completed,24.1,"Treasury Apr variance was $2,815,914 vs plan",06/16/2026 02:09:20 PM
r03-0002409,ssanchez@harwellinsurancegroup.com,[Covenant Checker] Build the board deck cash slide for Mar,completed,22.6,"Ops Mar variance was $392,612 vs plan",06/16/2026 03:24:18 PM
r03-0002410,kharris@harwellinsurancegroup.com,[Revenue Recognizer] Why did FP&A spend exceed budget in Jan?,completed,5.6,"FP&A Jan variance was $3,863,767 vs plan",06/16/2026 02:58:15 PM
r03-0002411,ssanchez@harwellinsurancegroup.com,[Covenant Checker] Why did FP&A spend exceed budget in Mar?,error,6.4,Traceback (most recent call last): KeyError 'entity',06/16/2026 07:51:38 PM
r03-0002412,kharris@harwellinsurancegroup.com,[Flux Commentary] What drove the change in gross margin this quarter?,completed,44.7,"FP&A Feb variance was $1,903,495 vs plan",06/16/2026 07:52:38 PM
r03-0002413,ssanchez@harwellinsurancegroup.com,[Variance Explainer] Build the board deck cash slide for Mar,completed,43.3,"FP&A Mar variance was $2,962,378 vs plan",06/16/2026 12:27:47 PM
r03-0002414,ssanchez@harwellinsurancegroup.com,[AP Aging Analyst] Why did Accounting spend exceed budget in Apr?,completed,17.5,"Accounting Apr variance was $424,210 vs plan",06/16/2026 02:48:33 PM
r03-0002415,ssanchez@harwellinsurancegroup.com,[Variance Explainer] Build the board deck cash slide for Feb,completed,6.8,"Ops Feb variance was $1,468,594 vs plan",06/16/2026 01:35:06 PM
r03-0002416,ssanchez@harwellinsurancegroup.com,[Vendor Spend Analyzer] Summarize the Jun variance for entity US-03,completed,30.4,"FP&A Jun variance was $3,059,254 vs plan",06/16/2026 03:31:41 PM
r03-0002417,kharris@harwellinsurancegroup.com,[Journal Entry Reviewer] What drove the change in gross margin this quarter?,completed,65.3,"Accounting Mar variance was $4,363,824 vs plan",06/16/2026 09:27:46 AM
r03-0002418,kharris@harwellinsurancegroup.com,[Flux Commentary] Draft flux commentary for the Mar close,completed,36.8,"Ops Mar variance was $3,450,891 vs plan",06/16/2026 09:08:58 AM
r03-0002419,rthompson@harwellinsurancegroup.com,[Revenue Recognizer] What drove the change in gross margin this quarter?,completed,25.0,"Accounting May variance was $1,928,604 vs plan",06/16/2026 01:31:23 PM
r03-0002420,kharris@harwellinsurancegroup.com,[AP Aging Analyst] Build the board deck cash slide for Feb,completed,66.7,"Accounting Feb variance was $2,404,696 vs plan",06/16/2026 02:24:52 PM
r03-0002421,lwhite@harwellinsurancegroup.com,[Journal Entry Reviewer] Forecast May operating cash flow,completed,30.6,"Treasury May variance was $1,978,905 vs plan",06/16/2026 10:46:35 AM
r03-0002422,kharris@harwellinsurancegroup.com,[Variance Explainer] Which cost centers are over budget YTD?,completed,56.3,"Accounting Mar variance was $833,573 vs plan",06/16/2026 01:16:35 PM
r03-0002423,lmartin@harwellinsurancegroup.com,[Close Checklist Bot] What drove the change in gross margin this quarter?,completed,57.1,"FP&A Mar variance was $3,259,955 vs plan",06/16/2026 03:56:28 PM
r03-0002424,jjones@harwellinsurancegroup.com,[Revenue Recognizer] Why did Treasury spend exceed budget in Jun?,completed,61.2,"Treasury Jun variance was $4,191,652 vs plan",06/16/2026 10:55:35 AM
r03-0002425,ssanchez@harwellinsurancegroup.com,[Variance Explainer] What drove the change in gross margin this quarter?,completed,43.6,"Accounting Jan variance was $2,149,230 vs plan",06/16/2026 01:11:02 PM
r03-0002426,lwhite@harwellinsurancegroup.com,[Headcount Planner] Check covenant compliance for the revolver,completed,65.4,"FP&A Jun variance was $27,239 vs plan",06/16/2026 09:20:09 AM
r03-0002427,lmartin@harwellinsurancegroup.com,[Variance Explainer] Which cost centers are over budget YTD?,completed,44.8,"Accounting Feb variance was $4,520,615 vs plan",06/16/2026 08:31:04 AM
r03-0002428,ssanchez@harwellinsurancegroup.com,[Journal Entry Reviewer] Forecast Feb operating cash flow,completed,24.2,"Accounting Feb variance was $1,103,926 vs plan",06/16/2026 01:08:30 PM
r03-0002429,kharris@harwellinsurancegroup.com,[Cash Forecaster] Reconcile AP aging over 90 days for US-09,completed,61.1,"Treasury May variance was $4,235,085 vs plan",06/16/2026 02:16:35 PM
r03-0002430,ssanchez@harwellinsurancegroup.com,[AP Aging Analyst] Draft flux commentary for the Apr close,completed,0.4,ERROR: upstream request timed out,06/17/2026 12:21:44 PM
r03-0002431,bwilliams@harwellinsurancegroup.com,[Flux Commentary] Check covenant compliance for the revolver,completed,24.3,"Treasury Apr variance was $3,119,578 vs plan",06/17/2026 06:13:08 PM
r03-0002432,rmartinez@harwellinsurancegroup.com,[AP Aging Analyst] Reconcile AP aging over 90 days for US-02,completed,23.1,"FP&A Jun variance was $4,485,373 vs plan",06/17/2026 11:45:39 AM
r03-0002433,ssanchez@harwellinsurancegroup.com,[Covenant Checker] Explain the headcount variance vs plan,completed,1.1,FAILED: null reference in aggregation step,06/17/2026 02:01:57 PM
r03-0002434,ssanchez@harwellinsurancegroup.com,[Vendor Spend Analyzer] Which cost centers are over budget YTD?,completed,26.1,"Ops Feb variance was $4,300,917 vs plan",06/17/2026 11:12:04 AM
r03-0002435,ssanchez@harwellinsurancegroup.com,[Close Checklist Bot] Reconcile AP aging over 90 days for MX-09,completed,54.9,"Treasury Mar variance was $1,073,292 vs plan",06/17/2026 10:06:40 AM
r03-0002436,kharris@harwellinsurancegroup.com,[Close Checklist Bot] Forecast Jun operating cash flow,completed,25.1,"Ops Jun variance was $1,416,747 vs plan",06/17/2026 01:50:55 PM
r03-0002437,ssanchez@harwellinsurancegroup.com,[Covenant Checker] Reconcile AP aging over 90 days for US-09,completed,70.5,"Treasury May variance was $4,606,314 vs plan",06/17/2026 02:13:57 PM
r03-0002438,jrobinson@harwellinsurancegroup.com,[Journal Entry Reviewer] Check covenant compliance for the revolver,completed,10.1,"Treasury Mar variance was $2,005,514 vs plan",06/17/2026 03:23:30 PM
r03-0002439,ssanchez@harwellinsurancegroup.com,[Variance Explainer] What drove the change in gross margin this quarter?,completed,39.6,"Accounting Mar variance was $4,582,136 vs plan",06/17/2026 03:15:42 PM
r03-0002440,ssanchez@harwellinsurancegroup.com,[Headcount Planner] Check covenant compliance for the revolver,completed,73.6,"Treasury Jan variance was $1,203,044 vs plan",06/17/2026 11:13:50 AM
r03-0002441,phaddad@harwellinsurancegroup.com,[Close Checklist Bot] Explain the headcount variance vs plan,completed,5.5,"Accounting Apr variance was $4,673,036 vs plan",06/17/2026 04:32:50 PM
r03-0002442,kharris@harwellinsurancegroup.com,[AP Aging Analyst] Why did Treasury spend exceed budget in Apr?,completed,34.2,"Treasury Apr variance was $2,164,109 vs plan",06/17/2026 02:59:25 PM
r03-0002443,ssanchez@harwellinsurancegroup.com,[Budget vs Actual] Which cost centers are over budget YTD?,completed,1.6,error code 502 from model gateway,06/17/2026 02:02:24 PM
r03-0002444,mmiller@harwellinsurancegroup.com,[Flux Commentary] Reconcile AP aging over 90 days for US-07,completed,39.9,"Treasury Jan variance was $1,276,946 vs plan",06/17/2026 02:56:13 PM
r03-0002445,kharris@harwellinsurancegroup.com,[Close Checklist Bot] Explain the headcount variance vs plan,completed,25.0,"Treasury May variance was $783,919 vs plan",06/17/2026 12:59:43 PM
r03-0002446,ssanchez@harwellinsurancegroup.com,[Journal Entry Reviewer] Why did Ops spend exceed budget in Mar?,completed,32.4,"Ops Mar variance was $1,871,213 vs plan",06/17/2026 10:17:28 AM
r03-0002447,ssanchez@harwellinsurancegroup.com,[Variance Explainer] Explain the headcount variance vs plan,completed,69.1,"Treasury Apr variance was $434,333 vs plan",06/17/2026 10:40:10 AM
r03-0002448,ssanchez@harwellinsurancegroup.com,[Flux Commentary] Build the board deck cash slide for Feb,completed,20.2,"Accounting Feb variance was $2,336,827 vs plan",06/17/2026 02:01:01 PM
r03-0002449,ssanchez@harwellinsurancegroup.com,[Budget vs Actual] What drove the change in gross margin this quarter?,completed,30.6,"Treasury Jan variance was $2,520,675 vs plan",06/17/2026 10:44:42 AM
r03-0002450,ssanchez@harwellinsurancegroup.com,[AP Aging Analyst] Forecast Feb operating cash flow,completed,54.3,"FP&A Feb variance was $325,636 vs plan",06/17/2026 06:08:45 PM
r03-0002451,kharris@harwellinsurancegroup.com,[Headcount Planner] Check covenant compliance for the revolver,completed,20.9,"Treasury Mar variance was $3,708,017 vs plan",06/17/2026 09:00:44 AM
r03-0002452,ssanchez@harwellinsurancegroup.com,[Revenue Recognizer] Which cost centers are over budget YTD?,completed,19.6,"Treasury Jan variance was $972,146 vs plan",06/17/2026 06:09:29 PM
r03-0002453,ssanchez@harwellinsurancegroup.com,[AP Aging Analyst] Check covenant compliance for the revolver,completed,0.5,Traceback (most recent call last): KeyError 'entity',06/17/2026 10:26:24 AM
r03-0002454,ymartinez@harwellinsurancegroup.com,[Board Deck Builder] Draft flux commentary for the Jan close,completed,6.2,"Treasury Jan variance was $4,480,562 vs plan",06/18/2026 01:48:59 PM
r03-0002455,ssanchez@harwellinsurancegroup.com,[Cash Forecaster] Why did Accounting spend exceed budget in Apr?,completed,19.4,"Accounting Apr variance was $1,884,360 vs plan",06/18/2026 10:07:52 AM
r03-0002456,kharris@harwellinsurancegroup.com,[Vendor Spend Analyzer] Explain the headcount variance vs plan,completed,37.8,"FP&A Feb variance was $3,696,214 vs plan",06/18/2026 05:36:19 PM
r03-0002457,ssanchez@harwellinsurancegroup.com,[Revenue Recognizer] Build the board deck cash slide for Mar,completed,14.9,"FP&A Mar variance was $2,128,403 vs plan",06/18/2026 07:02:39 AM
r03-0002458,ssanchez@harwellinsurancegroup.com,[Headcount Planner] Build the board deck cash slide for Jan,completed,66.8,"Accounting Jan variance was $4,625,569 vs plan",06/18/2026 07:06:02 AM
r03-0002459,kharris@harwellinsurancegroup.com,[AP Aging Analyst] Build the board deck cash slide for Jun,error,6.6,ERROR: upstream request timed out,06/18/2026 11:35:52 AM
r03-0002460,ssanchez@harwellinsurancegroup.com,[Headcount Planner] Draft flux commentary for the Jan close,completed,1.5,FAILED: null reference in aggregation step,06/18/2026 06:14:15 AM
r03-0002461,lmartin@harwellinsurancegroup.com,[Covenant Checker] Why did Treasury spend exceed budget in Feb?,completed,29.7,"Treasury Feb variance was $1,571,583 vs plan",06/18/2026 04:30:14 PM
r03-0002462,kjohnson@harwellinsurancegroup.com,[Journal Entry Reviewer] Forecast Apr operating cash flow,completed,52.8,"Treasury Apr variance was $3,121,449 vs plan",06/18/2026 08:34:35 AM
r03-0002463,ssanchez@harwellinsurancegroup.com,[Board Deck Builder] Build the board deck cash slide for Jun,completed,58.1,"Ops Jun variance was $3,283,202 vs plan",06/18/2026 02:46:26 PM
r03-0002464,ssanchez@harwellinsurancegroup.com,[Flux Commentary] Explain the headcount variance vs plan,completed,26.1,"Accounting Mar variance was $3,600,232 vs plan",06/18/2026 07:31:11 PM
r03-0002465,ssanchez@harwellinsurancegroup.com,[Vendor Spend Analyzer] Draft flux commentary for the May close,completed,13.1,"FP&A May variance was $928,721 vs plan",06/18/2026 09:37:43 AM
r03-0002466,ssanchez@harwellinsurancegroup.com,[Board Deck Builder] Which cost centers are over budget YTD?,completed,70.5,"Ops May variance was $3,961,887 vs plan",06/18/2026 11:01:55 AM
r03-0002467,lmartin@harwellinsurancegroup.com,[AP Aging Analyst] Which cost centers are over budget YTD?,completed,45.2,"Accounting Jun variance was $4,216,082 vs plan",06/18/2026 12:16:12 PM
r03-0002468,ssanchez@harwellinsurancegroup.com,[AP Aging Analyst] Which cost centers are over budget YTD?,error,6.6,error: connection reset by peer,06/18/2026 10:06:57 AM
r03-0002469,ssanchez@harwellinsurancegroup.com,[Covenant Checker] What drove the change in gross margin this quarter?,completed,11.8,"Accounting May variance was $863,426 vs plan",06/18/2026 02:12:35 PM
r03-0002470,ssanchez@harwellinsurancegroup.com,[Covenant Checker] What drove the change in gross margin this quarter?,completed,38.6,"FP&A Jun variance was $2,487,847 vs plan",06/18/2026 05:15:05 PM
r03-0002471,lwhite@harwellinsurancegroup.com,[Journal Entry Reviewer] Which cost centers are over budget YTD?,completed,64.9,"Accounting Jun variance was $1,624,369 vs plan",06/18/2026 12:27:26 PM
r03-0002472,lwhite@harwellinsurancegroup.com,[AP Aging Analyst] Build the board deck cash slide for Jan,completed,1.9,ERROR: upstream request timed out,06/18/2026 06:25:31 AM
r03-0002473,ssanchez@harwellinsurancegroup.com,[Vendor Spend Analyzer] Explain the headcount variance vs plan,completed,62.5,"Ops Jun variance was $2,440,550 vs plan",06/18/2026 05:23:16 PM
r03-0002474,ssanchez@harwellinsurancegroup.com,[Flux Commentary] Explain the headcount variance vs plan,completed,45.0,"Accounting Jun variance was $2,690,002 vs plan",06/18/2026 10:18:48 AM
r03-0002475,bwilliams@harwellinsurancegroup.com,[Headcount Planner] Reconcile AP aging over 90 days for US-07,completed,6.6,"Ops Jan variance was $4,418,467 vs plan",06/18/2026 08:52:20 AM
r03-0002476,ssanchez@harwellinsurancegroup.com,[Board Deck Builder] Summarize the May variance for entity CA-08,error,8.0,FAILED: null reference in aggregation step,06/18/2026 03:15:48 PM
r03-0002477,ssanchez@harwellinsurancegroup.com,[Revenue Recognizer] Summarize the May variance for entity US-02,completed,52.5,"FP&A May variance was $215,988 vs plan",06/18/2026 09:47:42 AM
r03-0002478,ssanchez@harwellinsurancegroup.com,[Covenant Checker] Summarize the Mar variance for entity EU-09,completed,69.2,"Ops Mar variance was $2,692,147 vs plan",06/18/2026 01:36:26 PM
r03-0002479,jjones@harwellinsurancegroup.com,[Flux Commentary] Forecast Feb operating cash flow,completed,39.2,"Accounting Feb variance was $358,897 vs plan",06/18/2026 02:04:12 PM
r03-0002480,ssanchez@harwellinsurancegroup.com,[Journal Entry Reviewer] Explain the headcount variance vs plan,error,5.0,error: connection reset by peer,06/18/2026 12:42:16 PM
r03-0002481,ssanchez@harwellinsurancegroup.com,[Vendor Spend Analyzer] Build the board deck cash slide for Apr,completed,19.2,"Accounting Apr variance was $1,832,836 vs plan",06/18/2026 02:44:18 PM
r03-0002482,bwilliams@harwellinsurancegroup.com,[Board Deck Builder] Explain the headcount variance vs plan,completed,28.9,"FP&A May variance was $1,515,665 vs plan",06/18/2026 03:05:40 PM
r03-0002483,ssanchez@harwellinsurancegroup.com,[Cash Forecaster] Summarize the Apr variance for entity CA-04,completed,55.1,"FP&A Apr variance was $2,890,083 vs plan",06/18/2026 05:00:15 PM
r03-0002484,ssanchez@harwellinsurancegroup.com,[Variance Explainer] Build the board deck cash slide for Feb,completed,33.6,"FP&A Feb variance was $1,285,533 vs plan",06/18/2026 11:56:25 AM
r03-0002485,mramirez@harwellinsurancegroup.com,[Close Checklist Bot] Which cost centers are over budget YTD?,completed,1.3,ERROR: upstream request timed out,06/18/2026 02:43:08 PM
r03-0002486,ssanchez@harwellinsurancegroup.com,[Revenue Recognizer] Which cost centers are over budget YTD?,completed,40.9,"FP&A Apr variance was $4,435,185 vs plan",06/19/2026 12:37:33 PM
r03-0002487,ssanchez@harwellinsurancegroup.com,[Journal Entry Reviewer] Build the board deck cash slide for Apr,completed,63.5,"FP&A Apr variance was $3,643,508 vs plan",06/19/2026 08:07:28 AM
r03-0002488,jrobinson@harwellinsurancegroup.com,[Budget vs Actual] Draft flux commentary for the Mar close,completed,22.4,"FP&A Mar variance was $4,069,136 vs plan",06/19/2026 05:48:08 PM
r03-0002489,ssanchez@harwellinsurancegroup.com,[Headcount Planner] Forecast Apr operating cash flow,completed,30.1,"Accounting Apr variance was $2,937,868 vs plan",06/19/2026 11:41:17 AM
r03-0002490,ssanchez@harwellinsurancegroup.com,[Budget vs Actual] Forecast Mar operating cash flow,completed,14.4,"Ops Mar variance was $3,911,050 vs plan",06/19/2026 05:08:15 PM
r03-0002491,kjohnson@harwellinsurancegroup.com,[Covenant Checker] Forecast Jun operating cash flow,completed,12.1,"Ops Jun variance was $4,667,307 vs plan",06/19/2026 10:57:18 AM
r03-0002492,lmartin@harwellinsurancegroup.com,[Variance Explainer] Which cost centers are over budget YTD?,completed,8.2,"FP&A Jun variance was $2,455,921 vs plan",06/19/2026 03:23:01 PM
r03-0002493,ssanchez@harwellinsurancegroup.com,[Flux Commentary] Which cost centers are over budget YTD?,completed,5.7,"Accounting Feb variance was $1,471,721 vs plan",06/19/2026 09:55:37 AM
r03-0002494,ssanchez@harwellinsurancegroup.com,[Board Deck Builder] Build the board deck cash slide for May,completed,56.4,"Ops May variance was $1,380,450 vs plan",06/19/2026 06:45:35 PM
r03-0002495,ssanchez@harwellinsurancegroup.com,[Covenant Checker] Which cost centers are over budget YTD?,completed,67.9,"FP&A Jun variance was $4,229,106 vs plan",06/19/2026 09:41:04 AM
r03-0002496,ssanchez@harwellinsurancegroup.com,[Close Checklist Bot] Summarize the Apr variance for entity MX-06,completed,72.5,"Treasury Apr variance was $4,738,537 vs plan",06/19/2026 03:33:57 PM
r03-0002497,kharris@harwellinsurancegroup.com,[Budget vs Actual] Reconcile AP aging over 90 days for MX-05,completed,13.2,"Treasury Feb variance was $3,633,847 vs plan",06/19/2026 03:42:51 PM
r03-0002498,ssanchez@harwellinsurancegroup.com,[Journal Entry Reviewer] Reconcile AP aging over 90 days for CA-06,completed,66.9,"FP&A Feb variance was $537,154 vs plan",06/19/2026 02:54:27 PM
r03-0002499,pthompson@harwellinsurancegroup.com,[Vendor Spend Analyzer] Draft flux commentary for the Jan close,completed,47.5,"Treasury Jan variance was $1,345,023 vs plan",06/19/2026 01:16:14 PM
r03-0002500,ssanchez@harwellinsurancegroup.com,[AP Aging Analyst] Summarize the Mar variance for entity CA-07,completed,16.3,"Accounting Mar variance was $2,977,760 vs plan",06/19/2026 02:08:37 PM
r03-0002501,ssanchez@harwellinsurancegroup.com,[Close Checklist Bot] Why did FP&A spend exceed budget in Mar?,completed,1.5,ERROR: upstream request timed out,06/19/2026 01:38:51 PM
r03-0002502,ssanchez@harwellinsurancegroup.com,[Vendor Spend Analyzer] Why did Accounting spend exceed budget in Jan?,completed,34.3,"Accounting Jan variance was $3,831,051 vs plan",06/19/2026 11:24:34 AM
r03-0002503,kharris@harwellinsurancegroup.com,[Vendor Spend Analyzer] Reconcile AP aging over 90 days for EU-05,completed,60.7,"Ops Jan variance was $1,940,536 vs plan",06/19/2026 09:28:23 AM
r03-0002504,ssanchez@harwellinsurancegroup.com,[Headcount Planner] What drove the change in gross margin this quarter?,error,3.2,error: connection reset by peer,06/19/2026 03:41:41 PM
r03-0002505,ssanchez@harwellinsurancegroup.com,[Covenant Checker] Forecast Jan operating cash flow,completed,24.5,"Ops Jan variance was $858,284 vs plan",06/19/2026 11:08:48 AM
r03-0002506,ssanchez@harwellinsurancegroup.com,[Revenue Recognizer] Draft flux commentary for the Mar close,completed,1.0,Traceback (most recent call last): KeyError 'entity',06/19/2026 06:23:27 AM
r03-0002507,ssanchez@harwellinsurancegroup.com,[Budget vs Actual] Explain the headcount variance vs plan,completed,59.7,"Ops Feb variance was $4,378,891 vs plan",06/19/2026 01:48:31 PM
r03-0002508,phaddad@harwellinsurancegroup.com,[Close Checklist Bot] Explain the headcount variance vs plan,completed,42.5,"Treasury Mar variance was $311,228 vs plan",06/19/2026 03:48:20 PM
r03-0002509,pgonzalez@harwellinsurancegroup.com,[Cash Forecaster] What drove the change in gross margin this quarter?,completed,5.1,"Treasury Jan variance was $1,180,874 vs plan",06/19/2026 12:29:22 PM
r03-0002510,kharris@harwellinsurancegroup.com,[Vendor Spend Analyzer] Summarize the Apr variance for entity EU-06,completed,72.5,"Ops Apr variance was $841,287 vs plan",06/19/2026 12:27:18 PM
r03-0002511,mramirez@harwellinsurancegroup.com,[Revenue Recognizer] Build the board deck cash slide for Apr,completed,61.5,"Treasury Apr variance was $1,747,812 vs plan",06/19/2026 09:24:18 AM
r03-0002512,ssanchez@harwellinsurancegroup.com,[Variance Explainer] What drove the change in gross margin this quarter?,completed,13.3,"Ops Jun variance was $3,703,694 vs plan",06/19/2026 01:06:08 PM
r03-0002513,ssanchez@harwellinsurancegroup.com,[Variance Explainer] Check covenant compliance for the revolver,completed,33.0,"Accounting May variance was $1,084,473 vs plan",06/20/2026 03:03:28 PM
r03-0002514,ssanchez@harwellinsurancegroup.com,[Budget vs Actual] Build the board deck cash slide for Jun,completed,47.6,"Ops Jun variance was $3,138,022 vs plan",06/20/2026 11:32:25 AM
r03-0002515,ssanchez@harwellinsurancegroup.com,[AP Aging Analyst] Which cost centers are over budget YTD?,completed,31.9,"Treasury Jan variance was $983,587 vs plan",06/20/2026 11:36:08 AM
r03-0002516,ssanchez@harwellinsurancegroup.com,[Variance Explainer] Forecast May operating cash flow,completed,32.4,"Accounting May variance was $2,292,107 vs plan",06/20/2026 06:12:44 AM
r03-0002517,ssanchez@harwellinsurancegroup.com,[Flux Commentary] Check covenant compliance for the revolver,completed,21.1,"Ops May variance was $3,036,153 vs plan",06/20/2026 08:37:05 AM
r03-0002518,ssanchez@harwellinsurancegroup.com,[Cash Forecaster] Check covenant compliance for the revolver,completed,48.8,"Accounting Mar variance was $2,296,271 vs plan",06/20/2026 09:39:39 AM
r03-0002519,rthompson@harwellinsurancegroup.com,[Cash Forecaster] Draft flux commentary for the Apr close,completed,14.6,"Accounting Apr variance was $2,294,684 vs plan",06/20/2026 04:03:10 PM
r03-0002520,ssanchez@harwellinsurancegroup.com,[Cash Forecaster] Which cost centers are over budget YTD?,completed,47.5,"FP&A Mar variance was $4,289,378 vs plan",06/21/2026 01:12:47 PM
r03-0002521,lwhite@harwellinsurancegroup.com,[Headcount Planner] Which cost centers are over budget YTD?,completed,19.5,"Ops Jun variance was $3,580,496 vs plan",06/21/2026 03:24:37 PM
r03-0002522,ssanchez@harwellinsurancegroup.com,[Headcount Planner] Draft flux commentary for the Jun close,completed,14.0,"Accounting Jun variance was $3,953,851 vs plan",06/21/2026 12:57:14 PM
r03-0002523,ssanchez@harwellinsurancegroup.com,[Close Checklist Bot] Which cost centers are over budget YTD?,completed,67.0,"FP&A Feb variance was $496,449 vs plan",06/21/2026 04:19:50 PM
r03-0002524,ssanchez@harwellinsurancegroup.com,[Vendor Spend Analyzer] Which cost centers are over budget YTD?,completed,31.0,"Accounting May variance was $3,795,477 vs plan",06/21/2026 08:11:20 AM
r03-0002525,kharris@harwellinsurancegroup.com,[Vendor Spend Analyzer] Draft flux commentary for the May close,completed,63.9,"Accounting May variance was $1,538,825 vs plan",06/21/2026 04:28:18 PM
r03-0002526,ssanchez@harwellinsurancegroup.com,[Vendor Spend Analyzer] Summarize the Mar variance for entity CA-06,completed,32.9,"Ops Mar variance was $1,847,025 vs plan",06/21/2026 06:44:33 PM
r03-0002527,dthompson@harwellinsurancegroup.com,[Flux Commentary] What drove the change in gross margin this quarter?,completed,0.4,FAILED: null reference in aggregation step,06/21/2026 09:18:09 AM
r03-0002528,ssanchez@harwellinsurancegroup.com,[Journal Entry Reviewer] Check covenant compliance for the revolver,completed,5.0,"Ops May variance was $2,773,041 vs plan",06/22/2026 12:10:32 PM
r03-0002529,ssanchez@harwellinsurancegroup.com,[Revenue Recognizer] Build the board deck cash slide for Apr,completed,65.7,"Accounting Apr variance was $1,982,543 vs plan",06/22/2026 04:35:01 PM
r03-0002530,bwilliams@harwellinsurancegroup.com,[Headcount Planner] Explain the headcount variance vs plan,completed,64.5,"FP&A Jan variance was $3,221,270 vs plan",06/22/2026 04:48:22 PM
r03-0002531,kharris@harwellinsurancegroup.com,[Headcount Planner] What drove the change in gross margin this quarter?,completed,52.4,"FP&A Mar variance was $2,729,939 vs plan",06/22/2026 02:17:54 PM
r03-0002532,ssanchez@harwellinsurancegroup.com,[Board Deck Builder] Reconcile AP aging over 90 days for MX-03,completed,8.0,"Treasury May variance was $2,171,125 vs plan",06/22/2026 10:56:55 AM
r03-0002533,kjohnson@harwellinsurancegroup.com,[Revenue Recognizer] Build the board deck cash slide for Jun,completed,64.1,"Treasury Jun variance was $4,407,242 vs plan",06/22/2026 09:52:30 AM
r03-0002534,ssanchez@harwellinsurancegroup.com,[Budget vs Actual] Build the board deck cash slide for Apr,completed,40.2,"Ops Apr variance was $2,193,121 vs plan",06/22/2026 03:22:21 PM
r03-0002535,mmiller@harwellinsurancegroup.com,[Headcount Planner] Which cost centers are over budget YTD?,completed,27.9,"Ops Feb variance was $2,443,702 vs plan",06/22/2026 11:39:52 AM
r03-0002536,lwhite@harwellinsurancegroup.com,[Revenue Recognizer] Why did Accounting spend exceed budget in Mar?,completed,68.3,"Accounting Mar variance was $3,731,004 vs plan",06/22/2026 02:08:56 PM
r03-0002537,ssanchez@harwellinsurancegroup.com,[Cash Forecaster] Why did Accounting spend exceed budget in Jun?,completed,46.0,"Accounting Jun variance was $191,044 vs plan",06/22/2026 03:39:00 PM
r03-0002538,flopez@harwellinsurancegroup.com,[Journal Entry Reviewer] Which cost centers are over budget YTD?,completed,18.0,"FP&A Jan variance was $3,293,168 vs plan",06/22/2026 12:05:14 PM
r03-0002539,jrobinson@harwellinsurancegroup.com,[Vendor Spend Analyzer] Draft flux commentary for the Jun close,completed,41.0,"Ops Jun variance was $583,151 vs plan",06/22/2026 04:59:42 PM
r03-0002540,kharris@harwellinsurancegroup.com,[Close Checklist Bot] Forecast Jan operating cash flow,completed,51.6,"Accounting Jan variance was $1,578,411 vs plan",06/22/2026 04:01:47 PM
r03-0002541,mrobinson@harwellinsurancegroup.com,[Journal Entry Reviewer] Summarize the May variance for entity MX-03,completed,55.7,"Ops May variance was $1,519,546 vs plan",06/22/2026 02:45:26 PM
r03-0002542,jwalker@harwellinsurancegroup.com,[Journal Entry Reviewer] Build the board deck cash slide for Mar,completed,18.9,"Treasury Mar variance was $4,336,312 vs plan",06/22/2026 03:33:45 PM
r03-0002543,kharris@harwellinsurancegroup.com,[Flux Commentary] Draft flux commentary for the May close,completed,15.6,"Treasury May variance was $2,333,887 vs plan",06/22/2026 10:26:45 AM
r03-0002544,phaddad@harwellinsurancegroup.com,[Journal Entry Reviewer] Check covenant compliance for the revolver,error,5.4,ERROR: upstream request timed out,06/22/2026 08:20:43 PM
r03-0002545,lwhite@harwellinsurancegroup.com,[Covenant Checker] Explain the headcount variance vs plan,completed,21.2,"Treasury Mar variance was $4,339,888 vs plan",06/22/2026 08:32:18 AM
r03-0002546,ssanchez@harwellinsurancegroup.com,[AP Aging Analyst] Forecast Jun operating cash flow,completed,51.1,"Ops Jun variance was $4,096,346 vs plan",06/22/2026 09:55:06 AM
r03-0002547,ssanchez@harwellinsurancegroup.com,[Flux Commentary] What drove the change in gross margin this quarter?,completed,51.9,"Treasury Feb variance was $946,287 vs plan",06/22/2026 11:17:39 AM
r03-0002548,mrobinson@harwellinsurancegroup.com,[Flux Commentary] Which cost centers are over budget YTD?,completed,18.6,"Treasury May variance was $744,028 vs plan",06/22/2026 10:39:04 AM
r03-0002549,mrobinson@harwellinsurancegroup.com,[Vendor Spend Analyzer] Explain the headcount variance vs plan,completed,15.1,"Accounting Jan variance was $1,963,038 vs plan",06/22/2026 02:34:39 PM
r03-0002550,ssanchez@harwellinsurancegroup.com,[Cash Forecaster] Summarize the Apr variance for entity MX-04,completed,9.0,"FP&A Apr variance was $1,031,315 vs plan",06/22/2026 09:13:35 PM
r03-0002551,pgonzalez@harwellinsurancegroup.com,[Cash Forecaster] Summarize the Apr variance for entity US-03,completed,49.4,"Accounting Apr variance was $1,449,229 vs plan",06/22/2026 10:43:20 AM
r03-0002552,ssanchez@harwellinsurancegroup.com,[Covenant Checker] Build the board deck cash slide for Jun,completed,55.4,"Ops Jun variance was $29,050 vs plan",06/22/2026 10:15:26 AM
r03-0002553,lwhite@harwellinsurancegroup.com,[Cash Forecaster] Why did Accounting spend exceed budget in Feb?,completed,72.9,"Accounting Feb variance was $3,081,255 vs plan",06/22/2026 11:32:57 AM
r03-0002554,dlee@harwellinsurancegroup.com,[Budget vs Actual] Summarize the Mar variance for entity US-09,error,5.1,error code 502 from model gateway,06/22/2026 11:29:33 AM
r03-0002555,ssanchez@harwellinsurancegroup.com,[Close Checklist Bot] Summarize the May variance for entity MX-04,completed,26.3,"FP&A May variance was $2,408,825 vs plan",06/22/2026 05:20:20 PM
r03-0002556,kharris@harwellinsurancegroup.com,[Covenant Checker] Explain the headcount variance vs plan,completed,40.4,"Ops Feb variance was $1,215,239 vs plan",06/22/2026 07:45:59 PM
r03-0002557,agarcia@harwellinsurancegroup.com,[AP Aging Analyst] Summarize the May variance for entity MX-02,completed,68.9,"FP&A May variance was $3,452,484 vs plan",06/22/2026 02:30:50 PM
r03-0002558,agarcia@harwellinsurancegroup.com,[Board Deck Builder] Summarize the Jan variance for entity CA-07,completed,11.5,"Ops Jan variance was $3,202,540 vs plan",06/22/2026 01:02:18 PM
r03-0002559,ssanchez@harwellinsurancegroup.com,[Revenue Recognizer] Summarize the Jan variance for entity EU-01,completed,38.3,"FP&A Jan variance was $1,595,619 vs plan",06/22/2026 02:26:28 PM
r03-0002560,ssanchez@harwellinsurancegroup.com,[Revenue Recognizer] Build the board deck cash slide for Apr,completed,64.8,"Treasury Apr variance was $4,648,187 vs plan",06/22/2026 10:56:10 AM
r03-0002561,ssanchez@harwellinsurancegroup.com,[Board Deck Builder] Reconcile AP aging over 90 days for EU-06,error,6.3,error code 502 from model gateway,06/22/2026 01:54:13 PM
r03-0002562,ssanchez@harwellinsurancegroup.com,[Close Checklist Bot] Summarize the Feb variance for entity EU-01,completed,56.0,"Treasury Feb variance was $3,215,725 vs plan",06/23/2026 05:45:09 PM
r03-0002563,flopez@harwellinsurancegroup.com,[Variance Explainer] Explain the headcount variance vs plan,completed,18.4,"Accounting Feb variance was $3,932,120 vs plan",06/23/2026 03:50:56 PM
r03-0002564,mramirez@harwellinsurancegroup.com,[Vendor Spend Analyzer] What drove the change in gross margin this quarter?,completed,19.9,"Ops Jun variance was $2,208,214 vs plan",06/23/2026 11:17:57 AM
r03-0002565,kharris@harwellinsurancegroup.com,[Cash Forecaster] Reconcile AP aging over 90 days for EU-02,completed,23.2,"Accounting Feb variance was $458,246 vs plan",06/23/2026 02:38:16 PM
r03-0002566,ssanchez@harwellinsurancegroup.com,[Close Checklist Bot] What drove the change in gross margin this quarter?,completed,29.5,"Accounting Mar variance was $1,155,668 vs plan",06/23/2026 10:40:39 AM
r03-0002567,ssanchez@harwellinsurancegroup.com,[Budget vs Actual] Forecast Jan operating cash flow,completed,39.5,"Ops Jan variance was $84,204 vs plan",06/23/2026 06:36:25 AM
r03-0002568,ssanchez@harwellinsurancegroup.com,[AP Aging Analyst] Why did Ops spend exceed budget in Feb?,completed,37.1,"Ops Feb variance was $22,683 vs plan",06/23/2026 03:28:26 PM
r03-0002569,kjohnson@harwellinsurancegroup.com,[Close Checklist Bot] Explain the headcount variance vs plan,error,4.1,error code 502 from model gateway,06/23/2026 05:27:51 PM
r03-0002570,ssanchez@harwellinsurancegroup.com,[AP Aging Analyst] Explain the headcount variance vs plan,completed,34.6,"Accounting Jan variance was $2,633,493 vs plan",06/23/2026 03:09:15 PM
r03-0002571,ssanchez@harwellinsurancegroup.com,[Covenant Checker] Forecast Feb operating cash flow,completed,15.2,"Accounting Feb variance was $1,827,209 vs plan",06/23/2026 01:30:13 PM
r03-0002572,thaddad@harwellinsurancegroup.com,[Close Checklist Bot] Reconcile AP aging over 90 days for CA-01,completed,27.1,"Treasury Apr variance was $3,188,025 vs plan",06/23/2026 12:30:03 PM
r03-0002573,ssanchez@harwellinsurancegroup.com,[Variance Explainer] Draft flux commentary for the Feb close,completed,25.9,"Accounting Feb variance was $77,053 vs plan",06/23/2026 12:26:59 PM
r03-0002574,ssanchez@harwellinsurancegroup.com,[Board Deck Builder] Forecast May operating cash flow,completed,37.5,"Accounting May variance was $1,805,448 vs plan",06/23/2026 05:52:58 PM
r03-0002575,thaddad@harwellinsurancegroup.com,[Budget vs Actual] Build the board deck cash slide for Feb,completed,37.3,"FP&A Feb variance was $4,207,088 vs plan",06/23/2026 08:03:04 AM
r03-0002576,kjohnson@harwellinsurancegroup.com,[Journal Entry Reviewer] Summarize the Mar variance for entity EU-01,completed,13.4,"Ops Mar variance was $4,247,626 vs plan",06/23/2026 11:44:55 AM
r03-0002577,ssanchez@harwellinsurancegroup.com,[Board Deck Builder] Which cost centers are over budget YTD?,completed,14.9,"FP&A Jan variance was $4,754,951 vs plan",06/23/2026 04:35:27 PM
r03-0002578,kjohnson@harwellinsurancegroup.com,[Close Checklist Bot] Check covenant compliance for the revolver,completed,31.1,"FP&A Mar variance was $222,545 vs plan",06/23/2026 02:37:30 PM
r03-0002579,ssanchez@harwellinsurancegroup.com,[AP Aging Analyst] Why did Accounting spend exceed budget in May?,completed,45.3,"Accounting May variance was $1,895,524 vs plan",06/23/2026 02:17:45 PM
r03-0002580,kjohnson@harwellinsurancegroup.com,[Cash Forecaster] Check covenant compliance for the revolver,completed,66.7,"Treasury May variance was $2,450,924 vs plan",06/23/2026 03:05:52 PM
r03-0002581,ssanchez@harwellinsurancegroup.com,[Vendor Spend Analyzer] Why did Accounting spend exceed budget in Apr?,completed,57.3,"Accounting Apr variance was $513,959 vs plan",06/23/2026 11:29:22 AM
r03-0002582,ssanchez@harwellinsurancegroup.com,[Covenant Checker] Summarize the Feb variance for entity EU-08,completed,18.6,"FP&A Feb variance was $1,644,747 vs plan",06/23/2026 10:25:04 AM
r03-0002583,lwhite@harwellinsurancegroup.com,[Cash Forecaster] Explain the headcount variance vs plan,completed,44.8,"Ops Jun variance was $3,279,479 vs plan",06/23/2026 11:12:23 AM
r03-0002584,kjohnson@harwellinsurancegroup.com,[Variance Explainer] Build the board deck cash slide for Jun,completed,23.9,"Accounting Jun variance was $3,302,507 vs plan",06/23/2026 07:40:15 AM
r03-0002585,ssanchez@harwellinsurancegroup.com,[Close Checklist Bot] Summarize the Apr variance for entity EU-09,completed,21.3,"Ops Apr variance was $3,486,627 vs plan",06/23/2026 01:40:07 PM
r03-0002586,ssanchez@harwellinsurancegroup.com,[Covenant Checker] Draft flux commentary for the Feb close,completed,69.1,"Treasury Feb variance was $3,413,646 vs plan",06/23/2026 08:02:16 AM
r03-0002587,ssanchez@harwellinsurancegroup.com,[Covenant Checker] Explain the headcount variance vs plan,error,5.9,ERROR: upstream request timed out,06/23/2026 04:49:16 PM
r03-0002588,ssanchez@harwellinsurancegroup.com,[AP Aging Analyst] Explain the headcount variance vs plan,completed,73.2,"FP&A May variance was $4,181,744 vs plan",06/23/2026 12:02:27 PM
r03-0002589,ssanchez@harwellinsurancegroup.com,[Headcount Planner] Reconcile AP aging over 90 days for US-08,completed,0.7,error code 502 from model gateway,06/23/2026 08:40:12 AM
r03-0002590,ssanchez@harwellinsurancegroup.com,[Budget vs Actual] Check covenant compliance for the revolver,completed,61.1,"Ops May variance was $627,431 vs plan",06/23/2026 12:43:11 PM
r03-0002591,ssanchez@harwellinsurancegroup.com,[Close Checklist Bot] Summarize the Apr variance for entity EU-01,completed,55.3,"Treasury Apr variance was $2,740,944 vs plan",06/23/2026 01:24:40 PM
r03-0002592,ssanchez@harwellinsurancegroup.com,[Journal Entry Reviewer] Forecast Jun operating cash flow,completed,41.2,"Ops Jun variance was $783,470 vs plan",06/23/2026 12:16:40 PM
r03-0002593,lmartin@harwellinsurancegroup.com,[AP Aging Analyst] Build the board deck cash slide for Apr,completed,70.0,"Treasury Apr variance was $713,896 vs plan",06/23/2026 04:16:21 PM
r03-0002594,lmartin@harwellinsurancegroup.com,[Budget vs Actual] Reconcile AP aging over 90 days for US-09,completed,53.3,"Accounting Apr variance was $2,552,109 vs plan",06/23/2026 09:21:05 PM
r03-0002595,lwhite@harwellinsurancegroup.com,[Covenant Checker] Reconcile AP aging over 90 days for MX-06,completed,46.9,"FP&A Jun variance was $2,364,094 vs plan",06/24/2026 09:30:46 AM
r03-0002596,ssanchez@harwellinsurancegroup.com,[Close Checklist Bot] Reconcile AP aging over 90 days for CA-02,completed,28.6,"Treasury Apr variance was $2,849,413 vs plan",06/24/2026 08:52:01 AM
r03-0002597,kjohnson@harwellinsurancegroup.com,[Board Deck Builder] Reconcile AP aging over 90 days for MX-07,completed,5.2,"Accounting Apr variance was $4,360,944 vs plan",06/24/2026 10:09:13 AM
r03-0002598,kharris@harwellinsurancegroup.com,[Flux Commentary] Summarize the Jan variance for entity EU-07,completed,15.3,"Treasury Jan variance was $1,429,518 vs plan",06/24/2026 02:02:53 PM
r03-0002599,phaddad@harwellinsurancegroup.com,[Variance Explainer] Build the board deck cash slide for Mar,completed,49.0,"Treasury Mar variance was $3,904,208 vs plan",06/24/2026 03:27:12 PM
r03-0002600,mmiller@harwellinsurancegroup.com,[Close Checklist Bot] Why did Ops spend exceed budget in Jun?,completed,70.2,"Ops Jun variance was $2,347,739 vs plan",06/24/2026 04:29:59 PM
r03-0002601,kharris@harwellinsurancegroup.com,[Vendor Spend Analyzer] Build the board deck cash slide for Feb,completed,40.4,"Ops Feb variance was $2,044,071 vs plan",06/24/2026 04:17:42 PM
r03-0002602,ssanchez@harwellinsurancegroup.com,[Flux Commentary] Reconcile AP aging over 90 days for CA-01,completed,54.3,"Accounting Jan variance was $2,246,319 vs plan",06/24/2026 10:22:43 AM
r03-0002603,ssanchez@harwellinsurancegroup.com,[Cash Forecaster] What drove the change in gross margin this quarter?,completed,52.0,"Accounting Jun variance was $4,117,597 vs plan",06/24/2026 11:16:32 AM
r03-0002604,kjohnson@harwellinsurancegroup.com,[Vendor Spend Analyzer] What drove the change in gross margin this quarter?,completed,12.8,"Treasury Feb variance was $3,912,435 vs plan",06/24/2026 02:00:19 PM
r03-0002605,kharris@harwellinsurancegroup.com,[Close Checklist Bot] Explain the headcount variance vs plan,completed,29.0,"FP&A Mar variance was $2,873,513 vs plan",06/24/2026 05:06:23 PM
r03-0002606,kharris@harwellinsurancegroup.com,[Variance Explainer] What drove the change in gross margin this quarter?,completed,47.2,"FP&A Apr variance was $4,667,387 vs plan",06/24/2026 11:38:16 AM
r03-0002607,pgonzalez@harwellinsurancegroup.com,[Cash Forecaster] Forecast Jan operating cash flow,completed,39.2,"Accounting Jan variance was $4,296,554 vs plan",06/24/2026 12:40:33 PM
r03-0002608,ssanchez@harwellinsurancegroup.com,[Cash Forecaster] Why did Accounting spend exceed budget in Jun?,completed,48.6,"Accounting Jun variance was $12,429 vs plan",06/24/2026 09:20:00 AM
r03-0002609,ssanchez@harwellinsurancegroup.com,[Board Deck Builder] Explain the headcount variance vs plan,completed,65.5,"FP&A Feb variance was $4,712,546 vs plan",06/24/2026 05:39:57 PM
r03-0002610,ssanchez@harwellinsurancegroup.com,[Covenant Checker] Forecast Jun operating cash flow,completed,9.8,"FP&A Jun variance was $3,169,281 vs plan",06/24/2026 11:07:04 AM
r03-0002611,kjohnson@harwellinsurancegroup.com,[Cash Forecaster] Which cost centers are over budget YTD?,completed,33.4,"Treasury Jan variance was $2,073,172 vs plan",06/24/2026 11:31:07 AM
r03-0002612,ssanchez@harwellinsurancegroup.com,[Vendor Spend Analyzer] Draft flux commentary for the Jun close,completed,55.3,"FP&A Jun variance was $3,128,941 vs plan",06/24/2026 11:44:37 AM
r03-0002613,kharris@harwellinsurancegroup.com,[Cash Forecaster] Build the board deck cash slide for Mar,completed,5.9,"Ops Mar variance was $1,845,012 vs plan",06/24/2026 06:19:23 PM
r03-0002614,ssanchez@harwellinsurancegroup.com,[Journal Entry Reviewer] Build the board deck cash slide for Mar,error,1.5,Traceback (most recent call last): KeyError 'entity',06/24/2026 02:47:38 PM
r03-0002615,ssanchez@harwellinsurancegroup.com,[Journal Entry Reviewer] Check covenant compliance for the revolver,completed,68.9,"Treasury Apr variance was $3,802,595 vs plan",06/24/2026 11:05:49 AM
r03-0002616,ssanchez@harwellinsurancegroup.com,[Budget vs Actual] Explain the headcount variance vs plan,completed,73.3,"Treasury Jan variance was $2,147,282 vs plan",06/24/2026 11:11:02 AM
r03-0002617,mmiller@harwellinsurancegroup.com,[Variance Explainer] Reconcile AP aging over 90 days for MX-07,completed,45.5,"Treasury Apr variance was $3,490,772 vs plan",06/24/2026 01:40:54 PM
r03-0002618,ssanchez@harwellinsurancegroup.com,[Covenant Checker] Explain the headcount variance vs plan,completed,9.9,"Treasury Jan variance was $2,014,475 vs plan",06/24/2026 11:59:27 AM
r03-0002619,ssanchez@harwellinsurancegroup.com,[Close Checklist Bot] Which cost centers are over budget YTD?,completed,57.2,"Treasury Mar variance was $2,408,337 vs plan",06/24/2026 02:13:08 PM
r03-0002620,kharris@harwellinsurancegroup.com,[Vendor Spend Analyzer] What drove the change in gross margin this quarter?,completed,57.7,"FP&A Jun variance was $54,288 vs plan",06/24/2026 12:02:37 PM
r03-0002621,jjones@harwellinsurancegroup.com,[Headcount Planner] Forecast Feb operating cash flow,completed,62.6,"Treasury Feb variance was $3,652,758 vs plan",06/24/2026 11:28:15 AM
r03-0002622,ssanchez@harwellinsurancegroup.com,[Covenant Checker] Build the board deck cash slide for Feb,completed,11.8,"Treasury Feb variance was $1,915,011 vs plan",06/24/2026 10:11:37 AM
r03-0002623,jjones@harwellinsurancegroup.com,[Headcount Planner] Why did Treasury spend exceed budget in Apr?,completed,1.2,Traceback (most recent call last): KeyError 'entity',06/24/2026 11:45:26 AM
r03-0002624,kjohnson@harwellinsurancegroup.com,[Cash Forecaster] Forecast Feb operating cash flow,completed,0.3,error code 502 from model gateway,06/24/2026 02:11:50 PM
r03-0002625,jthompson@harwellinsurancegroup.com,[Budget vs Actual] Build the board deck cash slide for May,completed,9.6,"FP&A May variance was $1,439,170 vs plan",06/24/2026 07:38:36 AM
r03-0002626,ssanchez@harwellinsurancegroup.com,[Cash Forecaster] Build the board deck cash slide for Jan,completed,57.0,"FP&A Jan variance was $3,975,773 vs plan",06/25/2026 12:02:24 PM
r03-0002627,ssanchez@harwellinsurancegroup.com,[Board Deck Builder] Summarize the Mar variance for entity MX-03,completed,13.6,"Treasury Mar variance was $407,397 vs plan",06/25/2026 11:50:58 AM
r03-0002628,ssanchez@harwellinsurancegroup.com,[Close Checklist Bot] Why did Ops spend exceed budget in May?,completed,4.1,"Ops May variance was $1,074,505 vs plan",06/25/2026 11:18:24 AM
r03-0002629,ssanchez@harwellinsurancegroup.com,[Journal Entry Reviewer] Summarize the May variance for entity US-05,completed,35.1,"Accounting May variance was $1,556,571 vs plan",06/25/2026 10:40:09 AM
r03-0002630,ssanchez@harwellinsurancegroup.com,[Flux Commentary] What drove the change in gross margin this quarter?,completed,32.3,"Ops Mar variance was $1,104,595 vs plan",06/25/2026 08:21:20 AM
r03-0002631,kharris@harwellinsurancegroup.com,[Flux Commentary] Check covenant compliance for the revolver,completed,37.7,"Accounting Feb variance was $4,717,304 vs plan",06/25/2026 12:35:22 PM
r03-0002632,kharris@harwellinsurancegroup.com,[Revenue Recognizer] Summarize the Apr variance for entity EU-07,completed,41.8,"Accounting Apr variance was $4,655,606 vs plan",06/25/2026 05:26:09 PM
r03-0002633,ssanchez@harwellinsurancegroup.com,[Variance Explainer] Draft flux commentary for the Mar close,completed,67.3,"Ops Mar variance was $696,867 vs plan",06/25/2026 02:09:54 PM
r03-0002634,ssanchez@harwellinsurancegroup.com,[Vendor Spend Analyzer] Check covenant compliance for the revolver,completed,56.4,"FP&A Feb variance was $515,226 vs plan",06/25/2026 09:10:47 AM
r03-0002635,phaddad@harwellinsurancegroup.com,[Journal Entry Reviewer] Check covenant compliance for the revolver,completed,12.4,"FP&A Jun variance was $1,207,319 vs plan",06/25/2026 09:54:12 AM
r03-0002636,ssanchez@harwellinsurancegroup.com,[AP Aging Analyst] Explain the headcount variance vs plan,completed,1.6,ERROR: upstream request timed out,06/25/2026 01:07:10 PM
r03-0002637,ssanchez@harwellinsurancegroup.com,[Cash Forecaster] Why did FP&A spend exceed budget in May?,completed,33.2,"FP&A May variance was $2,299,667 vs plan",06/25/2026 04:45:43 PM
r03-0002638,ssanchez@harwellinsurancegroup.com,[Board Deck Builder] Draft flux commentary for the Jun close,completed,9.0,"Accounting Jun variance was $3,664,386 vs plan",06/25/2026 07:47:36 PM
r03-0002639,lwhite@harwellinsurancegroup.com,[Board Deck Builder] Draft flux commentary for the Jun close,completed,31.9,"Ops Jun variance was $4,038,575 vs plan",06/25/2026 12:56:07 PM
r03-0002640,lmartin@harwellinsurancegroup.com,[Board Deck Builder] What drove the change in gross margin this quarter?,completed,24.5,"Ops Jun variance was $2,927,736 vs plan",06/25/2026 10:08:16 AM
r03-0002641,ssanchez@harwellinsurancegroup.com,[Headcount Planner] What drove the change in gross margin this quarter?,completed,37.4,"Accounting Jun variance was $4,387,119 vs plan",06/25/2026 11:12:56 AM
r03-0002642,kharris@harwellinsurancegroup.com,[Variance Explainer] Reconcile AP aging over 90 days for EU-04,completed,34.1,"Ops Feb variance was $2,033,836 vs plan",06/25/2026 02:54:12 PM
r03-0002643,kharris@harwellinsurancegroup.com,[Journal Entry Reviewer] Explain the headcount variance vs plan,completed,12.7,"Accounting Jan variance was $483,591 vs plan",06/25/2026 05:17:20 PM
r03-0002644,lwhite@harwellinsurancegroup.com,[Budget vs Actual] Check covenant compliance for the revolver,completed,36.5,"Treasury Feb variance was $2,119,568 vs plan",06/25/2026 12:44:59 PM
r03-0002645,ssanchez@harwellinsurancegroup.com,[Vendor Spend Analyzer] Summarize the Feb variance for entity MX-06,completed,62.8,"Treasury Feb variance was $3,299,430 vs plan",06/25/2026 11:28:59 AM
r03-0002646,ssanchez@harwellinsurancegroup.com,[Vendor Spend Analyzer] Reconcile AP aging over 90 days for US-06,completed,45.2,"Ops Jan variance was $2,298,700 vs plan",06/25/2026 04:14:52 PM
r03-0002647,lwhite@harwellinsurancegroup.com,[Close Checklist Bot] Draft flux commentary for the Jun close,completed,36.6,"FP&A Jun variance was $4,593,519 vs plan",06/25/2026 09:48:58 AM
r03-0002648,kjohnson@harwellinsurancegroup.com,[Variance Explainer] Explain the headcount variance vs plan,completed,6.6,"Accounting Jan variance was $4,202,014 vs plan",06/25/2026 11:41:51 AM
r03-0002649,ssanchez@harwellinsurancegroup.com,[Board Deck Builder] Reconcile AP aging over 90 days for CA-02,completed,74.1,"Ops Jan variance was $472,553 vs plan",06/25/2026 01:12:14 PM
r03-0002650,agarcia@harwellinsurancegroup.com,[Revenue Recognizer] Draft flux commentary for the Apr close,completed,16.9,"Ops Apr variance was $651,273 vs plan",06/25/2026 02:27:56 PM
r03-0002651,pgonzalez@harwellinsurancegroup.com,[Headcount Planner] Draft flux commentary for the Feb close,completed,66.0,"Ops Feb variance was $2,231,852 vs plan",06/25/2026 12:31:48 PM
r03-0002652,ssanchez@harwellinsurancegroup.com,[Journal Entry Reviewer] Forecast Jan operating cash flow,completed,17.3,"Ops Jan variance was $424,028 vs plan",06/25/2026 01:28:49 PM
r03-0002653,phaddad@harwellinsurancegroup.com,[Covenant Checker] What drove the change in gross margin this quarter?,completed,72.9,"Accounting Feb variance was $3,286,563 vs plan",06/25/2026 10:58:16 AM
r03-0002654,rthompson@harwellinsurancegroup.com,[Revenue Recognizer] Forecast Apr operating cash flow,completed,21.6,"Treasury Apr variance was $2,066,431 vs plan",06/25/2026 12:44:35 PM
r03-0002655,mrobinson@harwellinsurancegroup.com,[Flux Commentary] Why did Ops spend exceed budget in Jun?,completed,64.5,"Ops Jun variance was $1,692,935 vs plan",06/25/2026 06:31:10 AM
r03-0002656,rmartinez@harwellinsurancegroup.com,[Variance Explainer] Forecast Jan operating cash flow,completed,21.7,"Ops Jan variance was $2,989,628 vs plan",06/26/2026 03:08:04 PM
r03-0002657,lwhite@harwellinsurancegroup.com,[Board Deck Builder] Draft flux commentary for the May close,completed,43.7,"Accounting May variance was $1,730,917 vs plan",06/26/2026 04:32:32 PM
r03-0002658,pgonzalez@harwellinsurancegroup.com,[Headcount Planner] Summarize the May variance for entity EU-09,completed,34.0,"Accounting May variance was $2,920,128 vs plan",06/26/2026 08:05:53 AM
r03-0002659,kharris@harwellinsurancegroup.com,[Headcount Planner] Which cost centers are over budget YTD?,completed,11.7,"Treasury May variance was $4,456,979 vs plan",06/26/2026 04:08:18 PM
r03-0002660,ssanchez@harwellinsurancegroup.com,[Budget vs Actual] Draft flux commentary for the Jan close,completed,1.3,error: connection reset by peer,06/26/2026 06:21:32 PM
r03-0002661,ssanchez@harwellinsurancegroup.com,[Flux Commentary] Why did Accounting spend exceed budget in Apr?,completed,68.3,"Accounting Apr variance was $294,673 vs plan",06/26/2026 06:21:22 AM
r03-0002662,kharris@harwellinsurancegroup.com,[Covenant Checker] Which cost centers are over budget YTD?,completed,49.9,"Accounting May variance was $4,235,971 vs plan",06/26/2026 12:29:54 PM
r03-0002663,ssanchez@harwellinsurancegroup.com,[Cash Forecaster] Explain the headcount variance vs plan,completed,50.3,"Treasury Jan variance was $3,270,620 vs plan",06/26/2026 09:23:37 AM
r03-0002664,ssanchez@harwellinsurancegroup.com,[Cash Forecaster] Build the board deck cash slide for Feb,completed,46.0,"Accounting Feb variance was $4,453,840 vs plan",06/26/2026 12:56:20 PM
r03-0002665,kjohnson@harwellinsurancegroup.com,[Cash Forecaster] Check covenant compliance for the revolver,completed,19.2,"Accounting Jan variance was $1,854,042 vs plan",06/26/2026 02:27:11 PM
r03-0002666,kharris@harwellinsurancegroup.com,[Covenant Checker] Check covenant compliance for the revolver,completed,9.7,"FP&A Jun variance was $1,175,172 vs plan",06/26/2026 11:14:57 AM
r03-0002667,ssanchez@harwellinsurancegroup.com,[Journal Entry Reviewer] Explain the headcount variance vs plan,completed,21.8,"FP&A Feb variance was $1,635,716 vs plan",06/26/2026 01:04:48 PM
r03-0002668,jjones@harwellinsurancegroup.com,[AP Aging Analyst] Draft flux commentary for the May close,completed,18.4,"FP&A May variance was $3,221,566 vs plan",06/26/2026 10:54:42 AM
r03-0002669,dlee@harwellinsurancegroup.com,[Variance Explainer] What drove the change in gross margin this quarter?,completed,8.5,"Treasury Jun variance was $3,479,066 vs plan",06/26/2026 02:43:40 PM
r03-0002670,ssanchez@harwellinsurancegroup.com,[Budget vs Actual] Check covenant compliance for the revolver,completed,73.8,"Ops May variance was $2,973,260 vs plan",06/26/2026 03:28:22 PM
r03-0002671,rthompson@harwellinsurancegroup.com,[Board Deck Builder] Which cost centers are over budget YTD?,error,5.6,error code 502 from model gateway,06/26/2026 05:20:39 PM
r03-0002672,jrobinson@harwellinsurancegroup.com,[Close Checklist Bot] Which cost centers are over budget YTD?,completed,63.4,"Ops Jan variance was $661,591 vs plan",06/26/2026 03:42:39 PM
r03-0002673,flopez@harwellinsurancegroup.com,[AP Aging Analyst] Explain the headcount variance vs plan,completed,32.7,"Treasury Apr variance was $3,609,121 vs plan",06/26/2026 04:05:32 PM
r03-0002674,jjones@harwellinsurancegroup.com,[Budget vs Actual] Build the board deck cash slide for Jun,completed,66.4,"FP&A Jun variance was $2,322,327 vs plan",06/26/2026 01:58:28 PM
r03-0002675,kjohnson@harwellinsurancegroup.com,[Board Deck Builder] Forecast Feb operating cash flow,completed,60.1,"Accounting Feb variance was $2,086,114 vs plan",06/26/2026 01:47:50 PM
r03-0002676,kharris@harwellinsurancegroup.com,[AP Aging Analyst] Which cost centers are over budget YTD?,completed,73.4,"Ops Jun variance was $2,312,174 vs plan",06/26/2026 05:34:14 PM
r03-0002677,kharris@harwellinsurancegroup.com,[Covenant Checker] What drove the change in gross margin this quarter?,completed,58.9,"Ops Apr variance was $1,403,329 vs plan",06/26/2026 10:00:44 AM
r03-0002678,ssanchez@harwellinsurancegroup.com,[Flux Commentary] Check covenant compliance for the revolver,error,4.6,FAILED: null reference in aggregation step,06/26/2026 10:03:48 AM
r03-0002679,ssanchez@harwellinsurancegroup.com,[Close Checklist Bot] Check covenant compliance for the revolver,completed,18.5,"Ops Jun variance was $1,791,651 vs plan",06/26/2026 06:44:28 AM
r03-0002680,ssanchez@harwellinsurancegroup.com,[Revenue Recognizer] Draft flux commentary for the Jan close,completed,61.9,"Accounting Jan variance was $1,996,490 vs plan",06/26/2026 03:19:24 PM
r03-0002681,ssanchez@harwellinsurancegroup.com,[Flux Commentary] Explain the headcount variance vs plan,completed,45.1,"FP&A Mar variance was $2,397,173 vs plan",06/26/2026 01:44:18 PM
r03-0002682,flopez@harwellinsurancegroup.com,[Journal Entry Reviewer] Why did Ops spend exceed budget in Jun?,completed,3.1,"Ops Jun variance was $516,044 vs plan",06/26/2026 04:30:19 PM
r03-0002683,ssanchez@harwellinsurancegroup.com,[Variance Explainer] What drove the change in gross margin this quarter?,completed,35.7,"Ops Jun variance was $3,633,126 vs plan",06/26/2026 09:09:20 AM
r03-0002684,ssanchez@harwellinsurancegroup.com,[Journal Entry Reviewer] Draft flux commentary for the May close,completed,12.7,"Accounting May variance was $3,989,322 vs plan",06/26/2026 02:04:02 PM
r03-0002685,alewis@harwellinsurancegroup.com,[Revenue Recognizer] Build the board deck cash slide for Jan,completed,37.3,"Ops Jan variance was $2,212,881 vs plan",06/26/2026 11:24:43 AM
r03-0002686,ssanchez@harwellinsurancegroup.com,[Vendor Spend Analyzer] What drove the change in gross margin this quarter?,error,6.9,FAILED: null reference in aggregation step,06/26/2026 04:46:20 PM
r03-0002687,ssanchez@harwellinsurancegroup.com,[Revenue Recognizer] Summarize the Mar variance for entity EU-04,completed,45.0,"Treasury Mar variance was $367,163 vs plan",06/26/2026 12:55:35 PM
r03-0002688,ssanchez@harwellinsurancegroup.com,[Budget vs Actual] Why did Accounting spend exceed budget in Jun?,completed,13.5,"Accounting Jun variance was $2,855,570 vs plan",06/26/2026 10:45:34 AM
r03-0002689,kharris@harwellinsurancegroup.com,[Vendor Spend Analyzer] Build the board deck cash slide for Mar,completed,1.5,ERROR: upstream request timed out,06/26/2026 12:40:53 PM
r03-0002690,ssanchez@harwellinsurancegroup.com,[AP Aging Analyst] Why did Treasury spend exceed budget in Mar?,completed,24.1,"Treasury Mar variance was $1,010,282 vs plan",06/26/2026 02:16:05 PM
r03-0002691,mmiller@harwellinsurancegroup.com,[Headcount Planner] Reconcile AP aging over 90 days for US-09,completed,22.8,"FP&A Mar variance was $2,252,558 vs plan",06/26/2026 02:13:55 PM
r03-0002692,ssanchez@harwellinsurancegroup.com,[Variance Explainer] Summarize the Feb variance for entity EU-02,completed,1.7,FAILED: null reference in aggregation step,06/27/2026 11:35:57 AM
r03-0002693,thaddad@harwellinsurancegroup.com,[AP Aging Analyst] Reconcile AP aging over 90 days for CA-03,completed,53.2,"Ops May variance was $2,243,372 vs plan",06/27/2026 01:02:29 PM
r03-0002694,bwilliams@harwellinsurancegroup.com,[Board Deck Builder] Explain the headcount variance vs plan,completed,49.2,"Ops Jun variance was $4,559,771 vs plan",06/27/2026 02:10:00 PM
r03-0002695,dthompson@harwellinsurancegroup.com,[Headcount Planner] Why did Accounting spend exceed budget in Mar?,completed,36.2,"Accounting Mar variance was $1,150,660 vs plan",06/27/2026 04:32:44 PM
r03-0002696,ssanchez@harwellinsurancegroup.com,[Flux Commentary] Explain the headcount variance vs plan,completed,11.2,"Ops Feb variance was $3,980,327 vs plan",06/27/2026 01:05:30 PM
r03-0002697,ssanchez@harwellinsurancegroup.com,[Headcount Planner] Check covenant compliance for the revolver,completed,73.3,"Treasury Jun variance was $2,900,797 vs plan",06/27/2026 09:28:43 AM
r03-0002698,ssanchez@harwellinsurancegroup.com,[Close Checklist Bot] Explain the headcount variance vs plan,completed,47.0,"Accounting Feb variance was $1,045,972 vs plan",06/27/2026 12:27:01 PM
r03-0002699,lwhite@harwellinsurancegroup.com,[Cash Forecaster] Which cost centers are over budget YTD?,completed,23.7,"Accounting Jan variance was $2,365,127 vs plan",06/28/2026 01:02:40 PM
r03-0002700,kharris@harwellinsurancegroup.com,[Journal Entry Reviewer] Check covenant compliance for the revolver,completed,9.7,"Accounting Jan variance was $2,455,562 vs plan",06/28/2026 09:34:37 AM
r03-0002701,ssanchez@harwellinsurancegroup.com,[AP Aging Analyst] Draft flux commentary for the May close,completed,1.5,Traceback (most recent call last): KeyError 'entity',06/28/2026 11:50:24 AM
r03-0002702,ssanchez@harwellinsurancegroup.com,[Flux Commentary] Which cost centers are over budget YTD?,completed,64.4,"Ops Apr variance was $1,494,003 vs plan",06/28/2026 05:38:31 PM
r03-0002703,ssanchez@harwellinsurancegroup.com,[Cash Forecaster] Build the board deck cash slide for Feb,completed,10.5,"Accounting Feb variance was $4,729,007 vs plan",06/28/2026 12:11:50 PM
r03-0002704,ssanchez@harwellinsurancegroup.com,[Journal Entry Reviewer] Which cost centers are over budget YTD?,completed,15.8,"Ops Feb variance was $772,386 vs plan",06/28/2026 02:09:45 PM
r03-0002705,ssanchez@harwellinsurancegroup.com,[Close Checklist Bot] Reconcile AP aging over 90 days for EU-05,completed,6.3,"FP&A Jan variance was $1,224,959 vs plan",06/28/2026 11:01:07 AM
r03-0002706,ssanchez@harwellinsurancegroup.com,[Close Checklist Bot] Explain the headcount variance vs plan,completed,21.5,"FP&A May variance was $4,657,633 vs plan",06/28/2026 03:56:21 PM
r03-0002707,rthompson@harwellinsurancegroup.com,[Board Deck Builder] Why did Ops spend exceed budget in Jun?,completed,16.8,"Ops Jun variance was $1,075,643 vs plan",06/28/2026 02:53:44 PM
r03-0002708,lwhite@harwellinsurancegroup.com,[Flux Commentary] Build the board deck cash slide for May,error,8.0,error code 502 from model gateway,06/28/2026 09:50:01 AM
r03-0002709,ssanchez@harwellinsurancegroup.com,[Headcount Planner] What drove the change in gross margin this quarter?,completed,21.7,"Ops Feb variance was $3,436,407 vs plan",06/28/2026 11:28:02 AM
r03-0002710,ssanchez@harwellinsurancegroup.com,[Headcount Planner] Forecast Jan operating cash flow,completed,23.3,"Accounting Jan variance was $716,256 vs plan",06/28/2026 06:12:56 PM
r03-0002711,ssanchez@harwellinsurancegroup.com,[Budget vs Actual] Check covenant compliance for the revolver,completed,51.1,"Accounting May variance was $3,583,390 vs plan",06/29/2026 07:30:21 AM
r03-0002712,ssanchez@harwellinsurancegroup.com,[AP Aging Analyst] What drove the change in gross margin this quarter?,completed,44.2,"Accounting Mar variance was $517,968 vs plan",06/29/2026 04:49:23 PM
r03-0002713,ssanchez@harwellinsurancegroup.com,[AP Aging Analyst] Why did Ops spend exceed budget in Jun?,error,4.4,Traceback (most recent call last): KeyError 'entity',06/29/2026 12:06:25 PM
r03-0002714,ssanchez@harwellinsurancegroup.com,[Flux Commentary] Which cost centers are over budget YTD?,completed,50.1,"FP&A Feb variance was $3,995,710 vs plan",06/29/2026 04:04:25 PM
r03-0002715,ssanchez@harwellinsurancegroup.com,[Flux Commentary] Check covenant compliance for the revolver,error,1.8,error code 502 from model gateway,06/29/2026 01:33:20 PM
r03-0002716,ssanchez@harwellinsurancegroup.com,[Board Deck Builder] Build the board deck cash slide for Feb,completed,4.1,"Treasury Feb variance was $4,240,330 vs plan",06/29/2026 09:30:08 AM
r03-0002717,ssanchez@harwellinsurancegroup.com,[Journal Entry Reviewer] Draft flux commentary for the Jan close,completed,3.6,"Accounting Jan variance was $4,573,249 vs plan",06/29/2026 08:08:28 AM
r03-0002718,ssanchez@harwellinsurancegroup.com,[Close Checklist Bot] Explain the headcount variance vs plan,completed,64.2,"Accounting Jan variance was $4,772,203 vs plan",06/29/2026 03:00:20 PM
r03-0002719,kharris@harwellinsurancegroup.com,[Revenue Recognizer] Forecast Mar operating cash flow,completed,54.2,"FP&A Mar variance was $4,272,882 vs plan",06/29/2026 06:13:50 PM
r03-0002720,pgonzalez@harwellinsurancegroup.com,[Close Checklist Bot] Check covenant compliance for the revolver,completed,60.2,"Treasury Jun variance was $3,008,828 vs plan",06/29/2026 12:17:20 PM
r03-0002721,ssanchez@harwellinsurancegroup.com,[Headcount Planner] Summarize the Mar variance for entity MX-04,completed,7.2,"Ops Mar variance was $634,442 vs plan",06/29/2026 11:24:53 AM
r03-0002722,ssanchez@harwellinsurancegroup.com,[Revenue Recognizer] Check covenant compliance for the revolver,completed,65.6,"FP&A Mar variance was $129,016 vs plan",06/29/2026 11:16:11 AM
r03-0002723,ssanchez@harwellinsurancegroup.com,[Variance Explainer] Why did Accounting spend exceed budget in Jan?,error,2.8,ERROR: upstream request timed out,06/29/2026 01:38:53 PM
r03-0002724,pgonzalez@harwellinsurancegroup.com,[Close Checklist Bot] Explain the headcount variance vs plan,completed,65.6,"FP&A Jan variance was $3,156,865 vs plan",06/29/2026 11:32:34 AM
r03-0002725,ssanchez@harwellinsurancegroup.com,[Cash Forecaster] What drove the change in gross margin this quarter?,completed,34.6,"Ops Mar variance was $363,302 vs plan",06/29/2026 10:47:37 AM
r03-0002726,mrobinson@harwellinsurancegroup.com,[Journal Entry Reviewer] Which cost centers are over budget YTD?,completed,46.5,"Ops May variance was $1,199,854 vs plan",06/29/2026 05:54:38 PM
r03-0002727,ssanchez@harwellinsurancegroup.com,[Board Deck Builder] Summarize the Apr variance for entity CA-02,completed,59.7,"FP&A Apr variance was $2,035,987 vs plan",06/29/2026 02:58:06 PM
r03-0002728,ssanchez@harwellinsurancegroup.com,[Variance Explainer] Draft flux commentary for the Jan close,completed,22.7,"Treasury Jan variance was $156,285 vs plan",06/29/2026 01:33:35 PM
r03-0002729,ssanchez@harwellinsurancegroup.com,[Close Checklist Bot] Forecast Jan operating cash flow,error,0.6,FAILED: null reference in aggregation step,06/29/2026 11:44:41 AM
r03-0002730,kharris@harwellinsurancegroup.com,[Variance Explainer] Summarize the Apr variance for entity CA-07,error,7.6,error code 502 from model gateway,06/29/2026 03:17:52 PM
r03-0002731,ssanchez@harwellinsurancegroup.com,[Board Deck Builder] Draft flux commentary for the Feb close,completed,22.8,"Ops Feb variance was $2,803,154 vs plan",06/29/2026 07:30:30 AM
r03-0002732,ssanchez@harwellinsurancegroup.com,[Journal Entry Reviewer] Draft flux commentary for the Mar close,completed,58.8,"Accounting Mar variance was $652,912 vs plan",06/29/2026 05:01:35 PM
r03-0002733,lmartin@harwellinsurancegroup.com,[Close Checklist Bot] Build the board deck cash slide for Apr,completed,4.9,"Ops Apr variance was $1,236,204 vs plan",06/29/2026 01:00:27 PM
r03-0002734,pgonzalez@harwellinsurancegroup.com,[Budget vs Actual] Explain the headcount variance vs plan,completed,0.6,error code 502 from model gateway,06/29/2026 12:31:59 PM
r03-0002735,kharris@harwellinsurancegroup.com,[Cash Forecaster] Check covenant compliance for the revolver,completed,8.6,"Accounting Apr variance was $4,647,188 vs plan",06/29/2026 12:35:18 PM
r03-0002736,ssanchez@harwellinsurancegroup.com,[Variance Explainer] Reconcile AP aging over 90 days for CA-06,completed,30.4,"Treasury Apr variance was $3,867,541 vs plan",06/29/2026 11:33:34 AM
r03-0002737,ssanchez@harwellinsurancegroup.com,[Close Checklist Bot] Why did FP&A spend exceed budget in Jan?,completed,3.1,"FP&A Jan variance was $3,316,086 vs plan",06/29/2026 12:39:02 PM
r03-0002738,kharris@harwellinsurancegroup.com,[Close Checklist Bot] Check covenant compliance for the revolver,completed,52.8,"Treasury Feb variance was $2,376,752 vs plan",06/29/2026 03:16:38 PM
r03-0002739,ssanchez@harwellinsurancegroup.com,[Journal Entry Reviewer] Forecast Apr operating cash flow,completed,25.4,"Ops Apr variance was $1,252,084 vs plan",06/29/2026 02:39:44 PM
r03-0002740,bwilliams@harwellinsurancegroup.com,[Cash Forecaster] Build the board deck cash slide for May,completed,68.6,"Treasury May variance was $996,048 vs plan",06/29/2026 06:52:28 PM
r03-0002741,ssanchez@harwellinsurancegroup.com,[AP Aging Analyst] Summarize the Feb variance for entity CA-01,completed,7.7,"FP&A Feb variance was $384,231 vs plan",06/29/2026 01:08:27 PM
r03-0002742,ssanchez@harwellinsurancegroup.com,[Revenue Recognizer] Reconcile AP aging over 90 days for US-08,completed,29.1,"Ops Jun variance was $2,828,947 vs plan",06/29/2026 10:16:50 AM
r03-0002743,ssanchez@harwellinsurancegroup.com,[Variance Explainer] Forecast Feb operating cash flow,completed,65.2,"Ops Feb variance was $2,277,172 vs plan",06/30/2026 11:58:17 AM
r03-0002744,kjohnson@harwellinsurancegroup.com,[Board Deck Builder] Build the board deck cash slide for Jan,completed,33.3,"FP&A Jan variance was $1,573,433 vs plan",06/30/2026 01:02:42 PM
r03-0002745,lmartin@harwellinsurancegroup.com,[Vendor Spend Analyzer] Build the board deck cash slide for Mar,completed,15.6,"Treasury Mar variance was $4,684,857 vs plan",06/30/2026 04:02:53 PM
r03-0002746,mrobinson@harwellinsurancegroup.com,[Budget vs Actual] Build the board deck cash slide for Apr,completed,59.8,"Treasury Apr variance was $1,392,998 vs plan",06/30/2026 10:49:43 AM
r03-0002747,kjohnson@harwellinsurancegroup.com,[Variance Explainer] Build the board deck cash slide for Jan,completed,16.0,"Ops Jan variance was $4,381,905 vs plan",06/30/2026 11:16:50 AM
r03-0002748,ssanchez@harwellinsurancegroup.com,[Revenue Recognizer] Which cost centers are over budget YTD?,completed,72.8,"Treasury Feb variance was $2,916,676 vs plan",06/30/2026 01:25:00 PM
r03-0002749,ssanchez@harwellinsurancegroup.com,[Board Deck Builder] What drove the change in gross margin this quarter?,completed,69.1,"Ops May variance was $1,573,183 vs plan",06/30/2026 10:36:21 AM
r03-0002750,mrobinson@harwellinsurancegroup.com,[Variance Explainer] Build the board deck cash slide for Feb,completed,73.6,"Accounting Feb variance was $365,803 vs plan",06/30/2026 12:11:31 PM
r03-0002751,ssanchez@harwellinsurancegroup.com,[AP Aging Analyst] Check covenant compliance for the revolver,completed,64.4,"Treasury Jan variance was $1,836,830 vs plan",06/30/2026 12:11:56 PM
r03-0002752,ssanchez@harwellinsurancegroup.com,[Vendor Spend Analyzer] Which cost centers are over budget YTD?,completed,47.5,"FP&A Jan variance was $1,722,492 vs plan",06/30/2026 03:27:15 PM
r03-0002753,kharris@harwellinsurancegroup.com,[AP Aging Analyst] Reconcile AP aging over 90 days for MX-07,completed,52.4,"FP&A May variance was $262,876 vs plan",06/30/2026 12:22:40 PM
r03-0002754,kharris@harwellinsurancegroup.com,[Budget vs Actual] Check covenant compliance for the revolver,completed,12.2,"Accounting Apr variance was $1,196,077 vs plan",06/30/2026 09:26:49 AM
r03-0002755,lmartin@harwellinsurancegroup.com,[Flux Commentary] Which cost centers are over budget YTD?,completed,71.5,"Ops Apr variance was $1,959,042 vs plan",06/30/2026 08:43:06 AM
r03-0002756,ssanchez@harwellinsurancegroup.com,[Close Checklist Bot] Build the board deck cash slide for Apr,completed,5.0,"Treasury Apr variance was $4,547,391 vs plan",06/30/2026 02:53:23 PM
r03-0002757,jjones@harwellinsurancegroup.com,[Budget vs Actual] What drove the change in gross margin this quarter?,completed,65.0,"Accounting May variance was $1,564,175 vs plan",06/30/2026 02:51:37 PM
r03-0002758,jrobinson@harwellinsurancegroup.com,[Variance Explainer] Reconcile AP aging over 90 days for CA-08,completed,15.5,"FP&A May variance was $776,178 vs plan",06/30/2026 02:50:07 PM
r03-0002759,mrobinson@harwellinsurancegroup.com,[Cash Forecaster] Forecast Jan operating cash flow,completed,8.3,"Accounting Jan variance was $2,108,929 vs plan",06/30/2026 02:47:50 PM
r03-0002760,ssanchez@harwellinsurancegroup.com,[Covenant Checker] Summarize the Jan variance for entity CA-09,completed,15.1,"Accounting Jan variance was $2,524,809 vs plan",06/30/2026 10:21:29 AM
r03-0002761,ssanchez@harwellinsurancegroup.com,[Vendor Spend Analyzer] Forecast Jan operating cash flow,completed,1.8,ERROR: upstream request timed out,06/30/2026 08:08:00 AM
r03-0002762,ssanchez@harwellinsurancegroup.com,[Revenue Recognizer] What drove the change in gross margin this quarter?,completed,21.7,"FP&A Feb variance was $4,373,337 vs plan",06/30/2026 01:12:06 PM
r03-0002763,jjones@harwellinsurancegroup.com,[Budget vs Actual] Summarize the Apr variance for entity US-09,completed,1.2,error code 502 from model gateway,06/30/2026 12:05:18 PM
r03-0002764,ssanchez@harwellinsurancegroup.com,[Cash Forecaster] What drove the change in gross margin this quarter?,completed,0.2,error code 502 from model gateway,06/30/2026 12:35:22 PM
r03-0002765,ssanchez@harwellinsurancegroup.com,[Variance Explainer] Reconcile AP aging over 90 days for EU-02,completed,30.0,"Accounting Jun variance was $1,909,407 vs plan",06/30/2026 11:52:48 AM
r03-0002766,mrobinson@harwellinsurancegroup.com,[Headcount Planner] Why did Accounting spend exceed budget in Jan?,completed,4.9,"Accounting Jan variance was $2,541,028 vs plan",06/30/2026 07:03:35 AM
r03-0002767,kharris@harwellinsurancegroup.com,[Vendor Spend Analyzer] Explain the headcount variance vs plan,completed,40.7,"Accounting Jun variance was $319,840 vs plan",06/30/2026 11:54:39 AM
r03-0002768,lmartin@harwellinsurancegroup.com,[Close Checklist Bot] Forecast Jun operating cash flow,completed,34.7,"Treasury Jun variance was $4,306,365 vs plan",06/30/2026 03:30:35 PM
r03-0002769,lwhite@harwellinsurancegroup.com,[Headcount Planner] Check covenant compliance for the revolver,completed,31.8,"Ops May variance was $2,458,372 vs plan",06/30/2026 12:46:59 PM
r03-0000965,ssanchez@harwellinsurancegroup.com,[Variance Explainer] Which cost centers are over budget YTD?,completed,26.9,"FP&A Jan variance was $1,237,058 vs plan",04/14/2026 04:55:29 PM
r03-0001864,ssanchez@harwellinsurancegroup.com,[Flux Commentary] Check covenant compliance for the revolver,completed,0.6,error: connection reset by peer,05/22/2026 11:48:07 AM
r03-0002307,ssanchez@harwellinsurancegroup.com,[AP Aging Analyst] Summarize the Jan variance for entity EU-07,completed,21.4,"Accounting Jan variance was $696,529 vs plan",06/11/2026 10:37:12 AM
r03-0001618,agarcia@harwellinsurancegroup.com,[AP Aging Analyst] What drove the change in gross margin this quarter?,completed,46.3,"Accounting Apr variance was $3,686,961 vs plan",05/12/2026 10:19:04 AM
r03-0001246,ssanchez@harwellinsurancegroup.com,[Headcount Planner] Explain the headcount variance vs plan,completed,23.1,"Ops Jun variance was $3,950,246 vs plan",04/24/2026 11:06:06 AM
r03-0000406,lmartin@harwellinsurancegroup.com,[Revenue Recognizer] Explain the headcount variance vs plan,completed,5.9,"Ops May variance was $4,737,481 vs plan",03/17/2026 12:51:04 PM
r03-0001930,ssanchez@harwellinsurancegroup.com,[Variance Explainer] Build the board deck cash slide for Feb,completed,39.6,"Treasury Feb variance was $4,671,850 vs plan",05/27/2026 04:10:41 PM
r03-0000140,ssanchez@harwellinsurancegroup.com,[Headcount Planner] Draft flux commentary for the May close,completed,16.5,"Accounting May variance was $238,533 vs plan",03/06/2026 04:31:34 PM
r03-0000988,ssanchez@harwellinsurancegroup.com,[Vendor Spend Analyzer] Reconcile AP aging over 90 days for CA-07,completed,19.7,"Treasury Jun variance was $670,229 vs plan",04/15/2026 04:46:47 PM
r03-0000813,ssanchez@harwellinsurancegroup.com,[Close Checklist Bot] Reconcile AP aging over 90 days for MX-08,error,4.1,FAILED: null reference in aggregation step,04/07/2026 03:33:07 PM
r03-0000424,kharris@harwellinsurancegroup.com,[Journal Entry Reviewer] Which cost centers are over budget YTD?,completed,58.5,"FP&A Mar variance was $553,891 vs plan",03/18/2026 03:17:46 PM
r03-0000393,ssanchez@harwellinsurancegroup.com,[Headcount Planner] Check covenant compliance for the revolver,completed,18.3,"Treasury Feb variance was $1,789,278 vs plan",03/17/2026 03:51:31 PM
r03-0000338,ssanchez@harwellinsurancegroup.com,[Revenue Recognizer] Check covenant compliance for the revolver,completed,39.4,"FP&A Apr variance was $4,150,552 vs plan",03/13/2026 01:36:06 PM
r03-0002365,mrobinson@harwellinsurancegroup.com,[AP Aging Analyst] Summarize the Jan variance for entity US-06,completed,40.0,"Accounting Jan variance was $4,453,791 vs plan",06/14/2026 04:19:40 PM
r03-0000193,ssanchez@harwellinsurancegroup.com,[Flux Commentary] Which cost centers are over budget YTD?,completed,35.0,"Treasury Jan variance was $3,026,130 vs plan",03/09/2026 07:39:25 PM
r03-0001511,ssanchez@harwellinsurancegroup.com,[Budget vs Actual] Reconcile AP aging over 90 days for US-09,completed,13.4,"FP&A May variance was $3,032,360 vs plan",05/06/2026 12:27:59 PM
r03-0000455,ssanchez@harwellinsurancegroup.com,[Cash Forecaster] Which cost centers are over budget YTD?,completed,73.4,"Treasury Feb variance was $4,385,850 vs plan",03/19/2026 06:18:40 PM
r03-0000782,lwhite@harwellinsurancegroup.com,[Revenue Recognizer] Explain the headcount variance vs plan,completed,9.1,"Ops May variance was $4,199,053 vs plan",04/05/2026 10:28:41 AM
r03-0001241,ssanchez@harwellinsurancegroup.com,[Flux Commentary] Forecast Apr operating cash flow,completed,39.4,"FP&A Apr variance was $2,663,029 vs plan",04/24/2026 02:34:57 PM
r03-0000549,kharris@harwellinsurancegroup.com,[AP Aging Analyst] Build the board deck cash slide for Mar,completed,58.4,"Treasury Mar variance was $3,281,340 vs plan",03/24/2026 01:05:52 PM
r03-0000993,kharris@harwellinsurancegroup.com,[Covenant Checker] Which cost centers are over budget YTD?,completed,30.1,"FP&A Jun variance was $1,383,407 vs plan",04/15/2026 06:48:55 PM
r03-0000248,ssanchez@harwellinsurancegroup.com,[Revenue Recognizer] Why did Accounting spend exceed budget in Jun?,completed,44.6,"Accounting Jun variance was $3,745,706 vs plan",03/11/2026 08:24:56 AM
r03-0000105,pgonzalez@harwellinsurancegroup.com,[Cash Forecaster] Why did Accounting spend exceed budget in May?,completed,48.6,"Accounting May variance was $3,329,061 vs plan",03/05/2026 11:51:16 AM
r03-0001925,mmiller@harwellinsurancegroup.com,[Variance Explainer] Why did Ops spend exceed budget in Feb?,completed,57.1,"Ops Feb variance was $4,029,570 vs plan",05/26/2026 06:52:33 PM
r03-0002258,ssanchez@harwellinsurancegroup.com,[Journal Entry Reviewer] Summarize the Mar variance for entity EU-03,completed,27.9,"Treasury Mar variance was $3,928,749 vs plan",06/09/2026 04:43:48 PM
r03-0000857,mrobinson@harwellinsurancegroup.com,[Covenant Checker] Reconcile AP aging over 90 days for EU-01,completed,56.5,"Treasury Mar variance was $4,488,569 vs plan",04/09/2026 10:54:07 AM
r03-0000725,jwalker@harwellinsurancegroup.com,[Budget vs Actual] Why did Treasury spend exceed budget in Apr?,completed,62.6,"Treasury Apr variance was $1,780,462 vs plan",04/02/2026 09:03:01 AM
r03-0001691,ssanchez@harwellinsurancegroup.com,[Variance Explainer] Build the board deck cash slide for Mar,completed,15.2,"Treasury Mar variance was $3,230,728 vs plan",05/15/2026 01:05:58 PM
r03-0001096,ssanchez@harwellinsurancegroup.com,[AP Aging Analyst] What drove the change in gross margin this quarter?,completed,46.4,"Treasury May variance was $2,801,971 vs plan",04/19/2026 06:01:43 AM
r03-0001469,lwhite@harwellinsurancegroup.com,[Revenue Recognizer] Explain the headcount variance vs plan,completed,69.5,"Treasury Mar variance was $1,548,672 vs plan",05/05/2026 12:27:43 PM
r03-0000860,mrobinson@harwellinsurancegroup.com,[Revenue Recognizer] Draft flux commentary for the May close,completed,25.4,"Treasury May variance was $1,911,311 vs plan",04/09/2026 07:37:04 PM
r03-0002097,ssanchez@harwellinsurancegroup.com,[Close Checklist Bot] Summarize the May variance for entity CA-06,completed,1.9,FAILED: null reference in aggregation step,06/03/2026 11:15:07 AM
r03-0000396,ssanchez@harwellinsurancegroup.com,[Close Checklist Bot] Build the board deck cash slide for Apr,completed,9.3,"FP&A Apr variance was $4,017,018 vs plan",03/17/2026 02:27:57 PM
r03-0002653,phaddad@harwellinsurancegroup.com,[Covenant Checker] What drove the change in gross margin this quarter?,completed,72.9,"Accounting Feb variance was $3,286,563 vs plan",06/25/2026 10:58:16 AM
r03-0001719,lmartin@harwellinsurancegroup.com,[Flux Commentary] Which cost centers are over budget YTD?,completed,55.5,"Ops Apr variance was $535,827 vs plan",05/17/2026 01:43:31 PM
r03-0001742,lmartin@harwellinsurancegroup.com,[Cash Forecaster] Why did Accounting spend exceed budget in Apr?,completed,65.1,"Accounting Apr variance was $790,427 vs plan",05/18/2026 01:28:59 PM
r03-0001882,ssanchez@harwellinsurancegroup.com,[Covenant Checker] Reconcile AP aging over 90 days for MX-05,completed,7.8,"Ops Feb variance was $1,536,550 vs plan",05/24/2026 09:34:38 AM
r03-0002533,kjohnson@harwellinsurancegroup.com,[Revenue Recognizer] Build the board deck cash slide for Jun,completed,64.1,"Treasury Jun variance was $4,407,242 vs plan",06/22/2026 09:52:30 AM
r03-0002477,ssanchez@harwellinsurancegroup.com,[Revenue Recognizer] Summarize the May variance for entity US-02,completed,52.5,"FP&A May variance was $215,988 vs plan",06/18/2026 09:47:42 AM
r03-0000092,kharris@harwellinsurancegroup.com,[Flux Commentary] Check covenant compliance for the revolver,completed,45.0,"Treasury Apr variance was $3,740,936 vs plan",03/04/2026 09:54:35 AM
r03-0000123,ssanchez@harwellinsurancegroup.com,[Board Deck Builder] Which cost centers are over budget YTD?,completed,45.6,"Treasury Jun variance was $2,235,613 vs plan",03/05/2026 11:16:15 AM
r03-0001820,thaddad@harwellinsurancegroup.com,[Close Checklist Bot] Check covenant compliance for the revolver,completed,60.6,"Treasury Jun variance was $3,275,567 vs plan",05/20/2026 01:39:59 PM
r03-0000803,ssanchez@harwellinsurancegroup.com,[Board Deck Builder] Explain the headcount variance vs plan,completed,58.0,"Accounting Jan variance was $2,984,041 vs plan",04/06/2026 02:33:19 PM
r03-0002230,ssanchez@harwellinsurancegroup.com,[Revenue Recognizer] Explain the headcount variance vs plan,completed,37.5,"Ops Mar variance was $2,174,385 vs plan",06/08/2026 12:48:20 PM
r03-0000436,kharris@harwellinsurancegroup.com,[Journal Entry Reviewer] Why did Ops spend exceed budget in Apr?,completed,0.2,FAILED: null reference in aggregation step,03/18/2026 01:49:13 PM
r03-0001404,ssanchez@harwellinsurancegroup.com,[Close Checklist Bot] Draft flux commentary for the Mar close,completed,20.2,"Ops Mar variance was $75,676 vs plan",05/01/2026 02:18:04 PM
r03-0001998,ssanchez@harwellinsurancegroup.com,[Revenue Recognizer] Which cost centers are over budget YTD?,error,5.7,error: connection reset by peer,05/29/2026 01:29:53 PM
r03-0001733,ssanchez@harwellinsurancegroup.com,[Close Checklist Bot] Forecast Apr operating cash flow,completed,10.6,"FP&A Apr variance was $2,756,160 vs plan",05/18/2026 08:46:31 AM
r03-0002679,ssanchez@harwellinsurancegroup.com,[Close Checklist Bot] Check covenant compliance for the revolver,completed,18.5,"Ops Jun variance was $1,791,651 vs plan",06/26/2026 06:44:28 AM
r03-0002028,ssanchez@harwellinsurancegroup.com,[Headcount Planner] What drove the change in gross margin this quarter?,error,2.1,ERROR: upstream request timed out,05/30/2026 07:26:39 AM
r03-0000919,lmartin@harwellinsurancegroup.com,[Vendor Spend Analyzer] Build the board deck cash slide for Apr,completed,16.4,"Ops Apr variance was $2,498,484 vs plan",04/12/2026 09:41:25 PM
r03-0000101,thaddad@harwellinsurancegroup.com,[AP Aging Analyst] Which cost centers are over budget YTD?,completed,72.3,"Treasury Apr variance was $930,540 vs plan",03/04/2026 03:14:44 PM
r03-0000543,mramirez@harwellinsurancegroup.com,[Cash Forecaster] Reconcile AP aging over 90 days for CA-07,error,5.5,error code 502 from model gateway,03/24/2026 02:28:24 PM
r03-0002703,ssanchez@harwellinsurancegroup.com,[Cash Forecaster] Build the board deck cash slide for Feb,completed,10.5,"Accounting Feb variance was $4,729,007 vs plan",06/28/2026 12:11:50 PM
r03-0000635,agarcia@harwellinsurancegroup.com,[Flux Commentary] Summarize the Jun variance for entity CA-07,completed,67.9,"Accounting Jun variance was $485,199 vs plan",03/30/2026 08:41:05 AM
r03-0001048,ssanchez@harwellinsurancegroup.com,[Headcount Planner] Explain the headcount variance vs plan,completed,5.6,"Accounting Jan variance was $2,754,383 vs plan",04/17/2026 09:50:09 AM
r03-0000936,rmartinez@harwellinsurancegroup.com,[Variance Explainer] Why did FP&A spend exceed budget in Mar?,completed,10.6,"FP&A Mar variance was $2,678,711 vs plan",04/13/2026 11:27:58 AM
r03-0000915,ssanchez@harwellinsurancegroup.com,[Variance Explainer] Summarize the May variance for entity EU-07,completed,38.7,"FP&A May variance was $3,409,400 vs plan",04/11/2026 09:46:44 PM
r03-0002419,rthompson@harwellinsurancegroup.com,[Revenue Recognizer] What drove the change in gross margin this quarter?,completed,25.0,"Accounting May variance was $1,928,604 vs plan",06/16/2026 01:31:23 PM
r03-0001770,ssanchez@harwellinsurancegroup.com,[Board Deck Builder] Build the board deck cash slide for Jun,completed,44.5,"Treasury Jun variance was $1,031,921 vs plan",05/19/2026 09:51:27 AM
r03-0001439,ssanchez@harwellinsurancegroup.com,[Close Checklist Bot] Why did Treasury spend exceed budget in Apr?,completed,12.6,"Treasury Apr variance was $94,024 vs plan",05/04/2026 10:19:33 AM
r03-0000221,ssanchez@harwellinsurancegroup.com,[Headcount Planner] Forecast Mar operating cash flow,completed,0.8,error: connection reset by peer,03/10/2026 03:00:02 PM
r03-0001230,kharris@harwellinsurancegroup.com,[Vendor Spend Analyzer] Draft flux commentary for the Jun close,completed,20.0,"FP&A Jun variance was $4,689,767 vs plan",04/23/2026 09:26:59 AM
r03-0001227,ssanchez@harwellinsurancegroup.com,[Close Checklist Bot] Draft flux commentary for the Apr close,completed,1.5,error: connection reset by peer,04/23/2026 12:14:16 PM
r03-0002340,ssanchez@harwellinsurancegroup.com,[Vendor Spend Analyzer] Which cost centers are over budget YTD?,completed,16.9,"FP&A Feb variance was $2,842,966 vs plan",06/12/2026 02:52:56 PM
r03-0002236,ssanchez@harwellinsurancegroup.com,[Cash Forecaster] Draft flux commentary for the Jun close,completed,41.6,"Treasury Jun variance was $2,381,155 vs plan",06/08/2026 11:02:53 AM
r03-0002650,agarcia@harwellinsurancegroup.com,[Revenue Recognizer] Draft flux commentary for the Apr close,completed,16.9,"Ops Apr variance was $651,273 vs plan",06/25/2026 02:27:56 PM
r03-0000899,lmartin@harwellinsurancegroup.com,[Cash Forecaster] Explain the headcount variance vs plan,completed,16.6,"FP&A Jan variance was $2,600,238 vs plan",04/10/2026 05:32:17 PM
r03-0000442,ssanchez@harwellinsurancegroup.com,[Close Checklist Bot] Build the board deck cash slide for Apr,error,4.4,error: connection reset by peer,03/19/2026 02:41:23 PM
r03-0001405,ssanchez@harwellinsurancegroup.com,[Journal Entry Reviewer] Draft flux commentary for the Jun close,completed,8.8,"Accounting Jun variance was $3,686,393 vs plan",05/01/2026 02:13:42 PM
r03-0002548,mrobinson@harwellinsurancegroup.com,[Flux Commentary] Which cost centers are over budget YTD?,completed,18.6,"Treasury May variance was $744,028 vs plan",06/22/2026 10:39:04 AM
r03-0001754,agarcia@harwellinsurancegroup.com,[Cash Forecaster] Which cost centers are over budget YTD?,completed,29.3,"FP&A Jun variance was $2,893,446 vs plan",05/18/2026 12:19:39 PM
r03-0001534,kharris@harwellinsurancegroup.com,[Flux Commentary] Forecast Feb operating cash flow,error,7.1,FAILED: null reference in aggregation step,05/07/2026 02:48:14 PM
r03-0001850,mramirez@harwellinsurancegroup.com,[Vendor Spend Analyzer] What drove the change in gross margin this quarter?,completed,4.2,"Accounting Feb variance was $4,368,154 vs plan",05/22/2026 02:40:03 PM
r03-0000541,lmartin@harwellinsurancegroup.com,[Variance Explainer] Build the board deck cash slide for Mar,completed,50.7,"Treasury Mar variance was $1,183,225 vs plan",03/24/2026 11:15:55 AM
r03-0002286,ssanchez@harwellinsurancegroup.com,[Revenue Recognizer] Summarize the Apr variance for entity US-09,completed,69.9,"Accounting Apr variance was $3,090,980 vs plan",06/10/2026 12:44:45 PM
r03-0001531,ssanchez@harwellinsurancegroup.com,[Board Deck Builder] Which cost centers are over budget YTD?,completed,33.8,"FP&A Feb variance was $520,420 vs plan",05/07/2026 01:38:55 PM
r03-0001864,ssanchez@harwellinsurancegroup.com,[Flux Commentary] Check covenant compliance for the revolver,completed,0.6,error: connection reset by peer,05/22/2026 11:48:07 AM
