run_id,user_email,agent_name,question_text,run_status,run_duration_sec,output_snippet,timestamp
r32-0000001,lharris@ashlandretailpartners.com,Vendor Spend Analyzer,Which cost centers are over budget YTD?,completed,9.9,"Ops Jun variance was $1,422,151 vs plan",2026-03-01T11:14:18Z
r32-0000002,lharris@ashlandretailpartners.com,AP Aging Analyst,Build the board deck cash slide for May,completed,37.9,"FP&A May variance was $2,077,665 vs plan",2026-03-01T13:00:34Z
r32-0000003,rsmith@ashlandretailpartners.com,Vendor Spend Analyzer,Summarize the Mar variance for entity EU-03,completed,16.0,"FP&A Mar variance was $1,402,466 vs plan",2026-03-01T11:47:43Z
r32-0000004,rsmith@ashlandretailpartners.com,Close Checklist Bot,Explain the headcount variance vs plan,completed,68.5,"Ops Jan variance was $2,064,713 vs plan",2026-03-01T17:29:11Z
r32-0000005,ymiller@ashlandretailpartners.com,Close Checklist Bot,Forecast Mar operating cash flow,error,1.5,error code 502 from model gateway,2026-03-01T14:29:23Z
r32-0000006,rsmith@ashlandretailpartners.com,Revenue Recognizer,Which cost centers are over budget YTD?,completed,37.4,"Accounting Jun variance was $1,409,329 vs plan",2026-03-01T11:21:37Z
r32-0000007,rsmith@ashlandretailpartners.com,Close Checklist Bot,Reconcile AP aging over 90 days for US-01,completed,70.8,"Accounting Jan variance was $1,021,835 vs plan",2026-03-01T15:47:14Z
r32-0000008,rsmith@ashlandretailpartners.com,Vendor Spend Analyzer,Draft flux commentary for the Apr close,completed,16.1,"FP&A Apr variance was $4,218,093 vs plan",2026-03-01T10:02:35Z
r32-0000009,sclark@ashlandretailpartners.com,Variance Explainer,What drove the change in gross margin this quarter?,completed,16.1,"Accounting Jun variance was $463,891 vs plan",2026-03-01T09:42:46Z
r32-0000010,rsmith@ashlandretailpartners.com,Flux Commentary,What drove the change in gross margin this quarter?,completed,1.5,error code 502 from model gateway,2026-03-01T08:06:30Z
r32-0000011,sclark@ashlandretailpartners.com,Headcount Planner,Forecast Jun operating cash flow,completed,60.6,"Ops Jun variance was $4,489,551 vs plan",2026-03-01T13:49:12Z
r32-0000012,lharris@ashlandretailpartners.com,AP Aging Analyst,What drove the change in gross margin this quarter?,error,7.8,error code 502 from model gateway,2026-03-02T12:09:32Z
r32-0000013,lharris@ashlandretailpartners.com,Covenant Checker,Why did FP&A spend exceed budget in Jun?,completed,6.1,"FP&A Jun variance was $4,673,331 vs plan",2026-03-02T13:43:13Z
r32-0000014,rsmith@ashlandretailpartners.com,Revenue Recognizer,Why did FP&A spend exceed budget in May?,completed,30.7,"FP&A May variance was $3,626,993 vs plan",2026-03-02T11:01:55Z
r32-0000015,lharris@ashlandretailpartners.com,Revenue Recognizer,Forecast Jun operating cash flow,completed,13.9,"Ops Jun variance was $3,940,771 vs plan",2026-03-02T13:57:23Z
r32-0000016,rsmith@ashlandretailpartners.com,Cash Forecaster,Draft flux commentary for the Jun close,completed,44.8,"Accounting Jun variance was $1,162,731 vs plan",2026-03-02T11:18:03Z
r32-0000017,rsmith@ashlandretailpartners.com,Covenant Checker,Which cost centers are over budget YTD?,completed,67.0,"Accounting Jun variance was $2,535,186 vs plan",2026-03-02T10:24:24Z
r32-0000018,rsmith@ashlandretailpartners.com,Cash Forecaster,Forecast Jun operating cash flow,completed,14.2,"Accounting Jun variance was $4,779,965 vs plan",2026-03-02T09:09:31Z
r32-0000019,ymiller@ashlandretailpartners.com,Board Deck Builder,Forecast Jan operating cash flow,completed,44.3,"FP&A Jan variance was $4,230,570 vs plan",2026-03-02T13:08:00Z
r32-0000020,rsmith@ashlandretailpartners.com,Cash Forecaster,Draft flux commentary for the Mar close,completed,22.9,"FP&A Mar variance was $1,123,582 vs plan",2026-03-02T14:49:08Z
r32-0000021,rsmith@ashlandretailpartners.com,Flux Commentary,Check covenant compliance for the revolver,completed,21.5,"Accounting Apr variance was $1,702,548 vs plan",2026-03-02T17:00:14Z
r32-0000022,rsmith@ashlandretailpartners.com,Revenue Recognizer,Check covenant compliance for the revolver,completed,29.7,"FP&A Jan variance was $3,922,170 vs plan",2026-03-02T14:04:38Z
r32-0000023,rsmith@ashlandretailpartners.com,Close Checklist Bot,Check covenant compliance for the revolver,completed,17.0,"FP&A May variance was $366,578 vs plan",2026-03-02T10:52:05Z
r32-0000024,rsmith@ashlandretailpartners.com,Vendor Spend Analyzer,Forecast Mar operating cash flow,completed,11.5,"Accounting Mar variance was $3,677,584 vs plan",2026-03-02T12:37:56Z
r32-0000025,lharris@ashlandretailpartners.com,Vendor Spend Analyzer,Draft flux commentary for the Apr close,completed,66.3,"FP&A Apr variance was $2,343,137 vs plan",2026-03-02T10:58:02Z
r32-0000026,rsmith@ashlandretailpartners.com,Cash Forecaster,Build the board deck cash slide for Mar,completed,1.7,ERROR: upstream request timed out,2026-03-02T08:43:43Z
r32-0000027,ymiller@ashlandretailpartners.com,Headcount Planner,Which cost centers are over budget YTD?,completed,49.5,"FP&A Feb variance was $343,603 vs plan",2026-03-02T11:12:00Z
r32-0000028,rsmith@ashlandretailpartners.com,Vendor Spend Analyzer,Explain the headcount variance vs plan,completed,13.4,"Accounting Feb variance was $2,284,087 vs plan",2026-03-02T11:35:49Z
r32-0000029,ymiller@ashlandretailpartners.com,Headcount Planner,Summarize the Mar variance for entity CA-01,completed,22.7,"Ops Mar variance was $1,328,088 vs plan",2026-03-02T13:20:34Z
r32-0000030,ymiller@ashlandretailpartners.com,Journal Entry Reviewer,Forecast May operating cash flow,completed,67.5,"Treasury May variance was $2,468,539 vs plan",2026-03-02T11:57:27Z
r32-0000031,rsmith@ashlandretailpartners.com,Revenue Recognizer,Why did Treasury spend exceed budget in May?,completed,56.4,"Treasury May variance was $1,333,834 vs plan",2026-03-02T09:49:50Z
r32-0000032,ymiller@ashlandretailpartners.com,Board Deck Builder,Why did Ops spend exceed budget in May?,completed,48.0,"Ops May variance was $117,074 vs plan",2026-03-02T16:13:15Z
r32-0000033,ymiller@ashlandretailpartners.com,Headcount Planner,Forecast Jan operating cash flow,completed,69.7,"Accounting Jan variance was $256,523 vs plan",2026-03-02T11:54:14Z
r32-0000034,ymiller@ashlandretailpartners.com,Headcount Planner,Check covenant compliance for the revolver,completed,10.5,"FP&A Jun variance was $3,052,627 vs plan",2026-03-02T09:52:17Z
r32-0000035,ymiller@ashlandretailpartners.com,Revenue Recognizer,Forecast Mar operating cash flow,completed,50.0,"Ops Mar variance was $1,698,176 vs plan",2026-03-02T10:29:46Z
r32-0000036,rsmith@ashlandretailpartners.com,Headcount Planner,Forecast May operating cash flow,completed,73.0,"FP&A May variance was $2,749,438 vs plan",2026-03-02T17:05:18Z
r32-0000037,lharris@ashlandretailpartners.com,Revenue Recognizer,Why did FP&A spend exceed budget in Jun?,completed,0.6,ERROR: upstream request timed out,2026-03-02T16:43:13Z
r32-0000038,lharris@ashlandretailpartners.com,Close Checklist Bot,Reconcile AP aging over 90 days for MX-09,completed,61.3,"Ops May variance was $4,261,497 vs plan",2026-03-02T11:14:50Z
r32-0000039,ymiller@ashlandretailpartners.com,Flux Commentary,Draft flux commentary for the Jun close,error,3.5,error: connection reset by peer,2026-03-02T17:01:17Z
r32-0000040,rsmith@ashlandretailpartners.com,Covenant Checker,Explain the headcount variance vs plan,completed,57.8,"Treasury May variance was $497,450 vs plan",2026-03-02T14:39:01Z
r32-0000041,rsmith@ashlandretailpartners.com,Headcount Planner,Summarize the Mar variance for entity CA-06,completed,49.2,"Treasury Mar variance was $304,066 vs plan",2026-03-02T14:46:00Z
r32-0000042,sclark@ashlandretailpartners.com,Cash Forecaster,Summarize the May variance for entity US-07,completed,4.6,"FP&A May variance was $3,467,036 vs plan",2026-03-03T13:20:01Z
r32-0000043,rsmith@ashlandretailpartners.com,Cash Forecaster,Summarize the Mar variance for entity EU-05,completed,65.8,"Ops Mar variance was $3,062,393 vs plan",2026-03-03T13:43:08Z
r32-0000044,rsmith@ashlandretailpartners.com,Headcount Planner,Why did Accounting spend exceed budget in Mar?,error,4.7,error code 502 from model gateway,2026-03-03T09:22:21Z
r32-0000045,ymiller@ashlandretailpartners.com,Covenant Checker,Check covenant compliance for the revolver,completed,19.7,"Ops Apr variance was $3,458,993 vs plan",2026-03-03T12:15:32Z
r32-0000046,rsmith@ashlandretailpartners.com,Headcount Planner,Reconcile AP aging over 90 days for MX-03,completed,61.5,"FP&A Apr variance was $1,078,605 vs plan",2026-03-03T15:55:29Z
r32-0000047,rsmith@ashlandretailpartners.com,Covenant Checker,Explain the headcount variance vs plan,completed,37.2,"Treasury May variance was $1,649,411 vs plan",2026-03-03T08:58:38Z
r32-0000048,rsmith@ashlandretailpartners.com,Cash Forecaster,Build the board deck cash slide for Apr,completed,62.3,"Treasury Apr variance was $2,587,410 vs plan",2026-03-03T14:39:01Z
r32-0000049,ymiller@ashlandretailpartners.com,AP Aging Analyst,Explain the headcount variance vs plan,completed,46.9,"Treasury Feb variance was $4,154,496 vs plan",2026-03-03T13:00:13Z
r32-0000050,rsmith@ashlandretailpartners.com,Journal Entry Reviewer,Reconcile AP aging over 90 days for US-02,completed,51.1,"Treasury Mar variance was $2,077,516 vs plan",2026-03-03T15:51:10Z
r32-0000051,rsmith@ashlandretailpartners.com,Close Checklist Bot,Explain the headcount variance vs plan,completed,48.1,"FP&A May variance was $1,973,777 vs plan",2026-03-03T17:36:32Z
r32-0000052,ymiller@ashlandretailpartners.com,Flux Commentary,Forecast May operating cash flow,completed,43.0,"Treasury May variance was $3,674,766 vs plan",2026-03-03T14:57:59Z
r32-0000053,rsmith@ashlandretailpartners.com,Revenue Recognizer,Draft flux commentary for the May close,completed,43.4,"Ops May variance was $1,746,331 vs plan",2026-03-03T09:24:09Z
r32-0000054,ymiller@ashlandretailpartners.com,Vendor Spend Analyzer,Build the board deck cash slide for Mar,completed,61.6,"FP&A Mar variance was $183,838 vs plan",2026-03-03T16:38:08Z
r32-0000055,ymiller@ashlandretailpartners.com,Headcount Planner,Explain the headcount variance vs plan,completed,9.6,"FP&A Apr variance was $3,457,547 vs plan",2026-03-03T11:04:48Z
r32-0000056,ymiller@ashlandretailpartners.com,Budget vs Actual,Reconcile AP aging over 90 days for MX-07,completed,31.8,"Treasury Mar variance was $1,577,662 vs plan",2026-03-03T09:54:24Z
r32-0000057,rsmith@ashlandretailpartners.com,Cash Forecaster,Forecast Jun operating cash flow,completed,0.4,error code 502 from model gateway,2026-03-03T13:32:35Z
r32-0000058,sclark@ashlandretailpartners.com,Vendor Spend Analyzer,Draft flux commentary for the Mar close,completed,73.8,"Ops Mar variance was $3,773,640 vs plan",2026-03-03T14:41:20Z
r32-0000059,rsmith@ashlandretailpartners.com,Close Checklist Bot,Draft flux commentary for the Jun close,completed,24.3,"Accounting Jun variance was $383,609 vs plan",2026-03-03T07:13:00Z
r32-0000060,ymiller@ashlandretailpartners.com,AP Aging Analyst,Explain the headcount variance vs plan,completed,17.5,"Accounting Jun variance was $2,975,306 vs plan",2026-03-03T17:26:34Z
r32-0000061,rsmith@ashlandretailpartners.com,AP Aging Analyst,Reconcile AP aging over 90 days for EU-09,completed,1.4,error code 502 from model gateway,2026-03-03T11:23:11Z
r32-0000062,ymiller@ashlandretailpartners.com,Headcount Planner,Why did FP&A spend exceed budget in Apr?,completed,45.9,"FP&A Apr variance was $1,343,026 vs plan",2026-03-03T10:50:34Z
r32-0000063,rsmith@ashlandretailpartners.com,Revenue Recognizer,Check covenant compliance for the revolver,completed,63.8,"Treasury Feb variance was $2,269,708 vs plan",2026-03-03T07:10:10Z
r32-0000064,rsmith@ashlandretailpartners.com,Board Deck Builder,What drove the change in gross margin this quarter?,completed,27.3,"Accounting Jan variance was $3,425,358 vs plan",2026-03-03T13:33:04Z
r32-0000065,lharris@ashlandretailpartners.com,Covenant Checker,Why did Accounting spend exceed budget in Feb?,completed,62.1,"Accounting Feb variance was $3,715,961 vs plan",2026-03-03T11:23:46Z
r32-0000066,rsmith@ashlandretailpartners.com,Cash Forecaster,Summarize the Apr variance for entity EU-01,completed,50.1,"Accounting Apr variance was $784,531 vs plan",2026-03-03T12:44:22Z
r32-0000067,ymiller@ashlandretailpartners.com,Budget vs Actual,Check covenant compliance for the revolver,completed,1.4,error code 502 from model gateway,2026-03-03T16:03:36Z
r32-0000068,rsmith@ashlandretailpartners.com,Headcount Planner,Draft flux commentary for the Apr close,completed,0.8,error code 502 from model gateway,2026-03-03T13:33:33Z
r32-0000069,rsmith@ashlandretailpartners.com,Vendor Spend Analyzer,Which cost centers are over budget YTD?,completed,1.4,error: connection reset by peer,2026-03-03T13:37:58Z
r32-0000070,ymiller@ashlandretailpartners.com,Board Deck Builder,Why did FP&A spend exceed budget in Jun?,completed,33.9,"FP&A Jun variance was $643,969 vs plan",2026-03-03T12:20:48Z
r32-0000071,lharris@ashlandretailpartners.com,Flux Commentary,Summarize the Mar variance for entity EU-05,completed,63.7,"FP&A Mar variance was $2,744,640 vs plan",2026-03-03T06:12:30Z
r32-0000072,ymiller@ashlandretailpartners.com,Revenue Recognizer,Forecast Jun operating cash flow,error,1.1,error code 502 from model gateway,2026-03-03T18:23:27Z
r32-0000073,ymiller@ashlandretailpartners.com,Close Checklist Bot,Build the board deck cash slide for Feb,completed,45.0,"Accounting Feb variance was $1,245,242 vs plan",2026-03-03T15:41:18Z
r32-0000074,rsmith@ashlandretailpartners.com,Vendor Spend Analyzer,Which cost centers are over budget YTD?,completed,9.3,"Ops Feb variance was $2,221,474 vs plan",2026-03-03T10:48:20Z
r32-0000075,ymiller@ashlandretailpartners.com,Flux Commentary,Explain the headcount variance vs plan,completed,51.9,"Accounting Feb variance was $4,287,775 vs plan",2026-03-03T09:12:05Z
r32-0000076,ymiller@ashlandretailpartners.com,Vendor Spend Analyzer,Check covenant compliance for the revolver,completed,15.2,"FP&A Jun variance was $2,211,969 vs plan",2026-03-03T10:04:51Z
r32-0000077,lharris@ashlandretailpartners.com,Board Deck Builder,Why did Treasury spend exceed budget in Jan?,completed,12.9,"Treasury Jan variance was $979,692 vs plan",2026-03-03T13:08:45Z
r32-0000078,lharris@ashlandretailpartners.com,Journal Entry Reviewer,Forecast May operating cash flow,completed,46.1,"FP&A May variance was $1,617,285 vs plan",2026-03-03T08:48:10Z
r32-0000079,lharris@ashlandretailpartners.com,Revenue Recognizer,Check covenant compliance for the revolver,completed,1.3,error: connection reset by peer,2026-03-03T07:41:34Z
r32-0000080,ymiller@ashlandretailpartners.com,Variance Explainer,What drove the change in gross margin this quarter?,completed,66.9,"FP&A Jun variance was $1,786,700 vs plan",2026-03-03T15:05:01Z
r32-0000081,rsmith@ashlandretailpartners.com,Variance Explainer,Explain the headcount variance vs plan,completed,64.0,"Ops Jun variance was $4,485,454 vs plan",2026-03-03T09:55:19Z
r32-0000082,rsmith@ashlandretailpartners.com,AP Aging Analyst,Explain the headcount variance vs plan,completed,32.0,"Accounting Apr variance was $1,169,452 vs plan",2026-03-03T14:10:21Z
r32-0000083,rsmith@ashlandretailpartners.com,Variance Explainer,Check covenant compliance for the revolver,completed,12.9,"FP&A Mar variance was $2,807,670 vs plan",2026-03-04T14:34:11Z
r32-0000084,ymiller@ashlandretailpartners.com,Covenant Checker,Build the board deck cash slide for May,completed,67.4,"Accounting May variance was $4,245,730 vs plan",2026-03-04T15:59:00Z
r32-0000085,ymiller@ashlandretailpartners.com,AP Aging Analyst,Forecast May operating cash flow,completed,51.6,"FP&A May variance was $2,776,590 vs plan",2026-03-04T12:01:41Z
r32-0000086,rsmith@ashlandretailpartners.com,Revenue Recognizer,Why did Ops spend exceed budget in Feb?,completed,25.7,"Ops Feb variance was $414,473 vs plan",2026-03-04T17:13:45Z
r32-0000087,rsmith@ashlandretailpartners.com,Cash Forecaster,Build the board deck cash slide for Feb,completed,62.6,"Accounting Feb variance was $2,712,685 vs plan",2026-03-04T16:36:25Z
r32-0000088,rsmith@ashlandretailpartners.com,Flux Commentary,Why did Ops spend exceed budget in Jun?,completed,5.6,"Ops Jun variance was $2,359,478 vs plan",2026-03-04T18:30:35Z
r32-0000089,rsmith@ashlandretailpartners.com,Cash Forecaster,Explain the headcount variance vs plan,completed,37.0,"Treasury Apr variance was $617,532 vs plan",2026-03-04T15:53:12Z
r32-0000090,rsmith@ashlandretailpartners.com,Headcount Planner,Which cost centers are over budget YTD?,completed,43.3,"Treasury Jan variance was $4,018,155 vs plan",2026-03-04T10:58:35Z
r32-0000091,rsmith@ashlandretailpartners.com,Variance Explainer,Why did Accounting spend exceed budget in May?,completed,4.2,"Accounting May variance was $406,949 vs plan",2026-03-04T13:40:17Z
r32-0000092,ymiller@ashlandretailpartners.com,Flux Commentary,Reconcile AP aging over 90 days for MX-03,completed,57.9,"Treasury May variance was $3,110,041 vs plan",2026-03-04T16:32:42Z
r32-0000093,rsmith@ashlandretailpartners.com,Board Deck Builder,Why did Ops spend exceed budget in Mar?,completed,17.6,"Ops Mar variance was $4,396,142 vs plan",2026-03-04T10:42:19Z
r32-0000094,ymiller@ashlandretailpartners.com,Board Deck Builder,Why did FP&A spend exceed budget in Mar?,completed,32.5,"FP&A Mar variance was $3,119,973 vs plan",2026-03-04T13:20:24Z
r32-0000095,ymiller@ashlandretailpartners.com,Budget vs Actual,Why did Accounting spend exceed budget in Jan?,completed,68.0,"Accounting Jan variance was $361,093 vs plan",2026-03-04T14:39:52Z
r32-0000096,sclark@ashlandretailpartners.com,Headcount Planner,Explain the headcount variance vs plan,completed,61.9,"Ops May variance was $4,522,876 vs plan",2026-03-04T08:28:35Z
r32-0000097,ymiller@ashlandretailpartners.com,Revenue Recognizer,Reconcile AP aging over 90 days for MX-07,completed,0.8,error code 502 from model gateway,2026-03-04T14:05:26Z
r32-0000098,ymiller@ashlandretailpartners.com,Budget vs Actual,Build the board deck cash slide for Jun,completed,21.3,"Accounting Jun variance was $787,609 vs plan",2026-03-04T16:05:30Z
r32-0000099,ymiller@ashlandretailpartners.com,Revenue Recognizer,Which cost centers are over budget YTD?,completed,36.5,"Treasury Feb variance was $1,163,572 vs plan",2026-03-04T12:20:17Z
r32-0000100,rsmith@ashlandretailpartners.com,Board Deck Builder,Build the board deck cash slide for Jan,completed,16.8,"Treasury Jan variance was $1,726,895 vs plan",2026-03-04T18:37:12Z
r32-0000101,rsmith@ashlandretailpartners.com,Revenue Recognizer,Forecast Feb operating cash flow,completed,5.3,"FP&A Feb variance was $349,062 vs plan",2026-03-04T11:18:05Z
r32-0000102,lharris@ashlandretailpartners.com,Journal Entry Reviewer,Forecast Mar operating cash flow,completed,60.5,"Ops Mar variance was $3,363,618 vs plan",2026-03-04T17:45:58Z
r32-0000103,sclark@ashlandretailpartners.com,Covenant Checker,Forecast Jun operating cash flow,completed,33.8,"Ops Jun variance was $4,286,340 vs plan",2026-03-04T10:18:44Z
r32-0000104,lharris@ashlandretailpartners.com,Variance Explainer,Reconcile AP aging over 90 days for MX-09,completed,38.8,"Treasury Mar variance was $1,346,471 vs plan",2026-03-04T13:52:41Z
r32-0000105,lharris@ashlandretailpartners.com,Cash Forecaster,What drove the change in gross margin this quarter?,completed,50.2,"FP&A Apr variance was $2,979,515 vs plan",2026-03-04T17:06:59Z
r32-0000106,ymiller@ashlandretailpartners.com,Journal Entry Reviewer,Which cost centers are over budget YTD?,completed,25.5,"Accounting Feb variance was $4,746,777 vs plan",2026-03-04T08:08:22Z
r32-0000107,rsmith@ashlandretailpartners.com,Journal Entry Reviewer,Forecast Mar operating cash flow,completed,67.6,"Treasury Mar variance was $3,340,589 vs plan",2026-03-04T14:51:12Z
r32-0000108,rsmith@ashlandretailpartners.com,Vendor Spend Analyzer,Reconcile AP aging over 90 days for CA-02,completed,73.7,"Accounting Feb variance was $897,102 vs plan",2026-03-04T07:39:45Z
r32-0000109,lharris@ashlandretailpartners.com,Cash Forecaster,Build the board deck cash slide for May,completed,3.7,"FP&A May variance was $4,010,837 vs plan",2026-03-04T17:56:26Z
r32-0000110,ymiller@ashlandretailpartners.com,Vendor Spend Analyzer,Explain the headcount variance vs plan,completed,59.2,"FP&A May variance was $2,905,060 vs plan",2026-03-04T12:49:01Z
r32-0000111,ymiller@ashlandretailpartners.com,Board Deck Builder,Which cost centers are over budget YTD?,completed,30.2,"Ops Apr variance was $1,967,529 vs plan",2026-03-04T12:25:39Z
r32-0000112,sclark@ashlandretailpartners.com,Headcount Planner,Forecast Mar operating cash flow,completed,6.1,"Accounting Mar variance was $3,110,248 vs plan",2026-03-04T13:21:27Z
r32-0000113,ymiller@ashlandretailpartners.com,Board Deck Builder,Forecast May operating cash flow,completed,6.4,"Treasury May variance was $3,461,889 vs plan",2026-03-04T16:44:42Z
r32-0000114,ymiller@ashlandretailpartners.com,AP Aging Analyst,Check covenant compliance for the revolver,completed,24.1,"FP&A Apr variance was $2,815,251 vs plan",2026-03-04T14:17:28Z
r32-0000115,ymiller@ashlandretailpartners.com,Covenant Checker,What drove the change in gross margin this quarter?,completed,30.4,"FP&A Apr variance was $2,654,178 vs plan",2026-03-04T16:48:23Z
r32-0000116,ymiller@ashlandretailpartners.com,Vendor Spend Analyzer,Draft flux commentary for the Jun close,completed,0.6,ERROR: upstream request timed out,2026-03-04T12:49:57Z
r32-0000117,rsmith@ashlandretailpartners.com,Vendor Spend Analyzer,What drove the change in gross margin this quarter?,completed,26.4,"Accounting Jan variance was $4,676,497 vs plan",2026-03-04T12:32:02Z
r32-0000118,rsmith@ashlandretailpartners.com,Close Checklist Bot,Forecast Mar operating cash flow,completed,7.5,"FP&A Mar variance was $4,649,416 vs plan",2026-03-05T16:27:28Z
r32-0000119,ymiller@ashlandretailpartners.com,Board Deck Builder,Forecast Apr operating cash flow,completed,33.8,"Accounting Apr variance was $2,236,116 vs plan",2026-03-05T07:33:50Z
r32-0000120,ymiller@ashlandretailpartners.com,Journal Entry Reviewer,Forecast Jan operating cash flow,completed,15.7,"Ops Jan variance was $4,029,027 vs plan",2026-03-05T18:56:34Z
r32-0000121,rsmith@ashlandretailpartners.com,Vendor Spend Analyzer,Check covenant compliance for the revolver,completed,48.8,"Accounting Feb variance was $2,064,448 vs plan",2026-03-05T09:46:19Z
r32-0000122,rsmith@ashlandretailpartners.com,Close Checklist Bot,Draft flux commentary for the Jun close,completed,30.8,"FP&A Jun variance was $4,361,770 vs plan",2026-03-05T11:40:51Z
r32-0000123,ymiller@ashlandretailpartners.com,AP Aging Analyst,Forecast Apr operating cash flow,completed,42.3,"Treasury Apr variance was $3,324,269 vs plan",2026-03-05T11:32:38Z
r32-0000124,rsmith@ashlandretailpartners.com,Flux Commentary,Reconcile AP aging over 90 days for MX-06,completed,4.0,"FP&A May variance was $234,339 vs plan",2026-03-05T08:06:38Z
r32-0000125,ymiller@ashlandretailpartners.com,Board Deck Builder,What drove the change in gross margin this quarter?,completed,64.2,"Ops Feb variance was $3,327,028 vs plan",2026-03-05T11:53:33Z
r32-0000126,rsmith@ashlandretailpartners.com,AP Aging Analyst,Explain the headcount variance vs plan,completed,36.8,"FP&A Apr variance was $4,724,354 vs plan",2026-03-05T09:46:50Z
r32-0000127,rsmith@ashlandretailpartners.com,Close Checklist Bot,Why did Treasury spend exceed budget in Jan?,completed,63.5,"Treasury Jan variance was $4,212,466 vs plan",2026-03-05T16:46:27Z
r32-0000128,lharris@ashlandretailpartners.com,Budget vs Actual,Reconcile AP aging over 90 days for EU-01,completed,52.4,"FP&A Mar variance was $2,215,300 vs plan",2026-03-05T15:54:35Z
r32-0000129,rsmith@ashlandretailpartners.com,Headcount Planner,Explain the headcount variance vs plan,completed,46.6,"Ops Jan variance was $4,541,214 vs plan",2026-03-05T09:27:13Z
r32-0000130,lharris@ashlandretailpartners.com,Close Checklist Bot,Draft flux commentary for the Jan close,completed,61.2,"FP&A Jan variance was $1,888,435 vs plan",2026-03-05T18:32:14Z
r32-0000131,sclark@ashlandretailpartners.com,Vendor Spend Analyzer,Check covenant compliance for the revolver,completed,59.0,"FP&A Feb variance was $4,000,944 vs plan",2026-03-05T14:22:50Z
r32-0000132,ymiller@ashlandretailpartners.com,Vendor Spend Analyzer,Build the board deck cash slide for Mar,completed,0.6,Traceback (most recent call last): KeyError 'entity',2026-03-05T19:06:18Z
r32-0000133,rsmith@ashlandretailpartners.com,Covenant Checker,Summarize the Feb variance for entity EU-06,completed,16.3,"FP&A Feb variance was $2,916,059 vs plan",2026-03-05T15:47:55Z
r32-0000134,ymiller@ashlandretailpartners.com,Budget vs Actual,What drove the change in gross margin this quarter?,error,1.4,Traceback (most recent call last): KeyError 'entity',2026-03-05T11:20:22Z
r32-0000135,ymiller@ashlandretailpartners.com,Covenant Checker,Reconcile AP aging over 90 days for MX-02,completed,37.8,"Ops Mar variance was $3,829,201 vs plan",2026-03-05T20:58:02Z
r32-0000136,rsmith@ashlandretailpartners.com,Board Deck Builder,Build the board deck cash slide for Jan,completed,54.5,"Treasury Jan variance was $2,150,978 vs plan",2026-03-05T12:46:06Z
r32-0000137,sclark@ashlandretailpartners.com,Board Deck Builder,What drove the change in gross margin this quarter?,completed,12.8,"FP&A May variance was $4,288,211 vs plan",2026-03-05T19:10:03Z
r32-0000138,ymiller@ashlandretailpartners.com,Journal Entry Reviewer,Build the board deck cash slide for Feb,completed,33.9,"Accounting Feb variance was $3,805,272 vs plan",2026-03-05T06:32:09Z
r32-0000139,sclark@ashlandretailpartners.com,Cash Forecaster,Explain the headcount variance vs plan,completed,65.4,"FP&A Apr variance was $2,960,627 vs plan",2026-03-05T13:14:35Z
r32-0000140,ymiller@ashlandretailpartners.com,Headcount Planner,Why did FP&A spend exceed budget in Feb?,completed,13.7,"FP&A Feb variance was $37,366 vs plan",2026-03-05T17:13:48Z
r32-0000141,ymiller@ashlandretailpartners.com,Covenant Checker,Reconcile AP aging over 90 days for EU-02,completed,0.2,error: connection reset by peer,2026-03-05T13:16:07Z
r32-0000142,lharris@ashlandretailpartners.com,Headcount Planner,Draft flux commentary for the Jun close,completed,11.1,"Treasury Jun variance was $2,303,760 vs plan",2026-03-05T15:44:48Z
r32-0000143,ymiller@ashlandretailpartners.com,Variance Explainer,Draft flux commentary for the Mar close,completed,0.3,error code 502 from model gateway,2026-03-05T11:08:37Z
r32-0000144,lharris@ashlandretailpartners.com,Close Checklist Bot,Forecast Mar operating cash flow,completed,62.3,"Treasury Mar variance was $1,730,731 vs plan",2026-03-05T17:15:13Z
r32-0000145,ymiller@ashlandretailpartners.com,Budget vs Actual,Which cost centers are over budget YTD?,completed,50.5,"Treasury Jun variance was $1,535,913 vs plan",2026-03-05T13:09:46Z
r32-0000146,ymiller@ashlandretailpartners.com,Variance Explainer,Check covenant compliance for the revolver,completed,0.6,ERROR: upstream request timed out,2026-03-05T06:22:52Z
r32-0000147,ymiller@ashlandretailpartners.com,AP Aging Analyst,Summarize the Jan variance for entity EU-04,completed,20.8,"Treasury Jan variance was $4,517,886 vs plan",2026-03-06T12:39:35Z
r32-0000148,rsmith@ashlandretailpartners.com,Budget vs Actual,Check covenant compliance for the revolver,completed,16.1,"Ops Jan variance was $3,958,906 vs plan",2026-03-06T12:39:05Z
r32-0000149,rsmith@ashlandretailpartners.com,Journal Entry Reviewer,Which cost centers are over budget YTD?,completed,20.7,"Ops Apr variance was $229,290 vs plan",2026-03-06T12:06:29Z
r32-0000150,ymiller@ashlandretailpartners.com,Flux Commentary,Why did Treasury spend exceed budget in Feb?,completed,48.8,"Treasury Feb variance was $1,363,209 vs plan",2026-03-06T12:06:13Z
r32-0000151,rsmith@ashlandretailpartners.com,Covenant Checker,Check covenant compliance for the revolver,error,5.9,FAILED: null reference in aggregation step,2026-03-06T17:45:28Z
r32-0000152,ymiller@ashlandretailpartners.com,Journal Entry Reviewer,What drove the change in gross margin this quarter?,completed,13.8,"FP&A May variance was $4,012,175 vs plan",2026-03-06T11:02:51Z
r32-0000153,ymiller@ashlandretailpartners.com,Flux Commentary,Reconcile AP aging over 90 days for EU-03,completed,3.1,"Treasury May variance was $3,344,295 vs plan",2026-03-06T08:47:02Z
r32-0000154,ymiller@ashlandretailpartners.com,Budget vs Actual,Summarize the May variance for entity MX-04,completed,0.3,ERROR: upstream request timed out,2026-03-06T09:08:15Z
r32-0000155,ymiller@ashlandretailpartners.com,Close Checklist Bot,Which cost centers are over budget YTD?,completed,17.1,"Treasury Mar variance was $967,872 vs plan",2026-03-06T14:14:20Z
r32-0000156,ymiller@ashlandretailpartners.com,Covenant Checker,Why did FP&A spend exceed budget in Jan?,completed,32.2,"FP&A Jan variance was $3,065,102 vs plan",2026-03-06T11:44:29Z
r32-0000157,ymiller@ashlandretailpartners.com,Covenant Checker,Explain the headcount variance vs plan,completed,74.0,"FP&A Jun variance was $159,888 vs plan",2026-03-06T14:30:00Z
r32-0000158,ymiller@ashlandretailpartners.com,Flux Commentary,Summarize the May variance for entity US-02,completed,29.8,"FP&A May variance was $2,574,353 vs plan",2026-03-06T07:29:14Z
r32-0000159,ymiller@ashlandretailpartners.com,Vendor Spend Analyzer,Forecast Mar operating cash flow,completed,67.1,"Accounting Mar variance was $1,678,046 vs plan",2026-03-06T12:35:02Z
r32-0000160,ymiller@ashlandretailpartners.com,Cash Forecaster,Summarize the May variance for entity MX-03,completed,43.4,"Ops May variance was $2,194,331 vs plan",2026-03-06T12:06:40Z
r32-0000161,rsmith@ashlandretailpartners.com,Close Checklist Bot,What drove the change in gross margin this quarter?,error,3.4,ERROR: upstream request timed out,2026-03-06T09:10:32Z
r32-0000162,sclark@ashlandretailpartners.com,AP Aging Analyst,Draft flux commentary for the Jan close,completed,63.2,"Accounting Jan variance was $1,811,787 vs plan",2026-03-06T14:57:57Z
r32-0000163,rsmith@ashlandretailpartners.com,Variance Explainer,Explain the headcount variance vs plan,completed,24.4,"FP&A Apr variance was $1,068,165 vs plan",2026-03-06T11:57:46Z
r32-0000164,lharris@ashlandretailpartners.com,AP Aging Analyst,Check covenant compliance for the revolver,completed,28.6,"Treasury Feb variance was $4,067,621 vs plan",2026-03-06T14:20:49Z
r32-0000165,ymiller@ashlandretailpartners.com,Vendor Spend Analyzer,Forecast Jun operating cash flow,completed,55.9,"Ops Jun variance was $93,701 vs plan",2026-03-06T12:04:00Z
r32-0000166,ymiller@ashlandretailpartners.com,Variance Explainer,Summarize the Feb variance for entity US-08,completed,57.1,"Treasury Feb variance was $240,834 vs plan",2026-03-06T18:20:31Z
r32-0000167,rsmith@ashlandretailpartners.com,Revenue Recognizer,Check covenant compliance for the revolver,completed,52.1,"Accounting Feb variance was $4,182,568 vs plan",2026-03-06T18:15:57Z
r32-0000168,lharris@ashlandretailpartners.com,Variance Explainer,Summarize the Jun variance for entity MX-04,completed,4.0,"FP&A Jun variance was $2,929,376 vs plan",2026-03-06T11:14:47Z
r32-0000169,ymiller@ashlandretailpartners.com,AP Aging Analyst,Draft flux commentary for the May close,completed,35.1,"FP&A May variance was $2,101,959 vs plan",2026-03-06T15:14:53Z
r32-0000170,ymiller@ashlandretailpartners.com,Cash Forecaster,Why did Accounting spend exceed budget in Apr?,completed,53.6,"Accounting Apr variance was $4,445,635 vs plan",2026-03-06T13:33:20Z
r32-0000171,ymiller@ashlandretailpartners.com,Variance Explainer,Why did Accounting spend exceed budget in Feb?,completed,3.7,"Accounting Feb variance was $3,697,172 vs plan",2026-03-06T14:32:57Z
r32-0000172,ymiller@ashlandretailpartners.com,Journal Entry Reviewer,Reconcile AP aging over 90 days for EU-06,completed,30.6,"Accounting Apr variance was $487,731 vs plan",2026-03-06T14:24:26Z
r32-0000173,rsmith@ashlandretailpartners.com,Variance Explainer,Draft flux commentary for the May close,completed,41.4,"FP&A May variance was $4,799,152 vs plan",2026-03-06T10:33:06Z
r32-0000174,rsmith@ashlandretailpartners.com,Headcount Planner,Draft flux commentary for the Jun close,completed,71.0,"Treasury Jun variance was $185,267 vs plan",2026-03-06T13:44:05Z
r32-0000175,lharris@ashlandretailpartners.com,Headcount Planner,Build the board deck cash slide for Feb,completed,28.1,"FP&A Feb variance was $3,740,491 vs plan",2026-03-06T16:52:23Z
r32-0000176,ymiller@ashlandretailpartners.com,Budget vs Actual,Check covenant compliance for the revolver,completed,3.9,"FP&A May variance was $3,263,005 vs plan",2026-03-06T12:51:54Z
r32-0000177,rsmith@ashlandretailpartners.com,Headcount Planner,What drove the change in gross margin this quarter?,completed,15.1,"Treasury Jun variance was $617,946 vs plan",2026-03-06T15:34:43Z
r32-0000178,ymiller@ashlandretailpartners.com,Close Checklist Bot,Explain the headcount variance vs plan,completed,22.3,"Ops Apr variance was $1,855,334 vs plan",2026-03-06T10:21:05Z
r32-0000179,lharris@ashlandretailpartners.com,Cash Forecaster,Forecast Jan operating cash flow,completed,41.2,"Ops Jan variance was $4,392,755 vs plan",2026-03-07T14:40:38Z
r32-0000180,ymiller@ashlandretailpartners.com,Cash Forecaster,What drove the change in gross margin this quarter?,completed,5.5,"Ops Feb variance was $4,668,978 vs plan",2026-03-07T14:59:26Z
r32-0000181,ymiller@ashlandretailpartners.com,Revenue Recognizer,Forecast May operating cash flow,completed,7.9,"Treasury May variance was $2,651,561 vs plan",2026-03-07T07:43:02Z
r32-0000182,rsmith@ashlandretailpartners.com,Flux Commentary,Which cost centers are over budget YTD?,completed,49.2,"Ops Mar variance was $3,711,814 vs plan",2026-03-07T17:37:54Z
r32-0000183,ymiller@ashlandretailpartners.com,Headcount Planner,Forecast Apr operating cash flow,completed,71.9,"Ops Apr variance was $3,752,166 vs plan",2026-03-07T13:30:24Z
r32-0000184,ymiller@ashlandretailpartners.com,Budget vs Actual,Reconcile AP aging over 90 days for MX-02,completed,55.9,"Accounting Mar variance was $3,698,447 vs plan",2026-03-07T09:48:47Z
r32-0000185,ymiller@ashlandretailpartners.com,Close Checklist Bot,Check covenant compliance for the revolver,completed,67.0,"Treasury Feb variance was $2,742,262 vs plan",2026-03-07T06:34:33Z
r32-0000186,ymiller@ashlandretailpartners.com,Journal Entry Reviewer,Forecast Mar operating cash flow,completed,71.3,"Ops Mar variance was $73,739 vs plan",2026-03-07T11:57:19Z
r32-0000187,lharris@ashlandretailpartners.com,Flux Commentary,Explain the headcount variance vs plan,completed,39.7,"Treasury Mar variance was $4,675,404 vs plan",2026-03-07T09:00:06Z
r32-0000188,rsmith@ashlandretailpartners.com,Close Checklist Bot,Which cost centers are over budget YTD?,completed,43.7,"Ops Jun variance was $2,224,238 vs plan",2026-03-07T13:02:11Z
r32-0000189,lharris@ashlandretailpartners.com,Revenue Recognizer,What drove the change in gross margin this quarter?,completed,34.4,"Treasury Feb variance was $2,915,774 vs plan",2026-03-07T10:58:20Z
r32-0000190,ymiller@ashlandretailpartners.com,Cash Forecaster,Draft flux commentary for the Jan close,completed,7.7,"Accounting Jan variance was $4,160,820 vs plan",2026-03-08T13:02:38Z
r32-0000191,ymiller@ashlandretailpartners.com,Board Deck Builder,Check covenant compliance for the revolver,completed,32.7,"Ops Apr variance was $173,594 vs plan",2026-03-08T13:38:32Z
r32-0000192,rsmith@ashlandretailpartners.com,AP Aging Analyst,Reconcile AP aging over 90 days for EU-03,completed,23.6,"Treasury Feb variance was $3,219,282 vs plan",2026-03-08T09:03:05Z
r32-0000193,ymiller@ashlandretailpartners.com,Vendor Spend Analyzer,Check covenant compliance for the revolver,completed,44.6,"FP&A Apr variance was $2,938,758 vs plan",2026-03-08T08:57:57Z
r32-0000194,rsmith@ashlandretailpartners.com,Revenue Recognizer,Why did Ops spend exceed budget in Mar?,completed,20.8,"Ops Mar variance was $2,374,762 vs plan",2026-03-08T14:17:52Z
r32-0000195,rsmith@ashlandretailpartners.com,Revenue Recognizer,Why did Ops spend exceed budget in Mar?,completed,11.0,"Ops Mar variance was $2,061,339 vs plan",2026-03-08T11:35:16Z
r32-0000196,lharris@ashlandretailpartners.com,Revenue Recognizer,Summarize the Jun variance for entity MX-02,completed,40.8,"Treasury Jun variance was $1,181,088 vs plan",2026-03-08T18:58:43Z
r32-0000197,lharris@ashlandretailpartners.com,Headcount Planner,Reconcile AP aging over 90 days for CA-05,completed,55.4,"FP&A May variance was $4,366,529 vs plan",2026-03-08T13:11:58Z
r32-0000198,ymiller@ashlandretailpartners.com,Close Checklist Bot,Why did Ops spend exceed budget in Jun?,completed,58.3,"Ops Jun variance was $795,239 vs plan",2026-03-08T12:53:14Z
r32-0000199,sclark@ashlandretailpartners.com,Covenant Checker,Build the board deck cash slide for Mar,completed,26.0,"Ops Mar variance was $2,919,372 vs plan",2026-03-08T08:55:04Z
r32-0000200,lharris@ashlandretailpartners.com,Covenant Checker,Summarize the Jan variance for entity CA-08,completed,66.1,"Treasury Jan variance was $1,591,038 vs plan",2026-03-08T13:59:24Z
r32-0000201,rsmith@ashlandretailpartners.com,Budget vs Actual,Forecast Mar operating cash flow,completed,64.6,"Treasury Mar variance was $3,284,299 vs plan",2026-03-09T15:19:26Z
r32-0000202,ymiller@ashlandretailpartners.com,Board Deck Builder,What drove the change in gross margin this quarter?,completed,39.9,"Ops Mar variance was $4,171,603 vs plan",2026-03-09T08:27:49Z
r32-0000203,ymiller@ashlandretailpartners.com,Covenant Checker,Check covenant compliance for the revolver,completed,26.2,"Treasury Jan variance was $2,426,188 vs plan",2026-03-09T11:59:06Z
r32-0000204,ymiller@ashlandretailpartners.com,AP Aging Analyst,Forecast Apr operating cash flow,completed,0.5,ERROR: upstream request timed out,2026-03-09T13:21:38Z
r32-0000205,rsmith@ashlandretailpartners.com,Close Checklist Bot,Summarize the Jan variance for entity CA-04,completed,45.8,"Ops Jan variance was $2,850,676 vs plan",2026-03-09T12:10:00Z
r32-0000206,rsmith@ashlandretailpartners.com,Budget vs Actual,Forecast Jan operating cash flow,completed,24.9,"FP&A Jan variance was $538,700 vs plan",2026-03-09T09:04:14Z
r32-0000207,ymiller@ashlandretailpartners.com,Vendor Spend Analyzer,Which cost centers are over budget YTD?,completed,12.7,"Accounting May variance was $1,063,773 vs plan",2026-03-09T17:40:28Z
r32-0000208,rsmith@ashlandretailpartners.com,Vendor Spend Analyzer,Reconcile AP aging over 90 days for EU-09,completed,6.8,"Accounting May variance was $1,266,127 vs plan",2026-03-09T13:10:38Z
r32-0000209,rsmith@ashlandretailpartners.com,AP Aging Analyst,Which cost centers are over budget YTD?,completed,32.8,"Ops Jan variance was $4,288,840 vs plan",2026-03-09T07:08:56Z
r32-0000210,ymiller@ashlandretailpartners.com,Cash Forecaster,Explain the headcount variance vs plan,completed,0.9,FAILED: null reference in aggregation step,2026-03-09T14:52:02Z
r32-0000211,ymiller@ashlandretailpartners.com,Covenant Checker,Build the board deck cash slide for Jan,completed,73.5,"Treasury Jan variance was $3,673,301 vs plan",2026-03-09T16:53:19Z
r32-0000212,rsmith@ashlandretailpartners.com,Revenue Recognizer,Why did Treasury spend exceed budget in Jan?,completed,26.1,"Treasury Jan variance was $3,372,842 vs plan",2026-03-09T10:06:12Z
r32-0000213,ymiller@ashlandretailpartners.com,Budget vs Actual,What drove the change in gross margin this quarter?,completed,43.0,"Ops Feb variance was $2,003,850 vs plan",2026-03-09T09:46:36Z
r32-0000214,ymiller@ashlandretailpartners.com,Covenant Checker,Reconcile AP aging over 90 days for US-02,completed,18.8,"Treasury Jan variance was $4,702,412 vs plan",2026-03-09T09:35:17Z
r32-0000215,rsmith@ashlandretailpartners.com,Revenue Recognizer,Which cost centers are over budget YTD?,completed,22.8,"Treasury Jan variance was $4,588,681 vs plan",2026-03-09T11:04:02Z
r32-0000216,rsmith@ashlandretailpartners.com,Board Deck Builder,Why did FP&A spend exceed budget in Feb?,error,4.9,error code 502 from model gateway,2026-03-09T13:42:20Z
r32-0000217,ymiller@ashlandretailpartners.com,Covenant Checker,Why did Ops spend exceed budget in Jun?,completed,31.3,"Ops Jun variance was $4,688,677 vs plan",2026-03-09T11:06:45Z
r32-0000218,rsmith@ashlandretailpartners.com,Covenant Checker,Reconcile AP aging over 90 days for US-09,completed,29.8,"Accounting Apr variance was $2,333,018 vs plan",2026-03-09T16:17:39Z
r32-0000219,ymiller@ashlandretailpartners.com,Journal Entry Reviewer,Which cost centers are over budget YTD?,completed,23.4,"FP&A Jun variance was $3,055,274 vs plan",2026-03-09T14:24:33Z
r32-0000220,sclark@ashlandretailpartners.com,Close Checklist Bot,Summarize the May variance for entity US-05,completed,3.5,"Treasury May variance was $3,582,340 vs plan",2026-03-09T11:47:41Z
r32-0000221,lharris@ashlandretailpartners.com,Journal Entry Reviewer,Forecast Feb operating cash flow,completed,3.9,"Treasury Feb variance was $4,764,607 vs plan",2026-03-09T13:04:25Z
r32-0000222,ymiller@ashlandretailpartners.com,Budget vs Actual,Summarize the Jan variance for entity EU-03,completed,70.5,"FP&A Jan variance was $1,873,467 vs plan",2026-03-09T17:05:18Z
r32-0000223,ymiller@ashlandretailpartners.com,Headcount Planner,Which cost centers are over budget YTD?,completed,53.2,"Ops Apr variance was $476,520 vs plan",2026-03-09T13:46:31Z
r32-0000224,ymiller@ashlandretailpartners.com,Revenue Recognizer,Summarize the Feb variance for entity CA-03,completed,25.8,"FP&A Feb variance was $1,411,589 vs plan",2026-03-09T10:35:18Z
r32-0000225,ymiller@ashlandretailpartners.com,Board Deck Builder,Forecast Jan operating cash flow,completed,10.7,"Treasury Jan variance was $88,291 vs plan",2026-03-09T14:31:01Z
r32-0000226,ymiller@ashlandretailpartners.com,Close Checklist Bot,Build the board deck cash slide for May,completed,12.3,"Accounting May variance was $335,954 vs plan",2026-03-09T14:32:05Z
r32-0000227,ymiller@ashlandretailpartners.com,Close Checklist Bot,Explain the headcount variance vs plan,completed,0.4,Traceback (most recent call last): KeyError 'entity',2026-03-09T10:16:13Z
r32-0000228,lharris@ashlandretailpartners.com,Variance Explainer,Which cost centers are over budget YTD?,completed,42.9,"FP&A Jan variance was $582,369 vs plan",2026-03-09T08:28:55Z
r32-0000229,rsmith@ashlandretailpartners.com,Covenant Checker,Explain the headcount variance vs plan,completed,18.0,"Ops Jan variance was $1,148,472 vs plan",2026-03-09T16:54:22Z
r32-0000230,sclark@ashlandretailpartners.com,Covenant Checker,Summarize the Jan variance for entity US-06,completed,70.6,"Accounting Jan variance was $3,976,218 vs plan",2026-03-09T10:12:17Z
r32-0000231,lharris@ashlandretailpartners.com,Cash Forecaster,Check covenant compliance for the revolver,completed,5.2,"FP&A Feb variance was $1,188,866 vs plan",2026-03-09T06:17:06Z
r32-0000232,rsmith@ashlandretailpartners.com,Journal Entry Reviewer,Which cost centers are over budget YTD?,completed,45.6,"Treasury Mar variance was $1,260,835 vs plan",2026-03-09T07:57:12Z
r32-0000233,rsmith@ashlandretailpartners.com,Headcount Planner,Explain the headcount variance vs plan,completed,1.2,error code 502 from model gateway,2026-03-10T18:15:50Z
r32-0000234,ymiller@ashlandretailpartners.com,Revenue Recognizer,Which cost centers are over budget YTD?,completed,22.2,"FP&A Jan variance was $4,637,943 vs plan",2026-03-10T17:09:41Z
r32-0000235,rsmith@ashlandretailpartners.com,Journal Entry Reviewer,Explain the headcount variance vs plan,completed,13.6,"Treasury Jun variance was $1,466,581 vs plan",2026-03-10T16:51:39Z
r32-0000236,ymiller@ashlandretailpartners.com,Vendor Spend Analyzer,Check covenant compliance for the revolver,completed,64.5,"Treasury May variance was $3,524,128 vs plan",2026-03-10T14:09:43Z
r32-0000237,ymiller@ashlandretailpartners.com,Cash Forecaster,Explain the headcount variance vs plan,completed,6.1,"FP&A Mar variance was $565,352 vs plan",2026-03-10T13:12:39Z
r32-0000238,rsmith@ashlandretailpartners.com,Budget vs Actual,Draft flux commentary for the Jun close,completed,36.2,"FP&A Jun variance was $3,025,624 vs plan",2026-03-10T12:03:28Z
r32-0000239,rsmith@ashlandretailpartners.com,Journal Entry Reviewer,Why did Accounting spend exceed budget in Jun?,completed,35.3,"Accounting Jun variance was $3,285,682 vs plan",2026-03-10T11:20:31Z
r32-0000240,rsmith@ashlandretailpartners.com,Budget vs Actual,Which cost centers are over budget YTD?,completed,41.8,"Ops May variance was $2,157,862 vs plan",2026-03-10T08:46:56Z
r32-0000241,ymiller@ashlandretailpartners.com,Covenant Checker,Build the board deck cash slide for Feb,completed,39.7,"Ops Feb variance was $751,626 vs plan",2026-03-10T14:23:18Z
r32-0000242,lharris@ashlandretailpartners.com,Board Deck Builder,What drove the change in gross margin this quarter?,completed,12.9,"Treasury May variance was $631,355 vs plan",2026-03-10T17:33:10Z
r32-0000243,rsmith@ashlandretailpartners.com,Budget vs Actual,Summarize the Feb variance for entity MX-07,completed,70.0,"Treasury Feb variance was $1,126,844 vs plan",2026-03-10T10:08:53Z
r32-0000244,rsmith@ashlandretailpartners.com,Variance Explainer,Draft flux commentary for the Apr close,completed,56.1,"Accounting Apr variance was $3,820,303 vs plan",2026-03-10T14:30:04Z
r32-0000245,rsmith@ashlandretailpartners.com,Covenant Checker,Reconcile AP aging over 90 days for EU-06,completed,68.0,"Accounting Feb variance was $2,332,738 vs plan",2026-03-10T10:33:57Z
r32-0000246,rsmith@ashlandretailpartners.com,Covenant Checker,Reconcile AP aging over 90 days for CA-09,completed,31.6,"Accounting Mar variance was $3,407,799 vs plan",2026-03-10T22:26:33Z
r32-0000247,ymiller@ashlandretailpartners.com,Close Checklist Bot,Summarize the May variance for entity MX-07,completed,65.7,"Accounting May variance was $4,353,793 vs plan",2026-03-10T08:02:32Z
r32-0000248,ymiller@ashlandretailpartners.com,Vendor Spend Analyzer,Check covenant compliance for the revolver,completed,12.1,"Ops Feb variance was $980,937 vs plan",2026-03-10T11:49:32Z
r32-0000249,rsmith@ashlandretailpartners.com,Variance Explainer,Why did Ops spend exceed budget in Mar?,completed,6.9,"Ops Mar variance was $2,729,160 vs plan",2026-03-10T08:03:05Z
r32-0000250,lharris@ashlandretailpartners.com,Journal Entry Reviewer,Summarize the Apr variance for entity EU-03,completed,59.5,"Ops Apr variance was $272,726 vs plan",2026-03-10T13:20:53Z
r32-0000251,lharris@ashlandretailpartners.com,Board Deck Builder,Explain the headcount variance vs plan,completed,5.4,"Ops Jun variance was $3,347,213 vs plan",2026-03-10T12:08:19Z
r32-0000252,rsmith@ashlandretailpartners.com,Budget vs Actual,Build the board deck cash slide for Feb,completed,61.2,"Treasury Feb variance was $618,148 vs plan",2026-03-10T10:49:56Z
r32-0000253,ymiller@ashlandretailpartners.com,Board Deck Builder,Build the board deck cash slide for Jan,completed,18.9,"Treasury Jan variance was $1,940,224 vs plan",2026-03-10T10:42:10Z
r32-0000254,ymiller@ashlandretailpartners.com,Covenant Checker,Forecast Feb operating cash flow,completed,22.7,"Treasury Feb variance was $300,187 vs plan",2026-03-10T06:17:19Z
r32-0000255,lharris@ashlandretailpartners.com,Headcount Planner,What drove the change in gross margin this quarter?,completed,39.5,"Treasury Jan variance was $2,825,775 vs plan",2026-03-10T13:53:24Z
r32-0000256,ymiller@ashlandretailpartners.com,Headcount Planner,Check covenant compliance for the revolver,error,7.5,error code 502 from model gateway,2026-03-10T09:34:15Z
r32-0000257,ymiller@ashlandretailpartners.com,Variance Explainer,Forecast May operating cash flow,completed,46.1,"FP&A May variance was $1,110,928 vs plan",2026-03-10T14:30:27Z
r32-0000258,rsmith@ashlandretailpartners.com,Budget vs Actual,Check covenant compliance for the revolver,completed,33.2,"FP&A Feb variance was $2,989,565 vs plan",2026-03-10T12:09:02Z
r32-0000259,ymiller@ashlandretailpartners.com,AP Aging Analyst,Forecast Jan operating cash flow,completed,17.9,"FP&A Jan variance was $1,061,775 vs plan",2026-03-10T10:57:52Z
r32-0000260,ymiller@ashlandretailpartners.com,Variance Explainer,Check covenant compliance for the revolver,completed,26.1,"Treasury Jun variance was $136,223 vs plan",2026-03-10T08:17:21Z
r32-0000261,rsmith@ashlandretailpartners.com,Variance Explainer,Forecast May operating cash flow,completed,34.8,"Accounting May variance was $3,243,647 vs plan",2026-03-10T15:18:38Z
r32-0000262,rsmith@ashlandretailpartners.com,Covenant Checker,Summarize the Mar variance for entity US-07,completed,18.3,"Treasury Mar variance was $3,765,843 vs plan",2026-03-10T09:32:25Z
r32-0000263,rsmith@ashlandretailpartners.com,Budget vs Actual,What drove the change in gross margin this quarter?,completed,63.0,"FP&A Feb variance was $1,731,799 vs plan",2026-03-10T14:44:35Z
r32-0000264,rsmith@ashlandretailpartners.com,Budget vs Actual,Why did Treasury spend exceed budget in May?,completed,59.9,"Treasury May variance was $1,516,579 vs plan",2026-03-10T16:52:27Z
r32-0000265,ymiller@ashlandretailpartners.com,Revenue Recognizer,Which cost centers are over budget YTD?,completed,23.1,"FP&A Feb variance was $547,416 vs plan",2026-03-10T15:35:33Z
r32-0000266,ymiller@ashlandretailpartners.com,AP Aging Analyst,Build the board deck cash slide for Apr,completed,44.6,"Treasury Apr variance was $3,107,772 vs plan",2026-03-10T11:28:22Z
r32-0000267,rsmith@ashlandretailpartners.com,Variance Explainer,Draft flux commentary for the Jun close,completed,17.9,"Ops Jun variance was $1,555,360 vs plan",2026-03-11T11:06:40Z
r32-0000268,rsmith@ashlandretailpartners.com,Vendor Spend Analyzer,Build the board deck cash slide for Jan,completed,55.5,"Accounting Jan variance was $4,304,811 vs plan",2026-03-11T13:53:53Z
r32-0000269,rsmith@ashlandretailpartners.com,Cash Forecaster,Check covenant compliance for the revolver,completed,28.5,"Accounting Apr variance was $2,707,644 vs plan",2026-03-11T14:07:09Z
r32-0000270,ymiller@ashlandretailpartners.com,Revenue Recognizer,Build the board deck cash slide for May,completed,28.1,"Accounting May variance was $1,572,594 vs plan",2026-03-11T13:35:58Z
r32-0000271,ymiller@ashlandretailpartners.com,Cash Forecaster,Which cost centers are over budget YTD?,completed,28.0,"Treasury Apr variance was $4,710,115 vs plan",2026-03-11T19:35:02Z
r32-0000272,lharris@ashlandretailpartners.com,Journal Entry Reviewer,Draft flux commentary for the Jun close,completed,73.7,"Accounting Jun variance was $1,625,214 vs plan",2026-03-11T10:59:32Z
r32-0000273,lharris@ashlandretailpartners.com,Headcount Planner,Explain the headcount variance vs plan,completed,0.7,error code 502 from model gateway,2026-03-11T13:50:00Z
r32-0000274,ymiller@ashlandretailpartners.com,Variance Explainer,Explain the headcount variance vs plan,completed,14.1,"Accounting Jun variance was $1,688,401 vs plan",2026-03-11T13:40:29Z
r32-0000275,lharris@ashlandretailpartners.com,Board Deck Builder,Explain the headcount variance vs plan,completed,56.0,"Accounting Mar variance was $1,789,347 vs plan",2026-03-11T12:43:26Z
r32-0000276,ymiller@ashlandretailpartners.com,Close Checklist Bot,Why did FP&A spend exceed budget in Jun?,completed,1.7,ERROR: upstream request timed out,2026-03-11T12:54:55Z
r32-0000277,sclark@ashlandretailpartners.com,Close Checklist Bot,Which cost centers are over budget YTD?,completed,15.2,"Treasury Apr variance was $1,435,610 vs plan",2026-03-11T15:13:12Z
r32-0000278,ymiller@ashlandretailpartners.com,Close Checklist Bot,Build the board deck cash slide for Jun,completed,58.5,"FP&A Jun variance was $1,967,496 vs plan",2026-03-11T13:29:26Z
r32-0000279,lharris@ashlandretailpartners.com,Board Deck Builder,Summarize the Jan variance for entity MX-01,completed,4.3,"FP&A Jan variance was $2,358,057 vs plan",2026-03-11T12:26:04Z
r32-0000280,lharris@ashlandretailpartners.com,Vendor Spend Analyzer,Why did Ops spend exceed budget in Mar?,completed,11.6,"Ops Mar variance was $1,993,446 vs plan",2026-03-11T15:07:51Z
r32-0000281,rsmith@ashlandretailpartners.com,Variance Explainer,Forecast Jan operating cash flow,error,3.0,Traceback (most recent call last): KeyError 'entity',2026-03-11T13:13:16Z
r32-0000282,lharris@ashlandretailpartners.com,Covenant Checker,Explain the headcount variance vs plan,completed,4.0,"Ops Apr variance was $2,779,340 vs plan",2026-03-11T14:46:55Z
r32-0000283,rsmith@ashlandretailpartners.com,Covenant Checker,Forecast Feb operating cash flow,completed,54.1,"Accounting Feb variance was $3,810,092 vs plan",2026-03-11T11:24:41Z
r32-0000284,rsmith@ashlandretailpartners.com,Journal Entry Reviewer,Forecast Jun operating cash flow,completed,16.0,"Treasury Jun variance was $2,710,468 vs plan",2026-03-11T12:57:27Z
r32-0000285,ymiller@ashlandretailpartners.com,Flux Commentary,Explain the headcount variance vs plan,completed,31.8,"Treasury May variance was $1,123,729 vs plan",2026-03-11T11:53:10Z
r32-0000286,rsmith@ashlandretailpartners.com,Flux Commentary,Reconcile AP aging over 90 days for CA-09,completed,49.4,"Ops Jan variance was $3,000,946 vs plan",2026-03-11T12:39:46Z
r32-0000287,ymiller@ashlandretailpartners.com,Budget vs Actual,Reconcile AP aging over 90 days for EU-06,completed,48.5,"Treasury Jun variance was $4,239,775 vs plan",2026-03-11T09:52:54Z
r32-0000288,ymiller@ashlandretailpartners.com,Headcount Planner,Why did Accounting spend exceed budget in Feb?,completed,49.8,"Accounting Feb variance was $3,391,211 vs plan",2026-03-11T14:20:15Z
r32-0000289,rsmith@ashlandretailpartners.com,Variance Explainer,Why did Ops spend exceed budget in Apr?,completed,33.5,"Ops Apr variance was $1,246,993 vs plan",2026-03-11T12:49:36Z
r32-0000290,ymiller@ashlandretailpartners.com,Close Checklist Bot,Explain the headcount variance vs plan,completed,59.1,"FP&A Apr variance was $3,414,899 vs plan",2026-03-11T13:16:53Z
r32-0000291,lharris@ashlandretailpartners.com,Journal Entry Reviewer,Summarize the Apr variance for entity MX-05,completed,66.9,"Accounting Apr variance was $192,778 vs plan",2026-03-11T15:03:20Z
r32-0000292,rsmith@ashlandretailpartners.com,Close Checklist Bot,Draft flux commentary for the Feb close,completed,1.0,error: connection reset by peer,2026-03-11T12:31:59Z
r32-0000293,lharris@ashlandretailpartners.com,AP Aging Analyst,Build the board deck cash slide for May,completed,6.2,"Ops May variance was $1,791,653 vs plan",2026-03-11T12:44:44Z
r32-0000294,rsmith@ashlandretailpartners.com,Budget vs Actual,What drove the change in gross margin this quarter?,completed,62.3,"Treasury May variance was $2,930,924 vs plan",2026-03-11T15:59:28Z
r32-0000295,sclark@ashlandretailpartners.com,Vendor Spend Analyzer,Explain the headcount variance vs plan,completed,42.9,"Treasury May variance was $2,769,432 vs plan",2026-03-11T17:02:49Z
r32-0000296,rsmith@ashlandretailpartners.com,Flux Commentary,Check covenant compliance for the revolver,completed,30.3,"Accounting Jun variance was $2,435,319 vs plan",2026-03-12T12:10:25Z
r32-0000297,rsmith@ashlandretailpartners.com,Vendor Spend Analyzer,What drove the change in gross margin this quarter?,completed,0.3,Traceback (most recent call last): KeyError 'entity',2026-03-12T13:17:23Z
r32-0000298,ymiller@ashlandretailpartners.com,Cash Forecaster,What drove the change in gross margin this quarter?,completed,58.8,"Accounting Apr variance was $4,613,542 vs plan",2026-03-12T14:53:08Z
r32-0000299,ymiller@ashlandretailpartners.com,Close Checklist Bot,Build the board deck cash slide for May,completed,23.4,"FP&A May variance was $4,627,146 vs plan",2026-03-12T13:27:32Z
r32-0000300,rsmith@ashlandretailpartners.com,Budget vs Actual,Which cost centers are over budget YTD?,completed,26.3,"Ops May variance was $1,415,321 vs plan",2026-03-12T10:14:35Z
r32-0000301,rsmith@ashlandretailpartners.com,Variance Explainer,Reconcile AP aging over 90 days for CA-05,error,1.8,error: connection reset by peer,2026-03-12T12:09:25Z
r32-0000302,ymiller@ashlandretailpartners.com,Cash Forecaster,Build the board deck cash slide for Jan,completed,47.2,"Accounting Jan variance was $297,159 vs plan",2026-03-12T13:14:03Z
r32-0000303,lharris@ashlandretailpartners.com,Headcount Planner,Summarize the Apr variance for entity EU-08,completed,61.0,"Accounting Apr variance was $4,210,811 vs plan",2026-03-12T13:15:07Z
r32-0000304,rsmith@ashlandretailpartners.com,Cash Forecaster,Summarize the Apr variance for entity MX-05,completed,3.0,"Ops Apr variance was $4,003,905 vs plan",2026-03-12T12:41:20Z
r32-0000305,rsmith@ashlandretailpartners.com,Close Checklist Bot,Why did FP&A spend exceed budget in Jun?,completed,65.3,"FP&A Jun variance was $1,439,865 vs plan",2026-03-12T18:47:23Z
r32-0000306,rsmith@ashlandretailpartners.com,Vendor Spend Analyzer,Forecast Jan operating cash flow,error,1.8,ERROR: upstream request timed out,2026-03-12T15:02:03Z
r32-0000307,rsmith@ashlandretailpartners.com,Revenue Recognizer,Check covenant compliance for the revolver,completed,29.9,"Treasury Jan variance was $4,353,919 vs plan",2026-03-12T14:41:32Z
r32-0000308,rsmith@ashlandretailpartners.com,Flux Commentary,Build the board deck cash slide for Feb,completed,16.0,"Ops Feb variance was $3,773,137 vs plan",2026-03-12T10:34:12Z
r32-0000309,ymiller@ashlandretailpartners.com,AP Aging Analyst,Summarize the Mar variance for entity MX-07,completed,26.6,"Treasury Mar variance was $679,845 vs plan",2026-03-12T11:06:09Z
r32-0000310,rsmith@ashlandretailpartners.com,AP Aging Analyst,Draft flux commentary for the Jun close,completed,45.4,"Accounting Jun variance was $2,733,216 vs plan",2026-03-12T15:49:12Z
r32-0000311,ymiller@ashlandretailpartners.com,Journal Entry Reviewer,Explain the headcount variance vs plan,completed,55.2,"Ops Mar variance was $4,235,120 vs plan",2026-03-12T09:27:03Z
r32-0000312,ymiller@ashlandretailpartners.com,Headcount Planner,Draft flux commentary for the Jan close,completed,23.5,"FP&A Jan variance was $2,334,458 vs plan",2026-03-12T10:39:20Z
r32-0000313,ymiller@ashlandretailpartners.com,Flux Commentary,Explain the headcount variance vs plan,completed,25.0,"Ops Jan variance was $176,956 vs plan",2026-03-12T12:01:07Z
r32-0000314,ymiller@ashlandretailpartners.com,Journal Entry Reviewer,Forecast Apr operating cash flow,completed,42.3,"Ops Apr variance was $1,409,431 vs plan",2026-03-12T10:31:10Z
r32-0000315,rsmith@ashlandretailpartners.com,Budget vs Actual,What drove the change in gross margin this quarter?,completed,24.0,"Ops May variance was $1,890,500 vs plan",2026-03-12T08:22:33Z
r32-0000316,rsmith@ashlandretailpartners.com,Cash Forecaster,Summarize the Feb variance for entity US-05,error,5.0,error: connection reset by peer,2026-03-12T09:02:12Z
r32-0000317,ymiller@ashlandretailpartners.com,Close Checklist Bot,Draft flux commentary for the Mar close,completed,38.3,"Accounting Mar variance was $3,635,691 vs plan",2026-03-12T09:03:47Z
r32-0000318,rsmith@ashlandretailpartners.com,Revenue Recognizer,Reconcile AP aging over 90 days for US-01,completed,39.4,"Accounting Jun variance was $1,231,616 vs plan",2026-03-12T11:03:14Z
r32-0000319,lharris@ashlandretailpartners.com,Revenue Recognizer,Build the board deck cash slide for May,completed,38.9,"Ops May variance was $4,730,658 vs plan",2026-03-12T14:26:42Z
r32-0000320,rsmith@ashlandretailpartners.com,Board Deck Builder,Which cost centers are over budget YTD?,completed,15.2,"Accounting Jan variance was $500,393 vs plan",2026-03-12T09:36:19Z
r32-0000321,sclark@ashlandretailpartners.com,Vendor Spend Analyzer,Forecast Jan operating cash flow,error,3.0,error: connection reset by peer,2026-03-12T16:15:12Z
r32-0000322,rsmith@ashlandretailpartners.com,Vendor Spend Analyzer,What drove the change in gross margin this quarter?,completed,21.9,"FP&A Apr variance was $4,442,842 vs plan",2026-03-12T07:37:51Z
r32-0000323,ymiller@ashlandretailpartners.com,Cash Forecaster,Check covenant compliance for the revolver,completed,25.0,"Ops Feb variance was $593,038 vs plan",2026-03-12T17:50:21Z
r32-0000324,rsmith@ashlandretailpartners.com,Flux Commentary,Reconcile AP aging over 90 days for EU-07,completed,64.9,"Treasury Jan variance was $1,079,922 vs plan",2026-03-12T08:08:16Z
r32-0000325,rsmith@ashlandretailpartners.com,Board Deck Builder,Check covenant compliance for the revolver,completed,70.4,"Ops Apr variance was $3,687,316 vs plan",2026-03-12T08:27:57Z
r32-0000326,rsmith@ashlandretailpartners.com,Vendor Spend Analyzer,What drove the change in gross margin this quarter?,completed,54.1,"Treasury Feb variance was $3,382,005 vs plan",2026-03-12T09:13:25Z
r32-0000327,sclark@ashlandretailpartners.com,Close Checklist Bot,Check covenant compliance for the revolver,completed,47.5,"Ops Jun variance was $2,076,707 vs plan",2026-03-12T13:27:02Z
r32-0000328,ymiller@ashlandretailpartners.com,Vendor Spend Analyzer,Reconcile AP aging over 90 days for MX-03,completed,0.5,error: connection reset by peer,2026-03-13T08:16:42Z
r32-0000329,ymiller@ashlandretailpartners.com,AP Aging Analyst,Explain the headcount variance vs plan,completed,3.4,"FP&A May variance was $2,685,003 vs plan",2026-03-13T13:09:34Z
r32-0000330,ymiller@ashlandretailpartners.com,Headcount Planner,Explain the headcount variance vs plan,completed,25.6,"Accounting May variance was $1,722,120 vs plan",2026-03-13T16:36:35Z
r32-0000331,ymiller@ashlandretailpartners.com,Close Checklist Bot,Explain the headcount variance vs plan,completed,9.3,"FP&A Mar variance was $2,465,389 vs plan",2026-03-13T11:51:04Z
r32-0000332,lharris@ashlandretailpartners.com,AP Aging Analyst,Draft flux commentary for the Mar close,completed,71.5,"Ops Mar variance was $652,103 vs plan",2026-03-13T12:52:41Z
r32-0000333,ymiller@ashlandretailpartners.com,Headcount Planner,What drove the change in gross margin this quarter?,completed,1.6,FAILED: null reference in aggregation step,2026-03-13T09:46:28Z
r32-0000334,rsmith@ashlandretailpartners.com,Revenue Recognizer,Forecast May operating cash flow,completed,29.3,"Treasury May variance was $1,987,990 vs plan",2026-03-13T18:47:41Z
r32-0000335,ymiller@ashlandretailpartners.com,Vendor Spend Analyzer,Check covenant compliance for the revolver,completed,8.1,"Ops May variance was $4,563,315 vs plan",2026-03-13T13:50:58Z
r32-0000336,ymiller@ashlandretailpartners.com,AP Aging Analyst,Build the board deck cash slide for Feb,completed,70.6,"Ops Feb variance was $1,434,789 vs plan",2026-03-13T10:48:14Z
r32-0000337,rsmith@ashlandretailpartners.com,Board Deck Builder,Draft flux commentary for the Jun close,completed,14.6,"Ops Jun variance was $4,131,424 vs plan",2026-03-13T19:32:39Z
r32-0000338,rsmith@ashlandretailpartners.com,Close Checklist Bot,Forecast Jun operating cash flow,completed,29.7,"FP&A Jun variance was $1,127,411 vs plan",2026-03-13T11:33:45Z
r32-0000339,ymiller@ashlandretailpartners.com,Covenant Checker,Build the board deck cash slide for Mar,completed,23.2,"Ops Mar variance was $2,062,952 vs plan",2026-03-13T13:36:16Z
r32-0000340,sclark@ashlandretailpartners.com,Vendor Spend Analyzer,Explain the headcount variance vs plan,completed,51.2,"Accounting Feb variance was $838,754 vs plan",2026-03-13T11:52:23Z
r32-0000341,ymiller@ashlandretailpartners.com,Flux Commentary,Forecast Jun operating cash flow,completed,20.8,"Ops Jun variance was $2,603,067 vs plan",2026-03-13T12:50:41Z
r32-0000342,ymiller@ashlandretailpartners.com,Close Checklist Bot,Check covenant compliance for the revolver,completed,53.3,"Treasury Mar variance was $4,237,462 vs plan",2026-03-13T10:20:05Z
r32-0000343,rsmith@ashlandretailpartners.com,Covenant Checker,Summarize the Mar variance for entity MX-08,completed,6.0,"FP&A Mar variance was $2,132,730 vs plan",2026-03-13T10:59:33Z
r32-0000344,sclark@ashlandretailpartners.com,Close Checklist Bot,Explain the headcount variance vs plan,error,3.1,error code 502 from model gateway,2026-03-13T16:20:16Z
r32-0000345,rsmith@ashlandretailpartners.com,Flux Commentary,What drove the change in gross margin this quarter?,completed,61.0,"FP&A May variance was $1,269,814 vs plan",2026-03-13T13:27:55Z
r32-0000346,lharris@ashlandretailpartners.com,Flux Commentary,Why did Treasury spend exceed budget in Mar?,error,4.7,error code 502 from model gateway,2026-03-13T09:51:19Z
r32-0000347,ymiller@ashlandretailpartners.com,Budget vs Actual,What drove the change in gross margin this quarter?,completed,13.3,"FP&A Jun variance was $308,527 vs plan",2026-03-13T16:16:48Z
r32-0000348,sclark@ashlandretailpartners.com,Journal Entry Reviewer,What drove the change in gross margin this quarter?,completed,1.6,error code 502 from model gateway,2026-03-13T11:12:07Z
r32-0000349,rsmith@ashlandretailpartners.com,Flux Commentary,Reconcile AP aging over 90 days for CA-01,completed,8.8,"FP&A Mar variance was $3,532,411 vs plan",2026-03-13T09:07:00Z
r32-0000350,ymiller@ashlandretailpartners.com,Budget vs Actual,Check covenant compliance for the revolver,completed,25.8,"Ops Jun variance was $2,583,483 vs plan",2026-03-13T07:44:50Z
r32-0000351,lharris@ashlandretailpartners.com,Journal Entry Reviewer,Why did Treasury spend exceed budget in Jun?,completed,18.7,"Treasury Jun variance was $1,317,197 vs plan",2026-03-14T11:03:55Z
r32-0000352,rsmith@ashlandretailpartners.com,Covenant Checker,Check covenant compliance for the revolver,completed,14.1,"Accounting Apr variance was $967,065 vs plan",2026-03-14T12:59:19Z
r32-0000353,rsmith@ashlandretailpartners.com,Board Deck Builder,Build the board deck cash slide for Apr,completed,63.7,"Accounting Apr variance was $3,792,943 vs plan",2026-03-14T07:26:34Z
r32-0000354,rsmith@ashlandretailpartners.com,Budget vs Actual,Reconcile AP aging over 90 days for MX-05,completed,15.6,"Accounting Mar variance was $1,971,796 vs plan",2026-03-14T11:20:27Z
r32-0000355,rsmith@ashlandretailpartners.com,Journal Entry Reviewer,Which cost centers are over budget YTD?,completed,41.0,"Ops Feb variance was $2,952,491 vs plan",2026-03-14T17:02:57Z
r32-0000356,rsmith@ashlandretailpartners.com,Headcount Planner,Why did FP&A spend exceed budget in Jan?,error,1.1,FAILED: null reference in aggregation step,2026-03-14T15:40:32Z
r32-0000357,lharris@ashlandretailpartners.com,Revenue Recognizer,Summarize the Feb variance for entity MX-01,completed,25.3,"Accounting Feb variance was $2,075,729 vs plan",2026-03-14T10:48:08Z
r32-0000358,ymiller@ashlandretailpartners.com,Budget vs Actual,Which cost centers are over budget YTD?,error,5.0,Traceback (most recent call last): KeyError 'entity',2026-03-14T13:14:57Z
r32-0000359,sclark@ashlandretailpartners.com,Cash Forecaster,Draft flux commentary for the Jan close,completed,64.4,"Treasury Jan variance was $538,266 vs plan",2026-03-14T15:00:22Z
r32-0000360,ymiller@ashlandretailpartners.com,Revenue Recognizer,Explain the headcount variance vs plan,completed,16.7,"Treasury Apr variance was $1,329,493 vs plan",2026-03-14T15:21:38Z
r32-0000361,ymiller@ashlandretailpartners.com,AP Aging Analyst,What drove the change in gross margin this quarter?,completed,15.9,"FP&A May variance was $3,497,583 vs plan",2026-03-14T12:27:33Z
r32-0000362,rsmith@ashlandretailpartners.com,Journal Entry Reviewer,Draft flux commentary for the Jan close,completed,33.7,"FP&A Jan variance was $2,053,994 vs plan",2026-03-14T09:12:46Z
r32-0000363,ymiller@ashlandretailpartners.com,Flux Commentary,Summarize the Mar variance for entity EU-03,completed,57.5,"Accounting Mar variance was $3,142,561 vs plan",2026-03-14T14:05:12Z
r32-0000364,rsmith@ashlandretailpartners.com,Covenant Checker,What drove the change in gross margin this quarter?,completed,72.0,"FP&A May variance was $1,773,568 vs plan",2026-03-15T12:47:18Z
r32-0000365,lharris@ashlandretailpartners.com,Board Deck Builder,Forecast Mar operating cash flow,completed,32.5,"Treasury Mar variance was $2,698,521 vs plan",2026-03-15T18:51:36Z
r32-0000366,ymiller@ashlandretailpartners.com,Flux Commentary,Explain the headcount variance vs plan,completed,60.2,"Treasury Feb variance was $305,748 vs plan",2026-03-15T12:25:33Z
r32-0000367,rsmith@ashlandretailpartners.com,Board Deck Builder,Forecast Jun operating cash flow,completed,47.9,"Treasury Jun variance was $3,863,911 vs plan",2026-03-15T11:44:53Z
r32-0000368,lharris@ashlandretailpartners.com,Journal Entry Reviewer,Summarize the Jan variance for entity MX-04,completed,29.2,"Treasury Jan variance was $2,436,043 vs plan",2026-03-15T10:58:45Z
r32-0000369,lharris@ashlandretailpartners.com,AP Aging Analyst,Check covenant compliance for the revolver,completed,37.1,"Treasury May variance was $3,663,465 vs plan",2026-03-15T18:18:17Z
r32-0000370,ymiller@ashlandretailpartners.com,Cash Forecaster,Summarize the Mar variance for entity EU-08,completed,62.0,"Accounting Mar variance was $2,233,237 vs plan",2026-03-15T18:49:05Z
r32-0000371,ymiller@ashlandretailpartners.com,Revenue Recognizer,Explain the headcount variance vs plan,completed,0.8,FAILED: null reference in aggregation step,2026-03-15T10:01:42Z
r32-0000372,rsmith@ashlandretailpartners.com,Covenant Checker,Build the board deck cash slide for Jan,completed,6.3,"Treasury Jan variance was $1,224,148 vs plan",2026-03-15T12:26:55Z
r32-0000373,ymiller@ashlandretailpartners.com,Headcount Planner,Check covenant compliance for the revolver,completed,10.5,"Ops May variance was $1,229,733 vs plan",2026-03-15T19:28:55Z
r32-0000374,ymiller@ashlandretailpartners.com,Covenant Checker,Summarize the Jun variance for entity US-01,completed,32.3,"Ops Jun variance was $2,713,393 vs plan",2026-03-16T11:59:20Z
r32-0000375,lharris@ashlandretailpartners.com,AP Aging Analyst,Build the board deck cash slide for Apr,completed,58.9,"FP&A Apr variance was $2,635,254 vs plan",2026-03-16T11:38:14Z
r32-0000376,rsmith@ashlandretailpartners.com,Journal Entry Reviewer,What drove the change in gross margin this quarter?,completed,72.6,"Accounting Jan variance was $1,765,557 vs plan",2026-03-16T08:56:29Z
r32-0000377,rsmith@ashlandretailpartners.com,Cash Forecaster,Draft flux commentary for the Mar close,completed,50.5,"Treasury Mar variance was $3,922,482 vs plan",2026-03-16T12:41:27Z
r32-0000378,rsmith@ashlandretailpartners.com,Revenue Recognizer,Summarize the Mar variance for entity US-07,completed,24.8,"Treasury Mar variance was $4,033,451 vs plan",2026-03-16T13:58:28Z
r32-0000379,ymiller@ashlandretailpartners.com,Vendor Spend Analyzer,What drove the change in gross margin this quarter?,completed,35.6,"FP&A Apr variance was $2,762,433 vs plan",2026-03-16T15:51:57Z
r32-0000380,ymiller@ashlandretailpartners.com,AP Aging Analyst,Reconcile AP aging over 90 days for CA-08,completed,71.0,"Treasury Apr variance was $2,697,066 vs plan",2026-03-16T11:17:00Z
r32-0000381,rsmith@ashlandretailpartners.com,Close Checklist Bot,Why did Treasury spend exceed budget in Apr?,completed,74.7,"Treasury Apr variance was $3,223,361 vs plan",2026-03-16T10:34:25Z
r32-0000382,sclark@ashlandretailpartners.com,Board Deck Builder,Summarize the Jan variance for entity US-08,completed,13.5,"Treasury Jan variance was $4,434,403 vs plan",2026-03-16T21:20:37Z
r32-0000383,ymiller@ashlandretailpartners.com,Variance Explainer,Reconcile AP aging over 90 days for CA-08,completed,7.7,"Ops Jun variance was $2,867,982 vs plan",2026-03-16T12:45:29Z
r32-0000384,rsmith@ashlandretailpartners.com,Variance Explainer,Which cost centers are over budget YTD?,completed,40.1,"Accounting Jan variance was $2,130,368 vs plan",2026-03-16T12:23:01Z
r32-0000385,lharris@ashlandretailpartners.com,Revenue Recognizer,Forecast Feb operating cash flow,completed,50.4,"Ops Feb variance was $4,058,320 vs plan",2026-03-16T08:40:54Z
r32-0000386,ymiller@ashlandretailpartners.com,Budget vs Actual,Forecast Jun operating cash flow,completed,0.9,error: connection reset by peer,2026-03-16T15:44:08Z
r32-0000387,rsmith@ashlandretailpartners.com,AP Aging Analyst,Why did Ops spend exceed budget in May?,completed,72.3,"Ops May variance was $1,909,455 vs plan",2026-03-16T12:53:57Z
r32-0000388,rsmith@ashlandretailpartners.com,Board Deck Builder,Forecast Jan operating cash flow,completed,48.3,"FP&A Jan variance was $432,046 vs plan",2026-03-16T16:18:17Z
r32-0000389,lharris@ashlandretailpartners.com,Close Checklist Bot,Why did Treasury spend exceed budget in May?,completed,62.9,"Treasury May variance was $3,107,263 vs plan",2026-03-16T19:59:03Z
r32-0000390,rsmith@ashlandretailpartners.com,Revenue Recognizer,Why did FP&A spend exceed budget in May?,error,5.7,FAILED: null reference in aggregation step,2026-03-16T14:43:56Z
r32-0000391,ymiller@ashlandretailpartners.com,Covenant Checker,Check covenant compliance for the revolver,completed,28.4,"FP&A May variance was $4,024,399 vs plan",2026-03-16T11:28:59Z
r32-0000392,sclark@ashlandretailpartners.com,Vendor Spend Analyzer,Build the board deck cash slide for May,error,4.0,FAILED: null reference in aggregation step,2026-03-16T12:07:08Z
r32-0000393,rsmith@ashlandretailpartners.com,Budget vs Actual,Check covenant compliance for the revolver,completed,17.5,"Treasury May variance was $981,618 vs plan",2026-03-16T11:26:41Z
r32-0000394,lharris@ashlandretailpartners.com,Vendor Spend Analyzer,Build the board deck cash slide for Jan,completed,55.6,"FP&A Jan variance was $2,896,723 vs plan",2026-03-16T10:42:50Z
r32-0000395,ymiller@ashlandretailpartners.com,Covenant Checker,Build the board deck cash slide for Apr,completed,23.2,"FP&A Apr variance was $4,338,142 vs plan",2026-03-16T12:00:26Z
r32-0000396,rsmith@ashlandretailpartners.com,Board Deck Builder,Build the board deck cash slide for Jan,completed,1.2,FAILED: null reference in aggregation step,2026-03-16T14:15:36Z
r32-0000397,lharris@ashlandretailpartners.com,Budget vs Actual,What drove the change in gross margin this quarter?,completed,73.8,"Ops May variance was $3,675,773 vs plan",2026-03-16T16:25:32Z
r32-0000398,ymiller@ashlandretailpartners.com,Revenue Recognizer,Build the board deck cash slide for Jun,completed,18.2,"Treasury Jun variance was $4,617,070 vs plan",2026-03-16T10:20:54Z
r32-0000399,lharris@ashlandretailpartners.com,Revenue Recognizer,Which cost centers are over budget YTD?,completed,1.1,Traceback (most recent call last): KeyError 'entity',2026-03-17T10:04:42Z
r32-0000400,sclark@ashlandretailpartners.com,Variance Explainer,Why did FP&A spend exceed budget in Jun?,completed,59.9,"FP&A Jun variance was $4,680,822 vs plan",2026-03-17T11:53:54Z
r32-0000401,rsmith@ashlandretailpartners.com,Board Deck Builder,Draft flux commentary for the Jan close,completed,52.9,"Treasury Jan variance was $247,479 vs plan",2026-03-17T15:03:23Z
r32-0000402,rsmith@ashlandretailpartners.com,AP Aging Analyst,What drove the change in gross margin this quarter?,error,3.8,ERROR: upstream request timed out,2026-03-17T11:42:31Z
r32-0000403,rsmith@ashlandretailpartners.com,Budget vs Actual,Reconcile AP aging over 90 days for MX-03,completed,16.5,"FP&A Mar variance was $1,513,645 vs plan",2026-03-17T18:54:26Z
r32-0000404,rsmith@ashlandretailpartners.com,Covenant Checker,Explain the headcount variance vs plan,completed,5.2,"Treasury Jun variance was $559,327 vs plan",2026-03-17T13:58:42Z
r32-0000405,rsmith@ashlandretailpartners.com,Journal Entry Reviewer,Summarize the Mar variance for entity MX-04,completed,28.2,"Ops Mar variance was $2,353,820 vs plan",2026-03-17T09:55:18Z
r32-0000406,lharris@ashlandretailpartners.com,Journal Entry Reviewer,Forecast Apr operating cash flow,error,3.9,error code 502 from model gateway,2026-03-17T13:45:04Z
r32-0000407,ymiller@ashlandretailpartners.com,AP Aging Analyst,Draft flux commentary for the Mar close,completed,61.2,"Accounting Mar variance was $2,338,437 vs plan",2026-03-17T10:35:34Z
r32-0000408,rsmith@ashlandretailpartners.com,Budget vs Actual,Build the board deck cash slide for May,completed,66.6,"FP&A May variance was $3,379,188 vs plan",2026-03-17T10:47:09Z
r32-0000409,ymiller@ashlandretailpartners.com,Board Deck Builder,What drove the change in gross margin this quarter?,completed,52.9,"Ops May variance was $3,661,176 vs plan",2026-03-17T12:36:01Z
r32-0000410,rsmith@ashlandretailpartners.com,Cash Forecaster,Which cost centers are over budget YTD?,completed,49.2,"Ops Jan variance was $4,152,086 vs plan",2026-03-17T13:56:42Z
r32-0000411,ymiller@ashlandretailpartners.com,Cash Forecaster,Build the board deck cash slide for Jun,completed,61.7,"Ops Jun variance was $1,223,431 vs plan",2026-03-17T12:09:58Z
r32-0000412,ymiller@ashlandretailpartners.com,Journal Entry Reviewer,Which cost centers are over budget YTD?,completed,41.2,"Treasury Mar variance was $1,021,799 vs plan",2026-03-17T16:05:31Z
r32-0000413,lharris@ashlandretailpartners.com,Headcount Planner,Why did Treasury spend exceed budget in Mar?,completed,33.4,"Treasury Mar variance was $2,338,463 vs plan",2026-03-17T11:03:49Z
r32-0000414,sclark@ashlandretailpartners.com,Headcount Planner,Draft flux commentary for the Mar close,completed,25.1,"FP&A Mar variance was $2,314,684 vs plan",2026-03-17T15:03:51Z
r32-0000415,ymiller@ashlandretailpartners.com,Variance Explainer,Forecast May operating cash flow,completed,27.8,"FP&A May variance was $1,949,389 vs plan",2026-03-17T10:05:41Z
r32-0000416,rsmith@ashlandretailpartners.com,Budget vs Actual,Check covenant compliance for the revolver,completed,64.9,"FP&A Apr variance was $2,097,087 vs plan",2026-03-17T09:16:01Z
r32-0000417,ymiller@ashlandretailpartners.com,Board Deck Builder,Draft flux commentary for the Apr close,completed,48.3,"Accounting Apr variance was $3,146,007 vs plan",2026-03-17T06:50:53Z
r32-0000418,rsmith@ashlandretailpartners.com,Flux Commentary,What drove the change in gross margin this quarter?,completed,26.8,"FP&A Apr variance was $2,792,069 vs plan",2026-03-17T14:46:58Z
r32-0000419,rsmith@ashlandretailpartners.com,Journal Entry Reviewer,Summarize the Jun variance for entity EU-05,completed,42.3,"Treasury Jun variance was $1,968,407 vs plan",2026-03-17T13:51:14Z
r32-0000420,ymiller@ashlandretailpartners.com,Flux Commentary,Summarize the Jun variance for entity CA-03,completed,21.7,"Treasury Jun variance was $1,395,515 vs plan",2026-03-17T13:15:16Z
r32-0000421,ymiller@ashlandretailpartners.com,Cash Forecaster,Which cost centers are over budget YTD?,completed,12.3,"Treasury Feb variance was $3,984,173 vs plan",2026-03-17T13:48:15Z
r32-0000422,rsmith@ashlandretailpartners.com,Budget vs Actual,Forecast Apr operating cash flow,completed,6.2,"FP&A Apr variance was $1,892,179 vs plan",2026-03-17T16:40:12Z
r32-0000423,rsmith@ashlandretailpartners.com,Variance Explainer,Reconcile AP aging over 90 days for EU-07,completed,58.7,"FP&A Apr variance was $4,797,566 vs plan",2026-03-17T08:47:32Z
r32-0000424,lharris@ashlandretailpartners.com,Board Deck Builder,Why did Treasury spend exceed budget in Feb?,completed,32.1,"Treasury Feb variance was $3,083,715 vs plan",2026-03-17T07:15:16Z
r32-0000425,rsmith@ashlandretailpartners.com,Board Deck Builder,Explain the headcount variance vs plan,completed,23.2,"FP&A Mar variance was $854,633 vs plan",2026-03-17T09:50:28Z
r32-0000426,ymiller@ashlandretailpartners.com,Variance Explainer,Which cost centers are over budget YTD?,completed,52.4,"Ops May variance was $4,269,480 vs plan",2026-03-17T15:20:25Z
r32-0000427,ymiller@ashlandretailpartners.com,AP Aging Analyst,Why did Treasury spend exceed budget in May?,completed,64.9,"Treasury May variance was $4,191,832 vs plan",2026-03-17T12:17:33Z
r32-0000428,ymiller@ashlandretailpartners.com,Variance Explainer,Which cost centers are over budget YTD?,completed,55.0,"Ops Feb variance was $3,557,838 vs plan",2026-03-17T12:36:12Z
r32-0000429,lharris@ashlandretailpartners.com,Vendor Spend Analyzer,Reconcile AP aging over 90 days for MX-04,completed,64.7,"Treasury Apr variance was $626,496 vs plan",2026-03-17T14:46:39Z
r32-0000430,sclark@ashlandretailpartners.com,AP Aging Analyst,Reconcile AP aging over 90 days for EU-06,completed,64.2,"FP&A Mar variance was $1,324,446 vs plan",2026-03-17T13:14:28Z
r32-0000431,ymiller@ashlandretailpartners.com,Journal Entry Reviewer,Check covenant compliance for the revolver,completed,67.3,"FP&A Mar variance was $3,246,745 vs plan",2026-03-17T18:01:18Z
r32-0000432,ymiller@ashlandretailpartners.com,Revenue Recognizer,Forecast Apr operating cash flow,completed,20.5,"FP&A Apr variance was $3,599,035 vs plan",2026-03-17T12:33:43Z
r32-0000433,ymiller@ashlandretailpartners.com,AP Aging Analyst,Forecast Feb operating cash flow,completed,66.8,"Treasury Feb variance was $2,899,909 vs plan",2026-03-17T12:51:34Z
r32-0000434,ymiller@ashlandretailpartners.com,Board Deck Builder,Check covenant compliance for the revolver,completed,45.3,"Treasury Jan variance was $1,495,838 vs plan",2026-03-17T12:55:30Z
r32-0000435,rsmith@ashlandretailpartners.com,AP Aging Analyst,What drove the change in gross margin this quarter?,completed,56.1,"FP&A Mar variance was $520,643 vs plan",2026-03-18T17:25:05Z
r32-0000436,ymiller@ashlandretailpartners.com,Revenue Recognizer,Check covenant compliance for the revolver,completed,17.3,"Treasury Jun variance was $3,871,762 vs plan",2026-03-18T14:05:47Z
r32-0000437,lharris@ashlandretailpartners.com,Headcount Planner,Which cost centers are over budget YTD?,completed,57.0,"FP&A May variance was $3,938,335 vs plan",2026-03-18T12:21:37Z
r32-0000438,ymiller@ashlandretailpartners.com,Close Checklist Bot,Summarize the Jan variance for entity US-03,completed,62.5,"Accounting Jan variance was $2,891,574 vs plan",2026-03-18T10:45:56Z
r32-0000439,ymiller@ashlandretailpartners.com,Board Deck Builder,Reconcile AP aging over 90 days for EU-07,completed,1.4,ERROR: upstream request timed out,2026-03-18T14:57:13Z
r32-0000440,ymiller@ashlandretailpartners.com,Journal Entry Reviewer,Explain the headcount variance vs plan,completed,31.7,"Ops May variance was $3,051,257 vs plan",2026-03-18T17:16:10Z
r32-0000441,lharris@ashlandretailpartners.com,Headcount Planner,Draft flux commentary for the Apr close,completed,60.8,"FP&A Apr variance was $2,711,728 vs plan",2026-03-18T12:17:47Z
r32-0000442,ymiller@ashlandretailpartners.com,Variance Explainer,Summarize the Jan variance for entity MX-03,completed,66.1,"Treasury Jan variance was $4,350,809 vs plan",2026-03-18T15:10:23Z
r32-0000443,rsmith@ashlandretailpartners.com,Cash Forecaster,Which cost centers are over budget YTD?,completed,39.2,"Accounting Mar variance was $2,353,528 vs plan",2026-03-18T11:03:21Z
r32-0000444,ymiller@ashlandretailpartners.com,Journal Entry Reviewer,What drove the change in gross margin this quarter?,completed,36.6,"FP&A Jan variance was $3,996,397 vs plan",2026-03-18T11:31:07Z
r32-0000445,ymiller@ashlandretailpartners.com,Covenant Checker,Explain the headcount variance vs plan,error,3.0,error: connection reset by peer,2026-03-18T10:25:38Z
r32-0000446,rsmith@ashlandretailpartners.com,AP Aging Analyst,Reconcile AP aging over 90 days for MX-08,completed,6.6,"Ops Apr variance was $4,033,355 vs plan",2026-03-18T13:38:51Z
r32-0000447,ymiller@ashlandretailpartners.com,Journal Entry Reviewer,Build the board deck cash slide for Mar,completed,1.8,error: connection reset by peer,2026-03-18T20:29:58Z
r32-0000448,lharris@ashlandretailpartners.com,Headcount Planner,What drove the change in gross margin this quarter?,completed,11.3,"Treasury May variance was $2,139,745 vs plan",2026-03-18T10:18:53Z
r32-0000449,rsmith@ashlandretailpartners.com,Journal Entry Reviewer,What drove the change in gross margin this quarter?,completed,0.3,Traceback (most recent call last): KeyError 'entity',2026-03-18T13:50:17Z
r32-0000450,sclark@ashlandretailpartners.com,Board Deck Builder,Which cost centers are over budget YTD?,completed,17.7,"Accounting Feb variance was $138,289 vs plan",2026-03-18T13:26:20Z
r32-0000451,ymiller@ashlandretailpartners.com,Covenant Checker,Reconcile AP aging over 90 days for EU-03,completed,0.2,error code 502 from model gateway,2026-03-18T14:51:44Z
r32-0000452,lharris@ashlandretailpartners.com,Journal Entry Reviewer,Check covenant compliance for the revolver,completed,9.9,"Ops Mar variance was $278,940 vs plan",2026-03-18T07:03:53Z
r32-0000453,ymiller@ashlandretailpartners.com,Board Deck Builder,Reconcile AP aging over 90 days for MX-02,completed,1.8,error: connection reset by peer,2026-03-18T12:44:58Z
r32-0000454,ymiller@ashlandretailpartners.com,Headcount Planner,Summarize the Jan variance for entity CA-08,completed,12.4,"Ops Jan variance was $772,826 vs plan",2026-03-18T13:44:56Z
r32-0000455,rsmith@ashlandretailpartners.com,Journal Entry Reviewer,Explain the headcount variance vs plan,completed,16.0,"Ops Mar variance was $3,468,435 vs plan",2026-03-18T14:11:19Z
r32-0000456,rsmith@ashlandretailpartners.com,Budget vs Actual,Summarize the May variance for entity CA-05,completed,33.1,"Ops May variance was $1,811,775 vs plan",2026-03-18T16:35:53Z
r32-0000457,rsmith@ashlandretailpartners.com,Close Checklist Bot,Reconcile AP aging over 90 days for EU-01,completed,68.7,"Treasury Jan variance was $3,668,739 vs plan",2026-03-18T12:08:36Z
r32-0000458,rsmith@ashlandretailpartners.com,Board Deck Builder,Why did Ops spend exceed budget in Feb?,completed,8.4,"Ops Feb variance was $2,643,953 vs plan",2026-03-18T12:02:42Z
r32-0000459,ymiller@ashlandretailpartners.com,AP Aging Analyst,Check covenant compliance for the revolver,completed,23.9,"Treasury Jun variance was $1,162,824 vs plan",2026-03-18T11:30:19Z
r32-0000460,rsmith@ashlandretailpartners.com,Cash Forecaster,Check covenant compliance for the revolver,completed,50.8,"Accounting Feb variance was $84,024 vs plan",2026-03-18T09:23:30Z
r32-0000461,rsmith@ashlandretailpartners.com,Close Checklist Bot,Check covenant compliance for the revolver,completed,33.9,"Ops May variance was $3,093,722 vs plan",2026-03-19T14:04:28Z
r32-0000462,lharris@ashlandretailpartners.com,Close Checklist Bot,What drove the change in gross margin this quarter?,completed,27.1,"Accounting Jan variance was $3,834,141 vs plan",2026-03-19T12:58:40Z
r32-0000463,rsmith@ashlandretailpartners.com,Budget vs Actual,Which cost centers are over budget YTD?,completed,66.5,"Ops May variance was $1,157,359 vs plan",2026-03-19T11:06:19Z
r32-0000464,rsmith@ashlandretailpartners.com,Budget vs Actual,Draft flux commentary for the Mar close,completed,12.1,"FP&A Mar variance was $444,132 vs plan",2026-03-19T15:57:37Z
r32-0000465,sclark@ashlandretailpartners.com,Budget vs Actual,Reconcile AP aging over 90 days for CA-08,error,3.1,error: connection reset by peer,2026-03-19T15:36:22Z
r32-0000466,ymiller@ashlandretailpartners.com,AP Aging Analyst,Forecast May operating cash flow,completed,68.4,"Ops May variance was $3,463,335 vs plan",2026-03-19T15:35:47Z
r32-0000467,rsmith@ashlandretailpartners.com,Budget vs Actual,Summarize the May variance for entity EU-03,error,6.7,ERROR: upstream request timed out,2026-03-19T15:21:32Z
r32-0000468,rsmith@ashlandretailpartners.com,Vendor Spend Analyzer,Forecast Jun operating cash flow,completed,50.4,"Accounting Jun variance was $3,524,887 vs plan",2026-03-19T14:35:01Z
r32-0000469,ymiller@ashlandretailpartners.com,Vendor Spend Analyzer,Build the board deck cash slide for Mar,completed,20.0,"Treasury Mar variance was $1,102,422 vs plan",2026-03-19T08:40:37Z
r32-0000470,ymiller@ashlandretailpartners.com,Variance Explainer,Check covenant compliance for the revolver,completed,70.1,"Ops May variance was $3,305,965 vs plan",2026-03-19T11:45:56Z
r32-0000471,rsmith@ashlandretailpartners.com,Cash Forecaster,What drove the change in gross margin this quarter?,completed,37.3,"Accounting Jan variance was $1,560,856 vs plan",2026-03-19T16:59:23Z
r32-0000472,rsmith@ashlandretailpartners.com,Cash Forecaster,Which cost centers are over budget YTD?,error,6.8,ERROR: upstream request timed out,2026-03-19T14:15:34Z
r32-0000473,sclark@ashlandretailpartners.com,Budget vs Actual,Why did FP&A spend exceed budget in Mar?,completed,39.3,"FP&A Mar variance was $1,984,970 vs plan",2026-03-19T12:14:43Z
r32-0000474,ymiller@ashlandretailpartners.com,Revenue Recognizer,Forecast Feb operating cash flow,completed,1.6,error: connection reset by peer,2026-03-19T16:31:01Z
r32-0000475,ymiller@ashlandretailpartners.com,Flux Commentary,Explain the headcount variance vs plan,completed,13.2,"Accounting Jan variance was $4,205,970 vs plan",2026-03-19T16:59:15Z
r32-0000476,ymiller@ashlandretailpartners.com,Headcount Planner,Reconcile AP aging over 90 days for US-09,completed,33.3,"Ops Jan variance was $4,108,978 vs plan",2026-03-19T13:51:45Z
r32-0000477,rsmith@ashlandretailpartners.com,Covenant Checker,Reconcile AP aging over 90 days for US-05,completed,39.3,"Treasury Apr variance was $2,419,762 vs plan",2026-03-19T12:42:45Z
r32-0000478,ymiller@ashlandretailpartners.com,Board Deck Builder,Build the board deck cash slide for May,completed,37.6,"Treasury May variance was $1,161,294 vs plan",2026-03-19T12:45:11Z
r32-0000479,ymiller@ashlandretailpartners.com,Close Checklist Bot,Summarize the Feb variance for entity CA-01,completed,13.2,"Ops Feb variance was $3,919,473 vs plan",2026-03-19T10:34:20Z
r32-0000480,lharris@ashlandretailpartners.com,Close Checklist Bot,Forecast Apr operating cash flow,completed,1.4,Traceback (most recent call last): KeyError 'entity',2026-03-19T08:35:21Z
r32-0000481,rsmith@ashlandretailpartners.com,Covenant Checker,Explain the headcount variance vs plan,completed,0.6,ERROR: upstream request timed out,2026-03-19T12:03:42Z
r32-0000482,ymiller@ashlandretailpartners.com,AP Aging Analyst,Reconcile AP aging over 90 days for CA-06,completed,74.3,"FP&A Feb variance was $4,467,534 vs plan",2026-03-19T17:47:46Z
r32-0000483,ymiller@ashlandretailpartners.com,Covenant Checker,Why did Ops spend exceed budget in Mar?,completed,10.7,"Ops Mar variance was $3,737,559 vs plan",2026-03-19T14:12:14Z
r32-0000484,rsmith@ashlandretailpartners.com,Close Checklist Bot,Why did Ops spend exceed budget in Jan?,completed,63.1,"Ops Jan variance was $4,238,136 vs plan",2026-03-19T13:45:37Z
r32-0000485,lharris@ashlandretailpartners.com,Board Deck Builder,Forecast Jan operating cash flow,completed,1.1,ERROR: upstream request timed out,2026-03-19T09:03:25Z
r32-0000486,ymiller@ashlandretailpartners.com,Budget vs Actual,Why did FP&A spend exceed budget in May?,completed,6.3,"FP&A May variance was $1,865,185 vs plan",2026-03-19T17:10:25Z
r32-0000487,ymiller@ashlandretailpartners.com,Close Checklist Bot,Draft flux commentary for the Mar close,completed,50.4,"FP&A Mar variance was $1,375,199 vs plan",2026-03-19T08:48:51Z
r32-0000488,ymiller@ashlandretailpartners.com,Variance Explainer,Build the board deck cash slide for Mar,error,1.1,FAILED: null reference in aggregation step,2026-03-19T12:54:29Z
r32-0000489,rsmith@ashlandretailpartners.com,Budget vs Actual,Explain the headcount variance vs plan,completed,1.6,error: connection reset by peer,2026-03-19T15:19:27Z
r32-0000490,ymiller@ashlandretailpartners.com,Covenant Checker,What drove the change in gross margin this quarter?,completed,51.4,"Treasury Jan variance was $136,220 vs plan",2026-03-19T08:22:04Z
r32-0000491,rsmith@ashlandretailpartners.com,Variance Explainer,Reconcile AP aging over 90 days for CA-09,completed,64.4,"Ops Feb variance was $1,306,457 vs plan",2026-03-19T09:23:12Z
r32-0000492,lharris@ashlandretailpartners.com,Cash Forecaster,Summarize the May variance for entity CA-06,completed,57.8,"Accounting May variance was $76,090 vs plan",2026-03-19T12:07:09Z
r32-0000493,ymiller@ashlandretailpartners.com,Close Checklist Bot,Check covenant compliance for the revolver,completed,66.5,"Treasury Jan variance was $244,194 vs plan",2026-03-19T17:50:07Z
r32-0000494,rsmith@ashlandretailpartners.com,Close Checklist Bot,Why did Ops spend exceed budget in Jun?,completed,20.8,"Ops Jun variance was $2,865,891 vs plan",2026-03-19T11:52:44Z
r32-0000495,rsmith@ashlandretailpartners.com,Flux Commentary,Summarize the May variance for entity CA-06,completed,29.8,"Accounting May variance was $2,462,166 vs plan",2026-03-19T13:50:20Z
r32-0000496,sclark@ashlandretailpartners.com,Journal Entry Reviewer,Which cost centers are over budget YTD?,completed,37.4,"Treasury Jan variance was $59,159 vs plan",2026-03-19T07:10:02Z
r32-0000497,lharris@ashlandretailpartners.com,Variance Explainer,Reconcile AP aging over 90 days for MX-01,completed,15.0,"Treasury Jun variance was $119,230 vs plan",2026-03-20T13:14:49Z
r32-0000498,ymiller@ashlandretailpartners.com,Journal Entry Reviewer,Check covenant compliance for the revolver,completed,22.4,"Treasury Mar variance was $2,848,768 vs plan",2026-03-20T14:53:09Z
r32-0000499,lharris@ashlandretailpartners.com,AP Aging Analyst,Summarize the Feb variance for entity MX-03,completed,45.2,"FP&A Feb variance was $3,900,068 vs plan",2026-03-20T13:31:19Z
r32-0000500,rsmith@ashlandretailpartners.com,Board Deck Builder,Which cost centers are over budget YTD?,completed,60.2,"Ops May variance was $3,651,968 vs plan",2026-03-20T14:47:04Z
r32-0000501,lharris@ashlandretailpartners.com,Close Checklist Bot,What drove the change in gross margin this quarter?,completed,34.0,"Ops May variance was $4,287,141 vs plan",2026-03-20T09:34:12Z
r32-0000502,sclark@ashlandretailpartners.com,Vendor Spend Analyzer,Check covenant compliance for the revolver,completed,51.8,"Ops May variance was $689,819 vs plan",2026-03-20T13:09:59Z
r32-0000503,rsmith@ashlandretailpartners.com,Close Checklist Bot,Reconcile AP aging over 90 days for MX-04,completed,66.1,"FP&A Apr variance was $700,913 vs plan",2026-03-20T08:34:30Z
r32-0000504,ymiller@ashlandretailpartners.com,Close Checklist Bot,Explain the headcount variance vs plan,completed,10.3,"Treasury Apr variance was $4,309,671 vs plan",2026-03-20T09:21:16Z
r32-0000505,sclark@ashlandretailpartners.com,Headcount Planner,Reconcile AP aging over 90 days for US-08,completed,49.8,"FP&A Jan variance was $2,740,127 vs plan",2026-03-20T13:04:53Z
r32-0000506,ymiller@ashlandretailpartners.com,Budget vs Actual,Which cost centers are over budget YTD?,completed,50.4,"Accounting May variance was $947,672 vs plan",2026-03-20T15:54:55Z
r32-0000507,lharris@ashlandretailpartners.com,Close Checklist Bot,Which cost centers are over budget YTD?,completed,29.7,"Ops Mar variance was $71,347 vs plan",2026-03-20T13:10:10Z
r32-0000508,rsmith@ashlandretailpartners.com,Board Deck Builder,Build the board deck cash slide for Jan,completed,23.2,"Treasury Jan variance was $2,700,896 vs plan",2026-03-20T16:07:28Z
r32-0000509,ymiller@ashlandretailpartners.com,Journal Entry Reviewer,Why did FP&A spend exceed budget in Jun?,completed,11.7,"FP&A Jun variance was $662,803 vs plan",2026-03-20T17:45:51Z
r32-0000510,ymiller@ashlandretailpartners.com,Revenue Recognizer,Reconcile AP aging over 90 days for CA-04,completed,38.5,"Accounting May variance was $2,473,047 vs plan",2026-03-20T17:27:55Z
r32-0000511,lharris@ashlandretailpartners.com,Headcount Planner,Reconcile AP aging over 90 days for EU-09,completed,11.3,"FP&A Jun variance was $2,872,225 vs plan",2026-03-20T11:06:44Z
r32-0000512,ymiller@ashlandretailpartners.com,Flux Commentary,Forecast Feb operating cash flow,completed,29.8,"Ops Feb variance was $3,512,956 vs plan",2026-03-20T15:34:31Z
r32-0000513,rsmith@ashlandretailpartners.com,AP Aging Analyst,Draft flux commentary for the Jan close,completed,36.7,"Ops Jan variance was $3,421,142 vs plan",2026-03-20T09:00:18Z
r32-0000514,ymiller@ashlandretailpartners.com,Journal Entry Reviewer,Draft flux commentary for the May close,completed,0.3,FAILED: null reference in aggregation step,2026-03-20T11:08:43Z
r32-0000515,ymiller@ashlandretailpartners.com,Cash Forecaster,Why did FP&A spend exceed budget in May?,completed,70.8,"FP&A May variance was $543,500 vs plan",2026-03-20T06:45:57Z
r32-0000516,rsmith@ashlandretailpartners.com,Variance Explainer,Explain the headcount variance vs plan,completed,8.4,"Accounting Feb variance was $1,142,587 vs plan",2026-03-20T18:11:43Z
r32-0000517,rsmith@ashlandretailpartners.com,Revenue Recognizer,Draft flux commentary for the Mar close,completed,51.9,"Accounting Mar variance was $1,837,350 vs plan",2026-03-20T17:58:54Z
r32-0000518,sclark@ashlandretailpartners.com,Close Checklist Bot,What drove the change in gross margin this quarter?,completed,20.1,"Treasury Feb variance was $1,017,316 vs plan",2026-03-20T12:41:32Z
r32-0000519,lharris@ashlandretailpartners.com,Cash Forecaster,Forecast Mar operating cash flow,completed,70.2,"FP&A Mar variance was $2,760,972 vs plan",2026-03-20T08:29:27Z
r32-0000520,rsmith@ashlandretailpartners.com,Vendor Spend Analyzer,Reconcile AP aging over 90 days for US-05,completed,54.6,"Ops Jan variance was $2,432,207 vs plan",2026-03-20T10:18:15Z
r32-0000521,ymiller@ashlandretailpartners.com,Covenant Checker,Summarize the Jan variance for entity EU-09,completed,51.9,"FP&A Jan variance was $1,595,317 vs plan",2026-03-20T13:45:15Z
r32-0000522,ymiller@ashlandretailpartners.com,Budget vs Actual,What drove the change in gross margin this quarter?,completed,51.9,"Accounting May variance was $3,217,738 vs plan",2026-03-20T14:43:02Z
r32-0000523,rsmith@ashlandretailpartners.com,Variance Explainer,Which cost centers are over budget YTD?,completed,54.6,"Treasury Jun variance was $3,115,041 vs plan",2026-03-20T07:52:24Z
r32-0000524,ymiller@ashlandretailpartners.com,AP Aging Analyst,Draft flux commentary for the Jun close,completed,25.3,"Treasury Jun variance was $981,902 vs plan",2026-03-20T10:47:47Z
r32-0000525,lharris@ashlandretailpartners.com,Board Deck Builder,Reconcile AP aging over 90 days for CA-06,completed,11.9,"Accounting Apr variance was $4,320,762 vs plan",2026-03-20T14:41:30Z
r32-0000526,rsmith@ashlandretailpartners.com,Flux Commentary,Forecast May operating cash flow,completed,48.8,"Accounting May variance was $3,718,815 vs plan",2026-03-20T13:14:23Z
r32-0000527,ymiller@ashlandretailpartners.com,Board Deck Builder,Why did Accounting spend exceed budget in Feb?,completed,59.1,"Accounting Feb variance was $4,188,575 vs plan",2026-03-21T13:14:27Z
r32-0000528,ymiller@ashlandretailpartners.com,Close Checklist Bot,Build the board deck cash slide for Jun,completed,18.0,"Treasury Jun variance was $3,602,677 vs plan",2026-03-21T17:09:38Z
r32-0000529,ymiller@ashlandretailpartners.com,Budget vs Actual,Forecast Jan operating cash flow,completed,53.2,"FP&A Jan variance was $2,282,683 vs plan",2026-03-21T09:11:51Z
r32-0000530,rsmith@ashlandretailpartners.com,Journal Entry Reviewer,Which cost centers are over budget YTD?,completed,63.0,"FP&A Mar variance was $2,341,697 vs plan",2026-03-21T14:15:40Z
r32-0000531,ymiller@ashlandretailpartners.com,Close Checklist Bot,Summarize the Jan variance for entity MX-01,completed,57.4,"Ops Jan variance was $1,683,723 vs plan",2026-03-21T15:07:31Z
r32-0000532,rsmith@ashlandretailpartners.com,Vendor Spend Analyzer,Check covenant compliance for the revolver,completed,64.2,"Treasury Feb variance was $3,156,480 vs plan",2026-03-21T14:57:56Z
r32-0000533,sclark@ashlandretailpartners.com,Flux Commentary,Summarize the Apr variance for entity MX-04,completed,58.7,"Treasury Apr variance was $4,385,278 vs plan",2026-03-21T12:32:57Z
r32-0000534,rsmith@ashlandretailpartners.com,Budget vs Actual,Explain the headcount variance vs plan,completed,27.5,"Accounting May variance was $4,055,951 vs plan",2026-03-21T12:04:24Z
r32-0000535,rsmith@ashlandretailpartners.com,Close Checklist Bot,Check covenant compliance for the revolver,completed,40.0,"Treasury Jan variance was $2,842,370 vs plan",2026-03-21T13:08:16Z
r32-0000536,rsmith@ashlandretailpartners.com,AP Aging Analyst,Draft flux commentary for the May close,completed,16.2,"Accounting May variance was $1,464,420 vs plan",2026-03-21T15:14:04Z
r32-0000537,ymiller@ashlandretailpartners.com,Variance Explainer,Reconcile AP aging over 90 days for US-09,completed,1.5,error: connection reset by peer,2026-03-21T15:16:00Z
r32-0000538,lharris@ashlandretailpartners.com,Board Deck Builder,Forecast Jan operating cash flow,completed,43.8,"FP&A Jan variance was $3,191,235 vs plan",2026-03-22T12:27:16Z
r32-0000539,lharris@ashlandretailpartners.com,Variance Explainer,Forecast Feb operating cash flow,completed,30.9,"Accounting Feb variance was $1,253,462 vs plan",2026-03-22T08:15:05Z
r32-0000540,rsmith@ashlandretailpartners.com,Headcount Planner,Build the board deck cash slide for Jun,completed,46.3,"Treasury Jun variance was $1,222,648 vs plan",2026-03-22T13:50:03Z
r32-0000541,rsmith@ashlandretailpartners.com,Vendor Spend Analyzer,What drove the change in gross margin this quarter?,completed,47.5,"Accounting Apr variance was $591,207 vs plan",2026-03-22T11:16:54Z
r32-0000542,lharris@ashlandretailpartners.com,Headcount Planner,Why did FP&A spend exceed budget in Jan?,error,7.4,error code 502 from model gateway,2026-03-22T12:09:50Z
r32-0000543,rsmith@ashlandretailpartners.com,Revenue Recognizer,Forecast Jun operating cash flow,completed,44.7,"Treasury Jun variance was $2,512,912 vs plan",2026-03-22T06:27:47Z
r32-0000544,rsmith@ashlandretailpartners.com,Cash Forecaster,Summarize the Jun variance for entity CA-01,completed,16.5,"Ops Jun variance was $1,951,483 vs plan",2026-03-22T15:43:02Z
r32-0000545,lharris@ashlandretailpartners.com,Revenue Recognizer,Explain the headcount variance vs plan,error,0.5,error: connection reset by peer,2026-03-22T14:25:26Z
r32-0000546,ymiller@ashlandretailpartners.com,Covenant Checker,Check covenant compliance for the revolver,completed,39.7,"Treasury Jan variance was $4,691,485 vs plan",2026-03-22T14:48:39Z
r32-0000547,ymiller@ashlandretailpartners.com,Close Checklist Bot,Draft flux commentary for the May close,completed,39.3,"Treasury May variance was $2,552,303 vs plan",2026-03-22T12:03:15Z
r32-0000548,lharris@ashlandretailpartners.com,Variance Explainer,Build the board deck cash slide for May,completed,53.3,"FP&A May variance was $2,913,705 vs plan",2026-03-22T15:50:55Z
r32-0000549,ymiller@ashlandretailpartners.com,Covenant Checker,Build the board deck cash slide for Jan,completed,10.4,"Accounting Jan variance was $2,226,724 vs plan",2026-03-22T12:06:19Z
r32-0000550,rsmith@ashlandretailpartners.com,Budget vs Actual,Check covenant compliance for the revolver,completed,59.4,"Accounting May variance was $1,166,878 vs plan",2026-03-22T11:37:15Z
r32-0000551,ymiller@ashlandretailpartners.com,Covenant Checker,Explain the headcount variance vs plan,error,1.2,Traceback (most recent call last): KeyError 'entity',2026-03-22T10:39:50Z
r32-0000552,lharris@ashlandretailpartners.com,Headcount Planner,Which cost centers are over budget YTD?,completed,1.8,ERROR: upstream request timed out,2026-03-22T14:42:57Z
r32-0000553,lharris@ashlandretailpartners.com,Board Deck Builder,What drove the change in gross margin this quarter?,completed,36.6,"Ops Jun variance was $1,944,894 vs plan",2026-03-22T12:22:02Z
r32-0000554,rsmith@ashlandretailpartners.com,Flux Commentary,Why did Accounting spend exceed budget in Jan?,completed,63.5,"Accounting Jan variance was $592,540 vs plan",2026-03-22T12:47:07Z
r32-0000555,rsmith@ashlandretailpartners.com,Close Checklist Bot,Which cost centers are over budget YTD?,completed,11.2,"Treasury Apr variance was $4,002,887 vs plan",2026-03-22T11:52:55Z
r32-0000556,ymiller@ashlandretailpartners.com,Journal Entry Reviewer,Check covenant compliance for the revolver,completed,41.6,"Treasury Apr variance was $1,942,364 vs plan",2026-03-23T14:15:24Z
r32-0000557,sclark@ashlandretailpartners.com,Flux Commentary,Check covenant compliance for the revolver,completed,67.0,"Treasury Feb variance was $3,362,738 vs plan",2026-03-23T14:44:16Z
r32-0000558,lharris@ashlandretailpartners.com,Close Checklist Bot,Check covenant compliance for the revolver,completed,62.1,"Treasury Jan variance was $1,331,019 vs plan",2026-03-23T13:54:18Z
r32-0000559,sclark@ashlandretailpartners.com,Close Checklist Bot,Why did Accounting spend exceed budget in Mar?,completed,55.3,"Accounting Mar variance was $2,533,403 vs plan",2026-03-23T13:23:09Z
r32-0000560,lharris@ashlandretailpartners.com,AP Aging Analyst,Summarize the Jun variance for entity CA-02,completed,55.6,"Ops Jun variance was $2,019,298 vs plan",2026-03-23T17:26:10Z
r32-0000561,rsmith@ashlandretailpartners.com,AP Aging Analyst,What drove the change in gross margin this quarter?,completed,57.9,"Ops Jan variance was $2,707,428 vs plan",2026-03-23T15:18:57Z
r32-0000562,rsmith@ashlandretailpartners.com,Close Checklist Bot,Draft flux commentary for the Feb close,completed,9.8,"Accounting Feb variance was $154,260 vs plan",2026-03-23T17:38:34Z
r32-0000563,rsmith@ashlandretailpartners.com,Journal Entry Reviewer,Build the board deck cash slide for Jun,completed,13.4,"Ops Jun variance was $309,823 vs plan",2026-03-23T14:21:33Z
r32-0000564,ymiller@ashlandretailpartners.com,Journal Entry Reviewer,Check covenant compliance for the revolver,completed,0.9,Traceback (most recent call last): KeyError 'entity',2026-03-23T15:36:07Z
r32-0000565,ymiller@ashlandretailpartners.com,Cash Forecaster,What drove the change in gross margin this quarter?,completed,59.6,"FP&A Jun variance was $4,255,079 vs plan",2026-03-23T13:22:10Z
r32-0000566,rsmith@ashlandretailpartners.com,Close Checklist Bot,Check covenant compliance for the revolver,completed,41.4,"Treasury Jun variance was $3,469,777 vs plan",2026-03-23T12:53:39Z
r32-0000567,ymiller@ashlandretailpartners.com,Covenant Checker,What drove the change in gross margin this quarter?,completed,1.0,Traceback (most recent call last): KeyError 'entity',2026-03-23T11:21:36Z
r32-0000568,rsmith@ashlandretailpartners.com,Headcount Planner,Why did Treasury spend exceed budget in Jun?,completed,24.4,"Treasury Jun variance was $208,971 vs plan",2026-03-23T12:53:12Z
r32-0000569,lharris@ashlandretailpartners.com,Journal Entry Reviewer,Reconcile AP aging over 90 days for US-06,completed,0.9,ERROR: upstream request timed out,2026-03-23T13:42:49Z
r32-0000570,ymiller@ashlandretailpartners.com,Revenue Recognizer,Draft flux commentary for the Mar close,completed,33.0,"Accounting Mar variance was $2,063,270 vs plan",2026-03-23T07:52:26Z
r32-0000571,lharris@ashlandretailpartners.com,Covenant Checker,Build the board deck cash slide for Feb,completed,38.1,"Accounting Feb variance was $1,112,690 vs plan",2026-03-23T13:45:49Z
r32-0000572,ymiller@ashlandretailpartners.com,Revenue Recognizer,Draft flux commentary for the Feb close,completed,63.9,"Treasury Feb variance was $4,051,273 vs plan",2026-03-23T07:17:12Z
r32-0000573,ymiller@ashlandretailpartners.com,Board Deck Builder,Reconcile AP aging over 90 days for US-08,completed,22.2,"Ops May variance was $4,131,870 vs plan",2026-03-23T13:56:44Z
r32-0000574,rsmith@ashlandretailpartners.com,Journal Entry Reviewer,What drove the change in gross margin this quarter?,completed,38.5,"Accounting Jun variance was $4,164,517 vs plan",2026-03-23T12:07:58Z
r32-0000575,ymiller@ashlandretailpartners.com,Vendor Spend Analyzer,Check covenant compliance for the revolver,completed,35.8,"Ops Jan variance was $536,189 vs plan",2026-03-23T10:24:34Z
r32-0000576,rsmith@ashlandretailpartners.com,Flux Commentary,Explain the headcount variance vs plan,error,5.5,Traceback (most recent call last): KeyError 'entity',2026-03-23T09:05:40Z
r32-0000577,rsmith@ashlandretailpartners.com,Covenant Checker,Summarize the Feb variance for entity EU-09,completed,74.8,"Treasury Feb variance was $3,044,666 vs plan",2026-03-23T15:32:56Z
r32-0000578,lharris@ashlandretailpartners.com,Flux Commentary,Forecast Feb operating cash flow,completed,0.7,error: connection reset by peer,2026-03-24T12:45:17Z
r32-0000579,ymiller@ashlandretailpartners.com,Flux Commentary,What drove the change in gross margin this quarter?,completed,1.7,error code 502 from model gateway,2026-03-24T17:06:23Z
r32-0000580,ymiller@ashlandretailpartners.com,Variance Explainer,Forecast Feb operating cash flow,error,3.7,error: connection reset by peer,2026-03-24T17:08:47Z
r32-0000581,rsmith@ashlandretailpartners.com,Vendor Spend Analyzer,Reconcile AP aging over 90 days for US-06,completed,42.3,"Accounting May variance was $12,398 vs plan",2026-03-24T16:24:45Z
r32-0000582,ymiller@ashlandretailpartners.com,Flux Commentary,Forecast Feb operating cash flow,completed,57.5,"Treasury Feb variance was $3,530,149 vs plan",2026-03-24T17:17:38Z
r32-0000583,rsmith@ashlandretailpartners.com,Headcount Planner,Forecast Jun operating cash flow,completed,24.5,"Treasury Jun variance was $3,958,491 vs plan",2026-03-24T12:13:09Z
r32-0000584,rsmith@ashlandretailpartners.com,Cash Forecaster,Explain the headcount variance vs plan,completed,24.6,"Ops Mar variance was $1,441,225 vs plan",2026-03-24T17:36:46Z
r32-0000585,lharris@ashlandretailpartners.com,Variance Explainer,Draft flux commentary for the Jan close,completed,56.7,"Ops Jan variance was $2,272,571 vs plan",2026-03-24T14:52:08Z
r32-0000586,rsmith@ashlandretailpartners.com,Journal Entry Reviewer,Summarize the Jan variance for entity MX-07,error,1.5,error: connection reset by peer,2026-03-24T15:49:11Z
r32-0000587,ymiller@ashlandretailpartners.com,Budget vs Actual,Forecast Jun operating cash flow,completed,0.7,error: connection reset by peer,2026-03-24T14:25:23Z
r32-0000588,rsmith@ashlandretailpartners.com,AP Aging Analyst,Explain the headcount variance vs plan,completed,71.3,"Ops May variance was $3,753,511 vs plan",2026-03-24T10:10:18Z
r32-0000589,rsmith@ashlandretailpartners.com,Journal Entry Reviewer,Summarize the Feb variance for entity MX-05,completed,28.3,"Ops Feb variance was $1,038,078 vs plan",2026-03-24T15:07:15Z
r32-0000590,ymiller@ashlandretailpartners.com,Cash Forecaster,What drove the change in gross margin this quarter?,completed,55.7,"Ops May variance was $970,907 vs plan",2026-03-24T10:25:36Z
r32-0000591,rsmith@ashlandretailpartners.com,AP Aging Analyst,Forecast Mar operating cash flow,completed,22.2,"Ops Mar variance was $3,212,362 vs plan",2026-03-24T12:03:39Z
r32-0000592,rsmith@ashlandretailpartners.com,Board Deck Builder,Explain the headcount variance vs plan,completed,13.5,"Treasury Jan variance was $3,335,921 vs plan",2026-03-24T20:27:47Z
r32-0000593,ymiller@ashlandretailpartners.com,Board Deck Builder,Which cost centers are over budget YTD?,completed,13.9,"FP&A Feb variance was $2,937,652 vs plan",2026-03-24T12:00:27Z
r32-0000594,rsmith@ashlandretailpartners.com,Flux Commentary,Summarize the Feb variance for entity MX-06,completed,68.4,"Treasury Feb variance was $1,127,006 vs plan",2026-03-24T14:55:23Z
r32-0000595,ymiller@ashlandretailpartners.com,Board Deck Builder,What drove the change in gross margin this quarter?,completed,22.4,"Accounting Apr variance was $2,289,810 vs plan",2026-03-24T13:10:57Z
r32-0000596,rsmith@ashlandretailpartners.com,Covenant Checker,Explain the headcount variance vs plan,completed,18.5,"FP&A May variance was $448,746 vs plan",2026-03-24T13:24:58Z
r32-0000597,ymiller@ashlandretailpartners.com,Close Checklist Bot,Build the board deck cash slide for Apr,completed,68.1,"Treasury Apr variance was $116,571 vs plan",2026-03-24T20:16:44Z
r32-0000598,ymiller@ashlandretailpartners.com,Close Checklist Bot,Summarize the Apr variance for entity MX-07,completed,0.5,error: connection reset by peer,2026-03-24T18:32:25Z
r32-0000599,lharris@ashlandretailpartners.com,Covenant Checker,Build the board deck cash slide for Feb,completed,65.3,"Accounting Feb variance was $2,197,134 vs plan",2026-03-24T10:35:31Z
r32-0000600,rsmith@ashlandretailpartners.com,Covenant Checker,Reconcile AP aging over 90 days for MX-09,completed,46.8,"Treasury Jan variance was $2,430,100 vs plan",2026-03-24T10:12:52Z
r32-0000601,rsmith@ashlandretailpartners.com,Journal Entry Reviewer,Draft flux commentary for the Jun close,completed,5.3,"FP&A Jun variance was $2,606,849 vs plan",2026-03-24T14:08:04Z
r32-0000602,rsmith@ashlandretailpartners.com,Variance Explainer,Build the board deck cash slide for May,completed,70.8,"Accounting May variance was $1,707,149 vs plan",2026-03-24T16:10:13Z
r32-0000603,ymiller@ashlandretailpartners.com,Flux Commentary,Why did Ops spend exceed budget in Mar?,completed,51.0,"Ops Mar variance was $4,289,862 vs plan",2026-03-24T11:28:47Z
r32-0000604,ymiller@ashlandretailpartners.com,Variance Explainer,Forecast Apr operating cash flow,completed,33.7,"Accounting Apr variance was $4,336,364 vs plan",2026-03-24T15:39:33Z
r32-0000605,lharris@ashlandretailpartners.com,Vendor Spend Analyzer,Build the board deck cash slide for Mar,completed,63.5,"Treasury Mar variance was $3,238,638 vs plan",2026-03-24T09:39:02Z
r32-0000606,rsmith@ashlandretailpartners.com,Revenue Recognizer,Draft flux commentary for the Jan close,completed,30.1,"Accounting Jan variance was $2,385,774 vs plan",2026-03-24T10:05:51Z
r32-0000607,rsmith@ashlandretailpartners.com,Variance Explainer,Check covenant compliance for the revolver,completed,27.0,"Accounting May variance was $2,184,504 vs plan",2026-03-24T10:47:43Z
r32-0000608,rsmith@ashlandretailpartners.com,Flux Commentary,Check covenant compliance for the revolver,completed,39.7,"Accounting Feb variance was $3,117,965 vs plan",2026-03-24T14:19:33Z
r32-0000609,lharris@ashlandretailpartners.com,Headcount Planner,What drove the change in gross margin this quarter?,completed,48.5,"Treasury Mar variance was $1,122,785 vs plan",2026-03-25T13:53:40Z
r32-0000610,lharris@ashlandretailpartners.com,Vendor Spend Analyzer,Build the board deck cash slide for Jun,completed,4.1,"Accounting Jun variance was $3,418,992 vs plan",2026-03-25T10:24:01Z
r32-0000611,sclark@ashlandretailpartners.com,AP Aging Analyst,Build the board deck cash slide for Jun,completed,49.7,"Accounting Jun variance was $1,771,759 vs plan",2026-03-25T12:20:29Z
r32-0000612,ymiller@ashlandretailpartners.com,Headcount Planner,Reconcile AP aging over 90 days for CA-09,completed,48.1,"Ops Jun variance was $4,775,305 vs plan",2026-03-25T14:19:13Z
r32-0000613,ymiller@ashlandretailpartners.com,Board Deck Builder,Build the board deck cash slide for May,completed,33.6,"Accounting May variance was $621,092 vs plan",2026-03-25T11:22:24Z
r32-0000614,rsmith@ashlandretailpartners.com,Budget vs Actual,Forecast Jan operating cash flow,completed,9.2,"Treasury Jan variance was $1,752,290 vs plan",2026-03-25T17:50:06Z
r32-0000615,sclark@ashlandretailpartners.com,Vendor Spend Analyzer,Summarize the May variance for entity CA-03,completed,68.8,"Accounting May variance was $3,715,629 vs plan",2026-03-25T17:57:10Z
r32-0000616,lharris@ashlandretailpartners.com,Budget vs Actual,What drove the change in gross margin this quarter?,error,2.6,Traceback (most recent call last): KeyError 'entity',2026-03-25T11:36:38Z
r32-0000617,rsmith@ashlandretailpartners.com,Budget vs Actual,Forecast Mar operating cash flow,completed,26.6,"FP&A Mar variance was $4,055,021 vs plan",2026-03-25T11:44:50Z
r32-0000618,ymiller@ashlandretailpartners.com,Budget vs Actual,Draft flux commentary for the May close,completed,60.3,"Ops May variance was $4,770,286 vs plan",2026-03-25T10:16:13Z
r32-0000619,lharris@ashlandretailpartners.com,Close Checklist Bot,Check covenant compliance for the revolver,completed,0.6,error code 502 from model gateway,2026-03-25T13:57:11Z
r32-0000620,ymiller@ashlandretailpartners.com,Vendor Spend Analyzer,Summarize the Jan variance for entity US-01,completed,46.3,"FP&A Jan variance was $897,475 vs plan",2026-03-25T10:35:11Z
r32-0000621,ymiller@ashlandretailpartners.com,Covenant Checker,Summarize the Jan variance for entity CA-06,completed,34.9,"Accounting Jan variance was $2,861,108 vs plan",2026-03-25T11:01:26Z
r32-0000622,ymiller@ashlandretailpartners.com,Cash Forecaster,Reconcile AP aging over 90 days for CA-06,completed,36.1,"FP&A Jan variance was $3,881,941 vs plan",2026-03-25T14:59:19Z
r32-0000623,rsmith@ashlandretailpartners.com,Revenue Recognizer,Which cost centers are over budget YTD?,completed,43.3,"Accounting Mar variance was $2,656,181 vs plan",2026-03-25T08:06:23Z
r32-0000624,rsmith@ashlandretailpartners.com,Covenant Checker,Build the board deck cash slide for Jun,completed,32.3,"Ops Jun variance was $4,193,648 vs plan",2026-03-25T10:59:10Z
r32-0000625,rsmith@ashlandretailpartners.com,Variance Explainer,Forecast May operating cash flow,completed,67.0,"Ops May variance was $3,075,806 vs plan",2026-03-25T12:53:59Z
r32-0000626,lharris@ashlandretailpartners.com,Budget vs Actual,Why did Ops spend exceed budget in Feb?,completed,15.8,"Ops Feb variance was $2,651,711 vs plan",2026-03-25T14:54:05Z
r32-0000627,sclark@ashlandretailpartners.com,Close Checklist Bot,What drove the change in gross margin this quarter?,completed,74.7,"Accounting Apr variance was $2,791,040 vs plan",2026-03-25T06:25:07Z
r32-0000628,ymiller@ashlandretailpartners.com,Covenant Checker,Why did Treasury spend exceed budget in Feb?,completed,1.4,Traceback (most recent call last): KeyError 'entity',2026-03-25T09:27:08Z
r32-0000629,rsmith@ashlandretailpartners.com,Budget vs Actual,Reconcile AP aging over 90 days for CA-08,error,0.7,ERROR: upstream request timed out,2026-03-25T13:29:24Z
r32-0000630,ymiller@ashlandretailpartners.com,Variance Explainer,Reconcile AP aging over 90 days for MX-02,completed,60.4,"Ops Feb variance was $173,010 vs plan",2026-03-25T09:03:56Z
r32-0000631,rsmith@ashlandretailpartners.com,Revenue Recognizer,Draft flux commentary for the May close,completed,1.3,FAILED: null reference in aggregation step,2026-03-25T11:44:42Z
r32-0000632,rsmith@ashlandretailpartners.com,Variance Explainer,Forecast Jun operating cash flow,completed,5.0,"Treasury Jun variance was $2,293,917 vs plan",2026-03-25T13:46:42Z
r32-0000633,ymiller@ashlandretailpartners.com,Covenant Checker,Reconcile AP aging over 90 days for CA-03,error,5.8,ERROR: upstream request timed out,2026-03-25T16:53:23Z
r32-0000634,ymiller@ashlandretailpartners.com,Variance Explainer,Build the board deck cash slide for Jun,completed,40.0,"Ops Jun variance was $4,030,745 vs plan",2026-03-25T15:07:53Z
r32-0000635,rsmith@ashlandretailpartners.com,Board Deck Builder,Check covenant compliance for the revolver,completed,1.4,error: connection reset by peer,2026-03-25T18:57:52Z
r32-0000636,rsmith@ashlandretailpartners.com,Vendor Spend Analyzer,Forecast Feb operating cash flow,completed,1.7,error: connection reset by peer,2026-03-25T06:32:33Z
r32-0000637,lharris@ashlandretailpartners.com,Journal Entry Reviewer,Summarize the Jan variance for entity CA-03,completed,8.6,"Accounting Jan variance was $4,033,115 vs plan",2026-03-25T17:50:11Z
r32-0000638,rsmith@ashlandretailpartners.com,Flux Commentary,Which cost centers are over budget YTD?,completed,74.3,"Ops Feb variance was $2,605,824 vs plan",2026-03-25T07:07:53Z
r32-0000639,ymiller@ashlandretailpartners.com,Board Deck Builder,Draft flux commentary for the Apr close,completed,1.7,FAILED: null reference in aggregation step,2026-03-26T13:01:17Z
r32-0000640,ymiller@ashlandretailpartners.com,AP Aging Analyst,Why did FP&A spend exceed budget in Jan?,completed,17.1,"FP&A Jan variance was $1,636,798 vs plan",2026-03-26T12:59:11Z
r32-0000641,rsmith@ashlandretailpartners.com,Budget vs Actual,Reconcile AP aging over 90 days for CA-01,completed,16.7,"Accounting Jun variance was $3,911,663 vs plan",2026-03-26T17:35:21Z
r32-0000642,lharris@ashlandretailpartners.com,Headcount Planner,Explain the headcount variance vs plan,error,5.1,Traceback (most recent call last): KeyError 'entity',2026-03-26T11:51:46Z
r32-0000643,rsmith@ashlandretailpartners.com,Variance Explainer,Why did Treasury spend exceed budget in Mar?,completed,64.9,"Treasury Mar variance was $100,121 vs plan",2026-03-26T14:04:32Z
r32-0000644,rsmith@ashlandretailpartners.com,Vendor Spend Analyzer,Build the board deck cash slide for Mar,completed,32.7,"FP&A Mar variance was $3,204,936 vs plan",2026-03-26T18:10:46Z
r32-0000645,lharris@ashlandretailpartners.com,Flux Commentary,Which cost centers are over budget YTD?,completed,46.7,"FP&A Mar variance was $2,401,510 vs plan",2026-03-26T13:13:31Z
r32-0000646,ymiller@ashlandretailpartners.com,Revenue Recognizer,Which cost centers are over budget YTD?,completed,9.2,"Ops Feb variance was $4,218,940 vs plan",2026-03-26T12:01:53Z
r32-0000647,ymiller@ashlandretailpartners.com,Board Deck Builder,Build the board deck cash slide for Feb,completed,39.2,"Ops Feb variance was $3,291,407 vs plan",2026-03-26T17:12:18Z
r32-0000648,lharris@ashlandretailpartners.com,Variance Explainer,Draft flux commentary for the Feb close,error,4.1,FAILED: null reference in aggregation step,2026-03-26T10:12:05Z
r32-0000649,ymiller@ashlandretailpartners.com,Budget vs Actual,Which cost centers are over budget YTD?,completed,61.3,"FP&A Feb variance was $2,236,133 vs plan",2026-03-26T11:33:20Z
r32-0000650,sclark@ashlandretailpartners.com,Journal Entry Reviewer,Draft flux commentary for the Jun close,completed,16.7,"FP&A Jun variance was $2,291,752 vs plan",2026-03-26T13:24:09Z
r32-0000651,rsmith@ashlandretailpartners.com,Journal Entry Reviewer,Which cost centers are over budget YTD?,completed,51.5,"Treasury Apr variance was $2,410,178 vs plan",2026-03-26T09:25:04Z
r32-0000652,ymiller@ashlandretailpartners.com,Flux Commentary,Reconcile AP aging over 90 days for MX-09,completed,40.8,"FP&A Feb variance was $3,166,752 vs plan",2026-03-26T13:42:28Z
r32-0000653,lharris@ashlandretailpartners.com,Budget vs Actual,What drove the change in gross margin this quarter?,completed,73.2,"Ops May variance was $3,450,847 vs plan",2026-03-26T10:48:17Z
r32-0000654,ymiller@ashlandretailpartners.com,Covenant Checker,Draft flux commentary for the Mar close,completed,20.9,"FP&A Mar variance was $2,634,013 vs plan",2026-03-26T12:17:59Z
r32-0000655,lharris@ashlandretailpartners.com,Journal Entry Reviewer,Draft flux commentary for the Jan close,completed,29.7,"Treasury Jan variance was $4,673,580 vs plan",2026-03-26T09:39:09Z
r32-0000656,ymiller@ashlandretailpartners.com,Revenue Recognizer,Summarize the Jan variance for entity CA-09,completed,47.4,"FP&A Jan variance was $1,853,360 vs plan",2026-03-26T12:36:18Z
r32-0000657,lharris@ashlandretailpartners.com,Variance Explainer,Why did Accounting spend exceed budget in May?,completed,16.6,"Accounting May variance was $1,016,662 vs plan",2026-03-26T11:45:54Z
r32-0000658,rsmith@ashlandretailpartners.com,Covenant Checker,Which cost centers are over budget YTD?,completed,73.3,"Ops Mar variance was $2,850,252 vs plan",2026-03-26T10:38:23Z
r32-0000659,lharris@ashlandretailpartners.com,Vendor Spend Analyzer,Why did Ops spend exceed budget in May?,completed,8.0,"Ops May variance was $3,034,012 vs plan",2026-03-26T12:41:17Z
r32-0000660,sclark@ashlandretailpartners.com,Revenue Recognizer,Summarize the Jan variance for entity EU-04,completed,1.8,error code 502 from model gateway,2026-03-26T19:42:44Z
r32-0000661,lharris@ashlandretailpartners.com,AP Aging Analyst,What drove the change in gross margin this quarter?,completed,39.7,"Treasury Mar variance was $2,727,709 vs plan",2026-03-26T15:24:47Z
r32-0000662,lharris@ashlandretailpartners.com,Cash Forecaster,Which cost centers are over budget YTD?,completed,54.4,"Treasury Feb variance was $2,088,343 vs plan",2026-03-26T11:55:15Z
r32-0000663,ymiller@ashlandretailpartners.com,Journal Entry Reviewer,Summarize the Apr variance for entity MX-09,completed,54.5,"FP&A Apr variance was $1,778,725 vs plan",2026-03-26T17:34:16Z
r32-0000664,ymiller@ashlandretailpartners.com,Covenant Checker,Build the board deck cash slide for Feb,error,3.6,Traceback (most recent call last): KeyError 'entity',2026-03-26T20:33:13Z
r32-0000665,rsmith@ashlandretailpartners.com,Revenue Recognizer,Draft flux commentary for the Jun close,completed,31.9,"Treasury Jun variance was $3,346,733 vs plan",2026-03-26T10:51:00Z
r32-0000666,rsmith@ashlandretailpartners.com,Budget vs Actual,Why did Accounting spend exceed budget in Apr?,completed,31.7,"Accounting Apr variance was $717,778 vs plan",2026-03-26T15:19:55Z
r32-0000667,lharris@ashlandretailpartners.com,Vendor Spend Analyzer,Summarize the Jan variance for entity US-03,completed,17.4,"Accounting Jan variance was $2,727,176 vs plan",2026-03-26T12:54:09Z
r32-0000668,rsmith@ashlandretailpartners.com,Cash Forecaster,Which cost centers are over budget YTD?,completed,32.4,"Ops May variance was $2,636,439 vs plan",2026-03-26T13:01:03Z
r32-0000669,ymiller@ashlandretailpartners.com,Flux Commentary,Which cost centers are over budget YTD?,completed,69.5,"Treasury Feb variance was $4,781,365 vs plan",2026-03-26T15:22:29Z
r32-0000670,rsmith@ashlandretailpartners.com,Headcount Planner,Build the board deck cash slide for Jun,completed,11.6,"Ops Jun variance was $741,753 vs plan",2026-03-26T10:26:22Z
r32-0000671,rsmith@ashlandretailpartners.com,AP Aging Analyst,Reconcile AP aging over 90 days for MX-01,completed,48.6,"Accounting Feb variance was $3,070,875 vs plan",2026-03-26T10:45:58Z
r32-0000672,rsmith@ashlandretailpartners.com,Revenue Recognizer,Summarize the May variance for entity CA-07,completed,22.4,"Treasury May variance was $3,953,174 vs plan",2026-03-26T18:10:04Z
r32-0000673,sclark@ashlandretailpartners.com,Revenue Recognizer,Forecast Apr operating cash flow,completed,18.7,"Treasury Apr variance was $580,516 vs plan",2026-03-26T14:11:07Z
r32-0000674,ymiller@ashlandretailpartners.com,Headcount Planner,What drove the change in gross margin this quarter?,completed,31.1,"Treasury Feb variance was $4,478,069 vs plan",2026-03-27T10:58:25Z
r32-0000675,rsmith@ashlandretailpartners.com,Budget vs Actual,Reconcile AP aging over 90 days for CA-08,completed,61.9,"Accounting May variance was $783,378 vs plan",2026-03-27T14:52:05Z
r32-0000676,ymiller@ashlandretailpartners.com,AP Aging Analyst,Forecast Jan operating cash flow,completed,48.4,"FP&A Jan variance was $1,018,410 vs plan",2026-03-27T10:37:35Z
r32-0000677,rsmith@ashlandretailpartners.com,Board Deck Builder,Which cost centers are over budget YTD?,completed,7.8,"Ops Apr variance was $1,290,065 vs plan",2026-03-27T08:51:11Z
r32-0000678,sclark@ashlandretailpartners.com,Board Deck Builder,Why did FP&A spend exceed budget in Mar?,completed,39.4,"FP&A Mar variance was $1,445,530 vs plan",2026-03-27T13:47:12Z
r32-0000679,lharris@ashlandretailpartners.com,Close Checklist Bot,Which cost centers are over budget YTD?,completed,27.5,"Ops Apr variance was $784,900 vs plan",2026-03-27T10:35:11Z
r32-0000680,ymiller@ashlandretailpartners.com,Headcount Planner,What drove the change in gross margin this quarter?,completed,49.6,"Accounting May variance was $4,136,035 vs plan",2026-03-27T10:52:16Z
r32-0000681,ymiller@ashlandretailpartners.com,Revenue Recognizer,Why did Treasury spend exceed budget in Jan?,completed,53.9,"Treasury Jan variance was $3,765,098 vs plan",2026-03-27T12:38:16Z
r32-0000682,ymiller@ashlandretailpartners.com,Board Deck Builder,Summarize the Apr variance for entity EU-03,error,2.0,error: connection reset by peer,2026-03-27T09:57:40Z
r32-0000683,lharris@ashlandretailpartners.com,Vendor Spend Analyzer,Explain the headcount variance vs plan,completed,1.3,error code 502 from model gateway,2026-03-27T11:21:11Z
r32-0000684,ymiller@ashlandretailpartners.com,Budget vs Actual,Build the board deck cash slide for Apr,completed,70.3,"Accounting Apr variance was $3,253,910 vs plan",2026-03-27T15:11:07Z
r32-0000685,lharris@ashlandretailpartners.com,Vendor Spend Analyzer,Forecast Feb operating cash flow,completed,43.3,"Ops Feb variance was $510,268 vs plan",2026-03-27T09:28:54Z
r32-0000686,rsmith@ashlandretailpartners.com,Variance Explainer,Which cost centers are over budget YTD?,completed,21.0,"Treasury Mar variance was $4,327,658 vs plan",2026-03-27T15:17:25Z
r32-0000687,ymiller@ashlandretailpartners.com,Covenant Checker,Explain the headcount variance vs plan,completed,30.7,"Ops Jun variance was $355,135 vs plan",2026-03-27T13:14:06Z
r32-0000688,rsmith@ashlandretailpartners.com,Budget vs Actual,What drove the change in gross margin this quarter?,completed,30.9,"FP&A Jan variance was $696,507 vs plan",2026-03-27T09:47:26Z
r32-0000689,ymiller@ashlandretailpartners.com,Headcount Planner,Build the board deck cash slide for Jun,completed,7.6,"Treasury Jun variance was $828,819 vs plan",2026-03-27T16:05:53Z
r32-0000690,ymiller@ashlandretailpartners.com,Close Checklist Bot,What drove the change in gross margin this quarter?,completed,57.8,"FP&A Mar variance was $3,125,889 vs plan",2026-03-27T16:47:32Z
r32-0000691,ymiller@ashlandretailpartners.com,Journal Entry Reviewer,Draft flux commentary for the Apr close,completed,41.3,"Ops Apr variance was $3,188,591 vs plan",2026-03-27T14:00:31Z
r32-0000692,rsmith@ashlandretailpartners.com,Revenue Recognizer,Summarize the Jun variance for entity CA-05,completed,3.1,"Ops Jun variance was $4,672,609 vs plan",2026-03-27T21:28:08Z
r32-0000693,rsmith@ashlandretailpartners.com,Budget vs Actual,Why did Ops spend exceed budget in Jan?,completed,72.8,"Ops Jan variance was $1,628,196 vs plan",2026-03-27T11:20:32Z
r32-0000694,ymiller@ashlandretailpartners.com,Board Deck Builder,Build the board deck cash slide for May,completed,0.8,ERROR: upstream request timed out,2026-03-27T09:19:17Z
r32-0000695,ymiller@ashlandretailpartners.com,Variance Explainer,Build the board deck cash slide for Feb,completed,0.3,Traceback (most recent call last): KeyError 'entity',2026-03-27T19:36:38Z
r32-0000696,ymiller@ashlandretailpartners.com,Close Checklist Bot,What drove the change in gross margin this quarter?,completed,70.2,"Treasury Feb variance was $2,729,802 vs plan",2026-03-27T08:02:15Z
r32-0000697,ymiller@ashlandretailpartners.com,Covenant Checker,Check covenant compliance for the revolver,completed,51.6,"Ops Jan variance was $2,400,151 vs plan",2026-03-27T10:57:48Z
r32-0000698,ymiller@ashlandretailpartners.com,Vendor Spend Analyzer,Check covenant compliance for the revolver,completed,5.8,"Accounting Feb variance was $2,961,113 vs plan",2026-03-27T15:21:08Z
r32-0000699,rsmith@ashlandretailpartners.com,Close Checklist Bot,Which cost centers are over budget YTD?,completed,39.0,"Treasury Mar variance was $3,509,613 vs plan",2026-03-27T11:20:16Z
r32-0000700,ymiller@ashlandretailpartners.com,Close Checklist Bot,Check covenant compliance for the revolver,completed,63.8,"FP&A May variance was $3,562,380 vs plan",2026-03-27T14:35:48Z
r32-0000701,ymiller@ashlandretailpartners.com,Flux Commentary,Why did Ops spend exceed budget in Jan?,completed,69.9,"Ops Jan variance was $2,555,525 vs plan",2026-03-27T12:17:45Z
r32-0000702,ymiller@ashlandretailpartners.com,Budget vs Actual,Reconcile AP aging over 90 days for MX-08,completed,33.5,"Treasury Apr variance was $1,080,429 vs plan",2026-03-27T13:20:03Z
r32-0000703,rsmith@ashlandretailpartners.com,Journal Entry Reviewer,Which cost centers are over budget YTD?,completed,66.2,"Ops Apr variance was $4,728,926 vs plan",2026-03-27T15:54:02Z
r32-0000704,lharris@ashlandretailpartners.com,Covenant Checker,Build the board deck cash slide for Jan,completed,24.0,"Treasury Jan variance was $359,643 vs plan",2026-03-27T20:27:31Z
r32-0000705,ymiller@ashlandretailpartners.com,AP Aging Analyst,What drove the change in gross margin this quarter?,completed,68.3,"Accounting Apr variance was $1,937,656 vs plan",2026-03-27T16:20:02Z
r32-0000706,sclark@ashlandretailpartners.com,Headcount Planner,Why did FP&A spend exceed budget in Mar?,completed,17.9,"FP&A Mar variance was $865,822 vs plan",2026-03-27T15:12:53Z
r32-0000707,ymiller@ashlandretailpartners.com,Vendor Spend Analyzer,Which cost centers are over budget YTD?,completed,8.1,"Treasury Mar variance was $4,463,562 vs plan",2026-03-27T08:03:20Z
r32-0000708,lharris@ashlandretailpartners.com,Headcount Planner,Reconcile AP aging over 90 days for CA-01,completed,1.1,FAILED: null reference in aggregation step,2026-03-27T12:54:22Z
r32-0000709,ymiller@ashlandretailpartners.com,Revenue Recognizer,Why did Accounting spend exceed budget in May?,completed,9.8,"Accounting May variance was $180,015 vs plan",2026-03-27T15:38:39Z
r32-0000710,rsmith@ashlandretailpartners.com,Revenue Recognizer,Which cost centers are over budget YTD?,completed,53.4,"Ops Feb variance was $1,625,206 vs plan",2026-03-27T13:56:41Z
r32-0000711,lharris@ashlandretailpartners.com,Revenue Recognizer,Reconcile AP aging over 90 days for EU-01,completed,5.9,"FP&A Feb variance was $2,359,421 vs plan",2026-03-27T13:42:16Z
r32-0000712,rsmith@ashlandretailpartners.com,Journal Entry Reviewer,Which cost centers are over budget YTD?,completed,41.0,"FP&A Jun variance was $272,302 vs plan",2026-03-27T19:02:08Z
r32-0000713,sclark@ashlandretailpartners.com,Vendor Spend Analyzer,Draft flux commentary for the Feb close,completed,38.6,"Ops Feb variance was $4,174,113 vs plan",2026-03-27T15:00:32Z
r32-0000714,ymiller@ashlandretailpartners.com,Variance Explainer,Explain the headcount variance vs plan,error,5.1,ERROR: upstream request timed out,2026-03-27T11:27:12Z
r32-0000715,ymiller@ashlandretailpartners.com,Cash Forecaster,Forecast Mar operating cash flow,completed,3.6,"Treasury Mar variance was $4,095,883 vs plan",2026-03-27T14:32:07Z
r32-0000716,rsmith@ashlandretailpartners.com,Board Deck Builder,Summarize the May variance for entity US-01,completed,17.9,"Treasury May variance was $3,779,389 vs plan",2026-03-27T13:01:28Z
r32-0000717,ymiller@ashlandretailpartners.com,Variance Explainer,What drove the change in gross margin this quarter?,completed,6.0,"Ops Feb variance was $1,169,359 vs plan",2026-03-27T18:24:57Z
r32-0000718,ymiller@ashlandretailpartners.com,Journal Entry Reviewer,Check covenant compliance for the revolver,completed,1.7,error code 502 from model gateway,2026-03-27T12:39:02Z
r32-0000719,ymiller@ashlandretailpartners.com,Board Deck Builder,Draft flux commentary for the Apr close,completed,55.9,"Treasury Apr variance was $3,376,927 vs plan",2026-03-27T08:29:15Z
r32-0000720,ymiller@ashlandretailpartners.com,Covenant Checker,Explain the headcount variance vs plan,completed,49.1,"Ops Feb variance was $2,496,453 vs plan",2026-03-27T12:53:59Z
r32-0000721,lharris@ashlandretailpartners.com,Close Checklist Bot,Summarize the Apr variance for entity MX-08,completed,47.6,"FP&A Apr variance was $343,003 vs plan",2026-03-28T14:34:56Z
r32-0000722,lharris@ashlandretailpartners.com,Flux Commentary,Which cost centers are over budget YTD?,completed,21.5,"Treasury Jan variance was $3,583,626 vs plan",2026-03-28T09:09:40Z
r32-0000723,rsmith@ashlandretailpartners.com,Budget vs Actual,Reconcile AP aging over 90 days for EU-08,completed,62.8,"Ops Feb variance was $1,104,316 vs plan",2026-03-28T10:04:22Z
r32-0000724,lharris@ashlandretailpartners.com,Board Deck Builder,Reconcile AP aging over 90 days for EU-03,completed,57.1,"Treasury Jun variance was $1,042,419 vs plan",2026-03-28T11:54:28Z
r32-0000725,lharris@ashlandretailpartners.com,Flux Commentary,Build the board deck cash slide for Mar,completed,16.6,"Ops Mar variance was $1,344,460 vs plan",2026-03-28T13:57:27Z
r32-0000726,rsmith@ashlandretailpartners.com,Close Checklist Bot,Explain the headcount variance vs plan,completed,31.0,"Treasury Jun variance was $3,358,102 vs plan",2026-03-28T14:54:05Z
r32-0000727,ymiller@ashlandretailpartners.com,Headcount Planner,Why did Ops spend exceed budget in Feb?,completed,43.7,"Ops Feb variance was $3,681,421 vs plan",2026-03-28T14:40:57Z
r32-0000728,ymiller@ashlandretailpartners.com,Vendor Spend Analyzer,Check covenant compliance for the revolver,completed,56.9,"Accounting Feb variance was $39,760 vs plan",2026-03-28T11:44:08Z
r32-0000729,ymiller@ashlandretailpartners.com,AP Aging Analyst,Explain the headcount variance vs plan,completed,53.0,"Ops Apr variance was $2,897,445 vs plan",2026-03-28T11:01:03Z
r32-0000730,rsmith@ashlandretailpartners.com,Headcount Planner,What drove the change in gross margin this quarter?,completed,19.0,"FP&A Jun variance was $1,654,655 vs plan",2026-03-28T11:22:07Z
r32-0000731,ymiller@ashlandretailpartners.com,Close Checklist Bot,Which cost centers are over budget YTD?,completed,31.8,"Accounting Jun variance was $1,811,018 vs plan",2026-03-28T06:19:08Z
r32-0000732,lharris@ashlandretailpartners.com,Cash Forecaster,Draft flux commentary for the Feb close,completed,65.6,"Accounting Feb variance was $1,318,195 vs plan",2026-03-28T15:32:20Z
r32-0000733,ymiller@ashlandretailpartners.com,AP Aging Analyst,Draft flux commentary for the Mar close,completed,51.2,"Treasury Mar variance was $3,278,527 vs plan",2026-03-29T12:36:12Z
r32-0000734,rsmith@ashlandretailpartners.com,AP Aging Analyst,Explain the headcount variance vs plan,completed,27.7,"FP&A May variance was $358,657 vs plan",2026-03-29T09:03:12Z
r32-0000735,rsmith@ashlandretailpartners.com,Flux Commentary,Forecast Jan operating cash flow,completed,4.0,"Ops Jan variance was $3,067,607 vs plan",2026-03-29T14:16:49Z
r32-0000736,rsmith@ashlandretailpartners.com,Headcount Planner,Draft flux commentary for the Jan close,completed,31.2,"Ops Jan variance was $4,652,410 vs plan",2026-03-29T16:46:24Z
r32-0000737,sclark@ashlandretailpartners.com,Revenue Recognizer,Build the board deck cash slide for Jun,completed,5.6,"Treasury Jun variance was $1,145,954 vs plan",2026-03-29T09:40:37Z
r32-0000738,rsmith@ashlandretailpartners.com,Cash Forecaster,Explain the headcount variance vs plan,completed,24.9,"FP&A Jan variance was $1,880,820 vs plan",2026-03-29T14:22:01Z
r32-0000739,lharris@ashlandretailpartners.com,Budget vs Actual,Summarize the Mar variance for entity EU-02,completed,44.5,"Treasury Mar variance was $168,439 vs plan",2026-03-29T11:46:04Z
r32-0000740,rsmith@ashlandretailpartners.com,Revenue Recognizer,Draft flux commentary for the Jan close,completed,36.6,"Treasury Jan variance was $4,368,665 vs plan",2026-03-29T15:58:56Z
r32-0000741,ymiller@ashlandretailpartners.com,Headcount Planner,Why did Ops spend exceed budget in Jun?,completed,0.4,error code 502 from model gateway,2026-03-29T09:10:28Z
r32-0000742,rsmith@ashlandretailpartners.com,Covenant Checker,Explain the headcount variance vs plan,completed,14.3,"Ops Mar variance was $4,502,963 vs plan",2026-03-30T12:31:12Z
r32-0000743,rsmith@ashlandretailpartners.com,Journal Entry Reviewer,Build the board deck cash slide for Apr,completed,32.5,"FP&A Apr variance was $533,082 vs plan",2026-03-30T15:58:27Z
r32-0000744,ymiller@ashlandretailpartners.com,Board Deck Builder,Explain the headcount variance vs plan,completed,62.9,"Ops May variance was $3,985,368 vs plan",2026-03-30T14:16:15Z
r32-0000745,ymiller@ashlandretailpartners.com,Budget vs Actual,Explain the headcount variance vs plan,error,7.0,Traceback (most recent call last): KeyError 'entity',2026-03-30T13:35:53Z
r32-0000746,ymiller@ashlandretailpartners.com,AP Aging Analyst,Explain the headcount variance vs plan,completed,54.8,"FP&A Feb variance was $3,612,549 vs plan",2026-03-30T13:12:02Z
r32-0000747,ymiller@ashlandretailpartners.com,Covenant Checker,Reconcile AP aging over 90 days for MX-05,error,3.6,FAILED: null reference in aggregation step,2026-03-30T12:37:03Z
r32-0000748,rsmith@ashlandretailpartners.com,Vendor Spend Analyzer,What drove the change in gross margin this quarter?,completed,44.0,"Accounting Jun variance was $4,229,683 vs plan",2026-03-30T15:09:09Z
r32-0000749,rsmith@ashlandretailpartners.com,Close Checklist Bot,Reconcile AP aging over 90 days for US-08,completed,65.4,"FP&A Apr variance was $3,559,471 vs plan",2026-03-30T11:05:03Z
r32-0000750,lharris@ashlandretailpartners.com,Close Checklist Bot,Reconcile AP aging over 90 days for US-06,completed,51.0,"Ops Jan variance was $3,439,166 vs plan",2026-03-30T09:13:45Z
r32-0000751,ymiller@ashlandretailpartners.com,AP Aging Analyst,Summarize the Jan variance for entity EU-07,completed,33.0,"FP&A Jan variance was $635,814 vs plan",2026-03-30T10:20:01Z
r32-0000752,sclark@ashlandretailpartners.com,Board Deck Builder,Explain the headcount variance vs plan,completed,69.7,"FP&A Mar variance was $1,441,437 vs plan",2026-03-30T17:33:33Z
r32-0000753,ymiller@ashlandretailpartners.com,Variance Explainer,Forecast Jan operating cash flow,completed,40.4,"Accounting Jan variance was $832,590 vs plan",2026-03-30T10:07:08Z
r32-0000754,ymiller@ashlandretailpartners.com,Journal Entry Reviewer,Which cost centers are over budget YTD?,completed,52.2,"Treasury Apr variance was $4,675,277 vs plan",2026-03-30T13:03:34Z
r32-0000755,ymiller@ashlandretailpartners.com,Close Checklist Bot,Explain the headcount variance vs plan,completed,67.5,"Treasury Jan variance was $2,998,635 vs plan",2026-03-30T12:39:01Z
r32-0000756,ymiller@ashlandretailpartners.com,Cash Forecaster,Reconcile AP aging over 90 days for CA-05,error,5.6,FAILED: null reference in aggregation step,2026-03-30T13:32:06Z
r32-0000757,ymiller@ashlandretailpartners.com,Variance Explainer,Check covenant compliance for the revolver,completed,18.4,"Accounting Jun variance was $3,777,631 vs plan",2026-03-30T16:52:10Z
r32-0000758,rsmith@ashlandretailpartners.com,Close Checklist Bot,Why did Ops spend exceed budget in Feb?,completed,7.2,"Ops Feb variance was $1,951,428 vs plan",2026-03-30T12:49:49Z
r32-0000759,lharris@ashlandretailpartners.com,Cash Forecaster,Forecast Apr operating cash flow,completed,24.6,"FP&A Apr variance was $2,763,993 vs plan",2026-03-30T07:00:10Z
r32-0000760,sclark@ashlandretailpartners.com,Board Deck Builder,Why did Accounting spend exceed budget in Mar?,completed,18.7,"Accounting Mar variance was $30,041 vs plan",2026-03-30T13:17:50Z
r32-0000761,rsmith@ashlandretailpartners.com,Budget vs Actual,Summarize the Mar variance for entity CA-03,completed,71.4,"FP&A Mar variance was $2,451,062 vs plan",2026-03-30T11:24:11Z
r32-0000762,rsmith@ashlandretailpartners.com,Covenant Checker,Reconcile AP aging over 90 days for EU-04,completed,68.7,"Accounting Feb variance was $1,541,458 vs plan",2026-03-30T18:29:59Z
r32-0000763,ymiller@ashlandretailpartners.com,Journal Entry Reviewer,Build the board deck cash slide for Mar,completed,20.3,"Accounting Mar variance was $782,581 vs plan",2026-03-30T13:59:22Z
r32-0000764,ymiller@ashlandretailpartners.com,Vendor Spend Analyzer,Explain the headcount variance vs plan,completed,61.8,"Ops Feb variance was $1,545,467 vs plan",2026-03-30T14:14:34Z
r32-0000765,rsmith@ashlandretailpartners.com,Board Deck Builder,Summarize the Jan variance for entity MX-02,completed,21.4,"Accounting Jan variance was $619,675 vs plan",2026-03-31T14:57:15Z
r32-0000766,ymiller@ashlandretailpartners.com,Journal Entry Reviewer,Check covenant compliance for the revolver,completed,26.0,"Ops Jun variance was $2,462,925 vs plan",2026-03-31T09:33:45Z
r32-0000767,lharris@ashlandretailpartners.com,Revenue Recognizer,What drove the change in gross margin this quarter?,completed,10.5,"Accounting Jan variance was $2,198,294 vs plan",2026-03-31T15:17:05Z
r32-0000768,ymiller@ashlandretailpartners.com,Cash Forecaster,Reconcile AP aging over 90 days for EU-01,completed,32.3,"Treasury Mar variance was $2,684,846 vs plan",2026-03-31T17:28:57Z
r32-0000769,rsmith@ashlandretailpartners.com,Journal Entry Reviewer,What drove the change in gross margin this quarter?,completed,46.7,"Ops Jan variance was $3,614,613 vs plan",2026-03-31T10:04:24Z
r32-0000770,rsmith@ashlandretailpartners.com,Journal Entry Reviewer,Check covenant compliance for the revolver,completed,42.0,"Accounting Mar variance was $1,115,069 vs plan",2026-03-31T11:09:51Z
r32-0000771,rsmith@ashlandretailpartners.com,Headcount Planner,Which cost centers are over budget YTD?,completed,59.7,"Treasury May variance was $2,427,993 vs plan",2026-03-31T16:09:53Z
r32-0000772,sclark@ashlandretailpartners.com,Flux Commentary,Build the board deck cash slide for Jan,completed,47.6,"Treasury Jan variance was $2,242,952 vs plan",2026-03-31T12:26:26Z
r32-0000773,ymiller@ashlandretailpartners.com,Close Checklist Bot,Forecast Apr operating cash flow,completed,5.7,"Ops Apr variance was $594,691 vs plan",2026-03-31T11:11:29Z
r32-0000774,ymiller@ashlandretailpartners.com,Covenant Checker,Reconcile AP aging over 90 days for MX-07,completed,30.3,"FP&A Apr variance was $4,406,545 vs plan",2026-03-31T12:06:54Z
r32-0000775,ymiller@ashlandretailpartners.com,Cash Forecaster,Explain the headcount variance vs plan,completed,38.3,"Treasury May variance was $4,704,473 vs plan",2026-03-31T10:12:08Z
r32-0000776,rsmith@ashlandretailpartners.com,Flux Commentary,Which cost centers are over budget YTD?,completed,18.5,"Treasury Mar variance was $2,871,368 vs plan",2026-03-31T15:38:42Z
r32-0000777,rsmith@ashlandretailpartners.com,Close Checklist Bot,Why did Treasury spend exceed budget in Mar?,completed,45.7,"Treasury Mar variance was $1,975,946 vs plan",2026-03-31T18:48:14Z
r32-0000778,rsmith@ashlandretailpartners.com,Covenant Checker,Reconcile AP aging over 90 days for MX-01,completed,21.2,"Ops Jun variance was $2,148,865 vs plan",2026-03-31T17:20:37Z
r32-0000779,lharris@ashlandretailpartners.com,Covenant Checker,Summarize the Apr variance for entity EU-08,completed,60.5,"FP&A Apr variance was $3,640,790 vs plan",2026-03-31T14:11:28Z
r32-0000780,rsmith@ashlandretailpartners.com,Headcount Planner,Why did FP&A spend exceed budget in Feb?,completed,71.5,"FP&A Feb variance was $4,023,407 vs plan",2026-03-31T11:36:26Z
r32-0000781,rsmith@ashlandretailpartners.com,Close Checklist Bot,Summarize the Jan variance for entity US-07,completed,55.1,"Accounting Jan variance was $2,097,643 vs plan",2026-03-31T14:09:51Z
r32-0000782,rsmith@ashlandretailpartners.com,Budget vs Actual,Check covenant compliance for the revolver,completed,7.6,"Ops Jun variance was $1,968,999 vs plan",2026-03-31T12:00:48Z
r32-0000783,ymiller@ashlandretailpartners.com,Close Checklist Bot,Check covenant compliance for the revolver,completed,33.7,"Ops Apr variance was $3,260,364 vs plan",2026-03-31T13:32:41Z
r32-0000784,ymiller@ashlandretailpartners.com,Flux Commentary,Explain the headcount variance vs plan,completed,6.0,"Ops Mar variance was $1,553,584 vs plan",2026-03-31T12:07:45Z
r32-0000785,rsmith@ashlandretailpartners.com,Board Deck Builder,Draft flux commentary for the Jun close,completed,6.7,"Ops Jun variance was $4,207,577 vs plan",2026-03-31T16:14:06Z
r32-0000786,ymiller@ashlandretailpartners.com,Flux Commentary,Forecast Mar operating cash flow,completed,60.2,"Treasury Mar variance was $169,779 vs plan",2026-03-31T11:57:24Z
r32-0000787,rsmith@ashlandretailpartners.com,Headcount Planner,Forecast Apr operating cash flow,completed,41.5,"FP&A Apr variance was $516,451 vs plan",2026-03-31T12:22:04Z
r32-0000788,rsmith@ashlandretailpartners.com,Board Deck Builder,Summarize the Mar variance for entity EU-09,completed,65.5,"Treasury Mar variance was $4,766,463 vs plan",2026-03-31T12:50:12Z
r32-0000789,rsmith@ashlandretailpartners.com,Headcount Planner,Forecast Jan operating cash flow,completed,62.7,"FP&A Jan variance was $2,078,671 vs plan",2026-03-31T15:33:06Z
r32-0000790,rsmith@ashlandretailpartners.com,Flux Commentary,Build the board deck cash slide for Jun,completed,23.9,"Accounting Jun variance was $3,152,217 vs plan",2026-03-31T15:47:56Z
r32-0000791,rsmith@ashlandretailpartners.com,Variance Explainer,Summarize the Jan variance for entity EU-09,completed,11.8,"Treasury Jan variance was $9,641 vs plan",2026-03-31T15:27:37Z
r32-0000792,ymiller@ashlandretailpartners.com,Revenue Recognizer,What drove the change in gross margin this quarter?,completed,44.9,"Ops Feb variance was $896,907 vs plan",2026-03-31T14:13:26Z
r32-0000793,ymiller@ashlandretailpartners.com,Close Checklist Bot,Explain the headcount variance vs plan,completed,3.5,"Accounting Feb variance was $1,440,406 vs plan",2026-04-01T14:06:46Z
r32-0000794,ymiller@ashlandretailpartners.com,Flux Commentary,Check covenant compliance for the revolver,completed,50.7,"Accounting Jan variance was $3,345,161 vs plan",2026-04-01T14:26:28Z
r32-0000795,rsmith@ashlandretailpartners.com,Vendor Spend Analyzer,What drove the change in gross margin this quarter?,error,3.0,FAILED: null reference in aggregation step,2026-04-01T11:54:12Z
r32-0000796,rsmith@ashlandretailpartners.com,Cash Forecaster,Build the board deck cash slide for Apr,completed,1.9,ERROR: upstream request timed out,2026-04-01T11:58:25Z
r32-0000797,rsmith@ashlandretailpartners.com,Flux Commentary,Which cost centers are over budget YTD?,completed,18.9,"Ops Feb variance was $2,859,018 vs plan",2026-04-01T11:47:58Z
r32-0000798,rsmith@ashlandretailpartners.com,Covenant Checker,Check covenant compliance for the revolver,completed,74.6,"Ops Apr variance was $442,179 vs plan",2026-04-01T14:32:25Z
r32-0000799,ymiller@ashlandretailpartners.com,AP Aging Analyst,Explain the headcount variance vs plan,error,4.3,FAILED: null reference in aggregation step,2026-04-01T13:36:59Z
r32-0000800,ymiller@ashlandretailpartners.com,Close Checklist Bot,Summarize the Jan variance for entity US-01,completed,5.5,"Accounting Jan variance was $1,728,831 vs plan",2026-04-01T11:29:59Z
r32-0000801,rsmith@ashlandretailpartners.com,Journal Entry Reviewer,Explain the headcount variance vs plan,completed,1.5,Traceback (most recent call last): KeyError 'entity',2026-04-01T12:13:00Z
r32-0000802,ymiller@ashlandretailpartners.com,Flux Commentary,Reconcile AP aging over 90 days for MX-05,completed,13.5,"Ops Jan variance was $4,690,257 vs plan",2026-04-01T12:44:33Z
r32-0000803,rsmith@ashlandretailpartners.com,Budget vs Actual,Reconcile AP aging over 90 days for US-08,completed,14.2,"Ops Jun variance was $3,150,828 vs plan",2026-04-01T13:15:29Z
r32-0000804,lharris@ashlandretailpartners.com,Vendor Spend Analyzer,Draft flux commentary for the May close,error,5.1,error: connection reset by peer,2026-04-01T16:38:21Z
r32-0000805,ymiller@ashlandretailpartners.com,Cash Forecaster,Reconcile AP aging over 90 days for EU-04,completed,22.5,"Ops May variance was $1,681,061 vs plan",2026-04-01T13:43:04Z
r32-0000806,rsmith@ashlandretailpartners.com,Board Deck Builder,What drove the change in gross margin this quarter?,completed,44.2,"FP&A Jun variance was $1,781,523 vs plan",2026-04-01T13:32:29Z
r32-0000807,lharris@ashlandretailpartners.com,Covenant Checker,Draft flux commentary for the Jun close,completed,66.4,"FP&A Jun variance was $4,784,190 vs plan",2026-04-01T12:07:54Z
r32-0000808,rsmith@ashlandretailpartners.com,AP Aging Analyst,Why did Ops spend exceed budget in Jun?,completed,70.1,"Ops Jun variance was $3,593,167 vs plan",2026-04-01T10:58:43Z
r32-0000809,rsmith@ashlandretailpartners.com,Revenue Recognizer,Build the board deck cash slide for Mar,completed,22.6,"Accounting Mar variance was $1,378,471 vs plan",2026-04-01T08:04:20Z
r32-0000810,ymiller@ashlandretailpartners.com,AP Aging Analyst,Forecast Feb operating cash flow,completed,66.5,"Treasury Feb variance was $3,872,133 vs plan",2026-04-01T07:14:12Z
r32-0000811,ymiller@ashlandretailpartners.com,Vendor Spend Analyzer,Which cost centers are over budget YTD?,completed,27.7,"FP&A Jan variance was $4,469,190 vs plan",2026-04-01T14:53:16Z
r32-0000812,lharris@ashlandretailpartners.com,Close Checklist Bot,What drove the change in gross margin this quarter?,completed,5.8,"Ops Mar variance was $2,868,214 vs plan",2026-04-01T14:33:05Z
r32-0000813,rsmith@ashlandretailpartners.com,Headcount Planner,What drove the change in gross margin this quarter?,completed,15.6,"FP&A Mar variance was $1,068,316 vs plan",2026-04-01T13:00:06Z
r32-0000814,rsmith@ashlandretailpartners.com,Headcount Planner,What drove the change in gross margin this quarter?,completed,54.8,"Accounting Jan variance was $3,335,293 vs plan",2026-04-01T10:41:54Z
r32-0000815,rsmith@ashlandretailpartners.com,Close Checklist Bot,What drove the change in gross margin this quarter?,completed,3.4,"Accounting Mar variance was $4,699,993 vs plan",2026-04-01T09:16:53Z
r32-0000816,ymiller@ashlandretailpartners.com,Budget vs Actual,Summarize the Apr variance for entity CA-05,completed,36.3,"Accounting Apr variance was $3,829,308 vs plan",2026-04-01T17:08:34Z
r32-0000817,ymiller@ashlandretailpartners.com,Variance Explainer,Check covenant compliance for the revolver,completed,46.6,"FP&A Apr variance was $4,586,488 vs plan",2026-04-01T14:08:37Z
r32-0000818,rsmith@ashlandretailpartners.com,AP Aging Analyst,Which cost centers are over budget YTD?,error,1.6,FAILED: null reference in aggregation step,2026-04-01T15:08:13Z
r32-0000819,ymiller@ashlandretailpartners.com,Vendor Spend Analyzer,Explain the headcount variance vs plan,completed,58.2,"FP&A Jan variance was $2,713,762 vs plan",2026-04-01T17:16:55Z
r32-0000820,ymiller@ashlandretailpartners.com,Variance Explainer,Build the board deck cash slide for Feb,completed,67.9,"FP&A Feb variance was $3,884,023 vs plan",2026-04-01T14:25:51Z
r32-0000821,ymiller@ashlandretailpartners.com,Headcount Planner,What drove the change in gross margin this quarter?,error,0.7,Traceback (most recent call last): KeyError 'entity',2026-04-01T09:25:39Z
r32-0000822,ymiller@ashlandretailpartners.com,Variance Explainer,Check covenant compliance for the revolver,completed,1.8,error code 502 from model gateway,2026-04-01T11:38:40Z
r32-0000823,rsmith@ashlandretailpartners.com,Cash Forecaster,Summarize the Mar variance for entity MX-03,completed,74.7,"Treasury Mar variance was $3,731,990 vs plan",2026-04-01T16:13:06Z
r32-0000824,lharris@ashlandretailpartners.com,Variance Explainer,Summarize the May variance for entity US-01,completed,59.3,"Treasury May variance was $3,388,808 vs plan",2026-04-01T09:17:47Z
r32-0000825,ymiller@ashlandretailpartners.com,Budget vs Actual,Reconcile AP aging over 90 days for MX-02,completed,44.4,"FP&A May variance was $762,463 vs plan",2026-04-01T15:19:39Z
r32-0000826,lharris@ashlandretailpartners.com,Vendor Spend Analyzer,Build the board deck cash slide for Jun,completed,43.5,"Treasury Jun variance was $529,896 vs plan",2026-04-01T09:47:28Z
r32-0000827,ymiller@ashlandretailpartners.com,Close Checklist Bot,Forecast May operating cash flow,completed,30.4,"Treasury May variance was $3,417,038 vs plan",2026-04-01T13:21:52Z
r32-0000828,ymiller@ashlandretailpartners.com,Flux Commentary,Check covenant compliance for the revolver,completed,3.5,"Treasury Jun variance was $3,303,567 vs plan",2026-04-01T16:09:22Z
r32-0000829,rsmith@ashlandretailpartners.com,AP Aging Analyst,Reconcile AP aging over 90 days for CA-05,completed,39.1,"Treasury Apr variance was $21,713 vs plan",2026-04-01T11:31:13Z
r32-0000830,ymiller@ashlandretailpartners.com,Vendor Spend Analyzer,Reconcile AP aging over 90 days for US-02,completed,51.1,"Treasury Mar variance was $1,251,005 vs plan",2026-04-01T12:03:45Z
r32-0000831,rsmith@ashlandretailpartners.com,Flux Commentary,Which cost centers are over budget YTD?,completed,19.5,"Treasury Feb variance was $3,715,397 vs plan",2026-04-01T10:51:02Z
r32-0000832,ymiller@ashlandretailpartners.com,Vendor Spend Analyzer,Reconcile AP aging over 90 days for EU-02,completed,46.8,"Treasury Jun variance was $4,639,086 vs plan",2026-04-01T11:37:52Z
r32-0000833,rsmith@ashlandretailpartners.com,Covenant Checker,Explain the headcount variance vs plan,completed,34.1,"Ops Apr variance was $1,761,581 vs plan",2026-04-02T12:56:17Z
r32-0000834,ymiller@ashlandretailpartners.com,Budget vs Actual,Build the board deck cash slide for Jun,completed,69.7,"FP&A Jun variance was $1,734,937 vs plan",2026-04-02T10:20:55Z
r32-0000835,ymiller@ashlandretailpartners.com,AP Aging Analyst,Why did Treasury spend exceed budget in May?,completed,59.4,"Treasury May variance was $2,749,573 vs plan",2026-04-02T12:20:48Z
r32-0000836,rsmith@ashlandretailpartners.com,Journal Entry Reviewer,Why did Ops spend exceed budget in Mar?,completed,1.0,Traceback (most recent call last): KeyError 'entity',2026-04-02T15:06:36Z
r32-0000837,rsmith@ashlandretailpartners.com,Budget vs Actual,Forecast Apr operating cash flow,completed,21.9,"Ops Apr variance was $3,665,265 vs plan",2026-04-02T11:55:14Z
r32-0000838,ymiller@ashlandretailpartners.com,Variance Explainer,Forecast Feb operating cash flow,completed,0.5,Traceback (most recent call last): KeyError 'entity',2026-04-02T08:10:28Z
r32-0000839,lharris@ashlandretailpartners.com,Headcount Planner,Build the board deck cash slide for Jun,completed,55.9,"FP&A Jun variance was $4,589,759 vs plan",2026-04-02T15:30:35Z
r32-0000840,ymiller@ashlandretailpartners.com,Variance Explainer,Summarize the Feb variance for entity US-03,completed,61.2,"Treasury Feb variance was $3,898,970 vs plan",2026-04-02T15:44:39Z
r32-0000841,lharris@ashlandretailpartners.com,Variance Explainer,Forecast Apr operating cash flow,completed,7.0,"Ops Apr variance was $3,616,779 vs plan",2026-04-02T11:44:06Z
r32-0000842,ymiller@ashlandretailpartners.com,Covenant Checker,Explain the headcount variance vs plan,completed,24.0,"Accounting Jun variance was $907,981 vs plan",2026-04-02T10:36:08Z
r32-0000843,ymiller@ashlandretailpartners.com,AP Aging Analyst,Explain the headcount variance vs plan,error,6.1,error: connection reset by peer,2026-04-02T12:29:33Z
r32-0000844,ymiller@ashlandretailpartners.com,Covenant Checker,Reconcile AP aging over 90 days for EU-03,completed,0.8,Traceback (most recent call last): KeyError 'entity',2026-04-02T06:48:10Z
r32-0000845,ymiller@ashlandretailpartners.com,Revenue Recognizer,Check covenant compliance for the revolver,completed,31.5,"Treasury Feb variance was $465,789 vs plan",2026-04-02T09:02:56Z
r32-0000846,ymiller@ashlandretailpartners.com,Covenant Checker,Reconcile AP aging over 90 days for CA-06,completed,46.4,"Ops Feb variance was $862,576 vs plan",2026-04-02T09:15:25Z
r32-0000847,rsmith@ashlandretailpartners.com,Journal Entry Reviewer,Build the board deck cash slide for Feb,completed,12.9,"Treasury Feb variance was $4,578,314 vs plan",2026-04-02T14:49:41Z
r32-0000848,ymiller@ashlandretailpartners.com,Headcount Planner,Reconcile AP aging over 90 days for EU-08,completed,50.9,"FP&A May variance was $2,494,766 vs plan",2026-04-02T10:06:28Z
r32-0000849,lharris@ashlandretailpartners.com,Variance Explainer,Which cost centers are over budget YTD?,completed,1.3,Traceback (most recent call last): KeyError 'entity',2026-04-02T14:28:29Z
r32-0000850,rsmith@ashlandretailpartners.com,Headcount Planner,Check covenant compliance for the revolver,completed,64.4,"Treasury Mar variance was $1,510,010 vs plan",2026-04-02T09:31:33Z
r32-0000851,ymiller@ashlandretailpartners.com,Vendor Spend Analyzer,Why did Ops spend exceed budget in May?,completed,40.4,"Ops May variance was $2,181,515 vs plan",2026-04-02T20:47:49Z
r32-0000852,ymiller@ashlandretailpartners.com,Close Checklist Bot,Forecast Feb operating cash flow,completed,71.4,"FP&A Feb variance was $3,766,177 vs plan",2026-04-02T13:52:39Z
r32-0000853,ymiller@ashlandretailpartners.com,Budget vs Actual,Check covenant compliance for the revolver,completed,54.8,"Accounting May variance was $3,448,017 vs plan",2026-04-02T14:58:25Z
r32-0000854,ymiller@ashlandretailpartners.com,Vendor Spend Analyzer,Check covenant compliance for the revolver,completed,56.7,"FP&A Feb variance was $4,771,888 vs plan",2026-04-02T14:59:19Z
r32-0000855,lharris@ashlandretailpartners.com,Vendor Spend Analyzer,Which cost centers are over budget YTD?,completed,23.5,"Accounting Feb variance was $4,371,202 vs plan",2026-04-02T13:50:00Z
r32-0000856,lharris@ashlandretailpartners.com,Headcount Planner,Check covenant compliance for the revolver,completed,43.5,"Accounting Jun variance was $3,911,456 vs plan",2026-04-02T14:43:24Z
r32-0000857,rsmith@ashlandretailpartners.com,Journal Entry Reviewer,Which cost centers are over budget YTD?,completed,70.4,"Ops Jan variance was $4,677,379 vs plan",2026-04-02T15:33:49Z
r32-0000858,rsmith@ashlandretailpartners.com,Covenant Checker,What drove the change in gross margin this quarter?,completed,1.8,ERROR: upstream request timed out,2026-04-02T10:38:22Z
r32-0000859,rsmith@ashlandretailpartners.com,Budget vs Actual,Explain the headcount variance vs plan,completed,12.3,"Ops Mar variance was $4,455,835 vs plan",2026-04-02T07:04:43Z
r32-0000860,lharris@ashlandretailpartners.com,Board Deck Builder,Explain the headcount variance vs plan,error,7.3,Traceback (most recent call last): KeyError 'entity',2026-04-02T14:40:10Z
r32-0000861,sclark@ashlandretailpartners.com,Headcount Planner,Build the board deck cash slide for Jan,completed,20.5,"Ops Jan variance was $89,837 vs plan",2026-04-02T12:23:55Z
r32-0000862,ymiller@ashlandretailpartners.com,Vendor Spend Analyzer,Build the board deck cash slide for May,error,6.3,error code 502 from model gateway,2026-04-02T09:01:54Z
r32-0000863,rsmith@ashlandretailpartners.com,AP Aging Analyst,Explain the headcount variance vs plan,completed,51.7,"Ops Jan variance was $4,372,175 vs plan",2026-04-03T10:23:45Z
r32-0000864,ymiller@ashlandretailpartners.com,Close Checklist Bot,Explain the headcount variance vs plan,completed,41.0,"Accounting Feb variance was $4,328,990 vs plan",2026-04-03T15:32:26Z
r32-0000865,ymiller@ashlandretailpartners.com,Budget vs Actual,Check covenant compliance for the revolver,completed,73.2,"Ops Feb variance was $3,933,004 vs plan",2026-04-03T16:31:35Z
r32-0000866,sclark@ashlandretailpartners.com,Variance Explainer,Summarize the Feb variance for entity EU-07,completed,57.5,"FP&A Feb variance was $3,287,277 vs plan",2026-04-03T12:03:56Z
r32-0000867,ymiller@ashlandretailpartners.com,Flux Commentary,Why did Accounting spend exceed budget in Feb?,completed,65.2,"Accounting Feb variance was $815,123 vs plan",2026-04-03T09:05:14Z
r32-0000868,ymiller@ashlandretailpartners.com,Cash Forecaster,Build the board deck cash slide for Mar,completed,15.2,"Ops Mar variance was $659,664 vs plan",2026-04-03T14:45:13Z
r32-0000869,ymiller@ashlandretailpartners.com,Budget vs Actual,Reconcile AP aging over 90 days for MX-01,completed,60.7,"Accounting Mar variance was $1,292,458 vs plan",2026-04-03T10:32:08Z
r32-0000870,ymiller@ashlandretailpartners.com,Close Checklist Bot,Which cost centers are over budget YTD?,completed,0.5,error code 502 from model gateway,2026-04-03T11:16:28Z
r32-0000871,lharris@ashlandretailpartners.com,Budget vs Actual,Why did Accounting spend exceed budget in May?,completed,6.8,"Accounting May variance was $789,114 vs plan",2026-04-03T16:35:31Z
r32-0000872,rsmith@ashlandretailpartners.com,Vendor Spend Analyzer,Build the board deck cash slide for Apr,completed,20.9,"Treasury Apr variance was $3,644,325 vs plan",2026-04-03T18:51:05Z
r32-0000873,ymiller@ashlandretailpartners.com,Close Checklist Bot,Build the board deck cash slide for Apr,completed,40.0,"FP&A Apr variance was $754,028 vs plan",2026-04-03T11:25:17Z
r32-0000874,rsmith@ashlandretailpartners.com,Journal Entry Reviewer,Which cost centers are over budget YTD?,error,5.0,error: connection reset by peer,2026-04-03T14:39:26Z
r32-0000875,rsmith@ashlandretailpartners.com,Covenant Checker,Build the board deck cash slide for Apr,completed,52.0,"Treasury Apr variance was $2,889,167 vs plan",2026-04-03T14:37:05Z
r32-0000876,rsmith@ashlandretailpartners.com,Variance Explainer,Forecast Jun operating cash flow,completed,49.7,"Accounting Jun variance was $2,546,428 vs plan",2026-04-03T14:59:11Z
r32-0000877,ymiller@ashlandretailpartners.com,Headcount Planner,Forecast Apr operating cash flow,error,5.4,ERROR: upstream request timed out,2026-04-03T09:00:03Z
r32-0000878,ymiller@ashlandretailpartners.com,Budget vs Actual,Check covenant compliance for the revolver,completed,47.6,"Accounting Jan variance was $1,349,009 vs plan",2026-04-03T14:49:14Z
r32-0000879,ymiller@ashlandretailpartners.com,AP Aging Analyst,Draft flux commentary for the May close,completed,44.3,"Treasury May variance was $863,141 vs plan",2026-04-03T17:50:26Z
r32-0000880,ymiller@ashlandretailpartners.com,Budget vs Actual,Draft flux commentary for the Mar close,completed,35.2,"Accounting Mar variance was $3,307,138 vs plan",2026-04-03T16:58:42Z
r32-0000881,rsmith@ashlandretailpartners.com,Covenant Checker,Which cost centers are over budget YTD?,completed,46.7,"FP&A Jun variance was $83,505 vs plan",2026-04-03T06:42:20Z
r32-0000882,rsmith@ashlandretailpartners.com,Close Checklist Bot,Summarize the Jun variance for entity EU-05,completed,4.4,"Ops Jun variance was $1,154,932 vs plan",2026-04-03T15:19:21Z
r32-0000883,rsmith@ashlandretailpartners.com,Board Deck Builder,Summarize the Jun variance for entity MX-07,completed,39.0,"Ops Jun variance was $2,714,369 vs plan",2026-04-03T18:13:56Z
r32-0000884,ymiller@ashlandretailpartners.com,Journal Entry Reviewer,Explain the headcount variance vs plan,completed,3.8,"Treasury Apr variance was $921,095 vs plan",2026-04-03T06:29:34Z
r32-0000885,ymiller@ashlandretailpartners.com,Variance Explainer,Check covenant compliance for the revolver,completed,23.2,"Treasury May variance was $868,156 vs plan",2026-04-04T12:14:50Z
r32-0000886,rsmith@ashlandretailpartners.com,Revenue Recognizer,Draft flux commentary for the May close,completed,41.0,"Accounting May variance was $2,670,710 vs plan",2026-04-04T07:57:53Z
r32-0000887,sclark@ashlandretailpartners.com,Close Checklist Bot,Which cost centers are over budget YTD?,completed,47.3,"Ops Feb variance was $3,737,361 vs plan",2026-04-04T06:38:00Z
r32-0000888,ymiller@ashlandretailpartners.com,Headcount Planner,Build the board deck cash slide for Apr,error,3.9,Traceback (most recent call last): KeyError 'entity',2026-04-04T14:28:49Z
r32-0000889,lharris@ashlandretailpartners.com,Board Deck Builder,Reconcile AP aging over 90 days for EU-09,completed,46.9,"Ops Jun variance was $1,410,044 vs plan",2026-04-04T10:14:28Z
r32-0000890,ymiller@ashlandretailpartners.com,AP Aging Analyst,Forecast Jan operating cash flow,completed,4.7,"Accounting Jan variance was $2,586,205 vs plan",2026-04-04T11:38:22Z
r32-0000891,rsmith@ashlandretailpartners.com,Budget vs Actual,Build the board deck cash slide for Jan,completed,45.7,"Ops Jan variance was $2,507,103 vs plan",2026-04-04T08:11:12Z
r32-0000892,ymiller@ashlandretailpartners.com,Close Checklist Bot,Build the board deck cash slide for Feb,completed,5.4,"Accounting Feb variance was $3,742,490 vs plan",2026-04-04T13:18:14Z
r32-0000893,rsmith@ashlandretailpartners.com,Journal Entry Reviewer,Forecast Apr operating cash flow,completed,1.1,FAILED: null reference in aggregation step,2026-04-04T14:52:54Z
r32-0000894,rsmith@ashlandretailpartners.com,Covenant Checker,Check covenant compliance for the revolver,completed,26.0,"Accounting Jan variance was $361,127 vs plan",2026-04-04T13:16:56Z
r32-0000895,ymiller@ashlandretailpartners.com,AP Aging Analyst,Build the board deck cash slide for Apr,completed,1.1,ERROR: upstream request timed out,2026-04-04T10:43:29Z
r32-0000896,ymiller@ashlandretailpartners.com,Close Checklist Bot,Check covenant compliance for the revolver,completed,12.0,"Accounting Jan variance was $105,465 vs plan",2026-04-04T19:19:25Z
r32-0000897,rsmith@ashlandretailpartners.com,Board Deck Builder,Forecast Apr operating cash flow,completed,65.5,"Ops Apr variance was $2,767,470 vs plan",2026-04-04T12:28:32Z
r32-0000898,rsmith@ashlandretailpartners.com,Journal Entry Reviewer,Draft flux commentary for the May close,completed,0.2,error code 502 from model gateway,2026-04-04T14:07:45Z
r32-0000899,rsmith@ashlandretailpartners.com,Variance Explainer,Explain the headcount variance vs plan,completed,26.8,"Treasury May variance was $1,949,130 vs plan",2026-04-04T08:39:52Z
r32-0000900,rsmith@ashlandretailpartners.com,Headcount Planner,Summarize the Feb variance for entity MX-09,completed,48.4,"FP&A Feb variance was $247,090 vs plan",2026-04-04T09:39:46Z
r32-0000901,rsmith@ashlandretailpartners.com,Headcount Planner,Explain the headcount variance vs plan,completed,49.0,"Accounting Mar variance was $2,002,563 vs plan",2026-04-04T13:48:03Z
r32-0000902,rsmith@ashlandretailpartners.com,Revenue Recognizer,Check covenant compliance for the revolver,completed,0.9,error code 502 from model gateway,2026-04-04T13:05:53Z
r32-0000903,lharris@ashlandretailpartners.com,Variance Explainer,Build the board deck cash slide for Mar,completed,47.5,"Accounting Mar variance was $915,995 vs plan",2026-04-04T18:40:09Z
r32-0000904,ymiller@ashlandretailpartners.com,Flux Commentary,Explain the headcount variance vs plan,completed,44.3,"Accounting May variance was $3,455,613 vs plan",2026-04-05T14:37:14Z
r32-0000905,rsmith@ashlandretailpartners.com,Headcount Planner,What drove the change in gross margin this quarter?,completed,18.8,"Treasury Mar variance was $380,590 vs plan",2026-04-05T13:48:04Z
r32-0000906,ymiller@ashlandretailpartners.com,Board Deck Builder,Build the board deck cash slide for Feb,completed,9.5,"Ops Feb variance was $3,739,310 vs plan",2026-04-05T19:49:44Z
r32-0000907,rsmith@ashlandretailpartners.com,Flux Commentary,Forecast Feb operating cash flow,completed,39.7,"Treasury Feb variance was $3,600,082 vs plan",2026-04-05T08:46:09Z
r32-0000908,ymiller@ashlandretailpartners.com,Flux Commentary,Check covenant compliance for the revolver,completed,30.0,"Accounting Jun variance was $4,686,070 vs plan",2026-04-05T17:46:54Z
r32-0000909,rsmith@ashlandretailpartners.com,Headcount Planner,What drove the change in gross margin this quarter?,completed,22.4,"Accounting Mar variance was $4,654,364 vs plan",2026-04-05T20:56:20Z
r32-0000910,rsmith@ashlandretailpartners.com,Revenue Recognizer,Build the board deck cash slide for Jun,completed,0.3,error: connection reset by peer,2026-04-05T19:34:54Z
r32-0000911,rsmith@ashlandretailpartners.com,Vendor Spend Analyzer,Explain the headcount variance vs plan,completed,13.2,"FP&A May variance was $1,398,828 vs plan",2026-04-05T12:40:25Z
r32-0000912,ymiller@ashlandretailpartners.com,Cash Forecaster,Summarize the Mar variance for entity US-06,completed,28.4,"Accounting Mar variance was $1,172,066 vs plan",2026-04-05T15:12:16Z
r32-0000913,ymiller@ashlandretailpartners.com,Journal Entry Reviewer,Why did Ops spend exceed budget in May?,completed,47.7,"Ops May variance was $952,273 vs plan",2026-04-05T12:54:34Z
r32-0000914,rsmith@ashlandretailpartners.com,Vendor Spend Analyzer,Which cost centers are over budget YTD?,completed,28.9,"Ops Feb variance was $1,569,779 vs plan",2026-04-05T13:06:29Z
r32-0000915,ymiller@ashlandretailpartners.com,Vendor Spend Analyzer,Forecast Feb operating cash flow,completed,58.8,"Ops Feb variance was $1,525,960 vs plan",2026-04-05T13:49:10Z
r32-0000916,ymiller@ashlandretailpartners.com,Cash Forecaster,What drove the change in gross margin this quarter?,completed,0.6,error: connection reset by peer,2026-04-05T18:22:38Z
r32-0000917,ymiller@ashlandretailpartners.com,Board Deck Builder,Build the board deck cash slide for Jan,completed,38.4,"Treasury Jan variance was $3,824,273 vs plan",2026-04-05T17:36:00Z
r32-0000918,rsmith@ashlandretailpartners.com,Vendor Spend Analyzer,What drove the change in gross margin this quarter?,completed,13.8,"FP&A Feb variance was $1,264,346 vs plan",2026-04-06T09:02:57Z
r32-0000919,rsmith@ashlandretailpartners.com,Revenue Recognizer,Explain the headcount variance vs plan,completed,53.8,"Treasury Jan variance was $3,866,386 vs plan",2026-04-06T19:21:01Z
r32-0000920,rsmith@ashlandretailpartners.com,Headcount Planner,Check covenant compliance for the revolver,completed,1.6,error: connection reset by peer,2026-04-06T19:43:07Z
r32-0000921,ymiller@ashlandretailpartners.com,Vendor Spend Analyzer,Reconcile AP aging over 90 days for EU-06,completed,24.1,"Accounting Mar variance was $4,419,956 vs plan",2026-04-06T12:00:35Z
r32-0000922,rsmith@ashlandretailpartners.com,Variance Explainer,Why did FP&A spend exceed budget in Apr?,completed,1.6,error: connection reset by peer,2026-04-06T15:01:47Z
r32-0000923,rsmith@ashlandretailpartners.com,Revenue Recognizer,Which cost centers are over budget YTD?,completed,18.9,"Treasury Mar variance was $558,370 vs plan",2026-04-06T08:27:32Z
r32-0000924,ymiller@ashlandretailpartners.com,Budget vs Actual,Check covenant compliance for the revolver,completed,63.7,"Ops Feb variance was $1,402,237 vs plan",2026-04-06T13:58:35Z
r32-0000925,sclark@ashlandretailpartners.com,Cash Forecaster,What drove the change in gross margin this quarter?,completed,6.0,"Accounting Jan variance was $3,924,547 vs plan",2026-04-06T09:31:05Z
r32-0000926,rsmith@ashlandretailpartners.com,Vendor Spend Analyzer,Forecast May operating cash flow,completed,3.4,"Treasury May variance was $1,862,096 vs plan",2026-04-06T06:52:58Z
r32-0000927,sclark@ashlandretailpartners.com,Budget vs Actual,Reconcile AP aging over 90 days for EU-02,completed,43.3,"Treasury Mar variance was $3,816,386 vs plan",2026-04-06T14:31:18Z
r32-0000928,lharris@ashlandretailpartners.com,Variance Explainer,Summarize the Jun variance for entity MX-07,completed,20.7,"Treasury Jun variance was $928,428 vs plan",2026-04-06T09:20:54Z
r32-0000929,rsmith@ashlandretailpartners.com,Flux Commentary,Explain the headcount variance vs plan,completed,60.5,"Accounting May variance was $1,322,059 vs plan",2026-04-06T11:53:58Z
r32-0000930,sclark@ashlandretailpartners.com,Vendor Spend Analyzer,Reconcile AP aging over 90 days for EU-01,completed,47.8,"Accounting Apr variance was $2,539,592 vs plan",2026-04-06T09:49:06Z
r32-0000931,rsmith@ashlandretailpartners.com,Board Deck Builder,Draft flux commentary for the May close,completed,5.9,"Accounting May variance was $2,262,898 vs plan",2026-04-06T08:53:23Z
r32-0000932,lharris@ashlandretailpartners.com,Variance Explainer,Summarize the Apr variance for entity MX-08,completed,46.1,"Ops Apr variance was $2,002,123 vs plan",2026-04-06T11:47:59Z
r32-0000933,ymiller@ashlandretailpartners.com,Headcount Planner,Explain the headcount variance vs plan,completed,17.1,"FP&A Jan variance was $1,723,197 vs plan",2026-04-06T15:58:57Z
r32-0000934,rsmith@ashlandretailpartners.com,Flux Commentary,Build the board deck cash slide for Mar,completed,51.6,"FP&A Mar variance was $3,915,282 vs plan",2026-04-06T11:38:59Z
r32-0000935,rsmith@ashlandretailpartners.com,Close Checklist Bot,Check covenant compliance for the revolver,completed,57.3,"Accounting Jan variance was $2,653,138 vs plan",2026-04-06T16:09:37Z
r32-0000936,ymiller@ashlandretailpartners.com,Flux Commentary,Draft flux commentary for the Apr close,completed,64.1,"Treasury Apr variance was $136,820 vs plan",2026-04-06T14:39:27Z
r32-0000937,rsmith@ashlandretailpartners.com,Flux Commentary,Reconcile AP aging over 90 days for CA-08,completed,38.7,"Treasury Jan variance was $2,655,120 vs plan",2026-04-06T17:04:35Z
r32-0000938,ymiller@ashlandretailpartners.com,Board Deck Builder,Summarize the Mar variance for entity MX-02,completed,9.5,"Ops Mar variance was $210,839 vs plan",2026-04-06T10:27:18Z
r32-0000939,rsmith@ashlandretailpartners.com,Revenue Recognizer,Check covenant compliance for the revolver,completed,6.4,"Treasury Jan variance was $2,645,649 vs plan",2026-04-06T12:55:52Z
r32-0000940,sclark@ashlandretailpartners.com,Covenant Checker,Reconcile AP aging over 90 days for US-05,completed,11.5,"Treasury Apr variance was $84,152 vs plan",2026-04-06T11:30:21Z
r32-0000941,rsmith@ashlandretailpartners.com,Headcount Planner,Forecast Mar operating cash flow,completed,33.6,"Treasury Mar variance was $3,586,563 vs plan",2026-04-06T09:34:56Z
r32-0000942,rsmith@ashlandretailpartners.com,Board Deck Builder,What drove the change in gross margin this quarter?,completed,18.4,"Ops May variance was $3,829,627 vs plan",2026-04-06T16:32:14Z
r32-0000943,ymiller@ashlandretailpartners.com,Variance Explainer,Why did Ops spend exceed budget in Apr?,error,5.0,error: connection reset by peer,2026-04-06T12:57:10Z
r32-0000944,ymiller@ashlandretailpartners.com,Close Checklist Bot,Summarize the Jan variance for entity US-07,completed,54.5,"FP&A Jan variance was $1,826,683 vs plan",2026-04-06T15:10:13Z
r32-0000945,ymiller@ashlandretailpartners.com,Headcount Planner,Which cost centers are over budget YTD?,completed,47.5,"Ops Apr variance was $1,597,411 vs plan",2026-04-06T16:10:24Z
r32-0000946,ymiller@ashlandretailpartners.com,Headcount Planner,Check covenant compliance for the revolver,completed,50.3,"Accounting May variance was $4,196,570 vs plan",2026-04-06T06:40:49Z
r32-0000947,rsmith@ashlandretailpartners.com,Revenue Recognizer,Forecast Jun operating cash flow,completed,20.9,"Ops Jun variance was $1,234,984 vs plan",2026-04-06T13:45:32Z
r32-0000948,ymiller@ashlandretailpartners.com,Headcount Planner,Build the board deck cash slide for Mar,completed,24.1,"Accounting Mar variance was $313,762 vs plan",2026-04-06T15:07:50Z
r32-0000949,lharris@ashlandretailpartners.com,Covenant Checker,Check covenant compliance for the revolver,completed,27.9,"Treasury Mar variance was $772,249 vs plan",2026-04-06T10:57:13Z
r32-0000950,ymiller@ashlandretailpartners.com,Board Deck Builder,Build the board deck cash slide for Jun,completed,70.6,"Ops Jun variance was $2,333,406 vs plan",2026-04-06T19:53:17Z
r32-0000951,rsmith@ashlandretailpartners.com,Covenant Checker,Summarize the Mar variance for entity CA-09,completed,3.3,"Ops Mar variance was $1,100,100 vs plan",2026-04-06T09:59:46Z
r32-0000952,rsmith@ashlandretailpartners.com,Journal Entry Reviewer,Why did Treasury spend exceed budget in Apr?,completed,27.6,"Treasury Apr variance was $2,954,002 vs plan",2026-04-06T13:43:12Z
r32-0000953,rsmith@ashlandretailpartners.com,Journal Entry Reviewer,Explain the headcount variance vs plan,completed,52.0,"FP&A Feb variance was $1,918,770 vs plan",2026-04-06T15:05:29Z
r32-0000954,rsmith@ashlandretailpartners.com,Flux Commentary,Forecast Feb operating cash flow,completed,58.3,"Ops Feb variance was $907,125 vs plan",2026-04-06T10:42:16Z
r32-0000955,rsmith@ashlandretailpartners.com,Budget vs Actual,Why did FP&A spend exceed budget in Jan?,completed,45.2,"FP&A Jan variance was $4,153,839 vs plan",2026-04-07T16:32:32Z
r32-0000956,rsmith@ashlandretailpartners.com,Budget vs Actual,Build the board deck cash slide for Apr,completed,33.7,"Ops Apr variance was $4,030,713 vs plan",2026-04-07T11:02:39Z
r32-0000957,rsmith@ashlandretailpartners.com,Variance Explainer,Which cost centers are over budget YTD?,completed,66.0,"Accounting Apr variance was $218,556 vs plan",2026-04-07T07:21:51Z
r32-0000958,rsmith@ashlandretailpartners.com,Close Checklist Bot,Explain the headcount variance vs plan,completed,44.2,"Accounting Apr variance was $1,711,073 vs plan",2026-04-07T15:18:16Z
r32-0000959,rsmith@ashlandretailpartners.com,Journal Entry Reviewer,Why did FP&A spend exceed budget in Mar?,completed,67.0,"FP&A Mar variance was $1,632,792 vs plan",2026-04-07T14:33:11Z
r32-0000960,ymiller@ashlandretailpartners.com,Close Checklist Bot,Explain the headcount variance vs plan,completed,56.8,"Ops May variance was $4,782,188 vs plan",2026-04-07T11:11:27Z
r32-0000961,rsmith@ashlandretailpartners.com,Flux Commentary,Check covenant compliance for the revolver,completed,48.1,"Accounting Jun variance was $2,103,634 vs plan",2026-04-07T12:18:37Z
r32-0000962,ymiller@ashlandretailpartners.com,Close Checklist Bot,Check covenant compliance for the revolver,completed,58.3,"Ops Apr variance was $2,369,340 vs plan",2026-04-07T12:00:50Z
r32-0000963,rsmith@ashlandretailpartners.com,Headcount Planner,What drove the change in gross margin this quarter?,completed,18.8,"Treasury May variance was $1,181,481 vs plan",2026-04-07T11:35:08Z
r32-0000964,rsmith@ashlandretailpartners.com,Cash Forecaster,Why did Ops spend exceed budget in Jan?,completed,49.2,"Ops Jan variance was $2,857,023 vs plan",2026-04-07T14:08:23Z
r32-0000965,rsmith@ashlandretailpartners.com,Journal Entry Reviewer,Which cost centers are over budget YTD?,completed,55.2,"Treasury Feb variance was $3,619,683 vs plan",2026-04-07T11:37:01Z
r32-0000966,lharris@ashlandretailpartners.com,Vendor Spend Analyzer,Reconcile AP aging over 90 days for CA-05,completed,41.4,"Ops Jan variance was $2,826,671 vs plan",2026-04-07T12:58:22Z
r32-0000967,ymiller@ashlandretailpartners.com,Revenue Recognizer,Reconcile AP aging over 90 days for MX-07,completed,19.6,"Ops Feb variance was $80,877 vs plan",2026-04-07T12:27:02Z
r32-0000968,ymiller@ashlandretailpartners.com,Covenant Checker,Build the board deck cash slide for Apr,completed,69.0,"Accounting Apr variance was $2,579,172 vs plan",2026-04-07T12:30:06Z
r32-0000969,sclark@ashlandretailpartners.com,Board Deck Builder,Which cost centers are over budget YTD?,completed,20.0,"Ops Mar variance was $2,120,693 vs plan",2026-04-07T12:27:54Z
r32-0000970,rsmith@ashlandretailpartners.com,Cash Forecaster,Draft flux commentary for the Jun close,error,3.6,ERROR: upstream request timed out,2026-04-07T08:42:03Z
r32-0000971,ymiller@ashlandretailpartners.com,AP Aging Analyst,Why did FP&A spend exceed budget in May?,completed,45.7,"FP&A May variance was $1,444,772 vs plan",2026-04-07T16:39:14Z
r32-0000972,rsmith@ashlandretailpartners.com,Budget vs Actual,Draft flux commentary for the Apr close,completed,34.0,"FP&A Apr variance was $1,872,443 vs plan",2026-04-07T14:40:05Z
r32-0000973,rsmith@ashlandretailpartners.com,Variance Explainer,Check covenant compliance for the revolver,completed,51.5,"Ops Apr variance was $3,868,604 vs plan",2026-04-07T16:01:09Z
r32-0000974,lharris@ashlandretailpartners.com,Journal Entry Reviewer,Draft flux commentary for the Feb close,completed,48.0,"Treasury Feb variance was $3,416,759 vs plan",2026-04-07T12:02:55Z
r32-0000975,rsmith@ashlandretailpartners.com,Vendor Spend Analyzer,Which cost centers are over budget YTD?,completed,7.3,"Ops May variance was $435,630 vs plan",2026-04-07T14:24:12Z
r32-0000976,rsmith@ashlandretailpartners.com,Revenue Recognizer,What drove the change in gross margin this quarter?,completed,6.8,"Ops Jun variance was $4,294,215 vs plan",2026-04-07T15:12:47Z
r32-0000977,rsmith@ashlandretailpartners.com,Vendor Spend Analyzer,Reconcile AP aging over 90 days for CA-05,completed,36.4,"FP&A Apr variance was $2,237,155 vs plan",2026-04-07T17:40:43Z
r32-0000978,ymiller@ashlandretailpartners.com,Variance Explainer,Reconcile AP aging over 90 days for CA-02,completed,60.5,"FP&A Apr variance was $1,427,029 vs plan",2026-04-07T18:30:38Z
r32-0000979,ymiller@ashlandretailpartners.com,Board Deck Builder,Summarize the Jun variance for entity MX-01,completed,10.8,"FP&A Jun variance was $2,408,249 vs plan",2026-04-07T10:35:26Z
r32-0000980,rsmith@ashlandretailpartners.com,Revenue Recognizer,Forecast May operating cash flow,completed,1.5,ERROR: upstream request timed out,2026-04-07T13:06:58Z
r32-0000981,ymiller@ashlandretailpartners.com,AP Aging Analyst,Which cost centers are over budget YTD?,completed,34.9,"FP&A Mar variance was $4,715,137 vs plan",2026-04-07T14:05:34Z
r32-0000982,rsmith@ashlandretailpartners.com,Revenue Recognizer,Draft flux commentary for the Jun close,completed,48.0,"Ops Jun variance was $3,791,271 vs plan",2026-04-07T12:15:19Z
r32-0000983,rsmith@ashlandretailpartners.com,Headcount Planner,Check covenant compliance for the revolver,completed,67.5,"Accounting Jun variance was $3,812,440 vs plan",2026-04-07T17:58:03Z
r32-0000984,ymiller@ashlandretailpartners.com,Flux Commentary,Forecast Jun operating cash flow,error,1.1,error: connection reset by peer,2026-04-07T09:39:56Z
r32-0000985,rsmith@ashlandretailpartners.com,Covenant Checker,Build the board deck cash slide for Apr,completed,47.4,"Treasury Apr variance was $2,690,103 vs plan",2026-04-07T13:15:58Z
r32-0000986,rsmith@ashlandretailpartners.com,Journal Entry Reviewer,Draft flux commentary for the May close,completed,27.8,"FP&A May variance was $346,277 vs plan",2026-04-07T15:03:47Z
r32-0000987,rsmith@ashlandretailpartners.com,Flux Commentary,Reconcile AP aging over 90 days for MX-06,completed,51.6,"Treasury Jun variance was $620,213 vs plan",2026-04-07T14:05:05Z
r32-0000988,ymiller@ashlandretailpartners.com,Revenue Recognizer,Explain the headcount variance vs plan,completed,17.2,"Accounting May variance was $3,737,035 vs plan",2026-04-07T17:25:27Z
r32-0000989,rsmith@ashlandretailpartners.com,Variance Explainer,Forecast May operating cash flow,completed,42.6,"FP&A May variance was $4,111,764 vs plan",2026-04-07T12:27:36Z
r32-0000990,rsmith@ashlandretailpartners.com,Cash Forecaster,Draft flux commentary for the May close,completed,12.7,"Accounting May variance was $2,774,267 vs plan",2026-04-07T10:45:29Z
r32-0000991,lharris@ashlandretailpartners.com,Budget vs Actual,Summarize the Mar variance for entity MX-08,completed,25.4,"FP&A Mar variance was $4,585,979 vs plan",2026-04-07T14:36:35Z
r32-0000992,rsmith@ashlandretailpartners.com,AP Aging Analyst,Draft flux commentary for the Jun close,error,3.9,error code 502 from model gateway,2026-04-07T11:13:09Z
r32-0000993,rsmith@ashlandretailpartners.com,Headcount Planner,Explain the headcount variance vs plan,completed,43.1,"Accounting Jan variance was $3,664,096 vs plan",2026-04-07T10:34:30Z
r32-0000994,ymiller@ashlandretailpartners.com,Headcount Planner,Summarize the Mar variance for entity MX-08,completed,56.9,"Accounting Mar variance was $4,097,966 vs plan",2026-04-07T14:26:32Z
r32-0000995,ymiller@ashlandretailpartners.com,Close Checklist Bot,Summarize the Jan variance for entity CA-09,error,1.4,ERROR: upstream request timed out,2026-04-07T12:21:02Z
r32-0000996,rsmith@ashlandretailpartners.com,Close Checklist Bot,Forecast Feb operating cash flow,completed,7.9,"Accounting Feb variance was $764,819 vs plan",2026-04-08T08:35:01Z
r32-0000997,rsmith@ashlandretailpartners.com,Cash Forecaster,Why did Accounting spend exceed budget in May?,completed,36.9,"Accounting May variance was $3,897,711 vs plan",2026-04-08T19:16:56Z
r32-0000998,ymiller@ashlandretailpartners.com,Flux Commentary,Summarize the Jun variance for entity EU-06,completed,19.8,"Ops Jun variance was $1,633,743 vs plan",2026-04-08T11:10:26Z
r32-0000999,lharris@ashlandretailpartners.com,Revenue Recognizer,Which cost centers are over budget YTD?,completed,0.3,Traceback (most recent call last): KeyError 'entity',2026-04-08T13:22:47Z
r32-0001000,lharris@ashlandretailpartners.com,AP Aging Analyst,Explain the headcount variance vs plan,completed,16.9,"Ops May variance was $2,670,387 vs plan",2026-04-08T16:38:01Z
r32-0001001,lharris@ashlandretailpartners.com,Revenue Recognizer,Summarize the Apr variance for entity US-09,completed,13.9,"FP&A Apr variance was $445,531 vs plan",2026-04-08T12:01:49Z
r32-0001002,ymiller@ashlandretailpartners.com,Covenant Checker,Explain the headcount variance vs plan,completed,63.1,"Accounting Jan variance was $77,914 vs plan",2026-04-08T18:27:02Z
r32-0001003,sclark@ashlandretailpartners.com,Flux Commentary,Reconcile AP aging over 90 days for CA-06,completed,15.5,"Accounting Feb variance was $4,452,115 vs plan",2026-04-08T07:22:40Z
r32-0001004,rsmith@ashlandretailpartners.com,Board Deck Builder,Check covenant compliance for the revolver,completed,3.1,"Accounting Jun variance was $851,518 vs plan",2026-04-08T17:12:17Z
r32-0001005,lharris@ashlandretailpartners.com,Vendor Spend Analyzer,Reconcile AP aging over 90 days for US-02,completed,29.6,"FP&A May variance was $3,336,550 vs plan",2026-04-08T11:46:34Z
r32-0001006,rsmith@ashlandretailpartners.com,Budget vs Actual,Draft flux commentary for the Mar close,completed,1.3,FAILED: null reference in aggregation step,2026-04-08T06:20:05Z
r32-0001007,rsmith@ashlandretailpartners.com,Flux Commentary,Reconcile AP aging over 90 days for CA-04,completed,10.6,"FP&A May variance was $3,508,407 vs plan",2026-04-08T10:50:46Z
r32-0001008,ymiller@ashlandretailpartners.com,Variance Explainer,What drove the change in gross margin this quarter?,completed,18.7,"Ops Jan variance was $3,478,973 vs plan",2026-04-08T10:57:36Z
r32-0001009,rsmith@ashlandretailpartners.com,Budget vs Actual,Build the board deck cash slide for Feb,completed,70.1,"Treasury Feb variance was $2,150,511 vs plan",2026-04-08T13:46:34Z
r32-0001010,rsmith@ashlandretailpartners.com,AP Aging Analyst,Why did Treasury spend exceed budget in Mar?,completed,35.7,"Treasury Mar variance was $555,806 vs plan",2026-04-08T15:50:22Z
r32-0001011,ymiller@ashlandretailpartners.com,Budget vs Actual,Check covenant compliance for the revolver,completed,33.1,"Accounting May variance was $103,609 vs plan",2026-04-08T16:53:44Z
r32-0001012,ymiller@ashlandretailpartners.com,Flux Commentary,Summarize the Mar variance for entity US-09,completed,62.1,"Accounting Mar variance was $4,084,579 vs plan",2026-04-08T12:57:16Z
r32-0001013,ymiller@ashlandretailpartners.com,Close Checklist Bot,Forecast Apr operating cash flow,completed,37.2,"Accounting Apr variance was $2,008,519 vs plan",2026-04-08T10:45:12Z
r32-0001014,ymiller@ashlandretailpartners.com,Board Deck Builder,Forecast Mar operating cash flow,completed,51.6,"FP&A Mar variance was $2,236,058 vs plan",2026-04-08T16:58:38Z
r32-0001015,rsmith@ashlandretailpartners.com,Board Deck Builder,Build the board deck cash slide for Apr,completed,59.6,"Treasury Apr variance was $1,021,078 vs plan",2026-04-08T10:28:16Z
r32-0001016,rsmith@ashlandretailpartners.com,Budget vs Actual,Forecast Jan operating cash flow,completed,70.4,"Accounting Jan variance was $662,637 vs plan",2026-04-08T17:48:35Z
r32-0001017,lharris@ashlandretailpartners.com,Close Checklist Bot,Draft flux commentary for the May close,completed,56.9,"Ops May variance was $2,342,164 vs plan",2026-04-08T14:58:35Z
r32-0001018,ymiller@ashlandretailpartners.com,Journal Entry Reviewer,Reconcile AP aging over 90 days for US-03,completed,55.7,"Treasury May variance was $231,860 vs plan",2026-04-08T11:24:53Z
r32-0001019,rsmith@ashlandretailpartners.com,Journal Entry Reviewer,Draft flux commentary for the Feb close,completed,59.4,"Ops Feb variance was $4,013,014 vs plan",2026-04-08T12:17:59Z
r32-0001020,rsmith@ashlandretailpartners.com,Board Deck Builder,Which cost centers are over budget YTD?,completed,17.6,"Ops Jan variance was $2,252,517 vs plan",2026-04-08T16:26:56Z
r32-0001021,ymiller@ashlandretailpartners.com,Journal Entry Reviewer,Check covenant compliance for the revolver,completed,28.1,"Treasury Mar variance was $1,907,071 vs plan",2026-04-08T15:05:23Z
r32-0001022,rsmith@ashlandretailpartners.com,Journal Entry Reviewer,Forecast Feb operating cash flow,completed,42.4,"Ops Feb variance was $497,259 vs plan",2026-04-08T08:38:12Z
r32-0001023,rsmith@ashlandretailpartners.com,Headcount Planner,Build the board deck cash slide for May,completed,9.9,"Treasury May variance was $1,076,275 vs plan",2026-04-08T17:21:05Z
r32-0001024,rsmith@ashlandretailpartners.com,Headcount Planner,Explain the headcount variance vs plan,completed,53.6,"Ops Jun variance was $3,961,408 vs plan",2026-04-08T15:04:38Z
r32-0001025,ymiller@ashlandretailpartners.com,Journal Entry Reviewer,Check covenant compliance for the revolver,completed,54.2,"Treasury Feb variance was $4,411,828 vs plan",2026-04-08T08:22:43Z
r32-0001026,ymiller@ashlandretailpartners.com,Revenue Recognizer,Which cost centers are over budget YTD?,completed,63.3,"Treasury Jan variance was $3,266,218 vs plan",2026-04-08T15:49:10Z
r32-0001027,sclark@ashlandretailpartners.com,Cash Forecaster,Reconcile AP aging over 90 days for EU-01,completed,1.2,Traceback (most recent call last): KeyError 'entity',2026-04-09T20:06:30Z
r32-0001028,ymiller@ashlandretailpartners.com,Covenant Checker,Why did Ops spend exceed budget in Feb?,completed,18.5,"Ops Feb variance was $1,213,508 vs plan",2026-04-09T19:02:57Z
r32-0001029,ymiller@ashlandretailpartners.com,Board Deck Builder,Build the board deck cash slide for May,completed,5.9,"FP&A May variance was $1,463,518 vs plan",2026-04-09T15:31:01Z
r32-0001030,lharris@ashlandretailpartners.com,Vendor Spend Analyzer,Forecast Apr operating cash flow,completed,66.0,"Accounting Apr variance was $3,413,302 vs plan",2026-04-09T17:46:49Z
r32-0001031,ymiller@ashlandretailpartners.com,AP Aging Analyst,Check covenant compliance for the revolver,completed,39.4,"FP&A Mar variance was $1,712,138 vs plan",2026-04-09T15:28:44Z
r32-0001032,lharris@ashlandretailpartners.com,Vendor Spend Analyzer,Draft flux commentary for the Mar close,completed,43.8,"Ops Mar variance was $3,628,620 vs plan",2026-04-09T13:16:53Z
r32-0001033,rsmith@ashlandretailpartners.com,Vendor Spend Analyzer,Reconcile AP aging over 90 days for MX-03,completed,7.4,"Treasury Apr variance was $2,760,998 vs plan",2026-04-09T13:11:40Z
r32-0001034,rsmith@ashlandretailpartners.com,Headcount Planner,Forecast Jun operating cash flow,completed,54.5,"Ops Jun variance was $1,614,838 vs plan",2026-04-09T17:43:48Z
r32-0001035,sclark@ashlandretailpartners.com,Cash Forecaster,Summarize the Apr variance for entity US-09,completed,66.8,"Ops Apr variance was $2,444,691 vs plan",2026-04-09T15:07:13Z
r32-0001036,lharris@ashlandretailpartners.com,Budget vs Actual,Explain the headcount variance vs plan,completed,54.8,"FP&A Jan variance was $2,914,467 vs plan",2026-04-09T12:12:05Z
r32-0001037,sclark@ashlandretailpartners.com,Variance Explainer,Why did Treasury spend exceed budget in May?,completed,69.4,"Treasury May variance was $738,280 vs plan",2026-04-09T09:46:20Z
r32-0001038,ymiller@ashlandretailpartners.com,Variance Explainer,Draft flux commentary for the Mar close,error,3.1,FAILED: null reference in aggregation step,2026-04-09T14:53:59Z
r32-0001039,ymiller@ashlandretailpartners.com,Vendor Spend Analyzer,Reconcile AP aging over 90 days for EU-01,completed,71.4,"Accounting Mar variance was $1,683,381 vs plan",2026-04-09T17:02:09Z
r32-0001040,rsmith@ashlandretailpartners.com,AP Aging Analyst,Check covenant compliance for the revolver,completed,55.4,"Accounting Apr variance was $183,430 vs plan",2026-04-09T14:17:57Z
r32-0001041,ymiller@ashlandretailpartners.com,AP Aging Analyst,Reconcile AP aging over 90 days for MX-07,completed,0.6,FAILED: null reference in aggregation step,2026-04-09T12:52:14Z
r32-0001042,ymiller@ashlandretailpartners.com,Close Checklist Bot,Build the board deck cash slide for May,completed,24.5,"Accounting May variance was $1,074,494 vs plan",2026-04-09T12:17:34Z
r32-0001043,ymiller@ashlandretailpartners.com,Budget vs Actual,Draft flux commentary for the Feb close,completed,24.2,"Ops Feb variance was $4,656,441 vs plan",2026-04-09T16:10:28Z
r32-0001044,rsmith@ashlandretailpartners.com,Variance Explainer,Which cost centers are over budget YTD?,completed,73.4,"FP&A Apr variance was $4,660,280 vs plan",2026-04-09T14:41:12Z
r32-0001045,ymiller@ashlandretailpartners.com,Flux Commentary,Draft flux commentary for the Jan close,completed,46.6,"Treasury Jan variance was $2,927,360 vs plan",2026-04-09T17:05:43Z
r32-0001046,rsmith@ashlandretailpartners.com,Covenant Checker,Summarize the Feb variance for entity US-01,completed,9.9,"Ops Feb variance was $2,757,092 vs plan",2026-04-09T11:20:35Z
r32-0001047,ymiller@ashlandretailpartners.com,AP Aging Analyst,Which cost centers are over budget YTD?,error,5.5,Traceback (most recent call last): KeyError 'entity',2026-04-09T08:12:24Z
r32-0001048,sclark@ashlandretailpartners.com,Revenue Recognizer,Build the board deck cash slide for Feb,completed,43.9,"Treasury Feb variance was $1,815,009 vs plan",2026-04-09T10:25:51Z
r32-0001049,ymiller@ashlandretailpartners.com,Cash Forecaster,Why did Ops spend exceed budget in May?,completed,1.6,FAILED: null reference in aggregation step,2026-04-09T11:52:38Z
r32-0001050,rsmith@ashlandretailpartners.com,Headcount Planner,Forecast Jan operating cash flow,completed,1.6,error code 502 from model gateway,2026-04-09T11:38:37Z
r32-0001051,ymiller@ashlandretailpartners.com,Close Checklist Bot,Reconcile AP aging over 90 days for US-04,completed,33.4,"Treasury Mar variance was $2,313,109 vs plan",2026-04-09T18:12:40Z
r32-0001052,ymiller@ashlandretailpartners.com,Board Deck Builder,Explain the headcount variance vs plan,completed,49.8,"Ops Apr variance was $530,705 vs plan",2026-04-09T14:38:27Z
r32-0001053,sclark@ashlandretailpartners.com,Covenant Checker,Summarize the Jan variance for entity CA-01,completed,54.4,"Treasury Jan variance was $75,200 vs plan",2026-04-09T06:03:01Z
r32-0001054,lharris@ashlandretailpartners.com,Covenant Checker,Which cost centers are over budget YTD?,error,6.5,error code 502 from model gateway,2026-04-10T15:36:52Z
r32-0001055,ymiller@ashlandretailpartners.com,Revenue Recognizer,Forecast Feb operating cash flow,completed,29.2,"Ops Feb variance was $2,836,195 vs plan",2026-04-10T15:56:12Z
r32-0001056,lharris@ashlandretailpartners.com,Cash Forecaster,Which cost centers are over budget YTD?,completed,29.0,"Ops May variance was $3,087,719 vs plan",2026-04-10T18:45:30Z
r32-0001057,rsmith@ashlandretailpartners.com,Headcount Planner,Draft flux commentary for the Jan close,completed,34.6,"Accounting Jan variance was $2,050,022 vs plan",2026-04-10T17:53:32Z
r32-0001058,ymiller@ashlandretailpartners.com,Cash Forecaster,What drove the change in gross margin this quarter?,error,2.3,error: connection reset by peer,2026-04-10T12:30:01Z
r32-0001059,rsmith@ashlandretailpartners.com,Variance Explainer,What drove the change in gross margin this quarter?,completed,60.2,"FP&A Jun variance was $3,878,246 vs plan",2026-04-10T13:54:20Z
r32-0001060,rsmith@ashlandretailpartners.com,Variance Explainer,Check covenant compliance for the revolver,completed,19.0,"Ops Jan variance was $1,993,996 vs plan",2026-04-10T11:53:41Z
r32-0001061,ymiller@ashlandretailpartners.com,Close Checklist Bot,Summarize the May variance for entity US-04,completed,43.9,"Accounting May variance was $223,755 vs plan",2026-04-10T12:02:46Z
r32-0001062,ymiller@ashlandretailpartners.com,Journal Entry Reviewer,Reconcile AP aging over 90 days for US-08,completed,29.7,"FP&A May variance was $204,048 vs plan",2026-04-10T15:21:19Z
r32-0001063,ymiller@ashlandretailpartners.com,Headcount Planner,Forecast Jun operating cash flow,completed,37.6,"Accounting Jun variance was $4,767,608 vs plan",2026-04-10T19:21:45Z
r32-0001064,ymiller@ashlandretailpartners.com,Close Checklist Bot,Reconcile AP aging over 90 days for EU-01,completed,44.4,"Treasury Mar variance was $2,914,117 vs plan",2026-04-10T14:05:21Z
r32-0001065,rsmith@ashlandretailpartners.com,Revenue Recognizer,Explain the headcount variance vs plan,completed,42.6,"Accounting Apr variance was $2,236,878 vs plan",2026-04-10T16:40:43Z
r32-0001066,lharris@ashlandretailpartners.com,Vendor Spend Analyzer,Explain the headcount variance vs plan,completed,14.6,"Ops Feb variance was $3,442,495 vs plan",2026-04-10T11:37:55Z
r32-0001067,rsmith@ashlandretailpartners.com,Variance Explainer,Which cost centers are over budget YTD?,completed,13.3,"Ops May variance was $4,550,048 vs plan",2026-04-10T16:01:41Z
r32-0001068,lharris@ashlandretailpartners.com,AP Aging Analyst,Check covenant compliance for the revolver,completed,49.2,"Accounting May variance was $947,407 vs plan",2026-04-10T10:45:25Z
r32-0001069,ymiller@ashlandretailpartners.com,Board Deck Builder,Which cost centers are over budget YTD?,completed,56.8,"Ops Feb variance was $3,813,745 vs plan",2026-04-10T13:06:26Z
r32-0001070,rsmith@ashlandretailpartners.com,Headcount Planner,Which cost centers are over budget YTD?,completed,8.8,"Ops Jan variance was $1,925,860 vs plan",2026-04-10T14:59:17Z
r32-0001071,ymiller@ashlandretailpartners.com,Variance Explainer,Reconcile AP aging over 90 days for US-06,completed,12.9,"Ops Apr variance was $1,898,125 vs plan",2026-04-10T12:38:18Z
r32-0001072,ymiller@ashlandretailpartners.com,AP Aging Analyst,Check covenant compliance for the revolver,error,1.2,ERROR: upstream request timed out,2026-04-10T13:46:15Z
r32-0001073,sclark@ashlandretailpartners.com,Flux Commentary,Why did Accounting spend exceed budget in Jun?,completed,50.2,"Accounting Jun variance was $3,606,337 vs plan",2026-04-10T12:00:16Z
r32-0001074,ymiller@ashlandretailpartners.com,Cash Forecaster,Draft flux commentary for the Apr close,completed,37.6,"Ops Apr variance was $116,847 vs plan",2026-04-10T09:23:46Z
r32-0001075,rsmith@ashlandretailpartners.com,Board Deck Builder,Check covenant compliance for the revolver,completed,44.1,"Accounting May variance was $3,033,059 vs plan",2026-04-10T12:19:57Z
r32-0001076,lharris@ashlandretailpartners.com,Cash Forecaster,Check covenant compliance for the revolver,completed,8.3,"Treasury May variance was $436,571 vs plan",2026-04-10T09:24:09Z
r32-0001077,rsmith@ashlandretailpartners.com,Vendor Spend Analyzer,Summarize the Jun variance for entity EU-04,completed,48.6,"FP&A Jun variance was $2,990,317 vs plan",2026-04-10T10:50:05Z
r32-0001078,rsmith@ashlandretailpartners.com,Covenant Checker,Build the board deck cash slide for May,completed,19.2,"Accounting May variance was $2,142,794 vs plan",2026-04-10T14:08:16Z
r32-0001079,lharris@ashlandretailpartners.com,Cash Forecaster,Why did Treasury spend exceed budget in Apr?,completed,0.9,error code 502 from model gateway,2026-04-10T12:17:07Z
r32-0001080,sclark@ashlandretailpartners.com,Cash Forecaster,Forecast May operating cash flow,completed,0.7,error code 502 from model gateway,2026-04-10T15:24:14Z
r32-0001081,ymiller@ashlandretailpartners.com,Journal Entry Reviewer,Reconcile AP aging over 90 days for CA-08,completed,37.6,"Treasury Jun variance was $3,753,000 vs plan",2026-04-10T11:45:35Z
r32-0001082,rsmith@ashlandretailpartners.com,Vendor Spend Analyzer,Build the board deck cash slide for Apr,completed,47.6,"Treasury Apr variance was $2,533,588 vs plan",2026-04-10T12:44:30Z
r32-0001083,ymiller@ashlandretailpartners.com,Headcount Planner,Check covenant compliance for the revolver,completed,29.0,"Ops Jun variance was $2,455,340 vs plan",2026-04-10T08:16:54Z
r32-0001084,lharris@ashlandretailpartners.com,Vendor Spend Analyzer,Check covenant compliance for the revolver,completed,40.7,"FP&A Jan variance was $4,113,520 vs plan",2026-04-10T12:32:04Z
r32-0001085,lharris@ashlandretailpartners.com,Revenue Recognizer,What drove the change in gross margin this quarter?,completed,40.9,"FP&A May variance was $803,906 vs plan",2026-04-10T14:55:48Z
r32-0001086,rsmith@ashlandretailpartners.com,Revenue Recognizer,Check covenant compliance for the revolver,completed,50.2,"Treasury Jun variance was $33,800 vs plan",2026-04-10T19:14:14Z
r32-0001087,rsmith@ashlandretailpartners.com,Covenant Checker,Which cost centers are over budget YTD?,completed,16.7,"Ops Feb variance was $1,738,719 vs plan",2026-04-10T18:15:39Z
r32-0001088,ymiller@ashlandretailpartners.com,AP Aging Analyst,What drove the change in gross margin this quarter?,error,4.6,ERROR: upstream request timed out,2026-04-10T13:29:54Z
r32-0001089,rsmith@ashlandretailpartners.com,Vendor Spend Analyzer,What drove the change in gross margin this quarter?,completed,43.0,"Accounting Jan variance was $1,987,181 vs plan",2026-04-10T14:04:40Z
r32-0001090,rsmith@ashlandretailpartners.com,Budget vs Actual,Forecast May operating cash flow,completed,47.2,"Treasury May variance was $4,787,323 vs plan",2026-04-10T11:31:42Z
r32-0001091,ymiller@ashlandretailpartners.com,Covenant Checker,Which cost centers are over budget YTD?,completed,63.4,"Ops May variance was $239,770 vs plan",2026-04-11T11:35:46Z
r32-0001092,sclark@ashlandretailpartners.com,Vendor Spend Analyzer,Draft flux commentary for the Feb close,completed,50.5,"Accounting Feb variance was $2,704,322 vs plan",2026-04-11T14:32:28Z
r32-0001093,rsmith@ashlandretailpartners.com,Cash Forecaster,Build the board deck cash slide for May,completed,57.5,"FP&A May variance was $2,203,098 vs plan",2026-04-11T11:47:27Z
r32-0001094,lharris@ashlandretailpartners.com,Headcount Planner,Check covenant compliance for the revolver,completed,35.9,"FP&A Apr variance was $320,890 vs plan",2026-04-11T10:46:15Z
r32-0001095,ymiller@ashlandretailpartners.com,Revenue Recognizer,Why did Treasury spend exceed budget in Jun?,completed,22.3,"Treasury Jun variance was $2,941,807 vs plan",2026-04-11T09:10:40Z
r32-0001096,lharris@ashlandretailpartners.com,Flux Commentary,Explain the headcount variance vs plan,completed,12.6,"Treasury May variance was $2,214,614 vs plan",2026-04-11T12:17:43Z
r32-0001097,sclark@ashlandretailpartners.com,Journal Entry Reviewer,Draft flux commentary for the May close,completed,70.4,"FP&A May variance was $3,617,032 vs plan",2026-04-11T14:47:03Z
r32-0001098,ymiller@ashlandretailpartners.com,Board Deck Builder,Which cost centers are over budget YTD?,completed,9.2,"Ops Mar variance was $4,702,552 vs plan",2026-04-11T14:10:36Z
r32-0001099,rsmith@ashlandretailpartners.com,Budget vs Actual,Draft flux commentary for the Jun close,completed,70.0,"Accounting Jun variance was $3,510,021 vs plan",2026-04-12T11:14:34Z
r32-0001100,lharris@ashlandretailpartners.com,AP Aging Analyst,Which cost centers are over budget YTD?,completed,7.2,"FP&A Feb variance was $1,217,041 vs plan",2026-04-12T12:50:02Z
r32-0001101,rsmith@ashlandretailpartners.com,Cash Forecaster,Check covenant compliance for the revolver,completed,72.5,"Treasury Apr variance was $92,807 vs plan",2026-04-12T15:39:28Z
r32-0001102,lharris@ashlandretailpartners.com,Variance Explainer,Forecast Feb operating cash flow,error,3.5,error code 502 from model gateway,2026-04-12T12:28:45Z
r32-0001103,rsmith@ashlandretailpartners.com,AP Aging Analyst,What drove the change in gross margin this quarter?,error,3.8,error code 502 from model gateway,2026-04-12T13:03:13Z
r32-0001104,ymiller@ashlandretailpartners.com,Journal Entry Reviewer,Reconcile AP aging over 90 days for US-02,completed,38.4,"Treasury Feb variance was $499,407 vs plan",2026-04-12T14:50:43Z
r32-0001105,rsmith@ashlandretailpartners.com,Budget vs Actual,Explain the headcount variance vs plan,completed,38.8,"Treasury Jan variance was $2,880,912 vs plan",2026-04-12T12:17:17Z
r32-0001106,rsmith@ashlandretailpartners.com,Flux Commentary,Forecast Apr operating cash flow,completed,52.5,"Accounting Apr variance was $409,021 vs plan",2026-04-12T09:09:05Z
r32-0001107,ymiller@ashlandretailpartners.com,Variance Explainer,Explain the headcount variance vs plan,completed,66.9,"Accounting Jan variance was $1,496,931 vs plan",2026-04-13T10:34:44Z
r32-0001108,sclark@ashlandretailpartners.com,Headcount Planner,Reconcile AP aging over 90 days for US-01,completed,65.6,"Accounting Mar variance was $4,751,789 vs plan",2026-04-13T11:39:14Z
r32-0001109,ymiller@ashlandretailpartners.com,Journal Entry Reviewer,Forecast Jan operating cash flow,completed,70.6,"Accounting Jan variance was $737,269 vs plan",2026-04-13T18:55:27Z
r32-0001110,rsmith@ashlandretailpartners.com,Revenue Recognizer,Draft flux commentary for the May close,completed,0.8,error: connection reset by peer,2026-04-13T14:04:11Z
r32-0001111,rsmith@ashlandretailpartners.com,Cash Forecaster,What drove the change in gross margin this quarter?,error,3.4,ERROR: upstream request timed out,2026-04-13T14:33:30Z
r32-0001112,ymiller@ashlandretailpartners.com,Revenue Recognizer,Forecast Feb operating cash flow,completed,73.8,"Accounting Feb variance was $942,745 vs plan",2026-04-13T12:52:41Z
r32-0001113,rsmith@ashlandretailpartners.com,AP Aging Analyst,Why did Accounting spend exceed budget in Apr?,error,1.8,error: connection reset by peer,2026-04-13T18:49:19Z
r32-0001114,rsmith@ashlandretailpartners.com,Budget vs Actual,Draft flux commentary for the Feb close,completed,38.5,"Ops Feb variance was $1,219,378 vs plan",2026-04-13T14:14:31Z
r32-0001115,rsmith@ashlandretailpartners.com,AP Aging Analyst,Check covenant compliance for the revolver,error,2.9,Traceback (most recent call last): KeyError 'entity',2026-04-13T17:36:04Z
r32-0001116,rsmith@ashlandretailpartners.com,Revenue Recognizer,Reconcile AP aging over 90 days for MX-05,completed,30.8,"Ops Feb variance was $4,256,212 vs plan",2026-04-13T14:05:46Z
r32-0001117,ymiller@ashlandretailpartners.com,Variance Explainer,Forecast Mar operating cash flow,completed,42.4,"Ops Mar variance was $4,454,166 vs plan",2026-04-13T16:32:53Z
r32-0001118,lharris@ashlandretailpartners.com,Journal Entry Reviewer,Explain the headcount variance vs plan,completed,35.6,"Ops Jan variance was $53,571 vs plan",2026-04-13T14:08:20Z
r32-0001119,rsmith@ashlandretailpartners.com,Journal Entry Reviewer,Explain the headcount variance vs plan,completed,22.9,"Ops Apr variance was $3,066,668 vs plan",2026-04-13T06:32:38Z
r32-0001120,rsmith@ashlandretailpartners.com,Cash Forecaster,Draft flux commentary for the Jun close,completed,15.5,"Treasury Jun variance was $1,415,118 vs plan",2026-04-13T17:03:55Z
r32-0001121,rsmith@ashlandretailpartners.com,Variance Explainer,Build the board deck cash slide for Feb,completed,50.9,"Treasury Feb variance was $1,011,833 vs plan",2026-04-13T12:43:20Z
r32-0001122,ymiller@ashlandretailpartners.com,Vendor Spend Analyzer,Build the board deck cash slide for May,completed,70.4,"Treasury May variance was $268,132 vs plan",2026-04-13T09:37:13Z
r32-0001123,ymiller@ashlandretailpartners.com,Cash Forecaster,What drove the change in gross margin this quarter?,completed,1.5,error: connection reset by peer,2026-04-13T11:02:57Z
r32-0001124,ymiller@ashlandretailpartners.com,Revenue Recognizer,Which cost centers are over budget YTD?,error,5.0,Traceback (most recent call last): KeyError 'entity',2026-04-13T13:10:02Z
r32-0001125,lharris@ashlandretailpartners.com,Close Checklist Bot,What drove the change in gross margin this quarter?,completed,21.9,"Ops Jan variance was $4,323,474 vs plan",2026-04-13T16:18:46Z
r32-0001126,ymiller@ashlandretailpartners.com,Vendor Spend Analyzer,Reconcile AP aging over 90 days for EU-08,completed,56.4,"Ops Apr variance was $4,471,550 vs plan",2026-04-13T12:54:10Z
r32-0001127,rsmith@ashlandretailpartners.com,Headcount Planner,Summarize the Feb variance for entity MX-02,completed,25.1,"Treasury Feb variance was $2,891,722 vs plan",2026-04-13T12:18:33Z
r32-0001128,sclark@ashlandretailpartners.com,AP Aging Analyst,What drove the change in gross margin this quarter?,completed,69.3,"Treasury Mar variance was $3,973,171 vs plan",2026-04-13T17:37:52Z
r32-0001129,rsmith@ashlandretailpartners.com,AP Aging Analyst,Which cost centers are over budget YTD?,completed,53.3,"FP&A May variance was $1,669,688 vs plan",2026-04-13T12:16:06Z
r32-0001130,ymiller@ashlandretailpartners.com,Flux Commentary,Check covenant compliance for the revolver,completed,53.8,"Accounting Feb variance was $520,657 vs plan",2026-04-13T09:05:34Z
r32-0001131,ymiller@ashlandretailpartners.com,Vendor Spend Analyzer,Check covenant compliance for the revolver,completed,47.3,"Ops Jun variance was $481,068 vs plan",2026-04-13T15:33:14Z
r32-0001132,rsmith@ashlandretailpartners.com,Headcount Planner,Forecast Jan operating cash flow,completed,41.2,"Ops Jan variance was $4,625,798 vs plan",2026-04-13T07:53:27Z
r32-0001133,rsmith@ashlandretailpartners.com,Journal Entry Reviewer,Build the board deck cash slide for May,completed,61.0,"Accounting May variance was $2,258,418 vs plan",2026-04-13T09:07:12Z
r32-0001134,sclark@ashlandretailpartners.com,Cash Forecaster,What drove the change in gross margin this quarter?,completed,74.8,"Treasury Mar variance was $872,877 vs plan",2026-04-13T15:15:39Z
r32-0001135,rsmith@ashlandretailpartners.com,Headcount Planner,Reconcile AP aging over 90 days for US-06,completed,46.1,"FP&A May variance was $4,768,952 vs plan",2026-04-13T07:49:37Z
r32-0001136,ymiller@ashlandretailpartners.com,Covenant Checker,Forecast Feb operating cash flow,completed,4.1,"Accounting Feb variance was $2,254,998 vs plan",2026-04-13T07:16:26Z
r32-0001137,rsmith@ashlandretailpartners.com,Budget vs Actual,Reconcile AP aging over 90 days for MX-09,completed,40.9,"Treasury May variance was $811,883 vs plan",2026-04-13T14:40:18Z
r32-0001138,ymiller@ashlandretailpartners.com,Flux Commentary,Build the board deck cash slide for Mar,error,8.0,ERROR: upstream request timed out,2026-04-13T11:36:23Z
r32-0001139,rsmith@ashlandretailpartners.com,Variance Explainer,Explain the headcount variance vs plan,completed,1.0,FAILED: null reference in aggregation step,2026-04-13T15:52:20Z
r32-0001140,lharris@ashlandretailpartners.com,AP Aging Analyst,Draft flux commentary for the Apr close,completed,1.7,FAILED: null reference in aggregation step,2026-04-13T15:35:14Z
r32-0001141,rsmith@ashlandretailpartners.com,Revenue Recognizer,Which cost centers are over budget YTD?,completed,58.1,"Accounting Jan variance was $1,528,180 vs plan",2026-04-13T10:53:33Z
r32-0001142,rsmith@ashlandretailpartners.com,Variance Explainer,Check covenant compliance for the revolver,completed,35.9,"Treasury Jan variance was $468,406 vs plan",2026-04-13T10:44:17Z
r32-0001143,ymiller@ashlandretailpartners.com,Cash Forecaster,Draft flux commentary for the Jun close,completed,58.9,"Treasury Jun variance was $3,571,939 vs plan",2026-04-13T16:23:11Z
r32-0001144,rsmith@ashlandretailpartners.com,Revenue Recognizer,Explain the headcount variance vs plan,completed,49.2,"FP&A May variance was $3,806,297 vs plan",2026-04-13T11:47:08Z
r32-0001145,ymiller@ashlandretailpartners.com,Revenue Recognizer,Build the board deck cash slide for May,completed,4.4,"FP&A May variance was $802,940 vs plan",2026-04-13T06:12:06Z
r32-0001146,ymiller@ashlandretailpartners.com,Headcount Planner,Forecast Mar operating cash flow,completed,32.1,"Treasury Mar variance was $1,153,754 vs plan",2026-04-13T15:13:04Z
r32-0001147,rsmith@ashlandretailpartners.com,Vendor Spend Analyzer,Draft flux commentary for the Jun close,completed,59.5,"FP&A Jun variance was $1,668,265 vs plan",2026-04-13T10:18:03Z
r32-0001148,rsmith@ashlandretailpartners.com,Close Checklist Bot,Draft flux commentary for the Feb close,completed,7.3,"FP&A Feb variance was $945,357 vs plan",2026-04-13T12:21:24Z
r32-0001149,ymiller@ashlandretailpartners.com,Flux Commentary,Reconcile AP aging over 90 days for US-09,completed,40.6,"Ops Feb variance was $4,098,908 vs plan",2026-04-13T16:01:24Z
r32-0001150,rsmith@ashlandretailpartners.com,Cash Forecaster,Forecast May operating cash flow,completed,51.1,"FP&A May variance was $1,513,571 vs plan",2026-04-14T16:08:30Z
r32-0001151,rsmith@ashlandretailpartners.com,AP Aging Analyst,Why did Accounting spend exceed budget in Feb?,completed,10.8,"Accounting Feb variance was $2,779,288 vs plan",2026-04-14T14:20:10Z
r32-0001152,ymiller@ashlandretailpartners.com,Flux Commentary,Build the board deck cash slide for Apr,completed,65.8,"Treasury Apr variance was $2,383,571 vs plan",2026-04-14T13:22:26Z
r32-0001153,lharris@ashlandretailpartners.com,Budget vs Actual,Build the board deck cash slide for Feb,completed,74.2,"Ops Feb variance was $789,920 vs plan",2026-04-14T09:44:38Z
r32-0001154,ymiller@ashlandretailpartners.com,Flux Commentary,Reconcile AP aging over 90 days for US-04,completed,30.3,"FP&A Apr variance was $643,011 vs plan",2026-04-14T12:31:09Z
r32-0001155,lharris@ashlandretailpartners.com,Vendor Spend Analyzer,Why did Ops spend exceed budget in Jun?,completed,19.5,"Ops Jun variance was $2,333,885 vs plan",2026-04-14T15:16:18Z
r32-0001156,ymiller@ashlandretailpartners.com,Covenant Checker,Build the board deck cash slide for Jun,completed,59.6,"Accounting Jun variance was $2,739,106 vs plan",2026-04-14T21:32:09Z
r32-0001157,rsmith@ashlandretailpartners.com,Headcount Planner,What drove the change in gross margin this quarter?,completed,38.6,"FP&A Mar variance was $702,432 vs plan",2026-04-14T15:52:19Z
r32-0001158,rsmith@ashlandretailpartners.com,Cash Forecaster,Summarize the May variance for entity MX-09,completed,18.9,"FP&A May variance was $3,720,068 vs plan",2026-04-14T15:04:49Z
r32-0001159,rsmith@ashlandretailpartners.com,AP Aging Analyst,Draft flux commentary for the Jan close,completed,69.4,"Treasury Jan variance was $3,397,883 vs plan",2026-04-14T15:19:36Z
r32-0001160,rsmith@ashlandretailpartners.com,Close Checklist Bot,Why did Treasury spend exceed budget in Jan?,completed,22.8,"Treasury Jan variance was $1,073,846 vs plan",2026-04-14T12:45:54Z
r32-0001161,ymiller@ashlandretailpartners.com,Close Checklist Bot,Draft flux commentary for the Jun close,completed,67.5,"Treasury Jun variance was $440,015 vs plan",2026-04-14T15:41:14Z
r32-0001162,lharris@ashlandretailpartners.com,Cash Forecaster,Why did Ops spend exceed budget in Feb?,completed,1.6,error: connection reset by peer,2026-04-14T14:25:16Z
r32-0001163,rsmith@ashlandretailpartners.com,Variance Explainer,Why did Ops spend exceed budget in May?,completed,4.2,"Ops May variance was $2,165,339 vs plan",2026-04-14T14:05:05Z
r32-0001164,ymiller@ashlandretailpartners.com,AP Aging Analyst,Draft flux commentary for the Jan close,error,3.4,Traceback (most recent call last): KeyError 'entity',2026-04-14T10:15:27Z
r32-0001165,ymiller@ashlandretailpartners.com,Budget vs Actual,Draft flux commentary for the Feb close,completed,54.5,"FP&A Feb variance was $4,654,313 vs plan",2026-04-14T08:57:40Z
r32-0001166,ymiller@ashlandretailpartners.com,Vendor Spend Analyzer,Why did Ops spend exceed budget in Apr?,completed,0.9,error code 502 from model gateway,2026-04-14T11:53:07Z
r32-0001167,ymiller@ashlandretailpartners.com,Vendor Spend Analyzer,Draft flux commentary for the Apr close,completed,36.9,"Treasury Apr variance was $3,936,121 vs plan",2026-04-14T10:21:02Z
r32-0001168,sclark@ashlandretailpartners.com,Variance Explainer,Why did Ops spend exceed budget in May?,error,2.4,error code 502 from model gateway,2026-04-14T17:03:33Z
r32-0001169,ymiller@ashlandretailpartners.com,Journal Entry Reviewer,Draft flux commentary for the Jun close,completed,36.9,"Ops Jun variance was $2,613,033 vs plan",2026-04-14T09:41:06Z
r32-0001170,rsmith@ashlandretailpartners.com,Close Checklist Bot,Check covenant compliance for the revolver,completed,73.5,"Accounting Feb variance was $2,873,843 vs plan",2026-04-14T14:44:50Z
r32-0001171,ymiller@ashlandretailpartners.com,Close Checklist Bot,Which cost centers are over budget YTD?,completed,29.1,"Treasury Jan variance was $2,786,305 vs plan",2026-04-14T09:33:06Z
r32-0001172,ymiller@ashlandretailpartners.com,Flux Commentary,Draft flux commentary for the Apr close,completed,32.7,"Accounting Apr variance was $3,756,237 vs plan",2026-04-14T13:39:04Z
r32-0001173,ymiller@ashlandretailpartners.com,Journal Entry Reviewer,Why did Ops spend exceed budget in Jan?,completed,10.4,"Ops Jan variance was $3,866,999 vs plan",2026-04-14T10:16:02Z
r32-0001174,ymiller@ashlandretailpartners.com,Cash Forecaster,Build the board deck cash slide for May,completed,37.0,"Treasury May variance was $1,440,446 vs plan",2026-04-14T15:02:55Z
r32-0001175,rsmith@ashlandretailpartners.com,Board Deck Builder,Why did Accounting spend exceed budget in Feb?,completed,18.9,"Accounting Feb variance was $180,819 vs plan",2026-04-14T09:00:51Z
r32-0001176,ymiller@ashlandretailpartners.com,Cash Forecaster,What drove the change in gross margin this quarter?,completed,1.7,error: connection reset by peer,2026-04-14T13:44:54Z
r32-0001177,ymiller@ashlandretailpartners.com,Variance Explainer,Reconcile AP aging over 90 days for US-02,completed,44.9,"Accounting Jan variance was $4,526,578 vs plan",2026-04-14T15:45:55Z
r32-0001178,rsmith@ashlandretailpartners.com,Vendor Spend Analyzer,Build the board deck cash slide for Feb,completed,21.2,"Treasury Feb variance was $550,635 vs plan",2026-04-14T11:01:47Z
r32-0001179,ymiller@ashlandretailpartners.com,Cash Forecaster,Draft flux commentary for the Jan close,completed,43.1,"FP&A Jan variance was $944,402 vs plan",2026-04-14T13:16:44Z
r32-0001180,ymiller@ashlandretailpartners.com,Close Checklist Bot,Why did FP&A spend exceed budget in Jun?,completed,16.1,"FP&A Jun variance was $241,776 vs plan",2026-04-15T07:31:22Z
r32-0001181,rsmith@ashlandretailpartners.com,Budget vs Actual,Reconcile AP aging over 90 days for CA-04,completed,64.3,"Ops Apr variance was $1,519,990 vs plan",2026-04-15T09:41:51Z
r32-0001182,rsmith@ashlandretailpartners.com,Budget vs Actual,Which cost centers are over budget YTD?,completed,62.5,"Ops Feb variance was $2,601,105 vs plan",2026-04-15T12:08:35Z
r32-0001183,ymiller@ashlandretailpartners.com,Board Deck Builder,Reconcile AP aging over 90 days for MX-03,completed,22.1,"FP&A May variance was $2,966,212 vs plan",2026-04-15T12:10:02Z
r32-0001184,ymiller@ashlandretailpartners.com,Flux Commentary,Why did Accounting spend exceed budget in May?,completed,21.2,"Accounting May variance was $942,811 vs plan",2026-04-15T18:01:19Z
r32-0001185,ymiller@ashlandretailpartners.com,Vendor Spend Analyzer,Summarize the May variance for entity US-09,completed,53.8,"Treasury May variance was $3,956,252 vs plan",2026-04-15T19:55:10Z
r32-0001186,lharris@ashlandretailpartners.com,Covenant Checker,Forecast Mar operating cash flow,completed,29.6,"Ops Mar variance was $1,180,261 vs plan",2026-04-15T10:32:17Z
r32-0001187,lharris@ashlandretailpartners.com,Close Checklist Bot,Draft flux commentary for the Mar close,completed,45.9,"FP&A Mar variance was $2,529,305 vs plan",2026-04-15T13:56:20Z
r32-0001188,rsmith@ashlandretailpartners.com,Board Deck Builder,Which cost centers are over budget YTD?,completed,10.9,"Ops Feb variance was $624,844 vs plan",2026-04-15T17:22:45Z
r32-0001189,ymiller@ashlandretailpartners.com,Vendor Spend Analyzer,Draft flux commentary for the May close,completed,46.2,"Treasury May variance was $1,717,843 vs plan",2026-04-15T11:51:36Z
r32-0001190,rsmith@ashlandretailpartners.com,Budget vs Actual,Draft flux commentary for the Mar close,completed,28.9,"FP&A Mar variance was $4,653,232 vs plan",2026-04-15T08:20:21Z
r32-0001191,lharris@ashlandretailpartners.com,Close Checklist Bot,Forecast Jan operating cash flow,completed,9.0,"FP&A Jan variance was $1,131,697 vs plan",2026-04-15T09:23:32Z
r32-0001192,lharris@ashlandretailpartners.com,Covenant Checker,Which cost centers are over budget YTD?,completed,16.6,"Ops Apr variance was $1,177,062 vs plan",2026-04-15T08:33:41Z
r32-0001193,ymiller@ashlandretailpartners.com,Revenue Recognizer,Explain the headcount variance vs plan,completed,37.6,"Ops Apr variance was $863,795 vs plan",2026-04-15T12:31:24Z
r32-0001194,lharris@ashlandretailpartners.com,Flux Commentary,Reconcile AP aging over 90 days for US-07,completed,46.6,"Accounting May variance was $4,521,701 vs plan",2026-04-15T10:30:02Z
r32-0001195,ymiller@ashlandretailpartners.com,Close Checklist Bot,What drove the change in gross margin this quarter?,completed,66.7,"Accounting Jun variance was $452,214 vs plan",2026-04-15T09:58:51Z
r32-0001196,ymiller@ashlandretailpartners.com,Covenant Checker,Which cost centers are over budget YTD?,completed,29.2,"Accounting May variance was $316,013 vs plan",2026-04-15T09:48:37Z
r32-0001197,ymiller@ashlandretailpartners.com,Variance Explainer,Build the board deck cash slide for May,completed,38.7,"Accounting May variance was $3,967,478 vs plan",2026-04-15T14:05:05Z
r32-0001198,rsmith@ashlandretailpartners.com,Journal Entry Reviewer,Forecast Feb operating cash flow,completed,45.5,"FP&A Feb variance was $1,998,280 vs plan",2026-04-15T08:33:59Z
r32-0001199,ymiller@ashlandretailpartners.com,Board Deck Builder,Summarize the Apr variance for entity CA-01,completed,54.8,"Ops Apr variance was $4,341,624 vs plan",2026-04-15T11:36:35Z
r32-0001200,rsmith@ashlandretailpartners.com,Board Deck Builder,Reconcile AP aging over 90 days for MX-02,completed,72.1,"Ops May variance was $1,342,743 vs plan",2026-04-15T07:16:43Z
r32-0001201,ymiller@ashlandretailpartners.com,Board Deck Builder,Which cost centers are over budget YTD?,completed,38.6,"Treasury Jan variance was $120,902 vs plan",2026-04-15T13:39:13Z
r32-0001202,rsmith@ashlandretailpartners.com,Vendor Spend Analyzer,Why did Ops spend exceed budget in Jan?,completed,47.7,"Ops Jan variance was $3,067,223 vs plan",2026-04-15T10:46:15Z
r32-0001203,ymiller@ashlandretailpartners.com,Close Checklist Bot,Summarize the Mar variance for entity CA-02,completed,1.2,error: connection reset by peer,2026-04-15T12:30:17Z
r32-0001204,ymiller@ashlandretailpartners.com,Variance Explainer,Which cost centers are over budget YTD?,completed,31.1,"Accounting Feb variance was $1,516,452 vs plan",2026-04-15T13:47:53Z
r32-0001205,rsmith@ashlandretailpartners.com,Budget vs Actual,Forecast Jan operating cash flow,completed,62.2,"Treasury Jan variance was $786,446 vs plan",2026-04-15T13:19:53Z
r32-0001206,ymiller@ashlandretailpartners.com,Close Checklist Bot,Build the board deck cash slide for Jan,completed,59.8,"Accounting Jan variance was $1,694,625 vs plan",2026-04-16T13:57:21Z
r32-0001207,rsmith@ashlandretailpartners.com,AP Aging Analyst,Summarize the Jun variance for entity EU-07,completed,42.4,"Treasury Jun variance was $1,073,140 vs plan",2026-04-16T16:55:21Z
r32-0001208,rsmith@ashlandretailpartners.com,AP Aging Analyst,Reconcile AP aging over 90 days for MX-01,completed,18.8,"Accounting Jun variance was $113,545 vs plan",2026-04-16T12:56:46Z
r32-0001209,rsmith@ashlandretailpartners.com,Cash Forecaster,Reconcile AP aging over 90 days for CA-02,completed,1.6,error: connection reset by peer,2026-04-16T09:47:17Z
r32-0001210,ymiller@ashlandretailpartners.com,Board Deck Builder,What drove the change in gross margin this quarter?,completed,67.6,"Ops Mar variance was $2,692,354 vs plan",2026-04-16T12:01:10Z
r32-0001211,ymiller@ashlandretailpartners.com,Revenue Recognizer,What drove the change in gross margin this quarter?,completed,15.4,"FP&A Apr variance was $3,408,898 vs plan",2026-04-16T12:55:25Z
r32-0001212,ymiller@ashlandretailpartners.com,Revenue Recognizer,Explain the headcount variance vs plan,completed,3.1,"Treasury Jun variance was $1,795,566 vs plan",2026-04-16T12:34:09Z
r32-0001213,ymiller@ashlandretailpartners.com,Journal Entry Reviewer,Summarize the Jan variance for entity EU-06,completed,17.0,"Accounting Jan variance was $3,186,099 vs plan",2026-04-16T14:09:39Z
r32-0001214,rsmith@ashlandretailpartners.com,Flux Commentary,Which cost centers are over budget YTD?,completed,58.9,"Treasury Feb variance was $3,853,403 vs plan",2026-04-16T10:33:52Z
r32-0001215,sclark@ashlandretailpartners.com,Variance Explainer,Build the board deck cash slide for Feb,completed,25.4,"FP&A Feb variance was $2,763,429 vs plan",2026-04-16T14:46:10Z
r32-0001216,rsmith@ashlandretailpartners.com,Cash Forecaster,Build the board deck cash slide for May,completed,62.0,"Accounting May variance was $2,062,221 vs plan",2026-04-16T16:01:53Z
r32-0001217,rsmith@ashlandretailpartners.com,Journal Entry Reviewer,What drove the change in gross margin this quarter?,completed,34.7,"Accounting Jun variance was $641,923 vs plan",2026-04-16T11:59:13Z
r32-0001218,rsmith@ashlandretailpartners.com,Variance Explainer,What drove the change in gross margin this quarter?,completed,29.1,"Ops Jun variance was $2,245,418 vs plan",2026-04-16T07:40:38Z
r32-0001219,ymiller@ashlandretailpartners.com,Close Checklist Bot,Explain the headcount variance vs plan,completed,13.2,"Ops May variance was $904,936 vs plan",2026-04-16T07:08:53Z
r32-0001220,ymiller@ashlandretailpartners.com,Cash Forecaster,What drove the change in gross margin this quarter?,completed,25.6,"Ops Jan variance was $308,965 vs plan",2026-04-16T14:44:18Z
r32-0001221,ymiller@ashlandretailpartners.com,Budget vs Actual,Which cost centers are over budget YTD?,completed,68.3,"Accounting Jan variance was $3,233,266 vs plan",2026-04-16T15:40:50Z
r32-0001222,ymiller@ashlandretailpartners.com,Board Deck Builder,Explain the headcount variance vs plan,completed,72.0,"Treasury Jan variance was $4,535,990 vs plan",2026-04-16T10:13:05Z
r32-0001223,rsmith@ashlandretailpartners.com,Cash Forecaster,Reconcile AP aging over 90 days for CA-09,completed,47.8,"Treasury Jun variance was $4,145,523 vs plan",2026-04-16T10:03:06Z
r32-0001224,rsmith@ashlandretailpartners.com,Vendor Spend Analyzer,Which cost centers are over budget YTD?,completed,29.2,"Treasury Mar variance was $867,878 vs plan",2026-04-16T10:19:42Z
r32-0001225,rsmith@ashlandretailpartners.com,Variance Explainer,Why did Accounting spend exceed budget in Mar?,completed,49.9,"Accounting Mar variance was $1,117,853 vs plan",2026-04-16T08:51:30Z
r32-0001226,ymiller@ashlandretailpartners.com,Revenue Recognizer,Reconcile AP aging over 90 days for EU-02,completed,33.7,"Accounting May variance was $3,876,903 vs plan",2026-04-16T15:04:25Z
r32-0001227,rsmith@ashlandretailpartners.com,Vendor Spend Analyzer,Forecast Mar operating cash flow,completed,53.7,"Accounting Mar variance was $1,466,131 vs plan",2026-04-16T12:41:38Z
r32-0001228,rsmith@ashlandretailpartners.com,Vendor Spend Analyzer,Draft flux commentary for the May close,completed,15.8,"Treasury May variance was $1,473,036 vs plan",2026-04-16T14:08:30Z
r32-0001229,ymiller@ashlandretailpartners.com,Cash Forecaster,Draft flux commentary for the Mar close,completed,16.3,"Accounting Mar variance was $1,654,652 vs plan",2026-04-16T14:14:40Z
r32-0001230,ymiller@ashlandretailpartners.com,Flux Commentary,Draft flux commentary for the Jan close,completed,9.2,"Accounting Jan variance was $4,274,236 vs plan",2026-04-17T09:58:44Z
r32-0001231,ymiller@ashlandretailpartners.com,Close Checklist Bot,Why did Ops spend exceed budget in Feb?,completed,41.4,"Ops Feb variance was $617,179 vs plan",2026-04-17T20:35:16Z
r32-0001232,ymiller@ashlandretailpartners.com,Close Checklist Bot,Explain the headcount variance vs plan,completed,46.1,"FP&A May variance was $4,164,817 vs plan",2026-04-17T08:13:48Z
r32-0001233,rsmith@ashlandretailpartners.com,Headcount Planner,Why did FP&A spend exceed budget in Jan?,completed,12.6,"FP&A Jan variance was $3,911,843 vs plan",2026-04-17T13:30:24Z
r32-0001234,lharris@ashlandretailpartners.com,Flux Commentary,Reconcile AP aging over 90 days for EU-01,completed,72.9,"Ops Mar variance was $3,198,397 vs plan",2026-04-17T14:29:58Z
r32-0001235,lharris@ashlandretailpartners.com,Flux Commentary,What drove the change in gross margin this quarter?,completed,67.8,"Treasury Apr variance was $3,621,730 vs plan",2026-04-17T10:43:34Z
r32-0001236,sclark@ashlandretailpartners.com,Journal Entry Reviewer,Explain the headcount variance vs plan,completed,36.3,"Ops Mar variance was $2,278,390 vs plan",2026-04-17T12:45:51Z
r32-0001237,rsmith@ashlandretailpartners.com,Revenue Recognizer,Summarize the Feb variance for entity US-05,completed,40.7,"Treasury Feb variance was $2,408,393 vs plan",2026-04-17T11:28:29Z
r32-0001238,ymiller@ashlandretailpartners.com,Cash Forecaster,Draft flux commentary for the Jan close,completed,65.2,"Accounting Jan variance was $1,507,197 vs plan",2026-04-17T08:33:22Z
r32-0001239,rsmith@ashlandretailpartners.com,Headcount Planner,Build the board deck cash slide for Apr,completed,4.0,"Ops Apr variance was $4,384,990 vs plan",2026-04-17T10:16:30Z
r32-0001240,ymiller@ashlandretailpartners.com,Covenant Checker,Why did Treasury spend exceed budget in Jan?,completed,47.6,"Treasury Jan variance was $55,399 vs plan",2026-04-17T12:05:26Z
r32-0001241,lharris@ashlandretailpartners.com,Cash Forecaster,Check covenant compliance for the revolver,completed,42.0,"Accounting Mar variance was $3,426,132 vs plan",2026-04-17T14:27:21Z
r32-0001242,ymiller@ashlandretailpartners.com,Board Deck Builder,Which cost centers are over budget YTD?,completed,39.4,"Treasury Mar variance was $2,654,069 vs plan",2026-04-17T06:02:29Z
r32-0001243,rsmith@ashlandretailpartners.com,Revenue Recognizer,Draft flux commentary for the Jan close,completed,71.7,"Ops Jan variance was $927,500 vs plan",2026-04-17T12:30:32Z
r32-0001244,rsmith@ashlandretailpartners.com,Cash Forecaster,Check covenant compliance for the revolver,completed,46.6,"FP&A Feb variance was $2,130,557 vs plan",2026-04-17T13:20:07Z
r32-0001245,lharris@ashlandretailpartners.com,Covenant Checker,Summarize the Jan variance for entity CA-04,error,1.7,FAILED: null reference in aggregation step,2026-04-17T09:16:10Z
r32-0001246,ymiller@ashlandretailpartners.com,Headcount Planner,Why did Ops spend exceed budget in May?,completed,8.7,"Ops May variance was $4,271,145 vs plan",2026-04-17T18:36:48Z
r32-0001247,rsmith@ashlandretailpartners.com,Covenant Checker,Check covenant compliance for the revolver,completed,39.4,"Ops Feb variance was $310,414 vs plan",2026-04-17T11:15:47Z
r32-0001248,ymiller@ashlandretailpartners.com,Headcount Planner,Draft flux commentary for the Apr close,completed,56.4,"Accounting Apr variance was $4,753,248 vs plan",2026-04-17T13:19:30Z
r32-0001249,rsmith@ashlandretailpartners.com,Covenant Checker,Why did Treasury spend exceed budget in Mar?,completed,1.6,error: connection reset by peer,2026-04-17T10:22:07Z
r32-0001250,ymiller@ashlandretailpartners.com,Board Deck Builder,Which cost centers are over budget YTD?,completed,53.9,"Ops Mar variance was $1,975,491 vs plan",2026-04-17T13:24:05Z
r32-0001251,ymiller@ashlandretailpartners.com,Vendor Spend Analyzer,Summarize the Mar variance for entity EU-01,completed,56.6,"FP&A Mar variance was $1,391,399 vs plan",2026-04-17T17:59:25Z
r32-0001252,lharris@ashlandretailpartners.com,Cash Forecaster,Summarize the Apr variance for entity CA-07,completed,6.2,"Accounting Apr variance was $4,472,125 vs plan",2026-04-17T13:06:37Z
r32-0001253,ymiller@ashlandretailpartners.com,Covenant Checker,Summarize the Feb variance for entity MX-05,completed,13.2,"FP&A Feb variance was $4,243,892 vs plan",2026-04-17T12:08:11Z
r32-0001254,ymiller@ashlandretailpartners.com,Revenue Recognizer,Forecast Mar operating cash flow,completed,46.0,"Ops Mar variance was $4,202,040 vs plan",2026-04-17T17:10:36Z
r32-0001255,ymiller@ashlandretailpartners.com,Budget vs Actual,Why did Accounting spend exceed budget in May?,completed,7.3,"Accounting May variance was $1,631,771 vs plan",2026-04-17T08:50:27Z
r32-0001256,ymiller@ashlandretailpartners.com,AP Aging Analyst,Draft flux commentary for the Apr close,error,2.4,error code 502 from model gateway,2026-04-17T14:52:38Z
r32-0001257,rsmith@ashlandretailpartners.com,Vendor Spend Analyzer,Check covenant compliance for the revolver,completed,55.0,"Accounting Feb variance was $468,950 vs plan",2026-04-17T11:41:25Z
r32-0001258,ymiller@ashlandretailpartners.com,Cash Forecaster,Summarize the Jun variance for entity MX-04,completed,11.6,"Accounting Jun variance was $4,703,011 vs plan",2026-04-17T13:32:24Z
r32-0001259,lharris@ashlandretailpartners.com,Budget vs Actual,Why did Ops spend exceed budget in Apr?,error,7.0,ERROR: upstream request timed out,2026-04-17T13:21:24Z
r32-0001260,lharris@ashlandretailpartners.com,Journal Entry Reviewer,Reconcile AP aging over 90 days for EU-09,completed,24.4,"Treasury Apr variance was $1,088,101 vs plan",2026-04-17T11:04:28Z
r32-0001261,ymiller@ashlandretailpartners.com,Cash Forecaster,What drove the change in gross margin this quarter?,completed,31.8,"Ops Mar variance was $1,383,698 vs plan",2026-04-17T12:30:23Z
r32-0001262,sclark@ashlandretailpartners.com,Budget vs Actual,Build the board deck cash slide for Jan,completed,45.4,"FP&A Jan variance was $4,375,214 vs plan",2026-04-17T09:20:17Z
r32-0001263,ymiller@ashlandretailpartners.com,Headcount Planner,Explain the headcount variance vs plan,completed,65.4,"Treasury Apr variance was $2,468,133 vs plan",2026-04-17T12:16:50Z
r32-0001264,ymiller@ashlandretailpartners.com,Cash Forecaster,Draft flux commentary for the Jan close,completed,43.2,"Treasury Jan variance was $1,027,381 vs plan",2026-04-18T17:53:16Z
r32-0001265,rsmith@ashlandretailpartners.com,Journal Entry Reviewer,Why did FP&A spend exceed budget in Apr?,completed,1.2,error code 502 from model gateway,2026-04-18T13:10:21Z
r32-0001266,rsmith@ashlandretailpartners.com,Vendor Spend Analyzer,Why did Accounting spend exceed budget in Mar?,completed,1.5,error: connection reset by peer,2026-04-18T15:42:38Z
r32-0001267,ymiller@ashlandretailpartners.com,Headcount Planner,Explain the headcount variance vs plan,completed,72.0,"Accounting Jun variance was $3,451,494 vs plan",2026-04-18T19:15:41Z
r32-0001268,lharris@ashlandretailpartners.com,AP Aging Analyst,Check covenant compliance for the revolver,completed,16.9,"Ops May variance was $822,938 vs plan",2026-04-18T14:28:19Z
r32-0001269,lharris@ashlandretailpartners.com,Flux Commentary,Build the board deck cash slide for Jun,completed,60.1,"Treasury Jun variance was $3,359,788 vs plan",2026-04-18T15:39:17Z
r32-0001270,lharris@ashlandretailpartners.com,Board Deck Builder,What drove the change in gross margin this quarter?,completed,1.4,Traceback (most recent call last): KeyError 'entity',2026-04-18T14:46:38Z
r32-0001271,ymiller@ashlandretailpartners.com,Flux Commentary,What drove the change in gross margin this quarter?,completed,26.6,"Treasury Feb variance was $1,406,025 vs plan",2026-04-18T20:00:34Z
r32-0001272,sclark@ashlandretailpartners.com,Journal Entry Reviewer,Forecast Mar operating cash flow,completed,31.5,"FP&A Mar variance was $2,353,007 vs plan",2026-04-18T10:26:32Z
r32-0001273,ymiller@ashlandretailpartners.com,Budget vs Actual,What drove the change in gross margin this quarter?,completed,56.8,"Ops Mar variance was $445,005 vs plan",2026-04-18T09:25:16Z
r32-0001274,lharris@ashlandretailpartners.com,Close Checklist Bot,Which cost centers are over budget YTD?,completed,57.2,"FP&A Mar variance was $3,332,857 vs plan",2026-04-19T12:40:33Z
r32-0001275,rsmith@ashlandretailpartners.com,Budget vs Actual,Build the board deck cash slide for Jun,completed,41.7,"Ops Jun variance was $3,977,016 vs plan",2026-04-19T12:49:29Z
r32-0001276,ymiller@ashlandretailpartners.com,Covenant Checker,Explain the headcount variance vs plan,completed,53.4,"Treasury Jan variance was $2,834,424 vs plan",2026-04-19T09:07:45Z
r32-0001277,rsmith@ashlandretailpartners.com,Headcount Planner,Reconcile AP aging over 90 days for US-01,completed,55.2,"Treasury Apr variance was $4,250,009 vs plan",2026-04-19T11:05:46Z
r32-0001278,lharris@ashlandretailpartners.com,Cash Forecaster,What drove the change in gross margin this quarter?,completed,67.0,"Treasury Jan variance was $4,256,700 vs plan",2026-04-19T13:39:18Z
r32-0001279,lharris@ashlandretailpartners.com,Revenue Recognizer,Reconcile AP aging over 90 days for CA-02,completed,30.7,"Ops Feb variance was $103,553 vs plan",2026-04-19T15:11:20Z
r32-0001280,ymiller@ashlandretailpartners.com,Budget vs Actual,Forecast Mar operating cash flow,completed,34.0,"Accounting Mar variance was $3,064,534 vs plan",2026-04-19T13:07:17Z
r32-0001281,ymiller@ashlandretailpartners.com,AP Aging Analyst,Reconcile AP aging over 90 days for US-07,completed,1.3,error code 502 from model gateway,2026-04-19T10:24:32Z
r32-0001282,rsmith@ashlandretailpartners.com,Variance Explainer,Check covenant compliance for the revolver,completed,3.2,"Accounting Jun variance was $1,966,979 vs plan",2026-04-19T16:23:50Z
r32-0001283,rsmith@ashlandretailpartners.com,Close Checklist Bot,Summarize the Apr variance for entity CA-05,completed,50.3,"Ops Apr variance was $2,966,698 vs plan",2026-04-19T11:06:56Z
r32-0001284,ymiller@ashlandretailpartners.com,Vendor Spend Analyzer,Build the board deck cash slide for May,completed,1.8,FAILED: null reference in aggregation step,2026-04-19T15:47:32Z
r32-0001285,lharris@ashlandretailpartners.com,Cash Forecaster,Build the board deck cash slide for Jan,completed,3.2,"Accounting Jan variance was $3,149,615 vs plan",2026-04-19T07:04:00Z
r32-0001286,ymiller@ashlandretailpartners.com,Covenant Checker,Why did Ops spend exceed budget in Feb?,completed,29.9,"Ops Feb variance was $2,141,478 vs plan",2026-04-20T12:07:11Z
r32-0001287,ymiller@ashlandretailpartners.com,Flux Commentary,Summarize the Feb variance for entity EU-08,error,2.3,error code 502 from model gateway,2026-04-20T13:03:16Z
r32-0001288,ymiller@ashlandretailpartners.com,Flux Commentary,Which cost centers are over budget YTD?,completed,43.1,"Accounting May variance was $2,686,281 vs plan",2026-04-20T15:38:02Z
r32-0001289,rsmith@ashlandretailpartners.com,Journal Entry Reviewer,Reconcile AP aging over 90 days for MX-09,completed,1.2,FAILED: null reference in aggregation step,2026-04-20T16:25:05Z
r32-0001290,rsmith@ashlandretailpartners.com,Vendor Spend Analyzer,Reconcile AP aging over 90 days for MX-08,completed,19.6,"Treasury Jan variance was $1,124,017 vs plan",2026-04-20T20:35:06Z
r32-0001291,rsmith@ashlandretailpartners.com,AP Aging Analyst,Reconcile AP aging over 90 days for MX-07,completed,49.2,"FP&A Jun variance was $1,776,733 vs plan",2026-04-20T14:19:52Z
r32-0001292,rsmith@ashlandretailpartners.com,Board Deck Builder,What drove the change in gross margin this quarter?,completed,30.8,"Treasury Jun variance was $3,473,599 vs plan",2026-04-20T10:29:23Z
r32-0001293,rsmith@ashlandretailpartners.com,Variance Explainer,Build the board deck cash slide for Jan,completed,41.4,"Ops Jan variance was $2,055,994 vs plan",2026-04-20T12:20:03Z
r32-0001294,rsmith@ashlandretailpartners.com,Variance Explainer,Which cost centers are over budget YTD?,completed,8.4,"Ops Feb variance was $3,031,592 vs plan",2026-04-20T12:29:26Z
r32-0001295,lharris@ashlandretailpartners.com,Revenue Recognizer,Build the board deck cash slide for May,completed,13.8,"Treasury May variance was $3,514,661 vs plan",2026-04-20T10:16:25Z
r32-0001296,ymiller@ashlandretailpartners.com,Covenant Checker,Check covenant compliance for the revolver,completed,51.7,"Ops Jan variance was $4,421,354 vs plan",2026-04-20T14:46:50Z
r32-0001297,ymiller@ashlandretailpartners.com,Journal Entry Reviewer,Forecast Jun operating cash flow,completed,50.8,"Treasury Jun variance was $2,045,201 vs plan",2026-04-20T11:50:50Z
r32-0001298,rsmith@ashlandretailpartners.com,Journal Entry Reviewer,Build the board deck cash slide for May,completed,73.2,"Accounting May variance was $4,358,966 vs plan",2026-04-20T09:47:29Z
r32-0001299,rsmith@ashlandretailpartners.com,Covenant Checker,Forecast Mar operating cash flow,completed,51.6,"FP&A Mar variance was $1,915,996 vs plan",2026-04-20T15:08:46Z
r32-0001300,ymiller@ashlandretailpartners.com,Cash Forecaster,Reconcile AP aging over 90 days for MX-09,completed,51.0,"Accounting Feb variance was $727,040 vs plan",2026-04-20T14:29:52Z
r32-0001301,rsmith@ashlandretailpartners.com,Revenue Recognizer,Summarize the May variance for entity US-08,completed,3.1,"FP&A May variance was $471,267 vs plan",2026-04-20T16:21:24Z
r32-0001302,ymiller@ashlandretailpartners.com,Board Deck Builder,Summarize the Jan variance for entity CA-05,completed,31.5,"Treasury Jan variance was $4,092,699 vs plan",2026-04-20T12:28:42Z
r32-0001303,lharris@ashlandretailpartners.com,Board Deck Builder,Why did Ops spend exceed budget in Mar?,completed,61.2,"Ops Mar variance was $3,786,607 vs plan",2026-04-20T12:01:16Z
r32-0001304,ymiller@ashlandretailpartners.com,Cash Forecaster,Which cost centers are over budget YTD?,completed,24.2,"Treasury Apr variance was $3,170,293 vs plan",2026-04-20T11:21:41Z
r32-0001305,ymiller@ashlandretailpartners.com,Board Deck Builder,Which cost centers are over budget YTD?,completed,58.2,"Ops Apr variance was $4,265,089 vs plan",2026-04-20T12:41:44Z
r32-0001306,rsmith@ashlandretailpartners.com,Headcount Planner,Forecast Jun operating cash flow,completed,50.0,"Ops Jun variance was $2,872,652 vs plan",2026-04-20T08:47:23Z
r32-0001307,lharris@ashlandretailpartners.com,Close Checklist Bot,Why did Accounting spend exceed budget in Jun?,completed,65.6,"Accounting Jun variance was $127,851 vs plan",2026-04-21T08:28:26Z
r32-0001308,ymiller@ashlandretailpartners.com,Journal Entry Reviewer,Draft flux commentary for the Jan close,completed,65.1,"Treasury Jan variance was $4,617,465 vs plan",2026-04-21T07:14:46Z
r32-0001309,sclark@ashlandretailpartners.com,AP Aging Analyst,Forecast May operating cash flow,completed,55.9,"Accounting May variance was $3,263,484 vs plan",2026-04-21T11:05:34Z
r32-0001310,rsmith@ashlandretailpartners.com,AP Aging Analyst,Why did FP&A spend exceed budget in Apr?,completed,8.5,"FP&A Apr variance was $137,841 vs plan",2026-04-21T12:43:21Z
r32-0001311,lharris@ashlandretailpartners.com,Cash Forecaster,What drove the change in gross margin this quarter?,completed,30.3,"Ops Jun variance was $1,545,214 vs plan",2026-04-21T18:05:51Z
r32-0001312,rsmith@ashlandretailpartners.com,Revenue Recognizer,What drove the change in gross margin this quarter?,completed,50.9,"FP&A Mar variance was $469,112 vs plan",2026-04-21T11:11:13Z
r32-0001313,ymiller@ashlandretailpartners.com,Close Checklist Bot,Summarize the Feb variance for entity CA-04,completed,29.8,"Accounting Feb variance was $1,204,533 vs plan",2026-04-21T15:32:49Z
r32-0001314,rsmith@ashlandretailpartners.com,Vendor Spend Analyzer,Build the board deck cash slide for May,completed,64.6,"FP&A May variance was $2,006,277 vs plan",2026-04-21T10:16:24Z
r32-0001315,sclark@ashlandretailpartners.com,Board Deck Builder,What drove the change in gross margin this quarter?,completed,8.1,"Treasury Feb variance was $2,840,737 vs plan",2026-04-21T09:59:30Z
r32-0001316,lharris@ashlandretailpartners.com,Cash Forecaster,Explain the headcount variance vs plan,completed,62.1,"Treasury Mar variance was $2,000,249 vs plan",2026-04-21T16:13:27Z
r32-0001317,sclark@ashlandretailpartners.com,Vendor Spend Analyzer,Build the board deck cash slide for Mar,completed,18.9,"FP&A Mar variance was $4,435,033 vs plan",2026-04-21T07:48:18Z
r32-0001318,rsmith@ashlandretailpartners.com,Flux Commentary,Summarize the Apr variance for entity MX-09,completed,19.3,"Treasury Apr variance was $1,736,239 vs plan",2026-04-21T14:28:58Z
r32-0001319,ymiller@ashlandretailpartners.com,Vendor Spend Analyzer,Summarize the Jan variance for entity CA-03,completed,74.0,"Treasury Jan variance was $53,717 vs plan",2026-04-21T09:50:39Z
r32-0001320,rsmith@ashlandretailpartners.com,Vendor Spend Analyzer,Build the board deck cash slide for Apr,completed,71.1,"Accounting Apr variance was $4,123,334 vs plan",2026-04-21T07:01:16Z
r32-0001321,rsmith@ashlandretailpartners.com,Revenue Recognizer,Check covenant compliance for the revolver,completed,71.7,"Treasury Jan variance was $3,709,212 vs plan",2026-04-21T13:34:25Z
r32-0001322,ymiller@ashlandretailpartners.com,Cash Forecaster,Which cost centers are over budget YTD?,completed,40.1,"Accounting Feb variance was $4,077,392 vs plan",2026-04-21T12:22:24Z
r32-0001323,ymiller@ashlandretailpartners.com,Variance Explainer,Explain the headcount variance vs plan,completed,14.1,"FP&A Apr variance was $3,660,956 vs plan",2026-04-21T14:05:56Z
r32-0001324,rsmith@ashlandretailpartners.com,Journal Entry Reviewer,Check covenant compliance for the revolver,completed,15.8,"Ops Jan variance was $889,972 vs plan",2026-04-21T11:47:04Z
r32-0001325,rsmith@ashlandretailpartners.com,Cash Forecaster,Check covenant compliance for the revolver,completed,59.2,"Accounting Jun variance was $3,759,256 vs plan",2026-04-21T15:42:13Z
r32-0001326,ymiller@ashlandretailpartners.com,Revenue Recognizer,Summarize the Jun variance for entity MX-02,completed,43.5,"Treasury Jun variance was $433,595 vs plan",2026-04-21T16:48:46Z
r32-0001327,ymiller@ashlandretailpartners.com,Budget vs Actual,Check covenant compliance for the revolver,completed,60.9,"FP&A Apr variance was $1,537,804 vs plan",2026-04-21T13:09:20Z
r32-0001328,ymiller@ashlandretailpartners.com,Board Deck Builder,Build the board deck cash slide for Apr,completed,62.4,"Ops Apr variance was $1,478,093 vs plan",2026-04-21T12:40:09Z
r32-0001329,ymiller@ashlandretailpartners.com,Cash Forecaster,Build the board deck cash slide for Mar,completed,31.9,"Treasury Mar variance was $1,486,148 vs plan",2026-04-21T15:31:37Z
r32-0001330,rsmith@ashlandretailpartners.com,Board Deck Builder,Reconcile AP aging over 90 days for EU-06,completed,9.8,"FP&A Apr variance was $2,681,440 vs plan",2026-04-21T18:50:36Z
r32-0001331,ymiller@ashlandretailpartners.com,Variance Explainer,Which cost centers are over budget YTD?,completed,65.6,"Accounting Mar variance was $313,472 vs plan",2026-04-21T15:08:05Z
r32-0001332,ymiller@ashlandretailpartners.com,Flux Commentary,Forecast Mar operating cash flow,completed,47.3,"Treasury Mar variance was $1,304,272 vs plan",2026-04-21T11:21:57Z
r32-0001333,rsmith@ashlandretailpartners.com,Headcount Planner,Explain the headcount variance vs plan,completed,31.9,"Ops Apr variance was $4,047,017 vs plan",2026-04-21T10:56:46Z
r32-0001334,sclark@ashlandretailpartners.com,Variance Explainer,What drove the change in gross margin this quarter?,error,1.7,error code 502 from model gateway,2026-04-21T14:23:32Z
r32-0001335,ymiller@ashlandretailpartners.com,Budget vs Actual,Build the board deck cash slide for Jun,completed,4.0,"FP&A Jun variance was $2,332,916 vs plan",2026-04-21T18:17:15Z
r32-0001336,ymiller@ashlandretailpartners.com,AP Aging Analyst,Forecast Jan operating cash flow,completed,67.5,"FP&A Jan variance was $1,655,585 vs plan",2026-04-21T12:13:27Z
r32-0001337,rsmith@ashlandretailpartners.com,AP Aging Analyst,Forecast Feb operating cash flow,completed,26.8,"Ops Feb variance was $477,005 vs plan",2026-04-21T13:58:26Z
r32-0001338,sclark@ashlandretailpartners.com,Headcount Planner,Which cost centers are over budget YTD?,completed,25.3,"Ops Jun variance was $2,724,237 vs plan",2026-04-21T15:07:26Z
r32-0001339,ymiller@ashlandretailpartners.com,Variance Explainer,Check covenant compliance for the revolver,completed,66.7,"Ops Mar variance was $3,966,641 vs plan",2026-04-21T13:25:15Z
r32-0001340,ymiller@ashlandretailpartners.com,Headcount Planner,Explain the headcount variance vs plan,completed,49.6,"Ops May variance was $132,412 vs plan",2026-04-21T11:15:49Z
r32-0001341,rsmith@ashlandretailpartners.com,Vendor Spend Analyzer,What drove the change in gross margin this quarter?,completed,56.7,"FP&A May variance was $3,435,137 vs plan",2026-04-21T12:17:02Z
r32-0001342,rsmith@ashlandretailpartners.com,AP Aging Analyst,Explain the headcount variance vs plan,completed,51.1,"Ops Jan variance was $1,375,299 vs plan",2026-04-21T16:00:26Z
r32-0001343,rsmith@ashlandretailpartners.com,Headcount Planner,Which cost centers are over budget YTD?,completed,72.1,"Treasury Apr variance was $4,290,334 vs plan",2026-04-21T16:00:07Z
r32-0001344,sclark@ashlandretailpartners.com,Covenant Checker,Explain the headcount variance vs plan,completed,46.6,"FP&A Jan variance was $2,807,513 vs plan",2026-04-21T11:56:44Z
r32-0001345,ymiller@ashlandretailpartners.com,Variance Explainer,Summarize the Feb variance for entity MX-04,completed,60.4,"Accounting Feb variance was $1,999,810 vs plan",2026-04-21T16:11:47Z
r32-0001346,ymiller@ashlandretailpartners.com,Board Deck Builder,Which cost centers are over budget YTD?,completed,55.3,"Treasury Apr variance was $1,266,770 vs plan",2026-04-22T15:12:38Z
r32-0001347,rsmith@ashlandretailpartners.com,Board Deck Builder,Why did FP&A spend exceed budget in Mar?,completed,5.5,"FP&A Mar variance was $3,453,356 vs plan",2026-04-22T08:26:48Z
r32-0001348,lharris@ashlandretailpartners.com,Budget vs Actual,Explain the headcount variance vs plan,completed,51.8,"Accounting May variance was $1,861,872 vs plan",2026-04-22T10:11:13Z
r32-0001349,ymiller@ashlandretailpartners.com,AP Aging Analyst,What drove the change in gross margin this quarter?,completed,5.2,"Ops May variance was $3,930,992 vs plan",2026-04-22T15:26:27Z
r32-0001350,ymiller@ashlandretailpartners.com,Flux Commentary,Build the board deck cash slide for Mar,completed,10.1,"Ops Mar variance was $2,862,991 vs plan",2026-04-22T12:02:53Z
r32-0001351,sclark@ashlandretailpartners.com,Covenant Checker,Reconcile AP aging over 90 days for CA-05,completed,42.1,"Accounting Apr variance was $4,093,454 vs plan",2026-04-22T16:30:20Z
r32-0001352,sclark@ashlandretailpartners.com,AP Aging Analyst,Summarize the Feb variance for entity MX-03,completed,74.8,"Ops Feb variance was $4,563,507 vs plan",2026-04-22T14:06:30Z
r32-0001353,ymiller@ashlandretailpartners.com,Vendor Spend Analyzer,Why did FP&A spend exceed budget in Jun?,completed,36.4,"FP&A Jun variance was $4,227,303 vs plan",2026-04-22T07:58:20Z
r32-0001354,ymiller@ashlandretailpartners.com,Board Deck Builder,Why did Treasury spend exceed budget in Jun?,completed,70.4,"Treasury Jun variance was $3,723,066 vs plan",2026-04-22T13:56:23Z
r32-0001355,ymiller@ashlandretailpartners.com,Covenant Checker,Forecast Jun operating cash flow,completed,52.5,"Accounting Jun variance was $871,915 vs plan",2026-04-22T07:22:48Z
r32-0001356,rsmith@ashlandretailpartners.com,Flux Commentary,Summarize the May variance for entity MX-07,completed,29.9,"Ops May variance was $3,471,400 vs plan",2026-04-22T13:00:57Z
r32-0001357,ymiller@ashlandretailpartners.com,Close Checklist Bot,Check covenant compliance for the revolver,completed,40.9,"FP&A May variance was $3,841,519 vs plan",2026-04-22T17:42:03Z
r32-0001358,ymiller@ashlandretailpartners.com,Vendor Spend Analyzer,Explain the headcount variance vs plan,completed,30.9,"Ops Mar variance was $4,041,475 vs plan",2026-04-22T08:50:35Z
r32-0001359,rsmith@ashlandretailpartners.com,Budget vs Actual,Explain the headcount variance vs plan,completed,31.6,"FP&A May variance was $2,243,878 vs plan",2026-04-22T06:51:49Z
r32-0001360,lharris@ashlandretailpartners.com,AP Aging Analyst,Summarize the Mar variance for entity EU-01,completed,35.3,"Ops Mar variance was $2,031,012 vs plan",2026-04-22T07:59:23Z
r32-0001361,ymiller@ashlandretailpartners.com,Flux Commentary,Check covenant compliance for the revolver,completed,31.5,"Ops Jan variance was $4,796,813 vs plan",2026-04-22T07:11:24Z
r32-0001362,ymiller@ashlandretailpartners.com,Headcount Planner,Summarize the Apr variance for entity MX-04,completed,50.3,"FP&A Apr variance was $615,037 vs plan",2026-04-22T09:25:49Z
r32-0001363,rsmith@ashlandretailpartners.com,Variance Explainer,Draft flux commentary for the Feb close,completed,53.1,"FP&A Feb variance was $3,700,623 vs plan",2026-04-22T13:30:51Z
r32-0001364,sclark@ashlandretailpartners.com,Vendor Spend Analyzer,Draft flux commentary for the May close,completed,63.0,"Treasury May variance was $2,226,248 vs plan",2026-04-22T09:48:38Z
r32-0001365,ymiller@ashlandretailpartners.com,Covenant Checker,Reconcile AP aging over 90 days for MX-03,completed,10.6,"Accounting Feb variance was $847,853 vs plan",2026-04-22T12:47:00Z
r32-0001366,ymiller@ashlandretailpartners.com,Cash Forecaster,Check covenant compliance for the revolver,completed,49.6,"Ops May variance was $3,740,309 vs plan",2026-04-22T13:22:56Z
r32-0001367,rsmith@ashlandretailpartners.com,Variance Explainer,Check covenant compliance for the revolver,completed,58.1,"Ops Mar variance was $962,610 vs plan",2026-04-22T17:52:02Z
r32-0001368,ymiller@ashlandretailpartners.com,Vendor Spend Analyzer,Which cost centers are over budget YTD?,completed,53.7,"Treasury Feb variance was $4,227,512 vs plan",2026-04-22T08:13:22Z
r32-0001369,ymiller@ashlandretailpartners.com,Budget vs Actual,Draft flux commentary for the Apr close,completed,69.1,"Accounting Apr variance was $3,047,989 vs plan",2026-04-22T17:12:30Z
r32-0001370,ymiller@ashlandretailpartners.com,Flux Commentary,Reconcile AP aging over 90 days for MX-05,completed,67.3,"FP&A Jan variance was $3,714,413 vs plan",2026-04-22T14:42:43Z
r32-0001371,ymiller@ashlandretailpartners.com,Close Checklist Bot,What drove the change in gross margin this quarter?,completed,11.2,"Treasury Feb variance was $572,641 vs plan",2026-04-22T12:28:05Z
r32-0001372,rsmith@ashlandretailpartners.com,AP Aging Analyst,Summarize the May variance for entity EU-03,completed,27.9,"FP&A May variance was $1,091,846 vs plan",2026-04-22T14:15:45Z
r32-0001373,lharris@ashlandretailpartners.com,Journal Entry Reviewer,Which cost centers are over budget YTD?,completed,14.2,"Accounting Jun variance was $1,648,968 vs plan",2026-04-22T12:02:32Z
r32-0001374,rsmith@ashlandretailpartners.com,Revenue Recognizer,Reconcile AP aging over 90 days for US-09,completed,33.2,"Treasury Feb variance was $3,519,597 vs plan",2026-04-22T16:16:41Z
r32-0001375,ymiller@ashlandretailpartners.com,Covenant Checker,Check covenant compliance for the revolver,completed,17.7,"Accounting May variance was $1,372,257 vs plan",2026-04-23T12:37:28Z
r32-0001376,rsmith@ashlandretailpartners.com,Covenant Checker,Draft flux commentary for the May close,completed,3.6,"FP&A May variance was $4,368,822 vs plan",2026-04-23T13:17:44Z
r32-0001377,lharris@ashlandretailpartners.com,Journal Entry Reviewer,What drove the change in gross margin this quarter?,error,3.3,error: connection reset by peer,2026-04-23T16:35:25Z
r32-0001378,rsmith@ashlandretailpartners.com,Cash Forecaster,Summarize the Jun variance for entity CA-09,completed,54.8,"Treasury Jun variance was $1,703,812 vs plan",2026-04-23T17:48:22Z
r32-0001379,ymiller@ashlandretailpartners.com,Board Deck Builder,Reconcile AP aging over 90 days for US-05,completed,0.7,ERROR: upstream request timed out,2026-04-23T11:52:10Z
r32-0001380,rsmith@ashlandretailpartners.com,Covenant Checker,Summarize the Jan variance for entity US-01,completed,9.5,"Treasury Jan variance was $2,354,180 vs plan",2026-04-23T11:21:41Z
r32-0001381,lharris@ashlandretailpartners.com,Vendor Spend Analyzer,Reconcile AP aging over 90 days for MX-03,completed,32.2,"Accounting Mar variance was $2,807,979 vs plan",2026-04-23T13:15:31Z
r32-0001382,rsmith@ashlandretailpartners.com,AP Aging Analyst,Explain the headcount variance vs plan,completed,13.7,"FP&A May variance was $1,323,620 vs plan",2026-04-23T19:03:32Z
r32-0001383,ymiller@ashlandretailpartners.com,Vendor Spend Analyzer,Why did FP&A spend exceed budget in Apr?,completed,22.1,"FP&A Apr variance was $4,633,202 vs plan",2026-04-23T18:03:14Z
r32-0001384,ymiller@ashlandretailpartners.com,AP Aging Analyst,Explain the headcount variance vs plan,completed,33.8,"Treasury Jan variance was $2,851,811 vs plan",2026-04-23T15:44:03Z
r32-0001385,ymiller@ashlandretailpartners.com,Close Checklist Bot,Check covenant compliance for the revolver,completed,6.9,"Ops May variance was $403,066 vs plan",2026-04-23T15:23:15Z
r32-0001386,rsmith@ashlandretailpartners.com,Cash Forecaster,What drove the change in gross margin this quarter?,completed,16.8,"FP&A Jan variance was $4,691,870 vs plan",2026-04-23T13:05:43Z
r32-0001387,lharris@ashlandretailpartners.com,Flux Commentary,What drove the change in gross margin this quarter?,error,3.3,Traceback (most recent call last): KeyError 'entity',2026-04-23T12:17:48Z
r32-0001388,ymiller@ashlandretailpartners.com,Cash Forecaster,Which cost centers are over budget YTD?,completed,20.0,"Treasury Feb variance was $1,360,373 vs plan",2026-04-23T14:37:15Z
r32-0001389,rsmith@ashlandretailpartners.com,Board Deck Builder,Explain the headcount variance vs plan,completed,62.5,"FP&A Jun variance was $1,735,457 vs plan",2026-04-23T12:17:22Z
r32-0001390,ymiller@ashlandretailpartners.com,Vendor Spend Analyzer,Draft flux commentary for the Jun close,completed,26.1,"Treasury Jun variance was $3,564,552 vs plan",2026-04-23T11:33:04Z
r32-0001391,rsmith@ashlandretailpartners.com,Close Checklist Bot,Explain the headcount variance vs plan,completed,48.8,"Accounting Jan variance was $1,904,906 vs plan",2026-04-23T09:40:03Z
r32-0001392,ymiller@ashlandretailpartners.com,Flux Commentary,Build the board deck cash slide for Jun,completed,10.3,"Ops Jun variance was $2,706,108 vs plan",2026-04-23T14:28:52Z
r32-0001393,ymiller@ashlandretailpartners.com,Journal Entry Reviewer,Draft flux commentary for the Jan close,completed,63.5,"Ops Jan variance was $4,451,152 vs plan",2026-04-23T15:13:02Z
r32-0001394,ymiller@ashlandretailpartners.com,Covenant Checker,Which cost centers are over budget YTD?,completed,11.5,"FP&A Jun variance was $176,857 vs plan",2026-04-23T14:52:01Z
r32-0001395,lharris@ashlandretailpartners.com,Journal Entry Reviewer,What drove the change in gross margin this quarter?,completed,7.0,"Treasury Feb variance was $289,214 vs plan",2026-04-23T17:26:48Z
r32-0001396,rsmith@ashlandretailpartners.com,Revenue Recognizer,Summarize the Jan variance for entity EU-09,completed,67.9,"FP&A Jan variance was $4,723,372 vs plan",2026-04-23T09:10:43Z
r32-0001397,rsmith@ashlandretailpartners.com,Vendor Spend Analyzer,Draft flux commentary for the Mar close,completed,32.9,"Treasury Mar variance was $1,220,921 vs plan",2026-04-23T15:29:21Z
r32-0001398,ymiller@ashlandretailpartners.com,Headcount Planner,Draft flux commentary for the May close,completed,0.8,FAILED: null reference in aggregation step,2026-04-23T16:00:11Z
r32-0001399,rsmith@ashlandretailpartners.com,Flux Commentary,Draft flux commentary for the Jan close,completed,28.1,"Treasury Jan variance was $3,645,525 vs plan",2026-04-23T14:38:20Z
r32-0001400,ymiller@ashlandretailpartners.com,Journal Entry Reviewer,Which cost centers are over budget YTD?,completed,68.6,"Accounting Jun variance was $3,775,374 vs plan",2026-04-23T12:02:50Z
r32-0001401,rsmith@ashlandretailpartners.com,Cash Forecaster,Build the board deck cash slide for Apr,completed,3.8,"Accounting Apr variance was $3,674,574 vs plan",2026-04-23T14:19:06Z
r32-0001402,ymiller@ashlandretailpartners.com,Variance Explainer,Reconcile AP aging over 90 days for EU-09,completed,13.7,"Treasury Apr variance was $2,081,010 vs plan",2026-04-23T12:24:10Z
r32-0001403,ymiller@ashlandretailpartners.com,Board Deck Builder,Which cost centers are over budget YTD?,completed,11.4,"Treasury Jun variance was $2,863,280 vs plan",2026-04-23T11:14:59Z
r32-0001404,rsmith@ashlandretailpartners.com,AP Aging Analyst,Draft flux commentary for the Jun close,completed,72.0,"Ops Jun variance was $4,238,128 vs plan",2026-04-23T10:42:12Z
r32-0001405,rsmith@ashlandretailpartners.com,Cash Forecaster,Draft flux commentary for the Mar close,completed,70.6,"Ops Mar variance was $783,688 vs plan",2026-04-23T13:53:35Z
r32-0001406,ymiller@ashlandretailpartners.com,Board Deck Builder,Reconcile AP aging over 90 days for MX-05,completed,36.4,"FP&A Apr variance was $1,314,900 vs plan",2026-04-23T13:03:26Z
r32-0001407,ymiller@ashlandretailpartners.com,Vendor Spend Analyzer,What drove the change in gross margin this quarter?,completed,9.7,"FP&A May variance was $4,066,152 vs plan",2026-04-23T12:53:02Z
r32-0001408,ymiller@ashlandretailpartners.com,Cash Forecaster,Why did Ops spend exceed budget in Apr?,error,2.2,ERROR: upstream request timed out,2026-04-23T15:41:16Z
r32-0001409,rsmith@ashlandretailpartners.com,Vendor Spend Analyzer,Draft flux commentary for the Jun close,completed,29.6,"Ops Jun variance was $4,422,154 vs plan",2026-04-23T16:29:09Z
r32-0001410,ymiller@ashlandretailpartners.com,Covenant Checker,Which cost centers are over budget YTD?,completed,5.7,"Ops May variance was $430,378 vs plan",2026-04-23T07:22:52Z
r32-0001411,ymiller@ashlandretailpartners.com,Headcount Planner,Explain the headcount variance vs plan,completed,48.4,"Ops Jun variance was $2,228,818 vs plan",2026-04-23T12:29:59Z
r32-0001412,rsmith@ashlandretailpartners.com,Vendor Spend Analyzer,Check covenant compliance for the revolver,completed,39.3,"Ops Feb variance was $2,813,314 vs plan",2026-04-23T11:39:05Z
r32-0001413,rsmith@ashlandretailpartners.com,Variance Explainer,Why did Accounting spend exceed budget in May?,completed,53.9,"Accounting May variance was $1,952,285 vs plan",2026-04-24T14:45:27Z
r32-0001414,lharris@ashlandretailpartners.com,Cash Forecaster,Which cost centers are over budget YTD?,completed,28.1,"Ops Jan variance was $710,959 vs plan",2026-04-24T12:26:58Z
r32-0001415,lharris@ashlandretailpartners.com,Journal Entry Reviewer,Check covenant compliance for the revolver,completed,67.7,"Treasury Feb variance was $1,534,805 vs plan",2026-04-24T14:21:23Z
r32-0001416,rsmith@ashlandretailpartners.com,Revenue Recognizer,Draft flux commentary for the Feb close,completed,50.9,"Treasury Feb variance was $4,581,951 vs plan",2026-04-24T11:05:33Z
r32-0001417,ymiller@ashlandretailpartners.com,Headcount Planner,Forecast Jun operating cash flow,completed,5.9,"Accounting Jun variance was $71,668 vs plan",2026-04-24T13:45:12Z
r32-0001418,rsmith@ashlandretailpartners.com,Journal Entry Reviewer,Why did Accounting spend exceed budget in Jan?,completed,71.8,"Accounting Jan variance was $2,391,418 vs plan",2026-04-24T11:12:22Z
r32-0001419,lharris@ashlandretailpartners.com,Headcount Planner,Check covenant compliance for the revolver,completed,65.7,"FP&A Jan variance was $187,806 vs plan",2026-04-24T09:35:26Z
r32-0001420,ymiller@ashlandretailpartners.com,Journal Entry Reviewer,Build the board deck cash slide for Jun,completed,0.3,Traceback (most recent call last): KeyError 'entity',2026-04-24T10:25:49Z
r32-0001421,sclark@ashlandretailpartners.com,Vendor Spend Analyzer,Explain the headcount variance vs plan,completed,1.8,error code 502 from model gateway,2026-04-24T17:16:59Z
r32-0001422,ymiller@ashlandretailpartners.com,Flux Commentary,Build the board deck cash slide for Feb,completed,4.4,"Accounting Feb variance was $3,654,383 vs plan",2026-04-24T13:05:07Z
r32-0001423,lharris@ashlandretailpartners.com,Budget vs Actual,Summarize the Apr variance for entity CA-02,completed,50.0,"FP&A Apr variance was $1,657,153 vs plan",2026-04-24T12:03:18Z
r32-0001424,rsmith@ashlandretailpartners.com,Revenue Recognizer,Explain the headcount variance vs plan,completed,31.5,"Treasury Mar variance was $4,108,796 vs plan",2026-04-24T15:52:02Z
r32-0001425,rsmith@ashlandretailpartners.com,Headcount Planner,Explain the headcount variance vs plan,completed,43.8,"Ops Feb variance was $2,419,566 vs plan",2026-04-24T08:45:52Z
r32-0001426,lharris@ashlandretailpartners.com,Revenue Recognizer,Build the board deck cash slide for Jan,completed,32.5,"FP&A Jan variance was $2,190,367 vs plan",2026-04-24T13:00:10Z
r32-0001427,lharris@ashlandretailpartners.com,Covenant Checker,Forecast Mar operating cash flow,completed,24.4,"Ops Mar variance was $751,760 vs plan",2026-04-24T14:52:14Z
r32-0001428,lharris@ashlandretailpartners.com,Journal Entry Reviewer,Check covenant compliance for the revolver,completed,0.6,FAILED: null reference in aggregation step,2026-04-24T14:21:01Z
r32-0001429,rsmith@ashlandretailpartners.com,Cash Forecaster,Reconcile AP aging over 90 days for US-09,completed,0.7,FAILED: null reference in aggregation step,2026-04-24T13:35:37Z
r32-0001430,rsmith@ashlandretailpartners.com,AP Aging Analyst,Why did Ops spend exceed budget in Jan?,completed,1.4,ERROR: upstream request timed out,2026-04-24T15:05:11Z
r32-0001431,rsmith@ashlandretailpartners.com,Vendor Spend Analyzer,Build the board deck cash slide for Jan,completed,26.3,"Ops Jan variance was $1,802,163 vs plan",2026-04-24T16:49:12Z
r32-0001432,rsmith@ashlandretailpartners.com,Flux Commentary,Summarize the Jan variance for entity CA-08,completed,36.5,"Treasury Jan variance was $353,793 vs plan",2026-04-24T22:57:02Z
r32-0001433,rsmith@ashlandretailpartners.com,Budget vs Actual,Summarize the May variance for entity CA-03,completed,31.8,"FP&A May variance was $2,697,812 vs plan",2026-04-24T15:25:41Z
r32-0001434,ymiller@ashlandretailpartners.com,Cash Forecaster,Reconcile AP aging over 90 days for MX-08,completed,59.3,"Accounting Apr variance was $1,308,160 vs plan",2026-04-24T11:03:01Z
r32-0001435,ymiller@ashlandretailpartners.com,Vendor Spend Analyzer,Draft flux commentary for the Jan close,error,5.3,ERROR: upstream request timed out,2026-04-24T10:10:26Z
r32-0001436,lharris@ashlandretailpartners.com,Cash Forecaster,Reconcile AP aging over 90 days for EU-07,completed,26.5,"Ops May variance was $1,428,583 vs plan",2026-04-24T09:35:41Z
r32-0001437,rsmith@ashlandretailpartners.com,Close Checklist Bot,Build the board deck cash slide for May,completed,7.2,"FP&A May variance was $3,589,827 vs plan",2026-04-24T15:50:17Z
r32-0001438,rsmith@ashlandretailpartners.com,Flux Commentary,Reconcile AP aging over 90 days for CA-02,completed,66.7,"Treasury Feb variance was $4,078,200 vs plan",2026-04-24T13:11:21Z
r32-0001439,rsmith@ashlandretailpartners.com,AP Aging Analyst,Summarize the Feb variance for entity EU-08,completed,0.6,error: connection reset by peer,2026-04-24T13:45:32Z
r32-0001440,ymiller@ashlandretailpartners.com,Variance Explainer,Draft flux commentary for the Jan close,completed,27.1,"FP&A Jan variance was $3,420,604 vs plan",2026-04-24T19:25:07Z
r32-0001441,rsmith@ashlandretailpartners.com,Close Checklist Bot,Build the board deck cash slide for Feb,completed,44.3,"Accounting Feb variance was $3,561,816 vs plan",2026-04-24T12:29:20Z
r32-0001442,rsmith@ashlandretailpartners.com,AP Aging Analyst,Build the board deck cash slide for Jan,completed,71.7,"Treasury Jan variance was $2,074,880 vs plan",2026-04-24T11:50:09Z
r32-0001443,ymiller@ashlandretailpartners.com,Board Deck Builder,Check covenant compliance for the revolver,error,2.8,FAILED: null reference in aggregation step,2026-04-24T12:22:45Z
r32-0001444,ymiller@ashlandretailpartners.com,Budget vs Actual,Check covenant compliance for the revolver,completed,0.4,error: connection reset by peer,2026-04-24T13:57:23Z
r32-0001445,ymiller@ashlandretailpartners.com,Covenant Checker,Why did Ops spend exceed budget in May?,completed,32.3,"Ops May variance was $4,027,944 vs plan",2026-04-24T08:59:05Z
r32-0001446,ymiller@ashlandretailpartners.com,Close Checklist Bot,What drove the change in gross margin this quarter?,completed,28.6,"FP&A Apr variance was $841,190 vs plan",2026-04-24T13:17:01Z
r32-0001447,rsmith@ashlandretailpartners.com,Cash Forecaster,Draft flux commentary for the Mar close,completed,1.9,FAILED: null reference in aggregation step,2026-04-24T16:28:08Z
r32-0001448,rsmith@ashlandretailpartners.com,Vendor Spend Analyzer,Draft flux commentary for the Apr close,completed,1.8,ERROR: upstream request timed out,2026-04-24T09:22:37Z
r32-0001449,rsmith@ashlandretailpartners.com,Revenue Recognizer,Summarize the Mar variance for entity MX-02,completed,26.0,"FP&A Mar variance was $2,706,757 vs plan",2026-04-24T09:37:19Z
r32-0001450,ymiller@ashlandretailpartners.com,Cash Forecaster,Reconcile AP aging over 90 days for CA-06,completed,0.7,ERROR: upstream request timed out,2026-04-24T13:44:54Z
r32-0001451,rsmith@ashlandretailpartners.com,Board Deck Builder,Draft flux commentary for the Mar close,completed,26.8,"FP&A Mar variance was $2,519,659 vs plan",2026-04-24T14:35:43Z
r32-0001452,rsmith@ashlandretailpartners.com,Headcount Planner,Draft flux commentary for the Jan close,error,4.8,ERROR: upstream request timed out,2026-04-24T11:53:15Z
r32-0001453,ymiller@ashlandretailpartners.com,AP Aging Analyst,Check covenant compliance for the revolver,completed,0.9,ERROR: upstream request timed out,2026-04-25T12:52:25Z
r32-0001454,ymiller@ashlandretailpartners.com,Headcount Planner,Which cost centers are over budget YTD?,completed,7.5,"Treasury May variance was $2,069,422 vs plan",2026-04-25T14:27:58Z
r32-0001455,rsmith@ashlandretailpartners.com,Variance Explainer,Reconcile AP aging over 90 days for EU-02,completed,52.3,"FP&A Apr variance was $2,440,124 vs plan",2026-04-25T10:44:40Z
r32-0001456,ymiller@ashlandretailpartners.com,Flux Commentary,Explain the headcount variance vs plan,completed,20.3,"Treasury May variance was $3,888,022 vs plan",2026-04-25T12:40:21Z
r32-0001457,ymiller@ashlandretailpartners.com,Cash Forecaster,Reconcile AP aging over 90 days for US-08,completed,36.9,"Ops Jan variance was $2,513,254 vs plan",2026-04-25T09:19:12Z
r32-0001458,sclark@ashlandretailpartners.com,Headcount Planner,Reconcile AP aging over 90 days for EU-05,completed,73.3,"Accounting Jun variance was $1,028,219 vs plan",2026-04-25T13:28:00Z
r32-0001459,rsmith@ashlandretailpartners.com,Cash Forecaster,Draft flux commentary for the Jan close,completed,12.7,"FP&A Jan variance was $4,280,177 vs plan",2026-04-25T20:28:09Z
r32-0001460,ymiller@ashlandretailpartners.com,Vendor Spend Analyzer,Why did Accounting spend exceed budget in Jan?,completed,1.7,error: connection reset by peer,2026-04-25T15:39:49Z
r32-0001461,ymiller@ashlandretailpartners.com,Cash Forecaster,Draft flux commentary for the Mar close,completed,25.7,"Treasury Mar variance was $930,269 vs plan",2026-04-25T13:17:03Z
r32-0001462,lharris@ashlandretailpartners.com,Flux Commentary,What drove the change in gross margin this quarter?,completed,64.3,"Accounting Mar variance was $59,601 vs plan",2026-04-25T12:34:31Z
r32-0001463,ymiller@ashlandretailpartners.com,Board Deck Builder,Check covenant compliance for the revolver,completed,13.9,"Accounting May variance was $3,314,920 vs plan",2026-04-25T22:39:38Z
r32-0001464,rsmith@ashlandretailpartners.com,Vendor Spend Analyzer,Explain the headcount variance vs plan,completed,56.2,"FP&A Feb variance was $3,693,782 vs plan",2026-04-25T14:28:32Z
r32-0001465,lharris@ashlandretailpartners.com,Headcount Planner,Forecast Apr operating cash flow,completed,40.5,"Ops Apr variance was $1,530,645 vs plan",2026-04-25T11:33:07Z
r32-0001466,sclark@ashlandretailpartners.com,Headcount Planner,Why did Ops spend exceed budget in Jun?,completed,0.8,FAILED: null reference in aggregation step,2026-04-25T11:52:18Z
r32-0001467,rsmith@ashlandretailpartners.com,Cash Forecaster,Why did FP&A spend exceed budget in Jun?,completed,42.9,"FP&A Jun variance was $3,709,047 vs plan",2026-04-25T13:55:42Z
r32-0001468,rsmith@ashlandretailpartners.com,Flux Commentary,Forecast Jun operating cash flow,completed,19.4,"Accounting Jun variance was $2,445,653 vs plan",2026-04-25T11:10:55Z
r32-0001469,ymiller@ashlandretailpartners.com,Flux Commentary,Explain the headcount variance vs plan,completed,69.5,"Treasury Mar variance was $3,560,833 vs plan",2026-04-25T13:46:54Z
r32-0001470,ymiller@ashlandretailpartners.com,Close Checklist Bot,Build the board deck cash slide for Jan,completed,55.3,"Ops Jan variance was $4,227,181 vs plan",2026-04-25T14:25:10Z
r32-0001471,ymiller@ashlandretailpartners.com,Flux Commentary,Forecast May operating cash flow,completed,9.2,"Treasury May variance was $2,527,881 vs plan",2026-04-25T13:32:38Z
r32-0001472,ymiller@ashlandretailpartners.com,Cash Forecaster,Reconcile AP aging over 90 days for EU-02,error,0.8,error: connection reset by peer,2026-04-26T06:19:38Z
r32-0001473,ymiller@ashlandretailpartners.com,Covenant Checker,What drove the change in gross margin this quarter?,completed,32.3,"FP&A May variance was $1,450,661 vs plan",2026-04-26T17:09:35Z
r32-0001474,rsmith@ashlandretailpartners.com,Journal Entry Reviewer,Forecast Jan operating cash flow,error,2.5,FAILED: null reference in aggregation step,2026-04-26T06:38:42Z
r32-0001475,ymiller@ashlandretailpartners.com,Budget vs Actual,Explain the headcount variance vs plan,completed,50.1,"FP&A Mar variance was $4,253,470 vs plan",2026-04-26T17:51:54Z
r32-0001476,rsmith@ashlandretailpartners.com,Budget vs Actual,Explain the headcount variance vs plan,completed,23.8,"FP&A Mar variance was $1,269,863 vs plan",2026-04-26T12:02:29Z
r32-0001477,rsmith@ashlandretailpartners.com,Journal Entry Reviewer,Why did Treasury spend exceed budget in Jan?,completed,10.6,"Treasury Jan variance was $2,968,864 vs plan",2026-04-26T10:17:27Z
r32-0001478,rsmith@ashlandretailpartners.com,Cash Forecaster,Forecast May operating cash flow,completed,58.3,"FP&A May variance was $143,990 vs plan",2026-04-26T17:59:32Z
r32-0001479,ymiller@ashlandretailpartners.com,Cash Forecaster,Why did Ops spend exceed budget in Apr?,completed,66.5,"Ops Apr variance was $3,738,040 vs plan",2026-04-26T15:56:21Z
r32-0001480,ymiller@ashlandretailpartners.com,Headcount Planner,Which cost centers are over budget YTD?,completed,37.0,"Ops Apr variance was $2,988,235 vs plan",2026-04-26T16:43:50Z
r32-0001481,rsmith@ashlandretailpartners.com,Variance Explainer,Summarize the Jun variance for entity US-02,completed,67.4,"Accounting Jun variance was $2,694,844 vs plan",2026-04-26T11:38:42Z
r32-0001482,rsmith@ashlandretailpartners.com,Cash Forecaster,Forecast May operating cash flow,completed,14.2,"FP&A May variance was $3,977,482 vs plan",2026-04-26T11:18:20Z
r32-0001483,rsmith@ashlandretailpartners.com,Vendor Spend Analyzer,Which cost centers are over budget YTD?,completed,47.0,"Accounting May variance was $230,248 vs plan",2026-04-26T07:54:56Z
r32-0001484,rsmith@ashlandretailpartners.com,Revenue Recognizer,Explain the headcount variance vs plan,completed,70.0,"Ops Feb variance was $243,637 vs plan",2026-04-26T09:45:20Z
r32-0001485,rsmith@ashlandretailpartners.com,Headcount Planner,Check covenant compliance for the revolver,completed,17.5,"Accounting Jan variance was $600,554 vs plan",2026-04-26T10:06:11Z
r32-0001486,ymiller@ashlandretailpartners.com,Variance Explainer,Check covenant compliance for the revolver,completed,22.1,"Accounting Mar variance was $4,289,577 vs plan",2026-04-26T12:43:14Z
r32-0001487,ymiller@ashlandretailpartners.com,Budget vs Actual,Build the board deck cash slide for Feb,completed,16.2,"Accounting Feb variance was $56,108 vs plan",2026-04-26T13:30:34Z
r32-0001488,rsmith@ashlandretailpartners.com,Cash Forecaster,Summarize the Jun variance for entity MX-09,completed,7.9,"FP&A Jun variance was $2,772,158 vs plan",2026-04-26T13:42:43Z
r32-0001489,rsmith@ashlandretailpartners.com,Journal Entry Reviewer,Summarize the Mar variance for entity CA-02,completed,47.2,"Ops Mar variance was $2,660,696 vs plan",2026-04-26T20:29:32Z
r32-0001490,ymiller@ashlandretailpartners.com,Covenant Checker,Forecast Feb operating cash flow,completed,6.7,"Treasury Feb variance was $3,600,012 vs plan",2026-04-27T17:30:42Z
r32-0001491,ymiller@ashlandretailpartners.com,Journal Entry Reviewer,Reconcile AP aging over 90 days for US-03,completed,40.5,"Treasury Jun variance was $598,198 vs plan",2026-04-27T08:38:26Z
r32-0001492,rsmith@ashlandretailpartners.com,Board Deck Builder,Why did Treasury spend exceed budget in Jan?,completed,43.3,"Treasury Jan variance was $228,004 vs plan",2026-04-27T18:42:44Z
r32-0001493,ymiller@ashlandretailpartners.com,Headcount Planner,Summarize the Jun variance for entity US-08,completed,49.2,"Ops Jun variance was $133,178 vs plan",2026-04-27T13:12:09Z
r32-0001494,ymiller@ashlandretailpartners.com,AP Aging Analyst,Forecast Mar operating cash flow,completed,18.4,"FP&A Mar variance was $193,874 vs plan",2026-04-27T14:56:49Z
r32-0001495,rsmith@ashlandretailpartners.com,Flux Commentary,Which cost centers are over budget YTD?,completed,74.9,"FP&A Mar variance was $4,732,866 vs plan",2026-04-27T08:47:10Z
r32-0001496,ymiller@ashlandretailpartners.com,Vendor Spend Analyzer,Check covenant compliance for the revolver,completed,23.8,"Treasury Mar variance was $3,039,860 vs plan",2026-04-27T11:45:44Z
r32-0001497,ymiller@ashlandretailpartners.com,Variance Explainer,Explain the headcount variance vs plan,completed,59.5,"Treasury Apr variance was $917,396 vs plan",2026-04-27T09:32:16Z
r32-0001498,ymiller@ashlandretailpartners.com,Covenant Checker,What drove the change in gross margin this quarter?,completed,32.7,"Treasury May variance was $1,373,430 vs plan",2026-04-27T14:50:02Z
r32-0001499,ymiller@ashlandretailpartners.com,Board Deck Builder,Draft flux commentary for the Jun close,completed,4.1,"Treasury Jun variance was $1,798,622 vs plan",2026-04-27T15:02:50Z
r32-0001500,sclark@ashlandretailpartners.com,Board Deck Builder,Explain the headcount variance vs plan,completed,70.0,"Accounting May variance was $3,666,030 vs plan",2026-04-27T12:48:09Z
r32-0001501,ymiller@ashlandretailpartners.com,Revenue Recognizer,Build the board deck cash slide for Feb,completed,36.2,"FP&A Feb variance was $938,638 vs plan",2026-04-27T07:37:59Z
r32-0001502,lharris@ashlandretailpartners.com,Journal Entry Reviewer,Build the board deck cash slide for May,completed,35.8,"Treasury May variance was $2,973,850 vs plan",2026-04-27T13:54:53Z
r32-0001503,rsmith@ashlandretailpartners.com,Flux Commentary,Which cost centers are over budget YTD?,completed,59.5,"FP&A Jun variance was $2,665,473 vs plan",2026-04-27T16:13:03Z
r32-0001504,lharris@ashlandretailpartners.com,Variance Explainer,What drove the change in gross margin this quarter?,completed,53.2,"Treasury Jan variance was $2,805,841 vs plan",2026-04-27T14:20:52Z
r32-0001505,ymiller@ashlandretailpartners.com,Board Deck Builder,Summarize the Mar variance for entity US-03,completed,38.2,"Treasury Mar variance was $3,678,728 vs plan",2026-04-27T11:52:10Z
r32-0001506,rsmith@ashlandretailpartners.com,Flux Commentary,Check covenant compliance for the revolver,completed,26.4,"Accounting May variance was $98,368 vs plan",2026-04-27T12:13:17Z
r32-0001507,rsmith@ashlandretailpartners.com,Cash Forecaster,Which cost centers are over budget YTD?,completed,32.0,"Accounting Mar variance was $2,920,828 vs plan",2026-04-27T15:01:08Z
r32-0001508,ymiller@ashlandretailpartners.com,Variance Explainer,Explain the headcount variance vs plan,completed,69.2,"Accounting Apr variance was $1,114,196 vs plan",2026-04-27T13:31:55Z
r32-0001509,lharris@ashlandretailpartners.com,Budget vs Actual,Build the board deck cash slide for Apr,completed,8.2,"Accounting Apr variance was $4,699,754 vs plan",2026-04-27T15:16:21Z
r32-0001510,ymiller@ashlandretailpartners.com,Cash Forecaster,Draft flux commentary for the Jan close,completed,60.9,"Treasury Jan variance was $1,187,606 vs plan",2026-04-27T10:10:20Z
r32-0001511,rsmith@ashlandretailpartners.com,Flux Commentary,Draft flux commentary for the May close,completed,13.0,"FP&A May variance was $2,356,031 vs plan",2026-04-27T11:51:57Z
r32-0001512,ymiller@ashlandretailpartners.com,Journal Entry Reviewer,Which cost centers are over budget YTD?,completed,38.9,"Ops Jun variance was $2,065,976 vs plan",2026-04-27T13:34:37Z
r32-0001513,rsmith@ashlandretailpartners.com,Headcount Planner,Which cost centers are over budget YTD?,completed,9.4,"Ops Jun variance was $109,479 vs plan",2026-04-27T11:18:59Z
r32-0001514,ymiller@ashlandretailpartners.com,Budget vs Actual,Why did Accounting spend exceed budget in Mar?,completed,20.4,"Accounting Mar variance was $807,641 vs plan",2026-04-27T15:29:48Z
r32-0001515,rsmith@ashlandretailpartners.com,Board Deck Builder,Why did Accounting spend exceed budget in Mar?,completed,64.8,"Accounting Mar variance was $4,284,991 vs plan",2026-04-27T10:27:09Z
r32-0001516,rsmith@ashlandretailpartners.com,AP Aging Analyst,Why did FP&A spend exceed budget in Mar?,completed,50.5,"FP&A Mar variance was $4,790,061 vs plan",2026-04-27T10:46:07Z
r32-0001517,lharris@ashlandretailpartners.com,Revenue Recognizer,What drove the change in gross margin this quarter?,completed,19.6,"FP&A Mar variance was $3,976,107 vs plan",2026-04-27T07:20:00Z
r32-0001518,sclark@ashlandretailpartners.com,Headcount Planner,What drove the change in gross margin this quarter?,completed,72.5,"Ops Feb variance was $2,186,026 vs plan",2026-04-27T11:11:06Z
r32-0001519,ymiller@ashlandretailpartners.com,Flux Commentary,What drove the change in gross margin this quarter?,completed,43.9,"FP&A Jan variance was $954,846 vs plan",2026-04-27T06:48:43Z
r32-0001520,sclark@ashlandretailpartners.com,Close Checklist Bot,Why did Ops spend exceed budget in Feb?,completed,74.1,"Ops Feb variance was $1,435,704 vs plan",2026-04-27T16:20:52Z
r32-0001521,lharris@ashlandretailpartners.com,Vendor Spend Analyzer,Which cost centers are over budget YTD?,completed,28.3,"Ops Mar variance was $4,319,774 vs plan",2026-04-27T11:59:09Z
r32-0001522,lharris@ashlandretailpartners.com,Covenant Checker,Build the board deck cash slide for Feb,completed,8.1,"Treasury Feb variance was $73,649 vs plan",2026-04-27T16:58:52Z
r32-0001523,sclark@ashlandretailpartners.com,Budget vs Actual,Explain the headcount variance vs plan,error,0.7,Traceback (most recent call last): KeyError 'entity',2026-04-27T09:32:04Z
r32-0001524,rsmith@ashlandretailpartners.com,AP Aging Analyst,Check covenant compliance for the revolver,completed,39.4,"FP&A Apr variance was $476,402 vs plan",2026-04-27T15:27:03Z
r32-0001525,rsmith@ashlandretailpartners.com,Vendor Spend Analyzer,Explain the headcount variance vs plan,completed,19.8,"Accounting Jun variance was $2,292,430 vs plan",2026-04-27T16:51:13Z
r32-0001526,rsmith@ashlandretailpartners.com,Variance Explainer,Why did Ops spend exceed budget in Jan?,completed,36.5,"Ops Jan variance was $4,175,293 vs plan",2026-04-27T12:36:24Z
r32-0001527,ymiller@ashlandretailpartners.com,Close Checklist Bot,Check covenant compliance for the revolver,completed,28.7,"Ops Mar variance was $2,608,809 vs plan",2026-04-27T11:04:20Z
r32-0001528,rsmith@ashlandretailpartners.com,Variance Explainer,Explain the headcount variance vs plan,completed,46.4,"Treasury Apr variance was $3,004,429 vs plan",2026-04-27T14:31:09Z
r32-0001529,rsmith@ashlandretailpartners.com,Budget vs Actual,Reconcile AP aging over 90 days for MX-06,completed,52.0,"Treasury May variance was $4,507,849 vs plan",2026-04-27T15:51:44Z
r32-0001530,lharris@ashlandretailpartners.com,Covenant Checker,Explain the headcount variance vs plan,completed,18.8,"FP&A Jan variance was $2,208,125 vs plan",2026-04-27T13:11:35Z
r32-0001531,rsmith@ashlandretailpartners.com,AP Aging Analyst,Reconcile AP aging over 90 days for US-04,completed,8.4,"FP&A Mar variance was $3,330,502 vs plan",2026-04-27T15:53:24Z
r32-0001532,sclark@ashlandretailpartners.com,Board Deck Builder,Summarize the Feb variance for entity CA-01,completed,15.0,"FP&A Feb variance was $2,676,134 vs plan",2026-04-27T13:18:20Z
r32-0001533,lharris@ashlandretailpartners.com,Variance Explainer,Draft flux commentary for the Feb close,completed,54.3,"FP&A Feb variance was $3,724,057 vs plan",2026-04-28T12:57:02Z
r32-0001534,lharris@ashlandretailpartners.com,Flux Commentary,Explain the headcount variance vs plan,completed,29.6,"Treasury Jan variance was $540,784 vs plan",2026-04-28T06:47:27Z
r32-0001535,rsmith@ashlandretailpartners.com,Journal Entry Reviewer,Build the board deck cash slide for Jan,completed,59.7,"FP&A Jan variance was $2,142,197 vs plan",2026-04-28T09:18:35Z
r32-0001536,rsmith@ashlandretailpartners.com,Revenue Recognizer,Draft flux commentary for the Jun close,completed,7.5,"Accounting Jun variance was $459,325 vs plan",2026-04-28T18:51:16Z
r32-0001537,ymiller@ashlandretailpartners.com,Variance Explainer,What drove the change in gross margin this quarter?,completed,32.5,"Accounting Jan variance was $3,170,166 vs plan",2026-04-28T13:04:47Z
r32-0001538,rsmith@ashlandretailpartners.com,Cash Forecaster,Explain the headcount variance vs plan,completed,70.5,"Accounting Apr variance was $4,524,617 vs plan",2026-04-28T11:02:00Z
r32-0001539,lharris@ashlandretailpartners.com,Covenant Checker,Summarize the Feb variance for entity US-01,completed,32.7,"Treasury Feb variance was $336,574 vs plan",2026-04-28T10:40:59Z
r32-0001540,ymiller@ashlandretailpartners.com,Budget vs Actual,Which cost centers are over budget YTD?,completed,61.0,"Accounting Jun variance was $4,358,979 vs plan",2026-04-28T10:51:24Z
r32-0001541,lharris@ashlandretailpartners.com,Budget vs Actual,Which cost centers are over budget YTD?,completed,12.8,"FP&A Jun variance was $2,195,349 vs plan",2026-04-28T18:22:37Z
r32-0001542,rsmith@ashlandretailpartners.com,Vendor Spend Analyzer,Which cost centers are over budget YTD?,completed,74.7,"FP&A Mar variance was $3,858,303 vs plan",2026-04-28T11:55:45Z
r32-0001543,rsmith@ashlandretailpartners.com,Budget vs Actual,Forecast Mar operating cash flow,completed,36.0,"Treasury Mar variance was $1,514,893 vs plan",2026-04-28T09:40:29Z
r32-0001544,rsmith@ashlandretailpartners.com,Flux Commentary,Which cost centers are over budget YTD?,completed,8.1,"Treasury Mar variance was $2,064,199 vs plan",2026-04-28T16:55:11Z
r32-0001545,ymiller@ashlandretailpartners.com,Vendor Spend Analyzer,Which cost centers are over budget YTD?,completed,42.6,"Treasury Apr variance was $262,166 vs plan",2026-04-28T14:33:27Z
r32-0001546,sclark@ashlandretailpartners.com,Covenant Checker,Draft flux commentary for the Jan close,completed,16.9,"Treasury Jan variance was $1,449,272 vs plan",2026-04-28T11:25:19Z
r32-0001547,rsmith@ashlandretailpartners.com,Journal Entry Reviewer,Summarize the Jan variance for entity US-09,completed,37.9,"Treasury Jan variance was $218,387 vs plan",2026-04-28T11:10:02Z
r32-0001548,ymiller@ashlandretailpartners.com,Revenue Recognizer,Check covenant compliance for the revolver,completed,41.9,"Ops Jun variance was $3,357,950 vs plan",2026-04-28T12:47:02Z
r32-0001549,rsmith@ashlandretailpartners.com,Cash Forecaster,Why did Ops spend exceed budget in May?,completed,8.7,"Ops May variance was $2,208,251 vs plan",2026-04-28T14:42:04Z
r32-0001550,rsmith@ashlandretailpartners.com,Cash Forecaster,Check covenant compliance for the revolver,completed,35.4,"Treasury Jan variance was $1,465,638 vs plan",2026-04-28T15:47:06Z
r32-0001551,lharris@ashlandretailpartners.com,Covenant Checker,Reconcile AP aging over 90 days for CA-03,completed,23.7,"Ops Jun variance was $2,894,890 vs plan",2026-04-28T13:32:00Z
r32-0001552,ymiller@ashlandretailpartners.com,Variance Explainer,Explain the headcount variance vs plan,completed,47.8,"Accounting May variance was $1,858,783 vs plan",2026-04-28T14:17:30Z
r32-0001553,ymiller@ashlandretailpartners.com,Board Deck Builder,Check covenant compliance for the revolver,completed,28.0,"Treasury Mar variance was $893,841 vs plan",2026-04-28T17:40:22Z
r32-0001554,ymiller@ashlandretailpartners.com,Headcount Planner,Reconcile AP aging over 90 days for US-06,completed,31.5,"Treasury Feb variance was $1,209,930 vs plan",2026-04-28T16:37:28Z
r32-0001555,lharris@ashlandretailpartners.com,Close Checklist Bot,Forecast Jan operating cash flow,completed,38.9,"Treasury Jan variance was $365,232 vs plan",2026-04-28T11:20:17Z
r32-0001556,ymiller@ashlandretailpartners.com,Headcount Planner,Reconcile AP aging over 90 days for US-08,completed,18.6,"Accounting May variance was $3,104,923 vs plan",2026-04-28T13:51:57Z
r32-0001557,ymiller@ashlandretailpartners.com,Board Deck Builder,Draft flux commentary for the Mar close,completed,60.5,"FP&A Mar variance was $2,748,292 vs plan",2026-04-28T10:47:19Z
r32-0001558,rsmith@ashlandretailpartners.com,Vendor Spend Analyzer,Build the board deck cash slide for May,error,5.6,error code 502 from model gateway,2026-04-28T18:17:49Z
r32-0001559,ymiller@ashlandretailpartners.com,Flux Commentary,Explain the headcount variance vs plan,completed,24.5,"Ops Mar variance was $1,064,578 vs plan",2026-04-28T13:34:59Z
r32-0001560,rsmith@ashlandretailpartners.com,Revenue Recognizer,Explain the headcount variance vs plan,completed,4.6,"Accounting Jun variance was $694,219 vs plan",2026-04-28T17:30:17Z
r32-0001561,rsmith@ashlandretailpartners.com,Vendor Spend Analyzer,What drove the change in gross margin this quarter?,error,7.1,error code 502 from model gateway,2026-04-28T11:14:14Z
r32-0001562,rsmith@ashlandretailpartners.com,Revenue Recognizer,Build the board deck cash slide for Feb,completed,62.5,"FP&A Feb variance was $158,723 vs plan",2026-04-28T13:39:52Z
r32-0001563,rsmith@ashlandretailpartners.com,Budget vs Actual,Explain the headcount variance vs plan,completed,67.6,"Ops May variance was $2,038,693 vs plan",2026-04-28T18:20:52Z
r32-0001564,rsmith@ashlandretailpartners.com,Vendor Spend Analyzer,Why did Treasury spend exceed budget in Apr?,completed,48.8,"Treasury Apr variance was $4,491,903 vs plan",2026-04-28T16:54:38Z
r32-0001565,ymiller@ashlandretailpartners.com,Journal Entry Reviewer,Which cost centers are over budget YTD?,completed,69.2,"Ops May variance was $2,580,805 vs plan",2026-04-28T07:08:07Z
r32-0001566,sclark@ashlandretailpartners.com,Variance Explainer,Explain the headcount variance vs plan,completed,12.5,"Ops Jan variance was $2,178,071 vs plan",2026-04-28T10:58:31Z
r32-0001567,rsmith@ashlandretailpartners.com,Vendor Spend Analyzer,Reconcile AP aging over 90 days for EU-02,completed,4.6,"Treasury Jun variance was $2,445,328 vs plan",2026-04-28T15:48:46Z
r32-0001568,ymiller@ashlandretailpartners.com,Budget vs Actual,Which cost centers are over budget YTD?,completed,37.9,"Accounting Feb variance was $4,453,625 vs plan",2026-04-28T09:16:28Z
r32-0001569,rsmith@ashlandretailpartners.com,Close Checklist Bot,Summarize the Jun variance for entity US-01,completed,49.6,"Ops Jun variance was $2,163,093 vs plan",2026-04-28T11:36:07Z
r32-0001570,ymiller@ashlandretailpartners.com,Revenue Recognizer,Draft flux commentary for the May close,completed,0.4,error code 502 from model gateway,2026-04-28T11:16:28Z
r32-0001571,rsmith@ashlandretailpartners.com,Close Checklist Bot,Build the board deck cash slide for Feb,completed,7.4,"FP&A Feb variance was $1,937,548 vs plan",2026-04-29T13:17:08Z
r32-0001572,ymiller@ashlandretailpartners.com,Variance Explainer,Draft flux commentary for the Apr close,completed,36.3,"Ops Apr variance was $674,403 vs plan",2026-04-29T11:32:15Z
r32-0001573,rsmith@ashlandretailpartners.com,Covenant Checker,Draft flux commentary for the Jun close,completed,74.4,"Treasury Jun variance was $4,095,552 vs plan",2026-04-29T14:43:52Z
r32-0001574,lharris@ashlandretailpartners.com,Budget vs Actual,Forecast May operating cash flow,completed,44.2,"Treasury May variance was $2,629,887 vs plan",2026-04-29T11:12:39Z
r32-0001575,rsmith@ashlandretailpartners.com,Headcount Planner,Why did Accounting spend exceed budget in Feb?,completed,15.3,"Accounting Feb variance was $4,477,082 vs plan",2026-04-29T12:25:51Z
r32-0001576,ymiller@ashlandretailpartners.com,Revenue Recognizer,Summarize the May variance for entity CA-04,completed,43.8,"Accounting May variance was $2,561,119 vs plan",2026-04-29T17:39:21Z
r32-0001577,rsmith@ashlandretailpartners.com,Budget vs Actual,Reconcile AP aging over 90 days for US-02,completed,66.6,"FP&A Jan variance was $3,111,016 vs plan",2026-04-29T20:47:11Z
r32-0001578,rsmith@ashlandretailpartners.com,Vendor Spend Analyzer,Draft flux commentary for the Jan close,completed,69.0,"Accounting Jan variance was $4,712,300 vs plan",2026-04-29T08:42:33Z
r32-0001579,rsmith@ashlandretailpartners.com,Flux Commentary,Why did Accounting spend exceed budget in Feb?,completed,25.3,"Accounting Feb variance was $2,916,575 vs plan",2026-04-29T10:49:36Z
r32-0001580,lharris@ashlandretailpartners.com,Variance Explainer,Build the board deck cash slide for Jun,completed,43.9,"Accounting Jun variance was $2,309,758 vs plan",2026-04-29T07:28:25Z
r32-0001581,lharris@ashlandretailpartners.com,AP Aging Analyst,Forecast Jan operating cash flow,completed,71.7,"Ops Jan variance was $4,797,351 vs plan",2026-04-29T09:48:15Z
r32-0001582,rsmith@ashlandretailpartners.com,Board Deck Builder,Reconcile AP aging over 90 days for CA-02,completed,48.5,"Ops Jun variance was $1,043,537 vs plan",2026-04-29T10:14:55Z
r32-0001583,ymiller@ashlandretailpartners.com,Close Checklist Bot,Forecast Mar operating cash flow,completed,1.8,error code 502 from model gateway,2026-04-29T12:12:31Z
r32-0001584,rsmith@ashlandretailpartners.com,Cash Forecaster,Build the board deck cash slide for Mar,completed,72.9,"FP&A Mar variance was $2,673,786 vs plan",2026-04-29T13:26:09Z
r32-0001585,ymiller@ashlandretailpartners.com,Board Deck Builder,Explain the headcount variance vs plan,completed,29.4,"Treasury May variance was $868,836 vs plan",2026-04-29T17:20:46Z
r32-0001586,rsmith@ashlandretailpartners.com,Vendor Spend Analyzer,Reconcile AP aging over 90 days for US-07,completed,20.0,"FP&A Apr variance was $1,240,546 vs plan",2026-04-29T16:10:12Z
r32-0001587,rsmith@ashlandretailpartners.com,Revenue Recognizer,Draft flux commentary for the Apr close,completed,1.1,ERROR: upstream request timed out,2026-04-29T13:19:56Z
r32-0001588,ymiller@ashlandretailpartners.com,Headcount Planner,Summarize the Mar variance for entity CA-04,completed,35.1,"Treasury Mar variance was $4,100,717 vs plan",2026-04-29T14:11:55Z
r32-0001589,lharris@ashlandretailpartners.com,Budget vs Actual,Draft flux commentary for the May close,completed,6.2,"Ops May variance was $3,376,587 vs plan",2026-04-29T13:20:51Z
r32-0001590,lharris@ashlandretailpartners.com,Covenant Checker,What drove the change in gross margin this quarter?,completed,24.0,"Accounting May variance was $675,563 vs plan",2026-04-29T17:27:11Z
r32-0001591,rsmith@ashlandretailpartners.com,AP Aging Analyst,Reconcile AP aging over 90 days for EU-09,completed,16.2,"Treasury Mar variance was $567,847 vs plan",2026-04-29T16:01:46Z
r32-0001592,ymiller@ashlandretailpartners.com,Covenant Checker,Forecast Jun operating cash flow,completed,57.6,"FP&A Jun variance was $1,684,615 vs plan",2026-04-29T14:34:12Z
r32-0001593,rsmith@ashlandretailpartners.com,Board Deck Builder,Reconcile AP aging over 90 days for EU-07,completed,47.9,"Treasury May variance was $2,817,891 vs plan",2026-04-29T12:37:33Z
r32-0001594,lharris@ashlandretailpartners.com,Vendor Spend Analyzer,Summarize the Apr variance for entity CA-02,completed,26.1,"Ops Apr variance was $1,730,797 vs plan",2026-04-29T15:51:02Z
r32-0001595,ymiller@ashlandretailpartners.com,Revenue Recognizer,Build the board deck cash slide for May,completed,67.5,"Ops May variance was $2,670,631 vs plan",2026-04-29T07:26:01Z
r32-0001596,rsmith@ashlandretailpartners.com,Close Checklist Bot,Which cost centers are over budget YTD?,completed,1.1,error: connection reset by peer,2026-04-29T15:30:47Z
r32-0001597,lharris@ashlandretailpartners.com,Covenant Checker,Draft flux commentary for the Feb close,completed,20.0,"Treasury Feb variance was $2,909,039 vs plan",2026-04-29T08:58:37Z
r32-0001598,rsmith@ashlandretailpartners.com,Covenant Checker,Check covenant compliance for the revolver,completed,53.4,"Ops May variance was $3,530,852 vs plan",2026-04-29T14:46:09Z
r32-0001599,lharris@ashlandretailpartners.com,Headcount Planner,Reconcile AP aging over 90 days for CA-02,completed,16.2,"Ops Jun variance was $1,255,067 vs plan",2026-04-29T13:14:32Z
r32-0001600,sclark@ashlandretailpartners.com,Budget vs Actual,Summarize the Feb variance for entity MX-03,completed,73.5,"Ops Feb variance was $797,603 vs plan",2026-04-29T13:10:10Z
r32-0001601,ymiller@ashlandretailpartners.com,Journal Entry Reviewer,What drove the change in gross margin this quarter?,completed,16.9,"Accounting Jan variance was $666,558 vs plan",2026-04-29T09:26:30Z
r32-0001602,rsmith@ashlandretailpartners.com,Budget vs Actual,Draft flux commentary for the Jan close,completed,23.5,"Ops Jan variance was $3,230,170 vs plan",2026-04-29T15:26:33Z
r32-0001603,rsmith@ashlandretailpartners.com,Cash Forecaster,Forecast Mar operating cash flow,completed,46.3,"Accounting Mar variance was $2,577,734 vs plan",2026-04-29T11:00:08Z
r32-0001604,lharris@ashlandretailpartners.com,Vendor Spend Analyzer,Explain the headcount variance vs plan,completed,34.7,"Accounting Feb variance was $1,937,234 vs plan",2026-04-29T15:35:46Z
r32-0001605,ymiller@ashlandretailpartners.com,Revenue Recognizer,Draft flux commentary for the Apr close,completed,35.0,"Ops Apr variance was $818,985 vs plan",2026-04-29T11:54:13Z
r32-0001606,rsmith@ashlandretailpartners.com,Cash Forecaster,Draft flux commentary for the Feb close,completed,4.7,"Accounting Feb variance was $2,102,990 vs plan",2026-04-29T10:12:19Z
r32-0001607,sclark@ashlandretailpartners.com,AP Aging Analyst,Explain the headcount variance vs plan,completed,0.5,error code 502 from model gateway,2026-04-30T08:00:23Z
r32-0001608,lharris@ashlandretailpartners.com,Board Deck Builder,Which cost centers are over budget YTD?,completed,37.3,"Ops Jan variance was $796,162 vs plan",2026-04-30T09:59:29Z
r32-0001609,rsmith@ashlandretailpartners.com,Covenant Checker,Reconcile AP aging over 90 days for CA-07,completed,52.5,"Ops Feb variance was $1,371,905 vs plan",2026-04-30T11:35:05Z
r32-0001610,sclark@ashlandretailpartners.com,Revenue Recognizer,Reconcile AP aging over 90 days for EU-05,completed,16.3,"Treasury Jan variance was $1,045,451 vs plan",2026-04-30T18:05:05Z
r32-0001611,ymiller@ashlandretailpartners.com,Board Deck Builder,Reconcile AP aging over 90 days for US-04,completed,20.7,"FP&A May variance was $3,293,637 vs plan",2026-04-30T08:29:43Z
r32-0001612,ymiller@ashlandretailpartners.com,Close Checklist Bot,Reconcile AP aging over 90 days for EU-05,completed,0.3,ERROR: upstream request timed out,2026-04-30T11:05:11Z
r32-0001613,ymiller@ashlandretailpartners.com,Headcount Planner,Which cost centers are over budget YTD?,completed,41.8,"Accounting Feb variance was $594,571 vs plan",2026-04-30T14:21:22Z
r32-0001614,rsmith@ashlandretailpartners.com,AP Aging Analyst,Forecast Jun operating cash flow,completed,71.8,"Ops Jun variance was $2,986,305 vs plan",2026-04-30T11:11:24Z
r32-0001615,ymiller@ashlandretailpartners.com,Journal Entry Reviewer,Build the board deck cash slide for May,completed,56.7,"Treasury May variance was $901,261 vs plan",2026-04-30T17:16:25Z
r32-0001616,sclark@ashlandretailpartners.com,Cash Forecaster,What drove the change in gross margin this quarter?,completed,18.6,"FP&A Apr variance was $2,844,409 vs plan",2026-04-30T11:53:36Z
r32-0001617,ymiller@ashlandretailpartners.com,Journal Entry Reviewer,Build the board deck cash slide for Feb,completed,11.7,"Accounting Feb variance was $913,682 vs plan",2026-04-30T12:54:09Z
r32-0001618,rsmith@ashlandretailpartners.com,Variance Explainer,Explain the headcount variance vs plan,completed,21.7,"Ops Mar variance was $2,070,417 vs plan",2026-04-30T13:33:57Z
r32-0001619,ymiller@ashlandretailpartners.com,Headcount Planner,Build the board deck cash slide for Jan,completed,4.2,"FP&A Jan variance was $3,925,579 vs plan",2026-04-30T14:50:39Z
r32-0001620,rsmith@ashlandretailpartners.com,Headcount Planner,Explain the headcount variance vs plan,completed,15.0,"FP&A Jan variance was $958,787 vs plan",2026-04-30T08:37:31Z
r32-0001621,lharris@ashlandretailpartners.com,Close Checklist Bot,Why did Accounting spend exceed budget in May?,completed,59.0,"Accounting May variance was $4,026,431 vs plan",2026-04-30T10:46:58Z
r32-0001622,sclark@ashlandretailpartners.com,Journal Entry Reviewer,Reconcile AP aging over 90 days for MX-08,completed,17.1,"Ops Feb variance was $665,028 vs plan",2026-04-30T12:10:11Z
r32-0001623,rsmith@ashlandretailpartners.com,Variance Explainer,Build the board deck cash slide for Mar,completed,9.9,"Accounting Mar variance was $2,953,075 vs plan",2026-04-30T14:05:15Z
r32-0001624,rsmith@ashlandretailpartners.com,Board Deck Builder,Reconcile AP aging over 90 days for CA-02,completed,41.8,"Accounting Feb variance was $3,076,946 vs plan",2026-04-30T12:30:29Z
r32-0001625,rsmith@ashlandretailpartners.com,Flux Commentary,Why did Ops spend exceed budget in Feb?,completed,35.0,"Ops Feb variance was $2,040,946 vs plan",2026-04-30T11:36:06Z
r32-0001626,sclark@ashlandretailpartners.com,Headcount Planner,Draft flux commentary for the May close,completed,8.0,"Ops May variance was $2,691,790 vs plan",2026-04-30T11:56:24Z
r32-0001627,rsmith@ashlandretailpartners.com,Journal Entry Reviewer,Explain the headcount variance vs plan,completed,25.7,"Ops Jan variance was $67,415 vs plan",2026-04-30T13:18:16Z
r32-0001628,rsmith@ashlandretailpartners.com,Board Deck Builder,Forecast Jun operating cash flow,completed,1.5,ERROR: upstream request timed out,2026-04-30T11:03:16Z
r32-0001629,ymiller@ashlandretailpartners.com,AP Aging Analyst,Build the board deck cash slide for May,completed,53.7,"Accounting May variance was $2,823,018 vs plan",2026-04-30T14:41:15Z
r32-0001630,ymiller@ashlandretailpartners.com,Covenant Checker,What drove the change in gross margin this quarter?,completed,18.8,"Treasury Jun variance was $2,385,124 vs plan",2026-04-30T14:18:06Z
r32-0001631,ymiller@ashlandretailpartners.com,Vendor Spend Analyzer,Draft flux commentary for the May close,completed,34.3,"Accounting May variance was $4,415,408 vs plan",2026-04-30T14:13:38Z
r32-0001632,ymiller@ashlandretailpartners.com,Cash Forecaster,Draft flux commentary for the Jan close,completed,29.7,"Accounting Jan variance was $3,040,089 vs plan",2026-04-30T13:31:27Z
r32-0001633,rsmith@ashlandretailpartners.com,Flux Commentary,Reconcile AP aging over 90 days for MX-09,completed,19.6,"Treasury Feb variance was $514,172 vs plan",2026-04-30T08:33:02Z
r32-0001634,rsmith@ashlandretailpartners.com,Close Checklist Bot,Reconcile AP aging over 90 days for US-02,completed,31.0,"Accounting Apr variance was $1,126,450 vs plan",2026-04-30T13:11:21Z
r32-0001635,ymiller@ashlandretailpartners.com,Journal Entry Reviewer,Forecast May operating cash flow,completed,6.1,"Accounting May variance was $1,097,626 vs plan",2026-04-30T15:11:37Z
r32-0001636,rsmith@ashlandretailpartners.com,Headcount Planner,Reconcile AP aging over 90 days for MX-08,completed,11.2,"Ops Apr variance was $3,302,881 vs plan",2026-04-30T13:00:35Z
r32-0001637,ymiller@ashlandretailpartners.com,Revenue Recognizer,Build the board deck cash slide for Mar,completed,67.2,"Treasury Mar variance was $294,050 vs plan",2026-04-30T16:12:42Z
r32-0001638,ymiller@ashlandretailpartners.com,Close Checklist Bot,Summarize the Jan variance for entity MX-04,completed,18.8,"Ops Jan variance was $1,286,397 vs plan",2026-04-30T11:02:39Z
r32-0001639,ymiller@ashlandretailpartners.com,Headcount Planner,Forecast Feb operating cash flow,completed,26.6,"Accounting Feb variance was $4,626,153 vs plan",2026-04-30T12:29:43Z
r32-0001640,rsmith@ashlandretailpartners.com,Cash Forecaster,Reconcile AP aging over 90 days for US-06,completed,54.9,"Treasury Mar variance was $4,359,411 vs plan",2026-04-30T12:40:14Z
r32-0001641,lharris@ashlandretailpartners.com,Board Deck Builder,Summarize the Feb variance for entity MX-08,completed,58.5,"FP&A Feb variance was $190,709 vs plan",2026-04-30T17:11:32Z
r32-0001642,rsmith@ashlandretailpartners.com,Revenue Recognizer,Draft flux commentary for the Mar close,completed,8.5,"Treasury Mar variance was $2,109,637 vs plan",2026-05-01T09:53:04Z
r32-0001643,rsmith@ashlandretailpartners.com,Board Deck Builder,Forecast Mar operating cash flow,error,3.2,ERROR: upstream request timed out,2026-05-01T15:43:41Z
r32-0001644,lharris@ashlandretailpartners.com,Flux Commentary,Summarize the Mar variance for entity CA-09,completed,67.4,"FP&A Mar variance was $4,171,016 vs plan",2026-05-01T14:26:40Z
r32-0001645,ymiller@ashlandretailpartners.com,Vendor Spend Analyzer,Reconcile AP aging over 90 days for CA-02,completed,47.2,"Treasury Jan variance was $4,186,282 vs plan",2026-05-01T09:08:02Z
r32-0001646,rsmith@ashlandretailpartners.com,Flux Commentary,Reconcile AP aging over 90 days for CA-03,completed,3.4,"Treasury Feb variance was $1,585,345 vs plan",2026-05-01T12:16:31Z
r32-0001647,ymiller@ashlandretailpartners.com,Revenue Recognizer,Explain the headcount variance vs plan,completed,47.9,"Accounting Jun variance was $489,161 vs plan",2026-05-01T13:09:49Z
r32-0001648,lharris@ashlandretailpartners.com,Flux Commentary,Why did Accounting spend exceed budget in Jun?,completed,60.0,"Accounting Jun variance was $3,486,681 vs plan",2026-05-01T11:18:46Z
r32-0001649,ymiller@ashlandretailpartners.com,Headcount Planner,Forecast Apr operating cash flow,completed,22.3,"FP&A Apr variance was $2,984,180 vs plan",2026-05-01T13:41:12Z
r32-0001650,lharris@ashlandretailpartners.com,Covenant Checker,Summarize the Mar variance for entity EU-06,completed,16.6,"Accounting Mar variance was $2,562,874 vs plan",2026-05-01T13:46:35Z
r32-0001651,rsmith@ashlandretailpartners.com,AP Aging Analyst,What drove the change in gross margin this quarter?,completed,48.3,"Ops Feb variance was $1,980,679 vs plan",2026-05-01T12:56:45Z
r32-0001652,sclark@ashlandretailpartners.com,Revenue Recognizer,Summarize the Feb variance for entity US-09,completed,8.2,"FP&A Feb variance was $3,346,742 vs plan",2026-05-01T12:38:37Z
r32-0001653,rsmith@ashlandretailpartners.com,AP Aging Analyst,Forecast Jun operating cash flow,completed,37.1,"Ops Jun variance was $1,015,603 vs plan",2026-05-01T13:37:40Z
r32-0001654,rsmith@ashlandretailpartners.com,Journal Entry Reviewer,Summarize the Feb variance for entity CA-07,completed,70.7,"Accounting Feb variance was $2,330,795 vs plan",2026-05-01T11:09:21Z
r32-0001655,rsmith@ashlandretailpartners.com,Journal Entry Reviewer,Draft flux commentary for the Jun close,completed,32.7,"Treasury Jun variance was $2,958,089 vs plan",2026-05-01T08:03:01Z
r32-0001656,rsmith@ashlandretailpartners.com,Variance Explainer,Build the board deck cash slide for May,completed,10.0,"FP&A May variance was $3,994,957 vs plan",2026-05-01T11:53:43Z
r32-0001657,rsmith@ashlandretailpartners.com,AP Aging Analyst,Check covenant compliance for the revolver,completed,25.0,"Ops Mar variance was $1,420,243 vs plan",2026-05-01T12:22:50Z
r32-0001658,ymiller@ashlandretailpartners.com,Vendor Spend Analyzer,Check covenant compliance for the revolver,completed,65.8,"Treasury May variance was $3,115,054 vs plan",2026-05-01T11:32:26Z
r32-0001659,rsmith@ashlandretailpartners.com,Vendor Spend Analyzer,Forecast Apr operating cash flow,error,6.4,FAILED: null reference in aggregation step,2026-05-01T12:56:03Z
r32-0001660,rsmith@ashlandretailpartners.com,Revenue Recognizer,Explain the headcount variance vs plan,completed,24.4,"Treasury Feb variance was $3,514,671 vs plan",2026-05-01T14:25:31Z
r32-0001661,ymiller@ashlandretailpartners.com,Journal Entry Reviewer,Check covenant compliance for the revolver,completed,22.9,"Accounting Jan variance was $3,634,618 vs plan",2026-05-01T14:16:24Z
r32-0001662,rsmith@ashlandretailpartners.com,Board Deck Builder,Check covenant compliance for the revolver,completed,65.8,"Ops May variance was $1,077,336 vs plan",2026-05-01T16:02:45Z
r32-0001663,lharris@ashlandretailpartners.com,Variance Explainer,Check covenant compliance for the revolver,completed,36.6,"Ops Jan variance was $1,690,761 vs plan",2026-05-01T08:05:37Z
r32-0001664,rsmith@ashlandretailpartners.com,Budget vs Actual,Which cost centers are over budget YTD?,completed,33.5,"Treasury Jun variance was $4,232,266 vs plan",2026-05-01T16:17:09Z
r32-0001665,rsmith@ashlandretailpartners.com,AP Aging Analyst,Why did Ops spend exceed budget in Jun?,completed,62.8,"Ops Jun variance was $3,001,531 vs plan",2026-05-01T07:09:44Z
r32-0001666,sclark@ashlandretailpartners.com,Close Checklist Bot,Forecast Mar operating cash flow,completed,21.6,"Accounting Mar variance was $940,870 vs plan",2026-05-01T13:41:53Z
r32-0001667,rsmith@ashlandretailpartners.com,Revenue Recognizer,Forecast Feb operating cash flow,completed,44.8,"Treasury Feb variance was $1,607,362 vs plan",2026-05-01T15:49:05Z
r32-0001668,rsmith@ashlandretailpartners.com,Journal Entry Reviewer,Reconcile AP aging over 90 days for MX-01,completed,12.4,"Treasury Apr variance was $15,157 vs plan",2026-05-01T10:39:22Z
r32-0001669,ymiller@ashlandretailpartners.com,Vendor Spend Analyzer,Which cost centers are over budget YTD?,completed,71.5,"Treasury Jun variance was $658,168 vs plan",2026-05-01T08:07:37Z
r32-0001670,ymiller@ashlandretailpartners.com,Journal Entry Reviewer,Reconcile AP aging over 90 days for EU-06,completed,4.4,"FP&A Feb variance was $1,389,975 vs plan",2026-05-01T13:45:27Z
r32-0001671,ymiller@ashlandretailpartners.com,Budget vs Actual,Check covenant compliance for the revolver,completed,69.3,"FP&A Feb variance was $4,142,773 vs plan",2026-05-01T08:54:34Z
r32-0001672,ymiller@ashlandretailpartners.com,Variance Explainer,What drove the change in gross margin this quarter?,completed,68.5,"Ops Apr variance was $187,286 vs plan",2026-05-01T10:45:39Z
r32-0001673,ymiller@ashlandretailpartners.com,Board Deck Builder,Draft flux commentary for the Jun close,completed,55.8,"FP&A Jun variance was $1,254,790 vs plan",2026-05-01T10:25:13Z
r32-0001674,ymiller@ashlandretailpartners.com,Vendor Spend Analyzer,Check covenant compliance for the revolver,completed,0.4,ERROR: upstream request timed out,2026-05-01T11:49:31Z
r32-0001675,ymiller@ashlandretailpartners.com,Cash Forecaster,Summarize the Feb variance for entity CA-01,completed,54.3,"Ops Feb variance was $1,892,181 vs plan",2026-05-01T14:26:07Z
r32-0001676,rsmith@ashlandretailpartners.com,Flux Commentary,Draft flux commentary for the Jun close,completed,1.2,error: connection reset by peer,2026-05-01T13:30:30Z
r32-0001677,rsmith@ashlandretailpartners.com,Revenue Recognizer,Summarize the Jun variance for entity US-06,completed,1.1,error: connection reset by peer,2026-05-01T11:44:00Z
r32-0001678,ymiller@ashlandretailpartners.com,Journal Entry Reviewer,What drove the change in gross margin this quarter?,completed,20.8,"FP&A Mar variance was $286,169 vs plan",2026-05-01T17:34:07Z
r32-0001679,lharris@ashlandretailpartners.com,Variance Explainer,Explain the headcount variance vs plan,completed,22.5,"Treasury Jan variance was $4,218,416 vs plan",2026-05-02T07:45:20Z
r32-0001680,rsmith@ashlandretailpartners.com,AP Aging Analyst,Which cost centers are over budget YTD?,completed,0.3,Traceback (most recent call last): KeyError 'entity',2026-05-02T17:41:32Z
r32-0001681,ymiller@ashlandretailpartners.com,Budget vs Actual,Which cost centers are over budget YTD?,completed,9.7,"Accounting Apr variance was $109,746 vs plan",2026-05-02T09:22:39Z
r32-0001682,rsmith@ashlandretailpartners.com,Flux Commentary,Why did Ops spend exceed budget in Feb?,completed,6.8,"Ops Feb variance was $483,314 vs plan",2026-05-02T12:16:02Z
r32-0001683,rsmith@ashlandretailpartners.com,Journal Entry Reviewer,Summarize the Jan variance for entity MX-03,completed,61.3,"FP&A Jan variance was $1,022,706 vs plan",2026-05-02T13:10:57Z
r32-0001684,ymiller@ashlandretailpartners.com,Variance Explainer,Draft flux commentary for the May close,completed,50.1,"Treasury May variance was $876,889 vs plan",2026-05-02T16:16:24Z
r32-0001685,lharris@ashlandretailpartners.com,Variance Explainer,Reconcile AP aging over 90 days for CA-01,completed,5.1,"FP&A Jun variance was $4,314,199 vs plan",2026-05-02T13:06:08Z
r32-0001686,ymiller@ashlandretailpartners.com,Revenue Recognizer,Why did Treasury spend exceed budget in Jun?,completed,6.5,"Treasury Jun variance was $1,083,658 vs plan",2026-05-02T07:07:03Z
r32-0001687,ymiller@ashlandretailpartners.com,Budget vs Actual,Which cost centers are over budget YTD?,completed,62.7,"Accounting Jun variance was $3,561,360 vs plan",2026-05-02T12:52:11Z
r32-0001688,ymiller@ashlandretailpartners.com,Journal Entry Reviewer,Forecast Mar operating cash flow,completed,12.0,"Ops Mar variance was $1,311,678 vs plan",2026-05-02T11:38:29Z
r32-0001689,rsmith@ashlandretailpartners.com,Board Deck Builder,What drove the change in gross margin this quarter?,completed,23.8,"Treasury Feb variance was $4,694,896 vs plan",2026-05-02T13:40:52Z
r32-0001690,ymiller@ashlandretailpartners.com,Flux Commentary,Which cost centers are over budget YTD?,completed,38.0,"FP&A Apr variance was $2,536,039 vs plan",2026-05-02T08:42:56Z
r32-0001691,lharris@ashlandretailpartners.com,AP Aging Analyst,Reconcile AP aging over 90 days for CA-03,completed,0.5,error: connection reset by peer,2026-05-02T15:36:09Z
r32-0001692,rsmith@ashlandretailpartners.com,Budget vs Actual,Forecast Jan operating cash flow,error,3.8,ERROR: upstream request timed out,2026-05-03T13:03:30Z
r32-0001693,sclark@ashlandretailpartners.com,Vendor Spend Analyzer,Why did Accounting spend exceed budget in Jan?,completed,11.6,"Accounting Jan variance was $2,337,192 vs plan",2026-05-03T13:35:51Z
r32-0001694,rsmith@ashlandretailpartners.com,Budget vs Actual,Build the board deck cash slide for Mar,completed,50.1,"Accounting Mar variance was $4,759,626 vs plan",2026-05-03T13:47:01Z
r32-0001695,sclark@ashlandretailpartners.com,Journal Entry Reviewer,Draft flux commentary for the Apr close,completed,64.2,"Treasury Apr variance was $1,815,469 vs plan",2026-05-03T13:03:01Z
r32-0001696,sclark@ashlandretailpartners.com,Flux Commentary,Forecast Jan operating cash flow,completed,18.0,"Accounting Jan variance was $1,581,251 vs plan",2026-05-03T07:48:14Z
r32-0001697,lharris@ashlandretailpartners.com,Vendor Spend Analyzer,Reconcile AP aging over 90 days for US-07,completed,12.7,"FP&A Apr variance was $547,185 vs plan",2026-05-03T17:42:46Z
r32-0001698,sclark@ashlandretailpartners.com,Vendor Spend Analyzer,Explain the headcount variance vs plan,completed,36.5,"Ops May variance was $1,244,414 vs plan",2026-05-03T16:20:37Z
r32-0001699,rsmith@ashlandretailpartners.com,Headcount Planner,Explain the headcount variance vs plan,completed,26.4,"FP&A Feb variance was $2,909,608 vs plan",2026-05-03T11:23:17Z
r32-0001700,ymiller@ashlandretailpartners.com,Variance Explainer,Forecast Feb operating cash flow,completed,6.4,"FP&A Feb variance was $4,686,300 vs plan",2026-05-03T12:43:33Z
r32-0001701,ymiller@ashlandretailpartners.com,Vendor Spend Analyzer,Draft flux commentary for the Feb close,completed,1.6,ERROR: upstream request timed out,2026-05-03T07:44:20Z
r32-0001702,lharris@ashlandretailpartners.com,Board Deck Builder,Check covenant compliance for the revolver,completed,16.2,"FP&A Jun variance was $3,564,832 vs plan",2026-05-03T10:55:53Z
r32-0001703,ymiller@ashlandretailpartners.com,Covenant Checker,Forecast Mar operating cash flow,completed,61.2,"Treasury Mar variance was $1,846,763 vs plan",2026-05-03T08:39:13Z
r32-0001704,rsmith@ashlandretailpartners.com,Variance Explainer,What drove the change in gross margin this quarter?,completed,34.7,"Treasury May variance was $3,529,284 vs plan",2026-05-03T15:33:41Z
r32-0001705,ymiller@ashlandretailpartners.com,Cash Forecaster,Build the board deck cash slide for Jun,completed,22.8,"FP&A Jun variance was $3,431,478 vs plan",2026-05-03T12:41:05Z
r32-0001706,ymiller@ashlandretailpartners.com,Cash Forecaster,Check covenant compliance for the revolver,completed,23.7,"Accounting May variance was $4,466,867 vs plan",2026-05-03T15:48:25Z
r32-0001707,rsmith@ashlandretailpartners.com,Vendor Spend Analyzer,Reconcile AP aging over 90 days for US-02,completed,1.9,error: connection reset by peer,2026-05-04T14:10:03Z
r32-0001708,ymiller@ashlandretailpartners.com,Flux Commentary,Explain the headcount variance vs plan,completed,32.9,"FP&A May variance was $3,215,070 vs plan",2026-05-04T06:36:12Z
r32-0001709,ymiller@ashlandretailpartners.com,Variance Explainer,Build the board deck cash slide for Jan,completed,45.8,"Ops Jan variance was $4,632,965 vs plan",2026-05-04T13:47:56Z
r32-0001710,sclark@ashlandretailpartners.com,Budget vs Actual,What drove the change in gross margin this quarter?,completed,7.3,"Accounting Jan variance was $555,782 vs plan",2026-05-04T12:16:39Z
r32-0001711,rsmith@ashlandretailpartners.com,Board Deck Builder,What drove the change in gross margin this quarter?,completed,74.7,"Accounting Feb variance was $3,595,848 vs plan",2026-05-04T06:59:02Z
r32-0001712,sclark@ashlandretailpartners.com,Headcount Planner,Why did Ops spend exceed budget in Mar?,completed,46.2,"Ops Mar variance was $3,492,244 vs plan",2026-05-04T13:02:02Z
r32-0001713,rsmith@ashlandretailpartners.com,Vendor Spend Analyzer,Which cost centers are over budget YTD?,completed,16.9,"FP&A Feb variance was $3,042,176 vs plan",2026-05-04T09:54:18Z
r32-0001714,rsmith@ashlandretailpartners.com,Variance Explainer,Summarize the Mar variance for entity MX-02,completed,60.6,"Accounting Mar variance was $1,761,192 vs plan",2026-05-04T09:53:48Z
r32-0001715,ymiller@ashlandretailpartners.com,Cash Forecaster,Why did Treasury spend exceed budget in Apr?,completed,72.3,"Treasury Apr variance was $1,064,827 vs plan",2026-05-04T19:48:53Z
r32-0001716,rsmith@ashlandretailpartners.com,Vendor Spend Analyzer,Explain the headcount variance vs plan,completed,27.2,"Treasury May variance was $2,824,326 vs plan",2026-05-04T08:19:33Z
r32-0001717,rsmith@ashlandretailpartners.com,Revenue Recognizer,Which cost centers are over budget YTD?,completed,15.1,"Ops May variance was $3,086,266 vs plan",2026-05-04T11:36:19Z
r32-0001718,ymiller@ashlandretailpartners.com,Variance Explainer,Why did Accounting spend exceed budget in Jan?,completed,19.5,"Accounting Jan variance was $1,907,670 vs plan",2026-05-04T13:41:33Z
r32-0001719,ymiller@ashlandretailpartners.com,Covenant Checker,Summarize the May variance for entity MX-05,completed,72.4,"Treasury May variance was $209,700 vs plan",2026-05-04T11:44:00Z
r32-0001720,ymiller@ashlandretailpartners.com,Vendor Spend Analyzer,Forecast Mar operating cash flow,completed,19.3,"FP&A Mar variance was $2,723,877 vs plan",2026-05-04T12:08:49Z
r32-0001721,rsmith@ashlandretailpartners.com,Budget vs Actual,Check covenant compliance for the revolver,completed,57.1,"FP&A Apr variance was $2,366,099 vs plan",2026-05-04T14:10:41Z
r32-0001722,ymiller@ashlandretailpartners.com,Covenant Checker,Draft flux commentary for the Jan close,completed,19.1,"Ops Jan variance was $4,208,930 vs plan",2026-05-04T13:56:03Z
r32-0001723,sclark@ashlandretailpartners.com,Close Checklist Bot,What drove the change in gross margin this quarter?,completed,34.6,"Treasury Feb variance was $3,693,503 vs plan",2026-05-04T11:51:08Z
r32-0001724,rsmith@ashlandretailpartners.com,Journal Entry Reviewer,Draft flux commentary for the Mar close,completed,7.2,"FP&A Mar variance was $4,282,528 vs plan",2026-05-04T07:14:50Z
r32-0001725,rsmith@ashlandretailpartners.com,Journal Entry Reviewer,What drove the change in gross margin this quarter?,error,4.5,Traceback (most recent call last): KeyError 'entity',2026-05-04T08:21:25Z
r32-0001726,sclark@ashlandretailpartners.com,Headcount Planner,Build the board deck cash slide for May,completed,71.5,"Accounting May variance was $2,463,442 vs plan",2026-05-04T13:34:56Z
r32-0001727,ymiller@ashlandretailpartners.com,Covenant Checker,What drove the change in gross margin this quarter?,completed,17.3,"FP&A Jun variance was $3,313,286 vs plan",2026-05-04T12:53:55Z
r32-0001728,ymiller@ashlandretailpartners.com,Close Checklist Bot,Build the board deck cash slide for Jan,completed,59.6,"Accounting Jan variance was $3,960,912 vs plan",2026-05-04T13:37:28Z
r32-0001729,rsmith@ashlandretailpartners.com,Revenue Recognizer,Reconcile AP aging over 90 days for CA-02,completed,50.1,"Treasury Jun variance was $4,114,894 vs plan",2026-05-04T11:07:25Z
r32-0001730,rsmith@ashlandretailpartners.com,Journal Entry Reviewer,Which cost centers are over budget YTD?,completed,22.2,"Accounting Jun variance was $2,882,650 vs plan",2026-05-04T07:10:33Z
r32-0001731,sclark@ashlandretailpartners.com,Headcount Planner,Check covenant compliance for the revolver,completed,19.9,"Ops Jun variance was $3,778,854 vs plan",2026-05-04T12:19:11Z
r32-0001732,ymiller@ashlandretailpartners.com,Covenant Checker,Draft flux commentary for the Apr close,completed,53.4,"Accounting Apr variance was $2,661,777 vs plan",2026-05-04T10:13:30Z
r32-0001733,rsmith@ashlandretailpartners.com,Journal Entry Reviewer,Build the board deck cash slide for May,completed,38.0,"FP&A May variance was $1,080,916 vs plan",2026-05-04T08:42:30Z
r32-0001734,ymiller@ashlandretailpartners.com,Board Deck Builder,Forecast Apr operating cash flow,completed,10.9,"Treasury Apr variance was $2,190,876 vs plan",2026-05-04T06:47:41Z
r32-0001735,ymiller@ashlandretailpartners.com,Variance Explainer,Draft flux commentary for the Mar close,completed,4.6,"Treasury Mar variance was $3,788,037 vs plan",2026-05-04T17:16:32Z
r32-0001736,rsmith@ashlandretailpartners.com,Vendor Spend Analyzer,Forecast Jun operating cash flow,completed,30.0,"Treasury Jun variance was $3,413,549 vs plan",2026-05-05T13:33:59Z
r32-0001737,rsmith@ashlandretailpartners.com,AP Aging Analyst,Build the board deck cash slide for May,completed,45.1,"Treasury May variance was $718,980 vs plan",2026-05-05T12:11:14Z
r32-0001738,ymiller@ashlandretailpartners.com,Covenant Checker,Reconcile AP aging over 90 days for US-01,completed,69.6,"Ops Jun variance was $2,738,183 vs plan",2026-05-05T12:57:09Z
r32-0001739,ymiller@ashlandretailpartners.com,Cash Forecaster,Why did Ops spend exceed budget in Mar?,completed,72.1,"Ops Mar variance was $2,677,638 vs plan",2026-05-05T17:13:15Z
r32-0001740,ymiller@ashlandretailpartners.com,Journal Entry Reviewer,Why did Treasury spend exceed budget in Feb?,completed,39.4,"Treasury Feb variance was $3,635,878 vs plan",2026-05-05T12:06:23Z
r32-0001741,ymiller@ashlandretailpartners.com,Headcount Planner,Why did FP&A spend exceed budget in Mar?,completed,15.4,"FP&A Mar variance was $494,898 vs plan",2026-05-05T12:56:09Z
r32-0001742,lharris@ashlandretailpartners.com,Close Checklist Bot,Draft flux commentary for the Mar close,completed,1.5,error code 502 from model gateway,2026-05-05T14:50:18Z
r32-0001743,lharris@ashlandretailpartners.com,Variance Explainer,Explain the headcount variance vs plan,completed,36.2,"Accounting Feb variance was $690,185 vs plan",2026-05-05T11:27:51Z
r32-0001744,lharris@ashlandretailpartners.com,Revenue Recognizer,What drove the change in gross margin this quarter?,completed,3.3,"Treasury Jan variance was $2,758,449 vs plan",2026-05-05T18:01:03Z
r32-0001745,ymiller@ashlandretailpartners.com,Flux Commentary,Explain the headcount variance vs plan,error,5.0,error code 502 from model gateway,2026-05-05T16:34:25Z
r32-0001746,ymiller@ashlandretailpartners.com,Revenue Recognizer,Summarize the Mar variance for entity CA-01,error,7.2,Traceback (most recent call last): KeyError 'entity',2026-05-05T13:14:52Z
r32-0001747,ymiller@ashlandretailpartners.com,Revenue Recognizer,Why did Accounting spend exceed budget in Feb?,completed,37.4,"Accounting Feb variance was $1,262,046 vs plan",2026-05-05T17:18:56Z
r32-0001748,rsmith@ashlandretailpartners.com,Board Deck Builder,Build the board deck cash slide for Jun,completed,64.4,"Treasury Jun variance was $4,219,843 vs plan",2026-05-05T10:37:43Z
r32-0001749,rsmith@ashlandretailpartners.com,Cash Forecaster,Which cost centers are over budget YTD?,completed,48.7,"Ops Feb variance was $3,833,763 vs plan",2026-05-05T16:53:45Z
r32-0001750,rsmith@ashlandretailpartners.com,AP Aging Analyst,Explain the headcount variance vs plan,completed,22.8,"FP&A Feb variance was $2,662,809 vs plan",2026-05-05T15:37:10Z
r32-0001751,rsmith@ashlandretailpartners.com,Variance Explainer,Reconcile AP aging over 90 days for US-08,error,4.5,error: connection reset by peer,2026-05-05T14:59:51Z
r32-0001752,rsmith@ashlandretailpartners.com,Journal Entry Reviewer,Build the board deck cash slide for Mar,completed,10.6,"Ops Mar variance was $3,028,251 vs plan",2026-05-05T11:50:58Z
r32-0001753,ymiller@ashlandretailpartners.com,Journal Entry Reviewer,Reconcile AP aging over 90 days for MX-09,completed,57.5,"Accounting Apr variance was $1,829,265 vs plan",2026-05-05T06:25:02Z
r32-0001754,ymiller@ashlandretailpartners.com,Budget vs Actual,Check covenant compliance for the revolver,completed,68.3,"Accounting Feb variance was $1,601,092 vs plan",2026-05-05T08:17:20Z
r32-0001755,rsmith@ashlandretailpartners.com,Budget vs Actual,Check covenant compliance for the revolver,completed,67.0,"Treasury Apr variance was $4,694,958 vs plan",2026-05-05T18:49:14Z
r32-0001756,sclark@ashlandretailpartners.com,Variance Explainer,Draft flux commentary for the Jan close,error,3.8,ERROR: upstream request timed out,2026-05-05T11:44:59Z
r32-0001757,lharris@ashlandretailpartners.com,Covenant Checker,Summarize the May variance for entity EU-02,completed,38.8,"Ops May variance was $4,028,576 vs plan",2026-05-05T12:00:23Z
r32-0001758,ymiller@ashlandretailpartners.com,Vendor Spend Analyzer,Reconcile AP aging over 90 days for MX-01,error,0.5,Traceback (most recent call last): KeyError 'entity',2026-05-05T12:23:01Z
r32-0001759,ymiller@ashlandretailpartners.com,Vendor Spend Analyzer,Why did Accounting spend exceed budget in Apr?,completed,8.6,"Accounting Apr variance was $1,387,129 vs plan",2026-05-05T14:15:51Z
r32-0001760,rsmith@ashlandretailpartners.com,Close Checklist Bot,What drove the change in gross margin this quarter?,error,1.5,ERROR: upstream request timed out,2026-05-05T17:09:40Z
r32-0001761,rsmith@ashlandretailpartners.com,Cash Forecaster,Forecast Jan operating cash flow,completed,42.4,"FP&A Jan variance was $2,508,484 vs plan",2026-05-05T06:20:57Z
r32-0001762,ymiller@ashlandretailpartners.com,Headcount Planner,Check covenant compliance for the revolver,completed,36.3,"Ops May variance was $4,059,052 vs plan",2026-05-05T12:15:36Z
r32-0001763,ymiller@ashlandretailpartners.com,Budget vs Actual,Why did FP&A spend exceed budget in Feb?,completed,55.8,"FP&A Feb variance was $3,407,111 vs plan",2026-05-05T13:20:49Z
r32-0001764,ymiller@ashlandretailpartners.com,Headcount Planner,Summarize the Apr variance for entity CA-02,completed,1.7,ERROR: upstream request timed out,2026-05-06T17:45:04Z
r32-0001765,lharris@ashlandretailpartners.com,AP Aging Analyst,Forecast Mar operating cash flow,completed,10.9,"Treasury Mar variance was $3,274,683 vs plan",2026-05-06T15:21:48Z
r32-0001766,ymiller@ashlandretailpartners.com,Revenue Recognizer,Why did Treasury spend exceed budget in Apr?,completed,9.3,"Treasury Apr variance was $1,012,529 vs plan",2026-05-06T09:48:59Z
r32-0001767,rsmith@ashlandretailpartners.com,Flux Commentary,Explain the headcount variance vs plan,completed,63.9,"Treasury Feb variance was $4,377,938 vs plan",2026-05-06T12:32:24Z
r32-0001768,ymiller@ashlandretailpartners.com,Board Deck Builder,What drove the change in gross margin this quarter?,completed,68.7,"Accounting Feb variance was $3,095,618 vs plan",2026-05-06T10:30:35Z
r32-0001769,ymiller@ashlandretailpartners.com,Covenant Checker,Which cost centers are over budget YTD?,completed,51.7,"Treasury Jun variance was $1,631,981 vs plan",2026-05-06T11:41:23Z
r32-0001770,lharris@ashlandretailpartners.com,Journal Entry Reviewer,Explain the headcount variance vs plan,completed,37.9,"Ops May variance was $1,026,778 vs plan",2026-05-06T11:46:12Z
r32-0001771,rsmith@ashlandretailpartners.com,Variance Explainer,Which cost centers are over budget YTD?,completed,43.5,"Ops Jan variance was $1,458,729 vs plan",2026-05-06T13:47:58Z
r32-0001772,ymiller@ashlandretailpartners.com,AP Aging Analyst,Build the board deck cash slide for Apr,completed,46.6,"Ops Apr variance was $22,265 vs plan",2026-05-06T11:12:05Z
r32-0001773,rsmith@ashlandretailpartners.com,Revenue Recognizer,Build the board deck cash slide for Mar,completed,52.2,"Ops Mar variance was $2,387,958 vs plan",2026-05-06T11:55:43Z
r32-0001774,ymiller@ashlandretailpartners.com,AP Aging Analyst,Check covenant compliance for the revolver,error,1.9,error code 502 from model gateway,2026-05-06T11:19:44Z
r32-0001775,ymiller@ashlandretailpartners.com,Headcount Planner,Which cost centers are over budget YTD?,completed,15.6,"FP&A Mar variance was $4,728,707 vs plan",2026-05-06T14:13:18Z
r32-0001776,ymiller@ashlandretailpartners.com,Journal Entry Reviewer,Build the board deck cash slide for Jan,completed,65.5,"Ops Jan variance was $653,396 vs plan",2026-05-06T12:27:48Z
r32-0001777,rsmith@ashlandretailpartners.com,Budget vs Actual,Reconcile AP aging over 90 days for MX-02,completed,67.6,"Accounting Apr variance was $3,464,280 vs plan",2026-05-06T13:17:02Z
r32-0001778,lharris@ashlandretailpartners.com,Revenue Recognizer,Forecast Jan operating cash flow,completed,68.0,"Accounting Jan variance was $3,067,810 vs plan",2026-05-06T10:41:40Z
r32-0001779,sclark@ashlandretailpartners.com,Vendor Spend Analyzer,Why did Ops spend exceed budget in Mar?,completed,7.5,"Ops Mar variance was $1,815,388 vs plan",2026-05-06T12:04:09Z
r32-0001780,ymiller@ashlandretailpartners.com,Revenue Recognizer,Why did Accounting spend exceed budget in Feb?,completed,30.9,"Accounting Feb variance was $298,934 vs plan",2026-05-06T08:46:51Z
r32-0001781,ymiller@ashlandretailpartners.com,Flux Commentary,What drove the change in gross margin this quarter?,completed,60.2,"Ops Feb variance was $2,425,643 vs plan",2026-05-06T14:27:17Z
r32-0001782,ymiller@ashlandretailpartners.com,Variance Explainer,Build the board deck cash slide for Jan,completed,71.1,"Ops Jan variance was $2,089,357 vs plan",2026-05-06T11:22:22Z
r32-0001783,ymiller@ashlandretailpartners.com,Vendor Spend Analyzer,Draft flux commentary for the Jan close,completed,15.6,"Treasury Jan variance was $2,516,848 vs plan",2026-05-06T17:39:43Z
r32-0001784,ymiller@ashlandretailpartners.com,Cash Forecaster,Forecast Feb operating cash flow,completed,65.2,"FP&A Feb variance was $411,011 vs plan",2026-05-06T10:23:42Z
r32-0001785,ymiller@ashlandretailpartners.com,Variance Explainer,What drove the change in gross margin this quarter?,completed,36.8,"Ops Mar variance was $1,652,132 vs plan",2026-05-06T15:18:27Z
r32-0001786,ymiller@ashlandretailpartners.com,Covenant Checker,Build the board deck cash slide for Mar,completed,40.5,"Ops Mar variance was $688,259 vs plan",2026-05-06T13:46:52Z
r32-0001787,ymiller@ashlandretailpartners.com,Revenue Recognizer,Explain the headcount variance vs plan,completed,72.8,"Accounting Jun variance was $3,635,419 vs plan",2026-05-06T11:47:52Z
r32-0001788,rsmith@ashlandretailpartners.com,Covenant Checker,Reconcile AP aging over 90 days for EU-07,completed,30.8,"Accounting Apr variance was $2,577,240 vs plan",2026-05-06T10:51:54Z
r32-0001789,rsmith@ashlandretailpartners.com,Vendor Spend Analyzer,What drove the change in gross margin this quarter?,completed,57.6,"Accounting Jun variance was $892,147 vs plan",2026-05-06T12:57:59Z
r32-0001790,rsmith@ashlandretailpartners.com,Variance Explainer,Draft flux commentary for the Jan close,completed,52.8,"Accounting Jan variance was $4,561,563 vs plan",2026-05-06T12:02:20Z
r32-0001791,ymiller@ashlandretailpartners.com,Vendor Spend Analyzer,What drove the change in gross margin this quarter?,error,6.6,Traceback (most recent call last): KeyError 'entity',2026-05-06T11:30:54Z
r32-0001792,rsmith@ashlandretailpartners.com,Close Checklist Bot,Which cost centers are over budget YTD?,completed,65.9,"Treasury Apr variance was $3,064,475 vs plan",2026-05-06T15:38:44Z
r32-0001793,ymiller@ashlandretailpartners.com,Board Deck Builder,Check covenant compliance for the revolver,completed,44.7,"Ops Mar variance was $1,556,630 vs plan",2026-05-06T14:46:21Z
r32-0001794,rsmith@ashlandretailpartners.com,Budget vs Actual,Summarize the May variance for entity CA-07,completed,62.3,"Ops May variance was $3,815,503 vs plan",2026-05-06T11:19:26Z
r32-0001795,rsmith@ashlandretailpartners.com,Cash Forecaster,Explain the headcount variance vs plan,completed,1.6,Traceback (most recent call last): KeyError 'entity',2026-05-06T10:26:15Z
r32-0001796,rsmith@ashlandretailpartners.com,Board Deck Builder,Check covenant compliance for the revolver,completed,55.2,"Ops Jan variance was $4,184,057 vs plan",2026-05-06T18:45:13Z
r32-0001797,rsmith@ashlandretailpartners.com,Variance Explainer,Summarize the May variance for entity MX-08,completed,34.6,"Accounting May variance was $3,281,726 vs plan",2026-05-06T16:43:07Z
r32-0001798,ymiller@ashlandretailpartners.com,Headcount Planner,Explain the headcount variance vs plan,completed,63.8,"FP&A Feb variance was $3,247,810 vs plan",2026-05-06T11:52:33Z
r32-0001799,ymiller@ashlandretailpartners.com,Vendor Spend Analyzer,Which cost centers are over budget YTD?,completed,9.9,"FP&A Jan variance was $1,478,010 vs plan",2026-05-07T15:03:38Z
r32-0001800,ymiller@ashlandretailpartners.com,Cash Forecaster,What drove the change in gross margin this quarter?,completed,67.3,"FP&A Apr variance was $2,563,755 vs plan",2026-05-07T15:16:31Z
r32-0001801,lharris@ashlandretailpartners.com,Variance Explainer,Forecast Feb operating cash flow,completed,71.9,"Treasury Feb variance was $4,205,346 vs plan",2026-05-07T07:16:46Z
r32-0001802,rsmith@ashlandretailpartners.com,Budget vs Actual,Explain the headcount variance vs plan,completed,51.6,"Ops Jan variance was $1,781,254 vs plan",2026-05-07T09:40:29Z
r32-0001803,rsmith@ashlandretailpartners.com,Revenue Recognizer,Draft flux commentary for the Apr close,completed,59.8,"Accounting Apr variance was $4,514,813 vs plan",2026-05-07T13:41:57Z
r32-0001804,rsmith@ashlandretailpartners.com,Journal Entry Reviewer,Check covenant compliance for the revolver,completed,30.9,"Accounting Apr variance was $4,795,998 vs plan",2026-05-07T13:15:47Z
r32-0001805,ymiller@ashlandretailpartners.com,Cash Forecaster,Summarize the May variance for entity EU-05,completed,0.7,FAILED: null reference in aggregation step,2026-05-07T12:23:29Z
r32-0001806,lharris@ashlandretailpartners.com,Variance Explainer,Draft flux commentary for the Jun close,completed,74.7,"Treasury Jun variance was $1,443,575 vs plan",2026-05-07T12:35:11Z
r32-0001807,rsmith@ashlandretailpartners.com,Variance Explainer,Reconcile AP aging over 90 days for MX-07,completed,28.1,"Treasury Apr variance was $4,047,410 vs plan",2026-05-07T13:21:59Z
r32-0001808,sclark@ashlandretailpartners.com,Board Deck Builder,Explain the headcount variance vs plan,completed,25.3,"FP&A Jun variance was $2,772,372 vs plan",2026-05-07T12:42:27Z
r32-0001809,lharris@ashlandretailpartners.com,Covenant Checker,Check covenant compliance for the revolver,completed,1.3,ERROR: upstream request timed out,2026-05-07T15:49:43Z
r32-0001810,sclark@ashlandretailpartners.com,Budget vs Actual,What drove the change in gross margin this quarter?,completed,33.4,"Treasury Apr variance was $2,125,246 vs plan",2026-05-07T18:32:03Z
r32-0001811,rsmith@ashlandretailpartners.com,Headcount Planner,Check covenant compliance for the revolver,completed,5.8,"FP&A Feb variance was $4,581,675 vs plan",2026-05-07T12:36:04Z
r32-0001812,lharris@ashlandretailpartners.com,Budget vs Actual,Build the board deck cash slide for Jan,completed,58.4,"Ops Jan variance was $1,251,061 vs plan",2026-05-07T08:29:36Z
r32-0001813,lharris@ashlandretailpartners.com,Close Checklist Bot,What drove the change in gross margin this quarter?,completed,3.6,"Accounting Jan variance was $3,960,574 vs plan",2026-05-07T12:44:35Z
r32-0001814,rsmith@ashlandretailpartners.com,Revenue Recognizer,Build the board deck cash slide for Apr,completed,56.5,"Ops Apr variance was $1,236,557 vs plan",2026-05-07T13:04:35Z
r32-0001815,rsmith@ashlandretailpartners.com,Flux Commentary,Draft flux commentary for the Apr close,completed,72.8,"FP&A Apr variance was $475,574 vs plan",2026-05-07T07:10:30Z
r32-0001816,lharris@ashlandretailpartners.com,Covenant Checker,Explain the headcount variance vs plan,completed,53.8,"Treasury Jan variance was $1,941,252 vs plan",2026-05-07T16:30:24Z
r32-0001817,ymiller@ashlandretailpartners.com,Board Deck Builder,Summarize the Mar variance for entity CA-06,completed,1.3,Traceback (most recent call last): KeyError 'entity',2026-05-07T09:36:11Z
r32-0001818,lharris@ashlandretailpartners.com,Cash Forecaster,Check covenant compliance for the revolver,completed,1.7,FAILED: null reference in aggregation step,2026-05-07T12:03:45Z
r32-0001819,rsmith@ashlandretailpartners.com,Revenue Recognizer,Why did Accounting spend exceed budget in May?,completed,48.7,"Accounting May variance was $2,688,477 vs plan",2026-05-07T12:30:41Z
r32-0001820,ymiller@ashlandretailpartners.com,Budget vs Actual,Draft flux commentary for the Apr close,completed,58.3,"Accounting Apr variance was $1,874,051 vs plan",2026-05-07T16:35:25Z
r32-0001821,ymiller@ashlandretailpartners.com,Close Checklist Bot,Build the board deck cash slide for Apr,completed,45.2,"Treasury Apr variance was $1,627,641 vs plan",2026-05-07T10:37:23Z
r32-0001822,ymiller@ashlandretailpartners.com,Headcount Planner,What drove the change in gross margin this quarter?,completed,1.7,error: connection reset by peer,2026-05-07T10:23:49Z
r32-0001823,ymiller@ashlandretailpartners.com,Budget vs Actual,Forecast Feb operating cash flow,error,7.7,ERROR: upstream request timed out,2026-05-07T17:28:32Z
r32-0001824,lharris@ashlandretailpartners.com,Board Deck Builder,Forecast Apr operating cash flow,completed,49.2,"Treasury Apr variance was $862,766 vs plan",2026-05-07T17:34:23Z
r32-0001825,lharris@ashlandretailpartners.com,Vendor Spend Analyzer,Explain the headcount variance vs plan,completed,5.6,"Ops Mar variance was $2,701,113 vs plan",2026-05-07T12:54:26Z
r32-0001826,rsmith@ashlandretailpartners.com,Cash Forecaster,Why did Accounting spend exceed budget in Jan?,completed,39.8,"Accounting Jan variance was $3,692,607 vs plan",2026-05-07T11:16:18Z
r32-0001827,ymiller@ashlandretailpartners.com,AP Aging Analyst,Reconcile AP aging over 90 days for MX-01,completed,0.9,FAILED: null reference in aggregation step,2026-05-07T17:31:21Z
r32-0001828,rsmith@ashlandretailpartners.com,Flux Commentary,What drove the change in gross margin this quarter?,completed,52.9,"FP&A Apr variance was $2,743,440 vs plan",2026-05-07T13:26:00Z
r32-0001829,rsmith@ashlandretailpartners.com,Variance Explainer,Explain the headcount variance vs plan,completed,50.0,"Ops Jun variance was $4,164,337 vs plan",2026-05-07T13:03:23Z
r32-0001830,lharris@ashlandretailpartners.com,Cash Forecaster,Why did Treasury spend exceed budget in Apr?,completed,26.0,"Treasury Apr variance was $1,279,523 vs plan",2026-05-07T14:10:36Z
r32-0001831,rsmith@ashlandretailpartners.com,Variance Explainer,What drove the change in gross margin this quarter?,completed,34.2,"Accounting Feb variance was $2,639,454 vs plan",2026-05-07T09:38:42Z
r32-0001832,rsmith@ashlandretailpartners.com,Revenue Recognizer,Draft flux commentary for the Jun close,completed,0.3,FAILED: null reference in aggregation step,2026-05-08T12:12:33Z
r32-0001833,ymiller@ashlandretailpartners.com,Journal Entry Reviewer,Reconcile AP aging over 90 days for EU-02,completed,31.8,"Treasury Jun variance was $1,272,515 vs plan",2026-05-08T15:18:21Z
r32-0001834,ymiller@ashlandretailpartners.com,Board Deck Builder,Why did Accounting spend exceed budget in Apr?,completed,39.0,"Accounting Apr variance was $160,522 vs plan",2026-05-08T11:22:45Z
r32-0001835,ymiller@ashlandretailpartners.com,AP Aging Analyst,What drove the change in gross margin this quarter?,completed,26.5,"Ops May variance was $1,086,478 vs plan",2026-05-08T12:27:54Z
r32-0001836,ymiller@ashlandretailpartners.com,Budget vs Actual,Summarize the Feb variance for entity EU-09,completed,73.1,"Accounting Feb variance was $4,730,529 vs plan",2026-05-08T11:37:56Z
r32-0001837,rsmith@ashlandretailpartners.com,Flux Commentary,Forecast May operating cash flow,completed,15.1,"Treasury May variance was $4,059,074 vs plan",2026-05-08T09:50:15Z
r32-0001838,rsmith@ashlandretailpartners.com,Vendor Spend Analyzer,Explain the headcount variance vs plan,completed,10.8,"Accounting Mar variance was $1,946,355 vs plan",2026-05-08T11:14:09Z
r32-0001839,rsmith@ashlandretailpartners.com,Revenue Recognizer,Check covenant compliance for the revolver,completed,69.0,"Treasury Jan variance was $3,874,150 vs plan",2026-05-08T10:49:44Z
r32-0001840,ymiller@ashlandretailpartners.com,Covenant Checker,Check covenant compliance for the revolver,completed,7.0,"Ops Feb variance was $4,396,929 vs plan",2026-05-08T15:52:49Z
r32-0001841,rsmith@ashlandretailpartners.com,Vendor Spend Analyzer,Summarize the Jan variance for entity US-04,completed,46.2,"FP&A Jan variance was $1,385,022 vs plan",2026-05-08T10:46:58Z
r32-0001842,ymiller@ashlandretailpartners.com,Headcount Planner,Draft flux commentary for the Feb close,error,1.6,ERROR: upstream request timed out,2026-05-08T16:17:23Z
r32-0001843,ymiller@ashlandretailpartners.com,AP Aging Analyst,Why did FP&A spend exceed budget in Apr?,completed,52.6,"FP&A Apr variance was $1,943,192 vs plan",2026-05-08T13:55:29Z
r32-0001844,lharris@ashlandretailpartners.com,AP Aging Analyst,Draft flux commentary for the May close,completed,0.6,Traceback (most recent call last): KeyError 'entity',2026-05-08T08:26:57Z
r32-0001845,ymiller@ashlandretailpartners.com,Vendor Spend Analyzer,Why did FP&A spend exceed budget in Jun?,completed,34.7,"FP&A Jun variance was $178,976 vs plan",2026-05-08T13:50:11Z
r32-0001846,sclark@ashlandretailpartners.com,Headcount Planner,What drove the change in gross margin this quarter?,completed,35.9,"FP&A Jun variance was $4,022,363 vs plan",2026-05-08T10:54:27Z
r32-0001847,ymiller@ashlandretailpartners.com,Cash Forecaster,Why did Ops spend exceed budget in Feb?,completed,73.1,"Ops Feb variance was $2,882,353 vs plan",2026-05-08T08:18:08Z
r32-0001848,ymiller@ashlandretailpartners.com,Board Deck Builder,Which cost centers are over budget YTD?,completed,32.3,"Ops Apr variance was $3,513,201 vs plan",2026-05-08T10:14:33Z
r32-0001849,ymiller@ashlandretailpartners.com,Covenant Checker,Summarize the Jan variance for entity US-07,completed,51.2,"Ops Jan variance was $3,353,440 vs plan",2026-05-08T11:19:59Z
r32-0001850,rsmith@ashlandretailpartners.com,Revenue Recognizer,What drove the change in gross margin this quarter?,completed,0.4,ERROR: upstream request timed out,2026-05-08T18:57:49Z
r32-0001851,ymiller@ashlandretailpartners.com,AP Aging Analyst,Explain the headcount variance vs plan,completed,66.5,"Ops Mar variance was $986,837 vs plan",2026-05-08T11:40:49Z
r32-0001852,ymiller@ashlandretailpartners.com,Covenant Checker,Summarize the Jun variance for entity MX-02,completed,1.4,FAILED: null reference in aggregation step,2026-05-08T11:54:20Z
r32-0001853,rsmith@ashlandretailpartners.com,Covenant Checker,Reconcile AP aging over 90 days for EU-03,completed,45.5,"Accounting May variance was $853,059 vs plan",2026-05-08T16:18:18Z
r32-0001854,ymiller@ashlandretailpartners.com,Variance Explainer,Build the board deck cash slide for Jun,completed,35.1,"Ops Jun variance was $1,171,603 vs plan",2026-05-08T16:12:47Z
r32-0001855,rsmith@ashlandretailpartners.com,Journal Entry Reviewer,Check covenant compliance for the revolver,completed,40.2,"Ops May variance was $627,964 vs plan",2026-05-08T22:08:05Z
r32-0001856,rsmith@ashlandretailpartners.com,Cash Forecaster,Build the board deck cash slide for Jan,completed,29.1,"Accounting Jan variance was $1,026,749 vs plan",2026-05-08T09:05:21Z
r32-0001857,sclark@ashlandretailpartners.com,Cash Forecaster,Build the board deck cash slide for Mar,completed,61.2,"Treasury Mar variance was $995,752 vs plan",2026-05-08T15:32:06Z
r32-0001858,rsmith@ashlandretailpartners.com,Journal Entry Reviewer,Summarize the Feb variance for entity EU-08,error,5.6,ERROR: upstream request timed out,2026-05-08T07:45:28Z
r32-0001859,ymiller@ashlandretailpartners.com,Revenue Recognizer,Forecast Apr operating cash flow,completed,61.7,"Ops Apr variance was $668,300 vs plan",2026-05-08T10:08:22Z
r32-0001860,ymiller@ashlandretailpartners.com,Variance Explainer,What drove the change in gross margin this quarter?,completed,48.9,"Treasury May variance was $2,830,821 vs plan",2026-05-08T12:24:50Z
r32-0001861,lharris@ashlandretailpartners.com,Vendor Spend Analyzer,Build the board deck cash slide for Jan,completed,10.5,"Accounting Jan variance was $2,991,189 vs plan",2026-05-08T10:53:53Z
r32-0001862,rsmith@ashlandretailpartners.com,Flux Commentary,Check covenant compliance for the revolver,completed,59.0,"Ops Jan variance was $2,400,877 vs plan",2026-05-08T16:14:25Z
r32-0001863,sclark@ashlandretailpartners.com,Variance Explainer,Draft flux commentary for the Jun close,error,3.8,error code 502 from model gateway,2026-05-08T11:34:56Z
r32-0001864,ymiller@ashlandretailpartners.com,Headcount Planner,Why did Ops spend exceed budget in Jun?,completed,37.8,"Ops Jun variance was $249,702 vs plan",2026-05-08T14:05:09Z
r32-0001865,rsmith@ashlandretailpartners.com,Journal Entry Reviewer,Build the board deck cash slide for Mar,completed,31.2,"Accounting Mar variance was $397,217 vs plan",2026-05-08T14:54:31Z
r32-0001866,rsmith@ashlandretailpartners.com,Budget vs Actual,Explain the headcount variance vs plan,completed,5.1,"Ops Mar variance was $2,036,022 vs plan",2026-05-08T09:32:11Z
r32-0001867,ymiller@ashlandretailpartners.com,Journal Entry Reviewer,What drove the change in gross margin this quarter?,completed,22.6,"Treasury Mar variance was $4,453,511 vs plan",2026-05-08T10:22:13Z
r32-0001868,rsmith@ashlandretailpartners.com,Flux Commentary,Explain the headcount variance vs plan,completed,10.3,"FP&A Apr variance was $4,747,355 vs plan",2026-05-08T12:27:24Z
r32-0001869,ymiller@ashlandretailpartners.com,Variance Explainer,Reconcile AP aging over 90 days for US-09,completed,74.9,"FP&A Mar variance was $3,409,649 vs plan",2026-05-09T14:13:37Z
r32-0001870,ymiller@ashlandretailpartners.com,Board Deck Builder,Summarize the Jun variance for entity MX-02,error,4.1,error code 502 from model gateway,2026-05-09T12:32:56Z
r32-0001871,lharris@ashlandretailpartners.com,Vendor Spend Analyzer,What drove the change in gross margin this quarter?,completed,65.5,"FP&A Apr variance was $293,688 vs plan",2026-05-09T15:35:02Z
r32-0001872,lharris@ashlandretailpartners.com,Variance Explainer,Check covenant compliance for the revolver,completed,27.7,"Treasury May variance was $798,742 vs plan",2026-05-09T13:16:35Z
r32-0001873,lharris@ashlandretailpartners.com,Close Checklist Bot,Build the board deck cash slide for Feb,completed,44.7,"Ops Feb variance was $907,648 vs plan",2026-05-09T11:25:30Z
r32-0001874,ymiller@ashlandretailpartners.com,AP Aging Analyst,Draft flux commentary for the Mar close,completed,70.8,"Treasury Mar variance was $3,163,931 vs plan",2026-05-09T12:11:05Z
r32-0001875,ymiller@ashlandretailpartners.com,Variance Explainer,What drove the change in gross margin this quarter?,completed,20.1,"FP&A Apr variance was $445,055 vs plan",2026-05-09T12:26:46Z
r32-0001876,rsmith@ashlandretailpartners.com,Vendor Spend Analyzer,Reconcile AP aging over 90 days for CA-07,completed,1.6,error: connection reset by peer,2026-05-09T14:28:03Z
r32-0001877,ymiller@ashlandretailpartners.com,Cash Forecaster,Reconcile AP aging over 90 days for CA-02,completed,27.0,"Accounting May variance was $4,151,287 vs plan",2026-05-09T10:22:04Z
r32-0001878,rsmith@ashlandretailpartners.com,AP Aging Analyst,Summarize the Jun variance for entity MX-07,completed,23.7,"Ops Jun variance was $1,098,594 vs plan",2026-05-09T12:37:44Z
r32-0001879,lharris@ashlandretailpartners.com,Board Deck Builder,Why did Ops spend exceed budget in Jan?,completed,19.8,"Ops Jan variance was $1,234,402 vs plan",2026-05-10T14:22:11Z
r32-0001880,ymiller@ashlandretailpartners.com,Close Checklist Bot,What drove the change in gross margin this quarter?,completed,1.4,Traceback (most recent call last): KeyError 'entity',2026-05-10T12:01:15Z
r32-0001881,ymiller@ashlandretailpartners.com,Covenant Checker,Which cost centers are over budget YTD?,completed,1.0,ERROR: upstream request timed out,2026-05-10T14:04:53Z
r32-0001882,rsmith@ashlandretailpartners.com,Journal Entry Reviewer,Draft flux commentary for the Feb close,completed,74.1,"Ops Feb variance was $3,859,893 vs plan",2026-05-10T06:32:46Z
r32-0001883,sclark@ashlandretailpartners.com,Vendor Spend Analyzer,Forecast Mar operating cash flow,completed,39.6,"FP&A Mar variance was $1,088,058 vs plan",2026-05-10T17:42:17Z
r32-0001884,ymiller@ashlandretailpartners.com,Budget vs Actual,Forecast Jan operating cash flow,completed,17.2,"Ops Jan variance was $1,752,986 vs plan",2026-05-10T12:36:21Z
r32-0001885,rsmith@ashlandretailpartners.com,AP Aging Analyst,What drove the change in gross margin this quarter?,completed,52.8,"Ops Feb variance was $2,185,479 vs plan",2026-05-10T19:45:51Z
r32-0001886,ymiller@ashlandretailpartners.com,Variance Explainer,Which cost centers are over budget YTD?,completed,21.3,"Treasury Feb variance was $1,628,054 vs plan",2026-05-10T16:33:27Z
r32-0001887,ymiller@ashlandretailpartners.com,Revenue Recognizer,What drove the change in gross margin this quarter?,completed,1.6,ERROR: upstream request timed out,2026-05-10T14:59:22Z
r32-0001888,ymiller@ashlandretailpartners.com,Flux Commentary,Reconcile AP aging over 90 days for EU-08,completed,64.5,"Treasury Jun variance was $568,486 vs plan",2026-05-10T07:30:40Z
r32-0001889,rsmith@ashlandretailpartners.com,Board Deck Builder,Check covenant compliance for the revolver,completed,45.0,"Treasury Mar variance was $2,338,810 vs plan",2026-05-10T12:45:11Z
r32-0001890,ymiller@ashlandretailpartners.com,Revenue Recognizer,Build the board deck cash slide for Jun,completed,12.8,"Treasury Jun variance was $19,412 vs plan",2026-05-10T08:32:11Z
r32-0001891,lharris@ashlandretailpartners.com,Journal Entry Reviewer,Explain the headcount variance vs plan,completed,68.2,"FP&A Jun variance was $4,709,001 vs plan",2026-05-10T10:44:01Z
r32-0001892,ymiller@ashlandretailpartners.com,Revenue Recognizer,Check covenant compliance for the revolver,completed,38.9,"Ops Jan variance was $2,429,299 vs plan",2026-05-10T15:03:25Z
r32-0001893,lharris@ashlandretailpartners.com,Covenant Checker,Summarize the Jun variance for entity US-06,completed,44.7,"FP&A Jun variance was $4,372,040 vs plan",2026-05-10T11:18:51Z
r32-0001894,rsmith@ashlandretailpartners.com,Budget vs Actual,Explain the headcount variance vs plan,completed,26.8,"Ops Feb variance was $4,042,469 vs plan",2026-05-11T10:48:16Z
r32-0001895,ymiller@ashlandretailpartners.com,Board Deck Builder,Summarize the Jan variance for entity MX-08,completed,52.7,"Treasury Jan variance was $2,635,629 vs plan",2026-05-11T13:15:50Z
r32-0001896,ymiller@ashlandretailpartners.com,Vendor Spend Analyzer,Why did Accounting spend exceed budget in Mar?,completed,5.0,"Accounting Mar variance was $3,740,293 vs plan",2026-05-11T13:54:28Z
r32-0001897,rsmith@ashlandretailpartners.com,Vendor Spend Analyzer,Forecast May operating cash flow,completed,13.9,"Accounting May variance was $1,526,698 vs plan",2026-05-11T12:56:13Z
r32-0001898,ymiller@ashlandretailpartners.com,Variance Explainer,Build the board deck cash slide for Feb,completed,20.1,"Accounting Feb variance was $2,275,495 vs plan",2026-05-11T14:13:00Z
r32-0001899,ymiller@ashlandretailpartners.com,Headcount Planner,Reconcile AP aging over 90 days for US-07,error,3.2,Traceback (most recent call last): KeyError 'entity',2026-05-11T12:08:42Z
r32-0001900,rsmith@ashlandretailpartners.com,Variance Explainer,Summarize the Jun variance for entity MX-04,completed,64.3,"Accounting Jun variance was $165,562 vs plan",2026-05-11T20:02:48Z
r32-0001901,ymiller@ashlandretailpartners.com,Close Checklist Bot,Explain the headcount variance vs plan,completed,68.6,"Ops May variance was $949,239 vs plan",2026-05-11T08:32:49Z
r32-0001902,sclark@ashlandretailpartners.com,Board Deck Builder,Explain the headcount variance vs plan,completed,1.3,ERROR: upstream request timed out,2026-05-11T09:44:04Z
r32-0001903,rsmith@ashlandretailpartners.com,Revenue Recognizer,Explain the headcount variance vs plan,completed,45.4,"Accounting Jan variance was $3,583,386 vs plan",2026-05-11T10:00:18Z
r32-0001904,ymiller@ashlandretailpartners.com,Covenant Checker,Which cost centers are over budget YTD?,completed,40.1,"FP&A Mar variance was $1,114,995 vs plan",2026-05-11T13:37:11Z
r32-0001905,ymiller@ashlandretailpartners.com,Flux Commentary,Reconcile AP aging over 90 days for CA-01,error,2.3,error: connection reset by peer,2026-05-11T14:47:52Z
r32-0001906,sclark@ashlandretailpartners.com,Flux Commentary,Summarize the Jun variance for entity CA-06,completed,15.0,"Treasury Jun variance was $678,010 vs plan",2026-05-11T15:01:08Z
r32-0001907,rsmith@ashlandretailpartners.com,Close Checklist Bot,Which cost centers are over budget YTD?,completed,28.1,"Accounting Apr variance was $994,819 vs plan",2026-05-11T12:59:37Z
r32-0001908,rsmith@ashlandretailpartners.com,Budget vs Actual,Forecast May operating cash flow,error,7.0,Traceback (most recent call last): KeyError 'entity',2026-05-11T11:43:57Z
r32-0001909,rsmith@ashlandretailpartners.com,AP Aging Analyst,Check covenant compliance for the revolver,completed,55.7,"Ops May variance was $2,107,407 vs plan",2026-05-11T14:46:52Z
r32-0001910,rsmith@ashlandretailpartners.com,Budget vs Actual,Explain the headcount variance vs plan,completed,56.5,"FP&A Mar variance was $3,936,917 vs plan",2026-05-11T14:14:25Z
r32-0001911,rsmith@ashlandretailpartners.com,Flux Commentary,What drove the change in gross margin this quarter?,completed,37.3,"Ops Mar variance was $317,027 vs plan",2026-05-11T11:18:48Z
r32-0001912,ymiller@ashlandretailpartners.com,Flux Commentary,What drove the change in gross margin this quarter?,completed,21.3,"Accounting Jun variance was $3,720,597 vs plan",2026-05-11T13:09:50Z
r32-0001913,ymiller@ashlandretailpartners.com,AP Aging Analyst,Check covenant compliance for the revolver,completed,42.4,"Treasury May variance was $4,060,743 vs plan",2026-05-11T10:06:42Z
r32-0001914,lharris@ashlandretailpartners.com,Journal Entry Reviewer,Check covenant compliance for the revolver,completed,9.6,"Accounting Feb variance was $3,257,083 vs plan",2026-05-11T08:27:40Z
r32-0001915,sclark@ashlandretailpartners.com,Close Checklist Bot,Forecast Feb operating cash flow,completed,18.6,"Treasury Feb variance was $2,927,860 vs plan",2026-05-11T10:50:46Z
r32-0001916,sclark@ashlandretailpartners.com,Flux Commentary,Why did Treasury spend exceed budget in May?,completed,57.4,"Treasury May variance was $1,735,929 vs plan",2026-05-11T14:48:11Z
r32-0001917,ymiller@ashlandretailpartners.com,Board Deck Builder,Build the board deck cash slide for Jan,completed,27.7,"FP&A Jan variance was $2,658,759 vs plan",2026-05-11T12:11:11Z
r32-0001918,ymiller@ashlandretailpartners.com,Journal Entry Reviewer,Build the board deck cash slide for Jan,completed,0.9,error: connection reset by peer,2026-05-11T14:40:51Z
r32-0001919,rsmith@ashlandretailpartners.com,Covenant Checker,What drove the change in gross margin this quarter?,completed,40.8,"Accounting Mar variance was $2,405,576 vs plan",2026-05-11T15:35:07Z
r32-0001920,rsmith@ashlandretailpartners.com,Board Deck Builder,Forecast Jun operating cash flow,error,4.2,error: connection reset by peer,2026-05-11T14:31:59Z
r32-0001921,ymiller@ashlandretailpartners.com,Budget vs Actual,Explain the headcount variance vs plan,completed,12.7,"Accounting Mar variance was $1,872,755 vs plan",2026-05-11T14:02:40Z
r32-0001922,rsmith@ashlandretailpartners.com,Variance Explainer,What drove the change in gross margin this quarter?,completed,8.4,"Treasury May variance was $2,189,965 vs plan",2026-05-11T14:14:50Z
r32-0001923,rsmith@ashlandretailpartners.com,Flux Commentary,Summarize the Jan variance for entity EU-08,completed,21.9,"Treasury Jan variance was $879,821 vs plan",2026-05-11T14:42:11Z
r32-0001924,rsmith@ashlandretailpartners.com,Headcount Planner,Build the board deck cash slide for Jun,completed,71.0,"Accounting Jun variance was $577,862 vs plan",2026-05-11T10:26:14Z
r32-0001925,lharris@ashlandretailpartners.com,Vendor Spend Analyzer,Summarize the Feb variance for entity EU-07,completed,70.4,"Ops Feb variance was $800,456 vs plan",2026-05-11T15:47:31Z
r32-0001926,ymiller@ashlandretailpartners.com,Variance Explainer,Check covenant compliance for the revolver,completed,20.8,"Treasury Jun variance was $2,032,336 vs plan",2026-05-11T12:02:01Z
r32-0001927,ymiller@ashlandretailpartners.com,Board Deck Builder,Build the board deck cash slide for Apr,completed,45.1,"Accounting Apr variance was $51,651 vs plan",2026-05-11T11:25:45Z
r32-0001928,ymiller@ashlandretailpartners.com,Board Deck Builder,Which cost centers are over budget YTD?,completed,13.7,"Treasury May variance was $3,403,972 vs plan",2026-05-11T13:24:51Z
r32-0001929,rsmith@ashlandretailpartners.com,Variance Explainer,Draft flux commentary for the Feb close,completed,12.0,"Treasury Feb variance was $2,441,156 vs plan",2026-05-11T16:16:41Z
r32-0001930,lharris@ashlandretailpartners.com,Variance Explainer,Which cost centers are over budget YTD?,completed,42.1,"Ops Jan variance was $3,080,307 vs plan",2026-05-12T14:31:31Z
r32-0001931,rsmith@ashlandretailpartners.com,Headcount Planner,Which cost centers are over budget YTD?,completed,29.5,"FP&A Jun variance was $4,781,655 vs plan",2026-05-12T14:28:23Z
r32-0001932,ymiller@ashlandretailpartners.com,Vendor Spend Analyzer,Build the board deck cash slide for Apr,completed,1.2,ERROR: upstream request timed out,2026-05-12T11:33:53Z
r32-0001933,ymiller@ashlandretailpartners.com,Budget vs Actual,Why did Ops spend exceed budget in Jan?,completed,45.8,"Ops Jan variance was $528,661 vs plan",2026-05-12T17:34:07Z
r32-0001934,ymiller@ashlandretailpartners.com,Headcount Planner,Why did Accounting spend exceed budget in Jan?,completed,47.5,"Accounting Jan variance was $4,056,134 vs plan",2026-05-12T14:29:57Z
r32-0001935,rsmith@ashlandretailpartners.com,Flux Commentary,Explain the headcount variance vs plan,completed,70.7,"Accounting Feb variance was $3,841,235 vs plan",2026-05-12T14:40:03Z
r32-0001936,lharris@ashlandretailpartners.com,Vendor Spend Analyzer,Build the board deck cash slide for May,completed,57.5,"FP&A May variance was $1,970,139 vs plan",2026-05-12T17:05:47Z
r32-0001937,rsmith@ashlandretailpartners.com,Close Checklist Bot,Summarize the Jun variance for entity MX-04,completed,19.5,"FP&A Jun variance was $2,139,965 vs plan",2026-05-12T12:40:08Z
r32-0001938,lharris@ashlandretailpartners.com,Close Checklist Bot,Check covenant compliance for the revolver,completed,26.5,"FP&A May variance was $1,339,655 vs plan",2026-05-12T14:50:31Z
r32-0001939,sclark@ashlandretailpartners.com,Revenue Recognizer,Build the board deck cash slide for Jun,completed,57.4,"Ops Jun variance was $1,252,896 vs plan",2026-05-12T11:20:26Z
r32-0001940,ymiller@ashlandretailpartners.com,Close Checklist Bot,Forecast Feb operating cash flow,completed,56.8,"Treasury Feb variance was $806,831 vs plan",2026-05-12T11:01:27Z
r32-0001941,rsmith@ashlandretailpartners.com,Variance Explainer,What drove the change in gross margin this quarter?,completed,12.8,"FP&A Jun variance was $1,284,632 vs plan",2026-05-12T15:35:31Z
r32-0001942,ymiller@ashlandretailpartners.com,Cash Forecaster,Draft flux commentary for the Mar close,completed,36.5,"Ops Mar variance was $220,123 vs plan",2026-05-12T11:40:03Z
r32-0001943,ymiller@ashlandretailpartners.com,Covenant Checker,Build the board deck cash slide for Apr,completed,68.3,"FP&A Apr variance was $2,437,469 vs plan",2026-05-12T11:26:58Z
r32-0001944,sclark@ashlandretailpartners.com,AP Aging Analyst,Check covenant compliance for the revolver,completed,8.4,"Treasury May variance was $321,001 vs plan",2026-05-12T17:08:16Z
r32-0001945,ymiller@ashlandretailpartners.com,Headcount Planner,What drove the change in gross margin this quarter?,completed,3.4,"Treasury Apr variance was $937,297 vs plan",2026-05-12T16:38:24Z
r32-0001946,rsmith@ashlandretailpartners.com,Cash Forecaster,Check covenant compliance for the revolver,completed,62.5,"Accounting Mar variance was $2,707,999 vs plan",2026-05-12T12:21:57Z
r32-0001947,rsmith@ashlandretailpartners.com,AP Aging Analyst,Why did Treasury spend exceed budget in May?,completed,71.2,"Treasury May variance was $2,390,606 vs plan",2026-05-12T07:38:00Z
r32-0001948,rsmith@ashlandretailpartners.com,Vendor Spend Analyzer,What drove the change in gross margin this quarter?,completed,38.0,"FP&A May variance was $4,424,412 vs plan",2026-05-12T08:33:49Z
r32-0001949,sclark@ashlandretailpartners.com,Vendor Spend Analyzer,Reconcile AP aging over 90 days for MX-07,completed,30.8,"FP&A Mar variance was $2,531,985 vs plan",2026-05-12T16:29:25Z
r32-0001950,rsmith@ashlandretailpartners.com,Covenant Checker,Summarize the May variance for entity CA-06,completed,64.3,"Accounting May variance was $280,420 vs plan",2026-05-12T11:36:34Z
r32-0001951,ymiller@ashlandretailpartners.com,Covenant Checker,Check covenant compliance for the revolver,completed,36.4,"Ops Apr variance was $4,132,551 vs plan",2026-05-12T11:55:37Z
r32-0001952,lharris@ashlandretailpartners.com,Revenue Recognizer,Forecast Jan operating cash flow,completed,27.4,"Treasury Jan variance was $642,182 vs plan",2026-05-12T12:05:00Z
r32-0001953,rsmith@ashlandretailpartners.com,Flux Commentary,Which cost centers are over budget YTD?,completed,48.6,"Treasury May variance was $4,071,420 vs plan",2026-05-12T10:34:54Z
r32-0001954,ymiller@ashlandretailpartners.com,Revenue Recognizer,Explain the headcount variance vs plan,completed,46.3,"Ops Apr variance was $4,194,206 vs plan",2026-05-12T16:23:33Z
r32-0001955,ymiller@ashlandretailpartners.com,AP Aging Analyst,Forecast Jun operating cash flow,completed,52.0,"FP&A Jun variance was $265,284 vs plan",2026-05-12T14:31:22Z
r32-0001956,ymiller@ashlandretailpartners.com,Budget vs Actual,Reconcile AP aging over 90 days for US-04,completed,59.0,"Accounting Feb variance was $967,218 vs plan",2026-05-12T10:13:45Z
r32-0001957,rsmith@ashlandretailpartners.com,Board Deck Builder,Reconcile AP aging over 90 days for EU-08,completed,46.1,"Accounting Mar variance was $3,551,293 vs plan",2026-05-12T16:42:19Z
r32-0001958,rsmith@ashlandretailpartners.com,Vendor Spend Analyzer,Build the board deck cash slide for Feb,error,1.7,ERROR: upstream request timed out,2026-05-12T10:58:47Z
r32-0001959,ymiller@ashlandretailpartners.com,AP Aging Analyst,Forecast Jan operating cash flow,completed,25.7,"Ops Jan variance was $3,515,608 vs plan",2026-05-12T18:30:56Z
r32-0001960,ymiller@ashlandretailpartners.com,Covenant Checker,Summarize the May variance for entity CA-09,completed,32.4,"Ops May variance was $2,851,730 vs plan",2026-05-12T11:36:52Z
r32-0001961,ymiller@ashlandretailpartners.com,Covenant Checker,Summarize the Mar variance for entity CA-08,completed,44.1,"Accounting Mar variance was $3,936,281 vs plan",2026-05-12T14:14:38Z
r32-0001962,ymiller@ashlandretailpartners.com,Flux Commentary,Why did FP&A spend exceed budget in Mar?,completed,60.1,"FP&A Mar variance was $1,569,628 vs plan",2026-05-12T14:32:59Z
r32-0001963,sclark@ashlandretailpartners.com,Revenue Recognizer,Reconcile AP aging over 90 days for US-05,completed,44.5,"Treasury Apr variance was $2,825,954 vs plan",2026-05-12T09:01:13Z
r32-0001964,rsmith@ashlandretailpartners.com,Flux Commentary,Build the board deck cash slide for Feb,completed,23.0,"Ops Feb variance was $584,492 vs plan",2026-05-12T07:39:37Z
r32-0001965,rsmith@ashlandretailpartners.com,AP Aging Analyst,Draft flux commentary for the Jun close,completed,1.5,ERROR: upstream request timed out,2026-05-12T13:33:14Z
r32-0001966,rsmith@ashlandretailpartners.com,Budget vs Actual,Check covenant compliance for the revolver,completed,20.1,"Treasury Jun variance was $3,875,880 vs plan",2026-05-12T17:58:18Z
r32-0001967,rsmith@ashlandretailpartners.com,Journal Entry Reviewer,Draft flux commentary for the Mar close,completed,64.3,"Ops Mar variance was $272,791 vs plan",2026-05-12T15:32:14Z
r32-0001968,ymiller@ashlandretailpartners.com,Covenant Checker,Check covenant compliance for the revolver,completed,40.5,"Accounting Apr variance was $2,443,342 vs plan",2026-05-12T13:28:13Z
r32-0001969,sclark@ashlandretailpartners.com,Close Checklist Bot,Summarize the Feb variance for entity US-04,completed,27.0,"Treasury Feb variance was $4,679,241 vs plan",2026-05-12T13:44:04Z
r32-0001970,sclark@ashlandretailpartners.com,Headcount Planner,Explain the headcount variance vs plan,completed,15.5,"Ops Feb variance was $3,191,186 vs plan",2026-05-12T12:20:18Z
r32-0001971,ymiller@ashlandretailpartners.com,Variance Explainer,Check covenant compliance for the revolver,completed,3.6,"Treasury May variance was $3,724,057 vs plan",2026-05-12T10:27:40Z
r32-0001972,ymiller@ashlandretailpartners.com,Cash Forecaster,Summarize the Jan variance for entity US-04,completed,28.2,"Treasury Jan variance was $1,056,635 vs plan",2026-05-12T12:22:04Z
r32-0001973,ymiller@ashlandretailpartners.com,AP Aging Analyst,Check covenant compliance for the revolver,error,4.8,error: connection reset by peer,2026-05-12T15:52:19Z
r32-0001974,rsmith@ashlandretailpartners.com,Budget vs Actual,Draft flux commentary for the Jun close,completed,38.5,"FP&A Jun variance was $2,810,198 vs plan",2026-05-13T11:33:50Z
r32-0001975,rsmith@ashlandretailpartners.com,Journal Entry Reviewer,Build the board deck cash slide for May,completed,34.4,"Accounting May variance was $651,685 vs plan",2026-05-13T15:12:41Z
r32-0001976,rsmith@ashlandretailpartners.com,AP Aging Analyst,Reconcile AP aging over 90 days for CA-01,completed,59.0,"FP&A Feb variance was $2,310,312 vs plan",2026-05-13T10:37:15Z
r32-0001977,ymiller@ashlandretailpartners.com,Budget vs Actual,Why did FP&A spend exceed budget in Jun?,completed,12.8,"FP&A Jun variance was $1,008,092 vs plan",2026-05-13T10:18:04Z
r32-0001978,rsmith@ashlandretailpartners.com,Board Deck Builder,Summarize the Apr variance for entity CA-09,completed,18.6,"Accounting Apr variance was $1,090,181 vs plan",2026-05-13T13:59:52Z
r32-0001979,rsmith@ashlandretailpartners.com,Headcount Planner,Reconcile AP aging over 90 days for CA-03,completed,59.2,"FP&A Feb variance was $912,469 vs plan",2026-05-13T12:27:26Z
r32-0001980,lharris@ashlandretailpartners.com,AP Aging Analyst,Forecast Mar operating cash flow,completed,51.7,"FP&A Mar variance was $4,156,240 vs plan",2026-05-13T11:38:15Z
r32-0001981,rsmith@ashlandretailpartners.com,AP Aging Analyst,Draft flux commentary for the May close,completed,5.9,"FP&A May variance was $2,671,007 vs plan",2026-05-13T10:56:33Z
r32-0001982,ymiller@ashlandretailpartners.com,Variance Explainer,Which cost centers are over budget YTD?,completed,43.4,"Ops Jun variance was $4,261,170 vs plan",2026-05-13T10:36:05Z
r32-0001983,rsmith@ashlandretailpartners.com,Variance Explainer,Check covenant compliance for the revolver,completed,34.5,"Accounting Apr variance was $4,409,700 vs plan",2026-05-13T13:12:41Z
r32-0001984,rsmith@ashlandretailpartners.com,Revenue Recognizer,Forecast Feb operating cash flow,completed,61.7,"Accounting Feb variance was $1,166,008 vs plan",2026-05-13T17:24:34Z
r32-0001985,rsmith@ashlandretailpartners.com,Close Checklist Bot,Draft flux commentary for the Jun close,completed,57.7,"Ops Jun variance was $3,532,825 vs plan",2026-05-13T13:14:38Z
r32-0001986,rsmith@ashlandretailpartners.com,Journal Entry Reviewer,Check covenant compliance for the revolver,completed,30.9,"Accounting Mar variance was $2,771,617 vs plan",2026-05-13T14:05:03Z
r32-0001987,ymiller@ashlandretailpartners.com,Variance Explainer,Forecast Apr operating cash flow,completed,47.2,"FP&A Apr variance was $2,330,114 vs plan",2026-05-13T11:27:38Z
r32-0001988,sclark@ashlandretailpartners.com,Cash Forecaster,Explain the headcount variance vs plan,completed,13.8,"Ops May variance was $4,502,442 vs plan",2026-05-13T16:36:16Z
r32-0001989,lharris@ashlandretailpartners.com,Journal Entry Reviewer,Check covenant compliance for the revolver,completed,27.9,"Ops Apr variance was $1,233,027 vs plan",2026-05-13T09:44:07Z
r32-0001990,lharris@ashlandretailpartners.com,Vendor Spend Analyzer,What drove the change in gross margin this quarter?,completed,54.5,"Treasury Jan variance was $4,148,374 vs plan",2026-05-13T14:40:25Z
r32-0001991,rsmith@ashlandretailpartners.com,Cash Forecaster,Check covenant compliance for the revolver,completed,22.3,"Accounting May variance was $4,106,243 vs plan",2026-05-13T15:39:21Z
r32-0001992,rsmith@ashlandretailpartners.com,AP Aging Analyst,Check covenant compliance for the revolver,completed,14.8,"FP&A Feb variance was $2,162,232 vs plan",2026-05-13T16:32:45Z
r32-0001993,rsmith@ashlandretailpartners.com,Revenue Recognizer,Check covenant compliance for the revolver,completed,54.9,"Treasury Mar variance was $838,608 vs plan",2026-05-13T10:34:44Z
r32-0001994,ymiller@ashlandretailpartners.com,Budget vs Actual,Build the board deck cash slide for Feb,completed,70.5,"Ops Feb variance was $3,609,269 vs plan",2026-05-13T14:29:38Z
r32-0001995,ymiller@ashlandretailpartners.com,Cash Forecaster,What drove the change in gross margin this quarter?,completed,10.1,"Ops Mar variance was $221,047 vs plan",2026-05-13T13:57:40Z
r32-0001996,lharris@ashlandretailpartners.com,Variance Explainer,Summarize the Jan variance for entity MX-08,completed,14.1,"Ops Jan variance was $2,479,919 vs plan",2026-05-13T10:30:38Z
r32-0001997,lharris@ashlandretailpartners.com,Board Deck Builder,Forecast Jun operating cash flow,completed,49.1,"Treasury Jun variance was $1,451,940 vs plan",2026-05-13T16:15:54Z
r32-0001998,rsmith@ashlandretailpartners.com,Revenue Recognizer,Summarize the Feb variance for entity MX-05,completed,23.0,"Treasury Feb variance was $2,236,163 vs plan",2026-05-13T16:42:04Z
r32-0001999,lharris@ashlandretailpartners.com,Headcount Planner,Draft flux commentary for the Jun close,completed,53.1,"Accounting Jun variance was $943,975 vs plan",2026-05-13T14:00:33Z
r32-0002000,rsmith@ashlandretailpartners.com,Cash Forecaster,Why did Accounting spend exceed budget in Jun?,completed,67.3,"Accounting Jun variance was $896,749 vs plan",2026-05-13T13:40:44Z
r32-0002001,lharris@ashlandretailpartners.com,Headcount Planner,Draft flux commentary for the Feb close,completed,51.9,"FP&A Feb variance was $2,074,814 vs plan",2026-05-13T11:35:08Z
r32-0002002,rsmith@ashlandretailpartners.com,Headcount Planner,What drove the change in gross margin this quarter?,completed,32.5,"Treasury May variance was $2,679,464 vs plan",2026-05-13T10:21:07Z
r32-0002003,ymiller@ashlandretailpartners.com,AP Aging Analyst,Which cost centers are over budget YTD?,completed,19.7,"FP&A Feb variance was $4,336,436 vs plan",2026-05-13T16:53:32Z
r32-0002004,rsmith@ashlandretailpartners.com,Covenant Checker,Forecast Apr operating cash flow,completed,71.6,"Accounting Apr variance was $3,643,679 vs plan",2026-05-13T12:29:39Z
r32-0002005,lharris@ashlandretailpartners.com,AP Aging Analyst,Which cost centers are over budget YTD?,completed,72.5,"Treasury Apr variance was $4,044,270 vs plan",2026-05-13T11:57:50Z
r32-0002006,ymiller@ashlandretailpartners.com,AP Aging Analyst,Forecast Apr operating cash flow,completed,59.8,"Ops Apr variance was $3,801,072 vs plan",2026-05-13T09:45:21Z
r32-0002007,ymiller@ashlandretailpartners.com,Headcount Planner,Explain the headcount variance vs plan,completed,20.3,"Accounting Feb variance was $1,629,079 vs plan",2026-05-13T10:37:57Z
r32-0002008,rsmith@ashlandretailpartners.com,Revenue Recognizer,Explain the headcount variance vs plan,completed,9.2,"FP&A May variance was $2,266,020 vs plan",2026-05-13T09:31:02Z
r32-0002009,rsmith@ashlandretailpartners.com,Flux Commentary,Explain the headcount variance vs plan,completed,27.7,"Treasury May variance was $4,760,989 vs plan",2026-05-14T15:36:45Z
r32-0002010,rsmith@ashlandretailpartners.com,Variance Explainer,Build the board deck cash slide for Jan,completed,53.9,"Ops Jan variance was $3,358,414 vs plan",2026-05-14T12:34:42Z
r32-0002011,sclark@ashlandretailpartners.com,Close Checklist Bot,Summarize the Feb variance for entity CA-02,completed,36.0,"Treasury Feb variance was $734,331 vs plan",2026-05-14T09:42:29Z
r32-0002012,rsmith@ashlandretailpartners.com,Headcount Planner,Build the board deck cash slide for Jun,completed,66.7,"FP&A Jun variance was $247,213 vs plan",2026-05-14T10:05:12Z
r32-0002013,rsmith@ashlandretailpartners.com,Close Checklist Bot,What drove the change in gross margin this quarter?,completed,62.4,"Treasury Jun variance was $158,041 vs plan",2026-05-14T12:00:40Z
r32-0002014,lharris@ashlandretailpartners.com,Budget vs Actual,Which cost centers are over budget YTD?,completed,0.7,error code 502 from model gateway,2026-05-14T13:56:12Z
r32-0002015,rsmith@ashlandretailpartners.com,Headcount Planner,Summarize the Mar variance for entity CA-04,completed,8.8,"FP&A Mar variance was $397,923 vs plan",2026-05-14T15:15:25Z
r32-0002016,ymiller@ashlandretailpartners.com,Vendor Spend Analyzer,Forecast Jun operating cash flow,completed,48.6,"Accounting Jun variance was $1,859,285 vs plan",2026-05-14T12:30:57Z
r32-0002017,sclark@ashlandretailpartners.com,Budget vs Actual,Reconcile AP aging over 90 days for MX-06,completed,59.6,"Ops Mar variance was $2,797,289 vs plan",2026-05-14T13:53:50Z
r32-0002018,ymiller@ashlandretailpartners.com,Cash Forecaster,Forecast Apr operating cash flow,completed,23.4,"FP&A Apr variance was $3,315,682 vs plan",2026-05-14T11:52:08Z
r32-0002019,ymiller@ashlandretailpartners.com,Revenue Recognizer,Check covenant compliance for the revolver,completed,53.5,"FP&A Jun variance was $4,753,359 vs plan",2026-05-14T13:24:23Z
r32-0002020,ymiller@ashlandretailpartners.com,Cash Forecaster,Explain the headcount variance vs plan,completed,3.6,"Treasury Feb variance was $4,742,382 vs plan",2026-05-14T17:35:31Z
r32-0002021,rsmith@ashlandretailpartners.com,Revenue Recognizer,Forecast Jan operating cash flow,completed,39.7,"FP&A Jan variance was $2,995,048 vs plan",2026-05-14T10:30:46Z
r32-0002022,rsmith@ashlandretailpartners.com,AP Aging Analyst,Explain the headcount variance vs plan,completed,36.1,"Accounting Feb variance was $2,479,409 vs plan",2026-05-14T11:09:29Z
r32-0002023,sclark@ashlandretailpartners.com,Board Deck Builder,Summarize the Jan variance for entity EU-01,completed,57.4,"FP&A Jan variance was $4,098,550 vs plan",2026-05-14T13:06:59Z
r32-0002024,ymiller@ashlandretailpartners.com,Board Deck Builder,Forecast Apr operating cash flow,completed,1.6,error: connection reset by peer,2026-05-14T17:16:05Z
r32-0002025,rsmith@ashlandretailpartners.com,Vendor Spend Analyzer,Summarize the Feb variance for entity US-02,completed,6.2,"FP&A Feb variance was $1,007,871 vs plan",2026-05-14T10:13:18Z
r32-0002026,rsmith@ashlandretailpartners.com,Variance Explainer,Which cost centers are over budget YTD?,completed,62.4,"Accounting Mar variance was $3,984,237 vs plan",2026-05-14T11:21:06Z
r32-0002027,rsmith@ashlandretailpartners.com,Flux Commentary,What drove the change in gross margin this quarter?,completed,20.5,"Treasury Jun variance was $360,284 vs plan",2026-05-14T13:45:12Z
r32-0002028,ymiller@ashlandretailpartners.com,Headcount Planner,Forecast Feb operating cash flow,completed,0.5,Traceback (most recent call last): KeyError 'entity',2026-05-14T15:38:48Z
r32-0002029,lharris@ashlandretailpartners.com,Budget vs Actual,Reconcile AP aging over 90 days for MX-01,completed,21.8,"Ops Mar variance was $3,437,358 vs plan",2026-05-14T14:02:52Z
r32-0002030,rsmith@ashlandretailpartners.com,Headcount Planner,Why did Treasury spend exceed budget in Jun?,completed,45.8,"Treasury Jun variance was $4,541,892 vs plan",2026-05-14T07:22:47Z
r32-0002031,rsmith@ashlandretailpartners.com,AP Aging Analyst,Build the board deck cash slide for Mar,completed,64.0,"Treasury Mar variance was $1,463,634 vs plan",2026-05-14T14:41:47Z
r32-0002032,rsmith@ashlandretailpartners.com,Budget vs Actual,Explain the headcount variance vs plan,completed,54.4,"FP&A Feb variance was $2,878,214 vs plan",2026-05-14T14:30:17Z
r32-0002033,rsmith@ashlandretailpartners.com,Journal Entry Reviewer,Summarize the Mar variance for entity EU-08,completed,27.6,"FP&A Mar variance was $2,361,420 vs plan",2026-05-14T17:15:53Z
r32-0002034,rsmith@ashlandretailpartners.com,Flux Commentary,Which cost centers are over budget YTD?,completed,21.4,"FP&A Feb variance was $1,208,094 vs plan",2026-05-14T18:13:29Z
r32-0002035,rsmith@ashlandretailpartners.com,Variance Explainer,Check covenant compliance for the revolver,completed,70.1,"Treasury Jan variance was $510,301 vs plan",2026-05-14T16:32:05Z
r32-0002036,lharris@ashlandretailpartners.com,AP Aging Analyst,Which cost centers are over budget YTD?,completed,53.5,"FP&A Feb variance was $481,983 vs plan",2026-05-14T09:50:55Z
r32-0002037,rsmith@ashlandretailpartners.com,Variance Explainer,Check covenant compliance for the revolver,completed,64.4,"Treasury Jun variance was $284,202 vs plan",2026-05-14T10:55:37Z
r32-0002038,ymiller@ashlandretailpartners.com,Board Deck Builder,What drove the change in gross margin this quarter?,completed,73.9,"Accounting Jan variance was $481,229 vs plan",2026-05-14T06:40:48Z
r32-0002039,rsmith@ashlandretailpartners.com,Variance Explainer,Check covenant compliance for the revolver,completed,54.6,"Treasury Apr variance was $1,856,953 vs plan",2026-05-14T12:08:30Z
r32-0002040,rsmith@ashlandretailpartners.com,Covenant Checker,What drove the change in gross margin this quarter?,completed,23.4,"Treasury Apr variance was $2,857,059 vs plan",2026-05-15T15:03:05Z
r32-0002041,rsmith@ashlandretailpartners.com,Budget vs Actual,What drove the change in gross margin this quarter?,completed,15.9,"Treasury May variance was $2,360,620 vs plan",2026-05-15T19:51:36Z
r32-0002042,ymiller@ashlandretailpartners.com,Board Deck Builder,Explain the headcount variance vs plan,completed,58.7,"Treasury Apr variance was $1,327,401 vs plan",2026-05-15T16:26:28Z
r32-0002043,ymiller@ashlandretailpartners.com,Variance Explainer,Draft flux commentary for the Jan close,completed,34.4,"FP&A Jan variance was $2,002,477 vs plan",2026-05-15T17:15:06Z
r32-0002044,ymiller@ashlandretailpartners.com,Headcount Planner,Why did Ops spend exceed budget in May?,completed,63.6,"Ops May variance was $3,005,233 vs plan",2026-05-15T09:14:48Z
r32-0002045,ymiller@ashlandretailpartners.com,Board Deck Builder,Forecast Mar operating cash flow,error,7.4,Traceback (most recent call last): KeyError 'entity',2026-05-15T11:29:28Z
r32-0002046,rsmith@ashlandretailpartners.com,Journal Entry Reviewer,Check covenant compliance for the revolver,completed,8.1,"Ops Jan variance was $2,677,010 vs plan",2026-05-15T06:54:39Z
r32-0002047,ymiller@ashlandretailpartners.com,Budget vs Actual,Which cost centers are over budget YTD?,error,6.1,FAILED: null reference in aggregation step,2026-05-15T12:13:39Z
r32-0002048,rsmith@ashlandretailpartners.com,Flux Commentary,Reconcile AP aging over 90 days for MX-06,completed,74.2,"Treasury Apr variance was $3,290,877 vs plan",2026-05-15T15:44:58Z
r32-0002049,sclark@ashlandretailpartners.com,Budget vs Actual,Draft flux commentary for the Jan close,completed,35.4,"Accounting Jan variance was $3,532,063 vs plan",2026-05-15T13:59:48Z
r32-0002050,rsmith@ashlandretailpartners.com,Cash Forecaster,Draft flux commentary for the May close,completed,32.6,"Treasury May variance was $1,481,148 vs plan",2026-05-15T09:54:12Z
r32-0002051,ymiller@ashlandretailpartners.com,Vendor Spend Analyzer,Why did Treasury spend exceed budget in Jan?,completed,5.5,"Treasury Jan variance was $1,067,988 vs plan",2026-05-15T12:57:53Z
r32-0002052,rsmith@ashlandretailpartners.com,AP Aging Analyst,Reconcile AP aging over 90 days for EU-07,completed,62.8,"FP&A Jan variance was $1,656,707 vs plan",2026-05-15T10:28:28Z
r32-0002053,sclark@ashlandretailpartners.com,Flux Commentary,Which cost centers are over budget YTD?,completed,18.4,"FP&A Apr variance was $4,450,370 vs plan",2026-05-15T11:19:19Z
r32-0002054,sclark@ashlandretailpartners.com,Headcount Planner,Why did Ops spend exceed budget in Apr?,completed,42.6,"Ops Apr variance was $491,449 vs plan",2026-05-15T12:32:42Z
r32-0002055,ymiller@ashlandretailpartners.com,Flux Commentary,Build the board deck cash slide for Feb,completed,53.9,"Accounting Feb variance was $266,394 vs plan",2026-05-15T13:24:49Z
r32-0002056,ymiller@ashlandretailpartners.com,Close Checklist Bot,Draft flux commentary for the Mar close,completed,31.2,"Treasury Mar variance was $3,053,912 vs plan",2026-05-15T11:48:13Z
r32-0002057,rsmith@ashlandretailpartners.com,Cash Forecaster,Summarize the Jun variance for entity EU-08,completed,59.0,"Accounting Jun variance was $4,226,331 vs plan",2026-05-15T13:42:14Z
r32-0002058,ymiller@ashlandretailpartners.com,Vendor Spend Analyzer,Which cost centers are over budget YTD?,completed,7.8,"Accounting Apr variance was $1,713,176 vs plan",2026-05-15T17:10:25Z
r32-0002059,rsmith@ashlandretailpartners.com,Revenue Recognizer,Summarize the Jun variance for entity US-01,completed,1.7,error code 502 from model gateway,2026-05-15T13:50:42Z
r32-0002060,ymiller@ashlandretailpartners.com,Variance Explainer,Build the board deck cash slide for Mar,completed,70.4,"Ops Mar variance was $3,994,321 vs plan",2026-05-15T09:42:02Z
r32-0002061,rsmith@ashlandretailpartners.com,Close Checklist Bot,Explain the headcount variance vs plan,completed,39.1,"Treasury Feb variance was $3,887,809 vs plan",2026-05-15T10:51:39Z
r32-0002062,rsmith@ashlandretailpartners.com,Vendor Spend Analyzer,Why did Treasury spend exceed budget in May?,completed,73.9,"Treasury May variance was $2,819,600 vs plan",2026-05-15T12:49:00Z
r32-0002063,ymiller@ashlandretailpartners.com,Close Checklist Bot,What drove the change in gross margin this quarter?,completed,13.4,"Accounting Jan variance was $4,217,435 vs plan",2026-05-15T15:48:28Z
r32-0002064,ymiller@ashlandretailpartners.com,Covenant Checker,Summarize the Mar variance for entity EU-06,error,7.0,FAILED: null reference in aggregation step,2026-05-15T06:29:39Z
r32-0002065,rsmith@ashlandretailpartners.com,Close Checklist Bot,Draft flux commentary for the Jan close,completed,42.0,"FP&A Jan variance was $179,236 vs plan",2026-05-15T10:21:01Z
r32-0002066,rsmith@ashlandretailpartners.com,Board Deck Builder,What drove the change in gross margin this quarter?,completed,7.6,"Treasury May variance was $3,224,264 vs plan",2026-05-15T10:21:03Z
r32-0002067,ymiller@ashlandretailpartners.com,Variance Explainer,Check covenant compliance for the revolver,completed,59.7,"FP&A Apr variance was $970,852 vs plan",2026-05-15T11:23:01Z
r32-0002068,sclark@ashlandretailpartners.com,Headcount Planner,Check covenant compliance for the revolver,error,1.0,FAILED: null reference in aggregation step,2026-05-15T18:48:33Z
r32-0002069,lharris@ashlandretailpartners.com,Headcount Planner,Summarize the Feb variance for entity US-06,completed,70.5,"FP&A Feb variance was $858,160 vs plan",2026-05-15T10:27:50Z
r32-0002070,lharris@ashlandretailpartners.com,Revenue Recognizer,Draft flux commentary for the Jan close,completed,25.4,"Treasury Jan variance was $872,016 vs plan",2026-05-15T06:25:40Z
r32-0002071,lharris@ashlandretailpartners.com,Covenant Checker,Draft flux commentary for the Jan close,completed,30.6,"Treasury Jan variance was $2,156,268 vs plan",2026-05-15T13:54:45Z
r32-0002072,ymiller@ashlandretailpartners.com,Revenue Recognizer,Build the board deck cash slide for Feb,completed,21.3,"Accounting Feb variance was $3,787,681 vs plan",2026-05-15T14:27:41Z
r32-0002073,ymiller@ashlandretailpartners.com,Flux Commentary,Forecast Jun operating cash flow,completed,11.1,"Ops Jun variance was $4,302,437 vs plan",2026-05-15T13:48:52Z
r32-0002074,ymiller@ashlandretailpartners.com,AP Aging Analyst,Draft flux commentary for the Apr close,completed,1.6,error code 502 from model gateway,2026-05-15T09:46:44Z
r32-0002075,rsmith@ashlandretailpartners.com,Revenue Recognizer,Check covenant compliance for the revolver,completed,74.3,"Accounting Apr variance was $3,804,404 vs plan",2026-05-15T13:38:19Z
r32-0002076,ymiller@ashlandretailpartners.com,Variance Explainer,Which cost centers are over budget YTD?,completed,39.4,"FP&A Feb variance was $3,320,435 vs plan",2026-05-15T11:33:29Z
r32-0002077,ymiller@ashlandretailpartners.com,Variance Explainer,Build the board deck cash slide for Mar,error,5.0,Traceback (most recent call last): KeyError 'entity',2026-05-15T13:17:39Z
r32-0002078,rsmith@ashlandretailpartners.com,Revenue Recognizer,Why did Accounting spend exceed budget in Jan?,completed,66.8,"Accounting Jan variance was $3,491,415 vs plan",2026-05-15T11:26:13Z
r32-0002079,rsmith@ashlandretailpartners.com,Budget vs Actual,Draft flux commentary for the Mar close,completed,69.2,"Accounting Mar variance was $2,574,489 vs plan",2026-05-16T10:19:25Z
r32-0002080,lharris@ashlandretailpartners.com,Close Checklist Bot,Reconcile AP aging over 90 days for MX-09,completed,24.5,"Treasury May variance was $3,661,065 vs plan",2026-05-16T11:00:06Z
r32-0002081,rsmith@ashlandretailpartners.com,Revenue Recognizer,Summarize the Feb variance for entity EU-09,completed,27.1,"Treasury Feb variance was $702,499 vs plan",2026-05-16T15:46:55Z
r32-0002082,ymiller@ashlandretailpartners.com,Board Deck Builder,Why did Ops spend exceed budget in Jun?,completed,53.4,"Ops Jun variance was $4,697,957 vs plan",2026-05-16T17:19:27Z
r32-0002083,sclark@ashlandretailpartners.com,Revenue Recognizer,What drove the change in gross margin this quarter?,completed,0.8,ERROR: upstream request timed out,2026-05-16T10:35:27Z
r32-0002084,ymiller@ashlandretailpartners.com,Journal Entry Reviewer,Explain the headcount variance vs plan,completed,12.2,"Ops Jun variance was $1,902,288 vs plan",2026-05-16T14:03:39Z
r32-0002085,ymiller@ashlandretailpartners.com,Vendor Spend Analyzer,What drove the change in gross margin this quarter?,completed,5.7,"Ops Feb variance was $3,900,791 vs plan",2026-05-16T09:19:17Z
r32-0002086,ymiller@ashlandretailpartners.com,Vendor Spend Analyzer,Why did Accounting spend exceed budget in Jun?,completed,9.2,"Accounting Jun variance was $2,506,643 vs plan",2026-05-16T13:47:02Z
r32-0002087,rsmith@ashlandretailpartners.com,Headcount Planner,Draft flux commentary for the Apr close,completed,56.7,"Accounting Apr variance was $1,501,395 vs plan",2026-05-17T16:31:27Z
r32-0002088,ymiller@ashlandretailpartners.com,Variance Explainer,Explain the headcount variance vs plan,completed,59.1,"Accounting Jun variance was $1,351,299 vs plan",2026-05-17T13:22:34Z
r32-0002089,rsmith@ashlandretailpartners.com,Headcount Planner,What drove the change in gross margin this quarter?,completed,21.8,"Ops May variance was $488,500 vs plan",2026-05-17T16:29:06Z
r32-0002090,ymiller@ashlandretailpartners.com,Cash Forecaster,Explain the headcount variance vs plan,completed,0.9,Traceback (most recent call last): KeyError 'entity',2026-05-17T11:02:49Z
r32-0002091,ymiller@ashlandretailpartners.com,Board Deck Builder,Reconcile AP aging over 90 days for US-06,completed,13.9,"Accounting Mar variance was $2,837,858 vs plan",2026-05-17T18:10:19Z
r32-0002092,rsmith@ashlandretailpartners.com,Journal Entry Reviewer,Summarize the Jan variance for entity CA-03,completed,6.2,"FP&A Jan variance was $1,471,321 vs plan",2026-05-17T12:43:24Z
r32-0002093,rsmith@ashlandretailpartners.com,Budget vs Actual,Check covenant compliance for the revolver,completed,40.4,"Treasury Jun variance was $3,394,733 vs plan",2026-05-17T13:36:09Z
r32-0002094,ymiller@ashlandretailpartners.com,Cash Forecaster,Check covenant compliance for the revolver,completed,39.9,"Treasury Jan variance was $4,629,003 vs plan",2026-05-17T17:07:51Z
r32-0002095,rsmith@ashlandretailpartners.com,Board Deck Builder,Draft flux commentary for the Jan close,completed,35.5,"FP&A Jan variance was $1,058,788 vs plan",2026-05-17T15:13:49Z
r32-0002096,rsmith@ashlandretailpartners.com,Board Deck Builder,Build the board deck cash slide for Mar,completed,7.8,"Treasury Mar variance was $2,396,981 vs plan",2026-05-17T07:08:15Z
r32-0002097,ymiller@ashlandretailpartners.com,Revenue Recognizer,Which cost centers are over budget YTD?,completed,14.7,"Accounting Apr variance was $244,728 vs plan",2026-05-17T07:08:53Z
r32-0002098,ymiller@ashlandretailpartners.com,Flux Commentary,Which cost centers are over budget YTD?,completed,34.1,"Ops Mar variance was $3,052,305 vs plan",2026-05-17T15:47:08Z
r32-0002099,ymiller@ashlandretailpartners.com,Vendor Spend Analyzer,Summarize the Feb variance for entity CA-04,completed,73.7,"Treasury Feb variance was $1,442,727 vs plan",2026-05-17T13:01:56Z
r32-0002100,ymiller@ashlandretailpartners.com,Revenue Recognizer,Check covenant compliance for the revolver,completed,8.7,"Accounting Apr variance was $3,196,401 vs plan",2026-05-17T12:02:36Z
r32-0002101,ymiller@ashlandretailpartners.com,Revenue Recognizer,Draft flux commentary for the May close,error,2.0,FAILED: null reference in aggregation step,2026-05-17T13:14:22Z
r32-0002102,ymiller@ashlandretailpartners.com,Vendor Spend Analyzer,Forecast May operating cash flow,completed,54.8,"Accounting May variance was $2,178,237 vs plan",2026-05-18T11:35:28Z
r32-0002103,ymiller@ashlandretailpartners.com,Variance Explainer,What drove the change in gross margin this quarter?,completed,73.2,"Treasury Mar variance was $538,418 vs plan",2026-05-18T13:02:39Z
r32-0002104,rsmith@ashlandretailpartners.com,Board Deck Builder,Build the board deck cash slide for Mar,completed,22.8,"Treasury Mar variance was $276,213 vs plan",2026-05-18T19:01:57Z
r32-0002105,lharris@ashlandretailpartners.com,Flux Commentary,What drove the change in gross margin this quarter?,completed,23.5,"Accounting Mar variance was $1,240,140 vs plan",2026-05-18T10:58:40Z
r32-0002106,rsmith@ashlandretailpartners.com,Vendor Spend Analyzer,Which cost centers are over budget YTD?,completed,1.6,FAILED: null reference in aggregation step,2026-05-18T14:28:03Z
r32-0002107,rsmith@ashlandretailpartners.com,Journal Entry Reviewer,Explain the headcount variance vs plan,completed,1.2,error: connection reset by peer,2026-05-18T09:20:51Z
r32-0002108,ymiller@ashlandretailpartners.com,Cash Forecaster,Draft flux commentary for the Jun close,completed,27.3,"Treasury Jun variance was $58,050 vs plan",2026-05-18T15:46:00Z
r32-0002109,sclark@ashlandretailpartners.com,Headcount Planner,Summarize the Mar variance for entity CA-06,completed,40.7,"Ops Mar variance was $2,352,084 vs plan",2026-05-18T13:04:36Z
r32-0002110,rsmith@ashlandretailpartners.com,Covenant Checker,What drove the change in gross margin this quarter?,completed,27.3,"Treasury Apr variance was $4,614,767 vs plan",2026-05-18T15:22:11Z
r32-0002111,rsmith@ashlandretailpartners.com,Variance Explainer,Forecast Apr operating cash flow,completed,15.9,"FP&A Apr variance was $1,991,371 vs plan",2026-05-18T16:37:37Z
r32-0002112,ymiller@ashlandretailpartners.com,Headcount Planner,Summarize the Jan variance for entity MX-04,completed,44.8,"Treasury Jan variance was $4,439,470 vs plan",2026-05-18T11:37:36Z
r32-0002113,rsmith@ashlandretailpartners.com,Variance Explainer,What drove the change in gross margin this quarter?,completed,9.8,"Treasury Feb variance was $4,166,853 vs plan",2026-05-18T09:10:30Z
r32-0002114,rsmith@ashlandretailpartners.com,Close Checklist Bot,Draft flux commentary for the Jun close,completed,0.6,Traceback (most recent call last): KeyError 'entity',2026-05-18T12:12:07Z
r32-0002115,rsmith@ashlandretailpartners.com,Journal Entry Reviewer,Forecast Feb operating cash flow,completed,37.4,"Accounting Feb variance was $407,410 vs plan",2026-05-18T15:29:40Z
r32-0002116,lharris@ashlandretailpartners.com,Vendor Spend Analyzer,What drove the change in gross margin this quarter?,completed,24.5,"Accounting Jan variance was $4,584,753 vs plan",2026-05-18T11:15:40Z
r32-0002117,rsmith@ashlandretailpartners.com,Vendor Spend Analyzer,Draft flux commentary for the Feb close,completed,9.2,"FP&A Feb variance was $902,868 vs plan",2026-05-18T11:56:05Z
r32-0002118,ymiller@ashlandretailpartners.com,Board Deck Builder,Reconcile AP aging over 90 days for EU-02,completed,12.9,"Accounting Mar variance was $2,719,039 vs plan",2026-05-18T14:28:31Z
r32-0002119,rsmith@ashlandretailpartners.com,Vendor Spend Analyzer,What drove the change in gross margin this quarter?,completed,32.8,"Accounting Jan variance was $4,375,358 vs plan",2026-05-18T12:34:21Z
r32-0002120,ymiller@ashlandretailpartners.com,AP Aging Analyst,Summarize the Jun variance for entity US-03,completed,12.2,"FP&A Jun variance was $1,599,543 vs plan",2026-05-18T16:17:17Z
r32-0002121,lharris@ashlandretailpartners.com,Headcount Planner,Explain the headcount variance vs plan,completed,68.0,"Ops Jan variance was $1,969,822 vs plan",2026-05-18T12:43:48Z
r32-0002122,lharris@ashlandretailpartners.com,Headcount Planner,Reconcile AP aging over 90 days for EU-04,completed,15.5,"Accounting May variance was $2,653,148 vs plan",2026-05-18T15:50:53Z
r32-0002123,rsmith@ashlandretailpartners.com,Close Checklist Bot,Build the board deck cash slide for Mar,error,3.8,ERROR: upstream request timed out,2026-05-18T13:20:57Z
r32-0002124,rsmith@ashlandretailpartners.com,Board Deck Builder,Reconcile AP aging over 90 days for EU-09,completed,38.4,"Accounting Jan variance was $3,121,676 vs plan",2026-05-18T10:39:45Z
r32-0002125,ymiller@ashlandretailpartners.com,AP Aging Analyst,Why did Treasury spend exceed budget in Apr?,completed,25.7,"Treasury Apr variance was $5,933 vs plan",2026-05-18T12:13:00Z
r32-0002126,sclark@ashlandretailpartners.com,AP Aging Analyst,Draft flux commentary for the Mar close,completed,52.9,"Ops Mar variance was $2,065,796 vs plan",2026-05-18T12:59:38Z
r32-0002127,ymiller@ashlandretailpartners.com,Flux Commentary,Draft flux commentary for the May close,completed,53.9,"Treasury May variance was $1,301,647 vs plan",2026-05-18T13:56:05Z
r32-0002128,rsmith@ashlandretailpartners.com,Headcount Planner,Reconcile AP aging over 90 days for CA-03,completed,25.5,"Treasury Jan variance was $552,884 vs plan",2026-05-18T10:08:42Z
r32-0002129,rsmith@ashlandretailpartners.com,Budget vs Actual,Forecast Feb operating cash flow,completed,57.3,"Treasury Feb variance was $2,776,359 vs plan",2026-05-18T14:36:56Z
r32-0002130,rsmith@ashlandretailpartners.com,AP Aging Analyst,Which cost centers are over budget YTD?,error,3.8,ERROR: upstream request timed out,2026-05-18T10:16:48Z
r32-0002131,rsmith@ashlandretailpartners.com,Board Deck Builder,Build the board deck cash slide for Feb,completed,70.2,"FP&A Feb variance was $1,176,850 vs plan",2026-05-18T14:46:08Z
r32-0002132,rsmith@ashlandretailpartners.com,Variance Explainer,Build the board deck cash slide for Jan,completed,71.9,"Treasury Jan variance was $1,156,304 vs plan",2026-05-18T12:43:51Z
r32-0002133,ymiller@ashlandretailpartners.com,Variance Explainer,Summarize the Jan variance for entity MX-01,completed,74.6,"Accounting Jan variance was $1,421,050 vs plan",2026-05-18T14:01:01Z
r32-0002134,rsmith@ashlandretailpartners.com,Journal Entry Reviewer,Build the board deck cash slide for Jun,completed,22.2,"Accounting Jun variance was $2,107,179 vs plan",2026-05-18T15:52:41Z
r32-0002135,ymiller@ashlandretailpartners.com,Headcount Planner,Draft flux commentary for the Jan close,completed,29.6,"Treasury Jan variance was $2,664,915 vs plan",2026-05-18T11:52:39Z
r32-0002136,ymiller@ashlandretailpartners.com,Close Checklist Bot,Build the board deck cash slide for Jan,error,5.8,Traceback (most recent call last): KeyError 'entity',2026-05-18T15:06:51Z
r32-0002137,rsmith@ashlandretailpartners.com,Revenue Recognizer,Summarize the Feb variance for entity EU-03,completed,0.8,error code 502 from model gateway,2026-05-18T10:10:26Z
r32-0002138,ymiller@ashlandretailpartners.com,Covenant Checker,Why did Ops spend exceed budget in Jan?,completed,18.8,"Ops Jan variance was $1,793,130 vs plan",2026-05-18T09:02:58Z
r32-0002139,ymiller@ashlandretailpartners.com,Board Deck Builder,Forecast Apr operating cash flow,completed,13.9,"FP&A Apr variance was $1,572,927 vs plan",2026-05-18T07:08:22Z
r32-0002140,ymiller@ashlandretailpartners.com,Close Checklist Bot,Why did Ops spend exceed budget in Jan?,completed,11.6,"Ops Jan variance was $3,527,990 vs plan",2026-05-19T09:48:11Z
r32-0002141,ymiller@ashlandretailpartners.com,Budget vs Actual,Draft flux commentary for the Mar close,completed,46.3,"Accounting Mar variance was $285,040 vs plan",2026-05-19T11:24:26Z
r32-0002142,ymiller@ashlandretailpartners.com,Close Checklist Bot,Draft flux commentary for the Apr close,completed,54.5,"Accounting Apr variance was $1,526,086 vs plan",2026-05-19T17:54:14Z
r32-0002143,rsmith@ashlandretailpartners.com,Headcount Planner,What drove the change in gross margin this quarter?,completed,10.5,"Accounting Jan variance was $929,399 vs plan",2026-05-19T12:27:25Z
r32-0002144,rsmith@ashlandretailpartners.com,Revenue Recognizer,Build the board deck cash slide for May,completed,50.9,"Accounting May variance was $785,754 vs plan",2026-05-19T09:16:51Z
r32-0002145,ymiller@ashlandretailpartners.com,Budget vs Actual,What drove the change in gross margin this quarter?,completed,35.4,"FP&A Jan variance was $3,551,441 vs plan",2026-05-19T10:55:07Z
r32-0002146,rsmith@ashlandretailpartners.com,Flux Commentary,Why did FP&A spend exceed budget in Feb?,completed,67.8,"FP&A Feb variance was $3,397,272 vs plan",2026-05-19T09:29:42Z
r32-0002147,lharris@ashlandretailpartners.com,Close Checklist Bot,Why did Treasury spend exceed budget in May?,completed,37.6,"Treasury May variance was $4,746,431 vs plan",2026-05-19T18:54:28Z
r32-0002148,rsmith@ashlandretailpartners.com,AP Aging Analyst,Explain the headcount variance vs plan,completed,41.1,"Ops May variance was $3,576,197 vs plan",2026-05-19T14:40:20Z
r32-0002149,lharris@ashlandretailpartners.com,Journal Entry Reviewer,Which cost centers are over budget YTD?,completed,17.5,"Treasury Jan variance was $1,179,410 vs plan",2026-05-19T13:35:42Z
r32-0002150,rsmith@ashlandretailpartners.com,Board Deck Builder,Build the board deck cash slide for Feb,completed,11.3,"FP&A Feb variance was $2,575,232 vs plan",2026-05-19T19:48:16Z
r32-0002151,ymiller@ashlandretailpartners.com,Variance Explainer,Reconcile AP aging over 90 days for CA-03,completed,25.3,"Treasury May variance was $1,112,150 vs plan",2026-05-19T12:52:24Z
r32-0002152,ymiller@ashlandretailpartners.com,Budget vs Actual,Explain the headcount variance vs plan,completed,24.0,"Treasury May variance was $634,215 vs plan",2026-05-19T13:16:16Z
r32-0002153,rsmith@ashlandretailpartners.com,Journal Entry Reviewer,Forecast May operating cash flow,completed,59.0,"Ops May variance was $4,751,495 vs plan",2026-05-19T14:20:49Z
r32-0002154,ymiller@ashlandretailpartners.com,Vendor Spend Analyzer,Explain the headcount variance vs plan,completed,15.7,"Treasury Jan variance was $4,446,505 vs plan",2026-05-19T15:51:31Z
r32-0002155,ymiller@ashlandretailpartners.com,Vendor Spend Analyzer,Which cost centers are over budget YTD?,completed,5.6,"FP&A Jan variance was $566,443 vs plan",2026-05-19T17:52:32Z
r32-0002156,ymiller@ashlandretailpartners.com,Board Deck Builder,Reconcile AP aging over 90 days for CA-02,completed,29.1,"Ops Jan variance was $1,611,037 vs plan",2026-05-19T08:13:44Z
r32-0002157,sclark@ashlandretailpartners.com,Flux Commentary,Build the board deck cash slide for Apr,completed,42.5,"FP&A Apr variance was $1,911,009 vs plan",2026-05-19T17:33:00Z
r32-0002158,lharris@ashlandretailpartners.com,AP Aging Analyst,Explain the headcount variance vs plan,completed,64.5,"Treasury Feb variance was $2,373,974 vs plan",2026-05-19T16:22:08Z
r32-0002159,rsmith@ashlandretailpartners.com,Close Checklist Bot,Summarize the May variance for entity US-07,completed,36.0,"Accounting May variance was $1,561,105 vs plan",2026-05-19T09:00:45Z
r32-0002160,ymiller@ashlandretailpartners.com,Board Deck Builder,Explain the headcount variance vs plan,completed,44.1,"FP&A Jan variance was $211,214 vs plan",2026-05-19T11:23:07Z
r32-0002161,ymiller@ashlandretailpartners.com,Cash Forecaster,Reconcile AP aging over 90 days for CA-03,completed,57.2,"FP&A Feb variance was $2,320,501 vs plan",2026-05-19T14:13:46Z
r32-0002162,ymiller@ashlandretailpartners.com,Cash Forecaster,Summarize the Mar variance for entity CA-01,completed,27.8,"Ops Mar variance was $4,420,630 vs plan",2026-05-19T19:58:08Z
r32-0002163,sclark@ashlandretailpartners.com,Budget vs Actual,What drove the change in gross margin this quarter?,completed,50.8,"Ops Apr variance was $4,012,851 vs plan",2026-05-19T17:52:06Z
r32-0002164,ymiller@ashlandretailpartners.com,Headcount Planner,Which cost centers are over budget YTD?,completed,52.4,"FP&A Jun variance was $430,197 vs plan",2026-05-19T10:16:31Z
r32-0002165,rsmith@ashlandretailpartners.com,Variance Explainer,Draft flux commentary for the Mar close,completed,25.3,"Accounting Mar variance was $4,446,572 vs plan",2026-05-19T07:29:39Z
r32-0002166,sclark@ashlandretailpartners.com,Vendor Spend Analyzer,Summarize the May variance for entity MX-04,completed,24.1,"Treasury May variance was $2,982,901 vs plan",2026-05-20T13:30:56Z
r32-0002167,rsmith@ashlandretailpartners.com,Close Checklist Bot,Reconcile AP aging over 90 days for EU-01,completed,23.4,"FP&A Mar variance was $2,308,555 vs plan",2026-05-20T11:27:08Z
r32-0002168,ymiller@ashlandretailpartners.com,Close Checklist Bot,Check covenant compliance for the revolver,completed,51.6,"Treasury Apr variance was $1,749,285 vs plan",2026-05-20T10:32:11Z
r32-0002169,ymiller@ashlandretailpartners.com,Flux Commentary,Which cost centers are over budget YTD?,completed,41.2,"Ops Apr variance was $2,140,849 vs plan",2026-05-20T15:21:53Z
r32-0002170,rsmith@ashlandretailpartners.com,Variance Explainer,Draft flux commentary for the Mar close,completed,74.3,"FP&A Mar variance was $2,772,952 vs plan",2026-05-20T12:10:35Z
r32-0002171,rsmith@ashlandretailpartners.com,Board Deck Builder,Check covenant compliance for the revolver,completed,10.5,"FP&A Feb variance was $676,009 vs plan",2026-05-20T14:49:01Z
r32-0002172,rsmith@ashlandretailpartners.com,Board Deck Builder,Reconcile AP aging over 90 days for MX-01,completed,56.8,"Ops Apr variance was $3,172,686 vs plan",2026-05-20T07:53:30Z
r32-0002173,ymiller@ashlandretailpartners.com,AP Aging Analyst,Explain the headcount variance vs plan,completed,4.1,"Accounting Jun variance was $141,197 vs plan",2026-05-20T16:13:09Z
r32-0002174,rsmith@ashlandretailpartners.com,Vendor Spend Analyzer,Explain the headcount variance vs plan,completed,61.4,"FP&A May variance was $3,418,310 vs plan",2026-05-20T14:40:07Z
r32-0002175,rsmith@ashlandretailpartners.com,Covenant Checker,Draft flux commentary for the Feb close,completed,27.2,"Treasury Feb variance was $337,985 vs plan",2026-05-20T16:54:43Z
r32-0002176,lharris@ashlandretailpartners.com,Budget vs Actual,Build the board deck cash slide for Mar,completed,23.6,"Accounting Mar variance was $2,298,625 vs plan",2026-05-20T18:41:16Z
r32-0002177,rsmith@ashlandretailpartners.com,Revenue Recognizer,Forecast Jun operating cash flow,completed,58.8,"Treasury Jun variance was $2,978,697 vs plan",2026-05-20T19:30:02Z
r32-0002178,rsmith@ashlandretailpartners.com,Covenant Checker,Which cost centers are over budget YTD?,completed,49.3,"Treasury Jun variance was $1,973,370 vs plan",2026-05-20T06:44:43Z
r32-0002179,rsmith@ashlandretailpartners.com,Variance Explainer,Which cost centers are over budget YTD?,completed,19.1,"FP&A Mar variance was $2,738,544 vs plan",2026-05-20T10:28:21Z
r32-0002180,lharris@ashlandretailpartners.com,Variance Explainer,Reconcile AP aging over 90 days for EU-08,completed,66.8,"FP&A Feb variance was $357,394 vs plan",2026-05-20T13:49:23Z
r32-0002181,ymiller@ashlandretailpartners.com,Covenant Checker,Explain the headcount variance vs plan,completed,67.7,"Treasury Feb variance was $3,906,850 vs plan",2026-05-20T12:07:07Z
r32-0002182,ymiller@ashlandretailpartners.com,AP Aging Analyst,Summarize the Apr variance for entity EU-07,completed,13.8,"Ops Apr variance was $1,865,168 vs plan",2026-05-20T10:12:16Z
r32-0002183,lharris@ashlandretailpartners.com,Covenant Checker,Which cost centers are over budget YTD?,completed,57.1,"Accounting Jan variance was $4,200,110 vs plan",2026-05-20T10:14:31Z
r32-0002184,ymiller@ashlandretailpartners.com,Budget vs Actual,Build the board deck cash slide for Jan,completed,63.7,"Treasury Jan variance was $2,047,263 vs plan",2026-05-20T16:13:33Z
r32-0002185,rsmith@ashlandretailpartners.com,Vendor Spend Analyzer,Summarize the Apr variance for entity EU-02,error,2.7,error code 502 from model gateway,2026-05-20T14:53:19Z
r32-0002186,rsmith@ashlandretailpartners.com,Covenant Checker,Check covenant compliance for the revolver,completed,31.8,"Treasury May variance was $3,030,987 vs plan",2026-05-20T13:20:27Z
r32-0002187,ymiller@ashlandretailpartners.com,Variance Explainer,Why did Accounting spend exceed budget in May?,completed,53.4,"Accounting May variance was $1,676,144 vs plan",2026-05-20T14:39:06Z
r32-0002188,ymiller@ashlandretailpartners.com,Budget vs Actual,Build the board deck cash slide for May,completed,67.4,"Ops May variance was $937,036 vs plan",2026-05-20T17:22:46Z
r32-0002189,rsmith@ashlandretailpartners.com,Cash Forecaster,Build the board deck cash slide for Apr,completed,23.1,"FP&A Apr variance was $1,744,098 vs plan",2026-05-20T09:46:51Z
r32-0002190,ymiller@ashlandretailpartners.com,Journal Entry Reviewer,Build the board deck cash slide for Jun,completed,12.9,"Accounting Jun variance was $1,308,965 vs plan",2026-05-20T09:43:19Z
r32-0002191,rsmith@ashlandretailpartners.com,Close Checklist Bot,Reconcile AP aging over 90 days for CA-01,completed,38.4,"Treasury Jun variance was $693,720 vs plan",2026-05-20T14:55:09Z
r32-0002192,sclark@ashlandretailpartners.com,Headcount Planner,Why did FP&A spend exceed budget in Feb?,completed,37.0,"FP&A Feb variance was $411,757 vs plan",2026-05-20T14:00:39Z
r32-0002193,ymiller@ashlandretailpartners.com,Vendor Spend Analyzer,Which cost centers are over budget YTD?,completed,57.0,"Ops Jan variance was $915,880 vs plan",2026-05-20T14:03:35Z
r32-0002194,lharris@ashlandretailpartners.com,Close Checklist Bot,Summarize the May variance for entity CA-09,completed,19.3,"Ops May variance was $2,818,555 vs plan",2026-05-20T10:41:33Z
r32-0002195,rsmith@ashlandretailpartners.com,Cash Forecaster,Which cost centers are over budget YTD?,completed,27.4,"Accounting May variance was $2,223,015 vs plan",2026-05-21T11:02:40Z
r32-0002196,rsmith@ashlandretailpartners.com,Variance Explainer,Check covenant compliance for the revolver,completed,57.5,"Ops May variance was $2,201,581 vs plan",2026-05-21T19:16:15Z
r32-0002197,sclark@ashlandretailpartners.com,Board Deck Builder,Reconcile AP aging over 90 days for US-02,completed,60.5,"FP&A Mar variance was $645,947 vs plan",2026-05-21T17:24:03Z
r32-0002198,rsmith@ashlandretailpartners.com,Journal Entry Reviewer,Check covenant compliance for the revolver,completed,53.2,"Accounting Apr variance was $1,982,376 vs plan",2026-05-21T15:40:32Z
r32-0002199,rsmith@ashlandretailpartners.com,Covenant Checker,Why did Accounting spend exceed budget in Mar?,completed,62.8,"Accounting Mar variance was $4,520,081 vs plan",2026-05-21T16:52:35Z
r32-0002200,ymiller@ashlandretailpartners.com,Board Deck Builder,Why did Ops spend exceed budget in May?,error,5.4,ERROR: upstream request timed out,2026-05-21T16:52:57Z
r32-0002201,lharris@ashlandretailpartners.com,Journal Entry Reviewer,Build the board deck cash slide for Jun,completed,41.0,"Accounting Jun variance was $1,338,776 vs plan",2026-05-21T13:07:08Z
r32-0002202,ymiller@ashlandretailpartners.com,Cash Forecaster,Explain the headcount variance vs plan,completed,45.8,"Treasury Apr variance was $3,831,426 vs plan",2026-05-21T10:35:53Z
r32-0002203,sclark@ashlandretailpartners.com,Budget vs Actual,Why did Treasury spend exceed budget in Jun?,completed,5.1,"Treasury Jun variance was $3,109,087 vs plan",2026-05-21T13:06:25Z
r32-0002204,ymiller@ashlandretailpartners.com,Close Checklist Bot,Build the board deck cash slide for May,completed,57.7,"FP&A May variance was $4,333,359 vs plan",2026-05-21T13:41:56Z
r32-0002205,ymiller@ashlandretailpartners.com,Journal Entry Reviewer,Forecast May operating cash flow,completed,6.2,"FP&A May variance was $3,850,001 vs plan",2026-05-21T10:17:42Z
r32-0002206,rsmith@ashlandretailpartners.com,Journal Entry Reviewer,Why did Accounting spend exceed budget in Mar?,completed,33.4,"Accounting Mar variance was $843,304 vs plan",2026-05-21T15:35:58Z
r32-0002207,sclark@ashlandretailpartners.com,Cash Forecaster,Forecast Mar operating cash flow,completed,35.1,"Treasury Mar variance was $3,216,791 vs plan",2026-05-21T12:34:22Z
r32-0002208,ymiller@ashlandretailpartners.com,Flux Commentary,Check covenant compliance for the revolver,completed,56.8,"Ops Jan variance was $1,119,581 vs plan",2026-05-21T11:23:53Z
r32-0002209,rsmith@ashlandretailpartners.com,Headcount Planner,Forecast Jun operating cash flow,completed,41.6,"Accounting Jun variance was $4,174,223 vs plan",2026-05-21T13:38:41Z
r32-0002210,ymiller@ashlandretailpartners.com,Budget vs Actual,Why did Ops spend exceed budget in Mar?,completed,23.7,"Ops Mar variance was $2,181,361 vs plan",2026-05-21T11:11:39Z
r32-0002211,rsmith@ashlandretailpartners.com,Budget vs Actual,Build the board deck cash slide for May,completed,25.3,"FP&A May variance was $76,115 vs plan",2026-05-21T13:57:10Z
r32-0002212,sclark@ashlandretailpartners.com,Cash Forecaster,Build the board deck cash slide for May,completed,74.3,"Ops May variance was $101,103 vs plan",2026-05-21T14:14:30Z
r32-0002213,ymiller@ashlandretailpartners.com,Journal Entry Reviewer,Explain the headcount variance vs plan,completed,55.1,"Treasury Jun variance was $2,550,204 vs plan",2026-05-21T11:29:13Z
r32-0002214,rsmith@ashlandretailpartners.com,Journal Entry Reviewer,Reconcile AP aging over 90 days for US-03,completed,72.9,"Treasury Feb variance was $4,589,262 vs plan",2026-05-21T14:09:54Z
r32-0002215,sclark@ashlandretailpartners.com,Headcount Planner,Draft flux commentary for the Feb close,completed,57.1,"FP&A Feb variance was $682,813 vs plan",2026-05-21T10:22:36Z
r32-0002216,rsmith@ashlandretailpartners.com,Board Deck Builder,Explain the headcount variance vs plan,completed,19.0,"FP&A Jun variance was $1,392,602 vs plan",2026-05-21T19:47:02Z
r32-0002217,rsmith@ashlandretailpartners.com,Flux Commentary,Forecast Jun operating cash flow,completed,21.4,"FP&A Jun variance was $2,190,705 vs plan",2026-05-21T09:41:02Z
r32-0002218,ymiller@ashlandretailpartners.com,Close Checklist Bot,Forecast May operating cash flow,completed,18.1,"Treasury May variance was $3,765,610 vs plan",2026-05-21T10:10:51Z
r32-0002219,sclark@ashlandretailpartners.com,Journal Entry Reviewer,Explain the headcount variance vs plan,completed,34.2,"FP&A Apr variance was $2,141,550 vs plan",2026-05-21T09:02:04Z
r32-0002220,ymiller@ashlandretailpartners.com,Revenue Recognizer,Explain the headcount variance vs plan,completed,41.8,"Treasury Apr variance was $1,058,413 vs plan",2026-05-21T12:14:03Z
r32-0002221,lharris@ashlandretailpartners.com,Variance Explainer,Why did Treasury spend exceed budget in May?,completed,3.7,"Treasury May variance was $3,686,774 vs plan",2026-05-21T09:55:16Z
r32-0002222,ymiller@ashlandretailpartners.com,Close Checklist Bot,Check covenant compliance for the revolver,completed,66.2,"FP&A Mar variance was $117,201 vs plan",2026-05-21T06:37:57Z
r32-0002223,rsmith@ashlandretailpartners.com,Revenue Recognizer,Explain the headcount variance vs plan,completed,64.8,"FP&A Mar variance was $3,226,021 vs plan",2026-05-21T11:02:27Z
r32-0002224,ymiller@ashlandretailpartners.com,Flux Commentary,Check covenant compliance for the revolver,completed,0.3,FAILED: null reference in aggregation step,2026-05-21T12:17:44Z
r32-0002225,rsmith@ashlandretailpartners.com,Journal Entry Reviewer,Build the board deck cash slide for Apr,completed,3.0,"Treasury Apr variance was $253,754 vs plan",2026-05-21T15:32:22Z
r32-0002226,lharris@ashlandretailpartners.com,Revenue Recognizer,Explain the headcount variance vs plan,completed,66.9,"Accounting Apr variance was $1,344,097 vs plan",2026-05-21T14:14:02Z
r32-0002227,lharris@ashlandretailpartners.com,Revenue Recognizer,Draft flux commentary for the Apr close,completed,37.8,"FP&A Apr variance was $3,438,657 vs plan",2026-05-21T16:40:25Z
r32-0002228,lharris@ashlandretailpartners.com,Revenue Recognizer,Which cost centers are over budget YTD?,completed,19.4,"Ops May variance was $3,591,995 vs plan",2026-05-22T12:04:01Z
r32-0002229,ymiller@ashlandretailpartners.com,Close Checklist Bot,Why did Treasury spend exceed budget in May?,completed,55.5,"Treasury May variance was $2,444,764 vs plan",2026-05-22T16:57:53Z
r32-0002230,ymiller@ashlandretailpartners.com,Revenue Recognizer,Why did Treasury spend exceed budget in Jan?,completed,0.4,Traceback (most recent call last): KeyError 'entity',2026-05-22T13:03:50Z
r32-0002231,ymiller@ashlandretailpartners.com,Flux Commentary,Which cost centers are over budget YTD?,completed,47.5,"Accounting Jan variance was $1,869,683 vs plan",2026-05-22T12:04:18Z
r32-0002232,ymiller@ashlandretailpartners.com,Budget vs Actual,Forecast Apr operating cash flow,completed,53.0,"Accounting Apr variance was $266,713 vs plan",2026-05-22T13:14:14Z
r32-0002233,rsmith@ashlandretailpartners.com,Cash Forecaster,Check covenant compliance for the revolver,completed,36.6,"FP&A Jun variance was $3,460,781 vs plan",2026-05-22T10:34:05Z
r32-0002234,ymiller@ashlandretailpartners.com,Covenant Checker,What drove the change in gross margin this quarter?,completed,72.6,"FP&A Feb variance was $3,374,418 vs plan",2026-05-22T11:31:22Z
r32-0002235,rsmith@ashlandretailpartners.com,Flux Commentary,Summarize the Apr variance for entity US-03,completed,24.6,"FP&A Apr variance was $4,684,867 vs plan",2026-05-22T14:01:59Z
r32-0002236,rsmith@ashlandretailpartners.com,Flux Commentary,Draft flux commentary for the Mar close,completed,37.7,"Treasury Mar variance was $4,582,132 vs plan",2026-05-22T13:40:59Z
r32-0002237,ymiller@ashlandretailpartners.com,AP Aging Analyst,Draft flux commentary for the May close,completed,16.2,"Treasury May variance was $634,715 vs plan",2026-05-22T15:43:36Z
r32-0002238,ymiller@ashlandretailpartners.com,Revenue Recognizer,Check covenant compliance for the revolver,completed,37.9,"Treasury Mar variance was $3,878,559 vs plan",2026-05-22T12:50:58Z
r32-0002239,sclark@ashlandretailpartners.com,Close Checklist Bot,Why did FP&A spend exceed budget in Jun?,completed,30.0,"FP&A Jun variance was $4,078,803 vs plan",2026-05-22T10:05:04Z
r32-0002240,rsmith@ashlandretailpartners.com,Close Checklist Bot,Forecast Jun operating cash flow,completed,40.6,"Accounting Jun variance was $2,825,898 vs plan",2026-05-22T12:49:17Z
r32-0002241,lharris@ashlandretailpartners.com,Vendor Spend Analyzer,Check covenant compliance for the revolver,completed,52.9,"Accounting Feb variance was $1,992,151 vs plan",2026-05-22T11:15:23Z
r32-0002242,ymiller@ashlandretailpartners.com,Flux Commentary,Draft flux commentary for the Jan close,error,5.8,error: connection reset by peer,2026-05-22T14:03:26Z
r32-0002243,ymiller@ashlandretailpartners.com,Headcount Planner,Why did Accounting spend exceed budget in Apr?,completed,50.3,"Accounting Apr variance was $4,195,028 vs plan",2026-05-22T08:25:57Z
r32-0002244,ymiller@ashlandretailpartners.com,Vendor Spend Analyzer,Build the board deck cash slide for Mar,completed,57.1,"Ops Mar variance was $4,093,813 vs plan",2026-05-22T09:12:38Z
r32-0002245,rsmith@ashlandretailpartners.com,Revenue Recognizer,Explain the headcount variance vs plan,completed,45.8,"Treasury Feb variance was $360,799 vs plan",2026-05-22T11:07:30Z
r32-0002246,lharris@ashlandretailpartners.com,AP Aging Analyst,Check covenant compliance for the revolver,completed,55.1,"FP&A Jun variance was $3,861,722 vs plan",2026-05-22T11:13:51Z
r32-0002247,rsmith@ashlandretailpartners.com,Headcount Planner,Build the board deck cash slide for Apr,error,0.9,error code 502 from model gateway,2026-05-22T14:18:08Z
r32-0002248,ymiller@ashlandretailpartners.com,Revenue Recognizer,Reconcile AP aging over 90 days for CA-07,completed,25.4,"Treasury Mar variance was $455,288 vs plan",2026-05-22T11:35:50Z
r32-0002249,sclark@ashlandretailpartners.com,Headcount Planner,Why did Treasury spend exceed budget in Feb?,completed,8.3,"Treasury Feb variance was $4,643,144 vs plan",2026-05-22T11:42:51Z
r32-0002250,rsmith@ashlandretailpartners.com,AP Aging Analyst,Which cost centers are over budget YTD?,completed,30.3,"Ops Apr variance was $3,158,462 vs plan",2026-05-22T13:22:50Z
r32-0002251,rsmith@ashlandretailpartners.com,Revenue Recognizer,Why did FP&A spend exceed budget in Jan?,completed,39.4,"FP&A Jan variance was $2,395,708 vs plan",2026-05-22T15:58:41Z
r32-0002252,rsmith@ashlandretailpartners.com,Covenant Checker,Build the board deck cash slide for Jun,completed,73.2,"Ops Jun variance was $2,872,006 vs plan",2026-05-22T16:45:13Z
r32-0002253,ymiller@ashlandretailpartners.com,Covenant Checker,Which cost centers are over budget YTD?,completed,23.2,"FP&A Feb variance was $4,630,572 vs plan",2026-05-22T11:45:31Z
r32-0002254,rsmith@ashlandretailpartners.com,Flux Commentary,Check covenant compliance for the revolver,completed,33.7,"Accounting Apr variance was $4,072,957 vs plan",2026-05-22T17:21:06Z
r32-0002255,ymiller@ashlandretailpartners.com,Revenue Recognizer,Build the board deck cash slide for Jun,completed,57.3,"Treasury Jun variance was $4,227,451 vs plan",2026-05-22T18:02:21Z
r32-0002256,rsmith@ashlandretailpartners.com,AP Aging Analyst,What drove the change in gross margin this quarter?,completed,1.6,FAILED: null reference in aggregation step,2026-05-22T14:33:35Z
r32-0002257,sclark@ashlandretailpartners.com,Board Deck Builder,Draft flux commentary for the May close,error,3.2,error code 502 from model gateway,2026-05-22T13:43:11Z
r32-0002258,ymiller@ashlandretailpartners.com,Journal Entry Reviewer,Explain the headcount variance vs plan,completed,1.5,error: connection reset by peer,2026-05-22T13:05:13Z
r32-0002259,ymiller@ashlandretailpartners.com,Cash Forecaster,Summarize the Feb variance for entity EU-08,completed,56.3,"Accounting Feb variance was $3,066,465 vs plan",2026-05-22T13:41:29Z
r32-0002260,ymiller@ashlandretailpartners.com,Cash Forecaster,Check covenant compliance for the revolver,completed,42.0,"Treasury May variance was $4,097,901 vs plan",2026-05-22T18:31:10Z
r32-0002261,lharris@ashlandretailpartners.com,Board Deck Builder,Why did Treasury spend exceed budget in Feb?,completed,15.8,"Treasury Feb variance was $2,228,536 vs plan",2026-05-22T17:27:07Z
r32-0002262,lharris@ashlandretailpartners.com,Variance Explainer,Forecast May operating cash flow,completed,45.0,"Treasury May variance was $1,189,313 vs plan",2026-05-22T17:31:16Z
r32-0002263,ymiller@ashlandretailpartners.com,Board Deck Builder,Why did FP&A spend exceed budget in May?,completed,57.1,"FP&A May variance was $3,650,457 vs plan",2026-05-22T17:06:42Z
r32-0002264,ymiller@ashlandretailpartners.com,Journal Entry Reviewer,Which cost centers are over budget YTD?,error,2.2,error: connection reset by peer,2026-05-23T07:47:39Z
r32-0002265,ymiller@ashlandretailpartners.com,Cash Forecaster,Which cost centers are over budget YTD?,completed,54.4,"Accounting May variance was $1,663,880 vs plan",2026-05-23T19:09:52Z
r32-0002266,ymiller@ashlandretailpartners.com,Flux Commentary,Explain the headcount variance vs plan,completed,16.7,"Accounting Feb variance was $3,557,888 vs plan",2026-05-23T11:39:20Z
r32-0002267,rsmith@ashlandretailpartners.com,Variance Explainer,Forecast Apr operating cash flow,completed,55.9,"Accounting Apr variance was $4,626,553 vs plan",2026-05-23T12:29:52Z
r32-0002268,lharris@ashlandretailpartners.com,Board Deck Builder,Check covenant compliance for the revolver,completed,73.1,"Accounting Feb variance was $1,076,454 vs plan",2026-05-23T10:58:59Z
r32-0002269,rsmith@ashlandretailpartners.com,Board Deck Builder,What drove the change in gross margin this quarter?,completed,17.0,"Treasury Apr variance was $944,521 vs plan",2026-05-23T13:31:33Z
r32-0002270,rsmith@ashlandretailpartners.com,Close Checklist Bot,What drove the change in gross margin this quarter?,completed,63.6,"Accounting Feb variance was $360,468 vs plan",2026-05-23T07:34:31Z
r32-0002271,rsmith@ashlandretailpartners.com,Revenue Recognizer,Why did Treasury spend exceed budget in Apr?,completed,50.3,"Treasury Apr variance was $2,050,192 vs plan",2026-05-23T16:02:12Z
r32-0002272,lharris@ashlandretailpartners.com,Budget vs Actual,Explain the headcount variance vs plan,completed,24.9,"Ops Apr variance was $4,469,403 vs plan",2026-05-23T17:51:59Z
r32-0002273,ymiller@ashlandretailpartners.com,AP Aging Analyst,Reconcile AP aging over 90 days for US-01,completed,54.0,"Accounting Feb variance was $2,938,048 vs plan",2026-05-23T10:37:41Z
r32-0002274,ymiller@ashlandretailpartners.com,Close Checklist Bot,Check covenant compliance for the revolver,completed,9.0,"Ops Apr variance was $1,010,799 vs plan",2026-05-24T07:25:55Z
r32-0002275,lharris@ashlandretailpartners.com,Close Checklist Bot,Which cost centers are over budget YTD?,completed,19.3,"Accounting May variance was $234,562 vs plan",2026-05-24T12:19:37Z
r32-0002276,rsmith@ashlandretailpartners.com,Vendor Spend Analyzer,Check covenant compliance for the revolver,completed,8.9,"Ops Feb variance was $342,956 vs plan",2026-05-24T13:05:37Z
r32-0002277,ymiller@ashlandretailpartners.com,Cash Forecaster,Summarize the Jan variance for entity US-07,completed,49.7,"Ops Jan variance was $2,164,380 vs plan",2026-05-24T13:00:23Z
r32-0002278,rsmith@ashlandretailpartners.com,Flux Commentary,Check covenant compliance for the revolver,completed,17.7,"FP&A Jan variance was $3,970,979 vs plan",2026-05-24T13:31:10Z
r32-0002279,rsmith@ashlandretailpartners.com,Variance Explainer,Build the board deck cash slide for Jun,completed,47.7,"Treasury Jun variance was $2,967,529 vs plan",2026-05-24T15:35:08Z
r32-0002280,rsmith@ashlandretailpartners.com,Variance Explainer,What drove the change in gross margin this quarter?,completed,31.1,"Ops Feb variance was $2,278,685 vs plan",2026-05-24T16:39:27Z
r32-0002281,rsmith@ashlandretailpartners.com,Flux Commentary,Draft flux commentary for the Jan close,completed,72.8,"FP&A Jan variance was $3,253,087 vs plan",2026-05-24T15:06:06Z
r32-0002282,ymiller@ashlandretailpartners.com,Revenue Recognizer,Explain the headcount variance vs plan,error,7.0,Traceback (most recent call last): KeyError 'entity',2026-05-24T14:53:52Z
r32-0002283,lharris@ashlandretailpartners.com,Budget vs Actual,What drove the change in gross margin this quarter?,completed,30.4,"Treasury Feb variance was $3,941,216 vs plan",2026-05-24T13:16:22Z
r32-0002284,ymiller@ashlandretailpartners.com,Board Deck Builder,Why did FP&A spend exceed budget in Apr?,completed,65.9,"FP&A Apr variance was $2,593,213 vs plan",2026-05-24T12:21:57Z
r32-0002285,rsmith@ashlandretailpartners.com,Flux Commentary,Check covenant compliance for the revolver,completed,27.6,"FP&A Jan variance was $687,613 vs plan",2026-05-24T10:54:25Z
r32-0002286,rsmith@ashlandretailpartners.com,Covenant Checker,Forecast Jun operating cash flow,completed,22.1,"Treasury Jun variance was $1,305,142 vs plan",2026-05-24T10:11:14Z
r32-0002287,ymiller@ashlandretailpartners.com,Board Deck Builder,Why did Accounting spend exceed budget in Mar?,completed,30.8,"Accounting Mar variance was $4,746,234 vs plan",2026-05-24T16:26:04Z
r32-0002288,ymiller@ashlandretailpartners.com,Budget vs Actual,Why did Treasury spend exceed budget in Mar?,completed,12.5,"Treasury Mar variance was $992,050 vs plan",2026-05-24T10:28:43Z
r32-0002289,rsmith@ashlandretailpartners.com,Headcount Planner,Why did Treasury spend exceed budget in Mar?,error,7.3,ERROR: upstream request timed out,2026-05-24T12:54:04Z
r32-0002290,rsmith@ashlandretailpartners.com,Revenue Recognizer,Summarize the Jan variance for entity CA-07,completed,21.9,"Treasury Jan variance was $4,526,901 vs plan",2026-05-25T15:09:15Z
r32-0002291,rsmith@ashlandretailpartners.com,Variance Explainer,Forecast May operating cash flow,error,6.4,Traceback (most recent call last): KeyError 'entity',2026-05-25T13:04:50Z
r32-0002292,lharris@ashlandretailpartners.com,Covenant Checker,Reconcile AP aging over 90 days for US-08,error,2.7,FAILED: null reference in aggregation step,2026-05-25T08:41:42Z
r32-0002293,sclark@ashlandretailpartners.com,AP Aging Analyst,Why did FP&A spend exceed budget in Mar?,completed,6.7,"FP&A Mar variance was $1,460,118 vs plan",2026-05-25T07:46:57Z
r32-0002294,lharris@ashlandretailpartners.com,Cash Forecaster,Forecast Jan operating cash flow,completed,55.5,"Accounting Jan variance was $3,665,085 vs plan",2026-05-25T14:42:55Z
r32-0002295,rsmith@ashlandretailpartners.com,Revenue Recognizer,Explain the headcount variance vs plan,completed,55.3,"FP&A Feb variance was $1,317,546 vs plan",2026-05-25T13:43:57Z
r32-0002296,ymiller@ashlandretailpartners.com,AP Aging Analyst,Explain the headcount variance vs plan,completed,30.2,"Accounting Apr variance was $240,734 vs plan",2026-05-25T16:45:46Z
r32-0002297,ymiller@ashlandretailpartners.com,Budget vs Actual,Which cost centers are over budget YTD?,completed,51.7,"Accounting Apr variance was $1,297,266 vs plan",2026-05-25T16:59:13Z
r32-0002298,ymiller@ashlandretailpartners.com,AP Aging Analyst,What drove the change in gross margin this quarter?,completed,11.5,"Ops May variance was $1,161,968 vs plan",2026-05-25T16:01:23Z
r32-0002299,rsmith@ashlandretailpartners.com,Budget vs Actual,Draft flux commentary for the Mar close,completed,54.8,"Treasury Mar variance was $1,748,113 vs plan",2026-05-25T17:18:07Z
r32-0002300,sclark@ashlandretailpartners.com,Vendor Spend Analyzer,Explain the headcount variance vs plan,completed,49.9,"Ops Mar variance was $3,274,209 vs plan",2026-05-25T09:22:24Z
r32-0002301,ymiller@ashlandretailpartners.com,Headcount Planner,Which cost centers are over budget YTD?,completed,63.4,"FP&A Apr variance was $1,351,241 vs plan",2026-05-25T10:04:53Z
r32-0002302,sclark@ashlandretailpartners.com,Budget vs Actual,Check covenant compliance for the revolver,completed,20.5,"FP&A Jan variance was $567,069 vs plan",2026-05-25T06:15:45Z
r32-0002303,ymiller@ashlandretailpartners.com,Variance Explainer,Forecast Apr operating cash flow,completed,6.9,"Treasury Apr variance was $2,050,059 vs plan",2026-05-25T12:53:45Z
r32-0002304,rsmith@ashlandretailpartners.com,Covenant Checker,Summarize the Mar variance for entity EU-06,completed,0.8,FAILED: null reference in aggregation step,2026-05-25T12:55:12Z
r32-0002305,rsmith@ashlandretailpartners.com,Close Checklist Bot,What drove the change in gross margin this quarter?,completed,33.5,"FP&A Feb variance was $1,508,440 vs plan",2026-05-25T14:21:45Z
r32-0002306,lharris@ashlandretailpartners.com,Journal Entry Reviewer,Explain the headcount variance vs plan,completed,65.5,"Accounting Apr variance was $3,327,910 vs plan",2026-05-25T07:08:39Z
r32-0002307,lharris@ashlandretailpartners.com,Vendor Spend Analyzer,Reconcile AP aging over 90 days for EU-08,completed,73.2,"FP&A May variance was $4,406,964 vs plan",2026-05-25T09:28:24Z
r32-0002308,rsmith@ashlandretailpartners.com,Budget vs Actual,What drove the change in gross margin this quarter?,completed,36.1,"Accounting Feb variance was $1,272,016 vs plan",2026-05-25T14:09:52Z
r32-0002309,rsmith@ashlandretailpartners.com,Revenue Recognizer,Check covenant compliance for the revolver,completed,3.8,"Accounting Apr variance was $2,167,482 vs plan",2026-05-25T15:24:46Z
r32-0002310,lharris@ashlandretailpartners.com,Board Deck Builder,Explain the headcount variance vs plan,completed,33.7,"FP&A Jan variance was $1,152,566 vs plan",2026-05-25T09:54:57Z
r32-0002311,ymiller@ashlandretailpartners.com,Flux Commentary,What drove the change in gross margin this quarter?,error,0.8,Traceback (most recent call last): KeyError 'entity',2026-05-25T13:13:10Z
r32-0002312,rsmith@ashlandretailpartners.com,AP Aging Analyst,Draft flux commentary for the Apr close,completed,17.0,"Treasury Apr variance was $404,171 vs plan",2026-05-25T13:16:35Z
r32-0002313,rsmith@ashlandretailpartners.com,Covenant Checker,Explain the headcount variance vs plan,completed,31.0,"Treasury Apr variance was $4,050,803 vs plan",2026-05-25T16:11:30Z
r32-0002314,rsmith@ashlandretailpartners.com,Vendor Spend Analyzer,What drove the change in gross margin this quarter?,completed,15.7,"Ops May variance was $4,456,173 vs plan",2026-05-25T14:22:56Z
r32-0002315,lharris@ashlandretailpartners.com,Variance Explainer,Draft flux commentary for the Apr close,completed,25.4,"FP&A Apr variance was $4,380,544 vs plan",2026-05-25T22:29:53Z
r32-0002316,ymiller@ashlandretailpartners.com,Covenant Checker,Draft flux commentary for the Apr close,completed,68.1,"FP&A Apr variance was $4,284,975 vs plan",2026-05-25T09:08:39Z
r32-0002317,rsmith@ashlandretailpartners.com,AP Aging Analyst,Explain the headcount variance vs plan,completed,63.8,"FP&A May variance was $658,932 vs plan",2026-05-25T12:51:57Z
r32-0002318,sclark@ashlandretailpartners.com,Variance Explainer,Explain the headcount variance vs plan,completed,65.6,"Treasury Mar variance was $3,232,305 vs plan",2026-05-25T15:46:10Z
r32-0002319,rsmith@ashlandretailpartners.com,Variance Explainer,Summarize the Apr variance for entity CA-08,completed,44.1,"Accounting Apr variance was $2,202,143 vs plan",2026-05-25T09:23:29Z
r32-0002320,rsmith@ashlandretailpartners.com,Cash Forecaster,Forecast Jan operating cash flow,completed,37.6,"FP&A Jan variance was $1,612,618 vs plan",2026-05-25T15:43:28Z
r32-0002321,rsmith@ashlandretailpartners.com,Cash Forecaster,What drove the change in gross margin this quarter?,completed,48.7,"FP&A May variance was $46,707 vs plan",2026-05-25T10:12:37Z
r32-0002322,rsmith@ashlandretailpartners.com,Budget vs Actual,Summarize the Mar variance for entity US-04,completed,10.5,"Accounting Mar variance was $2,259,204 vs plan",2026-05-26T12:49:18Z
r32-0002323,rsmith@ashlandretailpartners.com,Budget vs Actual,Why did Treasury spend exceed budget in Apr?,completed,31.0,"Treasury Apr variance was $1,581,426 vs plan",2026-05-26T11:04:07Z
r32-0002324,ymiller@ashlandretailpartners.com,Variance Explainer,Check covenant compliance for the revolver,completed,0.6,error: connection reset by peer,2026-05-26T10:03:06Z
r32-0002325,ymiller@ashlandretailpartners.com,Flux Commentary,Why did Treasury spend exceed budget in Jan?,completed,21.0,"Treasury Jan variance was $4,100,909 vs plan",2026-05-26T14:49:03Z
r32-0002326,rsmith@ashlandretailpartners.com,Flux Commentary,What drove the change in gross margin this quarter?,completed,56.4,"Treasury Apr variance was $3,165,917 vs plan",2026-05-26T15:30:22Z
r32-0002327,lharris@ashlandretailpartners.com,Board Deck Builder,Explain the headcount variance vs plan,completed,44.3,"Treasury Jan variance was $13,043 vs plan",2026-05-26T13:28:19Z
r32-0002328,ymiller@ashlandretailpartners.com,Board Deck Builder,Build the board deck cash slide for Feb,completed,58.3,"FP&A Feb variance was $3,587,541 vs plan",2026-05-26T16:27:02Z
r32-0002329,rsmith@ashlandretailpartners.com,AP Aging Analyst,Check covenant compliance for the revolver,completed,19.8,"FP&A Apr variance was $2,794,898 vs plan",2026-05-26T13:49:29Z
r32-0002330,rsmith@ashlandretailpartners.com,Board Deck Builder,Draft flux commentary for the Jun close,completed,56.0,"Treasury Jun variance was $1,797,841 vs plan",2026-05-26T15:53:18Z
r32-0002331,ymiller@ashlandretailpartners.com,Variance Explainer,Draft flux commentary for the Apr close,completed,43.3,"Treasury Apr variance was $4,771,088 vs plan",2026-05-26T14:31:31Z
r32-0002332,ymiller@ashlandretailpartners.com,Variance Explainer,Which cost centers are over budget YTD?,completed,70.9,"Treasury Jan variance was $4,332,261 vs plan",2026-05-26T16:33:28Z
r32-0002333,ymiller@ashlandretailpartners.com,Vendor Spend Analyzer,Explain the headcount variance vs plan,completed,66.8,"Treasury Apr variance was $3,532,247 vs plan",2026-05-26T12:44:53Z
r32-0002334,lharris@ashlandretailpartners.com,Vendor Spend Analyzer,Why did Ops spend exceed budget in Apr?,completed,53.4,"Ops Apr variance was $736,334 vs plan",2026-05-26T10:49:02Z
r32-0002335,ymiller@ashlandretailpartners.com,Cash Forecaster,Explain the headcount variance vs plan,completed,4.8,"Accounting Mar variance was $4,141,026 vs plan",2026-05-26T12:03:13Z
r32-0002336,ymiller@ashlandretailpartners.com,AP Aging Analyst,Draft flux commentary for the Jan close,completed,1.8,FAILED: null reference in aggregation step,2026-05-26T14:52:50Z
r32-0002337,ymiller@ashlandretailpartners.com,Close Checklist Bot,Check covenant compliance for the revolver,completed,22.7,"Ops Feb variance was $3,399,265 vs plan",2026-05-26T09:05:59Z
r32-0002338,ymiller@ashlandretailpartners.com,Variance Explainer,Check covenant compliance for the revolver,completed,29.6,"Ops Jun variance was $2,135,947 vs plan",2026-05-26T11:44:02Z
r32-0002339,lharris@ashlandretailpartners.com,Cash Forecaster,Reconcile AP aging over 90 days for MX-07,completed,48.4,"Accounting Jan variance was $436,178 vs plan",2026-05-26T10:16:08Z
r32-0002340,rsmith@ashlandretailpartners.com,Cash Forecaster,Build the board deck cash slide for Apr,completed,61.9,"FP&A Apr variance was $1,694,385 vs plan",2026-05-26T16:32:03Z
r32-0002341,rsmith@ashlandretailpartners.com,Budget vs Actual,Build the board deck cash slide for May,completed,23.6,"Accounting May variance was $1,313,587 vs plan",2026-05-26T12:05:12Z
r32-0002342,ymiller@ashlandretailpartners.com,Variance Explainer,Reconcile AP aging over 90 days for US-04,completed,0.7,ERROR: upstream request timed out,2026-05-26T14:02:02Z
r32-0002343,ymiller@ashlandretailpartners.com,Variance Explainer,Explain the headcount variance vs plan,completed,0.4,ERROR: upstream request timed out,2026-05-26T14:54:29Z
r32-0002344,ymiller@ashlandretailpartners.com,Variance Explainer,Reconcile AP aging over 90 days for US-09,error,5.3,ERROR: upstream request timed out,2026-05-26T13:24:08Z
r32-0002345,rsmith@ashlandretailpartners.com,Revenue Recognizer,Reconcile AP aging over 90 days for MX-03,completed,59.3,"Ops Jan variance was $2,063,765 vs plan",2026-05-26T12:49:43Z
r32-0002346,sclark@ashlandretailpartners.com,Board Deck Builder,Reconcile AP aging over 90 days for MX-09,completed,47.9,"Treasury Jan variance was $1,342,434 vs plan",2026-05-26T09:38:35Z
r32-0002347,rsmith@ashlandretailpartners.com,Flux Commentary,Explain the headcount variance vs plan,completed,36.2,"Ops Mar variance was $245,396 vs plan",2026-05-26T14:09:02Z
r32-0002348,rsmith@ashlandretailpartners.com,Variance Explainer,Draft flux commentary for the Jan close,completed,28.8,"Ops Jan variance was $4,168,461 vs plan",2026-05-26T09:07:16Z
r32-0002349,ymiller@ashlandretailpartners.com,Journal Entry Reviewer,Forecast Apr operating cash flow,completed,39.5,"Accounting Apr variance was $901,931 vs plan",2026-05-26T12:21:42Z
r32-0002350,lharris@ashlandretailpartners.com,Covenant Checker,Draft flux commentary for the Feb close,completed,66.3,"Ops Feb variance was $3,739,522 vs plan",2026-05-26T11:01:27Z
r32-0002351,rsmith@ashlandretailpartners.com,Headcount Planner,Reconcile AP aging over 90 days for US-07,completed,1.7,error code 502 from model gateway,2026-05-26T12:29:09Z
r32-0002352,rsmith@ashlandretailpartners.com,Variance Explainer,Draft flux commentary for the Feb close,completed,68.9,"FP&A Feb variance was $2,861,564 vs plan",2026-05-26T08:57:47Z
r32-0002353,rsmith@ashlandretailpartners.com,Board Deck Builder,Draft flux commentary for the Apr close,completed,50.4,"Accounting Apr variance was $1,670,517 vs plan",2026-05-26T12:57:42Z
r32-0002354,ymiller@ashlandretailpartners.com,Journal Entry Reviewer,Which cost centers are over budget YTD?,completed,22.4,"Treasury Feb variance was $3,098,319 vs plan",2026-05-27T15:28:22Z
r32-0002355,rsmith@ashlandretailpartners.com,Journal Entry Reviewer,What drove the change in gross margin this quarter?,completed,29.9,"FP&A Jun variance was $3,916,399 vs plan",2026-05-27T13:47:28Z
r32-0002356,rsmith@ashlandretailpartners.com,Close Checklist Bot,Build the board deck cash slide for Jan,completed,56.3,"Accounting Jan variance was $2,827,028 vs plan",2026-05-27T16:36:20Z
r32-0002357,ymiller@ashlandretailpartners.com,Covenant Checker,Why did Accounting spend exceed budget in Mar?,completed,38.1,"Accounting Mar variance was $4,719,837 vs plan",2026-05-27T13:54:09Z
r32-0002358,ymiller@ashlandretailpartners.com,Covenant Checker,Reconcile AP aging over 90 days for EU-09,completed,18.4,"FP&A Apr variance was $4,276,137 vs plan",2026-05-27T14:06:45Z
r32-0002359,rsmith@ashlandretailpartners.com,Flux Commentary,What drove the change in gross margin this quarter?,completed,47.9,"Ops May variance was $846,628 vs plan",2026-05-27T20:49:58Z
r32-0002360,ymiller@ashlandretailpartners.com,Journal Entry Reviewer,What drove the change in gross margin this quarter?,completed,7.0,"Ops May variance was $2,243,165 vs plan",2026-05-27T10:04:20Z
r32-0002361,rsmith@ashlandretailpartners.com,Close Checklist Bot,Check covenant compliance for the revolver,completed,59.1,"Ops Jan variance was $1,491,831 vs plan",2026-05-27T13:23:53Z
r32-0002362,lharris@ashlandretailpartners.com,Cash Forecaster,Why did FP&A spend exceed budget in Jun?,completed,50.2,"FP&A Jun variance was $2,193,460 vs plan",2026-05-27T10:21:57Z
r32-0002363,rsmith@ashlandretailpartners.com,Covenant Checker,Check covenant compliance for the revolver,completed,20.9,"FP&A Jan variance was $2,827,688 vs plan",2026-05-27T11:45:46Z
r32-0002364,ymiller@ashlandretailpartners.com,Close Checklist Bot,Summarize the Feb variance for entity US-06,completed,11.8,"Treasury Feb variance was $3,855,239 vs plan",2026-05-27T06:26:53Z
r32-0002365,ymiller@ashlandretailpartners.com,Vendor Spend Analyzer,Draft flux commentary for the Mar close,completed,6.0,"Ops Mar variance was $1,356,987 vs plan",2026-05-27T15:08:26Z
r32-0002366,ymiller@ashlandretailpartners.com,Revenue Recognizer,Forecast Apr operating cash flow,completed,10.3,"Accounting Apr variance was $374,749 vs plan",2026-05-27T16:23:46Z
r32-0002367,ymiller@ashlandretailpartners.com,Covenant Checker,Forecast Feb operating cash flow,completed,10.2,"Treasury Feb variance was $2,148,062 vs plan",2026-05-27T12:48:03Z
r32-0002368,lharris@ashlandretailpartners.com,Board Deck Builder,What drove the change in gross margin this quarter?,completed,3.0,"Accounting Jan variance was $1,341,629 vs plan",2026-05-27T09:44:32Z
r32-0002369,rsmith@ashlandretailpartners.com,Headcount Planner,Check covenant compliance for the revolver,completed,56.6,"Treasury Mar variance was $2,354,992 vs plan",2026-05-27T12:48:45Z
r32-0002370,rsmith@ashlandretailpartners.com,Board Deck Builder,Build the board deck cash slide for Jun,completed,19.8,"Ops Jun variance was $4,746,802 vs plan",2026-05-27T13:42:29Z
r32-0002371,ymiller@ashlandretailpartners.com,Close Checklist Bot,Explain the headcount variance vs plan,completed,55.3,"Ops Jan variance was $1,333,743 vs plan",2026-05-27T11:47:40Z
r32-0002372,rsmith@ashlandretailpartners.com,Board Deck Builder,Summarize the Jan variance for entity MX-01,completed,35.6,"Treasury Jan variance was $117,915 vs plan",2026-05-27T13:44:14Z
r32-0002373,rsmith@ashlandretailpartners.com,Variance Explainer,Why did Ops spend exceed budget in Feb?,completed,56.7,"Ops Feb variance was $3,474,793 vs plan",2026-05-27T11:54:04Z
r32-0002374,rsmith@ashlandretailpartners.com,Flux Commentary,Summarize the Feb variance for entity MX-03,completed,30.5,"FP&A Feb variance was $2,133,128 vs plan",2026-05-27T09:02:59Z
r32-0002375,sclark@ashlandretailpartners.com,Board Deck Builder,Why did FP&A spend exceed budget in Mar?,error,2.8,FAILED: null reference in aggregation step,2026-05-27T08:36:35Z
r32-0002376,lharris@ashlandretailpartners.com,Variance Explainer,Why did Ops spend exceed budget in May?,completed,36.8,"Ops May variance was $3,350,989 vs plan",2026-05-27T16:02:56Z
r32-0002377,lharris@ashlandretailpartners.com,Covenant Checker,Check covenant compliance for the revolver,completed,9.7,"FP&A Jan variance was $4,546,066 vs plan",2026-05-27T18:40:01Z
r32-0002378,ymiller@ashlandretailpartners.com,Cash Forecaster,Check covenant compliance for the revolver,completed,33.3,"Ops Feb variance was $1,142,430 vs plan",2026-05-27T12:43:14Z
r32-0002379,rsmith@ashlandretailpartners.com,Revenue Recognizer,Why did Ops spend exceed budget in May?,completed,29.0,"Ops May variance was $343,859 vs plan",2026-05-27T16:18:22Z
r32-0002380,rsmith@ashlandretailpartners.com,Journal Entry Reviewer,Build the board deck cash slide for Apr,error,7.5,Traceback (most recent call last): KeyError 'entity',2026-05-27T12:21:42Z
r32-0002381,ymiller@ashlandretailpartners.com,Journal Entry Reviewer,Explain the headcount variance vs plan,completed,70.9,"Accounting Feb variance was $1,134,226 vs plan",2026-05-27T07:33:17Z
r32-0002382,rsmith@ashlandretailpartners.com,Cash Forecaster,Draft flux commentary for the Jan close,completed,67.9,"Accounting Jan variance was $1,526,862 vs plan",2026-05-27T10:05:09Z
r32-0002383,rsmith@ashlandretailpartners.com,Close Checklist Bot,Which cost centers are over budget YTD?,completed,12.8,"Accounting Apr variance was $2,482,142 vs plan",2026-05-27T19:32:38Z
r32-0002384,lharris@ashlandretailpartners.com,Cash Forecaster,Build the board deck cash slide for Feb,completed,74.0,"Ops Feb variance was $1,886,318 vs plan",2026-05-28T09:18:00Z
r32-0002385,ymiller@ashlandretailpartners.com,Flux Commentary,Build the board deck cash slide for Jun,completed,33.4,"FP&A Jun variance was $109,236 vs plan",2026-05-28T14:04:26Z
r32-0002386,rsmith@ashlandretailpartners.com,Revenue Recognizer,Which cost centers are over budget YTD?,completed,1.0,error code 502 from model gateway,2026-05-28T13:18:01Z
r32-0002387,rsmith@ashlandretailpartners.com,Budget vs Actual,What drove the change in gross margin this quarter?,completed,19.5,"Accounting Mar variance was $1,204,792 vs plan",2026-05-28T10:12:42Z
r32-0002388,ymiller@ashlandretailpartners.com,Close Checklist Bot,Build the board deck cash slide for Mar,completed,34.5,"Ops Mar variance was $4,108,375 vs plan",2026-05-28T17:39:35Z
r32-0002389,rsmith@ashlandretailpartners.com,Variance Explainer,Check covenant compliance for the revolver,completed,34.8,"Treasury Jun variance was $3,487,973 vs plan",2026-05-28T14:37:12Z
r32-0002390,lharris@ashlandretailpartners.com,Cash Forecaster,Reconcile AP aging over 90 days for US-09,completed,61.3,"Ops Mar variance was $2,833,137 vs plan",2026-05-28T10:12:19Z
r32-0002391,ymiller@ashlandretailpartners.com,Board Deck Builder,Draft flux commentary for the May close,completed,45.5,"Treasury May variance was $2,342,352 vs plan",2026-05-28T10:04:00Z
r32-0002392,ymiller@ashlandretailpartners.com,Covenant Checker,Why did Accounting spend exceed budget in Feb?,error,3.7,ERROR: upstream request timed out,2026-05-28T19:40:34Z
r32-0002393,ymiller@ashlandretailpartners.com,Board Deck Builder,What drove the change in gross margin this quarter?,completed,1.7,FAILED: null reference in aggregation step,2026-05-28T07:19:49Z
r32-0002394,rsmith@ashlandretailpartners.com,Vendor Spend Analyzer,Check covenant compliance for the revolver,completed,20.9,"Treasury Mar variance was $208,034 vs plan",2026-05-28T13:29:36Z
r32-0002395,rsmith@ashlandretailpartners.com,Vendor Spend Analyzer,Check covenant compliance for the revolver,completed,31.5,"FP&A Jan variance was $4,063,105 vs plan",2026-05-28T14:10:51Z
r32-0002396,rsmith@ashlandretailpartners.com,Flux Commentary,Summarize the May variance for entity MX-04,completed,5.5,"Treasury May variance was $224,799 vs plan",2026-05-28T13:03:52Z
r32-0002397,ymiller@ashlandretailpartners.com,Board Deck Builder,Which cost centers are over budget YTD?,completed,32.1,"FP&A Jun variance was $3,777,083 vs plan",2026-05-28T16:58:09Z
r32-0002398,ymiller@ashlandretailpartners.com,Variance Explainer,Why did Accounting spend exceed budget in Apr?,completed,6.1,"Accounting Apr variance was $1,705,177 vs plan",2026-05-28T13:47:56Z
r32-0002399,ymiller@ashlandretailpartners.com,Budget vs Actual,Check covenant compliance for the revolver,completed,61.2,"Treasury May variance was $2,167,597 vs plan",2026-05-28T12:35:42Z
r32-0002400,sclark@ashlandretailpartners.com,Vendor Spend Analyzer,Summarize the Jun variance for entity EU-01,completed,1.7,Traceback (most recent call last): KeyError 'entity',2026-05-28T13:04:45Z
r32-0002401,rsmith@ashlandretailpartners.com,Budget vs Actual,Why did Accounting spend exceed budget in Apr?,completed,74.9,"Accounting Apr variance was $4,345,037 vs plan",2026-05-28T10:54:05Z
r32-0002402,rsmith@ashlandretailpartners.com,Variance Explainer,Forecast Apr operating cash flow,completed,68.3,"Accounting Apr variance was $4,597,743 vs plan",2026-05-28T15:52:37Z
r32-0002403,lharris@ashlandretailpartners.com,Board Deck Builder,Build the board deck cash slide for Apr,completed,26.3,"Accounting Apr variance was $1,870,034 vs plan",2026-05-28T11:18:41Z
r32-0002404,rsmith@ashlandretailpartners.com,Close Checklist Bot,Explain the headcount variance vs plan,completed,69.6,"Accounting May variance was $3,200,017 vs plan",2026-05-28T09:26:08Z
r32-0002405,ymiller@ashlandretailpartners.com,Revenue Recognizer,Reconcile AP aging over 90 days for CA-07,completed,71.1,"FP&A Apr variance was $4,129,160 vs plan",2026-05-28T12:08:27Z
r32-0002406,rsmith@ashlandretailpartners.com,Vendor Spend Analyzer,Build the board deck cash slide for Feb,completed,64.3,"FP&A Feb variance was $1,604,693 vs plan",2026-05-28T15:23:58Z
r32-0002407,rsmith@ashlandretailpartners.com,Flux Commentary,Draft flux commentary for the Mar close,completed,49.4,"Accounting Mar variance was $479,078 vs plan",2026-05-28T12:13:13Z
r32-0002408,ymiller@ashlandretailpartners.com,Revenue Recognizer,Explain the headcount variance vs plan,error,3.1,Traceback (most recent call last): KeyError 'entity',2026-05-28T10:00:04Z
r32-0002409,rsmith@ashlandretailpartners.com,Vendor Spend Analyzer,What drove the change in gross margin this quarter?,completed,9.8,"Ops May variance was $808,326 vs plan",2026-05-28T18:25:27Z
r32-0002410,lharris@ashlandretailpartners.com,Covenant Checker,Forecast Jun operating cash flow,completed,69.1,"FP&A Jun variance was $2,081,169 vs plan",2026-05-28T11:08:58Z
r32-0002411,rsmith@ashlandretailpartners.com,Revenue Recognizer,What drove the change in gross margin this quarter?,completed,36.0,"Accounting May variance was $3,666,489 vs plan",2026-05-28T12:33:30Z
r32-0002412,rsmith@ashlandretailpartners.com,Journal Entry Reviewer,Summarize the Apr variance for entity CA-07,completed,74.3,"Ops Apr variance was $3,985,589 vs plan",2026-05-28T10:37:50Z
r32-0002413,rsmith@ashlandretailpartners.com,Vendor Spend Analyzer,Which cost centers are over budget YTD?,completed,41.1,"Ops Apr variance was $257,092 vs plan",2026-05-28T09:59:57Z
r32-0002414,lharris@ashlandretailpartners.com,Cash Forecaster,Draft flux commentary for the Jun close,completed,17.7,"Treasury Jun variance was $3,067,154 vs plan",2026-05-28T18:43:31Z
r32-0002415,rsmith@ashlandretailpartners.com,Cash Forecaster,Draft flux commentary for the Jan close,completed,44.7,"FP&A Jan variance was $610,743 vs plan",2026-05-28T13:14:36Z
r32-0002416,rsmith@ashlandretailpartners.com,Variance Explainer,Forecast Jan operating cash flow,completed,59.1,"Ops Jan variance was $1,694,571 vs plan",2026-05-28T10:29:52Z
r32-0002417,rsmith@ashlandretailpartners.com,Vendor Spend Analyzer,Reconcile AP aging over 90 days for EU-08,completed,19.2,"Treasury May variance was $2,761,646 vs plan",2026-05-28T18:48:01Z
r32-0002418,rsmith@ashlandretailpartners.com,Board Deck Builder,Draft flux commentary for the Apr close,completed,67.6,"FP&A Apr variance was $3,670,429 vs plan",2026-05-29T16:13:51Z
r32-0002419,ymiller@ashlandretailpartners.com,Budget vs Actual,Why did Treasury spend exceed budget in Jun?,completed,55.1,"Treasury Jun variance was $44,427 vs plan",2026-05-29T10:30:12Z
r32-0002420,ymiller@ashlandretailpartners.com,Revenue Recognizer,Reconcile AP aging over 90 days for CA-04,error,1.8,error: connection reset by peer,2026-05-29T06:01:29Z
r32-0002421,ymiller@ashlandretailpartners.com,Cash Forecaster,Why did Treasury spend exceed budget in Jan?,error,3.6,ERROR: upstream request timed out,2026-05-29T10:23:11Z
r32-0002422,rsmith@ashlandretailpartners.com,Flux Commentary,Check covenant compliance for the revolver,completed,66.4,"Treasury Jan variance was $392,448 vs plan",2026-05-29T13:06:21Z
r32-0002423,rsmith@ashlandretailpartners.com,Journal Entry Reviewer,Why did Accounting spend exceed budget in Jun?,completed,73.5,"Accounting Jun variance was $3,264,610 vs plan",2026-05-29T15:05:52Z
r32-0002424,sclark@ashlandretailpartners.com,Budget vs Actual,Reconcile AP aging over 90 days for US-08,completed,70.3,"Treasury Mar variance was $595,625 vs plan",2026-05-29T15:50:41Z
r32-0002425,ymiller@ashlandretailpartners.com,Board Deck Builder,Reconcile AP aging over 90 days for US-07,completed,35.1,"Ops May variance was $1,139,467 vs plan",2026-05-29T15:37:45Z
r32-0002426,ymiller@ashlandretailpartners.com,Flux Commentary,Summarize the Apr variance for entity CA-08,completed,69.5,"Accounting Apr variance was $698,929 vs plan",2026-05-29T13:54:45Z
r32-0002427,ymiller@ashlandretailpartners.com,Variance Explainer,Summarize the Jun variance for entity MX-09,completed,69.2,"Treasury Jun variance was $3,688,226 vs plan",2026-05-29T12:03:52Z
r32-0002428,ymiller@ashlandretailpartners.com,Close Checklist Bot,Explain the headcount variance vs plan,completed,56.0,"Treasury May variance was $1,638,715 vs plan",2026-05-29T13:55:05Z
r32-0002429,ymiller@ashlandretailpartners.com,Revenue Recognizer,Build the board deck cash slide for Mar,completed,74.4,"FP&A Mar variance was $381,330 vs plan",2026-05-29T16:58:35Z
r32-0002430,lharris@ashlandretailpartners.com,AP Aging Analyst,Which cost centers are over budget YTD?,completed,14.0,"FP&A May variance was $2,561,771 vs plan",2026-05-29T11:58:40Z
r32-0002431,ymiller@ashlandretailpartners.com,Close Checklist Bot,What drove the change in gross margin this quarter?,completed,67.4,"Ops May variance was $3,104,989 vs plan",2026-05-29T10:08:09Z
r32-0002432,ymiller@ashlandretailpartners.com,Headcount Planner,Which cost centers are over budget YTD?,completed,28.0,"Treasury May variance was $695,777 vs plan",2026-05-29T14:34:55Z
r32-0002433,ymiller@ashlandretailpartners.com,Close Checklist Bot,Reconcile AP aging over 90 days for US-07,completed,41.3,"Accounting Mar variance was $1,921,088 vs plan",2026-05-29T11:22:25Z
r32-0002434,rsmith@ashlandretailpartners.com,Journal Entry Reviewer,Why did Ops spend exceed budget in Feb?,completed,17.5,"Ops Feb variance was $781,848 vs plan",2026-05-29T09:33:27Z
r32-0002435,sclark@ashlandretailpartners.com,Board Deck Builder,Draft flux commentary for the Mar close,completed,9.5,"Accounting Mar variance was $291,828 vs plan",2026-05-29T15:23:40Z
r32-0002436,ymiller@ashlandretailpartners.com,Cash Forecaster,Check covenant compliance for the revolver,completed,58.0,"Treasury Mar variance was $2,838,306 vs plan",2026-05-29T08:23:23Z
r32-0002437,sclark@ashlandretailpartners.com,Close Checklist Bot,Check covenant compliance for the revolver,completed,64.5,"FP&A May variance was $780,824 vs plan",2026-05-29T15:30:59Z
r32-0002438,ymiller@ashlandretailpartners.com,Flux Commentary,Explain the headcount variance vs plan,completed,1.2,error code 502 from model gateway,2026-05-29T10:39:08Z
r32-0002439,ymiller@ashlandretailpartners.com,Vendor Spend Analyzer,Which cost centers are over budget YTD?,completed,21.6,"Treasury Jun variance was $2,748,311 vs plan",2026-05-29T09:58:14Z
r32-0002440,sclark@ashlandretailpartners.com,Variance Explainer,What drove the change in gross margin this quarter?,completed,38.5,"Accounting Feb variance was $2,773,209 vs plan",2026-05-29T11:45:10Z
r32-0002441,rsmith@ashlandretailpartners.com,Board Deck Builder,Forecast Mar operating cash flow,completed,17.7,"Treasury Mar variance was $1,536,173 vs plan",2026-05-29T11:20:01Z
r32-0002442,rsmith@ashlandretailpartners.com,Vendor Spend Analyzer,Explain the headcount variance vs plan,completed,4.6,"FP&A Apr variance was $4,689,872 vs plan",2026-05-29T12:44:01Z
r32-0002443,ymiller@ashlandretailpartners.com,Headcount Planner,Draft flux commentary for the Apr close,completed,40.6,"FP&A Apr variance was $1,700,735 vs plan",2026-05-29T12:17:12Z
r32-0002444,lharris@ashlandretailpartners.com,Headcount Planner,Reconcile AP aging over 90 days for MX-06,completed,33.5,"Accounting Feb variance was $2,445,495 vs plan",2026-05-29T16:58:05Z
r32-0002445,rsmith@ashlandretailpartners.com,Cash Forecaster,Draft flux commentary for the Feb close,completed,1.4,error: connection reset by peer,2026-05-29T15:12:57Z
r32-0002446,ymiller@ashlandretailpartners.com,Headcount Planner,Why did FP&A spend exceed budget in Apr?,completed,58.9,"FP&A Apr variance was $3,824,505 vs plan",2026-05-29T08:08:58Z
r32-0002447,ymiller@ashlandretailpartners.com,Cash Forecaster,Which cost centers are over budget YTD?,error,1.0,error: connection reset by peer,2026-05-29T09:25:53Z
r32-0002448,rsmith@ashlandretailpartners.com,Flux Commentary,Build the board deck cash slide for Apr,completed,23.8,"Treasury Apr variance was $3,762,012 vs plan",2026-05-29T17:42:52Z
r32-0002449,rsmith@ashlandretailpartners.com,Covenant Checker,Reconcile AP aging over 90 days for US-05,completed,60.3,"FP&A Apr variance was $3,585,504 vs plan",2026-05-29T15:42:43Z
r32-0002450,lharris@ashlandretailpartners.com,Flux Commentary,What drove the change in gross margin this quarter?,completed,71.8,"Treasury Jan variance was $4,688,547 vs plan",2026-05-29T15:39:48Z
r32-0002451,rsmith@ashlandretailpartners.com,Headcount Planner,Which cost centers are over budget YTD?,completed,58.8,"Ops Apr variance was $1,063,470 vs plan",2026-05-29T11:31:46Z
r32-0002452,ymiller@ashlandretailpartners.com,Covenant Checker,Check covenant compliance for the revolver,completed,42.7,"FP&A Mar variance was $380,005 vs plan",2026-05-29T12:15:59Z
r32-0002453,rsmith@ashlandretailpartners.com,Cash Forecaster,Summarize the Feb variance for entity MX-07,completed,71.0,"Accounting Feb variance was $3,813,577 vs plan",2026-05-30T11:49:29Z
r32-0002454,ymiller@ashlandretailpartners.com,Vendor Spend Analyzer,What drove the change in gross margin this quarter?,completed,41.7,"Ops Mar variance was $4,156,809 vs plan",2026-05-30T14:05:38Z
r32-0002455,ymiller@ashlandretailpartners.com,Journal Entry Reviewer,Why did Accounting spend exceed budget in May?,completed,16.5,"Accounting May variance was $2,421,806 vs plan",2026-05-30T13:22:58Z
r32-0002456,rsmith@ashlandretailpartners.com,Cash Forecaster,Which cost centers are over budget YTD?,completed,73.8,"FP&A Mar variance was $884,047 vs plan",2026-05-30T14:57:06Z
r32-0002457,ymiller@ashlandretailpartners.com,Flux Commentary,Forecast May operating cash flow,error,4.8,error code 502 from model gateway,2026-05-30T17:14:58Z
r32-0002458,ymiller@ashlandretailpartners.com,Board Deck Builder,Which cost centers are over budget YTD?,completed,23.9,"Treasury Apr variance was $3,719,515 vs plan",2026-05-30T06:04:52Z
r32-0002459,ymiller@ashlandretailpartners.com,AP Aging Analyst,Draft flux commentary for the Mar close,completed,65.3,"Treasury Mar variance was $4,666,837 vs plan",2026-05-30T13:34:04Z
r32-0002460,rsmith@ashlandretailpartners.com,AP Aging Analyst,Reconcile AP aging over 90 days for MX-04,completed,9.7,"Treasury Apr variance was $3,376,809 vs plan",2026-05-31T06:11:02Z
r32-0002461,lharris@ashlandretailpartners.com,Journal Entry Reviewer,Check covenant compliance for the revolver,completed,65.0,"Treasury Jun variance was $68,960 vs plan",2026-05-31T14:41:03Z
r32-0002462,rsmith@ashlandretailpartners.com,Board Deck Builder,Check covenant compliance for the revolver,completed,22.2,"Accounting Jun variance was $680,219 vs plan",2026-05-31T14:53:52Z
r32-0002463,rsmith@ashlandretailpartners.com,Budget vs Actual,Forecast Jan operating cash flow,completed,53.9,"Accounting Jan variance was $1,919,951 vs plan",2026-05-31T11:33:20Z
r32-0002464,rsmith@ashlandretailpartners.com,Vendor Spend Analyzer,Build the board deck cash slide for Jan,completed,11.0,"FP&A Jan variance was $3,188,679 vs plan",2026-05-31T12:08:47Z
r32-0002465,ymiller@ashlandretailpartners.com,Covenant Checker,Summarize the Jan variance for entity CA-02,completed,49.4,"Ops Jan variance was $3,727,325 vs plan",2026-05-31T14:23:07Z
r32-0002466,rsmith@ashlandretailpartners.com,Budget vs Actual,Explain the headcount variance vs plan,completed,46.1,"FP&A Mar variance was $4,739,507 vs plan",2026-05-31T12:33:56Z
r32-0002467,rsmith@ashlandretailpartners.com,Headcount Planner,Draft flux commentary for the Mar close,completed,61.9,"Accounting Mar variance was $4,426,037 vs plan",2026-05-31T14:15:42Z
r32-0002468,rsmith@ashlandretailpartners.com,Budget vs Actual,Forecast May operating cash flow,completed,57.5,"Accounting May variance was $1,910,928 vs plan",2026-05-31T10:37:44Z
r32-0002469,sclark@ashlandretailpartners.com,Budget vs Actual,What drove the change in gross margin this quarter?,completed,35.4,"Treasury Jun variance was $1,836,894 vs plan",2026-05-31T12:32:37Z
r32-0002470,lharris@ashlandretailpartners.com,Flux Commentary,Check covenant compliance for the revolver,completed,13.9,"Ops May variance was $1,669,985 vs plan",2026-05-31T15:09:23Z
r32-0002471,lharris@ashlandretailpartners.com,Vendor Spend Analyzer,Summarize the May variance for entity US-01,completed,28.7,"Accounting May variance was $2,628,527 vs plan",2026-05-31T12:19:13Z
r32-0002472,lharris@ashlandretailpartners.com,Close Checklist Bot,Summarize the Jan variance for entity MX-01,completed,26.0,"Treasury Jan variance was $3,819,573 vs plan",2026-06-01T19:51:37Z
r32-0002473,rsmith@ashlandretailpartners.com,Cash Forecaster,Check covenant compliance for the revolver,completed,27.0,"FP&A Apr variance was $4,789,763 vs plan",2026-06-01T11:26:45Z
r32-0002474,ymiller@ashlandretailpartners.com,AP Aging Analyst,Reconcile AP aging over 90 days for EU-09,completed,1.5,error code 502 from model gateway,2026-06-01T11:33:52Z
r32-0002475,lharris@ashlandretailpartners.com,Close Checklist Bot,Summarize the May variance for entity EU-02,completed,65.2,"Ops May variance was $3,043,345 vs plan",2026-06-01T13:37:30Z
r32-0002476,lharris@ashlandretailpartners.com,Cash Forecaster,Summarize the May variance for entity MX-04,completed,15.8,"Ops May variance was $1,492,225 vs plan",2026-06-01T08:46:10Z
r32-0002477,ymiller@ashlandretailpartners.com,Headcount Planner,Draft flux commentary for the Apr close,completed,46.6,"Accounting Apr variance was $3,949,370 vs plan",2026-06-01T16:33:28Z
r32-0002478,lharris@ashlandretailpartners.com,Vendor Spend Analyzer,Build the board deck cash slide for Apr,completed,63.1,"Accounting Apr variance was $724,144 vs plan",2026-06-01T11:34:20Z
r32-0002479,lharris@ashlandretailpartners.com,Budget vs Actual,Forecast Feb operating cash flow,completed,45.9,"FP&A Feb variance was $4,226,886 vs plan",2026-06-01T21:15:31Z
r32-0002480,rsmith@ashlandretailpartners.com,Variance Explainer,What drove the change in gross margin this quarter?,completed,29.8,"Ops Feb variance was $1,398,225 vs plan",2026-06-01T17:34:45Z
r32-0002481,ymiller@ashlandretailpartners.com,Headcount Planner,Forecast Jan operating cash flow,completed,59.1,"Accounting Jan variance was $163,522 vs plan",2026-06-01T17:03:06Z
r32-0002482,ymiller@ashlandretailpartners.com,Variance Explainer,Build the board deck cash slide for Jan,completed,1.7,FAILED: null reference in aggregation step,2026-06-01T16:53:04Z
r32-0002483,ymiller@ashlandretailpartners.com,Headcount Planner,Which cost centers are over budget YTD?,completed,0.5,error code 502 from model gateway,2026-06-01T10:31:24Z
r32-0002484,ymiller@ashlandretailpartners.com,Vendor Spend Analyzer,What drove the change in gross margin this quarter?,completed,10.1,"Accounting Jun variance was $3,271,001 vs plan",2026-06-01T11:09:45Z
r32-0002485,lharris@ashlandretailpartners.com,Journal Entry Reviewer,Which cost centers are over budget YTD?,completed,23.9,"Treasury Jun variance was $320,026 vs plan",2026-06-01T11:12:32Z
r32-0002486,lharris@ashlandretailpartners.com,Close Checklist Bot,Why did FP&A spend exceed budget in Jun?,completed,33.8,"FP&A Jun variance was $1,599,239 vs plan",2026-06-01T06:44:54Z
r32-0002487,rsmith@ashlandretailpartners.com,Board Deck Builder,Which cost centers are over budget YTD?,completed,45.0,"Treasury May variance was $1,640,044 vs plan",2026-06-01T13:34:58Z
r32-0002488,rsmith@ashlandretailpartners.com,AP Aging Analyst,Check covenant compliance for the revolver,completed,61.2,"Treasury Feb variance was $748,287 vs plan",2026-06-01T12:01:38Z
r32-0002489,ymiller@ashlandretailpartners.com,Journal Entry Reviewer,Why did Treasury spend exceed budget in May?,completed,65.1,"Treasury May variance was $3,628,937 vs plan",2026-06-01T14:03:57Z
r32-0002490,lharris@ashlandretailpartners.com,Journal Entry Reviewer,Build the board deck cash slide for May,completed,69.7,"FP&A May variance was $2,325,062 vs plan",2026-06-01T12:40:32Z
r32-0002491,ymiller@ashlandretailpartners.com,Flux Commentary,Check covenant compliance for the revolver,completed,23.5,"FP&A Apr variance was $2,125,674 vs plan",2026-06-01T09:34:57Z
r32-0002492,ymiller@ashlandretailpartners.com,Variance Explainer,Reconcile AP aging over 90 days for US-05,completed,64.2,"FP&A Feb variance was $647,470 vs plan",2026-06-01T14:04:09Z
r32-0002493,ymiller@ashlandretailpartners.com,Headcount Planner,Build the board deck cash slide for Mar,completed,60.1,"FP&A Mar variance was $2,252,893 vs plan",2026-06-01T13:13:05Z
r32-0002494,lharris@ashlandretailpartners.com,Cash Forecaster,Why did Treasury spend exceed budget in Feb?,completed,12.4,"Treasury Feb variance was $1,386,958 vs plan",2026-06-01T13:36:26Z
r32-0002495,rsmith@ashlandretailpartners.com,Vendor Spend Analyzer,Reconcile AP aging over 90 days for MX-01,completed,63.7,"Accounting Mar variance was $2,225,414 vs plan",2026-06-01T16:20:47Z
r32-0002496,rsmith@ashlandretailpartners.com,Variance Explainer,Build the board deck cash slide for Mar,completed,30.5,"Ops Mar variance was $980,044 vs plan",2026-06-01T06:06:36Z
r32-0002497,rsmith@ashlandretailpartners.com,Vendor Spend Analyzer,Draft flux commentary for the Mar close,completed,55.8,"Accounting Mar variance was $3,808,704 vs plan",2026-06-01T10:20:07Z
r32-0002498,rsmith@ashlandretailpartners.com,Close Checklist Bot,Which cost centers are over budget YTD?,completed,26.1,"Accounting Jun variance was $4,676,813 vs plan",2026-06-01T13:30:12Z
r32-0002499,ymiller@ashlandretailpartners.com,Budget vs Actual,Draft flux commentary for the Apr close,completed,35.1,"Treasury Apr variance was $4,308,552 vs plan",2026-06-01T11:42:49Z
r32-0002500,rsmith@ashlandretailpartners.com,Board Deck Builder,Check covenant compliance for the revolver,completed,12.2,"Treasury Jun variance was $4,760,030 vs plan",2026-06-01T10:25:36Z
r32-0002501,lharris@ashlandretailpartners.com,Close Checklist Bot,Explain the headcount variance vs plan,completed,4.9,"Ops Apr variance was $1,295,407 vs plan",2026-06-01T10:37:36Z
r32-0002502,rsmith@ashlandretailpartners.com,Covenant Checker,Summarize the Jan variance for entity CA-07,completed,36.0,"Treasury Jan variance was $2,533,438 vs plan",2026-06-01T16:57:08Z
r32-0002503,lharris@ashlandretailpartners.com,Board Deck Builder,Check covenant compliance for the revolver,completed,72.9,"Ops Jun variance was $3,310,135 vs plan",2026-06-01T10:40:07Z
r32-0002504,sclark@ashlandretailpartners.com,Flux Commentary,Draft flux commentary for the Jan close,completed,73.5,"Treasury Jan variance was $3,516,488 vs plan",2026-06-01T13:24:28Z
r32-0002505,rsmith@ashlandretailpartners.com,Vendor Spend Analyzer,Explain the headcount variance vs plan,completed,68.9,"Treasury Jan variance was $432,768 vs plan",2026-06-01T12:25:50Z
r32-0002506,sclark@ashlandretailpartners.com,Headcount Planner,Draft flux commentary for the Apr close,completed,3.9,"Accounting Apr variance was $463,676 vs plan",2026-06-01T08:41:51Z
r32-0002507,lharris@ashlandretailpartners.com,Close Checklist Bot,Forecast Jan operating cash flow,completed,8.2,"Treasury Jan variance was $4,162,919 vs plan",2026-06-01T17:04:04Z
r32-0002508,lharris@ashlandretailpartners.com,Close Checklist Bot,Build the board deck cash slide for Apr,completed,10.7,"Accounting Apr variance was $485,758 vs plan",2026-06-02T18:15:11Z
r32-0002509,rsmith@ashlandretailpartners.com,Board Deck Builder,Explain the headcount variance vs plan,completed,15.8,"Accounting May variance was $4,768,455 vs plan",2026-06-02T08:10:37Z
r32-0002510,rsmith@ashlandretailpartners.com,Variance Explainer,Check covenant compliance for the revolver,completed,27.1,"Ops Jun variance was $1,032,145 vs plan",2026-06-02T16:50:04Z
r32-0002511,ymiller@ashlandretailpartners.com,AP Aging Analyst,Forecast Mar operating cash flow,completed,44.2,"FP&A Mar variance was $2,764,640 vs plan",2026-06-02T12:21:06Z
r32-0002512,rsmith@ashlandretailpartners.com,Flux Commentary,Build the board deck cash slide for May,completed,0.7,FAILED: null reference in aggregation step,2026-06-02T14:57:54Z
r32-0002513,ymiller@ashlandretailpartners.com,AP Aging Analyst,Why did FP&A spend exceed budget in Mar?,completed,17.4,"FP&A Mar variance was $380,824 vs plan",2026-06-02T16:25:54Z
r32-0002514,rsmith@ashlandretailpartners.com,Cash Forecaster,Check covenant compliance for the revolver,completed,0.9,Traceback (most recent call last): KeyError 'entity',2026-06-02T12:53:40Z
r32-0002515,rsmith@ashlandretailpartners.com,Board Deck Builder,Build the board deck cash slide for Mar,error,2.9,error: connection reset by peer,2026-06-02T09:22:02Z
r32-0002516,rsmith@ashlandretailpartners.com,Vendor Spend Analyzer,Build the board deck cash slide for Jun,completed,36.2,"FP&A Jun variance was $862,256 vs plan",2026-06-02T14:19:57Z
r32-0002517,sclark@ashlandretailpartners.com,Budget vs Actual,Forecast Jun operating cash flow,completed,71.2,"Treasury Jun variance was $264,902 vs plan",2026-06-02T15:50:51Z
r32-0002518,lharris@ashlandretailpartners.com,Journal Entry Reviewer,Explain the headcount variance vs plan,completed,35.6,"Accounting Jun variance was $160,519 vs plan",2026-06-02T17:16:32Z
r32-0002519,ymiller@ashlandretailpartners.com,Flux Commentary,Forecast Feb operating cash flow,completed,45.3,"Treasury Feb variance was $4,230,163 vs plan",2026-06-02T11:39:16Z
r32-0002520,lharris@ashlandretailpartners.com,Flux Commentary,What drove the change in gross margin this quarter?,completed,51.9,"Accounting Apr variance was $4,670,643 vs plan",2026-06-02T13:29:29Z
r32-0002521,rsmith@ashlandretailpartners.com,Variance Explainer,What drove the change in gross margin this quarter?,completed,9.7,"Treasury Jun variance was $2,571,709 vs plan",2026-06-02T15:40:10Z
r32-0002522,rsmith@ashlandretailpartners.com,Flux Commentary,Explain the headcount variance vs plan,completed,72.2,"Treasury May variance was $4,246,870 vs plan",2026-06-02T07:27:39Z
r32-0002523,lharris@ashlandretailpartners.com,Close Checklist Bot,Summarize the Apr variance for entity EU-02,completed,22.5,"FP&A Apr variance was $2,049,108 vs plan",2026-06-02T07:13:00Z
r32-0002524,lharris@ashlandretailpartners.com,Variance Explainer,Build the board deck cash slide for Jan,error,1.8,error: connection reset by peer,2026-06-02T15:46:21Z
r32-0002525,rsmith@ashlandretailpartners.com,Vendor Spend Analyzer,Reconcile AP aging over 90 days for CA-01,completed,1.5,error code 502 from model gateway,2026-06-02T17:59:38Z
r32-0002526,rsmith@ashlandretailpartners.com,Covenant Checker,What drove the change in gross margin this quarter?,completed,1.8,ERROR: upstream request timed out,2026-06-02T12:40:18Z
r32-0002527,rsmith@ashlandretailpartners.com,AP Aging Analyst,Explain the headcount variance vs plan,completed,1.6,Traceback (most recent call last): KeyError 'entity',2026-06-02T12:35:35Z
r32-0002528,ymiller@ashlandretailpartners.com,Board Deck Builder,Summarize the Feb variance for entity CA-08,completed,11.5,"Ops Feb variance was $4,777,050 vs plan",2026-06-02T11:33:05Z
r32-0002529,lharris@ashlandretailpartners.com,Revenue Recognizer,What drove the change in gross margin this quarter?,completed,6.5,"Accounting Feb variance was $407,451 vs plan",2026-06-02T11:05:36Z
r32-0002530,rsmith@ashlandretailpartners.com,Covenant Checker,Explain the headcount variance vs plan,completed,61.5,"FP&A Jan variance was $4,634,603 vs plan",2026-06-02T13:57:42Z
r32-0002531,lharris@ashlandretailpartners.com,Variance Explainer,Check covenant compliance for the revolver,completed,59.8,"FP&A Mar variance was $304,867 vs plan",2026-06-02T11:29:15Z
r32-0002532,ymiller@ashlandretailpartners.com,Revenue Recognizer,Summarize the Mar variance for entity US-05,completed,22.8,"Ops Mar variance was $281,480 vs plan",2026-06-02T09:19:15Z
r32-0002533,rsmith@ashlandretailpartners.com,Close Checklist Bot,Check covenant compliance for the revolver,completed,53.4,"Ops May variance was $2,064,385 vs plan",2026-06-02T14:01:05Z
r32-0002534,lharris@ashlandretailpartners.com,Board Deck Builder,Summarize the Jun variance for entity MX-02,completed,57.2,"Ops Jun variance was $3,923,676 vs plan",2026-06-02T07:59:26Z
r32-0002535,rsmith@ashlandretailpartners.com,Vendor Spend Analyzer,Check covenant compliance for the revolver,completed,4.0,"Treasury Apr variance was $3,808,990 vs plan",2026-06-02T12:29:11Z
r32-0002536,lharris@ashlandretailpartners.com,Board Deck Builder,Why did Accounting spend exceed budget in Jun?,completed,73.2,"Accounting Jun variance was $2,320,219 vs plan",2026-06-02T09:58:50Z
r32-0002537,lharris@ashlandretailpartners.com,Variance Explainer,Build the board deck cash slide for Jun,completed,53.8,"Accounting Jun variance was $294,454 vs plan",2026-06-02T11:00:15Z
r32-0002538,rsmith@ashlandretailpartners.com,Headcount Planner,Reconcile AP aging over 90 days for US-01,error,2.3,error code 502 from model gateway,2026-06-02T19:29:01Z
r32-0002539,rsmith@ashlandretailpartners.com,Flux Commentary,Summarize the Jan variance for entity CA-01,completed,25.9,"FP&A Jan variance was $4,622,314 vs plan",2026-06-02T12:08:43Z
r32-0002540,rsmith@ashlandretailpartners.com,Board Deck Builder,Draft flux commentary for the Jun close,completed,57.4,"Treasury Jun variance was $11,616 vs plan",2026-06-03T09:39:12Z
r32-0002541,ymiller@ashlandretailpartners.com,Covenant Checker,Check covenant compliance for the revolver,completed,60.3,"Accounting Jun variance was $4,694,666 vs plan",2026-06-03T11:02:16Z
r32-0002542,rsmith@ashlandretailpartners.com,Cash Forecaster,Which cost centers are over budget YTD?,completed,9.0,"FP&A Feb variance was $3,018,760 vs plan",2026-06-03T15:11:47Z
r32-0002543,rsmith@ashlandretailpartners.com,AP Aging Analyst,Summarize the Mar variance for entity MX-07,completed,42.2,"Ops Mar variance was $270,489 vs plan",2026-06-03T13:06:09Z
r32-0002544,rsmith@ashlandretailpartners.com,Close Checklist Bot,Explain the headcount variance vs plan,completed,26.1,"Treasury Apr variance was $1,059,805 vs plan",2026-06-03T14:34:57Z
r32-0002545,rsmith@ashlandretailpartners.com,Vendor Spend Analyzer,Check covenant compliance for the revolver,completed,38.6,"Accounting Jan variance was $2,561,921 vs plan",2026-06-03T13:55:12Z
r32-0002546,rsmith@ashlandretailpartners.com,Close Checklist Bot,Explain the headcount variance vs plan,completed,51.0,"Treasury Apr variance was $3,518,426 vs plan",2026-06-03T14:43:01Z
r32-0002547,ymiller@ashlandretailpartners.com,Vendor Spend Analyzer,Draft flux commentary for the May close,completed,71.4,"Ops May variance was $554,138 vs plan",2026-06-03T14:44:23Z
r32-0002548,ymiller@ashlandretailpartners.com,Board Deck Builder,Explain the headcount variance vs plan,completed,38.0,"Accounting Jun variance was $908,672 vs plan",2026-06-03T14:47:49Z
r32-0002549,ymiller@ashlandretailpartners.com,Cash Forecaster,Forecast Apr operating cash flow,completed,12.3,"Accounting Apr variance was $3,290,026 vs plan",2026-06-03T14:44:14Z
r32-0002550,rsmith@ashlandretailpartners.com,Cash Forecaster,Check covenant compliance for the revolver,completed,5.9,"FP&A Jun variance was $1,858,891 vs plan",2026-06-03T09:33:44Z
r32-0002551,ymiller@ashlandretailpartners.com,Close Checklist Bot,Why did FP&A spend exceed budget in Apr?,completed,29.2,"FP&A Apr variance was $2,984,646 vs plan",2026-06-03T11:19:22Z
r32-0002552,ymiller@ashlandretailpartners.com,Revenue Recognizer,Summarize the Jun variance for entity US-04,completed,48.3,"Treasury Jun variance was $3,829,829 vs plan",2026-06-03T15:21:44Z
r32-0002553,sclark@ashlandretailpartners.com,Board Deck Builder,Draft flux commentary for the Apr close,completed,0.5,FAILED: null reference in aggregation step,2026-06-03T15:12:45Z
r32-0002554,ymiller@ashlandretailpartners.com,Cash Forecaster,Build the board deck cash slide for Feb,completed,67.3,"FP&A Feb variance was $3,823,637 vs plan",2026-06-03T09:20:06Z
r32-0002555,rsmith@ashlandretailpartners.com,Journal Entry Reviewer,Which cost centers are over budget YTD?,completed,52.2,"FP&A Mar variance was $2,352,211 vs plan",2026-06-03T13:21:02Z
r32-0002556,ymiller@ashlandretailpartners.com,AP Aging Analyst,Explain the headcount variance vs plan,completed,55.5,"Accounting Apr variance was $4,447,080 vs plan",2026-06-03T17:42:00Z
r32-0002557,ymiller@ashlandretailpartners.com,Covenant Checker,Check covenant compliance for the revolver,completed,66.6,"Treasury Mar variance was $4,329,448 vs plan",2026-06-03T14:28:41Z
r32-0002558,ymiller@ashlandretailpartners.com,Journal Entry Reviewer,Explain the headcount variance vs plan,completed,1.6,ERROR: upstream request timed out,2026-06-03T12:42:04Z
r32-0002559,ymiller@ashlandretailpartners.com,Flux Commentary,Why did Accounting spend exceed budget in Apr?,completed,33.9,"Accounting Apr variance was $2,588,784 vs plan",2026-06-03T12:35:39Z
r32-0002560,lharris@ashlandretailpartners.com,Revenue Recognizer,Why did Accounting spend exceed budget in May?,completed,68.9,"Accounting May variance was $761,455 vs plan",2026-06-03T12:38:19Z
r32-0002561,ymiller@ashlandretailpartners.com,Vendor Spend Analyzer,Which cost centers are over budget YTD?,error,3.9,error code 502 from model gateway,2026-06-03T13:37:26Z
r32-0002562,rsmith@ashlandretailpartners.com,Close Checklist Bot,Check covenant compliance for the revolver,completed,64.1,"FP&A May variance was $1,712,278 vs plan",2026-06-03T13:45:08Z
r32-0002563,ymiller@ashlandretailpartners.com,AP Aging Analyst,Reconcile AP aging over 90 days for EU-04,completed,11.3,"FP&A Mar variance was $4,110,138 vs plan",2026-06-03T12:26:39Z
r32-0002564,rsmith@ashlandretailpartners.com,Headcount Planner,Explain the headcount variance vs plan,completed,39.0,"Treasury Feb variance was $1,137,935 vs plan",2026-06-03T18:29:43Z
r32-0002565,rsmith@ashlandretailpartners.com,Journal Entry Reviewer,Draft flux commentary for the Apr close,completed,25.1,"Ops Apr variance was $18,544 vs plan",2026-06-03T15:24:20Z
r32-0002566,sclark@ashlandretailpartners.com,Budget vs Actual,Explain the headcount variance vs plan,completed,18.5,"Ops Apr variance was $2,171,360 vs plan",2026-06-03T13:21:45Z
r32-0002567,ymiller@ashlandretailpartners.com,Budget vs Actual,Explain the headcount variance vs plan,error,3.9,Traceback (most recent call last): KeyError 'entity',2026-06-03T08:21:10Z
r32-0002568,ymiller@ashlandretailpartners.com,Close Checklist Bot,What drove the change in gross margin this quarter?,completed,30.7,"Treasury Jan variance was $179,262 vs plan",2026-06-03T13:23:28Z
r32-0002569,lharris@ashlandretailpartners.com,Board Deck Builder,What drove the change in gross margin this quarter?,completed,13.6,"Treasury Feb variance was $2,287,348 vs plan",2026-06-03T13:54:48Z
r32-0002570,lharris@ashlandretailpartners.com,Cash Forecaster,Check covenant compliance for the revolver,completed,1.3,FAILED: null reference in aggregation step,2026-06-03T11:22:12Z
r32-0002571,sclark@ashlandretailpartners.com,Flux Commentary,Check covenant compliance for the revolver,completed,7.2,"FP&A Jan variance was $1,892,412 vs plan",2026-06-03T19:40:03Z
r32-0002572,ymiller@ashlandretailpartners.com,Flux Commentary,Why did Treasury spend exceed budget in Jun?,completed,70.6,"Treasury Jun variance was $3,520,629 vs plan",2026-06-03T15:31:43Z
r32-0002573,ymiller@ashlandretailpartners.com,Vendor Spend Analyzer,Build the board deck cash slide for Feb,completed,48.3,"FP&A Feb variance was $2,262,050 vs plan",2026-06-03T10:19:28Z
r32-0002574,ymiller@ashlandretailpartners.com,Flux Commentary,Explain the headcount variance vs plan,completed,9.1,"FP&A Mar variance was $1,080,029 vs plan",2026-06-04T13:54:41Z
r32-0002575,rsmith@ashlandretailpartners.com,Headcount Planner,Check covenant compliance for the revolver,completed,23.1,"FP&A Jun variance was $1,844,979 vs plan",2026-06-04T12:18:05Z
r32-0002576,rsmith@ashlandretailpartners.com,Variance Explainer,What drove the change in gross margin this quarter?,completed,58.0,"FP&A Jun variance was $4,257,371 vs plan",2026-06-04T12:19:33Z
r32-0002577,rsmith@ashlandretailpartners.com,Budget vs Actual,Which cost centers are over budget YTD?,completed,34.3,"Treasury Jan variance was $4,457,126 vs plan",2026-06-04T14:11:30Z
r32-0002578,lharris@ashlandretailpartners.com,Flux Commentary,What drove the change in gross margin this quarter?,error,6.3,error: connection reset by peer,2026-06-04T15:10:52Z
r32-0002579,lharris@ashlandretailpartners.com,Vendor Spend Analyzer,Reconcile AP aging over 90 days for US-08,completed,52.0,"Treasury May variance was $4,633,454 vs plan",2026-06-04T13:55:47Z
r32-0002580,ymiller@ashlandretailpartners.com,Vendor Spend Analyzer,Summarize the Jan variance for entity CA-09,completed,66.9,"Ops Jan variance was $2,016,114 vs plan",2026-06-04T12:50:11Z
r32-0002581,ymiller@ashlandretailpartners.com,Close Checklist Bot,Check covenant compliance for the revolver,completed,68.3,"FP&A Jan variance was $1,166,588 vs plan",2026-06-04T08:32:01Z
r32-0002582,rsmith@ashlandretailpartners.com,Board Deck Builder,Draft flux commentary for the May close,completed,33.1,"FP&A May variance was $2,436,401 vs plan",2026-06-04T09:44:49Z
r32-0002583,rsmith@ashlandretailpartners.com,Journal Entry Reviewer,What drove the change in gross margin this quarter?,completed,38.5,"Treasury Apr variance was $4,646,529 vs plan",2026-06-04T19:42:07Z
r32-0002584,rsmith@ashlandretailpartners.com,Vendor Spend Analyzer,Reconcile AP aging over 90 days for MX-09,completed,19.6,"Accounting Apr variance was $1,607,069 vs plan",2026-06-04T10:02:20Z
r32-0002585,ymiller@ashlandretailpartners.com,Flux Commentary,What drove the change in gross margin this quarter?,completed,58.2,"FP&A Jun variance was $2,509,246 vs plan",2026-06-04T19:37:16Z
r32-0002586,ymiller@ashlandretailpartners.com,Revenue Recognizer,Explain the headcount variance vs plan,completed,42.4,"FP&A Jan variance was $2,370,955 vs plan",2026-06-04T13:09:17Z
r32-0002587,rsmith@ashlandretailpartners.com,Variance Explainer,Which cost centers are over budget YTD?,completed,26.6,"Ops May variance was $727,396 vs plan",2026-06-04T14:05:36Z
r32-0002588,rsmith@ashlandretailpartners.com,Vendor Spend Analyzer,Build the board deck cash slide for Feb,completed,0.4,ERROR: upstream request timed out,2026-06-04T11:26:11Z
r32-0002589,rsmith@ashlandretailpartners.com,Journal Entry Reviewer,Check covenant compliance for the revolver,completed,25.4,"FP&A Jun variance was $4,196,715 vs plan",2026-06-04T07:23:22Z
r32-0002590,rsmith@ashlandretailpartners.com,AP Aging Analyst,Build the board deck cash slide for Jan,completed,9.5,"Treasury Jan variance was $3,264,831 vs plan",2026-06-04T08:10:31Z
r32-0002591,rsmith@ashlandretailpartners.com,Board Deck Builder,What drove the change in gross margin this quarter?,completed,8.4,"Treasury Jun variance was $2,570,011 vs plan",2026-06-04T08:40:36Z
r32-0002592,rsmith@ashlandretailpartners.com,Headcount Planner,Forecast Jun operating cash flow,completed,30.2,"FP&A Jun variance was $831,950 vs plan",2026-06-04T13:07:45Z
r32-0002593,ymiller@ashlandretailpartners.com,Revenue Recognizer,Build the board deck cash slide for Mar,completed,16.9,"Ops Mar variance was $4,183,403 vs plan",2026-06-04T10:05:20Z
r32-0002594,rsmith@ashlandretailpartners.com,Revenue Recognizer,Reconcile AP aging over 90 days for CA-09,completed,13.0,"FP&A Jan variance was $169,360 vs plan",2026-06-04T10:25:41Z
r32-0002595,sclark@ashlandretailpartners.com,AP Aging Analyst,Draft flux commentary for the Apr close,completed,23.1,"FP&A Apr variance was $2,739,963 vs plan",2026-06-04T12:49:41Z
r32-0002596,sclark@ashlandretailpartners.com,Covenant Checker,Draft flux commentary for the Jan close,completed,22.6,"Ops Jan variance was $3,526,303 vs plan",2026-06-04T06:33:49Z
r32-0002597,rsmith@ashlandretailpartners.com,Vendor Spend Analyzer,Check covenant compliance for the revolver,completed,0.8,ERROR: upstream request timed out,2026-06-04T17:18:45Z
r32-0002598,ymiller@ashlandretailpartners.com,Flux Commentary,Which cost centers are over budget YTD?,completed,16.1,"Accounting Apr variance was $1,275,419 vs plan",2026-06-04T09:43:35Z
r32-0002599,ymiller@ashlandretailpartners.com,Vendor Spend Analyzer,Summarize the Jun variance for entity US-03,completed,22.9,"FP&A Jun variance was $4,165,285 vs plan",2026-06-04T12:59:46Z
r32-0002600,lharris@ashlandretailpartners.com,Variance Explainer,Reconcile AP aging over 90 days for MX-09,completed,37.8,"Treasury Jan variance was $563,901 vs plan",2026-06-04T12:30:58Z
r32-0002601,ymiller@ashlandretailpartners.com,Revenue Recognizer,Draft flux commentary for the Apr close,completed,31.8,"Accounting Apr variance was $154,441 vs plan",2026-06-04T09:09:38Z
r32-0002602,ymiller@ashlandretailpartners.com,Budget vs Actual,Build the board deck cash slide for Apr,completed,69.1,"Accounting Apr variance was $520,365 vs plan",2026-06-04T13:36:11Z
r32-0002603,rsmith@ashlandretailpartners.com,Flux Commentary,Summarize the May variance for entity US-05,completed,46.7,"Ops May variance was $2,083,179 vs plan",2026-06-04T08:45:20Z
r32-0002604,ymiller@ashlandretailpartners.com,Journal Entry Reviewer,Explain the headcount variance vs plan,completed,63.2,"Ops Jan variance was $533,155 vs plan",2026-06-04T19:31:27Z
r32-0002605,ymiller@ashlandretailpartners.com,Headcount Planner,Check covenant compliance for the revolver,completed,15.5,"FP&A Jun variance was $2,897,147 vs plan",2026-06-04T18:13:15Z
r32-0002606,ymiller@ashlandretailpartners.com,Board Deck Builder,What drove the change in gross margin this quarter?,completed,11.9,"Treasury Mar variance was $2,451,928 vs plan",2026-06-05T11:48:02Z
r32-0002607,rsmith@ashlandretailpartners.com,Variance Explainer,Build the board deck cash slide for Jun,completed,4.7,"FP&A Jun variance was $2,811,953 vs plan",2026-06-05T09:18:15Z
r32-0002608,ymiller@ashlandretailpartners.com,Close Checklist Bot,Forecast Apr operating cash flow,completed,24.1,"Ops Apr variance was $4,093,519 vs plan",2026-06-05T11:04:41Z
r32-0002609,ymiller@ashlandretailpartners.com,Journal Entry Reviewer,Forecast Jan operating cash flow,error,6.3,Traceback (most recent call last): KeyError 'entity',2026-06-05T10:11:09Z
r32-0002610,ymiller@ashlandretailpartners.com,Cash Forecaster,Which cost centers are over budget YTD?,completed,16.1,"Accounting Apr variance was $793,074 vs plan",2026-06-05T10:06:40Z
r32-0002611,rsmith@ashlandretailpartners.com,Budget vs Actual,Explain the headcount variance vs plan,completed,24.9,"Ops Feb variance was $1,731,643 vs plan",2026-06-05T07:20:22Z
r32-0002612,ymiller@ashlandretailpartners.com,Flux Commentary,Summarize the Jan variance for entity EU-05,completed,72.9,"Ops Jan variance was $102,212 vs plan",2026-06-05T10:30:19Z
r32-0002613,rsmith@ashlandretailpartners.com,Revenue Recognizer,Draft flux commentary for the Mar close,completed,6.4,"FP&A Mar variance was $3,094,898 vs plan",2026-06-05T07:57:08Z
r32-0002614,rsmith@ashlandretailpartners.com,Cash Forecaster,Summarize the Feb variance for entity CA-05,completed,1.1,Traceback (most recent call last): KeyError 'entity',2026-06-05T18:08:07Z
r32-0002615,rsmith@ashlandretailpartners.com,Journal Entry Reviewer,Why did FP&A spend exceed budget in May?,completed,65.7,"FP&A May variance was $2,704,024 vs plan",2026-06-05T12:35:01Z
r32-0002616,rsmith@ashlandretailpartners.com,Board Deck Builder,Why did Treasury spend exceed budget in Apr?,error,1.5,error code 502 from model gateway,2026-06-05T10:30:24Z
r32-0002617,rsmith@ashlandretailpartners.com,Budget vs Actual,What drove the change in gross margin this quarter?,completed,1.0,FAILED: null reference in aggregation step,2026-06-05T13:12:03Z
r32-0002618,ymiller@ashlandretailpartners.com,Vendor Spend Analyzer,Check covenant compliance for the revolver,completed,41.1,"Ops Feb variance was $3,058,857 vs plan",2026-06-05T13:30:03Z
r32-0002619,ymiller@ashlandretailpartners.com,Cash Forecaster,Why did Accounting spend exceed budget in Jun?,completed,11.9,"Accounting Jun variance was $762,028 vs plan",2026-06-05T13:30:07Z
r32-0002620,lharris@ashlandretailpartners.com,Covenant Checker,Forecast Mar operating cash flow,completed,28.5,"Accounting Mar variance was $3,767,397 vs plan",2026-06-05T09:51:51Z
r32-0002621,sclark@ashlandretailpartners.com,Revenue Recognizer,Which cost centers are over budget YTD?,completed,1.8,error: connection reset by peer,2026-06-05T14:08:38Z
r32-0002622,ymiller@ashlandretailpartners.com,Variance Explainer,Why did FP&A spend exceed budget in Mar?,completed,31.6,"FP&A Mar variance was $2,612,948 vs plan",2026-06-05T10:25:20Z
r32-0002623,ymiller@ashlandretailpartners.com,Headcount Planner,Reconcile AP aging over 90 days for US-02,completed,56.4,"Treasury Mar variance was $322,896 vs plan",2026-06-05T06:44:33Z
r32-0002624,rsmith@ashlandretailpartners.com,AP Aging Analyst,Reconcile AP aging over 90 days for CA-05,completed,68.7,"Accounting May variance was $2,639,376 vs plan",2026-06-05T14:08:10Z
r32-0002625,lharris@ashlandretailpartners.com,Covenant Checker,What drove the change in gross margin this quarter?,completed,39.9,"Accounting May variance was $3,447,025 vs plan",2026-06-05T13:05:49Z
r32-0002626,rsmith@ashlandretailpartners.com,Cash Forecaster,Check covenant compliance for the revolver,completed,5.2,"Ops Jun variance was $1,405,565 vs plan",2026-06-05T15:28:13Z
r32-0002627,rsmith@ashlandretailpartners.com,AP Aging Analyst,Which cost centers are over budget YTD?,completed,13.5,"Ops Apr variance was $2,819,216 vs plan",2026-06-05T13:30:04Z
r32-0002628,ymiller@ashlandretailpartners.com,Variance Explainer,Forecast Jan operating cash flow,completed,62.6,"FP&A Jan variance was $4,317,580 vs plan",2026-06-05T07:41:34Z
r32-0002629,rsmith@ashlandretailpartners.com,Cash Forecaster,Forecast Apr operating cash flow,completed,54.1,"Ops Apr variance was $4,253,609 vs plan",2026-06-05T14:00:04Z
r32-0002630,ymiller@ashlandretailpartners.com,Budget vs Actual,Draft flux commentary for the Feb close,completed,40.3,"Accounting Feb variance was $4,154,347 vs plan",2026-06-05T13:49:08Z
r32-0002631,ymiller@ashlandretailpartners.com,Cash Forecaster,What drove the change in gross margin this quarter?,completed,59.7,"Accounting Feb variance was $1,030,168 vs plan",2026-06-05T07:59:02Z
r32-0002632,rsmith@ashlandretailpartners.com,Vendor Spend Analyzer,Check covenant compliance for the revolver,completed,48.2,"Ops Jun variance was $2,676,340 vs plan",2026-06-05T16:47:32Z
r32-0002633,rsmith@ashlandretailpartners.com,Budget vs Actual,Draft flux commentary for the May close,completed,36.4,"Treasury May variance was $1,813,887 vs plan",2026-06-05T16:46:19Z
r32-0002634,ymiller@ashlandretailpartners.com,Board Deck Builder,Check covenant compliance for the revolver,completed,45.6,"Accounting Mar variance was $1,022,062 vs plan",2026-06-05T10:13:45Z
r32-0002635,ymiller@ashlandretailpartners.com,Vendor Spend Analyzer,Why did Accounting spend exceed budget in Mar?,completed,0.4,FAILED: null reference in aggregation step,2026-06-05T10:10:13Z
r32-0002636,ymiller@ashlandretailpartners.com,Covenant Checker,Check covenant compliance for the revolver,completed,68.6,"Ops Apr variance was $3,200,736 vs plan",2026-06-05T09:48:39Z
r32-0002637,lharris@ashlandretailpartners.com,Vendor Spend Analyzer,Explain the headcount variance vs plan,completed,64.6,"FP&A Apr variance was $1,471,052 vs plan",2026-06-06T16:06:00Z
r32-0002638,lharris@ashlandretailpartners.com,Vendor Spend Analyzer,Check covenant compliance for the revolver,completed,38.7,"FP&A Apr variance was $4,398,120 vs plan",2026-06-06T10:33:40Z
r32-0002639,ymiller@ashlandretailpartners.com,Board Deck Builder,Summarize the Feb variance for entity EU-09,completed,15.8,"Treasury Feb variance was $1,914,381 vs plan",2026-06-06T12:18:59Z
r32-0002640,rsmith@ashlandretailpartners.com,AP Aging Analyst,Draft flux commentary for the Jun close,completed,46.7,"Ops Jun variance was $3,463,045 vs plan",2026-06-06T12:35:44Z
r32-0002641,rsmith@ashlandretailpartners.com,Headcount Planner,Explain the headcount variance vs plan,completed,43.2,"Treasury May variance was $2,859,532 vs plan",2026-06-06T13:21:46Z
r32-0002642,rsmith@ashlandretailpartners.com,Board Deck Builder,Which cost centers are over budget YTD?,completed,73.5,"FP&A Jun variance was $4,168,895 vs plan",2026-06-06T10:55:50Z
r32-0002643,rsmith@ashlandretailpartners.com,Cash Forecaster,Summarize the Jun variance for entity MX-03,completed,73.2,"Ops Jun variance was $2,352,841 vs plan",2026-06-06T12:04:38Z
r32-0002644,rsmith@ashlandretailpartners.com,Headcount Planner,Why did FP&A spend exceed budget in Feb?,completed,13.6,"FP&A Feb variance was $531,039 vs plan",2026-06-06T13:24:09Z
r32-0002645,lharris@ashlandretailpartners.com,Board Deck Builder,Reconcile AP aging over 90 days for MX-04,completed,8.5,"Ops Jan variance was $2,156,117 vs plan",2026-06-06T12:46:11Z
r32-0002646,sclark@ashlandretailpartners.com,AP Aging Analyst,Explain the headcount variance vs plan,completed,24.9,"Ops Jun variance was $1,156,322 vs plan",2026-06-06T11:49:23Z
r32-0002647,ymiller@ashlandretailpartners.com,Vendor Spend Analyzer,Build the board deck cash slide for Apr,completed,64.5,"FP&A Apr variance was $1,780,395 vs plan",2026-06-06T06:01:47Z
r32-0002648,rsmith@ashlandretailpartners.com,Budget vs Actual,Explain the headcount variance vs plan,completed,6.4,"Ops Apr variance was $2,546,215 vs plan",2026-06-06T08:57:27Z
r32-0002649,ymiller@ashlandretailpartners.com,Variance Explainer,Reconcile AP aging over 90 days for EU-07,completed,52.2,"FP&A Feb variance was $3,014,428 vs plan",2026-06-06T07:06:53Z
r32-0002650,rsmith@ashlandretailpartners.com,Board Deck Builder,Explain the headcount variance vs plan,completed,31.4,"Treasury Jun variance was $1,241,690 vs plan",2026-06-06T13:11:55Z
r32-0002651,lharris@ashlandretailpartners.com,AP Aging Analyst,Which cost centers are over budget YTD?,completed,11.6,"Accounting May variance was $3,450,509 vs plan",2026-06-06T07:09:13Z
r32-0002652,ymiller@ashlandretailpartners.com,AP Aging Analyst,What drove the change in gross margin this quarter?,error,3.7,ERROR: upstream request timed out,2026-06-07T10:53:38Z
r32-0002653,ymiller@ashlandretailpartners.com,Revenue Recognizer,Why did Ops spend exceed budget in Jan?,completed,63.5,"Ops Jan variance was $4,695,081 vs plan",2026-06-07T10:45:29Z
r32-0002654,rsmith@ashlandretailpartners.com,Close Checklist Bot,Which cost centers are over budget YTD?,completed,3.4,"Accounting Apr variance was $1,573,454 vs plan",2026-06-07T11:42:29Z
r32-0002655,rsmith@ashlandretailpartners.com,Vendor Spend Analyzer,Why did Accounting spend exceed budget in Jan?,completed,4.4,"Accounting Jan variance was $4,339,366 vs plan",2026-06-07T14:40:51Z
r32-0002656,rsmith@ashlandretailpartners.com,Board Deck Builder,Check covenant compliance for the revolver,completed,60.5,"Accounting Feb variance was $2,553,509 vs plan",2026-06-07T13:39:00Z
r32-0002657,ymiller@ashlandretailpartners.com,Close Checklist Bot,Why did FP&A spend exceed budget in Jun?,completed,51.2,"FP&A Jun variance was $1,459,292 vs plan",2026-06-07T10:57:23Z
r32-0002658,rsmith@ashlandretailpartners.com,AP Aging Analyst,Forecast Apr operating cash flow,completed,52.7,"Accounting Apr variance was $1,601,217 vs plan",2026-06-07T12:03:04Z
r32-0002659,ymiller@ashlandretailpartners.com,Journal Entry Reviewer,Summarize the Jun variance for entity MX-06,completed,13.7,"Ops Jun variance was $4,776,771 vs plan",2026-06-07T06:31:00Z
r32-0002660,ymiller@ashlandretailpartners.com,Revenue Recognizer,Forecast Mar operating cash flow,completed,43.1,"Accounting Mar variance was $1,824,187 vs plan",2026-06-07T11:06:25Z
r32-0002661,ymiller@ashlandretailpartners.com,Close Checklist Bot,Forecast Apr operating cash flow,completed,56.8,"Treasury Apr variance was $1,040,025 vs plan",2026-06-07T11:49:14Z
r32-0002662,lharris@ashlandretailpartners.com,Journal Entry Reviewer,Draft flux commentary for the Jun close,completed,13.1,"Ops Jun variance was $4,261,908 vs plan",2026-06-07T10:09:50Z
r32-0002663,sclark@ashlandretailpartners.com,Journal Entry Reviewer,Reconcile AP aging over 90 days for EU-02,completed,31.4,"Accounting May variance was $1,019,471 vs plan",2026-06-07T14:57:52Z
r32-0002664,rsmith@ashlandretailpartners.com,Close Checklist Bot,Which cost centers are over budget YTD?,completed,66.4,"Treasury Jun variance was $2,946,768 vs plan",2026-06-07T13:04:56Z
r32-0002665,ymiller@ashlandretailpartners.com,Variance Explainer,Which cost centers are over budget YTD?,completed,59.9,"Accounting May variance was $3,918,301 vs plan",2026-06-07T13:10:32Z
r32-0002666,ymiller@ashlandretailpartners.com,Covenant Checker,Why did Ops spend exceed budget in Mar?,completed,0.5,Traceback (most recent call last): KeyError 'entity',2026-06-07T12:15:32Z
r32-0002667,rsmith@ashlandretailpartners.com,Vendor Spend Analyzer,Why did Accounting spend exceed budget in Apr?,completed,59.6,"Accounting Apr variance was $2,283,568 vs plan",2026-06-08T12:06:30Z
r32-0002668,rsmith@ashlandretailpartners.com,Board Deck Builder,Summarize the Mar variance for entity MX-06,completed,32.0,"Accounting Mar variance was $4,514,405 vs plan",2026-06-08T14:14:42Z
r32-0002669,rsmith@ashlandretailpartners.com,Variance Explainer,Reconcile AP aging over 90 days for EU-08,completed,13.3,"Treasury Apr variance was $1,436,885 vs plan",2026-06-08T09:27:50Z
r32-0002670,ymiller@ashlandretailpartners.com,Close Checklist Bot,Draft flux commentary for the Jun close,completed,15.6,"FP&A Jun variance was $2,154,703 vs plan",2026-06-08T10:11:10Z
r32-0002671,lharris@ashlandretailpartners.com,Board Deck Builder,Check covenant compliance for the revolver,completed,13.9,"Ops Feb variance was $4,307,755 vs plan",2026-06-08T10:12:03Z
r32-0002672,rsmith@ashlandretailpartners.com,Flux Commentary,Summarize the Feb variance for entity US-09,completed,45.1,"Ops Feb variance was $3,233,715 vs plan",2026-06-08T09:48:50Z
r32-0002673,rsmith@ashlandretailpartners.com,Journal Entry Reviewer,Which cost centers are over budget YTD?,completed,61.1,"Treasury Apr variance was $1,654,897 vs plan",2026-06-08T13:35:01Z
r32-0002674,rsmith@ashlandretailpartners.com,Covenant Checker,Build the board deck cash slide for Jun,completed,37.0,"FP&A Jun variance was $458,956 vs plan",2026-06-08T10:50:57Z
r32-0002675,rsmith@ashlandretailpartners.com,AP Aging Analyst,Check covenant compliance for the revolver,completed,32.7,"Ops Apr variance was $1,245,022 vs plan",2026-06-08T16:18:24Z
r32-0002676,ymiller@ashlandretailpartners.com,Headcount Planner,What drove the change in gross margin this quarter?,completed,15.4,"Treasury Jan variance was $2,213,849 vs plan",2026-06-08T16:59:49Z
r32-0002677,rsmith@ashlandretailpartners.com,Close Checklist Bot,Why did Accounting spend exceed budget in Jan?,completed,67.6,"Accounting Jan variance was $4,081,778 vs plan",2026-06-08T13:24:18Z
r32-0002678,rsmith@ashlandretailpartners.com,Variance Explainer,Draft flux commentary for the Jun close,completed,44.8,"Accounting Jun variance was $2,950,855 vs plan",2026-06-08T12:44:35Z
r32-0002679,ymiller@ashlandretailpartners.com,Headcount Planner,Check covenant compliance for the revolver,completed,39.9,"Accounting May variance was $3,495,929 vs plan",2026-06-08T12:00:55Z
r32-0002680,ymiller@ashlandretailpartners.com,Covenant Checker,Check covenant compliance for the revolver,completed,19.6,"Treasury Feb variance was $2,510,053 vs plan",2026-06-08T12:08:27Z
r32-0002681,ymiller@ashlandretailpartners.com,Headcount Planner,Summarize the Mar variance for entity US-09,completed,59.3,"Treasury Mar variance was $2,613,819 vs plan",2026-06-08T10:12:19Z
r32-0002682,ymiller@ashlandretailpartners.com,Journal Entry Reviewer,Reconcile AP aging over 90 days for EU-03,completed,38.6,"Treasury Mar variance was $3,830,176 vs plan",2026-06-08T10:27:13Z
r32-0002683,rsmith@ashlandretailpartners.com,Budget vs Actual,What drove the change in gross margin this quarter?,completed,39.0,"Ops Jun variance was $3,632,602 vs plan",2026-06-08T12:20:20Z
r32-0002684,rsmith@ashlandretailpartners.com,Revenue Recognizer,Summarize the Jan variance for entity CA-07,completed,35.2,"Accounting Jan variance was $2,993,215 vs plan",2026-06-08T14:31:11Z
r32-0002685,rsmith@ashlandretailpartners.com,Flux Commentary,What drove the change in gross margin this quarter?,completed,72.3,"FP&A Apr variance was $85,437 vs plan",2026-06-08T09:07:06Z
r32-0002686,rsmith@ashlandretailpartners.com,Vendor Spend Analyzer,Which cost centers are over budget YTD?,completed,5.2,"FP&A May variance was $3,125,064 vs plan",2026-06-08T10:05:03Z
r32-0002687,rsmith@ashlandretailpartners.com,AP Aging Analyst,Check covenant compliance for the revolver,completed,35.1,"Treasury Apr variance was $402,344 vs plan",2026-06-08T10:50:05Z
r32-0002688,rsmith@ashlandretailpartners.com,Journal Entry Reviewer,Build the board deck cash slide for Jan,completed,53.3,"FP&A Jan variance was $3,177,394 vs plan",2026-06-08T13:23:51Z
r32-0002689,lharris@ashlandretailpartners.com,Vendor Spend Analyzer,What drove the change in gross margin this quarter?,completed,70.0,"FP&A Jan variance was $1,502,311 vs plan",2026-06-08T13:27:29Z
r32-0002690,rsmith@ashlandretailpartners.com,Vendor Spend Analyzer,Draft flux commentary for the May close,completed,42.4,"FP&A May variance was $4,091,733 vs plan",2026-06-08T13:03:19Z
r32-0002691,lharris@ashlandretailpartners.com,Close Checklist Bot,Reconcile AP aging over 90 days for EU-01,completed,70.6,"Accounting May variance was $4,750,256 vs plan",2026-06-08T08:11:45Z
r32-0002692,lharris@ashlandretailpartners.com,Cash Forecaster,Check covenant compliance for the revolver,completed,6.6,"Treasury Jun variance was $125,981 vs plan",2026-06-08T07:07:43Z
r32-0002693,lharris@ashlandretailpartners.com,Headcount Planner,Build the board deck cash slide for Jan,completed,59.5,"Treasury Jan variance was $1,963,704 vs plan",2026-06-08T14:08:21Z
r32-0002694,lharris@ashlandretailpartners.com,Headcount Planner,Build the board deck cash slide for Mar,completed,3.4,"Ops Mar variance was $1,956,598 vs plan",2026-06-08T16:17:23Z
r32-0002695,lharris@ashlandretailpartners.com,Board Deck Builder,Explain the headcount variance vs plan,completed,34.1,"Treasury Jun variance was $1,428,965 vs plan",2026-06-08T09:22:36Z
r32-0002696,ymiller@ashlandretailpartners.com,Journal Entry Reviewer,Draft flux commentary for the May close,error,5.7,ERROR: upstream request timed out,2026-06-08T12:11:13Z
r32-0002697,ymiller@ashlandretailpartners.com,Covenant Checker,Why did Accounting spend exceed budget in Jan?,completed,12.3,"Accounting Jan variance was $3,477,523 vs plan",2026-06-08T09:59:12Z
r32-0002698,lharris@ashlandretailpartners.com,Revenue Recognizer,Draft flux commentary for the Jan close,completed,64.4,"Ops Jan variance was $3,231,050 vs plan",2026-06-08T12:02:59Z
r32-0002699,rsmith@ashlandretailpartners.com,Covenant Checker,Why did FP&A spend exceed budget in Mar?,completed,68.7,"FP&A Mar variance was $1,024,797 vs plan",2026-06-08T11:45:07Z
r32-0002700,rsmith@ashlandretailpartners.com,Flux Commentary,Which cost centers are over budget YTD?,completed,26.4,"Accounting May variance was $1,262,476 vs plan",2026-06-08T09:56:11Z
r32-0002701,ymiller@ashlandretailpartners.com,Board Deck Builder,Which cost centers are over budget YTD?,completed,72.2,"Accounting Mar variance was $1,091,656 vs plan",2026-06-08T19:37:20Z
r32-0002702,ymiller@ashlandretailpartners.com,Covenant Checker,Explain the headcount variance vs plan,completed,49.0,"Accounting May variance was $4,130,576 vs plan",2026-06-08T15:59:40Z
r32-0002703,rsmith@ashlandretailpartners.com,Vendor Spend Analyzer,What drove the change in gross margin this quarter?,completed,9.1,"Accounting Jun variance was $3,979,489 vs plan",2026-06-09T12:47:12Z
r32-0002704,ymiller@ashlandretailpartners.com,Budget vs Actual,Explain the headcount variance vs plan,completed,68.8,"FP&A Jan variance was $2,253,918 vs plan",2026-06-09T09:36:35Z
r32-0002705,ymiller@ashlandretailpartners.com,Revenue Recognizer,Why did FP&A spend exceed budget in Mar?,completed,52.6,"FP&A Mar variance was $3,978,644 vs plan",2026-06-09T11:24:57Z
r32-0002706,rsmith@ashlandretailpartners.com,Flux Commentary,Which cost centers are over budget YTD?,completed,33.9,"FP&A May variance was $1,669,038 vs plan",2026-06-09T13:09:47Z
r32-0002707,ymiller@ashlandretailpartners.com,Flux Commentary,Reconcile AP aging over 90 days for US-02,completed,57.5,"Accounting Feb variance was $91,680 vs plan",2026-06-09T16:50:02Z
r32-0002708,lharris@ashlandretailpartners.com,Variance Explainer,What drove the change in gross margin this quarter?,completed,15.2,"FP&A Feb variance was $3,062,740 vs plan",2026-06-09T10:41:59Z
r32-0002709,ymiller@ashlandretailpartners.com,Headcount Planner,Reconcile AP aging over 90 days for MX-05,completed,44.8,"Ops Jun variance was $558,717 vs plan",2026-06-09T13:07:46Z
r32-0002710,ymiller@ashlandretailpartners.com,Board Deck Builder,Explain the headcount variance vs plan,completed,54.7,"Accounting Mar variance was $420,629 vs plan",2026-06-09T18:18:35Z
r32-0002711,ymiller@ashlandretailpartners.com,Flux Commentary,Build the board deck cash slide for May,completed,30.6,"Ops May variance was $1,480,474 vs plan",2026-06-09T10:05:27Z
r32-0002712,rsmith@ashlandretailpartners.com,Vendor Spend Analyzer,Forecast Apr operating cash flow,completed,41.3,"Accounting Apr variance was $4,410,621 vs plan",2026-06-09T12:28:37Z
r32-0002713,sclark@ashlandretailpartners.com,Vendor Spend Analyzer,Check covenant compliance for the revolver,completed,36.8,"Accounting Jun variance was $3,094,738 vs plan",2026-06-09T12:09:14Z
r32-0002714,lharris@ashlandretailpartners.com,Board Deck Builder,Forecast Feb operating cash flow,completed,7.6,"Ops Feb variance was $3,910,947 vs plan",2026-06-09T17:17:13Z
r32-0002715,rsmith@ashlandretailpartners.com,AP Aging Analyst,Draft flux commentary for the Jun close,completed,26.0,"Accounting Jun variance was $3,327,660 vs plan",2026-06-09T12:51:00Z
r32-0002716,rsmith@ashlandretailpartners.com,Budget vs Actual,What drove the change in gross margin this quarter?,completed,1.7,ERROR: upstream request timed out,2026-06-09T12:18:11Z
r32-0002717,rsmith@ashlandretailpartners.com,Revenue Recognizer,Build the board deck cash slide for Jun,completed,74.9,"Ops Jun variance was $3,113,780 vs plan",2026-06-09T18:44:28Z
r32-0002718,lharris@ashlandretailpartners.com,Board Deck Builder,Build the board deck cash slide for May,completed,41.6,"Ops May variance was $1,537,739 vs plan",2026-06-09T10:15:50Z
r32-0002719,ymiller@ashlandretailpartners.com,Flux Commentary,Forecast Jan operating cash flow,completed,12.0,"Accounting Jan variance was $2,146,572 vs plan",2026-06-09T12:37:09Z
r32-0002720,rsmith@ashlandretailpartners.com,Headcount Planner,Summarize the Mar variance for entity CA-06,completed,70.3,"Treasury Mar variance was $548,026 vs plan",2026-06-09T12:56:12Z
r32-0002721,ymiller@ashlandretailpartners.com,Board Deck Builder,Explain the headcount variance vs plan,completed,59.1,"Treasury Mar variance was $3,402,914 vs plan",2026-06-09T15:51:42Z
r32-0002722,rsmith@ashlandretailpartners.com,Vendor Spend Analyzer,What drove the change in gross margin this quarter?,completed,27.6,"Accounting Apr variance was $1,335,039 vs plan",2026-06-09T12:27:25Z
r32-0002723,rsmith@ashlandretailpartners.com,AP Aging Analyst,Draft flux commentary for the Feb close,completed,10.9,"FP&A Feb variance was $2,947,994 vs plan",2026-06-09T13:51:05Z
r32-0002724,lharris@ashlandretailpartners.com,Revenue Recognizer,Which cost centers are over budget YTD?,completed,22.2,"Accounting Mar variance was $3,674,388 vs plan",2026-06-09T17:49:13Z
r32-0002725,rsmith@ashlandretailpartners.com,Cash Forecaster,Explain the headcount variance vs plan,completed,9.3,"Treasury Apr variance was $3,723,861 vs plan",2026-06-09T12:52:06Z
r32-0002726,rsmith@ashlandretailpartners.com,Revenue Recognizer,Check covenant compliance for the revolver,completed,7.8,"FP&A Apr variance was $4,456,421 vs plan",2026-06-09T12:55:25Z
r32-0002727,ymiller@ashlandretailpartners.com,Covenant Checker,Build the board deck cash slide for Jan,completed,31.2,"Accounting Jan variance was $2,542,355 vs plan",2026-06-09T11:24:10Z
r32-0002728,ymiller@ashlandretailpartners.com,Cash Forecaster,Build the board deck cash slide for May,completed,42.8,"Ops May variance was $332,501 vs plan",2026-06-09T20:49:09Z
r32-0002729,rsmith@ashlandretailpartners.com,Budget vs Actual,Build the board deck cash slide for Feb,completed,32.1,"FP&A Feb variance was $2,900,839 vs plan",2026-06-09T12:47:11Z
r32-0002730,ymiller@ashlandretailpartners.com,Budget vs Actual,Reconcile AP aging over 90 days for MX-03,completed,9.4,"Treasury Mar variance was $1,161,929 vs plan",2026-06-09T16:05:30Z
r32-0002731,rsmith@ashlandretailpartners.com,Vendor Spend Analyzer,Which cost centers are over budget YTD?,error,6.8,error: connection reset by peer,2026-06-09T10:32:40Z
r32-0002732,ymiller@ashlandretailpartners.com,Variance Explainer,Reconcile AP aging over 90 days for MX-06,completed,27.9,"Treasury Apr variance was $2,067,726 vs plan",2026-06-09T06:51:08Z
r32-0002733,ymiller@ashlandretailpartners.com,Board Deck Builder,Check covenant compliance for the revolver,completed,32.3,"Treasury Mar variance was $3,635,459 vs plan",2026-06-09T10:58:39Z
r32-0002734,rsmith@ashlandretailpartners.com,Variance Explainer,Explain the headcount variance vs plan,completed,38.0,"FP&A May variance was $2,647,022 vs plan",2026-06-09T17:50:36Z
r32-0002735,rsmith@ashlandretailpartners.com,Budget vs Actual,Reconcile AP aging over 90 days for EU-08,completed,44.8,"FP&A Mar variance was $3,639,450 vs plan",2026-06-09T16:15:44Z
r32-0002736,ymiller@ashlandretailpartners.com,Covenant Checker,Explain the headcount variance vs plan,completed,71.8,"Treasury Apr variance was $4,206,103 vs plan",2026-06-10T15:52:05Z
r32-0002737,rsmith@ashlandretailpartners.com,Close Checklist Bot,Summarize the Apr variance for entity EU-08,completed,45.8,"Treasury Apr variance was $2,518,731 vs plan",2026-06-10T18:31:01Z
r32-0002738,rsmith@ashlandretailpartners.com,Close Checklist Bot,Check covenant compliance for the revolver,completed,11.9,"Ops Mar variance was $1,718,116 vs plan",2026-06-10T11:57:49Z
r32-0002739,rsmith@ashlandretailpartners.com,Board Deck Builder,What drove the change in gross margin this quarter?,completed,33.8,"Ops Mar variance was $826,996 vs plan",2026-06-10T09:59:23Z
r32-0002740,ymiller@ashlandretailpartners.com,Variance Explainer,Reconcile AP aging over 90 days for EU-02,completed,33.0,"FP&A Apr variance was $2,510,456 vs plan",2026-06-10T18:56:35Z
r32-0002741,lharris@ashlandretailpartners.com,Cash Forecaster,Why did Accounting spend exceed budget in Apr?,completed,69.5,"Accounting Apr variance was $4,065,697 vs plan",2026-06-10T16:04:56Z
r32-0002742,rsmith@ashlandretailpartners.com,Flux Commentary,Reconcile AP aging over 90 days for EU-07,completed,35.1,"Accounting Mar variance was $4,482,767 vs plan",2026-06-10T10:36:57Z
r32-0002743,ymiller@ashlandretailpartners.com,Vendor Spend Analyzer,Draft flux commentary for the Jan close,completed,15.6,"Accounting Jan variance was $1,707,861 vs plan",2026-06-10T17:25:47Z
r32-0002744,lharris@ashlandretailpartners.com,Close Checklist Bot,Summarize the Jun variance for entity MX-07,completed,31.0,"FP&A Jun variance was $967,364 vs plan",2026-06-10T14:52:15Z
r32-0002745,ymiller@ashlandretailpartners.com,Vendor Spend Analyzer,Explain the headcount variance vs plan,completed,68.1,"FP&A Jun variance was $1,478,909 vs plan",2026-06-10T14:02:19Z
r32-0002746,rsmith@ashlandretailpartners.com,Covenant Checker,Explain the headcount variance vs plan,completed,61.8,"Accounting Feb variance was $1,061,127 vs plan",2026-06-10T10:16:09Z
r32-0002747,ymiller@ashlandretailpartners.com,Journal Entry Reviewer,Reconcile AP aging over 90 days for CA-02,completed,55.8,"FP&A Feb variance was $3,476,642 vs plan",2026-06-10T16:46:47Z
r32-0002748,lharris@ashlandretailpartners.com,Cash Forecaster,Explain the headcount variance vs plan,completed,60.9,"Treasury Jun variance was $1,308,929 vs plan",2026-06-10T12:26:34Z
r32-0002749,lharris@ashlandretailpartners.com,Budget vs Actual,Draft flux commentary for the Feb close,completed,25.4,"Ops Feb variance was $2,397,320 vs plan",2026-06-10T11:40:42Z
r32-0002750,sclark@ashlandretailpartners.com,Board Deck Builder,Which cost centers are over budget YTD?,completed,29.7,"Treasury Feb variance was $4,434,640 vs plan",2026-06-10T11:18:33Z
r32-0002751,rsmith@ashlandretailpartners.com,Journal Entry Reviewer,Draft flux commentary for the Apr close,completed,31.8,"Treasury Apr variance was $4,165,352 vs plan",2026-06-10T15:03:46Z
r32-0002752,rsmith@ashlandretailpartners.com,Vendor Spend Analyzer,Why did Accounting spend exceed budget in Mar?,completed,60.6,"Accounting Mar variance was $1,546,813 vs plan",2026-06-10T08:18:12Z
r32-0002753,rsmith@ashlandretailpartners.com,Cash Forecaster,Explain the headcount variance vs plan,completed,36.1,"FP&A Jan variance was $4,379,474 vs plan",2026-06-10T12:34:58Z
r32-0002754,ymiller@ashlandretailpartners.com,Variance Explainer,Which cost centers are over budget YTD?,completed,4.7,"Ops Jun variance was $3,360,314 vs plan",2026-06-10T14:27:34Z
r32-0002755,rsmith@ashlandretailpartners.com,AP Aging Analyst,What drove the change in gross margin this quarter?,completed,18.8,"Ops Jan variance was $149,515 vs plan",2026-06-10T09:50:46Z
r32-0002756,ymiller@ashlandretailpartners.com,Flux Commentary,Why did FP&A spend exceed budget in Jun?,completed,62.1,"FP&A Jun variance was $1,258,135 vs plan",2026-06-10T17:25:42Z
r32-0002757,ymiller@ashlandretailpartners.com,Vendor Spend Analyzer,Reconcile AP aging over 90 days for CA-06,completed,0.3,FAILED: null reference in aggregation step,2026-06-10T15:51:35Z
r32-0002758,rsmith@ashlandretailpartners.com,AP Aging Analyst,Forecast Jun operating cash flow,completed,67.3,"FP&A Jun variance was $4,475,958 vs plan",2026-06-10T17:53:52Z
r32-0002759,rsmith@ashlandretailpartners.com,Close Checklist Bot,Draft flux commentary for the Jan close,completed,41.4,"Ops Jan variance was $507,478 vs plan",2026-06-10T08:11:40Z
r32-0002760,rsmith@ashlandretailpartners.com,Revenue Recognizer,Reconcile AP aging over 90 days for US-02,completed,8.1,"Ops May variance was $1,828,304 vs plan",2026-06-10T20:20:52Z
r32-0002761,ymiller@ashlandretailpartners.com,Board Deck Builder,Build the board deck cash slide for Jun,completed,54.0,"Accounting Jun variance was $1,688,144 vs plan",2026-06-10T07:26:12Z
r32-0002762,rsmith@ashlandretailpartners.com,Close Checklist Bot,Build the board deck cash slide for Mar,completed,55.1,"FP&A Mar variance was $4,152,730 vs plan",2026-06-10T12:19:34Z
r32-0002763,rsmith@ashlandretailpartners.com,Revenue Recognizer,Build the board deck cash slide for Mar,completed,45.8,"Accounting Mar variance was $4,100,760 vs plan",2026-06-10T15:39:51Z
r32-0002764,lharris@ashlandretailpartners.com,Covenant Checker,Build the board deck cash slide for Jun,completed,28.8,"Accounting Jun variance was $1,577,887 vs plan",2026-06-10T13:05:25Z
r32-0002765,ymiller@ashlandretailpartners.com,Board Deck Builder,Forecast Feb operating cash flow,completed,51.9,"Accounting Feb variance was $1,234,925 vs plan",2026-06-10T14:30:37Z
r32-0002766,rsmith@ashlandretailpartners.com,AP Aging Analyst,Forecast Apr operating cash flow,completed,0.6,ERROR: upstream request timed out,2026-06-10T08:15:20Z
r32-0002767,ymiller@ashlandretailpartners.com,Budget vs Actual,Why did FP&A spend exceed budget in Feb?,completed,23.2,"FP&A Feb variance was $360,338 vs plan",2026-06-10T11:58:38Z
r32-0002768,rsmith@ashlandretailpartners.com,Journal Entry Reviewer,Reconcile AP aging over 90 days for US-05,completed,38.5,"Ops Mar variance was $2,404,942 vs plan",2026-06-10T13:25:13Z
r32-0002769,rsmith@ashlandretailpartners.com,Flux Commentary,Summarize the Jun variance for entity CA-05,completed,24.8,"Accounting Jun variance was $614,537 vs plan",2026-06-10T11:05:40Z
r32-0002770,rsmith@ashlandretailpartners.com,Cash Forecaster,Why did FP&A spend exceed budget in Jan?,completed,57.5,"FP&A Jan variance was $3,620,934 vs plan",2026-06-10T14:25:25Z
r32-0002771,sclark@ashlandretailpartners.com,Flux Commentary,Why did Accounting spend exceed budget in Mar?,completed,66.7,"Accounting Mar variance was $3,534,541 vs plan",2026-06-10T11:40:13Z
r32-0002772,lharris@ashlandretailpartners.com,Vendor Spend Analyzer,Build the board deck cash slide for Apr,completed,51.4,"Treasury Apr variance was $4,436,717 vs plan",2026-06-11T15:59:35Z
r32-0002773,ymiller@ashlandretailpartners.com,Board Deck Builder,Check covenant compliance for the revolver,completed,48.6,"Ops Jun variance was $4,438,867 vs plan",2026-06-11T15:27:34Z
r32-0002774,sclark@ashlandretailpartners.com,Vendor Spend Analyzer,Reconcile AP aging over 90 days for MX-06,completed,47.4,"Accounting Jan variance was $2,839,806 vs plan",2026-06-11T13:07:19Z
r32-0002775,rsmith@ashlandretailpartners.com,AP Aging Analyst,What drove the change in gross margin this quarter?,completed,56.2,"Ops Mar variance was $2,585,246 vs plan",2026-06-11T15:16:31Z
r32-0002776,lharris@ashlandretailpartners.com,Revenue Recognizer,Draft flux commentary for the Feb close,completed,1.8,error: connection reset by peer,2026-06-11T16:37:24Z
r32-0002777,rsmith@ashlandretailpartners.com,Cash Forecaster,Reconcile AP aging over 90 days for CA-01,completed,70.3,"Accounting Feb variance was $1,060,042 vs plan",2026-06-11T12:06:38Z
r32-0002778,lharris@ashlandretailpartners.com,Flux Commentary,Check covenant compliance for the revolver,completed,21.1,"Treasury Mar variance was $2,273,707 vs plan",2026-06-11T10:06:32Z
r32-0002779,ymiller@ashlandretailpartners.com,Variance Explainer,Summarize the Feb variance for entity CA-08,completed,64.8,"Ops Feb variance was $908,099 vs plan",2026-06-11T08:22:51Z
r32-0002780,ymiller@ashlandretailpartners.com,Budget vs Actual,Draft flux commentary for the May close,completed,6.5,"Treasury May variance was $58,156 vs plan",2026-06-11T11:36:51Z
r32-0002781,ymiller@ashlandretailpartners.com,Flux Commentary,What drove the change in gross margin this quarter?,completed,38.5,"Accounting Mar variance was $1,840,949 vs plan",2026-06-11T08:54:13Z
r32-0002782,rsmith@ashlandretailpartners.com,Headcount Planner,Build the board deck cash slide for Apr,completed,4.0,"Ops Apr variance was $1,139,407 vs plan",2026-06-11T14:40:53Z
r32-0002783,ymiller@ashlandretailpartners.com,Vendor Spend Analyzer,What drove the change in gross margin this quarter?,completed,0.6,ERROR: upstream request timed out,2026-06-11T19:16:50Z
r32-0002784,ymiller@ashlandretailpartners.com,AP Aging Analyst,Draft flux commentary for the Mar close,completed,19.3,"FP&A Mar variance was $868,138 vs plan",2026-06-11T11:50:02Z
r32-0002785,lharris@ashlandretailpartners.com,Cash Forecaster,Draft flux commentary for the May close,error,0.7,Traceback (most recent call last): KeyError 'entity',2026-06-11T18:56:56Z
r32-0002786,ymiller@ashlandretailpartners.com,Cash Forecaster,Why did Accounting spend exceed budget in Jun?,completed,0.9,FAILED: null reference in aggregation step,2026-06-11T13:24:45Z
r32-0002787,ymiller@ashlandretailpartners.com,Close Checklist Bot,Forecast Jun operating cash flow,completed,25.5,"FP&A Jun variance was $4,368,073 vs plan",2026-06-11T14:22:24Z
r32-0002788,ymiller@ashlandretailpartners.com,Close Checklist Bot,Draft flux commentary for the Apr close,error,2.4,ERROR: upstream request timed out,2026-06-11T09:39:22Z
r32-0002789,rsmith@ashlandretailpartners.com,AP Aging Analyst,Summarize the May variance for entity MX-04,completed,55.8,"Ops May variance was $3,544,799 vs plan",2026-06-11T13:55:35Z
r32-0002790,rsmith@ashlandretailpartners.com,AP Aging Analyst,Which cost centers are over budget YTD?,completed,31.3,"FP&A Jan variance was $2,905,988 vs plan",2026-06-11T10:09:29Z
r32-0002791,rsmith@ashlandretailpartners.com,Revenue Recognizer,Which cost centers are over budget YTD?,completed,66.4,"Ops Feb variance was $1,550,422 vs plan",2026-06-11T08:42:11Z
r32-0002792,rsmith@ashlandretailpartners.com,AP Aging Analyst,Build the board deck cash slide for May,completed,35.0,"Ops May variance was $1,481,378 vs plan",2026-06-11T14:11:02Z
r32-0002793,ymiller@ashlandretailpartners.com,Cash Forecaster,Which cost centers are over budget YTD?,completed,38.3,"FP&A Mar variance was $2,208,835 vs plan",2026-06-11T12:02:48Z
r32-0002794,lharris@ashlandretailpartners.com,Budget vs Actual,Summarize the Apr variance for entity CA-07,completed,13.6,"FP&A Apr variance was $3,480,612 vs plan",2026-06-11T13:59:16Z
r32-0002795,ymiller@ashlandretailpartners.com,Budget vs Actual,Explain the headcount variance vs plan,completed,50.2,"Treasury Feb variance was $3,785,303 vs plan",2026-06-11T12:22:35Z
r32-0002796,rsmith@ashlandretailpartners.com,Vendor Spend Analyzer,Explain the headcount variance vs plan,completed,15.3,"Accounting Feb variance was $4,620,362 vs plan",2026-06-11T08:07:14Z
r32-0002797,rsmith@ashlandretailpartners.com,Flux Commentary,What drove the change in gross margin this quarter?,completed,38.2,"Treasury Mar variance was $1,625,226 vs plan",2026-06-11T11:00:31Z
r32-0002798,sclark@ashlandretailpartners.com,Budget vs Actual,Which cost centers are over budget YTD?,completed,65.6,"Accounting Mar variance was $1,875,867 vs plan",2026-06-11T12:14:37Z
r32-0002799,ymiller@ashlandretailpartners.com,AP Aging Analyst,Reconcile AP aging over 90 days for CA-05,completed,1.0,error: connection reset by peer,2026-06-11T11:06:35Z
r32-0002800,lharris@ashlandretailpartners.com,Variance Explainer,Draft flux commentary for the Jan close,completed,33.6,"FP&A Jan variance was $2,144,250 vs plan",2026-06-11T18:13:41Z
r32-0002801,rsmith@ashlandretailpartners.com,Close Checklist Bot,Build the board deck cash slide for May,completed,37.8,"Ops May variance was $1,813,773 vs plan",2026-06-11T15:34:59Z
r32-0002802,rsmith@ashlandretailpartners.com,Board Deck Builder,Reconcile AP aging over 90 days for CA-03,completed,41.5,"FP&A May variance was $1,833,389 vs plan",2026-06-11T17:10:12Z
r32-0002803,ymiller@ashlandretailpartners.com,Headcount Planner,Forecast Apr operating cash flow,completed,3.7,"Treasury Apr variance was $2,547,815 vs plan",2026-06-11T10:13:29Z
r32-0002804,sclark@ashlandretailpartners.com,Close Checklist Bot,Summarize the Feb variance for entity US-01,completed,55.6,"FP&A Feb variance was $1,572,307 vs plan",2026-06-11T06:30:28Z
r32-0002805,rsmith@ashlandretailpartners.com,Board Deck Builder,What drove the change in gross margin this quarter?,completed,16.0,"FP&A Jan variance was $3,365,405 vs plan",2026-06-11T06:56:29Z
r32-0002806,ymiller@ashlandretailpartners.com,Vendor Spend Analyzer,Forecast May operating cash flow,completed,9.6,"FP&A May variance was $3,191,077 vs plan",2026-06-11T20:33:15Z
r32-0002807,sclark@ashlandretailpartners.com,Journal Entry Reviewer,Reconcile AP aging over 90 days for CA-04,completed,31.7,"Ops Feb variance was $1,045,500 vs plan",2026-06-11T12:54:15Z
r32-0002808,ymiller@ashlandretailpartners.com,Covenant Checker,Check covenant compliance for the revolver,completed,16.8,"FP&A Jan variance was $1,394,414 vs plan",2026-06-11T14:05:06Z
r32-0002809,sclark@ashlandretailpartners.com,Covenant Checker,Forecast Jun operating cash flow,completed,26.1,"Ops Jun variance was $357,405 vs plan",2026-06-11T15:36:50Z
r32-0002810,rsmith@ashlandretailpartners.com,Budget vs Actual,Check covenant compliance for the revolver,completed,27.3,"Treasury May variance was $3,579,384 vs plan",2026-06-11T10:19:57Z
r32-0002811,rsmith@ashlandretailpartners.com,Board Deck Builder,Build the board deck cash slide for Apr,completed,49.0,"Ops Apr variance was $2,422,274 vs plan",2026-06-12T13:06:42Z
r32-0002812,rsmith@ashlandretailpartners.com,AP Aging Analyst,Summarize the Jun variance for entity EU-07,completed,69.1,"Ops Jun variance was $4,243,407 vs plan",2026-06-12T09:48:37Z
r32-0002813,rsmith@ashlandretailpartners.com,Variance Explainer,Which cost centers are over budget YTD?,completed,19.6,"FP&A Feb variance was $3,653,625 vs plan",2026-06-12T11:26:17Z
r32-0002814,ymiller@ashlandretailpartners.com,Journal Entry Reviewer,Build the board deck cash slide for May,completed,25.5,"Accounting May variance was $4,555,709 vs plan",2026-06-12T13:17:47Z
r32-0002815,rsmith@ashlandretailpartners.com,Covenant Checker,Check covenant compliance for the revolver,completed,65.3,"FP&A Jan variance was $806,140 vs plan",2026-06-12T07:53:19Z
r32-0002816,sclark@ashlandretailpartners.com,Board Deck Builder,What drove the change in gross margin this quarter?,completed,42.7,"Treasury Mar variance was $111,431 vs plan",2026-06-12T09:25:01Z
r32-0002817,sclark@ashlandretailpartners.com,Vendor Spend Analyzer,Why did Ops spend exceed budget in May?,completed,10.8,"Ops May variance was $2,692,026 vs plan",2026-06-12T13:47:44Z
r32-0002818,rsmith@ashlandretailpartners.com,Variance Explainer,Summarize the Mar variance for entity EU-03,completed,41.1,"FP&A Mar variance was $3,777,019 vs plan",2026-06-12T13:17:00Z
r32-0002819,rsmith@ashlandretailpartners.com,AP Aging Analyst,Forecast Apr operating cash flow,completed,51.8,"Accounting Apr variance was $3,923,664 vs plan",2026-06-12T17:40:23Z
r32-0002820,sclark@ashlandretailpartners.com,Revenue Recognizer,Why did Ops spend exceed budget in May?,completed,41.3,"Ops May variance was $4,503,377 vs plan",2026-06-12T08:38:40Z
r32-0002821,ymiller@ashlandretailpartners.com,Board Deck Builder,Check covenant compliance for the revolver,completed,50.6,"Treasury Feb variance was $2,385,287 vs plan",2026-06-12T09:22:49Z
r32-0002822,ymiller@ashlandretailpartners.com,Headcount Planner,Build the board deck cash slide for Jan,completed,1.2,Traceback (most recent call last): KeyError 'entity',2026-06-12T12:20:47Z
r32-0002823,ymiller@ashlandretailpartners.com,Journal Entry Reviewer,Why did Accounting spend exceed budget in May?,completed,62.7,"Accounting May variance was $2,189,692 vs plan",2026-06-12T12:22:41Z
r32-0002824,ymiller@ashlandretailpartners.com,Cash Forecaster,Why did Ops spend exceed budget in Apr?,completed,1.0,error code 502 from model gateway,2026-06-12T10:52:47Z
r32-0002825,ymiller@ashlandretailpartners.com,Variance Explainer,Summarize the Apr variance for entity CA-01,completed,1.8,FAILED: null reference in aggregation step,2026-06-12T13:46:34Z
r32-0002826,rsmith@ashlandretailpartners.com,Flux Commentary,Check covenant compliance for the revolver,completed,23.2,"Accounting May variance was $3,540,479 vs plan",2026-06-12T11:59:26Z
r32-0002827,ymiller@ashlandretailpartners.com,Board Deck Builder,Why did Treasury spend exceed budget in Apr?,completed,71.5,"Treasury Apr variance was $2,799,521 vs plan",2026-06-12T11:16:48Z
r32-0002828,ymiller@ashlandretailpartners.com,Budget vs Actual,Which cost centers are over budget YTD?,completed,6.9,"Ops Mar variance was $4,017,674 vs plan",2026-06-12T09:46:02Z
r32-0002829,rsmith@ashlandretailpartners.com,Budget vs Actual,Which cost centers are over budget YTD?,completed,22.7,"FP&A Mar variance was $2,320,702 vs plan",2026-06-12T16:34:29Z
r32-0002830,rsmith@ashlandretailpartners.com,AP Aging Analyst,Build the board deck cash slide for May,completed,34.6,"Treasury May variance was $3,167,089 vs plan",2026-06-12T13:24:58Z
r32-0002831,rsmith@ashlandretailpartners.com,Flux Commentary,Why did Treasury spend exceed budget in Mar?,completed,35.9,"Treasury Mar variance was $2,114,904 vs plan",2026-06-12T15:41:42Z
r32-0002832,rsmith@ashlandretailpartners.com,Cash Forecaster,Forecast Feb operating cash flow,completed,36.6,"Ops Feb variance was $337,343 vs plan",2026-06-12T16:36:44Z
r32-0002833,sclark@ashlandretailpartners.com,Cash Forecaster,Explain the headcount variance vs plan,error,4.9,error code 502 from model gateway,2026-06-12T14:15:27Z
r32-0002834,ymiller@ashlandretailpartners.com,Revenue Recognizer,Forecast Apr operating cash flow,completed,53.9,"Treasury Apr variance was $3,403,602 vs plan",2026-06-12T10:25:47Z
r32-0002835,ymiller@ashlandretailpartners.com,Journal Entry Reviewer,Which cost centers are over budget YTD?,completed,63.0,"FP&A Feb variance was $114,934 vs plan",2026-06-12T14:08:33Z
r32-0002836,sclark@ashlandretailpartners.com,Revenue Recognizer,Summarize the Mar variance for entity MX-01,completed,71.1,"Ops Mar variance was $3,416,216 vs plan",2026-06-12T16:46:06Z
r32-0002837,ymiller@ashlandretailpartners.com,Board Deck Builder,Check covenant compliance for the revolver,completed,32.4,"Treasury Apr variance was $2,829,647 vs plan",2026-06-12T14:31:09Z
r32-0002838,rsmith@ashlandretailpartners.com,Budget vs Actual,Why did Accounting spend exceed budget in Apr?,completed,29.7,"Accounting Apr variance was $429,364 vs plan",2026-06-12T20:36:34Z
r32-0002839,rsmith@ashlandretailpartners.com,Headcount Planner,Forecast Mar operating cash flow,completed,46.2,"Accounting Mar variance was $2,656,770 vs plan",2026-06-12T10:13:42Z
r32-0002840,sclark@ashlandretailpartners.com,Budget vs Actual,What drove the change in gross margin this quarter?,completed,15.6,"FP&A May variance was $2,873,928 vs plan",2026-06-12T08:26:18Z
r32-0002841,rsmith@ashlandretailpartners.com,Revenue Recognizer,Explain the headcount variance vs plan,completed,56.1,"Treasury Mar variance was $2,506,287 vs plan",2026-06-12T16:09:33Z
r32-0002842,ymiller@ashlandretailpartners.com,Headcount Planner,Draft flux commentary for the May close,completed,66.4,"FP&A May variance was $3,801,777 vs plan",2026-06-12T08:52:49Z
r32-0002843,ymiller@ashlandretailpartners.com,Headcount Planner,Why did Accounting spend exceed budget in Mar?,completed,24.4,"Accounting Mar variance was $17,539 vs plan",2026-06-12T13:55:03Z
r32-0002844,ymiller@ashlandretailpartners.com,Board Deck Builder,Summarize the Mar variance for entity MX-02,completed,71.2,"FP&A Mar variance was $3,666,363 vs plan",2026-06-12T10:27:42Z
r32-0002845,rsmith@ashlandretailpartners.com,Headcount Planner,Draft flux commentary for the Feb close,completed,12.6,"Treasury Feb variance was $3,362,507 vs plan",2026-06-12T11:01:52Z
r32-0002846,sclark@ashlandretailpartners.com,Headcount Planner,Forecast Apr operating cash flow,completed,43.2,"Treasury Apr variance was $2,772,052 vs plan",2026-06-12T10:15:35Z
r32-0002847,ymiller@ashlandretailpartners.com,Board Deck Builder,What drove the change in gross margin this quarter?,completed,38.2,"FP&A May variance was $2,802,667 vs plan",2026-06-12T16:09:29Z
r32-0002848,lharris@ashlandretailpartners.com,AP Aging Analyst,Check covenant compliance for the revolver,completed,59.2,"Accounting Apr variance was $1,403,028 vs plan",2026-06-12T09:02:27Z
r32-0002849,ymiller@ashlandretailpartners.com,Headcount Planner,Check covenant compliance for the revolver,completed,22.4,"FP&A Jan variance was $4,609,511 vs plan",2026-06-12T16:51:39Z
r32-0002850,ymiller@ashlandretailpartners.com,Journal Entry Reviewer,Why did Treasury spend exceed budget in Feb?,completed,52.1,"Treasury Feb variance was $1,880,926 vs plan",2026-06-12T13:03:05Z
r32-0002851,lharris@ashlandretailpartners.com,Journal Entry Reviewer,Which cost centers are over budget YTD?,completed,57.4,"Accounting May variance was $1,065,039 vs plan",2026-06-12T09:31:41Z
r32-0002852,ymiller@ashlandretailpartners.com,AP Aging Analyst,Draft flux commentary for the Apr close,completed,56.6,"Accounting Apr variance was $923,199 vs plan",2026-06-13T12:32:48Z
r32-0002853,rsmith@ashlandretailpartners.com,Budget vs Actual,Build the board deck cash slide for May,completed,45.4,"Treasury May variance was $4,414,740 vs plan",2026-06-13T13:39:31Z
r32-0002854,rsmith@ashlandretailpartners.com,Covenant Checker,What drove the change in gross margin this quarter?,completed,50.6,"FP&A May variance was $1,795,485 vs plan",2026-06-13T11:18:00Z
r32-0002855,ymiller@ashlandretailpartners.com,Flux Commentary,Reconcile AP aging over 90 days for CA-07,completed,9.3,"FP&A Mar variance was $4,392,293 vs plan",2026-06-13T14:15:41Z
r32-0002856,ymiller@ashlandretailpartners.com,Vendor Spend Analyzer,Draft flux commentary for the Jan close,completed,65.3,"FP&A Jan variance was $1,860,889 vs plan",2026-06-13T17:05:31Z
r32-0002857,ymiller@ashlandretailpartners.com,Vendor Spend Analyzer,Why did Treasury spend exceed budget in Feb?,completed,70.4,"Treasury Feb variance was $784,687 vs plan",2026-06-13T12:30:00Z
r32-0002858,ymiller@ashlandretailpartners.com,Variance Explainer,Reconcile AP aging over 90 days for US-02,completed,29.5,"Accounting Mar variance was $28,687 vs plan",2026-06-13T15:55:22Z
r32-0002859,rsmith@ashlandretailpartners.com,Revenue Recognizer,Summarize the Apr variance for entity MX-09,completed,62.3,"Ops Apr variance was $588,527 vs plan",2026-06-13T11:48:37Z
r32-0002860,rsmith@ashlandretailpartners.com,Budget vs Actual,Forecast Mar operating cash flow,completed,1.1,FAILED: null reference in aggregation step,2026-06-13T14:02:12Z
r32-0002861,rsmith@ashlandretailpartners.com,Journal Entry Reviewer,Build the board deck cash slide for Jun,completed,12.7,"Accounting Jun variance was $994,817 vs plan",2026-06-14T13:18:26Z
r32-0002862,ymiller@ashlandretailpartners.com,Budget vs Actual,Build the board deck cash slide for Feb,error,6.8,error code 502 from model gateway,2026-06-14T13:22:28Z
r32-0002863,rsmith@ashlandretailpartners.com,Budget vs Actual,What drove the change in gross margin this quarter?,error,2.3,Traceback (most recent call last): KeyError 'entity',2026-06-14T07:36:57Z
r32-0002864,lharris@ashlandretailpartners.com,Variance Explainer,Why did Accounting spend exceed budget in Jun?,completed,28.6,"Accounting Jun variance was $1,231,592 vs plan",2026-06-14T13:05:15Z
r32-0002865,ymiller@ashlandretailpartners.com,Covenant Checker,Reconcile AP aging over 90 days for CA-01,completed,33.2,"Ops Mar variance was $3,588,508 vs plan",2026-06-14T11:42:26Z
r32-0002866,rsmith@ashlandretailpartners.com,Flux Commentary,What drove the change in gross margin this quarter?,completed,0.2,FAILED: null reference in aggregation step,2026-06-14T11:34:59Z
r32-0002867,rsmith@ashlandretailpartners.com,Journal Entry Reviewer,Summarize the Jan variance for entity EU-04,error,4.5,ERROR: upstream request timed out,2026-06-14T14:27:00Z
r32-0002868,rsmith@ashlandretailpartners.com,Cash Forecaster,Summarize the May variance for entity CA-02,completed,18.4,"Accounting May variance was $815,350 vs plan",2026-06-14T08:30:22Z
r32-0002869,ymiller@ashlandretailpartners.com,Journal Entry Reviewer,Build the board deck cash slide for Apr,completed,7.4,"Ops Apr variance was $4,130,899 vs plan",2026-06-14T14:55:44Z
r32-0002870,ymiller@ashlandretailpartners.com,Vendor Spend Analyzer,Reconcile AP aging over 90 days for MX-02,completed,28.8,"Treasury Jun variance was $693,901 vs plan",2026-06-14T13:46:38Z
r32-0002871,rsmith@ashlandretailpartners.com,Board Deck Builder,Build the board deck cash slide for May,completed,44.8,"Treasury May variance was $3,712,886 vs plan",2026-06-14T16:27:15Z
r32-0002872,rsmith@ashlandretailpartners.com,Covenant Checker,Build the board deck cash slide for Feb,completed,14.2,"Ops Feb variance was $4,750,677 vs plan",2026-06-14T17:20:45Z
r32-0002873,ymiller@ashlandretailpartners.com,Board Deck Builder,Summarize the May variance for entity EU-04,completed,71.7,"Ops May variance was $2,036,786 vs plan",2026-06-15T15:01:34Z
r32-0002874,ymiller@ashlandretailpartners.com,Covenant Checker,Explain the headcount variance vs plan,completed,28.3,"Ops Apr variance was $4,044,643 vs plan",2026-06-15T15:11:37Z
r32-0002875,rsmith@ashlandretailpartners.com,Vendor Spend Analyzer,Summarize the Jun variance for entity US-08,completed,13.1,"Ops Jun variance was $4,163,534 vs plan",2026-06-15T10:15:48Z
r32-0002876,ymiller@ashlandretailpartners.com,Board Deck Builder,Build the board deck cash slide for Mar,completed,35.0,"Accounting Mar variance was $2,287,682 vs plan",2026-06-15T15:35:01Z
r32-0002877,rsmith@ashlandretailpartners.com,Board Deck Builder,Reconcile AP aging over 90 days for CA-04,completed,58.0,"Treasury Feb variance was $86,369 vs plan",2026-06-15T13:31:51Z
r32-0002878,rsmith@ashlandretailpartners.com,Flux Commentary,Reconcile AP aging over 90 days for EU-04,completed,26.3,"Treasury Jan variance was $4,107,010 vs plan",2026-06-15T08:00:18Z
r32-0002879,rsmith@ashlandretailpartners.com,Close Checklist Bot,Build the board deck cash slide for Apr,completed,54.3,"Accounting Apr variance was $1,299,279 vs plan",2026-06-15T20:40:49Z
r32-0002880,ymiller@ashlandretailpartners.com,Journal Entry Reviewer,Summarize the Feb variance for entity CA-06,completed,70.1,"Treasury Feb variance was $295,179 vs plan",2026-06-15T13:59:14Z
r32-0002881,lharris@ashlandretailpartners.com,Variance Explainer,Reconcile AP aging over 90 days for MX-07,completed,0.8,error code 502 from model gateway,2026-06-15T12:34:10Z
r32-0002882,lharris@ashlandretailpartners.com,Revenue Recognizer,Explain the headcount variance vs plan,completed,29.4,"FP&A Mar variance was $1,919,026 vs plan",2026-06-15T09:49:36Z
r32-0002883,ymiller@ashlandretailpartners.com,Journal Entry Reviewer,Check covenant compliance for the revolver,completed,55.2,"Ops Jun variance was $3,791,385 vs plan",2026-06-15T13:27:43Z
r32-0002884,rsmith@ashlandretailpartners.com,Flux Commentary,Reconcile AP aging over 90 days for CA-07,completed,61.4,"FP&A May variance was $3,337,798 vs plan",2026-06-15T10:03:11Z
r32-0002885,ymiller@ashlandretailpartners.com,Flux Commentary,Build the board deck cash slide for Feb,completed,16.6,"Ops Feb variance was $1,836,824 vs plan",2026-06-15T13:05:08Z
r32-0002886,rsmith@ashlandretailpartners.com,Covenant Checker,Check covenant compliance for the revolver,completed,14.9,"Accounting Mar variance was $2,791,958 vs plan",2026-06-15T13:14:48Z
r32-0002887,rsmith@ashlandretailpartners.com,AP Aging Analyst,Summarize the Apr variance for entity CA-02,completed,51.7,"Treasury Apr variance was $2,414,324 vs plan",2026-06-15T15:30:21Z
r32-0002888,ymiller@ashlandretailpartners.com,Covenant Checker,Draft flux commentary for the May close,completed,17.0,"FP&A May variance was $493,006 vs plan",2026-06-15T13:39:24Z
r32-0002889,ymiller@ashlandretailpartners.com,Headcount Planner,Summarize the Jan variance for entity EU-02,completed,46.2,"Accounting Jan variance was $4,430,197 vs plan",2026-06-15T08:20:06Z
r32-0002890,ymiller@ashlandretailpartners.com,Journal Entry Reviewer,Reconcile AP aging over 90 days for MX-04,completed,51.4,"Ops Apr variance was $736,015 vs plan",2026-06-15T16:52:22Z
r32-0002891,sclark@ashlandretailpartners.com,Variance Explainer,Explain the headcount variance vs plan,completed,1.9,FAILED: null reference in aggregation step,2026-06-15T14:24:35Z
r32-0002892,rsmith@ashlandretailpartners.com,Vendor Spend Analyzer,Explain the headcount variance vs plan,completed,9.9,"Accounting Feb variance was $2,059,877 vs plan",2026-06-15T08:57:54Z
r32-0002893,ymiller@ashlandretailpartners.com,AP Aging Analyst,Which cost centers are over budget YTD?,completed,32.3,"Accounting Mar variance was $2,371,332 vs plan",2026-06-15T11:16:14Z
r32-0002894,ymiller@ashlandretailpartners.com,Headcount Planner,Reconcile AP aging over 90 days for CA-03,completed,47.1,"Treasury May variance was $1,436,731 vs plan",2026-06-15T12:56:16Z
r32-0002895,sclark@ashlandretailpartners.com,Headcount Planner,Forecast Apr operating cash flow,completed,42.3,"Accounting Apr variance was $2,325,127 vs plan",2026-06-15T11:28:48Z
r32-0002896,ymiller@ashlandretailpartners.com,Board Deck Builder,Forecast Mar operating cash flow,completed,24.2,"FP&A Mar variance was $3,468,805 vs plan",2026-06-15T17:39:42Z
r32-0002897,rsmith@ashlandretailpartners.com,AP Aging Analyst,Summarize the Feb variance for entity MX-07,completed,56.6,"FP&A Feb variance was $3,209,853 vs plan",2026-06-15T11:19:24Z
r32-0002898,rsmith@ashlandretailpartners.com,Close Checklist Bot,Build the board deck cash slide for Jan,completed,22.4,"Ops Jan variance was $2,939,766 vs plan",2026-06-15T12:51:56Z
r32-0002899,lharris@ashlandretailpartners.com,Covenant Checker,Check covenant compliance for the revolver,completed,17.5,"Ops May variance was $4,749,872 vs plan",2026-06-15T14:18:31Z
r32-0002900,lharris@ashlandretailpartners.com,Revenue Recognizer,Draft flux commentary for the Jun close,completed,18.6,"Treasury Jun variance was $1,039,953 vs plan",2026-06-15T06:47:56Z
r32-0002901,lharris@ashlandretailpartners.com,Variance Explainer,Forecast Jan operating cash flow,completed,59.0,"Accounting Jan variance was $2,862,585 vs plan",2026-06-16T10:02:10Z
r32-0002902,lharris@ashlandretailpartners.com,Board Deck Builder,Forecast May operating cash flow,completed,33.7,"FP&A May variance was $3,076,821 vs plan",2026-06-16T12:54:45Z
r32-0002903,lharris@ashlandretailpartners.com,Cash Forecaster,Why did Ops spend exceed budget in Mar?,completed,39.9,"Ops Mar variance was $931,703 vs plan",2026-06-16T11:38:54Z
r32-0002904,ymiller@ashlandretailpartners.com,Flux Commentary,Reconcile AP aging over 90 days for US-07,completed,74.4,"Ops Mar variance was $3,484,970 vs plan",2026-06-16T12:04:08Z
r32-0002905,lharris@ashlandretailpartners.com,Board Deck Builder,Explain the headcount variance vs plan,completed,47.6,"FP&A Mar variance was $375,241 vs plan",2026-06-16T11:18:00Z
r32-0002906,lharris@ashlandretailpartners.com,Flux Commentary,Which cost centers are over budget YTD?,completed,5.6,"FP&A Apr variance was $852,666 vs plan",2026-06-16T10:27:58Z
r32-0002907,ymiller@ashlandretailpartners.com,Variance Explainer,Reconcile AP aging over 90 days for US-06,completed,21.3,"Ops Apr variance was $4,580,259 vs plan",2026-06-16T12:06:00Z
r32-0002908,rsmith@ashlandretailpartners.com,AP Aging Analyst,Build the board deck cash slide for Jan,completed,6.2,"FP&A Jan variance was $832,925 vs plan",2026-06-16T14:47:42Z
r32-0002909,lharris@ashlandretailpartners.com,Cash Forecaster,Check covenant compliance for the revolver,completed,1.0,error code 502 from model gateway,2026-06-16T15:31:24Z
r32-0002910,rsmith@ashlandretailpartners.com,Journal Entry Reviewer,Which cost centers are over budget YTD?,completed,20.2,"Ops Mar variance was $55,102 vs plan",2026-06-16T14:27:02Z
r32-0002911,ymiller@ashlandretailpartners.com,Vendor Spend Analyzer,Draft flux commentary for the Apr close,completed,7.0,"FP&A Apr variance was $4,285,852 vs plan",2026-06-16T11:27:20Z
r32-0002912,ymiller@ashlandretailpartners.com,Covenant Checker,What drove the change in gross margin this quarter?,completed,37.0,"Treasury Jun variance was $1,389,309 vs plan",2026-06-16T14:29:15Z
r32-0002913,sclark@ashlandretailpartners.com,Covenant Checker,Check covenant compliance for the revolver,completed,5.8,"FP&A May variance was $1,182,228 vs plan",2026-06-16T08:06:47Z
r32-0002914,ymiller@ashlandretailpartners.com,Vendor Spend Analyzer,Summarize the Jun variance for entity MX-07,completed,74.0,"Accounting Jun variance was $1,421,643 vs plan",2026-06-16T10:41:02Z
r32-0002915,rsmith@ashlandretailpartners.com,Budget vs Actual,Which cost centers are over budget YTD?,completed,58.7,"Accounting Jan variance was $1,778,578 vs plan",2026-06-16T13:31:30Z
r32-0002916,lharris@ashlandretailpartners.com,Variance Explainer,Draft flux commentary for the May close,completed,64.7,"FP&A May variance was $504,730 vs plan",2026-06-16T16:36:45Z
r32-0002917,ymiller@ashlandretailpartners.com,Headcount Planner,What drove the change in gross margin this quarter?,completed,19.7,"FP&A Jun variance was $3,246,331 vs plan",2026-06-16T10:29:13Z
r32-0002918,ymiller@ashlandretailpartners.com,Covenant Checker,Draft flux commentary for the May close,completed,9.7,"Accounting May variance was $1,140,288 vs plan",2026-06-16T17:04:08Z
r32-0002919,lharris@ashlandretailpartners.com,Headcount Planner,Explain the headcount variance vs plan,completed,40.0,"Ops Jan variance was $1,264,425 vs plan",2026-06-16T12:18:38Z
r32-0002920,ymiller@ashlandretailpartners.com,Headcount Planner,Build the board deck cash slide for Jan,completed,8.4,"Ops Jan variance was $4,263,037 vs plan",2026-06-16T12:14:17Z
r32-0002921,rsmith@ashlandretailpartners.com,Revenue Recognizer,Why did FP&A spend exceed budget in Apr?,completed,20.9,"FP&A Apr variance was $1,896,464 vs plan",2026-06-16T08:31:13Z
r32-0002922,sclark@ashlandretailpartners.com,Cash Forecaster,Summarize the Jun variance for entity US-01,completed,55.5,"Ops Jun variance was $1,010,513 vs plan",2026-06-16T12:45:45Z
r32-0002923,rsmith@ashlandretailpartners.com,Covenant Checker,Summarize the Jan variance for entity MX-01,completed,15.8,"Treasury Jan variance was $3,834,229 vs plan",2026-06-16T15:11:20Z
r32-0002924,lharris@ashlandretailpartners.com,Cash Forecaster,What drove the change in gross margin this quarter?,completed,7.8,"FP&A Feb variance was $127,403 vs plan",2026-06-16T09:37:56Z
r32-0002925,lharris@ashlandretailpartners.com,AP Aging Analyst,Explain the headcount variance vs plan,completed,8.2,"Accounting Jan variance was $2,002,001 vs plan",2026-06-16T18:26:36Z
r32-0002926,ymiller@ashlandretailpartners.com,Revenue Recognizer,Forecast Apr operating cash flow,completed,66.7,"Treasury Apr variance was $2,059,046 vs plan",2026-06-16T10:20:05Z
r32-0002927,rsmith@ashlandretailpartners.com,Variance Explainer,Which cost centers are over budget YTD?,error,2.4,FAILED: null reference in aggregation step,2026-06-16T10:45:57Z
r32-0002928,lharris@ashlandretailpartners.com,Variance Explainer,Explain the headcount variance vs plan,completed,67.7,"Accounting Feb variance was $2,995,323 vs plan",2026-06-16T13:21:33Z
r32-0002929,sclark@ashlandretailpartners.com,Budget vs Actual,Build the board deck cash slide for Feb,completed,18.2,"Accounting Feb variance was $2,316,020 vs plan",2026-06-16T15:25:37Z
r32-0002930,lharris@ashlandretailpartners.com,Budget vs Actual,Reconcile AP aging over 90 days for EU-05,completed,15.4,"Accounting May variance was $1,395,157 vs plan",2026-06-16T15:43:14Z
r32-0002931,ymiller@ashlandretailpartners.com,Vendor Spend Analyzer,What drove the change in gross margin this quarter?,completed,23.3,"Ops Jan variance was $2,541,124 vs plan",2026-06-16T11:06:17Z
r32-0002932,ymiller@ashlandretailpartners.com,AP Aging Analyst,Forecast Apr operating cash flow,completed,10.5,"Ops Apr variance was $3,293,002 vs plan",2026-06-17T07:23:48Z
r32-0002933,rsmith@ashlandretailpartners.com,Revenue Recognizer,Check covenant compliance for the revolver,completed,23.5,"Ops Jan variance was $3,142,031 vs plan",2026-06-17T13:54:05Z
r32-0002934,ymiller@ashlandretailpartners.com,AP Aging Analyst,Reconcile AP aging over 90 days for EU-02,completed,24.5,"FP&A Feb variance was $3,213,914 vs plan",2026-06-17T11:12:14Z
r32-0002935,lharris@ashlandretailpartners.com,Vendor Spend Analyzer,Which cost centers are over budget YTD?,completed,38.0,"FP&A Jan variance was $1,306,909 vs plan",2026-06-17T16:31:19Z
r32-0002936,rsmith@ashlandretailpartners.com,Vendor Spend Analyzer,Explain the headcount variance vs plan,completed,42.3,"Accounting Mar variance was $1,026,545 vs plan",2026-06-17T16:08:46Z
r32-0002937,ymiller@ashlandretailpartners.com,Budget vs Actual,What drove the change in gross margin this quarter?,completed,6.9,"Treasury Mar variance was $681,759 vs plan",2026-06-17T14:39:15Z
r32-0002938,rsmith@ashlandretailpartners.com,Vendor Spend Analyzer,Summarize the Feb variance for entity MX-07,completed,23.7,"FP&A Feb variance was $4,462,007 vs plan",2026-06-17T06:42:57Z
r32-0002939,rsmith@ashlandretailpartners.com,Flux Commentary,Explain the headcount variance vs plan,completed,69.1,"Ops Jan variance was $1,229,979 vs plan",2026-06-17T10:19:49Z
r32-0002940,ymiller@ashlandretailpartners.com,Budget vs Actual,Forecast Jan operating cash flow,error,5.7,Traceback (most recent call last): KeyError 'entity',2026-06-17T10:38:05Z
r32-0002941,lharris@ashlandretailpartners.com,AP Aging Analyst,Summarize the Mar variance for entity US-05,completed,3.2,"Accounting Mar variance was $1,226,118 vs plan",2026-06-17T11:52:54Z
r32-0002942,ymiller@ashlandretailpartners.com,Covenant Checker,Why did Treasury spend exceed budget in Jun?,completed,58.2,"Treasury Jun variance was $4,567,718 vs plan",2026-06-17T11:49:34Z
r32-0002943,lharris@ashlandretailpartners.com,Cash Forecaster,Summarize the Jun variance for entity MX-08,completed,23.6,"Treasury Jun variance was $1,401,334 vs plan",2026-06-17T14:14:40Z
r32-0002944,lharris@ashlandretailpartners.com,Budget vs Actual,Which cost centers are over budget YTD?,completed,13.7,"Accounting Apr variance was $1,380,905 vs plan",2026-06-17T14:41:06Z
r32-0002945,lharris@ashlandretailpartners.com,Budget vs Actual,Reconcile AP aging over 90 days for EU-06,completed,61.3,"Treasury Jan variance was $4,033,404 vs plan",2026-06-17T12:35:05Z
r32-0002946,ymiller@ashlandretailpartners.com,Variance Explainer,What drove the change in gross margin this quarter?,completed,9.5,"FP&A Jun variance was $2,258,084 vs plan",2026-06-17T10:22:10Z
r32-0002947,lharris@ashlandretailpartners.com,Headcount Planner,Build the board deck cash slide for Mar,completed,71.8,"Treasury Mar variance was $1,943,406 vs plan",2026-06-17T07:17:54Z
r32-0002948,rsmith@ashlandretailpartners.com,Close Checklist Bot,Reconcile AP aging over 90 days for US-07,completed,13.3,"Ops Apr variance was $1,317,883 vs plan",2026-06-17T15:40:18Z
r32-0002949,ymiller@ashlandretailpartners.com,Variance Explainer,Reconcile AP aging over 90 days for US-06,completed,40.5,"Ops Jan variance was $1,255,278 vs plan",2026-06-17T09:00:41Z
r32-0002950,ymiller@ashlandretailpartners.com,Covenant Checker,Check covenant compliance for the revolver,completed,60.7,"Accounting Apr variance was $1,408,035 vs plan",2026-06-17T12:14:12Z
r32-0002951,ymiller@ashlandretailpartners.com,Flux Commentary,Build the board deck cash slide for May,completed,12.7,"Ops May variance was $4,624,269 vs plan",2026-06-17T10:55:25Z
r32-0002952,ymiller@ashlandretailpartners.com,Flux Commentary,Why did Ops spend exceed budget in Mar?,completed,13.6,"Ops Mar variance was $1,242,355 vs plan",2026-06-17T16:25:14Z
r32-0002953,rsmith@ashlandretailpartners.com,Close Checklist Bot,What drove the change in gross margin this quarter?,completed,26.7,"Treasury Apr variance was $212,616 vs plan",2026-06-17T14:52:35Z
r32-0002954,ymiller@ashlandretailpartners.com,Variance Explainer,Forecast Mar operating cash flow,completed,10.9,"FP&A Mar variance was $3,549,801 vs plan",2026-06-17T14:14:07Z
r32-0002955,ymiller@ashlandretailpartners.com,Vendor Spend Analyzer,Why did FP&A spend exceed budget in Jun?,error,4.6,ERROR: upstream request timed out,2026-06-17T10:38:37Z
r32-0002956,ymiller@ashlandretailpartners.com,Vendor Spend Analyzer,Forecast Mar operating cash flow,completed,13.5,"Ops Mar variance was $2,338,599 vs plan",2026-06-17T17:42:21Z
r32-0002957,rsmith@ashlandretailpartners.com,Cash Forecaster,Forecast Apr operating cash flow,completed,1.2,error: connection reset by peer,2026-06-17T17:55:43Z
r32-0002958,ymiller@ashlandretailpartners.com,Revenue Recognizer,Build the board deck cash slide for May,completed,66.0,"FP&A May variance was $2,415,536 vs plan",2026-06-17T12:47:47Z
r32-0002959,ymiller@ashlandretailpartners.com,Journal Entry Reviewer,Summarize the May variance for entity EU-08,completed,46.7,"Ops May variance was $1,935,468 vs plan",2026-06-17T16:31:02Z
r32-0002960,ymiller@ashlandretailpartners.com,Budget vs Actual,Which cost centers are over budget YTD?,completed,37.2,"Accounting Jun variance was $4,571,575 vs plan",2026-06-17T13:50:54Z
r32-0002961,rsmith@ashlandretailpartners.com,Vendor Spend Analyzer,Summarize the Apr variance for entity US-05,completed,48.4,"FP&A Apr variance was $1,134,402 vs plan",2026-06-17T11:14:34Z
r32-0002962,ymiller@ashlandretailpartners.com,Board Deck Builder,Draft flux commentary for the Apr close,completed,5.7,"Treasury Apr variance was $2,069,103 vs plan",2026-06-17T16:08:48Z
r32-0002963,rsmith@ashlandretailpartners.com,Revenue Recognizer,Check covenant compliance for the revolver,completed,24.5,"Treasury May variance was $1,041,676 vs plan",2026-06-17T14:28:40Z
r32-0002964,rsmith@ashlandretailpartners.com,Headcount Planner,Summarize the Mar variance for entity EU-03,completed,27.8,"Accounting Mar variance was $4,536,911 vs plan",2026-06-17T13:42:36Z
r32-0002965,rsmith@ashlandretailpartners.com,Variance Explainer,Why did FP&A spend exceed budget in Feb?,completed,31.2,"FP&A Feb variance was $2,975,527 vs plan",2026-06-17T19:12:09Z
r32-0002966,lharris@ashlandretailpartners.com,Budget vs Actual,Summarize the Mar variance for entity MX-08,completed,73.8,"Accounting Mar variance was $2,999,556 vs plan",2026-06-17T13:00:39Z
r32-0002967,rsmith@ashlandretailpartners.com,Board Deck Builder,What drove the change in gross margin this quarter?,completed,68.9,"FP&A Jan variance was $1,609,179 vs plan",2026-06-17T16:16:12Z
r32-0002968,rsmith@ashlandretailpartners.com,Headcount Planner,What drove the change in gross margin this quarter?,completed,66.7,"Ops Jun variance was $1,147,019 vs plan",2026-06-17T12:41:03Z
r32-0002969,rsmith@ashlandretailpartners.com,Budget vs Actual,What drove the change in gross margin this quarter?,completed,72.1,"Treasury May variance was $751,166 vs plan",2026-06-17T11:22:21Z
r32-0002970,ymiller@ashlandretailpartners.com,Headcount Planner,Which cost centers are over budget YTD?,completed,61.1,"Accounting Apr variance was $2,478,445 vs plan",2026-06-17T18:59:38Z
r32-0002971,ymiller@ashlandretailpartners.com,Journal Entry Reviewer,Draft flux commentary for the Feb close,completed,26.6,"FP&A Feb variance was $1,504,742 vs plan",2026-06-18T17:11:34Z
r32-0002972,rsmith@ashlandretailpartners.com,Journal Entry Reviewer,Draft flux commentary for the Feb close,completed,42.3,"Accounting Feb variance was $3,678,311 vs plan",2026-06-18T18:24:07Z
r32-0002973,sclark@ashlandretailpartners.com,AP Aging Analyst,Draft flux commentary for the Mar close,completed,60.9,"Treasury Mar variance was $2,983,404 vs plan",2026-06-18T16:43:51Z
r32-0002974,rsmith@ashlandretailpartners.com,Journal Entry Reviewer,Explain the headcount variance vs plan,completed,39.1,"Ops Feb variance was $1,525,581 vs plan",2026-06-18T15:37:59Z
r32-0002975,lharris@ashlandretailpartners.com,Journal Entry Reviewer,Check covenant compliance for the revolver,completed,64.1,"Treasury Jan variance was $4,595,820 vs plan",2026-06-18T13:10:02Z
r32-0002976,rsmith@ashlandretailpartners.com,Journal Entry Reviewer,Reconcile AP aging over 90 days for CA-04,completed,71.0,"Accounting Jan variance was $1,680,996 vs plan",2026-06-18T19:39:55Z
r32-0002977,ymiller@ashlandretailpartners.com,Variance Explainer,Check covenant compliance for the revolver,completed,45.4,"FP&A Mar variance was $4,792,568 vs plan",2026-06-18T17:54:59Z
r32-0002978,sclark@ashlandretailpartners.com,Board Deck Builder,Check covenant compliance for the revolver,completed,29.3,"Treasury Mar variance was $2,793,819 vs plan",2026-06-18T12:24:57Z
r32-0002979,lharris@ashlandretailpartners.com,Flux Commentary,Check covenant compliance for the revolver,completed,57.3,"Accounting Jan variance was $2,134,295 vs plan",2026-06-18T11:46:20Z
r32-0002980,ymiller@ashlandretailpartners.com,Budget vs Actual,Build the board deck cash slide for Jun,completed,50.5,"FP&A Jun variance was $1,260,192 vs plan",2026-06-18T09:55:25Z
r32-0002981,rsmith@ashlandretailpartners.com,Board Deck Builder,Draft flux commentary for the Jan close,completed,23.3,"Treasury Jan variance was $2,827,136 vs plan",2026-06-18T12:13:18Z
r32-0002982,rsmith@ashlandretailpartners.com,Revenue Recognizer,Why did Accounting spend exceed budget in May?,completed,30.7,"Accounting May variance was $3,797,763 vs plan",2026-06-18T15:58:35Z
r32-0002983,lharris@ashlandretailpartners.com,Revenue Recognizer,Summarize the Mar variance for entity EU-04,completed,66.5,"Ops Mar variance was $510,242 vs plan",2026-06-18T11:59:10Z
r32-0002984,sclark@ashlandretailpartners.com,Cash Forecaster,Draft flux commentary for the Jun close,error,2.2,error: connection reset by peer,2026-06-18T12:44:05Z
r32-0002985,rsmith@ashlandretailpartners.com,Flux Commentary,Summarize the Mar variance for entity EU-04,completed,60.6,"FP&A Mar variance was $2,451,917 vs plan",2026-06-18T13:25:35Z
r32-0002986,lharris@ashlandretailpartners.com,Vendor Spend Analyzer,Draft flux commentary for the Jan close,completed,58.8,"FP&A Jan variance was $2,877,109 vs plan",2026-06-18T07:56:48Z
r32-0002987,lharris@ashlandretailpartners.com,AP Aging Analyst,Build the board deck cash slide for May,completed,4.7,"FP&A May variance was $2,471,515 vs plan",2026-06-18T12:01:24Z
r32-0002988,lharris@ashlandretailpartners.com,Vendor Spend Analyzer,Build the board deck cash slide for Mar,completed,1.6,Traceback (most recent call last): KeyError 'entity',2026-06-18T06:34:14Z
r32-0002989,rsmith@ashlandretailpartners.com,Budget vs Actual,Why did Treasury spend exceed budget in Feb?,completed,0.4,error: connection reset by peer,2026-06-18T13:07:46Z
r32-0002990,rsmith@ashlandretailpartners.com,Revenue Recognizer,Reconcile AP aging over 90 days for EU-01,completed,27.0,"Accounting Apr variance was $1,736,672 vs plan",2026-06-18T13:05:56Z
r32-0002991,ymiller@ashlandretailpartners.com,Cash Forecaster,Build the board deck cash slide for Jan,completed,42.2,"FP&A Jan variance was $134,004 vs plan",2026-06-18T13:32:15Z
r32-0002992,rsmith@ashlandretailpartners.com,AP Aging Analyst,Which cost centers are over budget YTD?,completed,59.4,"Treasury Apr variance was $3,601,169 vs plan",2026-06-18T09:35:43Z
r32-0002993,ymiller@ashlandretailpartners.com,Vendor Spend Analyzer,Which cost centers are over budget YTD?,completed,63.5,"Treasury May variance was $2,947,229 vs plan",2026-06-18T21:29:40Z
r32-0002994,lharris@ashlandretailpartners.com,Board Deck Builder,Forecast Mar operating cash flow,completed,0.8,error code 502 from model gateway,2026-06-18T11:53:33Z
r32-0002995,rsmith@ashlandretailpartners.com,Journal Entry Reviewer,Summarize the Apr variance for entity CA-07,completed,57.7,"Accounting Apr variance was $4,222,135 vs plan",2026-06-19T10:09:02Z
r32-0002996,rsmith@ashlandretailpartners.com,AP Aging Analyst,Why did Accounting spend exceed budget in Jan?,completed,41.4,"Accounting Jan variance was $1,496,012 vs plan",2026-06-19T15:37:16Z
r32-0002997,lharris@ashlandretailpartners.com,Close Checklist Bot,Summarize the Mar variance for entity CA-03,completed,8.9,"Ops Mar variance was $2,795,036 vs plan",2026-06-19T16:07:49Z
r32-0002998,lharris@ashlandretailpartners.com,Covenant Checker,Explain the headcount variance vs plan,completed,63.7,"Ops Jan variance was $55,251 vs plan",2026-06-19T14:30:02Z
r32-0002999,rsmith@ashlandretailpartners.com,Variance Explainer,Which cost centers are over budget YTD?,completed,66.1,"Ops Feb variance was $561,008 vs plan",2026-06-19T08:02:38Z
r32-0003000,lharris@ashlandretailpartners.com,Cash Forecaster,Why did Accounting spend exceed budget in Mar?,completed,34.2,"Accounting Mar variance was $1,405,158 vs plan",2026-06-19T11:00:00Z
r32-0003001,rsmith@ashlandretailpartners.com,Budget vs Actual,Reconcile AP aging over 90 days for CA-06,completed,53.1,"Accounting Jan variance was $4,768,999 vs plan",2026-06-19T10:54:19Z
r32-0003002,lharris@ashlandretailpartners.com,Vendor Spend Analyzer,Draft flux commentary for the Feb close,completed,39.3,"FP&A Feb variance was $2,427,943 vs plan",2026-06-19T10:38:23Z
r32-0003003,ymiller@ashlandretailpartners.com,Revenue Recognizer,What drove the change in gross margin this quarter?,completed,36.0,"Treasury May variance was $3,625,536 vs plan",2026-06-19T14:58:09Z
r32-0003004,lharris@ashlandretailpartners.com,Close Checklist Bot,Forecast Mar operating cash flow,completed,11.6,"Accounting Mar variance was $2,740,565 vs plan",2026-06-19T11:41:54Z
r32-0003005,rsmith@ashlandretailpartners.com,Covenant Checker,What drove the change in gross margin this quarter?,completed,66.3,"Ops Jan variance was $1,949,069 vs plan",2026-06-19T17:16:26Z
r32-0003006,rsmith@ashlandretailpartners.com,Headcount Planner,Explain the headcount variance vs plan,completed,34.1,"Ops Feb variance was $4,602,604 vs plan",2026-06-19T12:00:35Z
r32-0003007,sclark@ashlandretailpartners.com,Close Checklist Bot,Forecast Feb operating cash flow,completed,63.4,"Ops Feb variance was $4,621,963 vs plan",2026-06-19T14:11:56Z
r32-0003008,ymiller@ashlandretailpartners.com,Covenant Checker,Check covenant compliance for the revolver,error,2.4,error: connection reset by peer,2026-06-19T09:11:31Z
r32-0003009,ymiller@ashlandretailpartners.com,Variance Explainer,Why did Accounting spend exceed budget in Mar?,completed,3.0,"Accounting Mar variance was $1,062,044 vs plan",2026-06-19T13:21:05Z
r32-0003010,ymiller@ashlandretailpartners.com,AP Aging Analyst,Summarize the Jun variance for entity EU-01,completed,20.3,"Treasury Jun variance was $2,029,494 vs plan",2026-06-19T12:00:30Z
r32-0003011,rsmith@ashlandretailpartners.com,Revenue Recognizer,Explain the headcount variance vs plan,completed,6.0,"Ops Mar variance was $1,840,606 vs plan",2026-06-19T14:59:24Z
r32-0003012,rsmith@ashlandretailpartners.com,Vendor Spend Analyzer,Forecast Jan operating cash flow,completed,34.4,"Accounting Jan variance was $3,036,977 vs plan",2026-06-19T19:00:56Z
r32-0003013,rsmith@ashlandretailpartners.com,Budget vs Actual,Build the board deck cash slide for May,completed,32.8,"Treasury May variance was $1,740,313 vs plan",2026-06-19T06:01:07Z
r32-0003014,rsmith@ashlandretailpartners.com,Cash Forecaster,What drove the change in gross margin this quarter?,completed,37.4,"Treasury Mar variance was $1,449,075 vs plan",2026-06-19T15:05:51Z
r32-0003015,ymiller@ashlandretailpartners.com,Close Checklist Bot,Check covenant compliance for the revolver,completed,56.6,"Ops Jun variance was $3,495,209 vs plan",2026-06-19T12:14:59Z
r32-0003016,ymiller@ashlandretailpartners.com,Covenant Checker,Explain the headcount variance vs plan,completed,28.8,"Ops Feb variance was $2,663,579 vs plan",2026-06-19T12:54:15Z
r32-0003017,rsmith@ashlandretailpartners.com,Variance Explainer,Why did FP&A spend exceed budget in Mar?,completed,70.8,"FP&A Mar variance was $3,134,712 vs plan",2026-06-19T12:47:23Z
r32-0003018,rsmith@ashlandretailpartners.com,Variance Explainer,Check covenant compliance for the revolver,completed,46.2,"Ops Feb variance was $2,552,572 vs plan",2026-06-19T17:11:41Z
r32-0003019,rsmith@ashlandretailpartners.com,AP Aging Analyst,Reconcile AP aging over 90 days for EU-05,completed,36.5,"Ops Feb variance was $8,204 vs plan",2026-06-19T13:01:50Z
r32-0003020,ymiller@ashlandretailpartners.com,Revenue Recognizer,What drove the change in gross margin this quarter?,completed,73.0,"Ops Jan variance was $2,220,858 vs plan",2026-06-19T22:51:29Z
r32-0003021,rsmith@ashlandretailpartners.com,Budget vs Actual,Draft flux commentary for the Jun close,completed,13.1,"Treasury Jun variance was $3,840,477 vs plan",2026-06-19T11:40:49Z
r32-0003022,sclark@ashlandretailpartners.com,Budget vs Actual,Explain the headcount variance vs plan,completed,45.5,"Ops Jan variance was $450,136 vs plan",2026-06-19T13:41:27Z
r32-0003023,rsmith@ashlandretailpartners.com,Board Deck Builder,Check covenant compliance for the revolver,completed,15.0,"FP&A Jan variance was $3,574,796 vs plan",2026-06-19T16:31:19Z
r32-0003024,ymiller@ashlandretailpartners.com,Revenue Recognizer,Build the board deck cash slide for Apr,completed,17.8,"Ops Apr variance was $2,136,987 vs plan",2026-06-19T11:09:02Z
r32-0003025,rsmith@ashlandretailpartners.com,AP Aging Analyst,Which cost centers are over budget YTD?,completed,19.6,"Accounting May variance was $2,356,414 vs plan",2026-06-19T13:46:53Z
r32-0003026,ymiller@ashlandretailpartners.com,AP Aging Analyst,Forecast Mar operating cash flow,completed,8.2,"FP&A Mar variance was $2,845,402 vs plan",2026-06-19T15:42:45Z
r32-0003027,ymiller@ashlandretailpartners.com,AP Aging Analyst,What drove the change in gross margin this quarter?,completed,69.7,"Accounting May variance was $2,376,382 vs plan",2026-06-19T12:51:36Z
r32-0003028,lharris@ashlandretailpartners.com,Journal Entry Reviewer,Explain the headcount variance vs plan,completed,49.9,"FP&A Mar variance was $2,759,548 vs plan",2026-06-20T12:58:01Z
r32-0003029,rsmith@ashlandretailpartners.com,Headcount Planner,Summarize the Jan variance for entity CA-06,completed,45.6,"Treasury Jan variance was $2,630,174 vs plan",2026-06-20T10:37:52Z
r32-0003030,lharris@ashlandretailpartners.com,Revenue Recognizer,Summarize the Mar variance for entity MX-01,completed,28.4,"FP&A Mar variance was $3,704,087 vs plan",2026-06-20T12:33:58Z
r32-0003031,rsmith@ashlandretailpartners.com,Vendor Spend Analyzer,Reconcile AP aging over 90 days for EU-03,completed,52.6,"FP&A May variance was $3,293,455 vs plan",2026-06-20T14:25:35Z
r32-0003032,lharris@ashlandretailpartners.com,Covenant Checker,Build the board deck cash slide for Mar,completed,43.3,"Ops Mar variance was $4,391,959 vs plan",2026-06-20T12:14:28Z
r32-0003033,ymiller@ashlandretailpartners.com,AP Aging Analyst,Which cost centers are over budget YTD?,completed,55.0,"Accounting Apr variance was $2,703,716 vs plan",2026-06-20T13:33:08Z
r32-0003034,rsmith@ashlandretailpartners.com,Budget vs Actual,Explain the headcount variance vs plan,completed,22.9,"Accounting Feb variance was $630,038 vs plan",2026-06-20T14:55:05Z
r32-0003035,ymiller@ashlandretailpartners.com,Budget vs Actual,Forecast Mar operating cash flow,completed,16.2,"FP&A Mar variance was $3,453,465 vs plan",2026-06-20T15:16:21Z
r32-0003036,ymiller@ashlandretailpartners.com,Revenue Recognizer,Build the board deck cash slide for Mar,completed,17.9,"Accounting Mar variance was $4,089,330 vs plan",2026-06-20T16:08:02Z
r32-0003037,rsmith@ashlandretailpartners.com,Close Checklist Bot,Forecast Jan operating cash flow,completed,40.2,"FP&A Jan variance was $398,266 vs plan",2026-06-20T11:48:24Z
r32-0003038,ymiller@ashlandretailpartners.com,Cash Forecaster,Build the board deck cash slide for Feb,completed,51.3,"Treasury Feb variance was $565,377 vs plan",2026-06-20T11:47:48Z
r32-0003039,rsmith@ashlandretailpartners.com,Close Checklist Bot,What drove the change in gross margin this quarter?,error,6.1,FAILED: null reference in aggregation step,2026-06-20T13:08:03Z
r32-0003040,rsmith@ashlandretailpartners.com,Covenant Checker,Why did Ops spend exceed budget in Feb?,completed,14.7,"Ops Feb variance was $139,868 vs plan",2026-06-20T15:34:45Z
r32-0003041,rsmith@ashlandretailpartners.com,Variance Explainer,Explain the headcount variance vs plan,completed,74.8,"Accounting Mar variance was $1,078,379 vs plan",2026-06-21T13:51:16Z
r32-0003042,ymiller@ashlandretailpartners.com,Flux Commentary,Summarize the Mar variance for entity MX-01,completed,71.5,"Ops Mar variance was $1,483,983 vs plan",2026-06-21T07:41:30Z
r32-0003043,rsmith@ashlandretailpartners.com,Revenue Recognizer,Forecast May operating cash flow,completed,39.9,"FP&A May variance was $138,145 vs plan",2026-06-21T14:13:49Z
r32-0003044,ymiller@ashlandretailpartners.com,Cash Forecaster,Draft flux commentary for the Jun close,completed,71.2,"Accounting Jun variance was $3,571,380 vs plan",2026-06-21T12:37:20Z
r32-0003045,ymiller@ashlandretailpartners.com,AP Aging Analyst,Explain the headcount variance vs plan,completed,54.7,"FP&A May variance was $1,052,256 vs plan",2026-06-21T16:43:47Z
r32-0003046,rsmith@ashlandretailpartners.com,Vendor Spend Analyzer,Why did FP&A spend exceed budget in Apr?,completed,65.3,"FP&A Apr variance was $1,209,576 vs plan",2026-06-21T08:00:41Z
r32-0003047,rsmith@ashlandretailpartners.com,Cash Forecaster,Build the board deck cash slide for Mar,completed,68.6,"Ops Mar variance was $434,214 vs plan",2026-06-21T15:17:06Z
r32-0003048,ymiller@ashlandretailpartners.com,Flux Commentary,Build the board deck cash slide for Jan,completed,15.0,"Ops Jan variance was $3,082,903 vs plan",2026-06-21T13:55:56Z
r32-0003049,lharris@ashlandretailpartners.com,Budget vs Actual,Draft flux commentary for the Mar close,completed,13.5,"Accounting Mar variance was $4,230,849 vs plan",2026-06-21T10:54:12Z
r32-0003050,sclark@ashlandretailpartners.com,Variance Explainer,Forecast Apr operating cash flow,completed,30.7,"FP&A Apr variance was $363,558 vs plan",2026-06-21T12:11:17Z
r32-0003051,rsmith@ashlandretailpartners.com,Covenant Checker,Why did Ops spend exceed budget in Mar?,completed,57.4,"Ops Mar variance was $512,200 vs plan",2026-06-21T16:02:53Z
r32-0003052,rsmith@ashlandretailpartners.com,Close Checklist Bot,Build the board deck cash slide for Mar,completed,39.7,"Ops Mar variance was $4,691,192 vs plan",2026-06-21T13:56:11Z
r32-0003053,lharris@ashlandretailpartners.com,Journal Entry Reviewer,Build the board deck cash slide for Jan,completed,51.6,"Ops Jan variance was $3,322,229 vs plan",2026-06-21T06:38:59Z
r32-0003054,sclark@ashlandretailpartners.com,Headcount Planner,Summarize the Jun variance for entity MX-01,completed,13.5,"FP&A Jun variance was $4,112,061 vs plan",2026-06-21T13:54:05Z
r32-0003055,rsmith@ashlandretailpartners.com,Budget vs Actual,Build the board deck cash slide for Mar,completed,61.6,"Treasury Mar variance was $1,057,981 vs plan",2026-06-22T15:46:43Z
r32-0003056,rsmith@ashlandretailpartners.com,Budget vs Actual,Build the board deck cash slide for May,completed,56.0,"Accounting May variance was $2,787,083 vs plan",2026-06-22T16:39:26Z
r32-0003057,rsmith@ashlandretailpartners.com,Cash Forecaster,Why did Ops spend exceed budget in May?,completed,20.7,"Ops May variance was $4,187,295 vs plan",2026-06-22T11:44:46Z
r32-0003058,rsmith@ashlandretailpartners.com,Journal Entry Reviewer,Check covenant compliance for the revolver,completed,15.8,"FP&A Jan variance was $1,973,579 vs plan",2026-06-22T12:09:53Z
r32-0003059,ymiller@ashlandretailpartners.com,Close Checklist Bot,Summarize the Jan variance for entity MX-09,completed,42.2,"FP&A Jan variance was $1,509,574 vs plan",2026-06-22T14:17:49Z
r32-0003060,ymiller@ashlandretailpartners.com,Cash Forecaster,Summarize the Jun variance for entity EU-09,completed,55.3,"Ops Jun variance was $4,662,468 vs plan",2026-06-22T09:02:04Z
r32-0003061,lharris@ashlandretailpartners.com,AP Aging Analyst,Why did Accounting spend exceed budget in Mar?,completed,56.9,"Accounting Mar variance was $4,240,503 vs plan",2026-06-22T10:40:20Z
r32-0003062,ymiller@ashlandretailpartners.com,Covenant Checker,Forecast Feb operating cash flow,completed,58.7,"Accounting Feb variance was $1,586,257 vs plan",2026-06-22T07:18:24Z
r32-0003063,ymiller@ashlandretailpartners.com,Vendor Spend Analyzer,What drove the change in gross margin this quarter?,completed,45.2,"FP&A Apr variance was $324,922 vs plan",2026-06-22T10:26:57Z
r32-0003064,rsmith@ashlandretailpartners.com,Flux Commentary,Why did Ops spend exceed budget in Jun?,completed,4.2,"Ops Jun variance was $4,406,563 vs plan",2026-06-22T13:15:16Z
r32-0003065,rsmith@ashlandretailpartners.com,Close Checklist Bot,Which cost centers are over budget YTD?,completed,33.7,"Ops Apr variance was $4,707,766 vs plan",2026-06-22T13:07:07Z
r32-0003066,ymiller@ashlandretailpartners.com,Covenant Checker,Draft flux commentary for the Mar close,completed,1.3,error code 502 from model gateway,2026-06-22T18:26:29Z
r32-0003067,rsmith@ashlandretailpartners.com,Board Deck Builder,Reconcile AP aging over 90 days for MX-03,completed,51.2,"Accounting Jan variance was $2,786,054 vs plan",2026-06-22T14:25:00Z
r32-0003068,ymiller@ashlandretailpartners.com,Close Checklist Bot,Which cost centers are over budget YTD?,completed,73.4,"FP&A Apr variance was $4,462,960 vs plan",2026-06-22T18:42:05Z
r32-0003069,sclark@ashlandretailpartners.com,Vendor Spend Analyzer,Draft flux commentary for the Apr close,completed,0.6,error code 502 from model gateway,2026-06-22T07:22:20Z
r32-0003070,ymiller@ashlandretailpartners.com,Budget vs Actual,Reconcile AP aging over 90 days for CA-05,completed,27.8,"FP&A Jun variance was $2,349,750 vs plan",2026-06-22T11:57:27Z
r32-0003071,lharris@ashlandretailpartners.com,Covenant Checker,Draft flux commentary for the Mar close,error,4.9,ERROR: upstream request timed out,2026-06-22T11:26:04Z
r32-0003072,rsmith@ashlandretailpartners.com,Journal Entry Reviewer,Draft flux commentary for the Apr close,completed,26.8,"FP&A Apr variance was $1,783,010 vs plan",2026-06-22T14:54:48Z
r32-0003073,ymiller@ashlandretailpartners.com,Budget vs Actual,Draft flux commentary for the May close,completed,12.7,"Treasury May variance was $2,262,095 vs plan",2026-06-22T06:24:08Z
r32-0003074,rsmith@ashlandretailpartners.com,Close Checklist Bot,Draft flux commentary for the Jan close,completed,42.2,"Accounting Jan variance was $4,342,834 vs plan",2026-06-22T07:31:24Z
r32-0003075,rsmith@ashlandretailpartners.com,Vendor Spend Analyzer,Why did Ops spend exceed budget in Jan?,error,5.4,ERROR: upstream request timed out,2026-06-22T10:41:47Z
r32-0003076,ymiller@ashlandretailpartners.com,Vendor Spend Analyzer,Explain the headcount variance vs plan,completed,72.8,"Accounting Mar variance was $1,302,231 vs plan",2026-06-22T12:35:55Z
r32-0003077,rsmith@ashlandretailpartners.com,Revenue Recognizer,What drove the change in gross margin this quarter?,completed,5.1,"Treasury May variance was $2,134,336 vs plan",2026-06-22T16:44:30Z
r32-0003078,ymiller@ashlandretailpartners.com,Variance Explainer,Explain the headcount variance vs plan,completed,31.6,"Accounting Jan variance was $1,952,778 vs plan",2026-06-22T18:51:33Z
r32-0003079,ymiller@ashlandretailpartners.com,AP Aging Analyst,Forecast Jun operating cash flow,completed,59.8,"FP&A Jun variance was $40,750 vs plan",2026-06-22T12:15:40Z
r32-0003080,ymiller@ashlandretailpartners.com,Variance Explainer,Why did Treasury spend exceed budget in Jan?,completed,44.1,"Treasury Jan variance was $1,916,544 vs plan",2026-06-22T09:14:18Z
r32-0003081,ymiller@ashlandretailpartners.com,Covenant Checker,Reconcile AP aging over 90 days for EU-06,completed,4.7,"Treasury Apr variance was $4,654,171 vs plan",2026-06-22T13:09:58Z
r32-0003082,rsmith@ashlandretailpartners.com,Close Checklist Bot,Summarize the Feb variance for entity US-07,completed,63.1,"FP&A Feb variance was $116,144 vs plan",2026-06-22T09:53:19Z
r32-0003083,rsmith@ashlandretailpartners.com,Vendor Spend Analyzer,Why did Accounting spend exceed budget in Mar?,completed,65.9,"Accounting Mar variance was $887,219 vs plan",2026-06-22T12:40:16Z
r32-0003084,rsmith@ashlandretailpartners.com,Journal Entry Reviewer,Build the board deck cash slide for Jun,completed,12.8,"Ops Jun variance was $3,010,586 vs plan",2026-06-22T08:11:03Z
r32-0003085,lharris@ashlandretailpartners.com,Covenant Checker,Forecast Jan operating cash flow,completed,41.2,"Accounting Jan variance was $1,241,077 vs plan",2026-06-22T08:49:27Z
r32-0003086,lharris@ashlandretailpartners.com,Cash Forecaster,Forecast Mar operating cash flow,completed,28.5,"Treasury Mar variance was $4,486,945 vs plan",2026-06-22T12:39:08Z
r32-0003087,ymiller@ashlandretailpartners.com,Covenant Checker,Check covenant compliance for the revolver,completed,44.9,"Treasury Jan variance was $1,180,584 vs plan",2026-06-22T12:38:34Z
r32-0003088,ymiller@ashlandretailpartners.com,Cash Forecaster,Build the board deck cash slide for May,completed,74.6,"FP&A May variance was $3,078,980 vs plan",2026-06-22T14:53:53Z
r32-0003089,rsmith@ashlandretailpartners.com,Journal Entry Reviewer,What drove the change in gross margin this quarter?,completed,34.4,"Ops May variance was $62,515 vs plan",2026-06-22T16:32:32Z
r32-0003090,lharris@ashlandretailpartners.com,Vendor Spend Analyzer,Which cost centers are over budget YTD?,completed,27.8,"Accounting Jun variance was $3,647,594 vs plan",2026-06-22T14:52:39Z
r32-0003091,rsmith@ashlandretailpartners.com,Covenant Checker,Build the board deck cash slide for May,completed,33.8,"Treasury May variance was $1,063,750 vs plan",2026-06-23T09:36:27Z
r32-0003092,ymiller@ashlandretailpartners.com,Covenant Checker,Forecast May operating cash flow,completed,62.6,"Ops May variance was $1,435,508 vs plan",2026-06-23T10:32:35Z
r32-0003093,rsmith@ashlandretailpartners.com,Board Deck Builder,Draft flux commentary for the Jan close,completed,38.9,"FP&A Jan variance was $195,997 vs plan",2026-06-23T13:13:21Z
r32-0003094,sclark@ashlandretailpartners.com,Journal Entry Reviewer,Explain the headcount variance vs plan,completed,64.4,"Treasury Jan variance was $3,761,015 vs plan",2026-06-23T09:28:19Z
r32-0003095,rsmith@ashlandretailpartners.com,Journal Entry Reviewer,What drove the change in gross margin this quarter?,completed,19.5,"FP&A Jan variance was $2,352,712 vs plan",2026-06-23T07:44:51Z
r32-0003096,ymiller@ashlandretailpartners.com,Variance Explainer,Build the board deck cash slide for Feb,completed,31.6,"FP&A Feb variance was $2,993,331 vs plan",2026-06-23T14:13:17Z
r32-0003097,rsmith@ashlandretailpartners.com,Budget vs Actual,Summarize the Feb variance for entity MX-03,completed,58.5,"Ops Feb variance was $964,231 vs plan",2026-06-23T16:51:43Z
r32-0003098,ymiller@ashlandretailpartners.com,Journal Entry Reviewer,Which cost centers are over budget YTD?,completed,13.4,"Accounting Jun variance was $2,652,671 vs plan",2026-06-23T11:15:57Z
r32-0003099,rsmith@ashlandretailpartners.com,Headcount Planner,Summarize the Jan variance for entity US-07,completed,0.9,ERROR: upstream request timed out,2026-06-23T12:02:10Z
r32-0003100,ymiller@ashlandretailpartners.com,Close Checklist Bot,Build the board deck cash slide for Jan,completed,46.4,"Accounting Jan variance was $2,742,343 vs plan",2026-06-23T12:48:47Z
r32-0003101,rsmith@ashlandretailpartners.com,AP Aging Analyst,Draft flux commentary for the May close,completed,45.8,"Accounting May variance was $2,671,943 vs plan",2026-06-23T17:14:15Z
r32-0003102,lharris@ashlandretailpartners.com,Cash Forecaster,Forecast Feb operating cash flow,completed,17.4,"Treasury Feb variance was $4,095,387 vs plan",2026-06-23T10:42:04Z
r32-0003103,rsmith@ashlandretailpartners.com,Covenant Checker,Build the board deck cash slide for Apr,completed,67.3,"Accounting Apr variance was $138,274 vs plan",2026-06-23T10:52:35Z
r32-0003104,ymiller@ashlandretailpartners.com,Variance Explainer,Explain the headcount variance vs plan,completed,63.1,"FP&A Mar variance was $2,870,944 vs plan",2026-06-23T15:22:31Z
r32-0003105,rsmith@ashlandretailpartners.com,Flux Commentary,Summarize the May variance for entity MX-06,completed,50.0,"Accounting May variance was $4,731,744 vs plan",2026-06-23T21:28:30Z
r32-0003106,ymiller@ashlandretailpartners.com,Covenant Checker,Which cost centers are over budget YTD?,completed,59.3,"Accounting Feb variance was $729,784 vs plan",2026-06-23T14:18:35Z
r32-0003107,ymiller@ashlandretailpartners.com,Journal Entry Reviewer,Build the board deck cash slide for Feb,completed,69.1,"FP&A Feb variance was $1,847,622 vs plan",2026-06-23T14:15:18Z
r32-0003108,rsmith@ashlandretailpartners.com,Board Deck Builder,Forecast Jan operating cash flow,completed,44.4,"Accounting Jan variance was $448,262 vs plan",2026-06-23T12:05:03Z
r32-0003109,ymiller@ashlandretailpartners.com,Cash Forecaster,Explain the headcount variance vs plan,completed,38.0,"Ops Apr variance was $1,137,712 vs plan",2026-06-23T11:48:32Z
r32-0003110,ymiller@ashlandretailpartners.com,Board Deck Builder,Explain the headcount variance vs plan,completed,57.2,"Accounting Jun variance was $1,207,788 vs plan",2026-06-23T13:43:30Z
r32-0003111,ymiller@ashlandretailpartners.com,AP Aging Analyst,What drove the change in gross margin this quarter?,completed,1.5,error: connection reset by peer,2026-06-23T06:14:28Z
r32-0003112,rsmith@ashlandretailpartners.com,Variance Explainer,Check covenant compliance for the revolver,completed,66.2,"Ops Mar variance was $2,114,390 vs plan",2026-06-23T15:40:31Z
r32-0003113,ymiller@ashlandretailpartners.com,Covenant Checker,Why did Accounting spend exceed budget in Jan?,completed,8.6,"Accounting Jan variance was $2,355,180 vs plan",2026-06-23T16:21:16Z
r32-0003114,lharris@ashlandretailpartners.com,Variance Explainer,Draft flux commentary for the May close,completed,65.4,"Ops May variance was $2,351,039 vs plan",2026-06-23T15:20:55Z
r32-0003115,ymiller@ashlandretailpartners.com,Budget vs Actual,What drove the change in gross margin this quarter?,completed,62.4,"Treasury Jun variance was $2,073,041 vs plan",2026-06-23T16:09:16Z
r32-0003116,rsmith@ashlandretailpartners.com,Variance Explainer,Draft flux commentary for the Jun close,error,4.1,FAILED: null reference in aggregation step,2026-06-23T12:01:11Z
r32-0003117,rsmith@ashlandretailpartners.com,Flux Commentary,Draft flux commentary for the Jun close,completed,17.2,"Ops Jun variance was $452,480 vs plan",2026-06-23T06:08:19Z
r32-0003118,sclark@ashlandretailpartners.com,Headcount Planner,Summarize the Jan variance for entity US-08,completed,69.7,"Treasury Jan variance was $2,229,522 vs plan",2026-06-23T11:25:45Z
r32-0003119,lharris@ashlandretailpartners.com,Journal Entry Reviewer,Explain the headcount variance vs plan,completed,45.5,"FP&A Jun variance was $1,443,763 vs plan",2026-06-23T14:14:29Z
r32-0003120,rsmith@ashlandretailpartners.com,Close Checklist Bot,Forecast Mar operating cash flow,completed,47.6,"Accounting Mar variance was $4,136,825 vs plan",2026-06-23T06:01:31Z
r32-0003121,rsmith@ashlandretailpartners.com,Variance Explainer,Draft flux commentary for the Mar close,completed,37.3,"FP&A Mar variance was $959,039 vs plan",2026-06-23T10:13:10Z
r32-0003122,ymiller@ashlandretailpartners.com,Journal Entry Reviewer,Why did Ops spend exceed budget in Apr?,completed,49.0,"Ops Apr variance was $2,726,424 vs plan",2026-06-23T08:50:11Z
r32-0003123,rsmith@ashlandretailpartners.com,Board Deck Builder,Which cost centers are over budget YTD?,completed,57.0,"FP&A Mar variance was $2,837,684 vs plan",2026-06-23T11:16:13Z
r32-0003124,ymiller@ashlandretailpartners.com,Flux Commentary,Reconcile AP aging over 90 days for CA-06,completed,10.1,"Accounting Feb variance was $478,665 vs plan",2026-06-23T06:15:48Z
r32-0003125,ymiller@ashlandretailpartners.com,AP Aging Analyst,Forecast Feb operating cash flow,completed,72.1,"FP&A Feb variance was $4,316,207 vs plan",2026-06-23T10:16:30Z
r32-0003126,rsmith@ashlandretailpartners.com,Close Checklist Bot,Why did Accounting spend exceed budget in Jun?,completed,4.6,"Accounting Jun variance was $709,687 vs plan",2026-06-23T13:32:01Z
r32-0003127,ymiller@ashlandretailpartners.com,Close Checklist Bot,Summarize the Feb variance for entity EU-01,completed,29.5,"FP&A Feb variance was $162,008 vs plan",2026-06-23T10:27:17Z
r32-0003128,rsmith@ashlandretailpartners.com,Cash Forecaster,What drove the change in gross margin this quarter?,completed,6.7,"Ops Feb variance was $4,255,805 vs plan",2026-06-23T12:01:44Z
r32-0003129,sclark@ashlandretailpartners.com,Flux Commentary,Why did Ops spend exceed budget in Feb?,completed,30.8,"Ops Feb variance was $1,556,643 vs plan",2026-06-23T14:08:29Z
r32-0003130,rsmith@ashlandretailpartners.com,Budget vs Actual,Reconcile AP aging over 90 days for US-05,completed,46.5,"Treasury Mar variance was $93,828 vs plan",2026-06-23T12:01:15Z
r32-0003131,rsmith@ashlandretailpartners.com,Budget vs Actual,Which cost centers are over budget YTD?,completed,20.5,"Ops May variance was $869,772 vs plan",2026-06-23T13:41:57Z
r32-0003132,ymiller@ashlandretailpartners.com,Revenue Recognizer,Reconcile AP aging over 90 days for CA-04,completed,56.6,"FP&A Apr variance was $4,428,075 vs plan",2026-06-23T14:35:21Z
r32-0003133,ymiller@ashlandretailpartners.com,Cash Forecaster,Reconcile AP aging over 90 days for MX-06,completed,66.8,"Accounting Apr variance was $3,433,270 vs plan",2026-06-24T16:55:35Z
r32-0003134,ymiller@ashlandretailpartners.com,Cash Forecaster,What drove the change in gross margin this quarter?,completed,4.0,"Accounting Feb variance was $1,926,143 vs plan",2026-06-24T18:03:10Z
r32-0003135,lharris@ashlandretailpartners.com,Journal Entry Reviewer,Reconcile AP aging over 90 days for CA-09,completed,26.8,"FP&A Apr variance was $1,655,628 vs plan",2026-06-24T09:34:29Z
r32-0003136,rsmith@ashlandretailpartners.com,Variance Explainer,What drove the change in gross margin this quarter?,completed,74.9,"Ops Jan variance was $3,413,918 vs plan",2026-06-24T16:20:54Z
r32-0003137,ymiller@ashlandretailpartners.com,Revenue Recognizer,Forecast Jan operating cash flow,completed,21.9,"Treasury Jan variance was $2,486,447 vs plan",2026-06-24T11:44:26Z
r32-0003138,ymiller@ashlandretailpartners.com,AP Aging Analyst,What drove the change in gross margin this quarter?,completed,17.0,"FP&A Apr variance was $332,523 vs plan",2026-06-24T16:07:13Z
r32-0003139,lharris@ashlandretailpartners.com,Close Checklist Bot,Explain the headcount variance vs plan,completed,73.8,"FP&A Feb variance was $3,298,481 vs plan",2026-06-24T07:09:47Z
r32-0003140,rsmith@ashlandretailpartners.com,Flux Commentary,Check covenant compliance for the revolver,completed,38.2,"FP&A Jan variance was $2,795,313 vs plan",2026-06-24T10:33:02Z
r32-0003141,lharris@ashlandretailpartners.com,Board Deck Builder,Why did Ops spend exceed budget in Jan?,completed,3.2,"Ops Jan variance was $3,118,136 vs plan",2026-06-24T13:37:14Z
r32-0003142,ymiller@ashlandretailpartners.com,Variance Explainer,Forecast Feb operating cash flow,completed,70.8,"FP&A Feb variance was $4,300,081 vs plan",2026-06-24T15:33:21Z
r32-0003143,ymiller@ashlandretailpartners.com,Flux Commentary,Why did FP&A spend exceed budget in May?,completed,41.8,"FP&A May variance was $233,044 vs plan",2026-06-24T19:13:01Z
r32-0003144,ymiller@ashlandretailpartners.com,Close Checklist Bot,Reconcile AP aging over 90 days for MX-04,completed,40.3,"Ops Apr variance was $2,472,300 vs plan",2026-06-24T16:38:35Z
r32-0003145,sclark@ashlandretailpartners.com,Headcount Planner,Draft flux commentary for the May close,completed,1.8,Traceback (most recent call last): KeyError 'entity',2026-06-24T10:48:05Z
r32-0003146,rsmith@ashlandretailpartners.com,Journal Entry Reviewer,Draft flux commentary for the Mar close,completed,42.1,"Accounting Mar variance was $3,210,248 vs plan",2026-06-24T11:41:23Z
r32-0003147,ymiller@ashlandretailpartners.com,Close Checklist Bot,Build the board deck cash slide for Apr,completed,39.2,"Treasury Apr variance was $3,826,211 vs plan",2026-06-24T14:40:27Z
r32-0003148,lharris@ashlandretailpartners.com,Variance Explainer,What drove the change in gross margin this quarter?,completed,23.2,"Accounting Jun variance was $4,054,953 vs plan",2026-06-24T16:11:05Z
r32-0003149,rsmith@ashlandretailpartners.com,Variance Explainer,Build the board deck cash slide for Jan,completed,7.1,"Treasury Jan variance was $2,953,802 vs plan",2026-06-24T18:50:23Z
r32-0003150,ymiller@ashlandretailpartners.com,Journal Entry Reviewer,Forecast Apr operating cash flow,completed,27.3,"Accounting Apr variance was $4,304,066 vs plan",2026-06-24T16:00:03Z
r32-0003151,rsmith@ashlandretailpartners.com,Close Checklist Bot,Explain the headcount variance vs plan,completed,25.2,"Treasury Jun variance was $647,804 vs plan",2026-06-24T08:31:40Z
r32-0003152,ymiller@ashlandretailpartners.com,Revenue Recognizer,Which cost centers are over budget YTD?,completed,53.7,"Treasury May variance was $4,686,227 vs plan",2026-06-24T10:41:53Z
r32-0003153,rsmith@ashlandretailpartners.com,Journal Entry Reviewer,Build the board deck cash slide for May,completed,25.1,"Ops May variance was $4,347,670 vs plan",2026-06-24T18:33:49Z
r32-0003154,sclark@ashlandretailpartners.com,Vendor Spend Analyzer,Build the board deck cash slide for May,completed,56.7,"FP&A May variance was $3,749,197 vs plan",2026-06-24T16:46:20Z
r32-0003155,rsmith@ashlandretailpartners.com,Journal Entry Reviewer,Which cost centers are over budget YTD?,completed,18.8,"Ops Jan variance was $2,866,818 vs plan",2026-06-24T13:17:55Z
r32-0003156,lharris@ashlandretailpartners.com,Covenant Checker,Reconcile AP aging over 90 days for MX-04,error,4.8,Traceback (most recent call last): KeyError 'entity',2026-06-24T09:10:01Z
r32-0003157,ymiller@ashlandretailpartners.com,Vendor Spend Analyzer,Forecast Apr operating cash flow,completed,45.0,"Ops Apr variance was $4,301,013 vs plan",2026-06-24T06:36:11Z
r32-0003158,ymiller@ashlandretailpartners.com,Budget vs Actual,Check covenant compliance for the revolver,error,7.6,Traceback (most recent call last): KeyError 'entity',2026-06-24T15:38:46Z
r32-0003159,lharris@ashlandretailpartners.com,Journal Entry Reviewer,Build the board deck cash slide for Jun,completed,62.7,"Ops Jun variance was $3,691,843 vs plan",2026-06-24T13:17:39Z
r32-0003160,rsmith@ashlandretailpartners.com,Vendor Spend Analyzer,Explain the headcount variance vs plan,completed,27.6,"Accounting Feb variance was $3,569,118 vs plan",2026-06-24T07:05:04Z
r32-0003161,rsmith@ashlandretailpartners.com,Budget vs Actual,Draft flux commentary for the Feb close,completed,74.7,"Treasury Feb variance was $4,597,156 vs plan",2026-06-24T10:12:38Z
r32-0003162,rsmith@ashlandretailpartners.com,Budget vs Actual,Reconcile AP aging over 90 days for US-06,completed,38.4,"Accounting Jan variance was $3,752,782 vs plan",2026-06-25T15:54:16Z
r32-0003163,ymiller@ashlandretailpartners.com,Close Checklist Bot,Explain the headcount variance vs plan,completed,1.1,ERROR: upstream request timed out,2026-06-25T06:43:02Z
r32-0003164,rsmith@ashlandretailpartners.com,Cash Forecaster,Forecast Jan operating cash flow,completed,7.5,"Ops Jan variance was $1,309,077 vs plan",2026-06-25T09:36:36Z
r32-0003165,ymiller@ashlandretailpartners.com,Vendor Spend Analyzer,What drove the change in gross margin this quarter?,completed,8.0,"Accounting Jan variance was $1,430,510 vs plan",2026-06-25T16:04:20Z
r32-0003166,rsmith@ashlandretailpartners.com,AP Aging Analyst,Explain the headcount variance vs plan,completed,13.6,"Accounting Feb variance was $1,256,337 vs plan",2026-06-25T10:48:10Z
r32-0003167,ymiller@ashlandretailpartners.com,Close Checklist Bot,Build the board deck cash slide for Jan,completed,11.2,"Accounting Jan variance was $2,271,382 vs plan",2026-06-25T19:50:38Z
r32-0003168,rsmith@ashlandretailpartners.com,Revenue Recognizer,Build the board deck cash slide for Feb,completed,35.7,"Ops Feb variance was $3,440,939 vs plan",2026-06-25T15:48:15Z
r32-0003169,rsmith@ashlandretailpartners.com,Variance Explainer,Summarize the May variance for entity EU-08,completed,71.8,"FP&A May variance was $378,664 vs plan",2026-06-25T13:07:10Z
r32-0003170,ymiller@ashlandretailpartners.com,Variance Explainer,Why did Treasury spend exceed budget in Apr?,completed,1.2,FAILED: null reference in aggregation step,2026-06-25T11:30:56Z
r32-0003171,ymiller@ashlandretailpartners.com,Close Checklist Bot,Summarize the Feb variance for entity US-07,completed,31.2,"Ops Feb variance was $3,092,644 vs plan",2026-06-25T08:47:13Z
r32-0003172,ymiller@ashlandretailpartners.com,Vendor Spend Analyzer,Check covenant compliance for the revolver,completed,18.3,"Ops Mar variance was $3,694,298 vs plan",2026-06-25T08:28:12Z
r32-0003173,rsmith@ashlandretailpartners.com,Variance Explainer,Check covenant compliance for the revolver,completed,58.6,"FP&A Mar variance was $2,118,503 vs plan",2026-06-25T12:19:58Z
r32-0003174,rsmith@ashlandretailpartners.com,Close Checklist Bot,Summarize the Feb variance for entity EU-03,error,1.9,FAILED: null reference in aggregation step,2026-06-25T15:04:44Z
r32-0003175,ymiller@ashlandretailpartners.com,Board Deck Builder,Explain the headcount variance vs plan,completed,70.1,"Treasury Mar variance was $1,496,496 vs plan",2026-06-25T11:30:57Z
r32-0003176,rsmith@ashlandretailpartners.com,AP Aging Analyst,Check covenant compliance for the revolver,completed,64.6,"FP&A Feb variance was $238,848 vs plan",2026-06-25T06:20:13Z
r32-0003177,rsmith@ashlandretailpartners.com,Close Checklist Bot,Summarize the Apr variance for entity MX-04,completed,16.5,"Ops Apr variance was $2,330,182 vs plan",2026-06-25T15:44:42Z
r32-0003178,lharris@ashlandretailpartners.com,Variance Explainer,Forecast Feb operating cash flow,completed,5.4,"Accounting Feb variance was $113,809 vs plan",2026-06-25T15:56:12Z
r32-0003179,ymiller@ashlandretailpartners.com,Covenant Checker,Summarize the Apr variance for entity US-04,completed,19.9,"Ops Apr variance was $841,199 vs plan",2026-06-25T11:46:19Z
r32-0003180,ymiller@ashlandretailpartners.com,AP Aging Analyst,Draft flux commentary for the May close,completed,29.2,"Ops May variance was $4,696,048 vs plan",2026-06-25T11:43:18Z
r32-0003181,ymiller@ashlandretailpartners.com,Headcount Planner,Reconcile AP aging over 90 days for EU-08,completed,25.6,"Accounting Apr variance was $1,117,443 vs plan",2026-06-25T16:22:51Z
r32-0003182,ymiller@ashlandretailpartners.com,Variance Explainer,Forecast Feb operating cash flow,completed,66.8,"Ops Feb variance was $519,332 vs plan",2026-06-25T08:36:38Z
r32-0003183,ymiller@ashlandretailpartners.com,Close Checklist Bot,Which cost centers are over budget YTD?,completed,20.5,"FP&A Mar variance was $1,357,145 vs plan",2026-06-25T10:42:15Z
r32-0003184,ymiller@ashlandretailpartners.com,Journal Entry Reviewer,Summarize the Apr variance for entity US-03,completed,21.9,"FP&A Apr variance was $2,608,069 vs plan",2026-06-25T19:27:53Z
r32-0003185,lharris@ashlandretailpartners.com,Close Checklist Bot,Draft flux commentary for the May close,completed,16.4,"FP&A May variance was $4,641,918 vs plan",2026-06-25T09:49:36Z
r32-0003186,ymiller@ashlandretailpartners.com,Revenue Recognizer,Why did Treasury spend exceed budget in May?,completed,24.6,"Treasury May variance was $2,474,146 vs plan",2026-06-25T13:18:05Z
r32-0003187,sclark@ashlandretailpartners.com,AP Aging Analyst,Forecast Feb operating cash flow,completed,12.8,"Ops Feb variance was $1,047,435 vs plan",2026-06-25T14:50:07Z
r32-0003188,ymiller@ashlandretailpartners.com,Headcount Planner,Build the board deck cash slide for Jan,completed,13.2,"Accounting Jan variance was $1,634,547 vs plan",2026-06-25T15:46:13Z
r32-0003189,rsmith@ashlandretailpartners.com,Covenant Checker,Reconcile AP aging over 90 days for US-04,completed,0.5,error: connection reset by peer,2026-06-25T12:26:54Z
r32-0003190,rsmith@ashlandretailpartners.com,Covenant Checker,What drove the change in gross margin this quarter?,completed,72.4,"Accounting Feb variance was $1,471,717 vs plan",2026-06-25T15:35:09Z
r32-0003191,ymiller@ashlandretailpartners.com,Headcount Planner,Explain the headcount variance vs plan,completed,46.5,"Ops Apr variance was $1,030,593 vs plan",2026-06-25T11:00:41Z
r32-0003192,ymiller@ashlandretailpartners.com,Budget vs Actual,Explain the headcount variance vs plan,completed,10.1,"FP&A May variance was $1,170,532 vs plan",2026-06-25T16:52:45Z
r32-0003193,sclark@ashlandretailpartners.com,Covenant Checker,Why did Accounting spend exceed budget in Feb?,completed,13.3,"Accounting Feb variance was $4,604,674 vs plan",2026-06-25T12:28:40Z
r32-0003194,ymiller@ashlandretailpartners.com,Variance Explainer,Why did Treasury spend exceed budget in Apr?,completed,70.5,"Treasury Apr variance was $602,670 vs plan",2026-06-25T18:05:37Z
r32-0003195,rsmith@ashlandretailpartners.com,Cash Forecaster,Check covenant compliance for the revolver,completed,27.8,"Treasury Jun variance was $2,738,693 vs plan",2026-06-25T17:25:41Z
r32-0003196,sclark@ashlandretailpartners.com,Journal Entry Reviewer,Why did FP&A spend exceed budget in Apr?,completed,5.5,"FP&A Apr variance was $575,516 vs plan",2026-06-25T16:29:19Z
r32-0003197,ymiller@ashlandretailpartners.com,Board Deck Builder,Explain the headcount variance vs plan,completed,34.9,"FP&A Feb variance was $1,773,469 vs plan",2026-06-25T12:08:51Z
r32-0003198,rsmith@ashlandretailpartners.com,Headcount Planner,Why did Treasury spend exceed budget in Feb?,completed,47.0,"Treasury Feb variance was $1,891,531 vs plan",2026-06-25T08:06:42Z
r32-0003199,rsmith@ashlandretailpartners.com,Revenue Recognizer,Reconcile AP aging over 90 days for MX-06,completed,60.9,"FP&A Jan variance was $1,916,201 vs plan",2026-06-25T16:58:30Z
r32-0003200,rsmith@ashlandretailpartners.com,Budget vs Actual,Explain the headcount variance vs plan,completed,26.4,"FP&A Apr variance was $1,348,818 vs plan",2026-06-26T15:44:53Z
r32-0003201,rsmith@ashlandretailpartners.com,Cash Forecaster,What drove the change in gross margin this quarter?,completed,26.0,"Accounting Mar variance was $1,305,613 vs plan",2026-06-26T19:48:00Z
r32-0003202,rsmith@ashlandretailpartners.com,AP Aging Analyst,Explain the headcount variance vs plan,completed,30.4,"FP&A Jun variance was $560,057 vs plan",2026-06-26T15:21:06Z
r32-0003203,rsmith@ashlandretailpartners.com,Cash Forecaster,Reconcile AP aging over 90 days for EU-01,completed,3.1,"Ops Feb variance was $154,948 vs plan",2026-06-26T10:21:53Z
r32-0003204,rsmith@ashlandretailpartners.com,Cash Forecaster,Summarize the Jun variance for entity EU-08,completed,51.6,"Accounting Jun variance was $2,317,370 vs plan",2026-06-26T12:38:39Z
r32-0003205,ymiller@ashlandretailpartners.com,Cash Forecaster,Check covenant compliance for the revolver,completed,13.8,"Ops Jan variance was $1,078,783 vs plan",2026-06-26T17:02:37Z
r32-0003206,ymiller@ashlandretailpartners.com,Journal Entry Reviewer,Check covenant compliance for the revolver,completed,53.3,"Accounting Feb variance was $1,012,448 vs plan",2026-06-26T13:43:16Z
r32-0003207,sclark@ashlandretailpartners.com,Vendor Spend Analyzer,Summarize the Apr variance for entity EU-01,completed,51.4,"Ops Apr variance was $2,225,957 vs plan",2026-06-26T08:54:57Z
r32-0003208,rsmith@ashlandretailpartners.com,Budget vs Actual,Why did FP&A spend exceed budget in Apr?,completed,53.0,"FP&A Apr variance was $2,213,643 vs plan",2026-06-26T08:56:43Z
r32-0003209,rsmith@ashlandretailpartners.com,Budget vs Actual,Build the board deck cash slide for Jun,completed,21.2,"FP&A Jun variance was $2,197,697 vs plan",2026-06-26T10:26:35Z
r32-0003210,sclark@ashlandretailpartners.com,Covenant Checker,Check covenant compliance for the revolver,completed,7.4,"FP&A Apr variance was $3,469,343 vs plan",2026-06-26T10:11:47Z
r32-0003211,rsmith@ashlandretailpartners.com,Board Deck Builder,Which cost centers are over budget YTD?,completed,51.0,"Accounting Mar variance was $2,382,201 vs plan",2026-06-26T12:02:17Z
r32-0003212,rsmith@ashlandretailpartners.com,Headcount Planner,Why did FP&A spend exceed budget in May?,completed,35.4,"FP&A May variance was $2,600,280 vs plan",2026-06-26T14:14:16Z
r32-0003213,lharris@ashlandretailpartners.com,Close Checklist Bot,Which cost centers are over budget YTD?,completed,50.3,"Treasury Jan variance was $842,474 vs plan",2026-06-26T17:29:25Z
r32-0003214,lharris@ashlandretailpartners.com,Revenue Recognizer,Forecast Jan operating cash flow,completed,58.3,"Accounting Jan variance was $2,006,169 vs plan",2026-06-26T09:47:16Z
r32-0003215,lharris@ashlandretailpartners.com,Cash Forecaster,Forecast Jun operating cash flow,completed,41.1,"Accounting Jun variance was $3,053,546 vs plan",2026-06-26T13:29:39Z
r32-0003216,ymiller@ashlandretailpartners.com,Covenant Checker,Why did Treasury spend exceed budget in Jan?,completed,32.0,"Treasury Jan variance was $3,035,759 vs plan",2026-06-26T14:34:36Z
r32-0003217,rsmith@ashlandretailpartners.com,Headcount Planner,Summarize the Apr variance for entity CA-02,completed,21.1,"Ops Apr variance was $1,017,772 vs plan",2026-06-26T12:29:54Z
r32-0003218,lharris@ashlandretailpartners.com,Cash Forecaster,Explain the headcount variance vs plan,completed,23.6,"FP&A May variance was $3,799,927 vs plan",2026-06-26T13:51:32Z
r32-0003219,rsmith@ashlandretailpartners.com,Headcount Planner,Summarize the Mar variance for entity EU-03,completed,24.8,"FP&A Mar variance was $454,256 vs plan",2026-06-26T12:52:28Z
r32-0003220,sclark@ashlandretailpartners.com,Journal Entry Reviewer,Why did Ops spend exceed budget in Feb?,completed,45.3,"Ops Feb variance was $125,963 vs plan",2026-06-26T12:30:37Z
r32-0003221,lharris@ashlandretailpartners.com,Revenue Recognizer,Check covenant compliance for the revolver,completed,48.0,"FP&A Jan variance was $857,912 vs plan",2026-06-26T09:03:29Z
r32-0003222,rsmith@ashlandretailpartners.com,Vendor Spend Analyzer,Why did Treasury spend exceed budget in Mar?,completed,26.5,"Treasury Mar variance was $3,045,054 vs plan",2026-06-26T13:13:47Z
r32-0003223,rsmith@ashlandretailpartners.com,Vendor Spend Analyzer,Explain the headcount variance vs plan,completed,68.1,"Ops Jun variance was $3,973,627 vs plan",2026-06-26T11:09:49Z
r32-0003224,ymiller@ashlandretailpartners.com,Cash Forecaster,Draft flux commentary for the Mar close,completed,46.9,"FP&A Mar variance was $4,472,873 vs plan",2026-06-26T16:58:07Z
r32-0003225,ymiller@ashlandretailpartners.com,Revenue Recognizer,What drove the change in gross margin this quarter?,completed,16.2,"Treasury Feb variance was $3,185,974 vs plan",2026-06-26T12:12:27Z
r32-0003226,lharris@ashlandretailpartners.com,Board Deck Builder,Forecast May operating cash flow,completed,73.6,"FP&A May variance was $4,183,450 vs plan",2026-06-26T08:05:37Z
r32-0003227,ymiller@ashlandretailpartners.com,Cash Forecaster,Summarize the Apr variance for entity CA-07,completed,6.4,"FP&A Apr variance was $4,533,239 vs plan",2026-06-26T16:48:57Z
r32-0003228,rsmith@ashlandretailpartners.com,Vendor Spend Analyzer,Why did FP&A spend exceed budget in Feb?,completed,23.3,"FP&A Feb variance was $854,972 vs plan",2026-06-26T15:20:50Z
r32-0003229,rsmith@ashlandretailpartners.com,Board Deck Builder,Draft flux commentary for the Apr close,completed,14.7,"Accounting Apr variance was $3,524,838 vs plan",2026-06-26T14:41:37Z
r32-0003230,lharris@ashlandretailpartners.com,Revenue Recognizer,Build the board deck cash slide for Jun,completed,28.4,"Accounting Jun variance was $796,209 vs plan",2026-06-26T12:54:13Z
r32-0003231,rsmith@ashlandretailpartners.com,Budget vs Actual,Summarize the Jun variance for entity CA-09,completed,32.8,"Treasury Jun variance was $4,078,920 vs plan",2026-06-26T13:29:40Z
r32-0003232,ymiller@ashlandretailpartners.com,Revenue Recognizer,Explain the headcount variance vs plan,completed,46.2,"Treasury Jun variance was $1,607,978 vs plan",2026-06-26T12:43:26Z
r32-0003233,rsmith@ashlandretailpartners.com,Cash Forecaster,Draft flux commentary for the May close,completed,60.9,"FP&A May variance was $691,285 vs plan",2026-06-26T14:39:36Z
r32-0003234,rsmith@ashlandretailpartners.com,Covenant Checker,Draft flux commentary for the Feb close,completed,20.8,"Ops Feb variance was $1,623,589 vs plan",2026-06-26T08:04:17Z
r32-0003235,sclark@ashlandretailpartners.com,Headcount Planner,Check covenant compliance for the revolver,completed,62.7,"Accounting Apr variance was $2,947,779 vs plan",2026-06-26T11:39:14Z
r32-0003236,sclark@ashlandretailpartners.com,Cash Forecaster,Explain the headcount variance vs plan,completed,1.7,error code 502 from model gateway,2026-06-26T13:28:08Z
r32-0003237,rsmith@ashlandretailpartners.com,Vendor Spend Analyzer,Summarize the Jun variance for entity US-06,completed,22.7,"FP&A Jun variance was $880,291 vs plan",2026-06-26T11:06:50Z
r32-0003238,ymiller@ashlandretailpartners.com,Board Deck Builder,Summarize the May variance for entity MX-03,completed,67.3,"Accounting May variance was $1,148,085 vs plan",2026-06-26T12:11:11Z
r32-0003239,rsmith@ashlandretailpartners.com,Journal Entry Reviewer,Which cost centers are over budget YTD?,completed,43.8,"Ops Jun variance was $141,963 vs plan",2026-06-27T06:14:16Z
r32-0003240,lharris@ashlandretailpartners.com,Board Deck Builder,Summarize the Mar variance for entity CA-02,completed,53.0,"Accounting Mar variance was $4,667,055 vs plan",2026-06-27T16:21:45Z
r32-0003241,rsmith@ashlandretailpartners.com,Cash Forecaster,Which cost centers are over budget YTD?,completed,62.4,"Ops Apr variance was $372,921 vs plan",2026-06-27T14:04:29Z
r32-0003242,rsmith@ashlandretailpartners.com,Budget vs Actual,Which cost centers are over budget YTD?,error,4.3,error: connection reset by peer,2026-06-27T11:28:36Z
r32-0003243,rsmith@ashlandretailpartners.com,Vendor Spend Analyzer,Check covenant compliance for the revolver,completed,51.2,"Ops Apr variance was $1,533,937 vs plan",2026-06-27T13:49:46Z
r32-0003244,lharris@ashlandretailpartners.com,Covenant Checker,Check covenant compliance for the revolver,completed,37.0,"FP&A Feb variance was $4,745,203 vs plan",2026-06-27T12:18:12Z
r32-0003245,rsmith@ashlandretailpartners.com,Vendor Spend Analyzer,Build the board deck cash slide for Jun,completed,71.0,"Ops Jun variance was $2,178,736 vs plan",2026-06-27T12:16:56Z
r32-0003246,ymiller@ashlandretailpartners.com,Headcount Planner,Build the board deck cash slide for May,completed,40.8,"FP&A May variance was $709,606 vs plan",2026-06-27T11:48:33Z
r32-0003247,sclark@ashlandretailpartners.com,Journal Entry Reviewer,Which cost centers are over budget YTD?,error,2.9,FAILED: null reference in aggregation step,2026-06-27T10:36:26Z
r32-0003248,ymiller@ashlandretailpartners.com,Revenue Recognizer,Check covenant compliance for the revolver,completed,40.1,"Accounting May variance was $1,167,292 vs plan",2026-06-28T08:44:06Z
r32-0003249,rsmith@ashlandretailpartners.com,Variance Explainer,Forecast Apr operating cash flow,completed,48.4,"FP&A Apr variance was $2,007,599 vs plan",2026-06-28T13:12:16Z
r32-0003250,lharris@ashlandretailpartners.com,Covenant Checker,Draft flux commentary for the Apr close,completed,70.6,"FP&A Apr variance was $1,043,694 vs plan",2026-06-28T14:41:45Z
r32-0003251,ymiller@ashlandretailpartners.com,Flux Commentary,Forecast Mar operating cash flow,completed,41.9,"FP&A Mar variance was $1,528,695 vs plan",2026-06-28T11:06:21Z
r32-0003252,rsmith@ashlandretailpartners.com,AP Aging Analyst,Which cost centers are over budget YTD?,completed,1.2,error code 502 from model gateway,2026-06-28T16:35:00Z
r32-0003253,rsmith@ashlandretailpartners.com,Flux Commentary,Which cost centers are over budget YTD?,completed,1.0,error code 502 from model gateway,2026-06-28T14:38:21Z
r32-0003254,ymiller@ashlandretailpartners.com,Budget vs Actual,Explain the headcount variance vs plan,completed,40.9,"FP&A Jan variance was $359,744 vs plan",2026-06-28T12:30:29Z
r32-0003255,ymiller@ashlandretailpartners.com,AP Aging Analyst,Summarize the Apr variance for entity CA-01,completed,33.7,"Treasury Apr variance was $1,388,145 vs plan",2026-06-28T12:13:31Z
r32-0003256,ymiller@ashlandretailpartners.com,Covenant Checker,Summarize the Jan variance for entity EU-07,completed,34.9,"FP&A Jan variance was $3,417,773 vs plan",2026-06-29T14:17:19Z
r32-0003257,rsmith@ashlandretailpartners.com,Cash Forecaster,Reconcile AP aging over 90 days for MX-02,completed,5.1,"Treasury Feb variance was $685,572 vs plan",2026-06-29T17:26:36Z
r32-0003258,ymiller@ashlandretailpartners.com,Covenant Checker,Which cost centers are over budget YTD?,completed,0.4,Traceback (most recent call last): KeyError 'entity',2026-06-29T13:23:39Z
r32-0003259,lharris@ashlandretailpartners.com,AP Aging Analyst,Why did FP&A spend exceed budget in May?,completed,33.9,"FP&A May variance was $2,939,823 vs plan",2026-06-29T12:30:34Z
r32-0003260,ymiller@ashlandretailpartners.com,Close Checklist Bot,Build the board deck cash slide for Jun,completed,6.0,"Ops Jun variance was $4,181,719 vs plan",2026-06-29T19:06:04Z
r32-0003261,sclark@ashlandretailpartners.com,Budget vs Actual,Draft flux commentary for the Apr close,completed,1.8,Traceback (most recent call last): KeyError 'entity',2026-06-29T09:54:39Z
r32-0003262,ymiller@ashlandretailpartners.com,Variance Explainer,Which cost centers are over budget YTD?,completed,32.8,"Ops May variance was $2,742,753 vs plan",2026-06-29T14:26:54Z
r32-0003263,rsmith@ashlandretailpartners.com,Covenant Checker,Which cost centers are over budget YTD?,completed,9.0,"Treasury Apr variance was $3,162,844 vs plan",2026-06-29T13:38:11Z
r32-0003264,rsmith@ashlandretailpartners.com,Close Checklist Bot,What drove the change in gross margin this quarter?,completed,60.1,"Accounting Feb variance was $4,343,630 vs plan",2026-06-29T11:54:56Z
r32-0003265,lharris@ashlandretailpartners.com,Flux Commentary,Build the board deck cash slide for Apr,completed,18.1,"Ops Apr variance was $4,079,596 vs plan",2026-06-29T07:46:22Z
r32-0003266,ymiller@ashlandretailpartners.com,Journal Entry Reviewer,What drove the change in gross margin this quarter?,completed,22.3,"FP&A Feb variance was $1,070,997 vs plan",2026-06-29T10:41:24Z
r32-0003267,ymiller@ashlandretailpartners.com,Journal Entry Reviewer,Draft flux commentary for the Jan close,completed,28.9,"Accounting Jan variance was $2,904,991 vs plan",2026-06-29T11:22:05Z
r32-0003268,ymiller@ashlandretailpartners.com,Budget vs Actual,Reconcile AP aging over 90 days for CA-08,completed,65.3,"Accounting Jun variance was $2,182,494 vs plan",2026-06-29T13:06:42Z
r32-0003269,rsmith@ashlandretailpartners.com,Board Deck Builder,Explain the headcount variance vs plan,completed,13.1,"FP&A Feb variance was $2,792,575 vs plan",2026-06-29T11:09:37Z
r32-0003270,sclark@ashlandretailpartners.com,Revenue Recognizer,Draft flux commentary for the Apr close,completed,40.5,"FP&A Apr variance was $971,245 vs plan",2026-06-29T14:33:09Z
r32-0003271,ymiller@ashlandretailpartners.com,Covenant Checker,Build the board deck cash slide for Mar,completed,33.1,"FP&A Mar variance was $421,778 vs plan",2026-06-29T16:56:35Z
r32-0003272,ymiller@ashlandretailpartners.com,Close Checklist Bot,Check covenant compliance for the revolver,completed,14.6,"Ops May variance was $1,108,116 vs plan",2026-06-29T13:41:10Z
r32-0003273,rsmith@ashlandretailpartners.com,Board Deck Builder,Reconcile AP aging over 90 days for CA-09,completed,12.2,"Ops Jan variance was $2,384,524 vs plan",2026-06-29T13:58:13Z
r32-0003274,ymiller@ashlandretailpartners.com,Journal Entry Reviewer,Build the board deck cash slide for Mar,completed,65.4,"Treasury Mar variance was $2,372,920 vs plan",2026-06-29T15:38:15Z
r32-0003275,rsmith@ashlandretailpartners.com,Board Deck Builder,Which cost centers are over budget YTD?,completed,74.9,"Accounting Jun variance was $1,068,894 vs plan",2026-06-29T13:48:39Z
r32-0003276,lharris@ashlandretailpartners.com,Revenue Recognizer,Draft flux commentary for the Jan close,completed,39.1,"Ops Jan variance was $2,569,561 vs plan",2026-06-29T17:37:13Z
r32-0003277,ymiller@ashlandretailpartners.com,Headcount Planner,Which cost centers are over budget YTD?,completed,58.1,"Treasury Apr variance was $1,238,966 vs plan",2026-06-29T11:07:02Z
r32-0003278,rsmith@ashlandretailpartners.com,Revenue Recognizer,Reconcile AP aging over 90 days for EU-05,completed,71.6,"Accounting Apr variance was $3,187,412 vs plan",2026-06-29T12:50:35Z
r32-0003279,ymiller@ashlandretailpartners.com,Variance Explainer,What drove the change in gross margin this quarter?,completed,8.3,"Treasury Jun variance was $1,776,518 vs plan",2026-06-29T11:24:39Z
r32-0003280,ymiller@ashlandretailpartners.com,AP Aging Analyst,Forecast Feb operating cash flow,completed,0.8,error: connection reset by peer,2026-06-29T06:11:19Z
r32-0003281,rsmith@ashlandretailpartners.com,Headcount Planner,Which cost centers are over budget YTD?,completed,71.8,"Accounting Jun variance was $3,317,093 vs plan",2026-06-29T14:36:49Z
r32-0003282,ymiller@ashlandretailpartners.com,Flux Commentary,Why did FP&A spend exceed budget in Jan?,completed,0.9,ERROR: upstream request timed out,2026-06-29T09:59:52Z
r32-0003283,ymiller@ashlandretailpartners.com,Board Deck Builder,Check covenant compliance for the revolver,completed,57.8,"Treasury Jan variance was $3,760,545 vs plan",2026-06-29T17:56:06Z
r32-0003284,rsmith@ashlandretailpartners.com,Cash Forecaster,Check covenant compliance for the revolver,completed,74.2,"Accounting Jan variance was $2,224,566 vs plan",2026-06-29T12:41:40Z
r32-0003285,lharris@ashlandretailpartners.com,Board Deck Builder,Forecast Jan operating cash flow,completed,30.6,"Treasury Jan variance was $2,547,111 vs plan",2026-06-29T08:20:28Z
r32-0003286,ymiller@ashlandretailpartners.com,AP Aging Analyst,Explain the headcount variance vs plan,completed,34.0,"FP&A May variance was $4,391,243 vs plan",2026-06-29T14:25:47Z
r32-0003287,ymiller@ashlandretailpartners.com,Cash Forecaster,Reconcile AP aging over 90 days for EU-05,completed,55.4,"Accounting Feb variance was $4,003,959 vs plan",2026-06-29T12:38:26Z
r32-0003288,ymiller@ashlandretailpartners.com,Revenue Recognizer,What drove the change in gross margin this quarter?,error,3.2,Traceback (most recent call last): KeyError 'entity',2026-06-29T13:13:51Z
r32-0003289,ymiller@ashlandretailpartners.com,Flux Commentary,Summarize the Apr variance for entity US-04,completed,27.9,"Treasury Apr variance was $4,614,875 vs plan",2026-06-29T10:04:21Z
r32-0003290,ymiller@ashlandretailpartners.com,Headcount Planner,Draft flux commentary for the Jun close,completed,17.8,"Ops Jun variance was $3,976,669 vs plan",2026-06-30T15:06:14Z
r32-0003291,ymiller@ashlandretailpartners.com,Vendor Spend Analyzer,Which cost centers are over budget YTD?,completed,74.3,"Accounting Apr variance was $3,448,406 vs plan",2026-06-30T12:23:33Z
r32-0003292,rsmith@ashlandretailpartners.com,Variance Explainer,Build the board deck cash slide for Jun,completed,27.4,"Ops Jun variance was $2,853,275 vs plan",2026-06-30T12:49:04Z
r32-0003293,ymiller@ashlandretailpartners.com,Headcount Planner,Explain the headcount variance vs plan,completed,44.9,"Ops Jan variance was $3,252,248 vs plan",2026-06-30T12:10:41Z
r32-0003294,rsmith@ashlandretailpartners.com,Vendor Spend Analyzer,Explain the headcount variance vs plan,completed,23.7,"Treasury Feb variance was $4,105,856 vs plan",2026-06-30T10:43:29Z
r32-0003295,ymiller@ashlandretailpartners.com,Revenue Recognizer,Draft flux commentary for the Jan close,completed,57.2,"Accounting Jan variance was $1,525,258 vs plan",2026-06-30T12:12:23Z
r32-0003296,ymiller@ashlandretailpartners.com,Variance Explainer,Build the board deck cash slide for Jan,completed,22.1,"Ops Jan variance was $3,683,547 vs plan",2026-06-30T16:33:55Z
r32-0003297,lharris@ashlandretailpartners.com,Journal Entry Reviewer,Build the board deck cash slide for Jan,completed,66.7,"Ops Jan variance was $2,538,211 vs plan",2026-06-30T14:41:15Z
r32-0003298,lharris@ashlandretailpartners.com,Journal Entry Reviewer,Build the board deck cash slide for Mar,completed,9.7,"FP&A Mar variance was $4,404,222 vs plan",2026-06-30T15:42:27Z
r32-0003299,rsmith@ashlandretailpartners.com,Journal Entry Reviewer,Explain the headcount variance vs plan,completed,18.4,"Ops Feb variance was $4,250,543 vs plan",2026-06-30T13:51:40Z
r32-0003300,ymiller@ashlandretailpartners.com,Covenant Checker,Summarize the Jun variance for entity CA-01,completed,50.7,"Treasury Jun variance was $3,570,748 vs plan",2026-06-30T13:49:35Z
r32-0003301,rsmith@ashlandretailpartners.com,Headcount Planner,Summarize the May variance for entity US-01,completed,41.7,"Treasury May variance was $3,844,055 vs plan",2026-06-30T11:55:38Z
r32-0003302,ymiller@ashlandretailpartners.com,Close Checklist Bot,Explain the headcount variance vs plan,completed,28.2,"FP&A Jan variance was $295,151 vs plan",2026-06-30T17:48:31Z
r32-0003303,lharris@ashlandretailpartners.com,Board Deck Builder,Which cost centers are over budget YTD?,completed,42.5,"Treasury Apr variance was $3,092,547 vs plan",2026-06-30T13:43:56Z
r32-0003304,rsmith@ashlandretailpartners.com,AP Aging Analyst,Draft flux commentary for the Feb close,completed,61.5,"FP&A Feb variance was $2,332,641 vs plan",2026-06-30T12:58:03Z
r32-0003305,lharris@ashlandretailpartners.com,Close Checklist Bot,Summarize the Jun variance for entity EU-01,completed,41.8,"Treasury Jun variance was $4,613,765 vs plan",2026-06-30T14:00:59Z
r32-0003306,rsmith@ashlandretailpartners.com,Covenant Checker,Why did FP&A spend exceed budget in Jan?,completed,24.6,"FP&A Jan variance was $4,258,710 vs plan",2026-06-30T15:43:44Z
r32-0003307,ymiller@ashlandretailpartners.com,Flux Commentary,What drove the change in gross margin this quarter?,completed,46.0,"Ops Jan variance was $2,483,124 vs plan",2026-06-30T14:14:49Z
r32-0003308,ymiller@ashlandretailpartners.com,Covenant Checker,Which cost centers are over budget YTD?,completed,20.8,"Ops Apr variance was $3,665,901 vs plan",2026-06-30T08:50:01Z
r32-0003309,rsmith@ashlandretailpartners.com,Board Deck Builder,Check covenant compliance for the revolver,completed,13.6,"Accounting Apr variance was $3,536,371 vs plan",2026-06-30T15:58:11Z
r32-0003310,rsmith@ashlandretailpartners.com,AP Aging Analyst,Why did Treasury spend exceed budget in Jan?,completed,37.1,"Treasury Jan variance was $1,316,541 vs plan",2026-06-30T16:40:13Z
r32-0003311,lharris@ashlandretailpartners.com,Headcount Planner,Which cost centers are over budget YTD?,completed,73.4,"FP&A Apr variance was $50,050 vs plan",2026-06-30T14:23:21Z
r32-0003312,lharris@ashlandretailpartners.com,Flux Commentary,Check covenant compliance for the revolver,completed,11.2,"Accounting Jun variance was $4,518,966 vs plan",2026-06-30T12:46:04Z
r32-0003313,ymiller@ashlandretailpartners.com,Covenant Checker,Build the board deck cash slide for May,completed,53.9,"Ops May variance was $370,339 vs plan",2026-06-30T09:54:02Z
r32-0003314,ymiller@ashlandretailpartners.com,Revenue Recognizer,Draft flux commentary for the Jun close,completed,60.4,"Ops Jun variance was $3,676,573 vs plan",2026-06-30T16:29:14Z
r32-0003315,rsmith@ashlandretailpartners.com,Close Checklist Bot,Summarize the Mar variance for entity US-05,error,6.2,error code 502 from model gateway,2026-06-30T12:15:37Z
r32-0003316,lharris@ashlandretailpartners.com,Headcount Planner,Forecast Feb operating cash flow,completed,28.5,"Ops Feb variance was $1,901,345 vs plan",2026-06-30T11:54:20Z
r32-0003317,ymiller@ashlandretailpartners.com,Close Checklist Bot,Check covenant compliance for the revolver,completed,1.4,Traceback (most recent call last): KeyError 'entity',2026-06-30T12:49:50Z
r32-0003318,ymiller@ashlandretailpartners.com,Flux Commentary,Explain the headcount variance vs plan,completed,67.0,"Treasury Jun variance was $1,329,892 vs plan",2026-06-30T14:55:15Z
r32-0003319,lharris@ashlandretailpartners.com,Journal Entry Reviewer,What drove the change in gross margin this quarter?,completed,62.0,"FP&A Feb variance was $140,050 vs plan",2026-06-30T09:54:21Z
r32-0003320,rsmith@ashlandretailpartners.com,Cash Forecaster,Why did Treasury spend exceed budget in Jun?,completed,21.8,"Treasury Jun variance was $552,772 vs plan",2026-06-30T13:37:37Z
r32-0003321,rsmith@ashlandretailpartners.com,Covenant Checker,Explain the headcount variance vs plan,completed,5.1,"Ops Feb variance was $3,012,700 vs plan",2026-06-30T09:44:06Z
r32-0003322,rsmith@ashlandretailpartners.com,Journal Entry Reviewer,Check covenant compliance for the revolver,completed,58.4,"FP&A May variance was $1,689,156 vs plan",2026-06-30T15:17:54Z
r32-0003323,rsmith@ashlandretailpartners.com,Headcount Planner,Which cost centers are over budget YTD?,completed,19.8,"Ops Jan variance was $235,374 vs plan",2026-06-30T11:01:22Z
r32-0003324,lharris@ashlandretailpartners.com,Close Checklist Bot,Forecast Apr operating cash flow,completed,15.6,"Ops Apr variance was $4,282,629 vs plan",2026-06-30T11:08:54Z
r32-0003325,ymiller@ashlandretailpartners.com,Variance Explainer,Which cost centers are over budget YTD?,error,4.0,FAILED: null reference in aggregation step,2026-06-30T15:10:21Z
r32-0003326,ymiller@ashlandretailpartners.com,Close Checklist Bot,Explain the headcount variance vs plan,completed,33.4,"Accounting Mar variance was $920,549 vs plan",2026-06-30T08:44:46Z
r32-0003327,rsmith@ashlandretailpartners.com,Budget vs Actual,Which cost centers are over budget YTD?,completed,71.5,"Treasury Feb variance was $4,303,818 vs plan",2026-06-30T15:25:11Z
r32-0003328,ymiller@ashlandretailpartners.com,AP Aging Analyst,Reconcile AP aging over 90 days for EU-02,completed,44.6,"Treasury Apr variance was $2,376,899 vs plan",2026-06-30T10:56:28Z
r32-0003329,ymiller@ashlandretailpartners.com,AP Aging Analyst,Why did Ops spend exceed budget in May?,completed,1.3,error code 502 from model gateway,2026-06-30T17:31:18Z
r32-0003330,ymiller@ashlandretailpartners.com,Variance Explainer,Reconcile AP aging over 90 days for US-06,completed,35.7,"FP&A May variance was $1,086,870 vs plan",2026-06-30T16:39:28Z
r32-0002007,ymiller@ashlandretailpartners.com,Headcount Planner,Explain the headcount variance vs plan,completed,20.3,"Accounting Feb variance was $1,629,079 vs plan",2026-05-13T10:37:57Z
r32-0000980,rsmith@ashlandretailpartners.com,Revenue Recognizer,Forecast May operating cash flow,completed,1.5,ERROR: upstream request timed out,2026-04-07T13:06:58Z
r32-0000869,ymiller@ashlandretailpartners.com,Budget vs Actual,Reconcile AP aging over 90 days for MX-01,completed,60.7,"Accounting Mar variance was $1,292,458 vs plan",2026-04-03T10:32:08Z
r32-0002445,rsmith@ashlandretailpartners.com,Cash Forecaster,Draft flux commentary for the Feb close,completed,1.4,error: connection reset by peer,2026-05-29T15:12:57Z
r32-0001053,sclark@ashlandretailpartners.com,Covenant Checker,Summarize the Jan variance for entity CA-01,completed,54.4,"Treasury Jan variance was $75,200 vs plan",2026-04-09T06:03:01Z
r32-0003214,lharris@ashlandretailpartners.com,Revenue Recognizer,Forecast Jan operating cash flow,completed,58.3,"Accounting Jan variance was $2,006,169 vs plan",2026-06-26T09:47:16Z
r32-0000456,rsmith@ashlandretailpartners.com,Budget vs Actual,Summarize the May variance for entity CA-05,completed,33.1,"Ops May variance was $1,811,775 vs plan",2026-03-18T16:35:53Z
r32-0001764,ymiller@ashlandretailpartners.com,Headcount Planner,Summarize the Apr variance for entity CA-02,completed,1.7,ERROR: upstream request timed out,2026-05-06T17:45:04Z
r32-0001086,rsmith@ashlandretailpartners.com,Revenue Recognizer,Check covenant compliance for the revolver,completed,50.2,"Treasury Jun variance was $33,800 vs plan",2026-04-10T19:14:14Z
r32-0002727,ymiller@ashlandretailpartners.com,Covenant Checker,Build the board deck cash slide for Jan,completed,31.2,"Accounting Jan variance was $2,542,355 vs plan",2026-06-09T11:24:10Z
r32-0001220,ymiller@ashlandretailpartners.com,Cash Forecaster,What drove the change in gross margin this quarter?,completed,25.6,"Ops Jan variance was $308,965 vs plan",2026-04-16T14:44:18Z
r32-0002745,ymiller@ashlandretailpartners.com,Vendor Spend Analyzer,Explain the headcount variance vs plan,completed,68.1,"FP&A Jun variance was $1,478,909 vs plan",2026-06-10T14:02:19Z
r32-0002685,rsmith@ashlandretailpartners.com,Flux Commentary,What drove the change in gross margin this quarter?,completed,72.3,"FP&A Apr variance was $85,437 vs plan",2026-06-08T09:07:06Z
r32-0002236,rsmith@ashlandretailpartners.com,Flux Commentary,Draft flux commentary for the Mar close,completed,37.7,"Treasury Mar variance was $4,582,132 vs plan",2026-05-22T13:40:59Z
r32-0003163,ymiller@ashlandretailpartners.com,Close Checklist Bot,Explain the headcount variance vs plan,completed,1.1,ERROR: upstream request timed out,2026-06-25T06:43:02Z
r32-0002163,sclark@ashlandretailpartners.com,Budget vs Actual,What drove the change in gross margin this quarter?,completed,50.8,"Ops Apr variance was $4,012,851 vs plan",2026-05-19T17:52:06Z
r32-0002328,ymiller@ashlandretailpartners.com,Board Deck Builder,Build the board deck cash slide for Feb,completed,58.3,"FP&A Feb variance was $3,587,541 vs plan",2026-05-26T16:27:02Z
r32-0001435,ymiller@ashlandretailpartners.com,Vendor Spend Analyzer,Draft flux commentary for the Jan close,error,5.3,ERROR: upstream request timed out,2026-04-24T10:10:26Z
r32-0002238,ymiller@ashlandretailpartners.com,Revenue Recognizer,Check covenant compliance for the revolver,completed,37.9,"Treasury Mar variance was $3,878,559 vs plan",2026-05-22T12:50:58Z
r32-0000010,rsmith@ashlandretailpartners.com,Flux Commentary,What drove the change in gross margin this quarter?,completed,1.5,error code 502 from model gateway,2026-03-01T08:06:30Z
r32-0000947,rsmith@ashlandretailpartners.com,Revenue Recognizer,Forecast Jun operating cash flow,completed,20.9,"Ops Jun variance was $1,234,984 vs plan",2026-04-06T13:45:32Z
r32-0002979,lharris@ashlandretailpartners.com,Flux Commentary,Check covenant compliance for the revolver,completed,57.3,"Accounting Jan variance was $2,134,295 vs plan",2026-06-18T11:46:20Z
r32-0002635,ymiller@ashlandretailpartners.com,Vendor Spend Analyzer,Why did Accounting spend exceed budget in Mar?,completed,0.4,FAILED: null reference in aggregation step,2026-06-05T10:10:13Z
r32-0001639,ymiller@ashlandretailpartners.com,Headcount Planner,Forecast Feb operating cash flow,completed,26.6,"Accounting Feb variance was $4,626,153 vs plan",2026-04-30T12:29:43Z
r32-0001619,ymiller@ashlandretailpartners.com,Headcount Planner,Build the board deck cash slide for Jan,completed,4.2,"FP&A Jan variance was $3,925,579 vs plan",2026-04-30T14:50:39Z
r32-0003184,ymiller@ashlandretailpartners.com,Journal Entry Reviewer,Summarize the Apr variance for entity US-03,completed,21.9,"FP&A Apr variance was $2,608,069 vs plan",2026-06-25T19:27:53Z
r32-0003241,rsmith@ashlandretailpartners.com,Cash Forecaster,Which cost centers are over budget YTD?,completed,62.4,"Ops Apr variance was $372,921 vs plan",2026-06-27T14:04:29Z
r32-0002920,ymiller@ashlandretailpartners.com,Headcount Planner,Build the board deck cash slide for Jan,completed,8.4,"Ops Jan variance was $4,263,037 vs plan",2026-06-16T12:14:17Z
r32-0000452,lharris@ashlandretailpartners.com,Journal Entry Reviewer,Check covenant compliance for the revolver,completed,9.9,"Ops Mar variance was $278,940 vs plan",2026-03-18T07:03:53Z
r32-0001022,rsmith@ashlandretailpartners.com,Journal Entry Reviewer,Forecast Feb operating cash flow,completed,42.4,"Ops Feb variance was $497,259 vs plan",2026-04-08T08:38:12Z
r32-0001124,ymiller@ashlandretailpartners.com,Revenue Recognizer,Which cost centers are over budget YTD?,error,5.0,Traceback (most recent call last): KeyError 'entity',2026-04-13T13:10:02Z
r32-0000529,ymiller@ashlandretailpartners.com,Budget vs Actual,Forecast Jan operating cash flow,completed,53.2,"FP&A Jan variance was $2,282,683 vs plan",2026-03-21T09:11:51Z
r32-0000778,rsmith@ashlandretailpartners.com,Covenant Checker,Reconcile AP aging over 90 days for MX-01,completed,21.2,"Ops Jun variance was $2,148,865 vs plan",2026-03-31T17:20:37Z
r32-0000538,lharris@ashlandretailpartners.com,Board Deck Builder,Forecast Jan operating cash flow,completed,43.8,"FP&A Jan variance was $3,191,235 vs plan",2026-03-22T12:27:16Z
r32-0000226,ymiller@ashlandretailpartners.com,Close Checklist Bot,Build the board deck cash slide for May,completed,12.3,"Accounting May variance was $335,954 vs plan",2026-03-09T14:32:05Z
r32-0001764,ymiller@ashlandretailpartners.com,Headcount Planner,Summarize the Apr variance for entity CA-02,completed,1.7,ERROR: upstream request timed out,2026-05-06T17:45:04Z
r32-0002713,sclark@ashlandretailpartners.com,Vendor Spend Analyzer,Check covenant compliance for the revolver,completed,36.8,"Accounting Jun variance was $3,094,738 vs plan",2026-06-09T12:09:14Z
r32-0002302,sclark@ashlandretailpartners.com,Budget vs Actual,Check covenant compliance for the revolver,completed,20.5,"FP&A Jan variance was $567,069 vs plan",2026-05-25T06:15:45Z
r32-0001292,rsmith@ashlandretailpartners.com,Board Deck Builder,What drove the change in gross margin this quarter?,completed,30.8,"Treasury Jun variance was $3,473,599 vs plan",2026-04-20T10:29:23Z
r32-0001376,rsmith@ashlandretailpartners.com,Covenant Checker,Draft flux commentary for the May close,completed,3.6,"FP&A May variance was $4,368,822 vs plan",2026-04-23T13:17:44Z
r32-0000276,ymiller@ashlandretailpartners.com,Close Checklist Bot,Why did FP&A spend exceed budget in Jun?,completed,1.7,ERROR: upstream request timed out,2026-03-11T12:54:55Z
r32-0001744,lharris@ashlandretailpartners.com,Revenue Recognizer,What drove the change in gross margin this quarter?,completed,3.3,"Treasury Jan variance was $2,758,449 vs plan",2026-05-05T18:01:03Z
r32-0000351,lharris@ashlandretailpartners.com,Journal Entry Reviewer,Why did Treasury spend exceed budget in Jun?,completed,18.7,"Treasury Jun variance was $1,317,197 vs plan",2026-03-14T11:03:55Z
r32-0000118,rsmith@ashlandretailpartners.com,Close Checklist Bot,Forecast Mar operating cash flow,completed,7.5,"FP&A Mar variance was $4,649,416 vs plan",2026-03-05T16:27:28Z
r32-0000480,lharris@ashlandretailpartners.com,Close Checklist Bot,Forecast Apr operating cash flow,completed,1.4,Traceback (most recent call last): KeyError 'entity',2026-03-19T08:35:21Z
r32-0000534,rsmith@ashlandretailpartners.com,Budget vs Actual,Explain the headcount variance vs plan,completed,27.5,"Accounting May variance was $4,055,951 vs plan",2026-03-21T12:04:24Z
r32-0002805,rsmith@ashlandretailpartners.com,Board Deck Builder,What drove the change in gross margin this quarter?,completed,16.0,"FP&A Jan variance was $3,365,405 vs plan",2026-06-11T06:56:29Z
r32-0003057,rsmith@ashlandretailpartners.com,Cash Forecaster,Why did Ops spend exceed budget in May?,completed,20.7,"Ops May variance was $4,187,295 vs plan",2026-06-22T11:44:46Z
r32-0001172,ymiller@ashlandretailpartners.com,Flux Commentary,Draft flux commentary for the Apr close,completed,32.7,"Accounting Apr variance was $3,756,237 vs plan",2026-04-14T13:39:04Z
r32-0000006,rsmith@ashlandretailpartners.com,Revenue Recognizer,Which cost centers are over budget YTD?,completed,37.4,"Accounting Jun variance was $1,409,329 vs plan",2026-03-01T11:21:37Z
r32-0003306,rsmith@ashlandretailpartners.com,Covenant Checker,Why did FP&A spend exceed budget in Jan?,completed,24.6,"FP&A Jan variance was $4,258,710 vs plan",2026-06-30T15:43:44Z
r32-0000790,rsmith@ashlandretailpartners.com,Flux Commentary,Build the board deck cash slide for Jun,completed,23.9,"Accounting Jun variance was $3,152,217 vs plan",2026-03-31T15:47:56Z
r32-0001056,lharris@ashlandretailpartners.com,Cash Forecaster,Which cost centers are over budget YTD?,completed,29.0,"Ops May variance was $3,087,719 vs plan",2026-04-10T18:45:30Z
r32-0002879,rsmith@ashlandretailpartners.com,Close Checklist Bot,Build the board deck cash slide for Apr,completed,54.3,"Accounting Apr variance was $1,299,279 vs plan",2026-06-15T20:40:49Z
r32-0002698,lharris@ashlandretailpartners.com,Revenue Recognizer,Draft flux commentary for the Jan close,completed,64.4,"Ops Jan variance was $3,231,050 vs plan",2026-06-08T12:02:59Z
r32-0000716,rsmith@ashlandretailpartners.com,Board Deck Builder,Summarize the May variance for entity US-01,completed,17.9,"Treasury May variance was $3,779,389 vs plan",2026-03-27T13:01:28Z
r32-0002616,rsmith@ashlandretailpartners.com,Board Deck Builder,Why did Treasury spend exceed budget in Apr?,error,1.5,error code 502 from model gateway,2026-06-05T10:30:24Z
r32-0000531,ymiller@ashlandretailpartners.com,Close Checklist Bot,Summarize the Jan variance for entity MX-01,completed,57.4,"Ops Jan variance was $1,683,723 vs plan",2026-03-21T15:07:31Z
r32-0002921,rsmith@ashlandretailpartners.com,Revenue Recognizer,Why did FP&A spend exceed budget in Apr?,completed,20.9,"FP&A Apr variance was $1,896,464 vs plan",2026-06-16T08:31:13Z
r32-0000139,sclark@ashlandretailpartners.com,Cash Forecaster,Explain the headcount variance vs plan,completed,65.4,"FP&A Apr variance was $2,960,627 vs plan",2026-03-05T13:14:35Z
r32-0000083,rsmith@ashlandretailpartners.com,Variance Explainer,Check covenant compliance for the revolver,completed,12.9,"FP&A Mar variance was $2,807,670 vs plan",2026-03-04T14:34:11Z
r32-0001805,ymiller@ashlandretailpartners.com,Cash Forecaster,Summarize the May variance for entity EU-05,completed,0.7,FAILED: null reference in aggregation step,2026-05-07T12:23:29Z
r32-0003201,rsmith@ashlandretailpartners.com,Cash Forecaster,What drove the change in gross margin this quarter?,completed,26.0,"Accounting Mar variance was $1,305,613 vs plan",2026-06-26T19:48:00Z
r32-0002023,sclark@ashlandretailpartners.com,Board Deck Builder,Summarize the Jan variance for entity EU-01,completed,57.4,"FP&A Jan variance was $4,098,550 vs plan",2026-05-14T13:06:59Z
r32-0002651,lharris@ashlandretailpartners.com,AP Aging Analyst,Which cost centers are over budget YTD?,completed,11.6,"Accounting May variance was $3,450,509 vs plan",2026-06-06T07:09:13Z
r32-0000502,sclark@ashlandretailpartners.com,Vendor Spend Analyzer,Check covenant compliance for the revolver,completed,51.8,"Ops May variance was $689,819 vs plan",2026-03-20T13:09:59Z
r32-0001869,ymiller@ashlandretailpartners.com,Variance Explainer,Reconcile AP aging over 90 days for US-09,completed,74.9,"FP&A Mar variance was $3,409,649 vs plan",2026-05-09T14:13:37Z
r32-0001615,ymiller@ashlandretailpartners.com,Journal Entry Reviewer,Build the board deck cash slide for May,completed,56.7,"Treasury May variance was $901,261 vs plan",2026-04-30T17:16:25Z
r32-0001234,lharris@ashlandretailpartners.com,Flux Commentary,Reconcile AP aging over 90 days for EU-01,completed,72.9,"Ops Mar variance was $3,198,397 vs plan",2026-04-17T14:29:58Z
r32-0002177,rsmith@ashlandretailpartners.com,Revenue Recognizer,Forecast Jun operating cash flow,completed,58.8,"Treasury Jun variance was $2,978,697 vs plan",2026-05-20T19:30:02Z
r32-0002534,lharris@ashlandretailpartners.com,Board Deck Builder,Summarize the Jun variance for entity MX-02,completed,57.2,"Ops Jun variance was $3,923,676 vs plan",2026-06-02T07:59:26Z
r32-0002984,sclark@ashlandretailpartners.com,Cash Forecaster,Draft flux commentary for the Jun close,error,2.2,error: connection reset by peer,2026-06-18T12:44:05Z
r32-0001247,rsmith@ashlandretailpartners.com,Covenant Checker,Check covenant compliance for the revolver,completed,39.4,"Ops Feb variance was $310,414 vs plan",2026-04-17T11:15:47Z
r32-0001215,sclark@ashlandretailpartners.com,Variance Explainer,Build the board deck cash slide for Feb,completed,25.4,"FP&A Feb variance was $2,763,429 vs plan",2026-04-16T14:46:10Z
r32-0001580,lharris@ashlandretailpartners.com,Variance Explainer,Build the board deck cash slide for Jun,completed,43.9,"Accounting Jun variance was $2,309,758 vs plan",2026-04-29T07:28:25Z
r32-0002188,ymiller@ashlandretailpartners.com,Budget vs Actual,Build the board deck cash slide for May,completed,67.4,"Ops May variance was $937,036 vs plan",2026-05-20T17:22:46Z
r32-0001602,rsmith@ashlandretailpartners.com,Budget vs Actual,Draft flux commentary for the Jan close,completed,23.5,"Ops Jan variance was $3,230,170 vs plan",2026-04-29T15:26:33Z
r32-0001658,ymiller@ashlandretailpartners.com,Vendor Spend Analyzer,Check covenant compliance for the revolver,completed,65.8,"Treasury May variance was $3,115,054 vs plan",2026-05-01T11:32:26Z
r32-0000833,rsmith@ashlandretailpartners.com,Covenant Checker,Explain the headcount variance vs plan,completed,34.1,"Ops Apr variance was $1,761,581 vs plan",2026-04-02T12:56:17Z
r32-0000614,rsmith@ashlandretailpartners.com,Budget vs Actual,Forecast Jan operating cash flow,completed,9.2,"Treasury Jan variance was $1,752,290 vs plan",2026-03-25T17:50:06Z
r32-0002442,rsmith@ashlandretailpartners.com,Vendor Spend Analyzer,Explain the headcount variance vs plan,completed,4.6,"FP&A Apr variance was $4,689,872 vs plan",2026-05-29T12:44:01Z
r32-0001378,rsmith@ashlandretailpartners.com,Cash Forecaster,Summarize the Jun variance for entity CA-09,completed,54.8,"Treasury Jun variance was $1,703,812 vs plan",2026-04-23T17:48:22Z
r32-0002067,ymiller@ashlandretailpartners.com,Variance Explainer,Check covenant compliance for the revolver,completed,59.7,"FP&A Apr variance was $970,852 vs plan",2026-05-15T11:23:01Z
r32-0000632,rsmith@ashlandretailpartners.com,Variance Explainer,Forecast Jun operating cash flow,completed,5.0,"Treasury Jun variance was $2,293,917 vs plan",2026-03-25T13:46:42Z
r32-0001968,ymiller@ashlandretailpartners.com,Covenant Checker,Check covenant compliance for the revolver,completed,40.5,"Accounting Apr variance was $2,443,342 vs plan",2026-05-12T13:28:13Z
r32-0000470,ymiller@ashlandretailpartners.com,Variance Explainer,Check covenant compliance for the revolver,completed,70.1,"Ops May variance was $3,305,965 vs plan",2026-03-19T11:45:56Z
r32-0001029,ymiller@ashlandretailpartners.com,Board Deck Builder,Build the board deck cash slide for May,completed,5.9,"FP&A May variance was $1,463,518 vs plan",2026-04-09T15:31:01Z
r32-0001205,rsmith@ashlandretailpartners.com,Budget vs Actual,Forecast Jan operating cash flow,completed,62.2,"Treasury Jan variance was $786,446 vs plan",2026-04-15T13:19:53Z
r32-0001833,ymiller@ashlandretailpartners.com,Journal Entry Reviewer,Reconcile AP aging over 90 days for EU-02,completed,31.8,"Treasury Jun variance was $1,272,515 vs plan",2026-05-08T15:18:21Z
r32-0001964,rsmith@ashlandretailpartners.com,Flux Commentary,Build the board deck cash slide for Feb,completed,23.0,"Ops Feb variance was $584,492 vs plan",2026-05-12T07:39:37Z
r32-0000160,ymiller@ashlandretailpartners.com,Cash Forecaster,Summarize the May variance for entity MX-03,completed,43.4,"Ops May variance was $2,194,331 vs plan",2026-03-06T12:06:40Z
r32-0001764,ymiller@ashlandretailpartners.com,Headcount Planner,Summarize the Apr variance for entity CA-02,completed,1.7,ERROR: upstream request timed out,2026-05-06T17:45:04Z
r32-0001630,ymiller@ashlandretailpartners.com,Covenant Checker,What drove the change in gross margin this quarter?,completed,18.8,"Treasury Jun variance was $2,385,124 vs plan",2026-04-30T14:18:06Z
r32-0001485,rsmith@ashlandretailpartners.com,Headcount Planner,Check covenant compliance for the revolver,completed,17.5,"Accounting Jan variance was $600,554 vs plan",2026-04-26T10:06:11Z
r32-0000797,rsmith@ashlandretailpartners.com,Flux Commentary,Which cost centers are over budget YTD?,completed,18.9,"Ops Feb variance was $2,859,018 vs plan",2026-04-01T11:47:58Z
r32-0001293,rsmith@ashlandretailpartners.com,Variance Explainer,Build the board deck cash slide for Jan,completed,41.4,"Ops Jan variance was $2,055,994 vs plan",2026-04-20T12:20:03Z
r32-0001940,ymiller@ashlandretailpartners.com,Close Checklist Bot,Forecast Feb operating cash flow,completed,56.8,"Treasury Feb variance was $806,831 vs plan",2026-05-12T11:01:27Z
r32-0001662,rsmith@ashlandretailpartners.com,Board Deck Builder,Check covenant compliance for the revolver,completed,65.8,"Ops May variance was $1,077,336 vs plan",2026-05-01T16:02:45Z
r32-0002014,lharris@ashlandretailpartners.com,Budget vs Actual,Which cost centers are over budget YTD?,completed,0.7,error code 502 from model gateway,2026-05-14T13:56:12Z
r32-0002230,ymiller@ashlandretailpartners.com,Revenue Recognizer,Why did Treasury spend exceed budget in Jan?,completed,0.4,Traceback (most recent call last): KeyError 'entity',2026-05-22T13:03:50Z
r32-0000710,rsmith@ashlandretailpartners.com,Revenue Recognizer,Which cost centers are over budget YTD?,completed,53.4,"Ops Feb variance was $1,625,206 vs plan",2026-03-27T13:56:41Z
r32-0002820,sclark@ashlandretailpartners.com,Revenue Recognizer,Why did Ops spend exceed budget in May?,completed,41.3,"Ops May variance was $4,503,377 vs plan",2026-06-12T08:38:40Z
r32-0002998,lharris@ashlandretailpartners.com,Covenant Checker,Explain the headcount variance vs plan,completed,63.7,"Ops Jan variance was $55,251 vs plan",2026-06-19T14:30:02Z
r32-0003154,sclark@ashlandretailpartners.com,Vendor Spend Analyzer,Build the board deck cash slide for May,completed,56.7,"FP&A May variance was $3,749,197 vs plan",2026-06-24T16:46:20Z
r32-0003204,rsmith@ashlandretailpartners.com,Cash Forecaster,Summarize the Jun variance for entity EU-08,completed,51.6,"Accounting Jun variance was $2,317,370 vs plan",2026-06-26T12:38:39Z
r32-0001149,ymiller@ashlandretailpartners.com,Flux Commentary,Reconcile AP aging over 90 days for US-09,completed,40.6,"Ops Feb variance was $4,098,908 vs plan",2026-04-13T16:01:24Z
r32-0002314,rsmith@ashlandretailpartners.com,Vendor Spend Analyzer,What drove the change in gross margin this quarter?,completed,15.7,"Ops May variance was $4,456,173 vs plan",2026-05-25T14:22:56Z
r32-0003122,ymiller@ashlandretailpartners.com,Journal Entry Reviewer,Why did Ops spend exceed budget in Apr?,completed,49.0,"Ops Apr variance was $2,726,424 vs plan",2026-06-23T08:50:11Z
r32-0002317,rsmith@ashlandretailpartners.com,AP Aging Analyst,Explain the headcount variance vs plan,completed,63.8,"FP&A May variance was $658,932 vs plan",2026-05-25T12:51:57Z
r32-0000776,rsmith@ashlandretailpartners.com,Flux Commentary,Which cost centers are over budget YTD?,completed,18.5,"Treasury Mar variance was $2,871,368 vs plan",2026-03-31T15:38:42Z
r32-0001322,ymiller@ashlandretailpartners.com,Cash Forecaster,Which cost centers are over budget YTD?,completed,40.1,"Accounting Feb variance was $4,077,392 vs plan",2026-04-21T12:22:24Z
r32-0002068,sclark@ashlandretailpartners.com,Headcount Planner,Check covenant compliance for the revolver,error,1.0,FAILED: null reference in aggregation step,2026-05-15T18:48:33Z
r32-0001820,ymiller@ashlandretailpartners.com,Budget vs Actual,Draft flux commentary for the Apr close,completed,58.3,"Accounting Apr variance was $1,874,051 vs plan",2026-05-07T16:35:25Z
r32-0001819,rsmith@ashlandretailpartners.com,Revenue Recognizer,Why did Accounting spend exceed budget in May?,completed,48.7,"Accounting May variance was $2,688,477 vs plan",2026-05-07T12:30:41Z
r32-0003234,rsmith@ashlandretailpartners.com,Covenant Checker,Draft flux commentary for the Feb close,completed,20.8,"Ops Feb variance was $1,623,589 vs plan",2026-06-26T08:04:17Z
r32-0003201,rsmith@ashlandretailpartners.com,Cash Forecaster,What drove the change in gross margin this quarter?,completed,26.0,"Accounting Mar variance was $1,305,613 vs plan",2026-06-26T19:48:00Z
r32-0002728,ymiller@ashlandretailpartners.com,Cash Forecaster,Build the board deck cash slide for May,completed,42.8,"Ops May variance was $332,501 vs plan",2026-06-09T20:49:09Z
r32-0000546,ymiller@ashlandretailpartners.com,Covenant Checker,Check covenant compliance for the revolver,completed,39.7,"Treasury Jan variance was $4,691,485 vs plan",2026-03-22T14:48:39Z
r32-0001976,rsmith@ashlandretailpartners.com,AP Aging Analyst,Reconcile AP aging over 90 days for CA-01,completed,59.0,"FP&A Feb variance was $2,310,312 vs plan",2026-05-13T10:37:15Z
r32-0000457,rsmith@ashlandretailpartners.com,Close Checklist Bot,Reconcile AP aging over 90 days for EU-01,completed,68.7,"Treasury Jan variance was $3,668,739 vs plan",2026-03-18T12:08:36Z
r32-0002970,ymiller@ashlandretailpartners.com,Headcount Planner,Which cost centers are over budget YTD?,completed,61.1,"Accounting Apr variance was $2,478,445 vs plan",2026-06-17T18:59:38Z
r32-0000951,rsmith@ashlandretailpartners.com,Covenant Checker,Summarize the Mar variance for entity CA-09,completed,3.3,"Ops Mar variance was $1,100,100 vs plan",2026-04-06T09:59:46Z
