run_id,user_email,agent_name,question_text,run_status,run_duration_sec,output_snippet,timestamp
r18-0000001,rperez@coastalbuildingsystems.com,Board Deck Builder,What drove the change in gross margin this quarter?,completed,55.9,"Ops Apr variance was $1,734,598 vs plan",1772394126
r18-0000002,rwhite@coastalbuildingsystems.com,Revenue Recognizer,Reconcile AP aging over 90 days for MX-01,completed,4.0,"Ops Mar variance was $4,760,875 vs plan",1772378915
r18-0000003,bjones@coastalbuildingsystems.com,AP Aging Analyst,Why did Accounting spend exceed budget in Jun?,completed,46.2,"Accounting Jun variance was $2,185,728 vs plan",1772403082
r18-0000004,jjones@coastalbuildingsystems.com,AP Aging Analyst,Reconcile AP aging over 90 days for CA-09,completed,9.3,"Treasury Jan variance was $3,372,052 vs plan",1772391573
r18-0000005,rwhite@coastalbuildingsystems.com,Covenant Checker,Explain the headcount variance vs plan,completed,67.2,"Treasury Mar variance was $4,400,892 vs plan",1772391371
r18-0000006,bjones@coastalbuildingsystems.com,Vendor Spend Analyzer,Draft flux commentary for the Mar close,completed,13.4,"Accounting Mar variance was $3,968,813 vs plan",1772391238
r18-0000007,btaylor@coastalbuildingsystems.com,Vendor Spend Analyzer,Check covenant compliance for the revolver,completed,23.8,"Ops Feb variance was $3,439,307 vs plan",1772378510
r18-0000008,rwhite@coastalbuildingsystems.com,Vendor Spend Analyzer,What drove the change in gross margin this quarter?,completed,72.3,"Ops May variance was $2,839,157 vs plan",1772372501
r18-0000009,rwhite@coastalbuildingsystems.com,Covenant Checker,Check covenant compliance for the revolver,completed,49.4,"Accounting Feb variance was $1,713,212 vs plan",1772391947
r18-0000010,dkim@coastalbuildingsystems.com,AP Aging Analyst,Why did Ops spend exceed budget in Jun?,completed,10.1,"Ops Jun variance was $4,160,335 vs plan",1772380513
r18-0000011,rwhite@coastalbuildingsystems.com,Vendor Spend Analyzer,Draft flux commentary for the Mar close,completed,35.6,"Treasury Mar variance was $3,424,941 vs plan",1772395386
r18-0000012,lperez@coastalbuildingsystems.com,Close Checklist Bot,Summarize the Mar variance for entity CA-05,completed,1.8,Traceback (most recent call last): KeyError 'entity',1772368709
r18-0000013,rwhite@coastalbuildingsystems.com,Journal Entry Reviewer,Summarize the May variance for entity EU-03,completed,17.5,"FP&A May variance was $4,128,293 vs plan",1772382664
r18-0000014,jjones@coastalbuildingsystems.com,Budget vs Actual,Summarize the Feb variance for entity US-04,completed,19.8,"Ops Feb variance was $994,810 vs plan",1772371266
r18-0000015,dkim@coastalbuildingsystems.com,Board Deck Builder,Build the board deck cash slide for May,completed,42.5,"Ops May variance was $3,832,267 vs plan",1772388263
r18-0000016,wharris@coastalbuildingsystems.com,Covenant Checker,Why did Ops spend exceed budget in Mar?,completed,18.3,"Ops Mar variance was $3,376,800 vs plan",1772406850
r18-0000017,jjones@coastalbuildingsystems.com,Headcount Planner,Summarize the Feb variance for entity CA-02,completed,41.9,"FP&A Feb variance was $1,272,182 vs plan",1772383949
r18-0000018,bjones@coastalbuildingsystems.com,Close Checklist Bot,What drove the change in gross margin this quarter?,completed,29.9,"Treasury Apr variance was $4,628,640 vs plan",1772400384
r18-0000019,jjones@coastalbuildingsystems.com,Variance Explainer,Explain the headcount variance vs plan,completed,60.5,"FP&A Apr variance was $2,608,251 vs plan",1772388594
r18-0000020,rwhite@coastalbuildingsystems.com,Budget vs Actual,Which cost centers are over budget YTD?,completed,62.2,"Treasury Feb variance was $262,305 vs plan",1772394090
r18-0000021,rwhite@coastalbuildingsystems.com,Cash Forecaster,Check covenant compliance for the revolver,completed,58.9,"Ops Apr variance was $3,552,369 vs plan",1772387789
r18-0000022,bjones@coastalbuildingsystems.com,Budget vs Actual,Explain the headcount variance vs plan,completed,44.8,"Ops Feb variance was $2,402,157 vs plan",1772395195
r18-0000023,rwhite@coastalbuildingsystems.com,AP Aging Analyst,Check covenant compliance for the revolver,completed,51.0,"Treasury Jan variance was $2,472,082 vs plan",1772474495
r18-0000024,bjones@coastalbuildingsystems.com,Budget vs Actual,Forecast May operating cash flow,completed,42.4,"FP&A May variance was $2,304,338 vs plan",1772466188
r18-0000025,lpatel@coastalbuildingsystems.com,AP Aging Analyst,Forecast Feb operating cash flow,completed,0.9,error: connection reset by peer,1772452958
r18-0000026,rwhite@coastalbuildingsystems.com,Budget vs Actual,Explain the headcount variance vs plan,completed,1.3,error: connection reset by peer,1772475638
r18-0000027,lperez@coastalbuildingsystems.com,Budget vs Actual,Which cost centers are over budget YTD?,completed,61.7,"FP&A Mar variance was $1,775,583 vs plan",1772464208
r18-0000028,jjones@coastalbuildingsystems.com,Journal Entry Reviewer,Explain the headcount variance vs plan,completed,1.5,FAILED: null reference in aggregation step,1772463159
r18-0000029,jjones@coastalbuildingsystems.com,Vendor Spend Analyzer,Summarize the Apr variance for entity MX-04,completed,21.5,"Accounting Apr variance was $3,389,696 vs plan",1772489095
r18-0000030,bjones@coastalbuildingsystems.com,Variance Explainer,Summarize the May variance for entity US-02,completed,25.0,"Accounting May variance was $234,051 vs plan",1772485462
r18-0000031,rwhite@coastalbuildingsystems.com,Budget vs Actual,What drove the change in gross margin this quarter?,completed,15.4,"Treasury Apr variance was $412,233 vs plan",1772466193
r18-0000032,wharris@coastalbuildingsystems.com,Close Checklist Bot,Which cost centers are over budget YTD?,completed,22.8,"FP&A Apr variance was $479,455 vs plan",1772496682
r18-0000033,lperez@coastalbuildingsystems.com,Close Checklist Bot,Summarize the Apr variance for entity EU-09,completed,12.8,"Accounting Apr variance was $1,620,992 vs plan",1772472390
r18-0000034,rwhite@coastalbuildingsystems.com,Cash Forecaster,Which cost centers are over budget YTD?,completed,23.0,"Treasury Jun variance was $4,663,029 vs plan",1772508845
r18-0000035,jwhite@coastalbuildingsystems.com,Covenant Checker,Build the board deck cash slide for May,completed,46.9,"Treasury May variance was $3,524,300 vs plan",1772473945
r18-0000036,bjones@coastalbuildingsystems.com,Budget vs Actual,What drove the change in gross margin this quarter?,completed,20.1,"FP&A May variance was $164,895 vs plan",1772484435
r18-0000037,dkim@coastalbuildingsystems.com,Flux Commentary,Build the board deck cash slide for Mar,completed,34.3,"Ops Mar variance was $1,534,358 vs plan",1772480814
r18-0000038,sjackson@coastalbuildingsystems.com,Headcount Planner,What drove the change in gross margin this quarter?,completed,24.1,"Treasury Jan variance was $910,870 vs plan",1772469367
r18-0000039,dkim@coastalbuildingsystems.com,Headcount Planner,Check covenant compliance for the revolver,completed,45.7,"Treasury Jun variance was $2,376,768 vs plan",1772470895
r18-0000040,rperez@coastalbuildingsystems.com,Cash Forecaster,Reconcile AP aging over 90 days for EU-06,completed,54.2,"Ops Jan variance was $4,074,429 vs plan",1772471542
r18-0000041,btaylor@coastalbuildingsystems.com,Board Deck Builder,Summarize the Feb variance for entity MX-09,completed,27.7,"FP&A Feb variance was $3,869,286 vs plan",1772467557
r18-0000042,sjackson@coastalbuildingsystems.com,AP Aging Analyst,Why did FP&A spend exceed budget in Feb?,completed,38.3,"FP&A Feb variance was $4,542,598 vs plan",1772477309
r18-0000043,dkim@coastalbuildingsystems.com,Covenant Checker,Draft flux commentary for the Jun close,completed,50.2,"Accounting Jun variance was $3,523,527 vs plan",1772473117
r18-0000044,jjones@coastalbuildingsystems.com,Flux Commentary,Which cost centers are over budget YTD?,completed,56.4,"FP&A Mar variance was $3,827,294 vs plan",1772489436
r18-0000045,bjones@coastalbuildingsystems.com,Covenant Checker,Summarize the May variance for entity US-04,completed,50.8,"FP&A May variance was $375,138 vs plan",1772484720
r18-0000046,btaylor@coastalbuildingsystems.com,Cash Forecaster,Reconcile AP aging over 90 days for MX-03,error,6.2,Traceback (most recent call last): KeyError 'entity',1772487828
r18-0000047,sjackson@coastalbuildingsystems.com,Board Deck Builder,Check covenant compliance for the revolver,completed,72.4,"Accounting Feb variance was $1,569,458 vs plan",1772473931
r18-0000048,lpatel@coastalbuildingsystems.com,Headcount Planner,Summarize the May variance for entity US-05,completed,58.9,"Ops May variance was $3,644,913 vs plan",1772470325
r18-0000049,rwhite@coastalbuildingsystems.com,Revenue Recognizer,Build the board deck cash slide for Mar,completed,51.6,"FP&A Mar variance was $1,311,841 vs plan",1772478558
r18-0000050,rwhite@coastalbuildingsystems.com,Headcount Planner,Summarize the Apr variance for entity US-03,completed,39.7,"Ops Apr variance was $1,000,648 vs plan",1772479035
r18-0000051,bjones@coastalbuildingsystems.com,Covenant Checker,Why did Ops spend exceed budget in Apr?,completed,34.6,"Ops Apr variance was $3,821,263 vs plan",1772476824
r18-0000052,canderson@coastalbuildingsystems.com,AP Aging Analyst,Check covenant compliance for the revolver,completed,48.8,"Ops Jun variance was $4,590,878 vs plan",1772467652
r18-0000053,lpatel@coastalbuildingsystems.com,Headcount Planner,Summarize the Feb variance for entity EU-02,completed,34.4,"FP&A Feb variance was $4,355,682 vs plan",1772482109
r18-0000054,jwhite2@coastalbuildingsystems.com,Close Checklist Bot,Draft flux commentary for the May close,completed,0.6,error: connection reset by peer,1772493804
r18-0000055,rwhite@coastalbuildingsystems.com,Vendor Spend Analyzer,Forecast Mar operating cash flow,completed,13.8,"Ops Mar variance was $4,637,150 vs plan",1772479828
r18-0000056,dgonzalez@coastalbuildingsystems.com,Covenant Checker,Draft flux commentary for the May close,completed,74.3,"Accounting May variance was $3,215,177 vs plan",1772488069
r18-0000057,rwhite@coastalbuildingsystems.com,Journal Entry Reviewer,Reconcile AP aging over 90 days for CA-05,completed,23.4,"Accounting Jan variance was $1,639,641 vs plan",1772471420
r18-0000058,bjones@coastalbuildingsystems.com,Board Deck Builder,Which cost centers are over budget YTD?,completed,26.7,"Treasury Feb variance was $1,365,807 vs plan",1772464926
r18-0000059,rwhite@coastalbuildingsystems.com,Revenue Recognizer,Build the board deck cash slide for Feb,completed,0.5,FAILED: null reference in aggregation step,1772473762
r18-0000060,rwhite@coastalbuildingsystems.com,Variance Explainer,Forecast Mar operating cash flow,completed,12.3,"FP&A Mar variance was $4,346,688 vs plan",1772467320
r18-0000061,jgarcia@coastalbuildingsystems.com,Flux Commentary,Forecast May operating cash flow,completed,57.6,"Ops May variance was $534,297 vs plan",1772483661
r18-0000062,sjackson@coastalbuildingsystems.com,Flux Commentary,Build the board deck cash slide for Feb,completed,10.6,"Ops Feb variance was $3,993,769 vs plan",1772486105
r18-0000063,jjones@coastalbuildingsystems.com,Budget vs Actual,Why did Ops spend exceed budget in May?,completed,39.1,"Ops May variance was $983,035 vs plan",1772465990
r18-0000064,rwhite@coastalbuildingsystems.com,Revenue Recognizer,Why did Ops spend exceed budget in Jun?,completed,32.9,"Ops Jun variance was $1,224,521 vs plan",1772471036
r18-0000065,bjones@coastalbuildingsystems.com,Budget vs Actual,Build the board deck cash slide for Jan,completed,70.5,"Treasury Jan variance was $1,216,256 vs plan",1772494077
r18-0000066,jjones@coastalbuildingsystems.com,Cash Forecaster,What drove the change in gross margin this quarter?,completed,42.2,"Treasury Jan variance was $2,793,532 vs plan",1772464726
r18-0000067,jjones@coastalbuildingsystems.com,Journal Entry Reviewer,Which cost centers are over budget YTD?,completed,51.0,"Ops May variance was $217,488 vs plan",1772461683
r18-0000068,rperez@coastalbuildingsystems.com,Board Deck Builder,Which cost centers are over budget YTD?,completed,1.1,FAILED: null reference in aggregation step,1772469840
r18-0000069,bjones@coastalbuildingsystems.com,Flux Commentary,Summarize the Jan variance for entity CA-03,error,4.1,error code 502 from model gateway,1772459750
r18-0000070,rwhite@coastalbuildingsystems.com,Revenue Recognizer,Check covenant compliance for the revolver,completed,47.6,"Treasury Mar variance was $3,283,718 vs plan",1772484587
r18-0000071,bjones@coastalbuildingsystems.com,Revenue Recognizer,Summarize the Jun variance for entity MX-01,completed,5.4,"Ops Jun variance was $4,123,394 vs plan",1772456992
r18-0000072,btaylor@coastalbuildingsystems.com,Board Deck Builder,Build the board deck cash slide for Mar,completed,8.1,"Ops Mar variance was $4,015,317 vs plan",1772452420
r18-0000073,sjackson@coastalbuildingsystems.com,Headcount Planner,Forecast Jun operating cash flow,completed,18.8,"Ops Jun variance was $1,139,373 vs plan",1772465914
r18-0000074,rwhite@coastalbuildingsystems.com,Close Checklist Bot,Check covenant compliance for the revolver,completed,23.8,"Accounting May variance was $4,001,990 vs plan",1772498594
r18-0000075,rwhite@coastalbuildingsystems.com,Headcount Planner,Check covenant compliance for the revolver,completed,22.2,"Ops Jan variance was $1,675,402 vs plan",1772477061
r18-0000076,wharris@coastalbuildingsystems.com,Revenue Recognizer,Summarize the Jan variance for entity US-06,completed,22.0,"FP&A Jan variance was $4,655,463 vs plan",1772482385
r18-0000077,bjones@coastalbuildingsystems.com,Headcount Planner,Build the board deck cash slide for Jan,completed,48.3,"Accounting Jan variance was $1,318,348 vs plan",1772562332
r18-0000078,dkim@coastalbuildingsystems.com,Vendor Spend Analyzer,Explain the headcount variance vs plan,completed,33.7,"Treasury May variance was $3,197,786 vs plan",1772554039
r18-0000079,canderson@coastalbuildingsystems.com,Revenue Recognizer,Check covenant compliance for the revolver,completed,24.1,"Ops Apr variance was $3,748,180 vs plan",1772546889
r18-0000080,lperez@coastalbuildingsystems.com,Flux Commentary,Forecast Mar operating cash flow,completed,1.2,error: connection reset by peer,1772549996
r18-0000081,rwhite@coastalbuildingsystems.com,Revenue Recognizer,Forecast Mar operating cash flow,completed,60.7,"Ops Mar variance was $3,709,332 vs plan",1772570255
r18-0000082,dgonzalez@coastalbuildingsystems.com,Revenue Recognizer,Summarize the Mar variance for entity CA-09,completed,66.4,"Ops Mar variance was $1,681,084 vs plan",1772567686
r18-0000083,rwhite@coastalbuildingsystems.com,Variance Explainer,What drove the change in gross margin this quarter?,completed,65.9,"FP&A Apr variance was $3,049,583 vs plan",1772543527
r18-0000084,rwhite@coastalbuildingsystems.com,Flux Commentary,Which cost centers are over budget YTD?,completed,47.9,"Ops Apr variance was $1,467,275 vs plan",1772555738
r18-0000085,bjones@coastalbuildingsystems.com,Headcount Planner,Reconcile AP aging over 90 days for CA-09,error,1.7,ERROR: upstream request timed out,1772551448
r18-0000086,rwhite@coastalbuildingsystems.com,AP Aging Analyst,Draft flux commentary for the Jan close,completed,38.7,"Accounting Jan variance was $2,804,839 vs plan",1772561631
r18-0000087,sbrown@coastalbuildingsystems.com,Headcount Planner,Summarize the Apr variance for entity US-04,completed,54.6,"Treasury Apr variance was $3,639,629 vs plan",1772564760
r18-0000088,dkim@coastalbuildingsystems.com,Vendor Spend Analyzer,Forecast Mar operating cash flow,completed,23.6,"FP&A Mar variance was $2,854,432 vs plan",1772567154
r18-0000089,rwhite@coastalbuildingsystems.com,Close Checklist Bot,What drove the change in gross margin this quarter?,completed,10.4,"Ops Feb variance was $1,491,162 vs plan",1772562826
r18-0000090,lperez@coastalbuildingsystems.com,Board Deck Builder,Summarize the Apr variance for entity EU-06,completed,28.8,"Treasury Apr variance was $519,346 vs plan",1772554741
r18-0000091,bjones@coastalbuildingsystems.com,Variance Explainer,Explain the headcount variance vs plan,completed,0.4,error: connection reset by peer,1772575459
r18-0000092,dgonzalez@coastalbuildingsystems.com,Flux Commentary,Draft flux commentary for the Feb close,completed,54.6,"Treasury Feb variance was $3,935,186 vs plan",1772578216
r18-0000093,rwhite@coastalbuildingsystems.com,Flux Commentary,Why did Treasury spend exceed budget in May?,completed,53.5,"Treasury May variance was $1,161,300 vs plan",1772544983
r18-0000094,rperez@coastalbuildingsystems.com,Cash Forecaster,Forecast Apr operating cash flow,completed,40.9,"Accounting Apr variance was $4,006,750 vs plan",1772559291
r18-0000095,bjones@coastalbuildingsystems.com,Close Checklist Bot,Summarize the Mar variance for entity US-08,completed,48.9,"Accounting Mar variance was $3,024,300 vs plan",1772553880
r18-0000096,rwhite@coastalbuildingsystems.com,Headcount Planner,Build the board deck cash slide for Jan,completed,68.6,"Treasury Jan variance was $4,220,380 vs plan",1772546030
r18-0000097,lpatel@coastalbuildingsystems.com,Vendor Spend Analyzer,Which cost centers are over budget YTD?,completed,18.7,"FP&A Feb variance was $4,292,902 vs plan",1772599566
r18-0000098,rwhite@coastalbuildingsystems.com,AP Aging Analyst,Explain the headcount variance vs plan,completed,8.4,"Accounting Jan variance was $2,861,249 vs plan",1772554812
r18-0000099,rwhite@coastalbuildingsystems.com,Flux Commentary,Draft flux commentary for the Apr close,completed,50.1,"Treasury Apr variance was $4,170,005 vs plan",1772553600
r18-0000100,jthompson@coastalbuildingsystems.com,Cash Forecaster,What drove the change in gross margin this quarter?,completed,73.3,"Accounting Feb variance was $511,056 vs plan",1772561813
r18-0000101,wharris@coastalbuildingsystems.com,Journal Entry Reviewer,Draft flux commentary for the May close,completed,24.2,"Accounting May variance was $431,631 vs plan",1772558678
r18-0000102,sbrown@coastalbuildingsystems.com,Budget vs Actual,What drove the change in gross margin this quarter?,completed,26.8,"Treasury Mar variance was $1,093,145 vs plan",1772537816
r18-0000103,dgonzalez@coastalbuildingsystems.com,Budget vs Actual,Reconcile AP aging over 90 days for CA-09,completed,43.0,"Treasury Apr variance was $2,046,833 vs plan",1772548326
r18-0000104,rwhite@coastalbuildingsystems.com,Board Deck Builder,Check covenant compliance for the revolver,completed,65.0,"Accounting Feb variance was $2,054,626 vs plan",1772558040
r18-0000105,rwhite@coastalbuildingsystems.com,Close Checklist Bot,Which cost centers are over budget YTD?,completed,47.9,"FP&A Apr variance was $1,368,978 vs plan",1772547542
r18-0000106,rwhite@coastalbuildingsystems.com,Cash Forecaster,Build the board deck cash slide for Feb,completed,64.7,"FP&A Feb variance was $451,374 vs plan",1772547124
r18-0000107,lpatel@coastalbuildingsystems.com,Variance Explainer,What drove the change in gross margin this quarter?,completed,73.2,"Ops Feb variance was $92,561 vs plan",1772548709
r18-0000108,btaylor@coastalbuildingsystems.com,Journal Entry Reviewer,Build the board deck cash slide for May,completed,50.4,"FP&A May variance was $2,196,625 vs plan",1772554816
r18-0000109,bjones@coastalbuildingsystems.com,Close Checklist Bot,Reconcile AP aging over 90 days for US-04,completed,16.7,"Ops May variance was $4,337,864 vs plan",1772560458
r18-0000110,jwhite2@coastalbuildingsystems.com,Flux Commentary,What drove the change in gross margin this quarter?,completed,39.8,"Treasury Feb variance was $4,005,286 vs plan",1772554491
r18-0000111,rperez@coastalbuildingsystems.com,Cash Forecaster,Explain the headcount variance vs plan,completed,45.5,"Accounting Jan variance was $3,238,866 vs plan",1772569910
r18-0000112,bjones@coastalbuildingsystems.com,Budget vs Actual,Check covenant compliance for the revolver,completed,43.8,"Treasury May variance was $804,788 vs plan",1772558846
r18-0000113,rperez@coastalbuildingsystems.com,Variance Explainer,Draft flux commentary for the Mar close,completed,36.6,"Accounting Mar variance was $2,575,032 vs plan",1772551080
r18-0000114,lperez@coastalbuildingsystems.com,Budget vs Actual,Reconcile AP aging over 90 days for EU-05,error,7.9,FAILED: null reference in aggregation step,1772547710
r18-0000115,rwhite@coastalbuildingsystems.com,AP Aging Analyst,Check covenant compliance for the revolver,completed,38.5,"Treasury Apr variance was $608,345 vs plan",1772568883
r18-0000116,wharris@coastalbuildingsystems.com,Variance Explainer,Build the board deck cash slide for Mar,completed,16.1,"Ops Mar variance was $2,237,331 vs plan",1772564253
r18-0000117,bjones@coastalbuildingsystems.com,Journal Entry Reviewer,Forecast Mar operating cash flow,completed,1.2,ERROR: upstream request timed out,1772559520
r18-0000118,jjones@coastalbuildingsystems.com,Covenant Checker,What drove the change in gross margin this quarter?,completed,17.7,"Ops May variance was $3,130,342 vs plan",1772551404
r18-0000119,jjones@coastalbuildingsystems.com,Revenue Recognizer,Summarize the Jan variance for entity MX-08,completed,26.7,"Ops Jan variance was $3,322,488 vs plan",1772579934
r18-0000120,rwhite@coastalbuildingsystems.com,Variance Explainer,Which cost centers are over budget YTD?,completed,11.8,"FP&A Mar variance was $3,434,883 vs plan",1772637315
r18-0000121,btaylor@coastalbuildingsystems.com,Budget vs Actual,Reconcile AP aging over 90 days for US-07,completed,54.5,"Treasury Jan variance was $1,129,138 vs plan",1772651885
r18-0000122,jwhite@coastalbuildingsystems.com,AP Aging Analyst,What drove the change in gross margin this quarter?,completed,25.4,"Accounting May variance was $3,535,396 vs plan",1772657177
r18-0000123,rwhite@coastalbuildingsystems.com,Headcount Planner,Build the board deck cash slide for Mar,completed,20.8,"Ops Mar variance was $476,406 vs plan",1772640572
r18-0000124,rwhite@coastalbuildingsystems.com,Flux Commentary,Draft flux commentary for the May close,completed,11.0,"FP&A May variance was $2,259,418 vs plan",1772655183
r18-0000125,rwhite@coastalbuildingsystems.com,Budget vs Actual,Check covenant compliance for the revolver,completed,0.2,error: connection reset by peer,1772649219
r18-0000126,rwhite@coastalbuildingsystems.com,AP Aging Analyst,Forecast Jun operating cash flow,completed,65.5,"Accounting Jun variance was $3,069,253 vs plan",1772642673
r18-0000127,dkim@coastalbuildingsystems.com,Flux Commentary,Forecast Jun operating cash flow,completed,3.3,"Accounting Jun variance was $396,722 vs plan",1772662002
r18-0000128,bjones@coastalbuildingsystems.com,Revenue Recognizer,Summarize the Apr variance for entity US-08,completed,46.0,"Ops Apr variance was $3,957,326 vs plan",1772654349
r18-0000129,sbrown@coastalbuildingsystems.com,Covenant Checker,Forecast Mar operating cash flow,completed,42.3,"Treasury Mar variance was $1,378,611 vs plan",1772646480
r18-0000130,bjones@coastalbuildingsystems.com,Headcount Planner,Forecast Apr operating cash flow,completed,26.8,"Ops Apr variance was $3,721,687 vs plan",1772647895
r18-0000131,rwhite@coastalbuildingsystems.com,AP Aging Analyst,Explain the headcount variance vs plan,completed,48.9,"FP&A Mar variance was $3,474,187 vs plan",1772647505
r18-0000132,bjones@coastalbuildingsystems.com,Flux Commentary,Check covenant compliance for the revolver,completed,69.3,"Ops May variance was $3,529,750 vs plan",1772644411
r18-0000133,rwhite@coastalbuildingsystems.com,Variance Explainer,Summarize the Apr variance for entity EU-06,completed,13.2,"Treasury Apr variance was $2,117,042 vs plan",1772647164
r18-0000134,rwhite@coastalbuildingsystems.com,Variance Explainer,Why did FP&A spend exceed budget in Jun?,completed,73.1,"FP&A Jun variance was $4,443,456 vs plan",1772630922
r18-0000135,bjones@coastalbuildingsystems.com,Headcount Planner,Check covenant compliance for the revolver,completed,27.6,"FP&A May variance was $4,699,865 vs plan",1772655544
r18-0000136,btaylor@coastalbuildingsystems.com,Board Deck Builder,Check covenant compliance for the revolver,completed,8.9,"Accounting Apr variance was $2,506,686 vs plan",1772639991
r18-0000137,sjackson@coastalbuildingsystems.com,Cash Forecaster,Reconcile AP aging over 90 days for EU-03,error,6.2,error: connection reset by peer,1772636119
r18-0000138,btaylor@coastalbuildingsystems.com,Close Checklist Bot,Why did FP&A spend exceed budget in Jun?,completed,64.4,"FP&A Jun variance was $458,378 vs plan",1772637134
r18-0000139,jjones@coastalbuildingsystems.com,Budget vs Actual,Forecast Jun operating cash flow,completed,45.1,"Treasury Jun variance was $1,264,757 vs plan",1772652525
r18-0000140,rwhite@coastalbuildingsystems.com,Budget vs Actual,Which cost centers are over budget YTD?,completed,18.0,"Accounting Feb variance was $2,367,692 vs plan",1772648099
r18-0000141,rwhite@coastalbuildingsystems.com,Budget vs Actual,Which cost centers are over budget YTD?,completed,43.4,"Accounting Feb variance was $1,268,733 vs plan",1772629513
r18-0000142,rwhite@coastalbuildingsystems.com,Budget vs Actual,Draft flux commentary for the Jun close,completed,29.1,"Treasury Jun variance was $4,290,340 vs plan",1772623115
r18-0000143,btaylor@coastalbuildingsystems.com,Vendor Spend Analyzer,Draft flux commentary for the Mar close,completed,52.6,"Treasury Mar variance was $4,170,853 vs plan",1772653323
r18-0000144,dkim@coastalbuildingsystems.com,Board Deck Builder,What drove the change in gross margin this quarter?,completed,11.6,"Accounting May variance was $2,816,106 vs plan",1772637349
r18-0000145,rperez@coastalbuildingsystems.com,Board Deck Builder,Explain the headcount variance vs plan,completed,1.6,Traceback (most recent call last): KeyError 'entity',1772627732
r18-0000146,bjones@coastalbuildingsystems.com,Close Checklist Bot,Reconcile AP aging over 90 days for CA-03,completed,6.9,"Treasury Mar variance was $918,216 vs plan",1772637419
r18-0000147,rwhite@coastalbuildingsystems.com,Vendor Spend Analyzer,Which cost centers are over budget YTD?,completed,8.6,"Treasury Apr variance was $3,960,991 vs plan",1772675806
r18-0000148,dkim@coastalbuildingsystems.com,Cash Forecaster,Why did Accounting spend exceed budget in May?,error,1.8,ERROR: upstream request timed out,1772630063
r18-0000149,rwhite@coastalbuildingsystems.com,Variance Explainer,What drove the change in gross margin this quarter?,completed,58.9,"Ops Feb variance was $2,840,260 vs plan",1772638820
r18-0000150,rperez@coastalbuildingsystems.com,Covenant Checker,Check covenant compliance for the revolver,completed,57.1,"FP&A Feb variance was $4,034,279 vs plan",1772635272
r18-0000151,sjackson@coastalbuildingsystems.com,Flux Commentary,Why did Ops spend exceed budget in Mar?,completed,11.2,"Ops Mar variance was $3,155,753 vs plan",1772643649
r18-0000152,rwhite@coastalbuildingsystems.com,Flux Commentary,Summarize the Apr variance for entity CA-03,completed,17.6,"Ops Apr variance was $672,089 vs plan",1772624368
r18-0000153,jthompson@coastalbuildingsystems.com,Covenant Checker,What drove the change in gross margin this quarter?,completed,0.3,Traceback (most recent call last): KeyError 'entity',1772644557
r18-0000154,jjones@coastalbuildingsystems.com,Variance Explainer,Check covenant compliance for the revolver,completed,52.0,"Ops Jun variance was $1,669,895 vs plan",1772639809
r18-0000155,wharris@coastalbuildingsystems.com,Variance Explainer,Build the board deck cash slide for Jan,completed,54.3,"Treasury Jan variance was $816,387 vs plan",1772628339
r18-0000156,bjones@coastalbuildingsystems.com,Cash Forecaster,Build the board deck cash slide for Jan,completed,0.3,error code 502 from model gateway,1772651898
r18-0000157,bjones@coastalbuildingsystems.com,Close Checklist Bot,Forecast Mar operating cash flow,completed,62.4,"Treasury Mar variance was $1,594,696 vs plan",1772648257
r18-0000158,jjones@coastalbuildingsystems.com,Journal Entry Reviewer,Reconcile AP aging over 90 days for CA-03,completed,70.8,"Ops Feb variance was $3,509,803 vs plan",1772652074
r18-0000159,canderson@coastalbuildingsystems.com,Headcount Planner,Draft flux commentary for the Jun close,completed,3.8,"Accounting Jun variance was $4,007,020 vs plan",1772641062
r18-0000160,dkim@coastalbuildingsystems.com,Board Deck Builder,Forecast Apr operating cash flow,completed,66.5,"Ops Apr variance was $4,316,376 vs plan",1772658872
r18-0000161,bjones@coastalbuildingsystems.com,Headcount Planner,Forecast Jun operating cash flow,completed,44.1,"Accounting Jun variance was $573,950 vs plan",1772660941
r18-0000162,rthompson@coastalbuildingsystems.com,Variance Explainer,Summarize the Jan variance for entity CA-06,completed,5.4,"FP&A Jan variance was $18,296 vs plan",1772656198
r18-0000163,sbrown@coastalbuildingsystems.com,Headcount Planner,Reconcile AP aging over 90 days for MX-02,completed,43.5,"FP&A Feb variance was $1,709,800 vs plan",1772629798
r18-0000164,lperez@coastalbuildingsystems.com,Board Deck Builder,Draft flux commentary for the Mar close,completed,0.7,error code 502 from model gateway,1772648909
r18-0000165,rwhite@coastalbuildingsystems.com,Cash Forecaster,Forecast Jan operating cash flow,completed,51.7,"FP&A Jan variance was $2,706,066 vs plan",1772632893
r18-0000166,dgonzalez@coastalbuildingsystems.com,Journal Entry Reviewer,Draft flux commentary for the Mar close,completed,39.6,"Treasury Mar variance was $2,901,861 vs plan",1772657990
r18-0000167,canderson@coastalbuildingsystems.com,Board Deck Builder,Summarize the Jun variance for entity MX-05,completed,71.0,"Treasury Jun variance was $2,672,944 vs plan",1772659708
r18-0000168,dkim@coastalbuildingsystems.com,Journal Entry Reviewer,Summarize the Mar variance for entity US-09,completed,30.1,"Ops Mar variance was $2,879,629 vs plan",1772650616
r18-0000169,rwhite@coastalbuildingsystems.com,Cash Forecaster,Which cost centers are over budget YTD?,completed,16.7,"Ops May variance was $3,759,970 vs plan",1772646191
r18-0000170,rwhite@coastalbuildingsystems.com,Flux Commentary,Summarize the Jan variance for entity CA-01,error,7.1,error: connection reset by peer,1772658789
r18-0000171,jjones@coastalbuildingsystems.com,Journal Entry Reviewer,Which cost centers are over budget YTD?,completed,13.8,"Accounting Jan variance was $3,392,922 vs plan",1772631701
r18-0000172,bjones@coastalbuildingsystems.com,Close Checklist Bot,Draft flux commentary for the Jan close,completed,37.5,"Treasury Jan variance was $4,079,546 vs plan",1772657315
r18-0000173,rperez@coastalbuildingsystems.com,Flux Commentary,Draft flux commentary for the Feb close,completed,53.1,"Treasury Feb variance was $3,784,002 vs plan",1772654153
r18-0000174,btaylor@coastalbuildingsystems.com,Flux Commentary,Why did Ops spend exceed budget in Apr?,completed,43.7,"Ops Apr variance was $4,602,579 vs plan",1772624903
r18-0000175,lpatel@coastalbuildingsystems.com,Variance Explainer,Summarize the Feb variance for entity MX-03,completed,16.4,"Ops Feb variance was $1,895,315 vs plan",1772657276
r18-0000176,btaylor@coastalbuildingsystems.com,Covenant Checker,Why did Ops spend exceed budget in May?,completed,73.6,"Ops May variance was $3,351,547 vs plan",1772639943
r18-0000177,rwhite@coastalbuildingsystems.com,Revenue Recognizer,Forecast Jun operating cash flow,completed,43.5,"Treasury Jun variance was $4,114,182 vs plan",1772648246
r18-0000178,rwhite@coastalbuildingsystems.com,Journal Entry Reviewer,Explain the headcount variance vs plan,completed,72.5,"Treasury Apr variance was $4,291,058 vs plan",1772669999
r18-0000179,bjones@coastalbuildingsystems.com,Close Checklist Bot,Reconcile AP aging over 90 days for EU-05,completed,48.3,"Ops Jun variance was $3,259,774 vs plan",1772659713
r18-0000180,jjones@coastalbuildingsystems.com,Variance Explainer,Forecast May operating cash flow,completed,68.5,"Ops May variance was $1,762,508 vs plan",1772633050
r18-0000181,bjones@coastalbuildingsystems.com,Close Checklist Bot,Check covenant compliance for the revolver,completed,14.3,"FP&A Jan variance was $728,622 vs plan",1772645731
r18-0000182,dkim@coastalbuildingsystems.com,Vendor Spend Analyzer,Why did FP&A spend exceed budget in Apr?,completed,31.8,"FP&A Apr variance was $1,337,779 vs plan",1772647451
r18-0000183,rwhite@coastalbuildingsystems.com,Variance Explainer,Build the board deck cash slide for Mar,completed,0.4,FAILED: null reference in aggregation step,1772645597
r18-0000184,dkim@coastalbuildingsystems.com,Covenant Checker,Forecast Mar operating cash flow,completed,32.2,"Ops Mar variance was $747,156 vs plan",1772661231
r18-0000185,dkim@coastalbuildingsystems.com,Journal Entry Reviewer,Forecast Mar operating cash flow,completed,35.4,"Ops Mar variance was $1,325,947 vs plan",1772641206
r18-0000186,rwhite@coastalbuildingsystems.com,Vendor Spend Analyzer,Check covenant compliance for the revolver,completed,48.3,"FP&A Feb variance was $788,036 vs plan",1772637170
r18-0000187,btaylor@coastalbuildingsystems.com,Journal Entry Reviewer,Draft flux commentary for the Apr close,completed,10.9,"Accounting Apr variance was $1,815,509 vs plan",1772644865
r18-0000188,dgonzalez@coastalbuildingsystems.com,Variance Explainer,Why did Treasury spend exceed budget in Jun?,completed,14.2,"Treasury Jun variance was $3,574,704 vs plan",1772712995
r18-0000189,rwhite@coastalbuildingsystems.com,Journal Entry Reviewer,Draft flux commentary for the Feb close,completed,44.2,"FP&A Feb variance was $1,316,025 vs plan",1772737025
r18-0000190,rwhite@coastalbuildingsystems.com,Close Checklist Bot,Reconcile AP aging over 90 days for EU-09,completed,39.4,"Treasury Jun variance was $1,720,322 vs plan",1772709952
r18-0000191,rwhite@coastalbuildingsystems.com,Budget vs Actual,Build the board deck cash slide for Feb,completed,40.6,"Treasury Feb variance was $2,785,016 vs plan",1772738034
r18-0000192,rwhite@coastalbuildingsystems.com,Board Deck Builder,Build the board deck cash slide for Mar,completed,24.8,"Treasury Mar variance was $2,379,997 vs plan",1772735603
r18-0000193,rwhite@coastalbuildingsystems.com,Covenant Checker,Build the board deck cash slide for Apr,completed,42.0,"Treasury Apr variance was $309,568 vs plan",1772720383
r18-0000194,rwhite@coastalbuildingsystems.com,AP Aging Analyst,Summarize the Mar variance for entity MX-09,completed,36.8,"FP&A Mar variance was $1,935,961 vs plan",1772745655
r18-0000195,rwhite@coastalbuildingsystems.com,Cash Forecaster,Which cost centers are over budget YTD?,error,7.2,error: connection reset by peer,1772711199
r18-0000196,rwhite@coastalbuildingsystems.com,Budget vs Actual,Draft flux commentary for the Jun close,error,1.3,error: connection reset by peer,1772737277
r18-0000197,rwhite@coastalbuildingsystems.com,Budget vs Actual,Explain the headcount variance vs plan,completed,14.1,"Accounting May variance was $4,104,173 vs plan",1772743880
r18-0000198,lperez@coastalbuildingsystems.com,AP Aging Analyst,What drove the change in gross margin this quarter?,completed,36.2,"FP&A Feb variance was $4,342,651 vs plan",1772721930
r18-0000199,sjackson@coastalbuildingsystems.com,Flux Commentary,Forecast Apr operating cash flow,completed,35.0,"Ops Apr variance was $2,371,279 vs plan",1772725968
r18-0000200,lpatel@coastalbuildingsystems.com,Journal Entry Reviewer,Forecast Apr operating cash flow,completed,9.7,"Accounting Apr variance was $3,399,304 vs plan",1772736025
r18-0000201,bjones@coastalbuildingsystems.com,Board Deck Builder,Why did FP&A spend exceed budget in Mar?,completed,42.3,"FP&A Mar variance was $1,681,798 vs plan",1772723233
r18-0000202,bjones@coastalbuildingsystems.com,Journal Entry Reviewer,Explain the headcount variance vs plan,completed,63.6,"Accounting Jan variance was $2,970,302 vs plan",1772742721
r18-0000203,rperez@coastalbuildingsystems.com,Revenue Recognizer,Forecast Mar operating cash flow,completed,61.1,"Ops Mar variance was $682,757 vs plan",1772731665
r18-0000204,rwhite@coastalbuildingsystems.com,Journal Entry Reviewer,Build the board deck cash slide for Mar,completed,53.0,"Accounting Mar variance was $1,336,308 vs plan",1772737189
r18-0000205,jjones@coastalbuildingsystems.com,Covenant Checker,Draft flux commentary for the Apr close,completed,56.3,"Ops Apr variance was $230,940 vs plan",1772744032
r18-0000206,bjones@coastalbuildingsystems.com,Variance Explainer,Build the board deck cash slide for May,completed,56.9,"Treasury May variance was $1,722,043 vs plan",1772731311
r18-0000207,rwhite@coastalbuildingsystems.com,AP Aging Analyst,Summarize the Mar variance for entity CA-08,completed,33.5,"FP&A Mar variance was $1,021,335 vs plan",1772729910
r18-0000208,bjones@coastalbuildingsystems.com,Covenant Checker,Build the board deck cash slide for Jan,completed,43.2,"Ops Jan variance was $4,037,210 vs plan",1772722686
r18-0000209,rwhite@coastalbuildingsystems.com,Variance Explainer,Forecast Feb operating cash flow,completed,27.7,"Ops Feb variance was $2,001,143 vs plan",1772741228
r18-0000210,btaylor@coastalbuildingsystems.com,Vendor Spend Analyzer,Forecast May operating cash flow,error,6.1,error: connection reset by peer,1772742293
r18-0000211,rperez@coastalbuildingsystems.com,AP Aging Analyst,Explain the headcount variance vs plan,completed,35.1,"Ops Feb variance was $2,759,059 vs plan",1772736393
r18-0000212,bjones@coastalbuildingsystems.com,Flux Commentary,Build the board deck cash slide for Apr,completed,29.7,"Ops Apr variance was $1,243,790 vs plan",1772737486
r18-0000213,jjones@coastalbuildingsystems.com,Covenant Checker,Summarize the Mar variance for entity CA-03,completed,29.4,"Accounting Mar variance was $4,376,503 vs plan",1772722518
r18-0000214,rperez@coastalbuildingsystems.com,Headcount Planner,Which cost centers are over budget YTD?,completed,70.6,"FP&A May variance was $952,094 vs plan",1772733883
r18-0000215,dgonzalez@coastalbuildingsystems.com,Headcount Planner,Summarize the Apr variance for entity EU-01,completed,67.8,"FP&A Apr variance was $758,387 vs plan",1772717030
r18-0000216,bjones@coastalbuildingsystems.com,AP Aging Analyst,Why did Accounting spend exceed budget in Jan?,completed,8.0,"Accounting Jan variance was $106,288 vs plan",1772713426
r18-0000217,bjones@coastalbuildingsystems.com,Flux Commentary,Build the board deck cash slide for Jan,completed,12.9,"FP&A Jan variance was $2,925,534 vs plan",1772723281
r18-0000218,rwhite@coastalbuildingsystems.com,Board Deck Builder,Explain the headcount variance vs plan,completed,11.9,"Accounting Mar variance was $2,542,091 vs plan",1772746623
r18-0000219,dkim@coastalbuildingsystems.com,AP Aging Analyst,Summarize the Mar variance for entity MX-06,completed,33.9,"Ops Mar variance was $2,590,923 vs plan",1772726463
r18-0000220,bjones@coastalbuildingsystems.com,Covenant Checker,Summarize the Mar variance for entity CA-05,completed,70.8,"FP&A Mar variance was $3,763,263 vs plan",1772726051
r18-0000221,bjones@coastalbuildingsystems.com,Variance Explainer,Why did Treasury spend exceed budget in May?,completed,0.5,error: connection reset by peer,1772714865
r18-0000222,bjones@coastalbuildingsystems.com,Cash Forecaster,Reconcile AP aging over 90 days for CA-05,completed,74.0,"Accounting Apr variance was $639,176 vs plan",1772752045
r18-0000223,dkim@coastalbuildingsystems.com,Vendor Spend Analyzer,Summarize the Jan variance for entity EU-05,completed,38.7,"Accounting Jan variance was $2,305,098 vs plan",1772719211
r18-0000224,sbrown@coastalbuildingsystems.com,Flux Commentary,Build the board deck cash slide for Jan,completed,74.6,"Accounting Jan variance was $1,254,503 vs plan",1772729422
r18-0000225,bjones@coastalbuildingsystems.com,Vendor Spend Analyzer,Forecast Apr operating cash flow,completed,68.8,"FP&A Apr variance was $4,093,521 vs plan",1772714448
r18-0000226,canderson@coastalbuildingsystems.com,Close Checklist Bot,Check covenant compliance for the revolver,completed,64.7,"Treasury Mar variance was $2,061,187 vs plan",1772729441
r18-0000227,rthompson@coastalbuildingsystems.com,Headcount Planner,Explain the headcount variance vs plan,completed,0.2,error code 502 from model gateway,1772722724
r18-0000228,rwhite@coastalbuildingsystems.com,Budget vs Actual,Explain the headcount variance vs plan,completed,64.5,"FP&A Apr variance was $1,206,909 vs plan",1772723951
r18-0000229,rwhite@coastalbuildingsystems.com,Journal Entry Reviewer,What drove the change in gross margin this quarter?,completed,34.7,"Treasury Feb variance was $3,091,080 vs plan",1772752384
r18-0000230,rthompson@coastalbuildingsystems.com,Budget vs Actual,Check covenant compliance for the revolver,error,6.5,error code 502 from model gateway,1772730708
r18-0000231,bjones@coastalbuildingsystems.com,Headcount Planner,Reconcile AP aging over 90 days for US-02,completed,71.2,"Treasury Jun variance was $4,610,672 vs plan",1772728146
r18-0000232,rwhite@coastalbuildingsystems.com,Covenant Checker,Which cost centers are over budget YTD?,completed,22.8,"Ops Jan variance was $3,215,333 vs plan",1772738320
r18-0000233,rwhite@coastalbuildingsystems.com,Covenant Checker,Explain the headcount variance vs plan,completed,73.7,"Accounting Jun variance was $4,698,907 vs plan",1772732383
r18-0000234,rperez@coastalbuildingsystems.com,Covenant Checker,Check covenant compliance for the revolver,completed,4.4,"Treasury Jan variance was $1,008,531 vs plan",1772722308
r18-0000235,bjones@coastalbuildingsystems.com,Variance Explainer,Summarize the May variance for entity EU-09,completed,7.0,"FP&A May variance was $3,081,932 vs plan",1772750087
r18-0000236,rthompson@coastalbuildingsystems.com,Board Deck Builder,Build the board deck cash slide for Mar,error,5.6,FAILED: null reference in aggregation step,1772712619
r18-0000237,bjones@coastalbuildingsystems.com,Flux Commentary,Build the board deck cash slide for May,completed,18.6,"Treasury May variance was $1,475,730 vs plan",1772735139
r18-0000238,jjones@coastalbuildingsystems.com,Budget vs Actual,Explain the headcount variance vs plan,completed,43.4,"FP&A Feb variance was $2,515,085 vs plan",1772751414
r18-0000239,rwhite@coastalbuildingsystems.com,Board Deck Builder,Check covenant compliance for the revolver,completed,39.8,"FP&A Jun variance was $1,281,203 vs plan",1772731268
r18-0000240,rperez@coastalbuildingsystems.com,Headcount Planner,Explain the headcount variance vs plan,completed,48.2,"Accounting Apr variance was $4,001,678 vs plan",1772743873
r18-0000241,rwhite@coastalbuildingsystems.com,Revenue Recognizer,What drove the change in gross margin this quarter?,completed,12.9,"FP&A Mar variance was $1,166,907 vs plan",1772734662
r18-0000242,rwhite@coastalbuildingsystems.com,Vendor Spend Analyzer,Draft flux commentary for the Apr close,completed,23.8,"Accounting Apr variance was $3,161,908 vs plan",1772737735
r18-0000243,rwhite@coastalbuildingsystems.com,Variance Explainer,Which cost centers are over budget YTD?,completed,41.4,"Accounting Mar variance was $3,573,444 vs plan",1772735432
r18-0000244,bjones@coastalbuildingsystems.com,Flux Commentary,Draft flux commentary for the May close,completed,58.2,"FP&A May variance was $3,905,247 vs plan",1772815261
r18-0000245,bjones@coastalbuildingsystems.com,Flux Commentary,Check covenant compliance for the revolver,completed,69.2,"Treasury Feb variance was $2,686,428 vs plan",1772820699
r18-0000246,rwhite@coastalbuildingsystems.com,Board Deck Builder,Why did Accounting spend exceed budget in Feb?,error,5.4,FAILED: null reference in aggregation step,1772810005
r18-0000247,bjones@coastalbuildingsystems.com,Revenue Recognizer,Forecast Apr operating cash flow,completed,44.0,"Accounting Apr variance was $1,314,513 vs plan",1772818479
r18-0000248,rwhite@coastalbuildingsystems.com,Vendor Spend Analyzer,Explain the headcount variance vs plan,completed,0.7,error: connection reset by peer,1772837221
r18-0000249,bjones@coastalbuildingsystems.com,Board Deck Builder,Summarize the Jan variance for entity CA-02,completed,68.7,"Accounting Jan variance was $3,426,673 vs plan",1772823521
r18-0000250,rwhite@coastalbuildingsystems.com,Close Checklist Bot,Why did FP&A spend exceed budget in Mar?,completed,39.6,"FP&A Mar variance was $2,994,203 vs plan",1772811328
r18-0000251,wharris@coastalbuildingsystems.com,Revenue Recognizer,Build the board deck cash slide for May,completed,43.1,"Ops May variance was $1,066,095 vs plan",1772821122
r18-0000252,dkim@coastalbuildingsystems.com,Headcount Planner,Which cost centers are over budget YTD?,completed,29.6,"Treasury Feb variance was $1,380,590 vs plan",1772811067
r18-0000253,sbrown@coastalbuildingsystems.com,Board Deck Builder,Build the board deck cash slide for May,completed,41.7,"Treasury May variance was $613,678 vs plan",1772823837
r18-0000254,dkim@coastalbuildingsystems.com,Flux Commentary,Check covenant compliance for the revolver,error,0.6,error code 502 from model gateway,1772812612
r18-0000255,rperez@coastalbuildingsystems.com,Board Deck Builder,Build the board deck cash slide for Feb,error,5.6,ERROR: upstream request timed out,1772821107
r18-0000256,rwhite@coastalbuildingsystems.com,Budget vs Actual,Reconcile AP aging over 90 days for CA-03,completed,24.2,"Treasury Mar variance was $679,000 vs plan",1772813495
r18-0000257,rwhite@coastalbuildingsystems.com,Variance Explainer,Draft flux commentary for the Feb close,completed,68.5,"FP&A Feb variance was $2,998,734 vs plan",1772815993
r18-0000258,rwhite@coastalbuildingsystems.com,Board Deck Builder,Explain the headcount variance vs plan,error,4.5,error: connection reset by peer,1772819524
r18-0000259,bjones@coastalbuildingsystems.com,Flux Commentary,Which cost centers are over budget YTD?,completed,47.6,"Accounting Apr variance was $3,370,474 vs plan",1772815329
r18-0000260,rwhite@coastalbuildingsystems.com,Journal Entry Reviewer,Build the board deck cash slide for Jun,completed,65.3,"Ops Jun variance was $3,220,123 vs plan",1772824893
r18-0000261,bjones@coastalbuildingsystems.com,Budget vs Actual,Which cost centers are over budget YTD?,completed,16.8,"Treasury Feb variance was $2,073,438 vs plan",1772817422
r18-0000262,bjones@coastalbuildingsystems.com,Vendor Spend Analyzer,Summarize the Mar variance for entity EU-08,completed,6.9,"FP&A Mar variance was $2,381,995 vs plan",1772815461
r18-0000263,btaylor@coastalbuildingsystems.com,AP Aging Analyst,Check covenant compliance for the revolver,completed,12.8,"Treasury Feb variance was $1,550,130 vs plan",1772811464
r18-0000264,bjones@coastalbuildingsystems.com,Cash Forecaster,What drove the change in gross margin this quarter?,completed,1.7,Traceback (most recent call last): KeyError 'entity',1772822041
r18-0000265,btaylor@coastalbuildingsystems.com,Budget vs Actual,What drove the change in gross margin this quarter?,completed,61.3,"Ops Jan variance was $2,479,673 vs plan",1772825286
r18-0000266,rwhite@coastalbuildingsystems.com,Close Checklist Bot,Forecast Apr operating cash flow,completed,37.4,"Accounting Apr variance was $807,373 vs plan",1772822823
r18-0000267,rperez@coastalbuildingsystems.com,Flux Commentary,Forecast Feb operating cash flow,completed,4.1,"Accounting Feb variance was $1,071,455 vs plan",1772827888
r18-0000268,dkim@coastalbuildingsystems.com,Covenant Checker,Build the board deck cash slide for Jan,completed,24.8,"Treasury Jan variance was $2,590,175 vs plan",1772825020
r18-0000269,bjones@coastalbuildingsystems.com,Board Deck Builder,Check covenant compliance for the revolver,completed,72.4,"Treasury Feb variance was $2,043,553 vs plan",1772823518
r18-0000270,sjackson@coastalbuildingsystems.com,Revenue Recognizer,Check covenant compliance for the revolver,completed,46.3,"Ops Jan variance was $3,476,070 vs plan",1772822461
r18-0000271,rwhite@coastalbuildingsystems.com,Variance Explainer,What drove the change in gross margin this quarter?,completed,19.9,"FP&A Jun variance was $2,795,076 vs plan",1772814483
r18-0000272,bjones@coastalbuildingsystems.com,Covenant Checker,Build the board deck cash slide for Jan,completed,21.4,"FP&A Jan variance was $3,738,248 vs plan",1772814725
r18-0000273,btaylor@coastalbuildingsystems.com,Cash Forecaster,Which cost centers are over budget YTD?,completed,33.0,"Ops Jan variance was $180,550 vs plan",1772823764
r18-0000274,rwhite@coastalbuildingsystems.com,Cash Forecaster,Explain the headcount variance vs plan,completed,1.3,Traceback (most recent call last): KeyError 'entity',1772837177
r18-0000275,lperez@coastalbuildingsystems.com,Variance Explainer,Why did Treasury spend exceed budget in Jan?,completed,50.2,"Treasury Jan variance was $75,851 vs plan",1772823801
r18-0000276,sjackson@coastalbuildingsystems.com,Budget vs Actual,Why did Ops spend exceed budget in May?,completed,37.7,"Ops May variance was $2,155,392 vs plan",1772829053
r18-0000277,dkim@coastalbuildingsystems.com,Budget vs Actual,Check covenant compliance for the revolver,completed,19.7,"Ops Mar variance was $2,890,844 vs plan",1772837549
r18-0000278,jjones@coastalbuildingsystems.com,Close Checklist Bot,Build the board deck cash slide for Feb,completed,10.7,"FP&A Feb variance was $4,254,230 vs plan",1772836698
r18-0000279,rperez@coastalbuildingsystems.com,Board Deck Builder,Reconcile AP aging over 90 days for EU-09,completed,73.4,"Accounting Jun variance was $2,622,191 vs plan",1772821777
r18-0000280,dkim@coastalbuildingsystems.com,Flux Commentary,Reconcile AP aging over 90 days for US-03,completed,60.6,"Ops Apr variance was $1,139,709 vs plan",1772820717
r18-0000281,rwhite@coastalbuildingsystems.com,Vendor Spend Analyzer,Check covenant compliance for the revolver,completed,10.3,"Treasury Feb variance was $2,126,222 vs plan",1772840024
r18-0000282,bjones@coastalbuildingsystems.com,Cash Forecaster,Build the board deck cash slide for Apr,completed,36.4,"Accounting Apr variance was $1,898,789 vs plan",1772815415
r18-0000283,jjones@coastalbuildingsystems.com,Vendor Spend Analyzer,Which cost centers are over budget YTD?,completed,20.2,"FP&A Feb variance was $693,071 vs plan",1772816407
r18-0000284,bjones@coastalbuildingsystems.com,Vendor Spend Analyzer,Why did Treasury spend exceed budget in May?,completed,39.8,"Treasury May variance was $1,380,228 vs plan",1772836482
r18-0000285,bjones@coastalbuildingsystems.com,Flux Commentary,Which cost centers are over budget YTD?,completed,34.5,"FP&A May variance was $913,001 vs plan",1772832060
r18-0000286,jwhite@coastalbuildingsystems.com,Budget vs Actual,Forecast Jun operating cash flow,completed,18.6,"Accounting Jun variance was $3,119,142 vs plan",1772829900
r18-0000287,rwhite@coastalbuildingsystems.com,Close Checklist Bot,Draft flux commentary for the Jan close,completed,36.2,"FP&A Jan variance was $3,839,374 vs plan",1772831731
r18-0000288,jgarcia@coastalbuildingsystems.com,Cash Forecaster,Explain the headcount variance vs plan,completed,15.4,"Ops May variance was $523,765 vs plan",1772823377
r18-0000289,bjones@coastalbuildingsystems.com,Covenant Checker,Draft flux commentary for the Apr close,completed,62.4,"FP&A Apr variance was $3,387,104 vs plan",1772817474
r18-0000290,dgonzalez@coastalbuildingsystems.com,Flux Commentary,Summarize the May variance for entity US-04,completed,21.1,"Ops May variance was $2,251,024 vs plan",1772818480
r18-0000291,jwhite@coastalbuildingsystems.com,Vendor Spend Analyzer,What drove the change in gross margin this quarter?,completed,20.8,"Treasury Jun variance was $4,183,457 vs plan",1772844546
r18-0000292,dgonzalez@coastalbuildingsystems.com,Revenue Recognizer,Why did Ops spend exceed budget in May?,completed,46.1,"Ops May variance was $1,795,448 vs plan",1772826990
r18-0000293,rperez@coastalbuildingsystems.com,Journal Entry Reviewer,What drove the change in gross margin this quarter?,completed,25.0,"FP&A Mar variance was $4,683,127 vs plan",1772813268
r18-0000294,bjones@coastalbuildingsystems.com,Board Deck Builder,Forecast May operating cash flow,completed,44.0,"Treasury May variance was $1,353,093 vs plan",1772835983
r18-0000295,bjones@coastalbuildingsystems.com,Revenue Recognizer,Which cost centers are over budget YTD?,completed,24.4,"Accounting Jun variance was $3,446,542 vs plan",1772890521
r18-0000296,bjones@coastalbuildingsystems.com,Board Deck Builder,Build the board deck cash slide for Feb,completed,18.0,"Treasury Feb variance was $1,464,490 vs plan",1772918459
r18-0000297,rwhite@coastalbuildingsystems.com,Revenue Recognizer,What drove the change in gross margin this quarter?,completed,37.3,"Ops Apr variance was $90,225 vs plan",1772892200
r18-0000298,rwhite@coastalbuildingsystems.com,Vendor Spend Analyzer,Which cost centers are over budget YTD?,completed,1.1,ERROR: upstream request timed out,1772913251
r18-0000299,bjones@coastalbuildingsystems.com,Revenue Recognizer,Why did Ops spend exceed budget in May?,completed,16.8,"Ops May variance was $1,654,963 vs plan",1772925643
r18-0000300,bjones@coastalbuildingsystems.com,Revenue Recognizer,Which cost centers are over budget YTD?,completed,51.9,"Ops Jan variance was $2,133,261 vs plan",1772896083
r18-0000301,lperez@coastalbuildingsystems.com,Revenue Recognizer,Draft flux commentary for the Jan close,completed,39.1,"Accounting Jan variance was $912,086 vs plan",1772900626
r18-0000302,rperez@coastalbuildingsystems.com,Cash Forecaster,Draft flux commentary for the Feb close,completed,28.5,"Accounting Feb variance was $647,283 vs plan",1772913664
r18-0000303,lpatel@coastalbuildingsystems.com,Board Deck Builder,Forecast Jan operating cash flow,completed,59.1,"FP&A Jan variance was $3,751,920 vs plan",1772916191
r18-0000304,rwhite@coastalbuildingsystems.com,Headcount Planner,Forecast May operating cash flow,completed,39.4,"Treasury May variance was $4,367,707 vs plan",1772900112
r18-0000305,rwhite@coastalbuildingsystems.com,Budget vs Actual,Summarize the May variance for entity CA-08,completed,28.1,"FP&A May variance was $3,298,096 vs plan",1772908779
r18-0000306,dkim@coastalbuildingsystems.com,Cash Forecaster,Build the board deck cash slide for Mar,completed,33.1,"Treasury Mar variance was $2,616,238 vs plan",1772914536
r18-0000307,jwhite@coastalbuildingsystems.com,Covenant Checker,Forecast Jan operating cash flow,completed,13.6,"Treasury Jan variance was $114,358 vs plan",1772915535
r18-0000308,rwhite@coastalbuildingsystems.com,Close Checklist Bot,Forecast Jan operating cash flow,completed,45.4,"Treasury Jan variance was $3,720,188 vs plan",1772921652
r18-0000309,bjones@coastalbuildingsystems.com,Vendor Spend Analyzer,Reconcile AP aging over 90 days for EU-05,completed,1.4,error code 502 from model gateway,1772913776
r18-0000310,bjones@coastalbuildingsystems.com,Vendor Spend Analyzer,Reconcile AP aging over 90 days for MX-06,completed,65.6,"FP&A Apr variance was $2,590,224 vs plan",1772916141
r18-0000311,dkim@coastalbuildingsystems.com,Headcount Planner,Reconcile AP aging over 90 days for US-07,completed,10.3,"FP&A Jun variance was $2,250,825 vs plan",1772999698
r18-0000312,jwhite@coastalbuildingsystems.com,Covenant Checker,Explain the headcount variance vs plan,completed,18.8,"Ops Apr variance was $87,091 vs plan",1772979695
r18-0000313,jjones@coastalbuildingsystems.com,AP Aging Analyst,Check covenant compliance for the revolver,completed,22.7,"Accounting Jun variance was $1,355,190 vs plan",1773003938
r18-0000314,dkim@coastalbuildingsystems.com,Covenant Checker,Check covenant compliance for the revolver,completed,74.8,"Accounting May variance was $3,786,839 vs plan",1772990863
r18-0000315,bjones@coastalbuildingsystems.com,Vendor Spend Analyzer,Why did Treasury spend exceed budget in Feb?,completed,34.3,"Treasury Feb variance was $2,030,789 vs plan",1772980473
r18-0000316,lpatel@coastalbuildingsystems.com,Variance Explainer,Why did Ops spend exceed budget in Jan?,completed,15.9,"Ops Jan variance was $1,997,471 vs plan",1773008777
r18-0000317,btaylor@coastalbuildingsystems.com,Cash Forecaster,What drove the change in gross margin this quarter?,completed,51.5,"Accounting Jan variance was $564,429 vs plan",1772994387
r18-0000318,bjones@coastalbuildingsystems.com,Journal Entry Reviewer,Which cost centers are over budget YTD?,completed,73.3,"FP&A Feb variance was $143,121 vs plan",1772976912
r18-0000319,rwhite@coastalbuildingsystems.com,Board Deck Builder,Explain the headcount variance vs plan,completed,24.9,"Ops Apr variance was $672,407 vs plan",1773007113
r18-0000320,rwhite@coastalbuildingsystems.com,Flux Commentary,Reconcile AP aging over 90 days for EU-06,completed,14.7,"Treasury May variance was $956,411 vs plan",1772990250
r18-0000321,sbrown@coastalbuildingsystems.com,Headcount Planner,Draft flux commentary for the May close,completed,70.4,"Accounting May variance was $1,642,622 vs plan",1772994581
r18-0000322,rwhite@coastalbuildingsystems.com,Flux Commentary,What drove the change in gross margin this quarter?,completed,19.2,"Treasury Mar variance was $353,052 vs plan",1773015215
r18-0000323,rwhite@coastalbuildingsystems.com,Budget vs Actual,Check covenant compliance for the revolver,completed,45.0,"Accounting Mar variance was $1,917,320 vs plan",1772985974
r18-0000324,bjones@coastalbuildingsystems.com,Close Checklist Bot,Which cost centers are over budget YTD?,error,1.9,ERROR: upstream request timed out,1773012915
r18-0000325,bjones@coastalbuildingsystems.com,Variance Explainer,Reconcile AP aging over 90 days for EU-02,completed,22.6,"FP&A Mar variance was $4,063,406 vs plan",1772976123
r18-0000326,bjones@coastalbuildingsystems.com,AP Aging Analyst,Which cost centers are over budget YTD?,completed,48.4,"FP&A Jan variance was $4,656,218 vs plan",1772988575
r18-0000327,rwhite@coastalbuildingsystems.com,Cash Forecaster,Why did Accounting spend exceed budget in Mar?,completed,64.7,"Accounting Mar variance was $833,299 vs plan",1772973141
r18-0000328,lperez@coastalbuildingsystems.com,Cash Forecaster,Why did Accounting spend exceed budget in Mar?,completed,44.2,"Accounting Mar variance was $2,921,835 vs plan",1773012995
r18-0000329,bjones@coastalbuildingsystems.com,Flux Commentary,Why did Accounting spend exceed budget in Mar?,completed,73.7,"Accounting Mar variance was $1,291,828 vs plan",1772985911
r18-0000330,rwhite@coastalbuildingsystems.com,Journal Entry Reviewer,What drove the change in gross margin this quarter?,completed,50.7,"FP&A Jun variance was $144,974 vs plan",1772978763
r18-0000331,rwhite@coastalbuildingsystems.com,Covenant Checker,Summarize the Mar variance for entity MX-02,completed,42.4,"Accounting Mar variance was $3,485,569 vs plan",1773007142
r18-0000332,rwhite@coastalbuildingsystems.com,Variance Explainer,Draft flux commentary for the Apr close,completed,37.5,"Ops Apr variance was $3,467,744 vs plan",1772994706
r18-0000333,dkim@coastalbuildingsystems.com,Headcount Planner,Why did Ops spend exceed budget in Jan?,completed,52.5,"Ops Jan variance was $1,286,719 vs plan",1773002978
r18-0000334,rperez@coastalbuildingsystems.com,Flux Commentary,Reconcile AP aging over 90 days for US-06,completed,1.8,error code 502 from model gateway,1772988037
r18-0000335,bjones@coastalbuildingsystems.com,Vendor Spend Analyzer,Draft flux commentary for the May close,completed,33.4,"Ops May variance was $435,815 vs plan",1772964563
r18-0000336,btaylor@coastalbuildingsystems.com,Journal Entry Reviewer,Forecast Apr operating cash flow,error,3.4,error: connection reset by peer,1773006793
r18-0000337,jgarcia@coastalbuildingsystems.com,Covenant Checker,Which cost centers are over budget YTD?,completed,42.5,"FP&A Jan variance was $1,614,786 vs plan",1772973800
r18-0000338,rwhite@coastalbuildingsystems.com,Journal Entry Reviewer,Forecast May operating cash flow,completed,69.1,"Accounting May variance was $3,506,470 vs plan",1772982410
r18-0000339,rwhite@coastalbuildingsystems.com,Covenant Checker,Why did Ops spend exceed budget in May?,completed,44.0,"Ops May variance was $1,170,280 vs plan",1772981110
r18-0000340,rwhite@coastalbuildingsystems.com,Covenant Checker,Draft flux commentary for the Feb close,completed,71.6,"FP&A Feb variance was $3,337,179 vs plan",1772997423
r18-0000341,bjones@coastalbuildingsystems.com,Revenue Recognizer,Explain the headcount variance vs plan,completed,20.8,"Ops Apr variance was $4,474,224 vs plan",1772988989
r18-0000342,canderson@coastalbuildingsystems.com,Headcount Planner,Build the board deck cash slide for May,completed,30.4,"Accounting May variance was $2,297,844 vs plan",1772989103
r18-0000343,bjones@coastalbuildingsystems.com,Revenue Recognizer,Reconcile AP aging over 90 days for EU-06,completed,68.4,"FP&A May variance was $2,573,552 vs plan",1772987274
r18-0000344,jthompson@coastalbuildingsystems.com,Board Deck Builder,Build the board deck cash slide for Jan,error,6.8,ERROR: upstream request timed out,1772964149
r18-0000345,lperez@coastalbuildingsystems.com,AP Aging Analyst,Build the board deck cash slide for Apr,completed,46.3,"Accounting Apr variance was $2,201,398 vs plan",1772983212
r18-0000346,lperez@coastalbuildingsystems.com,Revenue Recognizer,Why did FP&A spend exceed budget in Apr?,completed,9.1,"FP&A Apr variance was $3,865,424 vs plan",1773077210
r18-0000347,rwhite@coastalbuildingsystems.com,Journal Entry Reviewer,What drove the change in gross margin this quarter?,completed,5.1,"Ops Feb variance was $601,660 vs plan",1773085656
r18-0000348,bjones@coastalbuildingsystems.com,Vendor Spend Analyzer,Check covenant compliance for the revolver,completed,71.9,"Accounting Jun variance was $1,035,571 vs plan",1773084079
r18-0000349,rwhite@coastalbuildingsystems.com,Cash Forecaster,Check covenant compliance for the revolver,completed,53.8,"Ops Jun variance was $343,873 vs plan",1773082949
r18-0000350,bjones@coastalbuildingsystems.com,Variance Explainer,Why did FP&A spend exceed budget in May?,completed,62.7,"FP&A May variance was $3,903,034 vs plan",1773088939
r18-0000351,dkim@coastalbuildingsystems.com,Flux Commentary,Reconcile AP aging over 90 days for EU-01,completed,59.9,"Accounting Jan variance was $1,385,861 vs plan",1773086082
r18-0000352,jgarcia@coastalbuildingsystems.com,Board Deck Builder,Summarize the Jan variance for entity MX-09,completed,15.0,"Ops Jan variance was $134,240 vs plan",1773069177
r18-0000353,bjones@coastalbuildingsystems.com,Board Deck Builder,Explain the headcount variance vs plan,completed,53.0,"Ops Jan variance was $47,373 vs plan",1773090531
r18-0000354,dgonzalez@coastalbuildingsystems.com,Revenue Recognizer,Build the board deck cash slide for Feb,completed,43.2,"FP&A Feb variance was $3,602,592 vs plan",1773081421
r18-0000355,canderson@coastalbuildingsystems.com,AP Aging Analyst,What drove the change in gross margin this quarter?,completed,39.2,"FP&A Apr variance was $2,485,834 vs plan",1773071269
r18-0000356,rwhite@coastalbuildingsystems.com,Revenue Recognizer,Reconcile AP aging over 90 days for CA-02,completed,62.9,"FP&A Jun variance was $3,769,654 vs plan",1773081333
r18-0000357,jwhite@coastalbuildingsystems.com,Budget vs Actual,Why did FP&A spend exceed budget in Apr?,completed,18.0,"FP&A Apr variance was $1,008,826 vs plan",1773074486
r18-0000358,dkim@coastalbuildingsystems.com,Revenue Recognizer,Explain the headcount variance vs plan,completed,58.5,"Treasury Jun variance was $2,763,749 vs plan",1773078303
r18-0000359,rwhite@coastalbuildingsystems.com,Journal Entry Reviewer,Forecast Feb operating cash flow,completed,31.0,"Accounting Feb variance was $1,201,595 vs plan",1773069200
r18-0000360,sjackson@coastalbuildingsystems.com,Journal Entry Reviewer,What drove the change in gross margin this quarter?,completed,4.1,"Treasury Jun variance was $2,193,655 vs plan",1773068076
r18-0000361,dkim@coastalbuildingsystems.com,Vendor Spend Analyzer,Draft flux commentary for the Jun close,completed,20.6,"Ops Jun variance was $2,472,756 vs plan",1773078253
r18-0000362,rwhite@coastalbuildingsystems.com,Vendor Spend Analyzer,Forecast Jan operating cash flow,completed,25.2,"Accounting Jan variance was $1,584,635 vs plan",1773079803
r18-0000363,rwhite@coastalbuildingsystems.com,Variance Explainer,Why did FP&A spend exceed budget in Apr?,completed,31.5,"FP&A Apr variance was $4,481,298 vs plan",1773084872
r18-0000364,bjones@coastalbuildingsystems.com,AP Aging Analyst,Build the board deck cash slide for Jun,completed,33.8,"Ops Jun variance was $4,798,445 vs plan",1773055723
r18-0000365,rperez@coastalbuildingsystems.com,Journal Entry Reviewer,Explain the headcount variance vs plan,error,6.4,Traceback (most recent call last): KeyError 'entity',1773086332
r18-0000366,rwhite@coastalbuildingsystems.com,Budget vs Actual,Which cost centers are over budget YTD?,completed,74.0,"Ops Feb variance was $3,176,168 vs plan",1773067638
r18-0000367,btaylor@coastalbuildingsystems.com,Revenue Recognizer,Summarize the Mar variance for entity EU-04,completed,36.8,"Treasury Mar variance was $345,782 vs plan",1773087742
r18-0000368,jjones@coastalbuildingsystems.com,Variance Explainer,Draft flux commentary for the Apr close,completed,30.9,"Treasury Apr variance was $1,272,676 vs plan",1773084277
r18-0000369,bjones@coastalbuildingsystems.com,Variance Explainer,Check covenant compliance for the revolver,completed,43.1,"Ops Feb variance was $817,492 vs plan",1773080826
r18-0000370,rwhite@coastalbuildingsystems.com,Headcount Planner,Forecast Feb operating cash flow,completed,38.5,"Ops Feb variance was $1,405,632 vs plan",1773081611
r18-0000371,rwhite@coastalbuildingsystems.com,Revenue Recognizer,Forecast Mar operating cash flow,completed,60.0,"Treasury Mar variance was $2,475,846 vs plan",1773081594
r18-0000372,dkim@coastalbuildingsystems.com,Variance Explainer,Explain the headcount variance vs plan,completed,68.6,"Ops Mar variance was $4,190,454 vs plan",1773068826
r18-0000373,canderson@coastalbuildingsystems.com,Close Checklist Bot,Build the board deck cash slide for Jun,completed,42.7,"Accounting Jun variance was $1,908,303 vs plan",1773084362
r18-0000374,bjones@coastalbuildingsystems.com,Vendor Spend Analyzer,Check covenant compliance for the revolver,completed,52.1,"FP&A Jan variance was $1,471,797 vs plan",1773092276
r18-0000375,rperez@coastalbuildingsystems.com,Covenant Checker,Summarize the Jun variance for entity US-08,completed,24.5,"Accounting Jun variance was $4,330,637 vs plan",1773081482
r18-0000376,dkim@coastalbuildingsystems.com,Vendor Spend Analyzer,Forecast May operating cash flow,completed,16.0,"Accounting May variance was $4,572,775 vs plan",1773059844
r18-0000377,btaylor@coastalbuildingsystems.com,Variance Explainer,Check covenant compliance for the revolver,completed,15.7,"Accounting Feb variance was $447,071 vs plan",1773076912
r18-0000378,jthompson@coastalbuildingsystems.com,Headcount Planner,What drove the change in gross margin this quarter?,completed,51.1,"FP&A Mar variance was $3,854,349 vs plan",1773060725
r18-0000379,rwhite@coastalbuildingsystems.com,Covenant Checker,Why did Accounting spend exceed budget in Apr?,completed,16.0,"Accounting Apr variance was $4,282,139 vs plan",1773051626
r18-0000380,rperez@coastalbuildingsystems.com,AP Aging Analyst,Summarize the Feb variance for entity MX-04,completed,47.6,"FP&A Feb variance was $1,522,118 vs plan",1773076367
r18-0000381,dkim@coastalbuildingsystems.com,Vendor Spend Analyzer,Forecast Mar operating cash flow,completed,48.5,"FP&A Mar variance was $3,666,201 vs plan",1773079309
r18-0000382,bjones@coastalbuildingsystems.com,Flux Commentary,What drove the change in gross margin this quarter?,completed,73.7,"Accounting Feb variance was $1,670,213 vs plan",1773059196
r18-0000383,rwhite@coastalbuildingsystems.com,Cash Forecaster,Forecast Apr operating cash flow,completed,44.0,"Accounting Apr variance was $3,881,555 vs plan",1773101491
r18-0000384,bjones@coastalbuildingsystems.com,Board Deck Builder,Summarize the Jan variance for entity MX-04,completed,43.9,"Accounting Jan variance was $4,463,738 vs plan",1773063565
r18-0000385,jwhite2@coastalbuildingsystems.com,Close Checklist Bot,Summarize the Apr variance for entity MX-02,completed,9.8,"FP&A Apr variance was $3,490,127 vs plan",1773074269
r18-0000386,dkim@coastalbuildingsystems.com,Close Checklist Bot,Reconcile AP aging over 90 days for MX-05,completed,40.3,"Treasury Feb variance was $3,148,415 vs plan",1773089400
r18-0000387,bjones@coastalbuildingsystems.com,Variance Explainer,Why did Accounting spend exceed budget in Feb?,completed,54.0,"Accounting Feb variance was $3,415,115 vs plan",1773084423
r18-0000388,rwhite@coastalbuildingsystems.com,Revenue Recognizer,Draft flux commentary for the Feb close,completed,22.2,"Treasury Feb variance was $2,095,623 vs plan",1773069471
r18-0000389,bjones@coastalbuildingsystems.com,AP Aging Analyst,Reconcile AP aging over 90 days for CA-04,completed,73.0,"FP&A Mar variance was $355,119 vs plan",1773079143
r18-0000390,rwhite@coastalbuildingsystems.com,Journal Entry Reviewer,Reconcile AP aging over 90 days for US-03,completed,6.5,"Accounting Apr variance was $2,582,171 vs plan",1773083690
r18-0000391,rwhite@coastalbuildingsystems.com,Variance Explainer,Which cost centers are over budget YTD?,completed,16.4,"Ops Jan variance was $69,394 vs plan",1773069155
r18-0000392,rwhite@coastalbuildingsystems.com,Revenue Recognizer,Which cost centers are over budget YTD?,completed,29.9,"FP&A Feb variance was $3,723,229 vs plan",1773088653
r18-0000393,bjones@coastalbuildingsystems.com,Revenue Recognizer,Why did Accounting spend exceed budget in May?,completed,49.1,"Accounting May variance was $1,652,135 vs plan",1773094539
r18-0000394,bjones@coastalbuildingsystems.com,Close Checklist Bot,Summarize the Jun variance for entity CA-04,completed,72.9,"Treasury Jun variance was $785,543 vs plan",1773078815
r18-0000395,dgonzalez@coastalbuildingsystems.com,Board Deck Builder,Check covenant compliance for the revolver,completed,14.1,"FP&A May variance was $3,586,300 vs plan",1773074935
r18-0000396,rthompson@coastalbuildingsystems.com,Cash Forecaster,Reconcile AP aging over 90 days for US-02,completed,10.2,"Ops Mar variance was $3,275,313 vs plan",1773085435
r18-0000397,rwhite@coastalbuildingsystems.com,Flux Commentary,Draft flux commentary for the Mar close,completed,37.7,"Accounting Mar variance was $4,647,217 vs plan",1773074766
r18-0000398,rperez@coastalbuildingsystems.com,Close Checklist Bot,Summarize the Jan variance for entity EU-03,completed,67.7,"Treasury Jan variance was $3,049,707 vs plan",1773068911
r18-0000399,dkim@coastalbuildingsystems.com,Close Checklist Bot,Check covenant compliance for the revolver,completed,17.0,"FP&A May variance was $1,294,847 vs plan",1773083099
r18-0000400,rwhite@coastalbuildingsystems.com,Headcount Planner,Why did Accounting spend exceed budget in Jan?,completed,34.7,"Accounting Jan variance was $4,719,776 vs plan",1773087371
r18-0000401,rwhite@coastalbuildingsystems.com,Covenant Checker,Check covenant compliance for the revolver,completed,54.9,"FP&A Mar variance was $2,865,680 vs plan",1773077474
r18-0000402,rwhite@coastalbuildingsystems.com,Headcount Planner,Reconcile AP aging over 90 days for MX-08,completed,30.2,"Ops Feb variance was $2,103,578 vs plan",1773080895
r18-0000403,rwhite@coastalbuildingsystems.com,Budget vs Actual,Check covenant compliance for the revolver,completed,46.7,"FP&A Mar variance was $1,278,234 vs plan",1773071775
r18-0000404,jjones@coastalbuildingsystems.com,Close Checklist Bot,Draft flux commentary for the Jun close,completed,57.8,"Treasury Jun variance was $2,776,481 vs plan",1773065903
r18-0000405,dkim@coastalbuildingsystems.com,Headcount Planner,Explain the headcount variance vs plan,completed,58.2,"Treasury May variance was $266,475 vs plan",1773057205
r18-0000406,rwhite@coastalbuildingsystems.com,Vendor Spend Analyzer,Why did Ops spend exceed budget in Mar?,completed,28.1,"Ops Mar variance was $2,181,804 vs plan",1773161852
r18-0000407,rwhite@coastalbuildingsystems.com,Headcount Planner,Build the board deck cash slide for Jun,completed,59.0,"Ops Jun variance was $3,767,973 vs plan",1773158735
r18-0000408,bjones@coastalbuildingsystems.com,Revenue Recognizer,Explain the headcount variance vs plan,completed,57.0,"FP&A Feb variance was $3,121,413 vs plan",1773170676
r18-0000409,rwhite@coastalbuildingsystems.com,Headcount Planner,Summarize the Mar variance for entity MX-01,completed,15.9,"FP&A Mar variance was $3,605,643 vs plan",1773177117
r18-0000410,rperez@coastalbuildingsystems.com,Covenant Checker,Check covenant compliance for the revolver,completed,23.8,"Accounting Jun variance was $1,518,220 vs plan",1773170325
r18-0000411,rwhite@coastalbuildingsystems.com,Journal Entry Reviewer,Summarize the Mar variance for entity MX-01,completed,71.3,"Accounting Mar variance was $3,765,446 vs plan",1773159883
r18-0000412,lperez@coastalbuildingsystems.com,Headcount Planner,Forecast Jan operating cash flow,completed,61.1,"Accounting Jan variance was $4,337,780 vs plan",1773174726
r18-0000413,rwhite@coastalbuildingsystems.com,AP Aging Analyst,Reconcile AP aging over 90 days for CA-05,completed,36.7,"Treasury Jun variance was $1,925,499 vs plan",1773182668
r18-0000414,rwhite@coastalbuildingsystems.com,Flux Commentary,Build the board deck cash slide for Mar,completed,63.6,"Accounting Mar variance was $541,712 vs plan",1773150141
r18-0000415,btaylor@coastalbuildingsystems.com,AP Aging Analyst,Which cost centers are over budget YTD?,completed,45.1,"FP&A Apr variance was $180,458 vs plan",1773157240
r18-0000416,rperez@coastalbuildingsystems.com,Cash Forecaster,What drove the change in gross margin this quarter?,completed,30.4,"Ops May variance was $3,231,080 vs plan",1773163991
r18-0000417,jjones@coastalbuildingsystems.com,Journal Entry Reviewer,Forecast Apr operating cash flow,completed,50.6,"Treasury Apr variance was $1,591,125 vs plan",1773176229
r18-0000418,jjones@coastalbuildingsystems.com,Covenant Checker,Explain the headcount variance vs plan,completed,11.3,"Accounting Mar variance was $1,520,908 vs plan",1773164037
r18-0000419,bjones@coastalbuildingsystems.com,Revenue Recognizer,Explain the headcount variance vs plan,completed,19.0,"Ops Apr variance was $1,002,652 vs plan",1773161546
r18-0000420,rwhite@coastalbuildingsystems.com,Journal Entry Reviewer,Which cost centers are over budget YTD?,completed,34.6,"Accounting Mar variance was $1,739,232 vs plan",1773174015
r18-0000421,rwhite@coastalbuildingsystems.com,Cash Forecaster,Explain the headcount variance vs plan,completed,0.7,FAILED: null reference in aggregation step,1773153622
r18-0000422,rwhite@coastalbuildingsystems.com,Board Deck Builder,Check covenant compliance for the revolver,completed,40.4,"Ops May variance was $184,113 vs plan",1773147875
r18-0000423,rperez@coastalbuildingsystems.com,Close Checklist Bot,Build the board deck cash slide for Jun,completed,12.4,"Treasury Jun variance was $776,378 vs plan",1773164273
r18-0000424,rwhite@coastalbuildingsystems.com,Flux Commentary,Reconcile AP aging over 90 days for US-04,completed,4.1,"Ops Jun variance was $388,855 vs plan",1773170306
r18-0000425,jjones@coastalbuildingsystems.com,Cash Forecaster,Explain the headcount variance vs plan,completed,12.9,"Accounting Jan variance was $3,060,445 vs plan",1773168621
r18-0000426,rperez@coastalbuildingsystems.com,Headcount Planner,Build the board deck cash slide for Apr,completed,63.1,"Ops Apr variance was $25,025 vs plan",1773174361
r18-0000427,rwhite@coastalbuildingsystems.com,Flux Commentary,Forecast Jan operating cash flow,completed,27.7,"Ops Jan variance was $1,691,648 vs plan",1773172541
r18-0000428,bjones@coastalbuildingsystems.com,Budget vs Actual,Explain the headcount variance vs plan,completed,32.3,"Ops Jun variance was $4,210,595 vs plan",1773141946
r18-0000429,rwhite@coastalbuildingsystems.com,Journal Entry Reviewer,Explain the headcount variance vs plan,completed,48.0,"FP&A Mar variance was $1,310,296 vs plan",1773167741
r18-0000430,rwhite@coastalbuildingsystems.com,Journal Entry Reviewer,Why did Treasury spend exceed budget in Mar?,completed,34.9,"Treasury Mar variance was $95,826 vs plan",1773171255
r18-0000431,rperez@coastalbuildingsystems.com,Covenant Checker,Which cost centers are over budget YTD?,completed,4.9,"FP&A Jan variance was $3,940,720 vs plan",1773166951
r18-0000432,dkim@coastalbuildingsystems.com,Flux Commentary,Why did Ops spend exceed budget in Feb?,completed,48.6,"Ops Feb variance was $26,811 vs plan",1773168440
r18-0000433,lperez@coastalbuildingsystems.com,Variance Explainer,What drove the change in gross margin this quarter?,completed,34.8,"Ops Mar variance was $3,909,835 vs plan",1773151584
r18-0000434,bjones@coastalbuildingsystems.com,Revenue Recognizer,Summarize the Mar variance for entity EU-06,error,2.2,error code 502 from model gateway,1773173794
r18-0000435,bjones@coastalbuildingsystems.com,Close Checklist Bot,Draft flux commentary for the May close,completed,20.1,"Accounting May variance was $4,746,580 vs plan",1773165454
r18-0000436,bjones@coastalbuildingsystems.com,Cash Forecaster,Forecast May operating cash flow,completed,49.9,"Ops May variance was $2,101,809 vs plan",1773170771
r18-0000437,dkim@coastalbuildingsystems.com,Cash Forecaster,Forecast Apr operating cash flow,completed,24.3,"Ops Apr variance was $250,638 vs plan",1773159524
r18-0000438,rwhite@coastalbuildingsystems.com,Budget vs Actual,What drove the change in gross margin this quarter?,completed,44.6,"Ops Apr variance was $2,253,769 vs plan",1773148856
r18-0000439,bjones@coastalbuildingsystems.com,Journal Entry Reviewer,Check covenant compliance for the revolver,completed,0.8,Traceback (most recent call last): KeyError 'entity',1773173103
r18-0000440,rwhite@coastalbuildingsystems.com,Flux Commentary,Which cost centers are over budget YTD?,completed,8.1,"FP&A Jun variance was $3,200,376 vs plan",1773162512
r18-0000441,dkim@coastalbuildingsystems.com,Budget vs Actual,Forecast Mar operating cash flow,completed,45.7,"Treasury Mar variance was $897,578 vs plan",1773170879
r18-0000442,sjackson@coastalbuildingsystems.com,Revenue Recognizer,Forecast Apr operating cash flow,completed,19.2,"Ops Apr variance was $4,773,102 vs plan",1773165059
r18-0000443,rperez@coastalbuildingsystems.com,Variance Explainer,Forecast Jan operating cash flow,completed,31.8,"Ops Jan variance was $3,661,652 vs plan",1773155494
r18-0000444,dkim@coastalbuildingsystems.com,Revenue Recognizer,Summarize the Apr variance for entity US-09,completed,19.9,"Treasury Apr variance was $491,189 vs plan",1773171999
r18-0000445,jwhite2@coastalbuildingsystems.com,Covenant Checker,What drove the change in gross margin this quarter?,completed,74.0,"Treasury Feb variance was $4,600,960 vs plan",1773155265
r18-0000446,bjones@coastalbuildingsystems.com,AP Aging Analyst,Which cost centers are over budget YTD?,completed,0.7,ERROR: upstream request timed out,1773159745
r18-0000447,bjones@coastalbuildingsystems.com,Vendor Spend Analyzer,Why did Treasury spend exceed budget in Jan?,error,6.4,FAILED: null reference in aggregation step,1773137784
r18-0000448,jjones@coastalbuildingsystems.com,Vendor Spend Analyzer,Forecast May operating cash flow,completed,0.7,error code 502 from model gateway,1773170357
r18-0000449,jgarcia@coastalbuildingsystems.com,Budget vs Actual,Which cost centers are over budget YTD?,completed,14.3,"Accounting Feb variance was $1,573,137 vs plan",1773250175
r18-0000450,dkim@coastalbuildingsystems.com,Flux Commentary,Check covenant compliance for the revolver,completed,39.9,"Accounting Jun variance was $4,086,045 vs plan",1773230822
r18-0000451,jwhite@coastalbuildingsystems.com,Revenue Recognizer,Build the board deck cash slide for Jun,completed,20.0,"Treasury Jun variance was $3,256,729 vs plan",1773230914
r18-0000452,rwhite@coastalbuildingsystems.com,Journal Entry Reviewer,What drove the change in gross margin this quarter?,completed,22.0,"FP&A Jun variance was $1,998,799 vs plan",1773238934
r18-0000453,rwhite@coastalbuildingsystems.com,Covenant Checker,Reconcile AP aging over 90 days for CA-03,completed,61.6,"Accounting Jan variance was $4,637,675 vs plan",1773249896
r18-0000454,bjones@coastalbuildingsystems.com,AP Aging Analyst,Draft flux commentary for the Mar close,completed,39.9,"Accounting Mar variance was $608,538 vs plan",1773250408
r18-0000455,lperez@coastalbuildingsystems.com,Close Checklist Bot,Build the board deck cash slide for Jun,completed,58.7,"Accounting Jun variance was $1,727,545 vs plan",1773256438
r18-0000456,sbrown@coastalbuildingsystems.com,Vendor Spend Analyzer,Reconcile AP aging over 90 days for MX-06,completed,0.7,FAILED: null reference in aggregation step,1773250167
r18-0000457,rwhite@coastalbuildingsystems.com,Board Deck Builder,Reconcile AP aging over 90 days for CA-09,completed,52.0,"FP&A Jun variance was $4,745,968 vs plan",1773275784
r18-0000458,dkim@coastalbuildingsystems.com,Covenant Checker,Reconcile AP aging over 90 days for US-06,completed,23.4,"Ops Jun variance was $3,718,285 vs plan",1773235563
r18-0000459,rwhite@coastalbuildingsystems.com,Close Checklist Bot,Summarize the Jun variance for entity MX-08,completed,1.9,Traceback (most recent call last): KeyError 'entity',1773257238
r18-0000460,jgarcia@coastalbuildingsystems.com,Covenant Checker,What drove the change in gross margin this quarter?,completed,6.8,"FP&A Mar variance was $1,350,920 vs plan",1773230289
r18-0000461,rwhite@coastalbuildingsystems.com,Headcount Planner,Reconcile AP aging over 90 days for CA-09,completed,13.6,"Accounting Jun variance was $2,390,029 vs plan",1773236069
r18-0000462,rwhite@coastalbuildingsystems.com,Close Checklist Bot,Build the board deck cash slide for Jan,completed,42.6,"Accounting Jan variance was $635,824 vs plan",1773250217
r18-0000463,jthompson@coastalbuildingsystems.com,Covenant Checker,Reconcile AP aging over 90 days for EU-09,error,6.0,error code 502 from model gateway,1773261239
r18-0000464,dkim@coastalbuildingsystems.com,Variance Explainer,Build the board deck cash slide for Mar,completed,75.0,"Treasury Mar variance was $1,490,486 vs plan",1773245990
r18-0000465,bjones@coastalbuildingsystems.com,Board Deck Builder,What drove the change in gross margin this quarter?,completed,58.7,"FP&A Jun variance was $2,723,119 vs plan",1773257534
r18-0000466,rwhite@coastalbuildingsystems.com,Cash Forecaster,Reconcile AP aging over 90 days for CA-03,completed,38.6,"Accounting Jan variance was $3,664,121 vs plan",1773240500
r18-0000467,rwhite@coastalbuildingsystems.com,AP Aging Analyst,Explain the headcount variance vs plan,completed,73.1,"FP&A May variance was $1,793,152 vs plan",1773247999
r18-0000468,rwhite@coastalbuildingsystems.com,Budget vs Actual,Check covenant compliance for the revolver,completed,61.6,"Accounting Jun variance was $4,362,267 vs plan",1773254534
r18-0000469,rwhite@coastalbuildingsystems.com,Variance Explainer,Reconcile AP aging over 90 days for MX-08,completed,0.6,error: connection reset by peer,1773238892
r18-0000470,jjones@coastalbuildingsystems.com,Journal Entry Reviewer,Draft flux commentary for the Feb close,completed,37.0,"Treasury Feb variance was $1,853,584 vs plan",1773256793
r18-0000471,jwhite@coastalbuildingsystems.com,Variance Explainer,Which cost centers are over budget YTD?,completed,72.7,"Accounting Jan variance was $1,208,190 vs plan",1773239085
r18-0000472,rwhite@coastalbuildingsystems.com,Budget vs Actual,Reconcile AP aging over 90 days for MX-06,completed,1.8,Traceback (most recent call last): KeyError 'entity',1773257561
r18-0000473,wharris@coastalbuildingsystems.com,Covenant Checker,Build the board deck cash slide for Mar,error,5.7,error code 502 from model gateway,1773240669
r18-0000474,rwhite@coastalbuildingsystems.com,Flux Commentary,Draft flux commentary for the May close,completed,0.9,error: connection reset by peer,1773239035
r18-0000475,rwhite@coastalbuildingsystems.com,Variance Explainer,Reconcile AP aging over 90 days for US-07,completed,33.1,"Treasury Jun variance was $3,879,849 vs plan",1773243784
r18-0000476,sjackson@coastalbuildingsystems.com,Revenue Recognizer,Which cost centers are over budget YTD?,completed,38.4,"FP&A Jan variance was $2,447,104 vs plan",1773231767
r18-0000477,bjones@coastalbuildingsystems.com,Variance Explainer,Forecast Mar operating cash flow,completed,1.0,error: connection reset by peer,1773278181
r18-0000478,lperez@coastalbuildingsystems.com,Journal Entry Reviewer,Why did Accounting spend exceed budget in Apr?,completed,42.9,"Accounting Apr variance was $3,715,321 vs plan",1773267740
r18-0000479,lpatel@coastalbuildingsystems.com,Close Checklist Bot,What drove the change in gross margin this quarter?,completed,24.9,"Treasury Feb variance was $1,028,480 vs plan",1773233848
r18-0000480,jthompson@coastalbuildingsystems.com,Cash Forecaster,Reconcile AP aging over 90 days for EU-04,completed,65.3,"Ops Mar variance was $1,732,086 vs plan",1773258380
r18-0000481,rwhite@coastalbuildingsystems.com,Variance Explainer,What drove the change in gross margin this quarter?,completed,36.2,"Accounting Jun variance was $1,126,094 vs plan",1773246746
r18-0000482,jthompson@coastalbuildingsystems.com,Variance Explainer,Forecast Jun operating cash flow,completed,18.0,"Ops Jun variance was $4,478,376 vs plan",1773267258
r18-0000483,bjones@coastalbuildingsystems.com,AP Aging Analyst,Reconcile AP aging over 90 days for EU-09,error,4.7,ERROR: upstream request timed out,1773236066
r18-0000484,rwhite@coastalbuildingsystems.com,Journal Entry Reviewer,Build the board deck cash slide for Jun,completed,69.2,"Ops Jun variance was $3,407,913 vs plan",1773256231
r18-0000485,bjones@coastalbuildingsystems.com,Revenue Recognizer,Check covenant compliance for the revolver,completed,59.9,"Accounting Apr variance was $2,218,322 vs plan",1773241905
r18-0000486,dgonzalez@coastalbuildingsystems.com,Cash Forecaster,Reconcile AP aging over 90 days for US-07,completed,70.1,"Treasury Mar variance was $706,055 vs plan",1773237456
r18-0000487,jthompson@coastalbuildingsystems.com,Covenant Checker,Forecast Jun operating cash flow,completed,35.7,"Ops Jun variance was $2,543,727 vs plan",1773263704
r18-0000488,rwhite@coastalbuildingsystems.com,Vendor Spend Analyzer,Forecast May operating cash flow,completed,63.8,"Ops May variance was $4,451,713 vs plan",1773264135
r18-0000489,sjackson@coastalbuildingsystems.com,Journal Entry Reviewer,Build the board deck cash slide for Jan,completed,12.8,"Treasury Jan variance was $2,600,147 vs plan",1773234656
r18-0000490,rwhite@coastalbuildingsystems.com,Close Checklist Bot,Which cost centers are over budget YTD?,completed,17.5,"Accounting Jan variance was $1,278,049 vs plan",1773241684
r18-0000491,jjones@coastalbuildingsystems.com,Budget vs Actual,Forecast Jan operating cash flow,completed,5.1,"Treasury Jan variance was $3,829,127 vs plan",1773250254
r18-0000492,sjackson@coastalbuildingsystems.com,Headcount Planner,Draft flux commentary for the Apr close,completed,25.7,"Ops Apr variance was $2,040,748 vs plan",1773243945
r18-0000493,rwhite@coastalbuildingsystems.com,AP Aging Analyst,Which cost centers are over budget YTD?,completed,41.4,"FP&A May variance was $4,353,569 vs plan",1773241809
r18-0000494,sjackson@coastalbuildingsystems.com,Cash Forecaster,Summarize the Jun variance for entity US-05,completed,42.0,"Accounting Jun variance was $4,397,861 vs plan",1773251605
r18-0000495,rwhite@coastalbuildingsystems.com,Flux Commentary,Summarize the Jan variance for entity US-09,completed,56.9,"Treasury Jan variance was $2,023,858 vs plan",1773268508
r18-0000496,bjones@coastalbuildingsystems.com,Flux Commentary,Which cost centers are over budget YTD?,completed,47.6,"Treasury Jan variance was $2,637,692 vs plan",1773247551
r18-0000497,bjones@coastalbuildingsystems.com,Variance Explainer,Which cost centers are over budget YTD?,completed,58.4,"Ops Apr variance was $2,110,489 vs plan",1773242302
r18-0000498,dgonzalez@coastalbuildingsystems.com,Revenue Recognizer,What drove the change in gross margin this quarter?,completed,22.5,"Ops May variance was $4,179,284 vs plan",1773261413
r18-0000499,jwhite@coastalbuildingsystems.com,Covenant Checker,Summarize the Feb variance for entity MX-09,completed,47.1,"Accounting Feb variance was $797,961 vs plan",1773263650
r18-0000500,rperez@coastalbuildingsystems.com,AP Aging Analyst,Forecast Feb operating cash flow,completed,23.2,"Ops Feb variance was $1,221,380 vs plan",1773248540
r18-0000501,lperez@coastalbuildingsystems.com,Cash Forecaster,What drove the change in gross margin this quarter?,completed,30.9,"Treasury Mar variance was $1,379,644 vs plan",1773263337
r18-0000502,jwhite@coastalbuildingsystems.com,Headcount Planner,Explain the headcount variance vs plan,completed,53.5,"Accounting Mar variance was $1,514,438 vs plan",1773254870
r18-0000503,rwhite@coastalbuildingsystems.com,Revenue Recognizer,Build the board deck cash slide for Jan,completed,11.5,"FP&A Jan variance was $1,405,918 vs plan",1773251527
r18-0000504,rwhite@coastalbuildingsystems.com,AP Aging Analyst,Forecast Mar operating cash flow,completed,20.6,"Accounting Mar variance was $274,326 vs plan",1773252406
r18-0000505,jjones@coastalbuildingsystems.com,AP Aging Analyst,Explain the headcount variance vs plan,completed,48.8,"Accounting Apr variance was $1,409,517 vs plan",1773335312
r18-0000506,dkim@coastalbuildingsystems.com,Cash Forecaster,Which cost centers are over budget YTD?,completed,55.9,"FP&A Mar variance was $1,207,415 vs plan",1773322252
r18-0000507,lpatel@coastalbuildingsystems.com,Covenant Checker,Reconcile AP aging over 90 days for MX-03,completed,9.3,"Ops Jan variance was $1,832,838 vs plan",1773334751
r18-0000508,rperez@coastalbuildingsystems.com,Covenant Checker,Check covenant compliance for the revolver,completed,26.5,"Ops Jan variance was $272,657 vs plan",1773345021
r18-0000509,rwhite@coastalbuildingsystems.com,Vendor Spend Analyzer,Draft flux commentary for the Feb close,completed,1.8,error: connection reset by peer,1773331376
r18-0000510,canderson@coastalbuildingsystems.com,Variance Explainer,Explain the headcount variance vs plan,completed,27.8,"FP&A Mar variance was $4,541,676 vs plan",1773326059
r18-0000511,rwhite@coastalbuildingsystems.com,Budget vs Actual,Why did Accounting spend exceed budget in May?,completed,53.0,"Accounting May variance was $3,293,454 vs plan",1773325144
r18-0000512,bjones@coastalbuildingsystems.com,Covenant Checker,What drove the change in gross margin this quarter?,completed,13.3,"FP&A Jan variance was $4,111,038 vs plan",1773318540
r18-0000513,dkim@coastalbuildingsystems.com,AP Aging Analyst,Reconcile AP aging over 90 days for US-06,completed,52.4,"Treasury Apr variance was $4,158,019 vs plan",1773337810
r18-0000514,bjones@coastalbuildingsystems.com,Journal Entry Reviewer,Draft flux commentary for the Jun close,completed,30.6,"FP&A Jun variance was $2,098,064 vs plan",1773311930
r18-0000515,rwhite@coastalbuildingsystems.com,Close Checklist Bot,Draft flux commentary for the May close,completed,67.5,"Accounting May variance was $4,765,929 vs plan",1773342331
r18-0000516,rwhite@coastalbuildingsystems.com,AP Aging Analyst,Draft flux commentary for the Jan close,completed,63.8,"Treasury Jan variance was $3,063,043 vs plan",1773338797
r18-0000517,jwhite@coastalbuildingsystems.com,Headcount Planner,Reconcile AP aging over 90 days for CA-01,completed,46.3,"Treasury Jan variance was $3,137,290 vs plan",1773367723
r18-0000518,bjones@coastalbuildingsystems.com,Revenue Recognizer,Reconcile AP aging over 90 days for MX-02,completed,53.2,"Accounting Jan variance was $4,487,995 vs plan",1773346075
r18-0000519,rthompson@coastalbuildingsystems.com,Revenue Recognizer,Draft flux commentary for the May close,completed,61.4,"Ops May variance was $19,697 vs plan",1773328882
r18-0000520,lperez@coastalbuildingsystems.com,Budget vs Actual,Reconcile AP aging over 90 days for EU-09,completed,69.2,"Ops Feb variance was $4,391,911 vs plan",1773342558
r18-0000521,rwhite@coastalbuildingsystems.com,Headcount Planner,Check covenant compliance for the revolver,completed,29.3,"Treasury Apr variance was $1,751,223 vs plan",1773338028
r18-0000522,bjones@coastalbuildingsystems.com,Revenue Recognizer,Check covenant compliance for the revolver,completed,5.5,"Ops Jun variance was $4,315,723 vs plan",1773348584
r18-0000523,rwhite@coastalbuildingsystems.com,Budget vs Actual,Check covenant compliance for the revolver,completed,32.6,"Ops Jun variance was $12,686 vs plan",1773367510
r18-0000524,rwhite@coastalbuildingsystems.com,Covenant Checker,Reconcile AP aging over 90 days for MX-04,completed,36.4,"Ops May variance was $3,463,439 vs plan",1773334586
r18-0000525,rwhite@coastalbuildingsystems.com,Journal Entry Reviewer,What drove the change in gross margin this quarter?,completed,41.6,"Ops Apr variance was $438,433 vs plan",1773340210
r18-0000526,wharris@coastalbuildingsystems.com,Budget vs Actual,What drove the change in gross margin this quarter?,completed,24.8,"Treasury Jun variance was $2,232,578 vs plan",1773322341
r18-0000527,sjackson@coastalbuildingsystems.com,AP Aging Analyst,Draft flux commentary for the Jan close,completed,54.2,"Treasury Jan variance was $1,440,279 vs plan",1773352510
r18-0000528,sbrown@coastalbuildingsystems.com,Covenant Checker,Summarize the Jan variance for entity MX-01,completed,6.0,"Treasury Jan variance was $3,783,586 vs plan",1773347154
r18-0000529,dkim@coastalbuildingsystems.com,Journal Entry Reviewer,Why did Treasury spend exceed budget in Jun?,completed,66.9,"Treasury Jun variance was $2,989,735 vs plan",1773342709
r18-0000530,jwhite@coastalbuildingsystems.com,Budget vs Actual,Explain the headcount variance vs plan,completed,69.3,"FP&A May variance was $4,157,043 vs plan",1773324119
r18-0000531,dkim@coastalbuildingsystems.com,Board Deck Builder,Explain the headcount variance vs plan,completed,19.5,"Ops Jun variance was $2,510,350 vs plan",1773330477
r18-0000532,bjones@coastalbuildingsystems.com,Close Checklist Bot,Forecast Mar operating cash flow,completed,1.2,Traceback (most recent call last): KeyError 'entity',1773338531
r18-0000533,rwhite@coastalbuildingsystems.com,Variance Explainer,Summarize the Mar variance for entity CA-05,completed,53.3,"Ops Mar variance was $3,494,936 vs plan",1773323414
r18-0000534,dkim@coastalbuildingsystems.com,Budget vs Actual,What drove the change in gross margin this quarter?,completed,17.4,"Ops Jun variance was $711,434 vs plan",1773322660
r18-0000535,canderson@coastalbuildingsystems.com,Vendor Spend Analyzer,Why did Ops spend exceed budget in Jan?,completed,17.3,"Ops Jan variance was $4,399,948 vs plan",1773370717
r18-0000536,btaylor@coastalbuildingsystems.com,Budget vs Actual,Why did Ops spend exceed budget in Jun?,completed,59.6,"Ops Jun variance was $2,051,715 vs plan",1773335001
r18-0000537,canderson@coastalbuildingsystems.com,Journal Entry Reviewer,Build the board deck cash slide for Feb,completed,6.7,"Accounting Feb variance was $1,483,212 vs plan",1773326518
r18-0000538,rwhite@coastalbuildingsystems.com,Flux Commentary,Explain the headcount variance vs plan,completed,11.4,"Treasury Jan variance was $2,386,177 vs plan",1773328829
r18-0000539,jgarcia@coastalbuildingsystems.com,Covenant Checker,Build the board deck cash slide for Mar,completed,21.7,"Treasury Mar variance was $3,002,981 vs plan",1773343596
r18-0000540,dkim@coastalbuildingsystems.com,Cash Forecaster,Check covenant compliance for the revolver,completed,6.4,"Ops Jan variance was $2,783,514 vs plan",1773330264
r18-0000541,rwhite@coastalbuildingsystems.com,Flux Commentary,Build the board deck cash slide for May,completed,67.2,"FP&A May variance was $890,471 vs plan",1773340690
r18-0000542,rwhite@coastalbuildingsystems.com,AP Aging Analyst,Summarize the Apr variance for entity EU-02,completed,70.9,"Ops Apr variance was $3,595,254 vs plan",1773334210
r18-0000543,bjones@coastalbuildingsystems.com,Budget vs Actual,Draft flux commentary for the Mar close,completed,71.5,"Ops Mar variance was $23,507 vs plan",1773340795
r18-0000544,dkim@coastalbuildingsystems.com,Variance Explainer,Build the board deck cash slide for Jan,completed,29.7,"FP&A Jan variance was $2,688,536 vs plan",1773348941
r18-0000545,rwhite@coastalbuildingsystems.com,Headcount Planner,What drove the change in gross margin this quarter?,completed,68.5,"Ops Apr variance was $3,715,770 vs plan",1773348406
r18-0000546,bjones@coastalbuildingsystems.com,Cash Forecaster,Build the board deck cash slide for Jan,completed,56.6,"Ops Jan variance was $3,207,638 vs plan",1773349518
r18-0000547,rwhite@coastalbuildingsystems.com,Headcount Planner,Explain the headcount variance vs plan,completed,53.4,"Ops Jan variance was $1,952,420 vs plan",1773327802
r18-0000548,btaylor@coastalbuildingsystems.com,Variance Explainer,Draft flux commentary for the Apr close,completed,32.6,"Accounting Apr variance was $1,611,326 vs plan",1773348162
r18-0000549,dkim@coastalbuildingsystems.com,Revenue Recognizer,Check covenant compliance for the revolver,completed,65.7,"Accounting Jan variance was $3,907,794 vs plan",1773334973
r18-0000550,rwhite@coastalbuildingsystems.com,Covenant Checker,Reconcile AP aging over 90 days for CA-02,completed,27.5,"Accounting Jun variance was $3,514,667 vs plan",1773317549
r18-0000551,rwhite@coastalbuildingsystems.com,Board Deck Builder,Summarize the Mar variance for entity US-03,completed,29.1,"Accounting Mar variance was $1,956,149 vs plan",1773347336
r18-0000552,rwhite@coastalbuildingsystems.com,Vendor Spend Analyzer,Draft flux commentary for the Jun close,completed,32.9,"Treasury Jun variance was $1,800,202 vs plan",1773341170
r18-0000553,rwhite@coastalbuildingsystems.com,Close Checklist Bot,Forecast Mar operating cash flow,completed,41.8,"Accounting Mar variance was $2,015,473 vs plan",1773341427
r18-0000554,bjones@coastalbuildingsystems.com,Cash Forecaster,What drove the change in gross margin this quarter?,completed,46.9,"FP&A Apr variance was $4,240,133 vs plan",1773344962
r18-0000555,rwhite@coastalbuildingsystems.com,Journal Entry Reviewer,Why did FP&A spend exceed budget in Apr?,completed,37.4,"FP&A Apr variance was $362,886 vs plan",1773342258
r18-0000556,rwhite@coastalbuildingsystems.com,Variance Explainer,Check covenant compliance for the revolver,completed,19.6,"Accounting Jun variance was $2,255,245 vs plan",1773338229
r18-0000557,rwhite@coastalbuildingsystems.com,Cash Forecaster,Why did Accounting spend exceed budget in May?,completed,44.0,"Accounting May variance was $2,821,132 vs plan",1773336839
r18-0000558,jjones@coastalbuildingsystems.com,Flux Commentary,Check covenant compliance for the revolver,completed,46.5,"Treasury Jan variance was $2,364,193 vs plan",1773334598
r18-0000559,dkim@coastalbuildingsystems.com,Revenue Recognizer,Draft flux commentary for the Jun close,completed,28.4,"FP&A Jun variance was $4,711,300 vs plan",1773419768
r18-0000560,dkim@coastalbuildingsystems.com,Variance Explainer,Why did Accounting spend exceed budget in Feb?,completed,6.5,"Accounting Feb variance was $3,378,737 vs plan",1773429170
r18-0000561,lperez@coastalbuildingsystems.com,Vendor Spend Analyzer,Reconcile AP aging over 90 days for CA-06,completed,27.8,"FP&A Apr variance was $2,513,103 vs plan",1773432054
r18-0000562,bjones@coastalbuildingsystems.com,AP Aging Analyst,Why did Treasury spend exceed budget in Jan?,completed,18.0,"Treasury Jan variance was $2,958,752 vs plan",1773416661
r18-0000563,dkim@coastalbuildingsystems.com,Journal Entry Reviewer,Build the board deck cash slide for Mar,completed,44.7,"Accounting Mar variance was $2,406,052 vs plan",1773408523
r18-0000564,rperez@coastalbuildingsystems.com,Covenant Checker,Explain the headcount variance vs plan,completed,23.1,"FP&A Apr variance was $2,929,466 vs plan",1773438073
r18-0000565,jwhite@coastalbuildingsystems.com,Revenue Recognizer,Check covenant compliance for the revolver,completed,1.5,FAILED: null reference in aggregation step,1773428516
r18-0000566,lpatel@coastalbuildingsystems.com,Flux Commentary,Check covenant compliance for the revolver,completed,62.8,"Accounting May variance was $1,360,770 vs plan",1773422840
r18-0000567,rwhite@coastalbuildingsystems.com,Headcount Planner,Which cost centers are over budget YTD?,completed,47.4,"Treasury Jun variance was $2,405,095 vs plan",1773425854
r18-0000568,rwhite@coastalbuildingsystems.com,Budget vs Actual,Which cost centers are over budget YTD?,completed,0.6,FAILED: null reference in aggregation step,1773411126
r18-0000569,lperez@coastalbuildingsystems.com,Vendor Spend Analyzer,Draft flux commentary for the Feb close,error,6.5,FAILED: null reference in aggregation step,1773432906
r18-0000570,jjones@coastalbuildingsystems.com,AP Aging Analyst,Check covenant compliance for the revolver,completed,30.1,"Treasury Feb variance was $3,319,416 vs plan",1773412568
r18-0000571,rwhite@coastalbuildingsystems.com,Headcount Planner,Forecast Mar operating cash flow,completed,17.2,"FP&A Mar variance was $4,623,485 vs plan",1773430544
r18-0000572,btaylor@coastalbuildingsystems.com,Close Checklist Bot,What drove the change in gross margin this quarter?,completed,19.2,"Treasury Jan variance was $1,036,060 vs plan",1773430624
r18-0000573,bjones@coastalbuildingsystems.com,Variance Explainer,Summarize the Feb variance for entity US-04,completed,47.0,"FP&A Feb variance was $4,674,887 vs plan",1773425756
r18-0000574,rwhite@coastalbuildingsystems.com,Variance Explainer,What drove the change in gross margin this quarter?,completed,55.7,"Treasury Mar variance was $3,039,245 vs plan",1773443531
r18-0000575,rwhite@coastalbuildingsystems.com,Budget vs Actual,Reconcile AP aging over 90 days for EU-09,completed,36.3,"FP&A Mar variance was $2,869,376 vs plan",1773442513
r18-0000576,bjones@coastalbuildingsystems.com,Revenue Recognizer,Summarize the Feb variance for entity CA-07,completed,1.4,FAILED: null reference in aggregation step,1773410876
r18-0000577,sjackson@coastalbuildingsystems.com,Flux Commentary,Check covenant compliance for the revolver,completed,0.6,FAILED: null reference in aggregation step,1773416042
r18-0000578,bjones@coastalbuildingsystems.com,Flux Commentary,What drove the change in gross margin this quarter?,completed,11.9,"Treasury May variance was $32,029 vs plan",1773416514
r18-0000579,bjones@coastalbuildingsystems.com,Covenant Checker,What drove the change in gross margin this quarter?,completed,22.6,"Accounting May variance was $2,636,785 vs plan",1773419681
r18-0000580,rwhite@coastalbuildingsystems.com,Covenant Checker,What drove the change in gross margin this quarter?,error,7.3,FAILED: null reference in aggregation step,1773415368
r18-0000581,bjones@coastalbuildingsystems.com,AP Aging Analyst,Build the board deck cash slide for May,completed,22.4,"Accounting May variance was $4,410,019 vs plan",1773419174
r18-0000582,rwhite@coastalbuildingsystems.com,Revenue Recognizer,Why did Ops spend exceed budget in Apr?,completed,46.8,"Ops Apr variance was $276,128 vs plan",1773406478
r18-0000583,rwhite@coastalbuildingsystems.com,Budget vs Actual,Reconcile AP aging over 90 days for CA-06,completed,53.7,"FP&A May variance was $1,982,660 vs plan",1773413208
r18-0000584,rperez@coastalbuildingsystems.com,Revenue Recognizer,What drove the change in gross margin this quarter?,completed,0.6,FAILED: null reference in aggregation step,1773410910
r18-0000585,rwhite@coastalbuildingsystems.com,Flux Commentary,Reconcile AP aging over 90 days for CA-06,completed,43.2,"Ops Mar variance was $2,875,311 vs plan",1773418247
r18-0000586,bjones@coastalbuildingsystems.com,AP Aging Analyst,Reconcile AP aging over 90 days for MX-07,completed,23.9,"Accounting May variance was $624,662 vs plan",1773417693
r18-0000587,rwhite@coastalbuildingsystems.com,Budget vs Actual,Explain the headcount variance vs plan,completed,73.7,"FP&A Apr variance was $203,504 vs plan",1773417767
r18-0000588,wharris@coastalbuildingsystems.com,AP Aging Analyst,Explain the headcount variance vs plan,completed,66.4,"FP&A Jun variance was $1,541,955 vs plan",1773425315
r18-0000589,bjones@coastalbuildingsystems.com,Journal Entry Reviewer,What drove the change in gross margin this quarter?,completed,32.7,"Treasury May variance was $36,236 vs plan",1773412364
r18-0000590,bjones@coastalbuildingsystems.com,Headcount Planner,Which cost centers are over budget YTD?,completed,74.6,"Accounting Mar variance was $1,577,655 vs plan",1773412345
r18-0000591,rwhite@coastalbuildingsystems.com,Headcount Planner,Draft flux commentary for the Jan close,completed,55.0,"FP&A Jan variance was $3,979,628 vs plan",1773424002
r18-0000592,lpatel@coastalbuildingsystems.com,Cash Forecaster,Which cost centers are over budget YTD?,completed,6.8,"Accounting Jun variance was $1,838,397 vs plan",1773428231
r18-0000593,rwhite@coastalbuildingsystems.com,Covenant Checker,What drove the change in gross margin this quarter?,completed,61.5,"Ops Mar variance was $513,919 vs plan",1773404030
r18-0000594,bjones@coastalbuildingsystems.com,AP Aging Analyst,Summarize the Jan variance for entity CA-06,completed,52.7,"FP&A Jan variance was $1,075,929 vs plan",1773415668
r18-0000595,dkim@coastalbuildingsystems.com,Close Checklist Bot,Check covenant compliance for the revolver,completed,0.8,error: connection reset by peer,1773428667
r18-0000596,rwhite@coastalbuildingsystems.com,Headcount Planner,Reconcile AP aging over 90 days for MX-05,completed,48.2,"FP&A Mar variance was $349,033 vs plan",1773434711
r18-0000597,rwhite@coastalbuildingsystems.com,Revenue Recognizer,Reconcile AP aging over 90 days for EU-03,completed,73.4,"Ops May variance was $901,156 vs plan",1773436905
r18-0000598,dkim@coastalbuildingsystems.com,AP Aging Analyst,Draft flux commentary for the May close,completed,72.4,"Accounting May variance was $2,829,650 vs plan",1773406569
r18-0000599,rwhite@coastalbuildingsystems.com,Variance Explainer,Draft flux commentary for the Apr close,completed,64.9,"Ops Apr variance was $1,577,925 vs plan",1773439439
r18-0000600,dkim@coastalbuildingsystems.com,AP Aging Analyst,Build the board deck cash slide for Apr,completed,58.8,"Ops Apr variance was $4,521,285 vs plan",1773417609
r18-0000601,dkim@coastalbuildingsystems.com,Covenant Checker,Explain the headcount variance vs plan,completed,8.4,"Accounting Jan variance was $1,955,659 vs plan",1773421265
r18-0000602,bjones@coastalbuildingsystems.com,Budget vs Actual,Explain the headcount variance vs plan,completed,10.9,"Ops Feb variance was $2,092,440 vs plan",1773423025
r18-0000603,jjones@coastalbuildingsystems.com,Budget vs Actual,Forecast May operating cash flow,completed,43.8,"FP&A May variance was $3,431,064 vs plan",1773422065
r18-0000604,rwhite@coastalbuildingsystems.com,Budget vs Actual,Why did Treasury spend exceed budget in Jun?,completed,55.0,"Treasury Jun variance was $3,705,682 vs plan",1773398017
r18-0000605,jgarcia@coastalbuildingsystems.com,Covenant Checker,Build the board deck cash slide for Jan,completed,54.6,"Ops Jan variance was $4,340,609 vs plan",1773436926
r18-0000606,jjones@coastalbuildingsystems.com,Revenue Recognizer,Reconcile AP aging over 90 days for MX-04,completed,1.4,error code 502 from model gateway,1773424864
r18-0000607,sjackson@coastalbuildingsystems.com,Journal Entry Reviewer,Which cost centers are over budget YTD?,completed,1.1,FAILED: null reference in aggregation step,1773414099
r18-0000608,rwhite@coastalbuildingsystems.com,Vendor Spend Analyzer,Why did Ops spend exceed budget in Mar?,completed,36.3,"Ops Mar variance was $645,167 vs plan",1773426652
r18-0000609,bjones@coastalbuildingsystems.com,Variance Explainer,Check covenant compliance for the revolver,completed,73.7,"Treasury Mar variance was $3,773,912 vs plan",1773413800
r18-0000610,bjones@coastalbuildingsystems.com,Board Deck Builder,Explain the headcount variance vs plan,completed,37.2,"Accounting May variance was $4,756,038 vs plan",1773413247
r18-0000611,sbrown@coastalbuildingsystems.com,Vendor Spend Analyzer,Check covenant compliance for the revolver,completed,49.3,"Accounting Feb variance was $3,422,021 vs plan",1773429933
r18-0000612,rperez@coastalbuildingsystems.com,AP Aging Analyst,Draft flux commentary for the Mar close,completed,32.4,"Accounting Mar variance was $3,643,797 vs plan",1773422195
r18-0000613,dkim@coastalbuildingsystems.com,Vendor Spend Analyzer,Summarize the Mar variance for entity EU-05,completed,1.3,ERROR: upstream request timed out,1773409431
r18-0000614,rwhite@coastalbuildingsystems.com,Budget vs Actual,Which cost centers are over budget YTD?,completed,57.4,"Ops Mar variance was $3,881,505 vs plan",1773420937
r18-0000615,rperez@coastalbuildingsystems.com,Revenue Recognizer,Check covenant compliance for the revolver,completed,31.0,"Treasury Mar variance was $3,154,842 vs plan",1773436190
r18-0000616,rthompson@coastalbuildingsystems.com,AP Aging Analyst,Summarize the Mar variance for entity MX-02,completed,29.4,"FP&A Mar variance was $1,957,559 vs plan",1773419934
r18-0000617,rwhite@coastalbuildingsystems.com,Cash Forecaster,Which cost centers are over budget YTD?,completed,9.6,"FP&A May variance was $1,168,981 vs plan",1773426683
r18-0000618,dkim@coastalbuildingsystems.com,AP Aging Analyst,Summarize the May variance for entity MX-09,completed,61.5,"Treasury May variance was $1,769,916 vs plan",1773512003
r18-0000619,rwhite@coastalbuildingsystems.com,Flux Commentary,Which cost centers are over budget YTD?,completed,36.7,"FP&A Mar variance was $2,519,088 vs plan",1773522087
r18-0000620,rwhite@coastalbuildingsystems.com,AP Aging Analyst,Which cost centers are over budget YTD?,completed,54.5,"Ops Jun variance was $946,720 vs plan",1773494493
r18-0000621,rwhite@coastalbuildingsystems.com,Close Checklist Bot,Check covenant compliance for the revolver,completed,55.2,"FP&A May variance was $2,147,143 vs plan",1773518103
r18-0000622,rwhite@coastalbuildingsystems.com,Cash Forecaster,Summarize the Jun variance for entity EU-03,completed,44.0,"Accounting Jun variance was $128,607 vs plan",1773511405
r18-0000623,dkim@coastalbuildingsystems.com,Budget vs Actual,Check covenant compliance for the revolver,completed,52.0,"FP&A Jun variance was $2,721,023 vs plan",1773516723
r18-0000624,rwhite@coastalbuildingsystems.com,Journal Entry Reviewer,Draft flux commentary for the Jan close,completed,1.2,error code 502 from model gateway,1773509562
r18-0000625,sbrown@coastalbuildingsystems.com,AP Aging Analyst,Which cost centers are over budget YTD?,completed,32.7,"Ops Jun variance was $2,872,826 vs plan",1773511645
r18-0000626,rwhite@coastalbuildingsystems.com,Covenant Checker,Check covenant compliance for the revolver,completed,28.6,"Accounting Apr variance was $731,756 vs plan",1773504567
r18-0000627,rwhite@coastalbuildingsystems.com,Flux Commentary,Summarize the Feb variance for entity US-03,completed,67.5,"FP&A Feb variance was $2,284,475 vs plan",1773516084
r18-0000628,rwhite@coastalbuildingsystems.com,AP Aging Analyst,Reconcile AP aging over 90 days for EU-07,completed,47.0,"FP&A Mar variance was $3,624,707 vs plan",1773506798
r18-0000629,rwhite@coastalbuildingsystems.com,Flux Commentary,What drove the change in gross margin this quarter?,completed,50.4,"FP&A May variance was $3,485,893 vs plan",1773497923
r18-0000630,dkim@coastalbuildingsystems.com,Variance Explainer,What drove the change in gross margin this quarter?,completed,67.7,"FP&A Apr variance was $4,027,470 vs plan",1773519434
r18-0000631,rwhite@coastalbuildingsystems.com,Budget vs Actual,What drove the change in gross margin this quarter?,completed,22.4,"Accounting May variance was $1,492,811 vs plan",1773492847
r18-0000632,rwhite@coastalbuildingsystems.com,Headcount Planner,Reconcile AP aging over 90 days for MX-02,completed,61.4,"Ops Mar variance was $2,088,302 vs plan",1773511992
r18-0000633,rwhite@coastalbuildingsystems.com,Board Deck Builder,What drove the change in gross margin this quarter?,completed,1.5,Traceback (most recent call last): KeyError 'entity',1773490146
r18-0000634,rwhite@coastalbuildingsystems.com,Vendor Spend Analyzer,Reconcile AP aging over 90 days for CA-09,completed,7.1,"Accounting Mar variance was $968,038 vs plan",1773528738
r18-0000635,bjones@coastalbuildingsystems.com,Close Checklist Bot,Reconcile AP aging over 90 days for US-07,completed,69.8,"Accounting May variance was $2,792,176 vs plan",1773518915
r18-0000636,lperez@coastalbuildingsystems.com,Board Deck Builder,Summarize the Jan variance for entity US-09,completed,56.7,"Accounting Jan variance was $2,484,796 vs plan",1773506765
r18-0000637,bjones@coastalbuildingsystems.com,Budget vs Actual,Forecast Jun operating cash flow,completed,74.6,"Treasury Jun variance was $2,788,593 vs plan",1773497245
r18-0000638,rwhite@coastalbuildingsystems.com,Revenue Recognizer,Explain the headcount variance vs plan,completed,64.5,"Accounting Jan variance was $4,291,945 vs plan",1773514552
r18-0000639,jjones@coastalbuildingsystems.com,Revenue Recognizer,Explain the headcount variance vs plan,completed,47.4,"Accounting Feb variance was $3,229,489 vs plan",1773519577
r18-0000640,bjones@coastalbuildingsystems.com,Flux Commentary,What drove the change in gross margin this quarter?,completed,18.2,"FP&A Jan variance was $2,148,098 vs plan",1773597314
r18-0000641,rwhite@coastalbuildingsystems.com,Covenant Checker,Check covenant compliance for the revolver,completed,4.3,"Ops May variance was $3,545,148 vs plan",1773593800
r18-0000642,bjones@coastalbuildingsystems.com,Board Deck Builder,Explain the headcount variance vs plan,completed,31.3,"FP&A Apr variance was $3,067,699 vs plan",1773596083
r18-0000643,dgonzalez@coastalbuildingsystems.com,Covenant Checker,Build the board deck cash slide for Feb,completed,41.8,"Accounting Feb variance was $2,650,183 vs plan",1773603569
r18-0000644,sbrown@coastalbuildingsystems.com,Close Checklist Bot,What drove the change in gross margin this quarter?,completed,30.4,"FP&A Jan variance was $403,116 vs plan",1773590262
r18-0000645,jjones@coastalbuildingsystems.com,Board Deck Builder,Explain the headcount variance vs plan,completed,25.7,"Ops Apr variance was $52,641 vs plan",1773598959
r18-0000646,bjones@coastalbuildingsystems.com,Cash Forecaster,Why did Accounting spend exceed budget in Feb?,completed,44.9,"Accounting Feb variance was $4,340,467 vs plan",1773604167
r18-0000647,rwhite@coastalbuildingsystems.com,Covenant Checker,Summarize the Jan variance for entity MX-09,error,7.1,error code 502 from model gateway,1773598259
r18-0000648,rwhite@coastalbuildingsystems.com,Headcount Planner,Draft flux commentary for the Jan close,completed,15.0,"Treasury Jan variance was $4,308,131 vs plan",1773604864
r18-0000649,rperez@coastalbuildingsystems.com,Close Checklist Bot,Draft flux commentary for the Jun close,completed,5.9,"FP&A Jun variance was $4,478,901 vs plan",1773601320
r18-0000650,lpatel@coastalbuildingsystems.com,Flux Commentary,What drove the change in gross margin this quarter?,completed,0.4,FAILED: null reference in aggregation step,1773583519
r18-0000651,rwhite@coastalbuildingsystems.com,Budget vs Actual,Check covenant compliance for the revolver,completed,44.1,"FP&A Feb variance was $3,780,986 vs plan",1773583760
r18-0000652,rwhite@coastalbuildingsystems.com,Vendor Spend Analyzer,Which cost centers are over budget YTD?,completed,64.4,"Ops Feb variance was $154,045 vs plan",1773604090
r18-0000653,rwhite@coastalbuildingsystems.com,Revenue Recognizer,What drove the change in gross margin this quarter?,completed,58.4,"Treasury Feb variance was $3,082,807 vs plan",1773589377
r18-0000654,rwhite@coastalbuildingsystems.com,Headcount Planner,Forecast Jun operating cash flow,completed,56.4,"FP&A Jun variance was $3,994,575 vs plan",1773607154
r18-0000655,sbrown@coastalbuildingsystems.com,Cash Forecaster,Explain the headcount variance vs plan,completed,73.7,"FP&A Feb variance was $379,314 vs plan",1773594614
r18-0000656,dkim@coastalbuildingsystems.com,AP Aging Analyst,Forecast May operating cash flow,completed,28.3,"Ops May variance was $2,662,912 vs plan",1773596817
r18-0000657,jjones@coastalbuildingsystems.com,Variance Explainer,Forecast May operating cash flow,completed,72.6,"FP&A May variance was $4,198,999 vs plan",1773591703
r18-0000658,jwhite2@coastalbuildingsystems.com,Board Deck Builder,Draft flux commentary for the May close,completed,0.6,error code 502 from model gateway,1773596804
r18-0000659,jwhite2@coastalbuildingsystems.com,Budget vs Actual,Draft flux commentary for the Apr close,completed,44.0,"Treasury Apr variance was $1,999,260 vs plan",1773589833
r18-0000660,dgonzalez@coastalbuildingsystems.com,Journal Entry Reviewer,Reconcile AP aging over 90 days for US-04,completed,34.1,"Treasury May variance was $3,969,125 vs plan",1773577647
r18-0000661,dkim@coastalbuildingsystems.com,Budget vs Actual,Summarize the Jan variance for entity EU-03,completed,21.6,"Treasury Jan variance was $4,245,802 vs plan",1773588476
r18-0000662,rwhite@coastalbuildingsystems.com,Variance Explainer,Explain the headcount variance vs plan,completed,1.6,FAILED: null reference in aggregation step,1773612093
r18-0000663,bjones@coastalbuildingsystems.com,Flux Commentary,Summarize the Mar variance for entity US-06,completed,29.4,"FP&A Mar variance was $1,709,597 vs plan",1773595297
r18-0000664,rwhite@coastalbuildingsystems.com,Vendor Spend Analyzer,Draft flux commentary for the May close,completed,1.4,error: connection reset by peer,1773585799
r18-0000665,lpatel@coastalbuildingsystems.com,Board Deck Builder,Reconcile AP aging over 90 days for US-09,completed,16.1,"Treasury Jan variance was $4,679 vs plan",1773686599
r18-0000666,rwhite@coastalbuildingsystems.com,AP Aging Analyst,Which cost centers are over budget YTD?,completed,52.5,"Accounting May variance was $1,288,430 vs plan",1773677418
r18-0000667,bjones@coastalbuildingsystems.com,Vendor Spend Analyzer,Draft flux commentary for the Feb close,completed,53.0,"Treasury Feb variance was $844,533 vs plan",1773667394
r18-0000668,rwhite@coastalbuildingsystems.com,AP Aging Analyst,Explain the headcount variance vs plan,completed,68.9,"Treasury Jun variance was $116,749 vs plan",1773668945
r18-0000669,rwhite@coastalbuildingsystems.com,Budget vs Actual,Why did Ops spend exceed budget in Feb?,completed,32.2,"Ops Feb variance was $587,389 vs plan",1773682939
r18-0000670,rwhite@coastalbuildingsystems.com,AP Aging Analyst,Reconcile AP aging over 90 days for CA-08,completed,35.6,"FP&A Apr variance was $2,629,470 vs plan",1773682758
r18-0000671,bjones@coastalbuildingsystems.com,Flux Commentary,Which cost centers are over budget YTD?,completed,33.7,"Accounting Apr variance was $3,855,972 vs plan",1773686968
r18-0000672,jjones@coastalbuildingsystems.com,Board Deck Builder,Which cost centers are over budget YTD?,completed,28.7,"FP&A Feb variance was $2,114,577 vs plan",1773672042
r18-0000673,rwhite@coastalbuildingsystems.com,Journal Entry Reviewer,Explain the headcount variance vs plan,completed,50.2,"Ops Apr variance was $2,179,858 vs plan",1773688495
r18-0000674,sjackson@coastalbuildingsystems.com,Board Deck Builder,Draft flux commentary for the Mar close,completed,61.0,"Treasury Mar variance was $3,300,989 vs plan",1773672359
r18-0000675,sjackson@coastalbuildingsystems.com,AP Aging Analyst,Why did Treasury spend exceed budget in Jun?,error,3.8,FAILED: null reference in aggregation step,1773671501
r18-0000676,bjones@coastalbuildingsystems.com,Headcount Planner,Summarize the Jun variance for entity US-01,completed,19.0,"Ops Jun variance was $3,949,143 vs plan",1773692998
r18-0000677,jwhite@coastalbuildingsystems.com,Vendor Spend Analyzer,Check covenant compliance for the revolver,completed,0.6,FAILED: null reference in aggregation step,1773687283
r18-0000678,rwhite@coastalbuildingsystems.com,Covenant Checker,Explain the headcount variance vs plan,completed,37.7,"Ops May variance was $828,464 vs plan",1773699988
r18-0000679,lpatel@coastalbuildingsystems.com,Budget vs Actual,Reconcile AP aging over 90 days for EU-05,completed,60.8,"Accounting Mar variance was $1,869,305 vs plan",1773680725
r18-0000680,sbrown@coastalbuildingsystems.com,Revenue Recognizer,What drove the change in gross margin this quarter?,completed,1.1,error code 502 from model gateway,1773676500
r18-0000681,rwhite@coastalbuildingsystems.com,Board Deck Builder,Check covenant compliance for the revolver,error,2.8,error code 502 from model gateway,1773680688
r18-0000682,rperez@coastalbuildingsystems.com,Revenue Recognizer,Reconcile AP aging over 90 days for CA-07,completed,65.4,"Accounting Jan variance was $1,859,037 vs plan",1773692563
r18-0000683,jthompson@coastalbuildingsystems.com,Vendor Spend Analyzer,Forecast Jun operating cash flow,completed,43.5,"Treasury Jun variance was $227,454 vs plan",1773662400
r18-0000684,rperez@coastalbuildingsystems.com,Flux Commentary,Forecast Apr operating cash flow,completed,51.8,"Ops Apr variance was $3,662,557 vs plan",1773681533
r18-0000685,rwhite@coastalbuildingsystems.com,Journal Entry Reviewer,Why did FP&A spend exceed budget in Mar?,completed,73.5,"FP&A Mar variance was $1,406,104 vs plan",1773692829
r18-0000686,jjones@coastalbuildingsystems.com,AP Aging Analyst,Why did Ops spend exceed budget in Mar?,completed,19.9,"Ops Mar variance was $1,819,726 vs plan",1773691069
r18-0000687,btaylor@coastalbuildingsystems.com,Budget vs Actual,Check covenant compliance for the revolver,completed,45.2,"FP&A May variance was $3,796,193 vs plan",1773693407
r18-0000688,lperez@coastalbuildingsystems.com,Headcount Planner,Check covenant compliance for the revolver,completed,33.7,"Treasury Feb variance was $3,927,505 vs plan",1773675836
r18-0000689,dgonzalez@coastalbuildingsystems.com,Close Checklist Bot,Build the board deck cash slide for Jun,completed,49.7,"FP&A Jun variance was $584,034 vs plan",1773668660
r18-0000690,rwhite@coastalbuildingsystems.com,Board Deck Builder,Reconcile AP aging over 90 days for EU-01,completed,68.9,"Treasury Feb variance was $2,393,664 vs plan",1773690901
r18-0000691,rwhite@coastalbuildingsystems.com,Revenue Recognizer,Check covenant compliance for the revolver,completed,22.8,"FP&A Jan variance was $2,288,762 vs plan",1773694305
r18-0000692,rperez@coastalbuildingsystems.com,Close Checklist Bot,Draft flux commentary for the May close,completed,1.7,ERROR: upstream request timed out,1773674409
r18-0000693,bjones@coastalbuildingsystems.com,Covenant Checker,Draft flux commentary for the Apr close,completed,67.7,"Treasury Apr variance was $1,451,555 vs plan",1773687865
r18-0000694,rwhite@coastalbuildingsystems.com,Board Deck Builder,Which cost centers are over budget YTD?,completed,27.7,"Accounting May variance was $1,503,367 vs plan",1773692189
r18-0000695,canderson@coastalbuildingsystems.com,Close Checklist Bot,What drove the change in gross margin this quarter?,completed,66.0,"Accounting Jun variance was $2,151,351 vs plan",1773659118
r18-0000696,bjones@coastalbuildingsystems.com,Vendor Spend Analyzer,Explain the headcount variance vs plan,completed,39.0,"Ops Jun variance was $2,582,143 vs plan",1773674788
r18-0000697,bjones@coastalbuildingsystems.com,Journal Entry Reviewer,Reconcile AP aging over 90 days for EU-09,completed,33.0,"Accounting Feb variance was $3,024,307 vs plan",1773686287
r18-0000698,rwhite@coastalbuildingsystems.com,Variance Explainer,Which cost centers are over budget YTD?,completed,1.7,error code 502 from model gateway,1773678114
r18-0000699,dkim@coastalbuildingsystems.com,Budget vs Actual,Summarize the Jun variance for entity CA-07,completed,13.4,"Accounting Jun variance was $1,482,035 vs plan",1773673194
r18-0000700,jjones@coastalbuildingsystems.com,Close Checklist Bot,Reconcile AP aging over 90 days for US-04,completed,51.3,"Treasury Jan variance was $273,263 vs plan",1773665405
r18-0000701,jwhite2@coastalbuildingsystems.com,Revenue Recognizer,Explain the headcount variance vs plan,completed,13.0,"FP&A May variance was $4,332,393 vs plan",1773678225
r18-0000702,rwhite@coastalbuildingsystems.com,Board Deck Builder,Which cost centers are over budget YTD?,completed,64.7,"Treasury Feb variance was $1,513,015 vs plan",1773674544
r18-0000703,bjones@coastalbuildingsystems.com,Revenue Recognizer,Check covenant compliance for the revolver,completed,48.8,"Treasury Apr variance was $4,093,890 vs plan",1773671874
r18-0000704,rperez@coastalbuildingsystems.com,Variance Explainer,Summarize the Jan variance for entity MX-02,completed,14.0,"Treasury Jan variance was $2,627,537 vs plan",1773683877
r18-0000705,bjones@coastalbuildingsystems.com,Covenant Checker,Check covenant compliance for the revolver,completed,61.2,"Accounting Feb variance was $2,752,622 vs plan",1773682224
r18-0000706,jthompson@coastalbuildingsystems.com,Close Checklist Bot,Why did Accounting spend exceed budget in Apr?,completed,0.4,ERROR: upstream request timed out,1773696209
r18-0000707,btaylor@coastalbuildingsystems.com,Close Checklist Bot,Explain the headcount variance vs plan,completed,10.7,"FP&A Feb variance was $1,295,533 vs plan",1773688546
r18-0000708,rwhite@coastalbuildingsystems.com,Board Deck Builder,What drove the change in gross margin this quarter?,completed,23.8,"Ops Apr variance was $2,433,332 vs plan",1773676462
r18-0000709,rwhite@coastalbuildingsystems.com,Vendor Spend Analyzer,Reconcile AP aging over 90 days for CA-07,completed,21.7,"Ops Jun variance was $4,276,685 vs plan",1773672620
r18-0000710,rperez@coastalbuildingsystems.com,Revenue Recognizer,Build the board deck cash slide for Jan,completed,70.3,"Treasury Jan variance was $2,421,160 vs plan",1773669992
r18-0000711,dkim@coastalbuildingsystems.com,Revenue Recognizer,Forecast May operating cash flow,completed,16.8,"Treasury May variance was $225,081 vs plan",1773678219
r18-0000712,rwhite@coastalbuildingsystems.com,Headcount Planner,Why did Accounting spend exceed budget in Mar?,completed,35.8,"Accounting Mar variance was $2,109,167 vs plan",1773683162
r18-0000713,bjones@coastalbuildingsystems.com,Budget vs Actual,What drove the change in gross margin this quarter?,completed,53.1,"Ops May variance was $4,218,248 vs plan",1773673135
r18-0000714,rwhite@coastalbuildingsystems.com,Close Checklist Bot,Why did Accounting spend exceed budget in Apr?,completed,70.9,"Accounting Apr variance was $460,973 vs plan",1773665873
r18-0000715,bjones@coastalbuildingsystems.com,Variance Explainer,Reconcile AP aging over 90 days for CA-05,completed,56.2,"Ops Jan variance was $3,301,721 vs plan",1773680633
r18-0000716,bjones@coastalbuildingsystems.com,Variance Explainer,Forecast Jun operating cash flow,completed,29.5,"Accounting Jun variance was $4,074,692 vs plan",1773690341
r18-0000717,bjones@coastalbuildingsystems.com,Close Checklist Bot,Reconcile AP aging over 90 days for CA-06,completed,48.2,"Accounting Jan variance was $3,423,061 vs plan",1773666696
r18-0000718,bjones@coastalbuildingsystems.com,Budget vs Actual,Why did Accounting spend exceed budget in Apr?,completed,35.8,"Accounting Apr variance was $4,415,331 vs plan",1773683039
r18-0000719,jjones@coastalbuildingsystems.com,Headcount Planner,What drove the change in gross margin this quarter?,completed,58.9,"Treasury May variance was $574,654 vs plan",1773680982
r18-0000720,jwhite@coastalbuildingsystems.com,Vendor Spend Analyzer,Summarize the Mar variance for entity CA-03,completed,36.5,"Accounting Mar variance was $2,088,487 vs plan",1773686906
r18-0000721,bjones@coastalbuildingsystems.com,Variance Explainer,Summarize the Jan variance for entity MX-07,completed,64.8,"Ops Jan variance was $1,281,337 vs plan",1773670880
r18-0000722,jjones@coastalbuildingsystems.com,Covenant Checker,Which cost centers are over budget YTD?,completed,29.9,"FP&A May variance was $3,453,633 vs plan",1773670615
r18-0000723,bjones@coastalbuildingsystems.com,AP Aging Analyst,Forecast Feb operating cash flow,completed,21.0,"Accounting Feb variance was $1,116,306 vs plan",1773674044
r18-0000724,dkim@coastalbuildingsystems.com,Flux Commentary,Reconcile AP aging over 90 days for MX-09,completed,52.2,"Accounting Mar variance was $1,039,670 vs plan",1773767369
r18-0000725,rwhite@coastalbuildingsystems.com,Vendor Spend Analyzer,Why did Accounting spend exceed budget in Mar?,completed,68.1,"Accounting Mar variance was $85,640 vs plan",1773752984
r18-0000726,lperez@coastalbuildingsystems.com,Close Checklist Bot,Summarize the Apr variance for entity US-06,error,3.8,ERROR: upstream request timed out,1773775565
r18-0000727,rwhite@coastalbuildingsystems.com,Flux Commentary,Which cost centers are over budget YTD?,completed,71.3,"Ops Mar variance was $2,327,294 vs plan",1773745935
r18-0000728,rwhite@coastalbuildingsystems.com,Variance Explainer,Check covenant compliance for the revolver,completed,34.4,"Ops Feb variance was $1,207,428 vs plan",1773766630
r18-0000729,rthompson@coastalbuildingsystems.com,Vendor Spend Analyzer,Forecast Jan operating cash flow,completed,36.3,"Ops Jan variance was $984,238 vs plan",1773778755
r18-0000730,bjones@coastalbuildingsystems.com,AP Aging Analyst,Explain the headcount variance vs plan,completed,19.3,"FP&A Jan variance was $1,794,960 vs plan",1773761743
r18-0000731,rperez@coastalbuildingsystems.com,Close Checklist Bot,Check covenant compliance for the revolver,completed,25.6,"FP&A Jun variance was $3,770,674 vs plan",1773760024
r18-0000732,rwhite@coastalbuildingsystems.com,Revenue Recognizer,Explain the headcount variance vs plan,completed,9.1,"Treasury Mar variance was $1,384,923 vs plan",1773769489
r18-0000733,jwhite2@coastalbuildingsystems.com,Cash Forecaster,Check covenant compliance for the revolver,completed,74.6,"Accounting Jan variance was $943,371 vs plan",1773755406
r18-0000734,rwhite@coastalbuildingsystems.com,Revenue Recognizer,Build the board deck cash slide for Feb,completed,52.3,"Ops Feb variance was $4,504,084 vs plan",1773753471
r18-0000735,rwhite@coastalbuildingsystems.com,Flux Commentary,Draft flux commentary for the Jan close,completed,0.4,error: connection reset by peer,1773749942
r18-0000736,btaylor@coastalbuildingsystems.com,Flux Commentary,Why did FP&A spend exceed budget in May?,completed,51.0,"FP&A May variance was $3,940,743 vs plan",1773769070
r18-0000737,rwhite@coastalbuildingsystems.com,Headcount Planner,Check covenant compliance for the revolver,completed,62.8,"Accounting Jan variance was $1,028,080 vs plan",1773773950
r18-0000738,rwhite@coastalbuildingsystems.com,Revenue Recognizer,Which cost centers are over budget YTD?,completed,34.4,"Ops May variance was $3,030,586 vs plan",1773753329
r18-0000739,rwhite@coastalbuildingsystems.com,Cash Forecaster,Draft flux commentary for the Mar close,completed,72.8,"Accounting Mar variance was $2,989,056 vs plan",1773768797
r18-0000740,bjones@coastalbuildingsystems.com,Board Deck Builder,Forecast May operating cash flow,completed,4.7,"Accounting May variance was $4,173,948 vs plan",1773773724
r18-0000741,rwhite@coastalbuildingsystems.com,Vendor Spend Analyzer,Forecast Mar operating cash flow,completed,13.9,"Treasury Mar variance was $515,912 vs plan",1773767006
r18-0000742,rwhite@coastalbuildingsystems.com,Journal Entry Reviewer,Which cost centers are over budget YTD?,completed,60.3,"Accounting May variance was $4,434,368 vs plan",1773764999
r18-0000743,jwhite@coastalbuildingsystems.com,Cash Forecaster,Reconcile AP aging over 90 days for US-01,completed,47.3,"Treasury May variance was $1,884,411 vs plan",1773772183
r18-0000744,bjones@coastalbuildingsystems.com,Vendor Spend Analyzer,Build the board deck cash slide for Jun,error,4.2,FAILED: null reference in aggregation step,1773779944
r18-0000745,dkim@coastalbuildingsystems.com,Headcount Planner,Check covenant compliance for the revolver,completed,0.9,error code 502 from model gateway,1773745710
r18-0000746,bjones@coastalbuildingsystems.com,Revenue Recognizer,Explain the headcount variance vs plan,completed,29.8,"Ops Jun variance was $432,200 vs plan",1773783478
r18-0000747,rwhite@coastalbuildingsystems.com,AP Aging Analyst,Reconcile AP aging over 90 days for MX-03,completed,25.9,"FP&A Feb variance was $3,329,816 vs plan",1773761608
r18-0000748,jthompson@coastalbuildingsystems.com,Variance Explainer,Explain the headcount variance vs plan,completed,24.2,"Accounting Feb variance was $1,180,541 vs plan",1773784387
r18-0000749,bjones@coastalbuildingsystems.com,Covenant Checker,Summarize the Jun variance for entity CA-09,completed,66.7,"Accounting Jun variance was $3,439,988 vs plan",1773768645
r18-0000750,bjones@coastalbuildingsystems.com,Variance Explainer,Summarize the Mar variance for entity EU-06,completed,8.0,"FP&A Mar variance was $876,469 vs plan",1773772287
r18-0000751,jwhite@coastalbuildingsystems.com,Flux Commentary,Which cost centers are over budget YTD?,completed,72.2,"Ops Jan variance was $719,665 vs plan",1773773271
r18-0000752,btaylor@coastalbuildingsystems.com,AP Aging Analyst,Reconcile AP aging over 90 days for CA-01,completed,31.5,"Accounting Jan variance was $1,390,971 vs plan",1773788100
r18-0000753,jwhite2@coastalbuildingsystems.com,Revenue Recognizer,Draft flux commentary for the Jan close,completed,55.2,"FP&A Jan variance was $878,297 vs plan",1773756353
r18-0000754,rthompson@coastalbuildingsystems.com,Revenue Recognizer,Reconcile AP aging over 90 days for EU-06,completed,25.4,"Treasury Apr variance was $2,066,747 vs plan",1773773819
r18-0000755,btaylor@coastalbuildingsystems.com,Revenue Recognizer,Reconcile AP aging over 90 days for EU-05,completed,10.1,"Accounting Feb variance was $1,540,214 vs plan",1773755351
r18-0000756,dkim@coastalbuildingsystems.com,AP Aging Analyst,Build the board deck cash slide for Mar,completed,16.6,"FP&A Mar variance was $564,361 vs plan",1773756736
r18-0000757,bjones@coastalbuildingsystems.com,Cash Forecaster,Explain the headcount variance vs plan,completed,54.9,"Treasury Apr variance was $3,724,903 vs plan",1773775430
r18-0000758,dkim@coastalbuildingsystems.com,Cash Forecaster,Why did Ops spend exceed budget in Jan?,completed,0.4,FAILED: null reference in aggregation step,1773750475
r18-0000759,rwhite@coastalbuildingsystems.com,Budget vs Actual,Forecast Mar operating cash flow,completed,38.6,"Accounting Mar variance was $682,299 vs plan",1773763661
r18-0000760,rwhite@coastalbuildingsystems.com,Board Deck Builder,Build the board deck cash slide for May,completed,69.2,"Accounting May variance was $526,370 vs plan",1773749959
r18-0000761,rwhite@coastalbuildingsystems.com,Budget vs Actual,Build the board deck cash slide for Apr,completed,50.4,"FP&A Apr variance was $2,881,931 vs plan",1773769310
r18-0000762,jwhite2@coastalbuildingsystems.com,Headcount Planner,Summarize the Jan variance for entity US-07,completed,1.8,FAILED: null reference in aggregation step,1773756382
r18-0000763,bjones@coastalbuildingsystems.com,Variance Explainer,What drove the change in gross margin this quarter?,completed,20.1,"Ops Jun variance was $1,604,889 vs plan",1773754229
r18-0000764,lperez@coastalbuildingsystems.com,Revenue Recognizer,Forecast Jun operating cash flow,completed,14.0,"Ops Jun variance was $4,017,979 vs plan",1773780001
r18-0000765,bjones@coastalbuildingsystems.com,Journal Entry Reviewer,What drove the change in gross margin this quarter?,completed,19.6,"FP&A Jan variance was $3,624,641 vs plan",1773753429
r18-0000766,bjones@coastalbuildingsystems.com,Board Deck Builder,Forecast May operating cash flow,completed,18.2,"Accounting May variance was $2,416,516 vs plan",1773775377
r18-0000767,bjones@coastalbuildingsystems.com,Headcount Planner,Summarize the Mar variance for entity CA-01,completed,50.6,"Ops Mar variance was $2,406,349 vs plan",1773769548
r18-0000768,rperez@coastalbuildingsystems.com,AP Aging Analyst,Why did Treasury spend exceed budget in Feb?,completed,65.4,"Treasury Feb variance was $373,081 vs plan",1773779432
r18-0000769,rwhite@coastalbuildingsystems.com,Vendor Spend Analyzer,Draft flux commentary for the Apr close,completed,53.5,"FP&A Apr variance was $876,629 vs plan",1773772140
r18-0000770,rwhite@coastalbuildingsystems.com,Vendor Spend Analyzer,Forecast Mar operating cash flow,completed,28.6,"Treasury Mar variance was $2,802,205 vs plan",1773780945
r18-0000771,rperez@coastalbuildingsystems.com,Revenue Recognizer,Check covenant compliance for the revolver,completed,30.5,"Ops Jun variance was $3,572,747 vs plan",1773786824
r18-0000772,rwhite@coastalbuildingsystems.com,Flux Commentary,Draft flux commentary for the Feb close,completed,53.2,"FP&A Feb variance was $1,293,597 vs plan",1773761345
r18-0000773,rwhite@coastalbuildingsystems.com,Headcount Planner,Reconcile AP aging over 90 days for MX-03,completed,56.0,"Treasury May variance was $2,006,208 vs plan",1773764497
r18-0000774,rperez@coastalbuildingsystems.com,AP Aging Analyst,What drove the change in gross margin this quarter?,completed,65.9,"Treasury Feb variance was $594,867 vs plan",1773755082
r18-0000775,rwhite@coastalbuildingsystems.com,Close Checklist Bot,Check covenant compliance for the revolver,completed,16.2,"Treasury May variance was $1,834,313 vs plan",1773761635
r18-0000776,rwhite@coastalbuildingsystems.com,Variance Explainer,Build the board deck cash slide for Feb,completed,49.2,"Ops Feb variance was $4,351,893 vs plan",1773768273
r18-0000777,bjones@coastalbuildingsystems.com,Covenant Checker,Summarize the May variance for entity US-02,completed,54.1,"Treasury May variance was $1,512,897 vs plan",1773771894
r18-0000778,rperez@coastalbuildingsystems.com,Cash Forecaster,Which cost centers are over budget YTD?,completed,21.5,"Ops Apr variance was $230,053 vs plan",1773778623
r18-0000779,bjones@coastalbuildingsystems.com,Vendor Spend Analyzer,Reconcile AP aging over 90 days for EU-04,completed,27.9,"Accounting Apr variance was $1,693,759 vs plan",1773766863
r18-0000780,rperez@coastalbuildingsystems.com,Journal Entry Reviewer,What drove the change in gross margin this quarter?,completed,9.9,"FP&A Jan variance was $2,406,261 vs plan",1773777450
r18-0000781,sbrown@coastalbuildingsystems.com,Journal Entry Reviewer,Summarize the Apr variance for entity EU-08,completed,1.6,error: connection reset by peer,1773761407
r18-0000782,rwhite@coastalbuildingsystems.com,Close Checklist Bot,What drove the change in gross margin this quarter?,completed,28.6,"Ops Jun variance was $1,007,017 vs plan",1773769772
r18-0000783,rwhite@coastalbuildingsystems.com,Journal Entry Reviewer,Summarize the Apr variance for entity MX-09,completed,63.6,"Ops Apr variance was $4,447,599 vs plan",1773854807
r18-0000784,jwhite@coastalbuildingsystems.com,Budget vs Actual,Check covenant compliance for the revolver,completed,49.0,"FP&A May variance was $497,405 vs plan",1773874381
r18-0000785,sjackson@coastalbuildingsystems.com,Journal Entry Reviewer,Build the board deck cash slide for Feb,error,4.8,ERROR: upstream request timed out,1773863869
r18-0000786,bjones@coastalbuildingsystems.com,Journal Entry Reviewer,Draft flux commentary for the Mar close,completed,38.7,"FP&A Mar variance was $4,517,377 vs plan",1773878147
r18-0000787,rperez@coastalbuildingsystems.com,Board Deck Builder,Explain the headcount variance vs plan,completed,26.6,"Accounting May variance was $107,082 vs plan",1773853210
r18-0000788,jjones@coastalbuildingsystems.com,Close Checklist Bot,What drove the change in gross margin this quarter?,completed,18.5,"Treasury Apr variance was $1,495,194 vs plan",1773839012
r18-0000789,bjones@coastalbuildingsystems.com,Flux Commentary,Forecast May operating cash flow,completed,57.4,"Treasury May variance was $2,926,556 vs plan",1773841246
r18-0000790,bjones@coastalbuildingsystems.com,Covenant Checker,Explain the headcount variance vs plan,completed,60.8,"Accounting Feb variance was $4,233,331 vs plan",1773847256
r18-0000791,dkim@coastalbuildingsystems.com,Variance Explainer,Draft flux commentary for the Jun close,completed,6.9,"FP&A Jun variance was $3,367,052 vs plan",1773850315
r18-0000792,rperez@coastalbuildingsystems.com,Variance Explainer,Why did FP&A spend exceed budget in Mar?,completed,13.6,"FP&A Mar variance was $1,315,592 vs plan",1773852678
r18-0000793,rwhite@coastalbuildingsystems.com,Revenue Recognizer,Reconcile AP aging over 90 days for CA-06,completed,39.9,"Accounting Apr variance was $879,143 vs plan",1773854516
r18-0000794,rwhite@coastalbuildingsystems.com,Board Deck Builder,Forecast Apr operating cash flow,error,5.5,Traceback (most recent call last): KeyError 'entity',1773852763
r18-0000795,sjackson@coastalbuildingsystems.com,Variance Explainer,What drove the change in gross margin this quarter?,completed,43.5,"Treasury May variance was $2,202,719 vs plan",1773844032
r18-0000796,bjones@coastalbuildingsystems.com,Covenant Checker,Summarize the Feb variance for entity CA-06,completed,41.5,"FP&A Feb variance was $3,944,059 vs plan",1773869217
r18-0000797,rwhite@coastalbuildingsystems.com,Variance Explainer,Why did FP&A spend exceed budget in May?,completed,53.1,"FP&A May variance was $4,633,275 vs plan",1773858629
r18-0000798,lperez@coastalbuildingsystems.com,AP Aging Analyst,Forecast May operating cash flow,completed,40.7,"FP&A May variance was $480,274 vs plan",1773838294
r18-0000799,sbrown@coastalbuildingsystems.com,Headcount Planner,Check covenant compliance for the revolver,completed,72.4,"Treasury Jun variance was $4,699,211 vs plan",1773870522
r18-0000800,rwhite@coastalbuildingsystems.com,AP Aging Analyst,Reconcile AP aging over 90 days for EU-07,completed,22.1,"Accounting Jan variance was $2,840,995 vs plan",1773865743
r18-0000801,bjones@coastalbuildingsystems.com,AP Aging Analyst,What drove the change in gross margin this quarter?,completed,23.6,"Ops May variance was $1,577,779 vs plan",1773856225
r18-0000802,rperez@coastalbuildingsystems.com,Covenant Checker,Why did Accounting spend exceed budget in Apr?,completed,4.0,"Accounting Apr variance was $1,729,489 vs plan",1773841809
r18-0000803,bjones@coastalbuildingsystems.com,Journal Entry Reviewer,Forecast Jan operating cash flow,completed,74.2,"Treasury Jan variance was $3,856,766 vs plan",1773867060
r18-0000804,jjones@coastalbuildingsystems.com,Revenue Recognizer,Reconcile AP aging over 90 days for CA-07,completed,39.4,"Ops May variance was $2,579,194 vs plan",1773854171
r18-0000805,lperez@coastalbuildingsystems.com,Journal Entry Reviewer,Check covenant compliance for the revolver,completed,53.6,"FP&A Jan variance was $940,535 vs plan",1773854907
r18-0000806,dkim@coastalbuildingsystems.com,AP Aging Analyst,Forecast Jan operating cash flow,completed,15.5,"FP&A Jan variance was $3,787,252 vs plan",1773838094
r18-0000807,btaylor@coastalbuildingsystems.com,Flux Commentary,Draft flux commentary for the Feb close,completed,67.2,"Treasury Feb variance was $2,636,179 vs plan",1773861165
r18-0000808,bjones@coastalbuildingsystems.com,Budget vs Actual,What drove the change in gross margin this quarter?,completed,68.4,"Treasury May variance was $1,714,269 vs plan",1773854829
r18-0000809,bjones@coastalbuildingsystems.com,Budget vs Actual,Which cost centers are over budget YTD?,completed,49.4,"Ops May variance was $2,922,692 vs plan",1773862427
r18-0000810,rperez@coastalbuildingsystems.com,Budget vs Actual,What drove the change in gross margin this quarter?,completed,21.0,"FP&A Apr variance was $4,694,705 vs plan",1773867919
r18-0000811,rwhite@coastalbuildingsystems.com,Budget vs Actual,Forecast Feb operating cash flow,completed,7.2,"Accounting Feb variance was $2,800,390 vs plan",1773852447
r18-0000812,bjones@coastalbuildingsystems.com,Headcount Planner,Draft flux commentary for the Apr close,error,5.3,Traceback (most recent call last): KeyError 'entity',1773842682
r18-0000813,bjones@coastalbuildingsystems.com,Cash Forecaster,Check covenant compliance for the revolver,completed,28.1,"Treasury Apr variance was $2,910,470 vs plan",1773852510
r18-0000814,rwhite@coastalbuildingsystems.com,Flux Commentary,Why did Accounting spend exceed budget in Jan?,completed,48.8,"Accounting Jan variance was $2,537,476 vs plan",1773851068
r18-0000815,sbrown@coastalbuildingsystems.com,Revenue Recognizer,Build the board deck cash slide for Jan,completed,8.2,"Ops Jan variance was $2,349,518 vs plan",1773846435
r18-0000816,jwhite@coastalbuildingsystems.com,Vendor Spend Analyzer,Forecast Feb operating cash flow,completed,32.9,"Ops Feb variance was $2,534,502 vs plan",1773849001
r18-0000817,bjones@coastalbuildingsystems.com,Board Deck Builder,What drove the change in gross margin this quarter?,completed,1.8,error code 502 from model gateway,1773869420
r18-0000818,bjones@coastalbuildingsystems.com,Board Deck Builder,Summarize the Mar variance for entity US-04,completed,68.7,"FP&A Mar variance was $1,425,522 vs plan",1773849500
r18-0000819,dkim@coastalbuildingsystems.com,Journal Entry Reviewer,Build the board deck cash slide for May,completed,72.4,"Accounting May variance was $2,573,453 vs plan",1773846008
r18-0000820,rwhite@coastalbuildingsystems.com,Variance Explainer,Draft flux commentary for the Jan close,completed,29.1,"Treasury Jan variance was $3,530,255 vs plan",1773855187
r18-0000821,rperez@coastalbuildingsystems.com,Close Checklist Bot,Which cost centers are over budget YTD?,error,7.0,FAILED: null reference in aggregation step,1773857304
r18-0000822,rperez@coastalbuildingsystems.com,Close Checklist Bot,Check covenant compliance for the revolver,completed,1.3,error: connection reset by peer,1773848408
r18-0000823,rwhite@coastalbuildingsystems.com,Budget vs Actual,Forecast May operating cash flow,completed,41.1,"Accounting May variance was $3,625,506 vs plan",1773853803
r18-0000824,rwhite@coastalbuildingsystems.com,Covenant Checker,Build the board deck cash slide for Feb,completed,51.4,"Accounting Feb variance was $507,977 vs plan",1773858928
r18-0000825,bjones@coastalbuildingsystems.com,Board Deck Builder,Forecast Jan operating cash flow,completed,0.7,ERROR: upstream request timed out,1773834888
r18-0000826,jwhite@coastalbuildingsystems.com,Variance Explainer,Reconcile AP aging over 90 days for EU-09,completed,69.3,"FP&A Mar variance was $386,452 vs plan",1773847548
r18-0000827,dkim@coastalbuildingsystems.com,Budget vs Actual,Explain the headcount variance vs plan,completed,1.8,error code 502 from model gateway,1773847051
r18-0000828,bjones@coastalbuildingsystems.com,Flux Commentary,Check covenant compliance for the revolver,completed,42.8,"Treasury Jan variance was $2,262,934 vs plan",1773852143
r18-0000829,bjones@coastalbuildingsystems.com,AP Aging Analyst,Which cost centers are over budget YTD?,completed,62.1,"FP&A Apr variance was $3,277,463 vs plan",1773846411
r18-0000830,rwhite@coastalbuildingsystems.com,Close Checklist Bot,Which cost centers are over budget YTD?,completed,40.6,"Ops Apr variance was $595,428 vs plan",1773856528
r18-0000831,dgonzalez@coastalbuildingsystems.com,Journal Entry Reviewer,Forecast Feb operating cash flow,completed,73.4,"Accounting Feb variance was $3,502,340 vs plan",1773847557
r18-0000832,wharris@coastalbuildingsystems.com,Cash Forecaster,Why did Accounting spend exceed budget in Feb?,completed,50.7,"Accounting Feb variance was $712,613 vs plan",1773879936
r18-0000833,sjackson@coastalbuildingsystems.com,Flux Commentary,Why did Accounting spend exceed budget in Jun?,completed,63.4,"Accounting Jun variance was $205,675 vs plan",1773859631
r18-0000834,jjones@coastalbuildingsystems.com,Covenant Checker,Explain the headcount variance vs plan,completed,51.7,"FP&A Apr variance was $3,812,014 vs plan",1773833524
r18-0000835,lperez@coastalbuildingsystems.com,Budget vs Actual,Reconcile AP aging over 90 days for CA-01,completed,72.1,"Treasury Feb variance was $1,807,774 vs plan",1773859462
r18-0000836,rwhite@coastalbuildingsystems.com,Cash Forecaster,What drove the change in gross margin this quarter?,completed,62.2,"Ops May variance was $4,210,494 vs plan",1773867013
r18-0000837,bjones@coastalbuildingsystems.com,Covenant Checker,Why did Ops spend exceed budget in May?,completed,31.0,"Ops May variance was $517,323 vs plan",1773835633
r18-0000838,canderson@coastalbuildingsystems.com,Cash Forecaster,What drove the change in gross margin this quarter?,completed,3.6,"Treasury Mar variance was $2,738,910 vs plan",1773858758
r18-0000839,jthompson@coastalbuildingsystems.com,Flux Commentary,Which cost centers are over budget YTD?,completed,44.0,"FP&A Mar variance was $4,538,596 vs plan",1773851120
r18-0000840,rwhite@coastalbuildingsystems.com,Covenant Checker,What drove the change in gross margin this quarter?,completed,67.2,"FP&A Jun variance was $597,116 vs plan",1773844029
r18-0000841,sbrown@coastalbuildingsystems.com,Revenue Recognizer,Reconcile AP aging over 90 days for US-03,error,6.3,FAILED: null reference in aggregation step,1773955323
r18-0000842,jthompson@coastalbuildingsystems.com,Covenant Checker,Forecast Apr operating cash flow,completed,59.1,"FP&A Apr variance was $1,984,159 vs plan",1773950872
r18-0000843,dgonzalez@coastalbuildingsystems.com,Close Checklist Bot,What drove the change in gross margin this quarter?,completed,13.7,"Ops Apr variance was $3,526,345 vs plan",1773914935
r18-0000844,rwhite@coastalbuildingsystems.com,AP Aging Analyst,Which cost centers are over budget YTD?,completed,39.0,"Ops Mar variance was $3,095,787 vs plan",1773952231
r18-0000845,rwhite@coastalbuildingsystems.com,Headcount Planner,Explain the headcount variance vs plan,completed,7.7,"Treasury Feb variance was $2,055,103 vs plan",1773935282
r18-0000846,dkim@coastalbuildingsystems.com,AP Aging Analyst,Draft flux commentary for the Jan close,completed,29.3,"Treasury Jan variance was $2,362,901 vs plan",1773945796
r18-0000847,rwhite@coastalbuildingsystems.com,Close Checklist Bot,Reconcile AP aging over 90 days for US-01,completed,55.0,"Treasury Jan variance was $139,971 vs plan",1773927136
r18-0000848,rperez@coastalbuildingsystems.com,Variance Explainer,Build the board deck cash slide for Apr,error,2.0,Traceback (most recent call last): KeyError 'entity',1773950853
r18-0000849,rwhite@coastalbuildingsystems.com,Journal Entry Reviewer,What drove the change in gross margin this quarter?,completed,59.5,"Treasury Jun variance was $1,726,590 vs plan",1773940624
r18-0000850,rperez@coastalbuildingsystems.com,Cash Forecaster,Draft flux commentary for the Mar close,completed,3.2,"Accounting Mar variance was $2,630,077 vs plan",1773940761
r18-0000851,rwhite@coastalbuildingsystems.com,Revenue Recognizer,Summarize the Apr variance for entity CA-06,completed,35.3,"FP&A Apr variance was $3,971,797 vs plan",1773946238
r18-0000852,rwhite@coastalbuildingsystems.com,Headcount Planner,Build the board deck cash slide for Apr,completed,15.0,"Treasury Apr variance was $3,194,999 vs plan",1773942800
r18-0000853,bjones@coastalbuildingsystems.com,Headcount Planner,Reconcile AP aging over 90 days for US-07,completed,10.3,"Accounting Jun variance was $3,629,002 vs plan",1773927868
r18-0000854,btaylor@coastalbuildingsystems.com,Variance Explainer,Explain the headcount variance vs plan,completed,75.0,"Accounting Mar variance was $3,126,032 vs plan",1773919612
r18-0000855,rwhite@coastalbuildingsystems.com,Board Deck Builder,Explain the headcount variance vs plan,completed,53.4,"Treasury Apr variance was $3,507,937 vs plan",1773935431
r18-0000856,rwhite@coastalbuildingsystems.com,Revenue Recognizer,Why did Ops spend exceed budget in Apr?,completed,28.1,"Ops Apr variance was $3,048,532 vs plan",1773942503
r18-0000857,rwhite@coastalbuildingsystems.com,Covenant Checker,Why did FP&A spend exceed budget in Jun?,completed,27.9,"FP&A Jun variance was $1,020,668 vs plan",1773933584
r18-0000858,dgonzalez@coastalbuildingsystems.com,Budget vs Actual,Why did Treasury spend exceed budget in Jun?,completed,3.6,"Treasury Jun variance was $2,054,740 vs plan",1773930070
r18-0000859,bjones@coastalbuildingsystems.com,Revenue Recognizer,Build the board deck cash slide for Apr,completed,1.9,FAILED: null reference in aggregation step,1773937145
r18-0000860,rwhite@coastalbuildingsystems.com,AP Aging Analyst,What drove the change in gross margin this quarter?,completed,11.8,"Treasury Mar variance was $721,318 vs plan",1773946535
r18-0000861,rwhite@coastalbuildingsystems.com,AP Aging Analyst,Which cost centers are over budget YTD?,error,6.2,Traceback (most recent call last): KeyError 'entity',1773945289
r18-0000862,btaylor@coastalbuildingsystems.com,Flux Commentary,Summarize the Apr variance for entity EU-09,completed,44.2,"FP&A Apr variance was $4,522,378 vs plan",1773937173
r18-0000863,rwhite@coastalbuildingsystems.com,AP Aging Analyst,Explain the headcount variance vs plan,completed,36.2,"Accounting Feb variance was $2,699,069 vs plan",1773931661
r18-0000864,rwhite@coastalbuildingsystems.com,Headcount Planner,Summarize the Apr variance for entity EU-01,completed,32.2,"Ops Apr variance was $503,931 vs plan",1773949462
r18-0000865,lperez@coastalbuildingsystems.com,AP Aging Analyst,Build the board deck cash slide for Jan,completed,18.0,"Accounting Jan variance was $39,759 vs plan",1773931152
r18-0000866,canderson@coastalbuildingsystems.com,Cash Forecaster,Build the board deck cash slide for Mar,completed,25.2,"Treasury Mar variance was $1,755,421 vs plan",1773935539
r18-0000867,rwhite@coastalbuildingsystems.com,Revenue Recognizer,Draft flux commentary for the May close,completed,64.0,"Ops May variance was $4,286,123 vs plan",1773946944
r18-0000868,lpatel@coastalbuildingsystems.com,Headcount Planner,Reconcile AP aging over 90 days for CA-07,completed,28.2,"Ops Mar variance was $1,462,648 vs plan",1773957185
r18-0000869,bjones@coastalbuildingsystems.com,Flux Commentary,Check covenant compliance for the revolver,completed,52.6,"Treasury May variance was $2,452,943 vs plan",1773933414
r18-0000870,rwhite@coastalbuildingsystems.com,Cash Forecaster,Check covenant compliance for the revolver,completed,70.3,"Treasury Feb variance was $2,833,451 vs plan",1773937657
r18-0000871,bjones@coastalbuildingsystems.com,Journal Entry Reviewer,Reconcile AP aging over 90 days for CA-03,completed,67.1,"Accounting Jun variance was $2,337,933 vs plan",1773942574
r18-0000872,bjones@coastalbuildingsystems.com,Headcount Planner,Check covenant compliance for the revolver,completed,51.0,"Ops Apr variance was $2,976,957 vs plan",1773936372
r18-0000873,lpatel@coastalbuildingsystems.com,Journal Entry Reviewer,Build the board deck cash slide for May,completed,69.3,"Treasury May variance was $1,387,297 vs plan",1773933344
r18-0000874,rwhite@coastalbuildingsystems.com,Budget vs Actual,Why did Treasury spend exceed budget in Apr?,error,2.1,ERROR: upstream request timed out,1773938688
r18-0000875,rwhite@coastalbuildingsystems.com,AP Aging Analyst,What drove the change in gross margin this quarter?,completed,32.6,"Accounting May variance was $2,727,717 vs plan",1773938846
r18-0000876,rwhite@coastalbuildingsystems.com,Budget vs Actual,Why did Treasury spend exceed budget in Apr?,completed,34.7,"Treasury Apr variance was $2,643,176 vs plan",1773923780
r18-0000877,rwhite@coastalbuildingsystems.com,Board Deck Builder,Forecast Jan operating cash flow,completed,63.8,"Ops Jan variance was $3,991,375 vs plan",1773925728
r18-0000878,rwhite@coastalbuildingsystems.com,Board Deck Builder,Check covenant compliance for the revolver,completed,46.8,"Accounting Jan variance was $1,256,399 vs plan",1773941941
r18-0000879,rthompson@coastalbuildingsystems.com,Covenant Checker,Summarize the Apr variance for entity MX-01,completed,1.4,error code 502 from model gateway,1773940470
r18-0000880,rwhite@coastalbuildingsystems.com,Budget vs Actual,Check covenant compliance for the revolver,completed,25.8,"Accounting Jan variance was $232,659 vs plan",1773938558
r18-0000881,dkim@coastalbuildingsystems.com,Budget vs Actual,Why did Treasury spend exceed budget in Apr?,completed,12.7,"Treasury Apr variance was $1,661,517 vs plan",1773924479
r18-0000882,btaylor@coastalbuildingsystems.com,Vendor Spend Analyzer,Check covenant compliance for the revolver,completed,42.7,"Accounting May variance was $2,888,875 vs plan",1773930097
r18-0000883,dkim@coastalbuildingsystems.com,AP Aging Analyst,Check covenant compliance for the revolver,completed,1.6,Traceback (most recent call last): KeyError 'entity',1773953384
r18-0000884,dkim@coastalbuildingsystems.com,AP Aging Analyst,Forecast Mar operating cash flow,completed,31.7,"Ops Mar variance was $3,371,615 vs plan",1773937204
r18-0000885,dkim@coastalbuildingsystems.com,Budget vs Actual,Check covenant compliance for the revolver,completed,63.3,"Accounting Feb variance was $2,324,949 vs plan",1773921553
r18-0000886,rwhite@coastalbuildingsystems.com,Flux Commentary,Draft flux commentary for the Mar close,completed,7.2,"FP&A Mar variance was $40,914 vs plan",1773947793
r18-0000887,rwhite@coastalbuildingsystems.com,Board Deck Builder,Explain the headcount variance vs plan,completed,54.9,"Treasury Apr variance was $2,806,192 vs plan",1773919396
r18-0000888,wharris@coastalbuildingsystems.com,Journal Entry Reviewer,Why did Treasury spend exceed budget in Apr?,completed,70.4,"Treasury Apr variance was $3,438,131 vs plan",1773934348
r18-0000889,rwhite@coastalbuildingsystems.com,Headcount Planner,Summarize the Feb variance for entity US-04,completed,34.7,"Treasury Feb variance was $4,365,679 vs plan",1773933505
r18-0000890,rwhite@coastalbuildingsystems.com,Revenue Recognizer,Reconcile AP aging over 90 days for EU-05,completed,7.2,"FP&A May variance was $2,021,353 vs plan",1773939507
r18-0000891,rwhite@coastalbuildingsystems.com,Journal Entry Reviewer,What drove the change in gross margin this quarter?,completed,53.7,"FP&A Apr variance was $4,072,640 vs plan",1773955819
r18-0000892,lpatel@coastalbuildingsystems.com,Journal Entry Reviewer,Draft flux commentary for the Mar close,completed,49.3,"Treasury Mar variance was $3,109,704 vs plan",1773949851
r18-0000893,rwhite@coastalbuildingsystems.com,Vendor Spend Analyzer,Which cost centers are over budget YTD?,completed,20.6,"Treasury Jan variance was $936,794 vs plan",1773923686
r18-0000894,jjones@coastalbuildingsystems.com,Variance Explainer,Forecast Jan operating cash flow,completed,3.7,"Ops Jan variance was $4,280,919 vs plan",1773929047
r18-0000895,jjones@coastalbuildingsystems.com,Revenue Recognizer,Forecast Mar operating cash flow,completed,37.0,"FP&A Mar variance was $2,045,776 vs plan",1773945705
r18-0000896,bjones@coastalbuildingsystems.com,Cash Forecaster,Build the board deck cash slide for Mar,completed,15.3,"FP&A Mar variance was $2,939,045 vs plan",1773930328
r18-0000897,rwhite@coastalbuildingsystems.com,Flux Commentary,Draft flux commentary for the May close,completed,43.1,"FP&A May variance was $1,535,834 vs plan",1773940550
r18-0000898,jwhite@coastalbuildingsystems.com,Board Deck Builder,Why did FP&A spend exceed budget in Feb?,completed,26.5,"FP&A Feb variance was $4,174,971 vs plan",1773925763
r18-0000899,lpatel@coastalbuildingsystems.com,AP Aging Analyst,Build the board deck cash slide for Feb,completed,33.3,"Treasury Feb variance was $1,795,986 vs plan",1773934334
r18-0000900,bjones@coastalbuildingsystems.com,Budget vs Actual,Reconcile AP aging over 90 days for CA-02,completed,41.6,"Accounting Apr variance was $3,725,613 vs plan",1773949291
r18-0000901,dkim@coastalbuildingsystems.com,Covenant Checker,Check covenant compliance for the revolver,completed,61.2,"FP&A Feb variance was $2,579,006 vs plan",1773936901
r18-0000902,bjones@coastalbuildingsystems.com,AP Aging Analyst,Reconcile AP aging over 90 days for CA-07,completed,17.0,"Treasury Feb variance was $3,681,359 vs plan",1774031737
r18-0000903,rperez@coastalbuildingsystems.com,Headcount Planner,Which cost centers are over budget YTD?,completed,59.9,"Accounting Apr variance was $3,496,058 vs plan",1774027303
r18-0000904,canderson@coastalbuildingsystems.com,Cash Forecaster,Which cost centers are over budget YTD?,completed,24.9,"FP&A Feb variance was $1,818,931 vs plan",1774040471
r18-0000905,dkim@coastalbuildingsystems.com,Revenue Recognizer,Build the board deck cash slide for Jan,completed,34.0,"Treasury Jan variance was $2,631,130 vs plan",1774028779
r18-0000906,bjones@coastalbuildingsystems.com,AP Aging Analyst,Explain the headcount variance vs plan,completed,69.8,"FP&A Jun variance was $4,624,083 vs plan",1774038084
r18-0000907,rwhite@coastalbuildingsystems.com,Close Checklist Bot,Which cost centers are over budget YTD?,completed,1.5,ERROR: upstream request timed out,1774015996
r18-0000908,dkim@coastalbuildingsystems.com,Budget vs Actual,Explain the headcount variance vs plan,completed,23.8,"FP&A May variance was $4,217,216 vs plan",1774019165
r18-0000909,rwhite@coastalbuildingsystems.com,Vendor Spend Analyzer,Check covenant compliance for the revolver,completed,33.7,"FP&A Jun variance was $1,957,795 vs plan",1774016145
r18-0000910,bjones@coastalbuildingsystems.com,Headcount Planner,Why did Ops spend exceed budget in Feb?,completed,0.9,error: connection reset by peer,1774027928
r18-0000911,bjones@coastalbuildingsystems.com,Covenant Checker,Forecast Feb operating cash flow,completed,42.7,"FP&A Feb variance was $1,214,649 vs plan",1774019625
r18-0000912,bjones@coastalbuildingsystems.com,Journal Entry Reviewer,Explain the headcount variance vs plan,error,7.1,error code 502 from model gateway,1774009257
r18-0000913,rwhite@coastalbuildingsystems.com,AP Aging Analyst,Why did Ops spend exceed budget in Apr?,completed,60.5,"Ops Apr variance was $3,555,730 vs plan",1774018130
r18-0000914,rperez@coastalbuildingsystems.com,Flux Commentary,Reconcile AP aging over 90 days for MX-05,completed,44.4,"Accounting Jan variance was $2,029,722 vs plan",1774044667
r18-0000915,rwhite@coastalbuildingsystems.com,Close Checklist Bot,What drove the change in gross margin this quarter?,error,0.9,Traceback (most recent call last): KeyError 'entity',1774016680
r18-0000916,rwhite@coastalbuildingsystems.com,Board Deck Builder,Explain the headcount variance vs plan,completed,14.5,"Treasury Jan variance was $1,484,946 vs plan",1774022035
r18-0000917,lperez@coastalbuildingsystems.com,Journal Entry Reviewer,Forecast Mar operating cash flow,completed,21.8,"Ops Mar variance was $763,166 vs plan",1774034101
r18-0000918,rwhite@coastalbuildingsystems.com,AP Aging Analyst,Why did FP&A spend exceed budget in Apr?,completed,45.2,"FP&A Apr variance was $3,153,192 vs plan",1774026096
r18-0000919,rwhite@coastalbuildingsystems.com,Headcount Planner,Draft flux commentary for the Mar close,completed,6.2,"Treasury Mar variance was $869,162 vs plan",1774052382
r18-0000920,bjones@coastalbuildingsystems.com,AP Aging Analyst,What drove the change in gross margin this quarter?,completed,0.5,FAILED: null reference in aggregation step,1774033400
r18-0000921,rwhite@coastalbuildingsystems.com,Revenue Recognizer,Draft flux commentary for the Jun close,completed,69.5,"Ops Jun variance was $2,799,851 vs plan",1774001527
r18-0000922,jwhite@coastalbuildingsystems.com,Board Deck Builder,Explain the headcount variance vs plan,completed,6.5,"Treasury Jan variance was $810,583 vs plan",1774018508
r18-0000923,rwhite@coastalbuildingsystems.com,Cash Forecaster,Explain the headcount variance vs plan,completed,71.9,"Ops Jun variance was $2,524,028 vs plan",1774012514
r18-0000924,rwhite@coastalbuildingsystems.com,Cash Forecaster,Reconcile AP aging over 90 days for EU-06,completed,26.3,"Accounting Feb variance was $2,416,589 vs plan",1774048044
r18-0000925,rperez@coastalbuildingsystems.com,Variance Explainer,Check covenant compliance for the revolver,completed,40.7,"Accounting Jun variance was $3,045,404 vs plan",1774022237
r18-0000926,rwhite@coastalbuildingsystems.com,AP Aging Analyst,Forecast May operating cash flow,completed,9.6,"FP&A May variance was $3,015,001 vs plan",1774025858
r18-0000927,bjones@coastalbuildingsystems.com,Cash Forecaster,Reconcile AP aging over 90 days for US-09,completed,47.1,"Treasury Jan variance was $2,419,258 vs plan",1774025123
r18-0000928,rwhite@coastalbuildingsystems.com,Vendor Spend Analyzer,Check covenant compliance for the revolver,completed,71.4,"FP&A Jun variance was $1,764,867 vs plan",1774029220
r18-0000929,sjackson@coastalbuildingsystems.com,Revenue Recognizer,What drove the change in gross margin this quarter?,completed,1.6,error: connection reset by peer,1774035263
r18-0000930,rwhite@coastalbuildingsystems.com,Revenue Recognizer,Build the board deck cash slide for Feb,completed,7.8,"FP&A Feb variance was $3,499,281 vs plan",1774017955
r18-0000931,bjones@coastalbuildingsystems.com,Journal Entry Reviewer,Check covenant compliance for the revolver,completed,28.2,"Ops Apr variance was $2,789,374 vs plan",1774037132
r18-0000932,rwhite@coastalbuildingsystems.com,Journal Entry Reviewer,Explain the headcount variance vs plan,completed,46.0,"Ops Jun variance was $2,555,138 vs plan",1774035432
r18-0000933,dkim@coastalbuildingsystems.com,Headcount Planner,Summarize the Jan variance for entity CA-05,completed,60.8,"Accounting Jan variance was $2,255,562 vs plan",1774042970
r18-0000934,bjones@coastalbuildingsystems.com,Board Deck Builder,Draft flux commentary for the Feb close,completed,62.5,"Accounting Feb variance was $4,422,900 vs plan",1774010474
r18-0000935,rwhite@coastalbuildingsystems.com,Flux Commentary,What drove the change in gross margin this quarter?,completed,28.7,"Ops Jun variance was $619,884 vs plan",1774018180
r18-0000936,rwhite@coastalbuildingsystems.com,Flux Commentary,Draft flux commentary for the Feb close,completed,4.2,"Treasury Feb variance was $2,002,843 vs plan",1774025887
r18-0000937,sjackson@coastalbuildingsystems.com,Budget vs Actual,Draft flux commentary for the Jan close,completed,12.5,"FP&A Jan variance was $4,107,321 vs plan",1774026555
r18-0000938,rwhite@coastalbuildingsystems.com,Journal Entry Reviewer,Reconcile AP aging over 90 days for US-06,completed,10.3,"Ops May variance was $4,551,831 vs plan",1774026879
r18-0000939,jwhite@coastalbuildingsystems.com,Close Checklist Bot,Build the board deck cash slide for Jan,completed,13.4,"Accounting Jan variance was $1,295,300 vs plan",1774043984
r18-0000940,rwhite@coastalbuildingsystems.com,Close Checklist Bot,Check covenant compliance for the revolver,completed,3.5,"Accounting Apr variance was $2,171,021 vs plan",1774034992
r18-0000941,canderson@coastalbuildingsystems.com,Journal Entry Reviewer,Summarize the Feb variance for entity US-02,completed,37.1,"Accounting Feb variance was $3,271,193 vs plan",1774021186
r18-0000942,jjones@coastalbuildingsystems.com,Variance Explainer,What drove the change in gross margin this quarter?,completed,49.8,"FP&A Mar variance was $3,230,507 vs plan",1774020577
r18-0000943,bjones@coastalbuildingsystems.com,Variance Explainer,Forecast Mar operating cash flow,completed,3.0,"Accounting Mar variance was $3,396,325 vs plan",1774012458
r18-0000944,canderson@coastalbuildingsystems.com,Covenant Checker,Explain the headcount variance vs plan,completed,1.1,error code 502 from model gateway,1774044642
r18-0000945,sjackson@coastalbuildingsystems.com,Board Deck Builder,Why did Ops spend exceed budget in May?,completed,43.4,"Ops May variance was $3,412,751 vs plan",1774012907
r18-0000946,dkim@coastalbuildingsystems.com,Revenue Recognizer,Build the board deck cash slide for Jun,completed,50.2,"FP&A Jun variance was $1,336,039 vs plan",1774019088
r18-0000947,rwhite@coastalbuildingsystems.com,Revenue Recognizer,Which cost centers are over budget YTD?,completed,27.3,"Ops Apr variance was $1,811,056 vs plan",1774022291
r18-0000948,bjones@coastalbuildingsystems.com,AP Aging Analyst,Why did Treasury spend exceed budget in May?,error,7.3,FAILED: null reference in aggregation step,1774024785
r18-0000949,bjones@coastalbuildingsystems.com,AP Aging Analyst,Build the board deck cash slide for Apr,completed,63.8,"Treasury Apr variance was $2,619,228 vs plan",1774026779
r18-0000950,bjones@coastalbuildingsystems.com,Covenant Checker,Which cost centers are over budget YTD?,completed,32.5,"FP&A Jun variance was $4,751,392 vs plan",1774022064
r18-0000951,rwhite@coastalbuildingsystems.com,Headcount Planner,Summarize the May variance for entity EU-07,completed,47.9,"FP&A May variance was $778,931 vs plan",1774017542
r18-0000952,rwhite@coastalbuildingsystems.com,Covenant Checker,Reconcile AP aging over 90 days for CA-06,completed,30.1,"FP&A Mar variance was $285,064 vs plan",1774022089
r18-0000953,bjones@coastalbuildingsystems.com,Budget vs Actual,Why did FP&A spend exceed budget in Mar?,completed,67.0,"FP&A Mar variance was $1,293,162 vs plan",1774030889
r18-0000954,rwhite@coastalbuildingsystems.com,AP Aging Analyst,Build the board deck cash slide for Jun,completed,65.2,"Treasury Jun variance was $3,559,822 vs plan",1774036411
r18-0000955,rwhite@coastalbuildingsystems.com,Cash Forecaster,What drove the change in gross margin this quarter?,completed,73.5,"Treasury Mar variance was $1,257,795 vs plan",1774023046
r18-0000956,rwhite@coastalbuildingsystems.com,Vendor Spend Analyzer,Reconcile AP aging over 90 days for CA-09,completed,1.7,error: connection reset by peer,1774026459
r18-0000957,rperez@coastalbuildingsystems.com,Cash Forecaster,Summarize the Jan variance for entity MX-02,completed,46.6,"Treasury Jan variance was $2,392,120 vs plan",1774040167
r18-0000958,dkim@coastalbuildingsystems.com,Headcount Planner,Build the board deck cash slide for Jan,completed,20.6,"Ops Jan variance was $3,885,806 vs plan",1774039072
r18-0000959,canderson@coastalbuildingsystems.com,AP Aging Analyst,Draft flux commentary for the Jan close,completed,31.5,"FP&A Jan variance was $3,295,871 vs plan",1774045694
r18-0000960,rwhite@coastalbuildingsystems.com,Budget vs Actual,Why did Ops spend exceed budget in Apr?,completed,59.2,"Ops Apr variance was $1,752,496 vs plan",1774045532
r18-0000961,rwhite@coastalbuildingsystems.com,Cash Forecaster,Explain the headcount variance vs plan,completed,42.8,"Ops Apr variance was $818,472 vs plan",1774032318
r18-0000962,rwhite@coastalbuildingsystems.com,AP Aging Analyst,Build the board deck cash slide for May,completed,24.8,"Treasury May variance was $2,875,919 vs plan",1774023005
r18-0000963,btaylor@coastalbuildingsystems.com,Flux Commentary,What drove the change in gross margin this quarter?,error,6.8,error: connection reset by peer,1774002317
r18-0000964,dkim@coastalbuildingsystems.com,Headcount Planner,Why did Treasury spend exceed budget in Feb?,completed,57.4,"Treasury Feb variance was $2,411,671 vs plan",1774028526
r18-0000965,rwhite@coastalbuildingsystems.com,Board Deck Builder,Which cost centers are over budget YTD?,completed,32.6,"Accounting May variance was $4,386,460 vs plan",1774029212
r18-0000966,bjones@coastalbuildingsystems.com,Covenant Checker,Summarize the Feb variance for entity CA-09,completed,3.3,"Ops Feb variance was $387,403 vs plan",1774034119
r18-0000967,bjones@coastalbuildingsystems.com,Headcount Planner,Reconcile AP aging over 90 days for US-05,completed,3.0,"Ops Apr variance was $4,202,020 vs plan",1774032884
r18-0000968,rwhite@coastalbuildingsystems.com,Vendor Spend Analyzer,Summarize the Jun variance for entity MX-04,completed,9.7,"Treasury Jun variance was $400,897 vs plan",1774018132
r18-0000969,jthompson@coastalbuildingsystems.com,Covenant Checker,Reconcile AP aging over 90 days for US-07,completed,65.6,"Treasury May variance was $1,952,843 vs plan",1774025919
r18-0000970,btaylor@coastalbuildingsystems.com,Vendor Spend Analyzer,Explain the headcount variance vs plan,completed,48.3,"FP&A Apr variance was $4,650,075 vs plan",1774118097
r18-0000971,rwhite@coastalbuildingsystems.com,Cash Forecaster,Explain the headcount variance vs plan,completed,28.9,"Ops Feb variance was $4,491,400 vs plan",1774112076
r18-0000972,bjones@coastalbuildingsystems.com,Variance Explainer,Draft flux commentary for the Apr close,completed,19.5,"Accounting Apr variance was $2,982,870 vs plan",1774123684
r18-0000973,jwhite2@coastalbuildingsystems.com,Close Checklist Bot,Reconcile AP aging over 90 days for MX-08,completed,67.4,"FP&A Mar variance was $3,819,930 vs plan",1774124095
r18-0000974,bjones@coastalbuildingsystems.com,Board Deck Builder,Explain the headcount variance vs plan,completed,15.2,"FP&A Mar variance was $4,559,930 vs plan",1774100855
r18-0000975,rwhite@coastalbuildingsystems.com,Board Deck Builder,Explain the headcount variance vs plan,completed,66.1,"Accounting Jan variance was $2,140,190 vs plan",1774117520
r18-0000976,rwhite@coastalbuildingsystems.com,Vendor Spend Analyzer,Draft flux commentary for the Jan close,completed,37.7,"Ops Jan variance was $3,255,270 vs plan",1774112757
r18-0000977,jjones@coastalbuildingsystems.com,Variance Explainer,Reconcile AP aging over 90 days for MX-07,completed,70.1,"Accounting Jan variance was $3,327,204 vs plan",1774125654
r18-0000978,rwhite@coastalbuildingsystems.com,Close Checklist Bot,What drove the change in gross margin this quarter?,completed,36.3,"Treasury Feb variance was $2,097,992 vs plan",1774140462
r18-0000979,rwhite@coastalbuildingsystems.com,Vendor Spend Analyzer,Draft flux commentary for the Apr close,completed,39.6,"Ops Apr variance was $3,824,991 vs plan",1774097764
r18-0000980,jjones@coastalbuildingsystems.com,Cash Forecaster,Reconcile AP aging over 90 days for CA-09,completed,0.5,ERROR: upstream request timed out,1774104163
r18-0000981,rwhite@coastalbuildingsystems.com,Cash Forecaster,Which cost centers are over budget YTD?,completed,11.1,"Accounting Jan variance was $1,294,541 vs plan",1774108666
r18-0000982,rwhite@coastalbuildingsystems.com,Revenue Recognizer,Build the board deck cash slide for Jan,completed,34.7,"FP&A Jan variance was $1,011,746 vs plan",1774114013
r18-0000983,sjackson@coastalbuildingsystems.com,Revenue Recognizer,Draft flux commentary for the Jan close,completed,1.6,FAILED: null reference in aggregation step,1774104319
r18-0000984,jwhite2@coastalbuildingsystems.com,Variance Explainer,Forecast Jan operating cash flow,completed,19.6,"Ops Jan variance was $3,176,702 vs plan",1774108101
r18-0000985,bjones@coastalbuildingsystems.com,Variance Explainer,What drove the change in gross margin this quarter?,completed,11.0,"Treasury Apr variance was $59,328 vs plan",1774114383
r18-0000986,dkim@coastalbuildingsystems.com,Budget vs Actual,Check covenant compliance for the revolver,completed,30.1,"Accounting Apr variance was $244,369 vs plan",1774087653
r18-0000987,rperez@coastalbuildingsystems.com,Vendor Spend Analyzer,Reconcile AP aging over 90 days for US-06,completed,49.5,"Ops Apr variance was $4,374,000 vs plan",1774092039
r18-0000988,lperez@coastalbuildingsystems.com,Covenant Checker,Reconcile AP aging over 90 days for US-09,completed,23.7,"Treasury Jan variance was $329,838 vs plan",1774118269
r18-0000989,jjones@coastalbuildingsystems.com,Close Checklist Bot,Forecast Jun operating cash flow,completed,65.3,"Ops Jun variance was $1,325,140 vs plan",1774113677
r18-0000990,rwhite@coastalbuildingsystems.com,AP Aging Analyst,Explain the headcount variance vs plan,completed,32.2,"FP&A Jan variance was $4,697,037 vs plan",1774130901
r18-0000991,sjackson@coastalbuildingsystems.com,Vendor Spend Analyzer,Forecast Feb operating cash flow,error,7.5,Traceback (most recent call last): KeyError 'entity',1774132568
r18-0000992,jjones@coastalbuildingsystems.com,Covenant Checker,What drove the change in gross margin this quarter?,completed,47.1,"Ops Mar variance was $3,464,218 vs plan",1774112017
r18-0000993,rwhite@coastalbuildingsystems.com,Revenue Recognizer,Which cost centers are over budget YTD?,completed,24.4,"Treasury Jun variance was $691,699 vs plan",1774195518
r18-0000994,bjones@coastalbuildingsystems.com,Vendor Spend Analyzer,Draft flux commentary for the Jun close,completed,15.1,"FP&A Jun variance was $1,133,035 vs plan",1774194833
r18-0000995,jwhite@coastalbuildingsystems.com,Budget vs Actual,What drove the change in gross margin this quarter?,error,3.7,error: connection reset by peer,1774229991
r18-0000996,dkim@coastalbuildingsystems.com,Flux Commentary,Why did Accounting spend exceed budget in Mar?,completed,12.0,"Accounting Mar variance was $3,318,831 vs plan",1774223073
r18-0000997,rwhite@coastalbuildingsystems.com,Budget vs Actual,Forecast Mar operating cash flow,completed,20.7,"Ops Mar variance was $4,639,066 vs plan",1774188567
r18-0000998,jgarcia@coastalbuildingsystems.com,Covenant Checker,What drove the change in gross margin this quarter?,completed,69.6,"FP&A Jan variance was $987,673 vs plan",1774192672
r18-0000999,dkim@coastalbuildingsystems.com,Covenant Checker,Draft flux commentary for the Feb close,completed,32.5,"FP&A Feb variance was $2,537,811 vs plan",1774187330
r18-0001000,bjones@coastalbuildingsystems.com,Flux Commentary,Check covenant compliance for the revolver,completed,21.5,"Accounting Feb variance was $2,670,625 vs plan",1774204013
r18-0001001,bjones@coastalbuildingsystems.com,AP Aging Analyst,Reconcile AP aging over 90 days for CA-05,completed,47.2,"FP&A Jun variance was $2,419,953 vs plan",1774198185
r18-0001002,rwhite@coastalbuildingsystems.com,Journal Entry Reviewer,Why did Accounting spend exceed budget in Apr?,completed,49.5,"Accounting Apr variance was $3,612,298 vs plan",1774206474
r18-0001003,rwhite@coastalbuildingsystems.com,AP Aging Analyst,Forecast Mar operating cash flow,completed,33.1,"Treasury Mar variance was $1,250,236 vs plan",1774198058
r18-0001004,rwhite@coastalbuildingsystems.com,Vendor Spend Analyzer,Check covenant compliance for the revolver,completed,73.3,"Ops Feb variance was $116,355 vs plan",1774200947
r18-0001005,bjones@coastalbuildingsystems.com,Revenue Recognizer,Summarize the Mar variance for entity CA-07,completed,49.4,"Ops Mar variance was $3,531,166 vs plan",1774205847
r18-0001006,dkim@coastalbuildingsystems.com,Cash Forecaster,Reconcile AP aging over 90 days for EU-02,completed,0.6,Traceback (most recent call last): KeyError 'entity',1774192921
r18-0001007,dkim@coastalbuildingsystems.com,Board Deck Builder,Draft flux commentary for the May close,error,8.0,FAILED: null reference in aggregation step,1774205559
r18-0001008,rwhite@coastalbuildingsystems.com,Board Deck Builder,What drove the change in gross margin this quarter?,completed,10.6,"Accounting Jan variance was $2,264,876 vs plan",1774188428
r18-0001009,bjones@coastalbuildingsystems.com,Journal Entry Reviewer,Draft flux commentary for the Jun close,completed,34.2,"FP&A Jun variance was $2,243,620 vs plan",1774216118
r18-0001010,bjones@coastalbuildingsystems.com,Cash Forecaster,Forecast May operating cash flow,completed,44.7,"Accounting May variance was $2,505,689 vs plan",1774225453
r18-0001011,dkim@coastalbuildingsystems.com,Journal Entry Reviewer,Summarize the Jan variance for entity MX-03,completed,25.4,"Treasury Jan variance was $2,115,202 vs plan",1774206317
r18-0001012,rthompson@coastalbuildingsystems.com,AP Aging Analyst,Which cost centers are over budget YTD?,completed,25.1,"FP&A Feb variance was $323,633 vs plan",1774177572
r18-0001013,rwhite@coastalbuildingsystems.com,Journal Entry Reviewer,Build the board deck cash slide for Feb,error,8.0,error code 502 from model gateway,1774177849
r18-0001014,sbrown@coastalbuildingsystems.com,Close Checklist Bot,Which cost centers are over budget YTD?,completed,47.7,"FP&A Jan variance was $2,212,859 vs plan",1774203734
r18-0001015,rwhite@coastalbuildingsystems.com,Board Deck Builder,Reconcile AP aging over 90 days for EU-06,completed,43.2,"Ops Feb variance was $2,638,281 vs plan",1774205883
r18-0001016,rwhite@coastalbuildingsystems.com,Close Checklist Bot,Build the board deck cash slide for Jun,completed,57.6,"Ops Jun variance was $1,489,725 vs plan",1774192285
r18-0001017,jwhite@coastalbuildingsystems.com,Covenant Checker,Why did Treasury spend exceed budget in May?,completed,17.3,"Treasury May variance was $4,139,559 vs plan",1774208094
r18-0001018,dkim@coastalbuildingsystems.com,Vendor Spend Analyzer,Draft flux commentary for the Feb close,completed,3.2,"FP&A Feb variance was $3,837,786 vs plan",1774287842
r18-0001019,sjackson@coastalbuildingsystems.com,Board Deck Builder,What drove the change in gross margin this quarter?,completed,57.2,"Ops May variance was $1,075,332 vs plan",1774285382
r18-0001020,rwhite@coastalbuildingsystems.com,Board Deck Builder,Why did Ops spend exceed budget in Feb?,completed,56.3,"Ops Feb variance was $123,072 vs plan",1774291623
r18-0001021,lperez@coastalbuildingsystems.com,Journal Entry Reviewer,Summarize the May variance for entity EU-05,completed,15.8,"FP&A May variance was $2,821,144 vs plan",1774285313
r18-0001022,rperez@coastalbuildingsystems.com,Board Deck Builder,Draft flux commentary for the Jun close,completed,27.0,"Accounting Jun variance was $2,462,735 vs plan",1774316148
r18-0001023,btaylor@coastalbuildingsystems.com,Headcount Planner,Summarize the May variance for entity MX-06,completed,10.0,"Treasury May variance was $527,637 vs plan",1774290496
r18-0001024,rwhite@coastalbuildingsystems.com,Revenue Recognizer,Summarize the May variance for entity MX-01,completed,29.5,"Treasury May variance was $4,739,480 vs plan",1774279612
r18-0001025,rwhite@coastalbuildingsystems.com,Cash Forecaster,Explain the headcount variance vs plan,completed,31.8,"Accounting Jan variance was $2,821,450 vs plan",1774283472
r18-0001026,rperez@coastalbuildingsystems.com,Board Deck Builder,Build the board deck cash slide for Jan,completed,26.8,"Accounting Jan variance was $901,348 vs plan",1774302215
r18-0001027,dkim@coastalbuildingsystems.com,Budget vs Actual,Reconcile AP aging over 90 days for US-06,completed,65.3,"Treasury May variance was $3,771,616 vs plan",1774290714
r18-0001028,rwhite@coastalbuildingsystems.com,Board Deck Builder,Reconcile AP aging over 90 days for CA-03,completed,4.3,"Treasury May variance was $1,594,321 vs plan",1774289073
r18-0001029,rwhite@coastalbuildingsystems.com,Vendor Spend Analyzer,Check covenant compliance for the revolver,completed,43.0,"Ops Apr variance was $175,922 vs plan",1774280519
r18-0001030,jjones@coastalbuildingsystems.com,Covenant Checker,Summarize the Jun variance for entity MX-04,completed,28.9,"FP&A Jun variance was $3,481,317 vs plan",1774312607
r18-0001031,rwhite@coastalbuildingsystems.com,Variance Explainer,Reconcile AP aging over 90 days for CA-04,error,3.2,FAILED: null reference in aggregation step,1774273290
r18-0001032,rwhite@coastalbuildingsystems.com,Flux Commentary,Reconcile AP aging over 90 days for MX-09,error,3.8,error: connection reset by peer,1774296369
r18-0001033,dkim@coastalbuildingsystems.com,Board Deck Builder,Explain the headcount variance vs plan,completed,55.7,"Accounting Jun variance was $3,130,498 vs plan",1774291298
r18-0001034,dkim@coastalbuildingsystems.com,Close Checklist Bot,Draft flux commentary for the May close,completed,35.6,"Ops May variance was $3,634,989 vs plan",1774271851
r18-0001035,jwhite@coastalbuildingsystems.com,Vendor Spend Analyzer,Reconcile AP aging over 90 days for MX-08,completed,32.0,"Treasury Jun variance was $2,583,415 vs plan",1774294732
r18-0001036,rwhite@coastalbuildingsystems.com,Close Checklist Bot,Build the board deck cash slide for Mar,completed,1.6,FAILED: null reference in aggregation step,1774283899
r18-0001037,jjones@coastalbuildingsystems.com,Covenant Checker,Forecast Jun operating cash flow,error,3.6,Traceback (most recent call last): KeyError 'entity',1774271414
r18-0001038,btaylor@coastalbuildingsystems.com,Vendor Spend Analyzer,Summarize the Jan variance for entity US-06,completed,49.7,"Accounting Jan variance was $3,507,291 vs plan",1774268039
r18-0001039,jwhite@coastalbuildingsystems.com,Board Deck Builder,Check covenant compliance for the revolver,completed,46.6,"Accounting May variance was $918,663 vs plan",1774286941
r18-0001040,bjones@coastalbuildingsystems.com,Board Deck Builder,Summarize the Apr variance for entity EU-05,completed,54.8,"FP&A Apr variance was $3,932,139 vs plan",1774300667
r18-0001041,rwhite@coastalbuildingsystems.com,Close Checklist Bot,Check covenant compliance for the revolver,completed,30.5,"Treasury May variance was $2,562,199 vs plan",1774293683
r18-0001042,rwhite@coastalbuildingsystems.com,Close Checklist Bot,Draft flux commentary for the Apr close,completed,28.8,"Treasury Apr variance was $3,887,845 vs plan",1774279461
r18-0001043,rwhite@coastalbuildingsystems.com,Revenue Recognizer,Which cost centers are over budget YTD?,completed,9.6,"FP&A May variance was $2,746,415 vs plan",1774282939
r18-0001044,rwhite@coastalbuildingsystems.com,Cash Forecaster,Why did Accounting spend exceed budget in Mar?,completed,40.6,"Accounting Mar variance was $4,643,747 vs plan",1774277453
r18-0001045,dkim@coastalbuildingsystems.com,Vendor Spend Analyzer,What drove the change in gross margin this quarter?,completed,15.9,"Ops Jun variance was $1,934,003 vs plan",1774284816
r18-0001046,dkim@coastalbuildingsystems.com,Close Checklist Bot,What drove the change in gross margin this quarter?,completed,71.6,"FP&A Feb variance was $15,926 vs plan",1774304368
r18-0001047,rwhite@coastalbuildingsystems.com,Headcount Planner,Explain the headcount variance vs plan,completed,64.8,"Treasury Apr variance was $1,373,342 vs plan",1774289781
r18-0001048,lpatel@coastalbuildingsystems.com,Revenue Recognizer,Explain the headcount variance vs plan,completed,39.1,"Ops Jun variance was $3,888,241 vs plan",1774287503
r18-0001049,btaylor@coastalbuildingsystems.com,Board Deck Builder,What drove the change in gross margin this quarter?,completed,48.7,"Treasury Mar variance was $1,226,312 vs plan",1774290679
r18-0001050,rwhite@coastalbuildingsystems.com,Vendor Spend Analyzer,Why did Treasury spend exceed budget in Mar?,completed,44.4,"Treasury Mar variance was $2,710,837 vs plan",1774285023
r18-0001051,rwhite@coastalbuildingsystems.com,Close Checklist Bot,Draft flux commentary for the Apr close,completed,1.3,Traceback (most recent call last): KeyError 'entity',1774268553
r18-0001052,rperez@coastalbuildingsystems.com,Variance Explainer,Which cost centers are over budget YTD?,completed,52.7,"Accounting Apr variance was $1,840,179 vs plan",1774282961
r18-0001053,lperez@coastalbuildingsystems.com,Covenant Checker,Which cost centers are over budget YTD?,error,4.3,error code 502 from model gateway,1774302306
r18-0001054,bjones@coastalbuildingsystems.com,Headcount Planner,Reconcile AP aging over 90 days for EU-02,completed,21.3,"Treasury Apr variance was $2,336,179 vs plan",1774287128
r18-0001055,lperez@coastalbuildingsystems.com,Budget vs Actual,Reconcile AP aging over 90 days for EU-03,completed,74.7,"Ops Apr variance was $1,757,047 vs plan",1774281140
r18-0001056,wharris@coastalbuildingsystems.com,Covenant Checker,Forecast May operating cash flow,completed,56.5,"FP&A May variance was $593,915 vs plan",1774299054
r18-0001057,lperez@coastalbuildingsystems.com,Flux Commentary,What drove the change in gross margin this quarter?,completed,52.1,"FP&A Feb variance was $2,566,566 vs plan",1774299052
r18-0001058,rwhite@coastalbuildingsystems.com,Revenue Recognizer,Forecast Jan operating cash flow,error,7.2,error: connection reset by peer,1774292457
r18-0001059,rperez@coastalbuildingsystems.com,Budget vs Actual,What drove the change in gross margin this quarter?,completed,8.6,"Accounting Jun variance was $1,922,234 vs plan",1774290076
r18-0001060,dkim@coastalbuildingsystems.com,AP Aging Analyst,Which cost centers are over budget YTD?,completed,20.8,"FP&A Apr variance was $4,197,403 vs plan",1774279698
r18-0001061,bjones@coastalbuildingsystems.com,Budget vs Actual,Draft flux commentary for the May close,completed,65.6,"FP&A May variance was $2,862,988 vs plan",1774290597
r18-0001062,bjones@coastalbuildingsystems.com,Cash Forecaster,Explain the headcount variance vs plan,completed,27.2,"Treasury Jun variance was $1,544,306 vs plan",1774279458
r18-0001063,rwhite@coastalbuildingsystems.com,AP Aging Analyst,Reconcile AP aging over 90 days for CA-03,completed,37.0,"Accounting Jan variance was $4,392,637 vs plan",1774271078
r18-0001064,rthompson@coastalbuildingsystems.com,Revenue Recognizer,Which cost centers are over budget YTD?,completed,7.0,"Accounting Jun variance was $1,510,153 vs plan",1774278221
r18-0001065,rwhite@coastalbuildingsystems.com,Budget vs Actual,Draft flux commentary for the Jun close,completed,38.6,"Accounting Jun variance was $2,760,862 vs plan",1774284729
r18-0001066,wharris@coastalbuildingsystems.com,Headcount Planner,Why did Treasury spend exceed budget in Feb?,completed,68.4,"Treasury Feb variance was $1,749,022 vs plan",1774299661
r18-0001067,rthompson@coastalbuildingsystems.com,Board Deck Builder,Reconcile AP aging over 90 days for MX-03,completed,36.3,"Treasury Jun variance was $4,323,925 vs plan",1774294400
r18-0001068,canderson@coastalbuildingsystems.com,Headcount Planner,Which cost centers are over budget YTD?,completed,42.2,"Treasury Jun variance was $2,394,067 vs plan",1774281212
r18-0001069,btaylor@coastalbuildingsystems.com,Flux Commentary,Why did Accounting spend exceed budget in Feb?,completed,62.8,"Accounting Feb variance was $3,585,205 vs plan",1774282259
r18-0001070,jwhite@coastalbuildingsystems.com,Board Deck Builder,Build the board deck cash slide for Apr,completed,30.4,"Treasury Apr variance was $1,040,971 vs plan",1774292070
r18-0001071,jjones@coastalbuildingsystems.com,AP Aging Analyst,What drove the change in gross margin this quarter?,completed,53.0,"Accounting Jan variance was $1,991,043 vs plan",1774273463
r18-0001072,bjones@coastalbuildingsystems.com,Revenue Recognizer,What drove the change in gross margin this quarter?,completed,25.4,"Treasury May variance was $3,282,048 vs plan",1774291114
r18-0001073,bjones@coastalbuildingsystems.com,Board Deck Builder,What drove the change in gross margin this quarter?,completed,13.7,"FP&A Apr variance was $2,796,099 vs plan",1774282025
r18-0001074,dkim@coastalbuildingsystems.com,Covenant Checker,Draft flux commentary for the Feb close,completed,73.4,"Ops Feb variance was $2,320,591 vs plan",1774275184
r18-0001075,bjones@coastalbuildingsystems.com,Flux Commentary,Why did FP&A spend exceed budget in Jan?,completed,32.1,"FP&A Jan variance was $771,541 vs plan",1774287809
r18-0001076,rwhite@coastalbuildingsystems.com,Headcount Planner,Reconcile AP aging over 90 days for EU-01,completed,33.4,"Ops Apr variance was $237,328 vs plan",1774394016
r18-0001077,dkim@coastalbuildingsystems.com,Budget vs Actual,Check covenant compliance for the revolver,error,3.1,ERROR: upstream request timed out,1774405089
r18-0001078,rperez@coastalbuildingsystems.com,Headcount Planner,Check covenant compliance for the revolver,completed,57.0,"Ops May variance was $3,732,732 vs plan",1774348539
r18-0001079,rwhite@coastalbuildingsystems.com,Flux Commentary,Forecast Jun operating cash flow,completed,40.1,"Ops Jun variance was $1,737,270 vs plan",1774356058
r18-0001080,rwhite@coastalbuildingsystems.com,Covenant Checker,Draft flux commentary for the May close,completed,57.6,"FP&A May variance was $288,102 vs plan",1774369730
r18-0001081,rwhite@coastalbuildingsystems.com,Headcount Planner,Why did FP&A spend exceed budget in May?,completed,16.6,"FP&A May variance was $1,803,150 vs plan",1774380085
r18-0001082,bjones@coastalbuildingsystems.com,Flux Commentary,Explain the headcount variance vs plan,completed,13.9,"FP&A May variance was $922,915 vs plan",1774382586
r18-0001083,jwhite@coastalbuildingsystems.com,Headcount Planner,Draft flux commentary for the Mar close,completed,23.4,"FP&A Mar variance was $1,240,472 vs plan",1774357675
r18-0001084,bjones@coastalbuildingsystems.com,AP Aging Analyst,Forecast Feb operating cash flow,completed,0.5,FAILED: null reference in aggregation step,1774377880
r18-0001085,lperez@coastalbuildingsystems.com,Revenue Recognizer,Build the board deck cash slide for May,completed,65.2,"FP&A May variance was $4,206,768 vs plan",1774375772
r18-0001086,sjackson@coastalbuildingsystems.com,Board Deck Builder,Draft flux commentary for the Jun close,error,5.1,Traceback (most recent call last): KeyError 'entity',1774376004
r18-0001087,btaylor@coastalbuildingsystems.com,Cash Forecaster,Build the board deck cash slide for Jun,completed,5.6,"FP&A Jun variance was $2,159,527 vs plan",1774368213
r18-0001088,rwhite@coastalbuildingsystems.com,Flux Commentary,Explain the headcount variance vs plan,completed,34.6,"FP&A May variance was $4,571,675 vs plan",1774385677
r18-0001089,lperez@coastalbuildingsystems.com,Board Deck Builder,Draft flux commentary for the Feb close,error,4.0,error: connection reset by peer,1774358075
r18-0001090,rwhite@coastalbuildingsystems.com,Revenue Recognizer,Why did Treasury spend exceed budget in Jun?,completed,1.6,error: connection reset by peer,1774375939
r18-0001091,rwhite@coastalbuildingsystems.com,Cash Forecaster,Which cost centers are over budget YTD?,completed,32.9,"Ops Jun variance was $331,850 vs plan",1774366568
r18-0001092,jjones@coastalbuildingsystems.com,Flux Commentary,Which cost centers are over budget YTD?,completed,66.6,"Accounting May variance was $833,348 vs plan",1774375329
r18-0001093,jwhite2@coastalbuildingsystems.com,Cash Forecaster,Draft flux commentary for the May close,completed,16.4,"Treasury May variance was $3,034,120 vs plan",1774376455
r18-0001094,bjones@coastalbuildingsystems.com,Close Checklist Bot,Check covenant compliance for the revolver,error,2.2,Traceback (most recent call last): KeyError 'entity',1774380696
r18-0001095,jthompson@coastalbuildingsystems.com,Flux Commentary,Check covenant compliance for the revolver,completed,44.5,"FP&A Apr variance was $4,348,303 vs plan",1774362856
r18-0001096,jwhite@coastalbuildingsystems.com,Flux Commentary,Which cost centers are over budget YTD?,completed,1.0,error: connection reset by peer,1774375157
r18-0001097,dkim@coastalbuildingsystems.com,Journal Entry Reviewer,What drove the change in gross margin this quarter?,completed,4.2,"Treasury Jun variance was $1,473,553 vs plan",1774372674
r18-0001098,sbrown@coastalbuildingsystems.com,Variance Explainer,Draft flux commentary for the Feb close,completed,45.5,"Treasury Feb variance was $378,309 vs plan",1774363241
r18-0001099,lpatel@coastalbuildingsystems.com,Covenant Checker,Check covenant compliance for the revolver,completed,15.3,"FP&A May variance was $4,745,811 vs plan",1774365154
r18-0001100,jgarcia@coastalbuildingsystems.com,Covenant Checker,Reconcile AP aging over 90 days for EU-01,completed,33.7,"FP&A Feb variance was $3,483,189 vs plan",1774361767
r18-0001101,lperez@coastalbuildingsystems.com,Journal Entry Reviewer,Check covenant compliance for the revolver,completed,49.7,"Treasury Jan variance was $3,523,306 vs plan",1774372669
r18-0001102,jjones@coastalbuildingsystems.com,Budget vs Actual,Draft flux commentary for the Mar close,completed,11.1,"Treasury Mar variance was $2,768,585 vs plan",1774367654
r18-0001103,jjones@coastalbuildingsystems.com,AP Aging Analyst,Which cost centers are over budget YTD?,completed,71.1,"FP&A Mar variance was $1,133,561 vs plan",1774362749
r18-0001104,rwhite@coastalbuildingsystems.com,Vendor Spend Analyzer,Build the board deck cash slide for Feb,completed,56.6,"Ops Feb variance was $4,602,930 vs plan",1774374515
r18-0001105,rwhite@coastalbuildingsystems.com,Covenant Checker,Why did Accounting spend exceed budget in Mar?,completed,67.1,"Accounting Mar variance was $4,504,566 vs plan",1774366359
r18-0001106,rwhite@coastalbuildingsystems.com,AP Aging Analyst,Build the board deck cash slide for May,completed,22.3,"Ops May variance was $1,304,976 vs plan",1774361094
r18-0001107,bjones@coastalbuildingsystems.com,Budget vs Actual,Why did Treasury spend exceed budget in Mar?,completed,54.6,"Treasury Mar variance was $3,972,693 vs plan",1774370586
r18-0001108,bjones@coastalbuildingsystems.com,Headcount Planner,Reconcile AP aging over 90 days for US-02,completed,12.2,"Treasury May variance was $4,639,943 vs plan",1774386793
r18-0001109,bjones@coastalbuildingsystems.com,Flux Commentary,Build the board deck cash slide for Feb,completed,70.9,"FP&A Feb variance was $1,580,499 vs plan",1774357562
r18-0001110,rwhite@coastalbuildingsystems.com,Close Checklist Bot,Explain the headcount variance vs plan,completed,10.1,"Ops Jan variance was $4,447,986 vs plan",1774362761
r18-0001111,rwhite@coastalbuildingsystems.com,Budget vs Actual,Forecast Jan operating cash flow,completed,53.5,"Treasury Jan variance was $4,338,149 vs plan",1774366786
r18-0001112,rwhite@coastalbuildingsystems.com,Revenue Recognizer,Build the board deck cash slide for Apr,completed,69.4,"FP&A Apr variance was $386,723 vs plan",1774379407
r18-0001113,rwhite@coastalbuildingsystems.com,Board Deck Builder,Explain the headcount variance vs plan,completed,0.9,FAILED: null reference in aggregation step,1774371603
r18-0001114,jjones@coastalbuildingsystems.com,Revenue Recognizer,Check covenant compliance for the revolver,completed,12.3,"Treasury May variance was $2,111,624 vs plan",1774371056
r18-0001115,dkim@coastalbuildingsystems.com,Board Deck Builder,Summarize the Apr variance for entity MX-08,completed,34.5,"Treasury Apr variance was $1,377,608 vs plan",1774359560
r18-0001116,jwhite@coastalbuildingsystems.com,Cash Forecaster,Which cost centers are over budget YTD?,completed,17.8,"FP&A Feb variance was $1,792,597 vs plan",1774366462
r18-0001117,bjones@coastalbuildingsystems.com,Covenant Checker,Why did FP&A spend exceed budget in Feb?,completed,68.0,"FP&A Feb variance was $2,062,920 vs plan",1774375248
r18-0001118,sjackson@coastalbuildingsystems.com,Journal Entry Reviewer,Explain the headcount variance vs plan,completed,52.1,"Accounting Mar variance was $3,514,416 vs plan",1774349401
r18-0001119,jjones@coastalbuildingsystems.com,Budget vs Actual,Why did FP&A spend exceed budget in May?,completed,42.0,"FP&A May variance was $1,978,201 vs plan",1774368491
r18-0001120,rthompson@coastalbuildingsystems.com,Journal Entry Reviewer,Draft flux commentary for the Apr close,completed,28.5,"Ops Apr variance was $2,460,618 vs plan",1774358990
r18-0001121,jjones@coastalbuildingsystems.com,Cash Forecaster,Summarize the Jan variance for entity US-09,completed,69.0,"Ops Jan variance was $3,713,147 vs plan",1774356460
r18-0001122,bjones@coastalbuildingsystems.com,Journal Entry Reviewer,Which cost centers are over budget YTD?,completed,65.8,"Accounting Mar variance was $2,857,926 vs plan",1774368813
r18-0001123,rwhite@coastalbuildingsystems.com,Vendor Spend Analyzer,Summarize the Mar variance for entity US-09,completed,1.0,FAILED: null reference in aggregation step,1774363034
r18-0001124,rwhite@coastalbuildingsystems.com,Variance Explainer,Draft flux commentary for the Feb close,completed,14.5,"FP&A Feb variance was $1,239,943 vs plan",1774394165
r18-0001125,bjones@coastalbuildingsystems.com,Vendor Spend Analyzer,Draft flux commentary for the Jun close,completed,36.8,"Ops Jun variance was $1,679,199 vs plan",1774385389
r18-0001126,rwhite@coastalbuildingsystems.com,Close Checklist Bot,Which cost centers are over budget YTD?,completed,56.1,"FP&A Jun variance was $55,893 vs plan",1774370626
r18-0001127,rwhite@coastalbuildingsystems.com,Covenant Checker,Summarize the Jun variance for entity US-08,completed,73.0,"Accounting Jun variance was $1,843,855 vs plan",1774367320
r18-0001128,rperez@coastalbuildingsystems.com,Covenant Checker,Reconcile AP aging over 90 days for CA-07,completed,73.4,"FP&A Mar variance was $2,910,179 vs plan",1774360480
r18-0001129,bjones@coastalbuildingsystems.com,Revenue Recognizer,Draft flux commentary for the Jan close,completed,59.5,"Ops Jan variance was $2,319,197 vs plan",1774452122
r18-0001130,rwhite@coastalbuildingsystems.com,Close Checklist Bot,Explain the headcount variance vs plan,completed,28.5,"Ops Jan variance was $1,985,450 vs plan",1774457414
r18-0001131,dgonzalez@coastalbuildingsystems.com,Covenant Checker,Draft flux commentary for the Jun close,completed,57.3,"FP&A Jun variance was $899,855 vs plan",1774445063
r18-0001132,canderson@coastalbuildingsystems.com,AP Aging Analyst,Why did Treasury spend exceed budget in May?,completed,53.4,"Treasury May variance was $3,663,090 vs plan",1774458647
r18-0001133,rwhite@coastalbuildingsystems.com,Board Deck Builder,Why did Treasury spend exceed budget in Apr?,completed,70.6,"Treasury Apr variance was $1,555,296 vs plan",1774445215
r18-0001134,jgarcia@coastalbuildingsystems.com,Cash Forecaster,Draft flux commentary for the Jan close,completed,10.4,"Treasury Jan variance was $2,196,343 vs plan",1774453704
r18-0001135,dkim@coastalbuildingsystems.com,Budget vs Actual,Reconcile AP aging over 90 days for US-07,completed,30.7,"Ops May variance was $1,023,903 vs plan",1774464973
r18-0001136,bjones@coastalbuildingsystems.com,Close Checklist Bot,Which cost centers are over budget YTD?,completed,57.4,"Accounting May variance was $4,295,877 vs plan",1774466325
r18-0001137,jgarcia@coastalbuildingsystems.com,AP Aging Analyst,What drove the change in gross margin this quarter?,completed,19.5,"FP&A Jan variance was $545,997 vs plan",1774452125
r18-0001138,jjones@coastalbuildingsystems.com,Cash Forecaster,Forecast Jun operating cash flow,completed,36.7,"FP&A Jun variance was $1,224,045 vs plan",1774452136
r18-0001139,rwhite@coastalbuildingsystems.com,Budget vs Actual,Explain the headcount variance vs plan,completed,6.0,"Accounting Jan variance was $1,778,465 vs plan",1774458737
r18-0001140,wharris@coastalbuildingsystems.com,Cash Forecaster,Summarize the May variance for entity MX-03,completed,52.8,"Treasury May variance was $3,085,874 vs plan",1774477503
r18-0001141,bjones@coastalbuildingsystems.com,Cash Forecaster,Forecast Jun operating cash flow,completed,19.1,"Ops Jun variance was $203,370 vs plan",1774435445
r18-0001142,rwhite@coastalbuildingsystems.com,Covenant Checker,What drove the change in gross margin this quarter?,completed,48.8,"Accounting Jun variance was $1,288,975 vs plan",1774447906
r18-0001143,bjones@coastalbuildingsystems.com,Board Deck Builder,Why did Treasury spend exceed budget in Feb?,completed,47.7,"Treasury Feb variance was $668,664 vs plan",1774454441
r18-0001144,jwhite@coastalbuildingsystems.com,Flux Commentary,Forecast Jun operating cash flow,completed,38.0,"FP&A Jun variance was $1,431,217 vs plan",1774468250
r18-0001145,sjackson@coastalbuildingsystems.com,Revenue Recognizer,Which cost centers are over budget YTD?,completed,28.2,"Treasury May variance was $701,633 vs plan",1774438768
r18-0001146,rwhite@coastalbuildingsystems.com,Vendor Spend Analyzer,Check covenant compliance for the revolver,completed,1.0,error code 502 from model gateway,1774473250
r18-0001147,rperez@coastalbuildingsystems.com,Vendor Spend Analyzer,Explain the headcount variance vs plan,completed,56.9,"Accounting May variance was $1,966,032 vs plan",1774455986
r18-0001148,lperez@coastalbuildingsystems.com,Cash Forecaster,Draft flux commentary for the Feb close,completed,69.3,"Treasury Feb variance was $4,598,240 vs plan",1774471599
r18-0001149,bjones@coastalbuildingsystems.com,Cash Forecaster,Forecast Jan operating cash flow,completed,58.8,"Ops Jan variance was $2,302,346 vs plan",1774454201
r18-0001150,bjones@coastalbuildingsystems.com,Budget vs Actual,Summarize the Feb variance for entity MX-06,completed,1.4,error code 502 from model gateway,1774437017
r18-0001151,dgonzalez@coastalbuildingsystems.com,Budget vs Actual,Check covenant compliance for the revolver,error,7.7,FAILED: null reference in aggregation step,1774446285
r18-0001152,rwhite@coastalbuildingsystems.com,Variance Explainer,Which cost centers are over budget YTD?,completed,1.0,Traceback (most recent call last): KeyError 'entity',1774456494
r18-0001153,rwhite@coastalbuildingsystems.com,Budget vs Actual,Reconcile AP aging over 90 days for EU-02,completed,48.0,"Ops Feb variance was $3,631,469 vs plan",1774459460
r18-0001154,rwhite@coastalbuildingsystems.com,Vendor Spend Analyzer,Summarize the Feb variance for entity CA-06,completed,3.8,"FP&A Feb variance was $3,082,947 vs plan",1774451335
r18-0001155,rwhite@coastalbuildingsystems.com,Close Checklist Bot,Why did Accounting spend exceed budget in Apr?,error,6.4,ERROR: upstream request timed out,1774476147
r18-0001156,wharris@coastalbuildingsystems.com,Vendor Spend Analyzer,Build the board deck cash slide for May,completed,39.6,"FP&A May variance was $314,346 vs plan",1774436565
r18-0001157,rwhite@coastalbuildingsystems.com,Covenant Checker,Reconcile AP aging over 90 days for CA-07,completed,68.6,"Ops Jan variance was $198,517 vs plan",1774445917
r18-0001158,dkim@coastalbuildingsystems.com,Journal Entry Reviewer,Reconcile AP aging over 90 days for MX-08,completed,69.8,"Treasury May variance was $1,664,823 vs plan",1774467206
r18-0001159,rwhite@coastalbuildingsystems.com,Covenant Checker,Summarize the Feb variance for entity EU-09,completed,61.1,"FP&A Feb variance was $1,452,633 vs plan",1774460094
r18-0001160,jjones@coastalbuildingsystems.com,Close Checklist Bot,Which cost centers are over budget YTD?,completed,72.6,"Treasury Jun variance was $3,091,513 vs plan",1774441955
r18-0001161,rwhite@coastalbuildingsystems.com,AP Aging Analyst,Explain the headcount variance vs plan,completed,29.1,"Treasury May variance was $4,162,747 vs plan",1774455467
r18-0001162,rwhite@coastalbuildingsystems.com,Close Checklist Bot,Build the board deck cash slide for May,completed,51.6,"Treasury May variance was $585,764 vs plan",1774460186
r18-0001163,rwhite@coastalbuildingsystems.com,Budget vs Actual,Forecast Mar operating cash flow,completed,1.7,ERROR: upstream request timed out,1774433848
r18-0001164,rwhite@coastalbuildingsystems.com,Board Deck Builder,Explain the headcount variance vs plan,completed,37.0,"Treasury Mar variance was $3,513,840 vs plan",1774469325
r18-0001165,sbrown@coastalbuildingsystems.com,Flux Commentary,Draft flux commentary for the Jan close,completed,17.0,"Treasury Jan variance was $574,010 vs plan",1774463900
r18-0001166,rwhite@coastalbuildingsystems.com,Revenue Recognizer,Check covenant compliance for the revolver,completed,40.8,"Treasury Feb variance was $3,240,409 vs plan",1774451587
r18-0001167,bjones@coastalbuildingsystems.com,Revenue Recognizer,Build the board deck cash slide for Feb,completed,4.6,"Treasury Feb variance was $3,097,124 vs plan",1774452009
r18-0001168,btaylor@coastalbuildingsystems.com,Flux Commentary,Draft flux commentary for the Jan close,completed,22.6,"FP&A Jan variance was $1,887,677 vs plan",1774453182
r18-0001169,bjones@coastalbuildingsystems.com,Journal Entry Reviewer,Check covenant compliance for the revolver,completed,12.1,"Accounting Apr variance was $3,988,542 vs plan",1774462490
r18-0001170,rwhite@coastalbuildingsystems.com,Journal Entry Reviewer,Draft flux commentary for the Apr close,completed,35.3,"Accounting Apr variance was $1,817,602 vs plan",1774479454
r18-0001171,jthompson@coastalbuildingsystems.com,Close Checklist Bot,Forecast Apr operating cash flow,completed,20.0,"FP&A Apr variance was $2,230,186 vs plan",1774467250
r18-0001172,rwhite@coastalbuildingsystems.com,Flux Commentary,Which cost centers are over budget YTD?,completed,1.9,error code 502 from model gateway,1774444152
r18-0001173,rthompson@coastalbuildingsystems.com,Cash Forecaster,Check covenant compliance for the revolver,completed,49.6,"Treasury Jan variance was $4,279,949 vs plan",1774446054
r18-0001174,rwhite@coastalbuildingsystems.com,Flux Commentary,Check covenant compliance for the revolver,completed,30.2,"FP&A Jan variance was $2,258,329 vs plan",1774448937
r18-0001175,bjones@coastalbuildingsystems.com,Revenue Recognizer,What drove the change in gross margin this quarter?,completed,32.0,"FP&A Mar variance was $4,530,609 vs plan",1774463285
r18-0001176,bjones@coastalbuildingsystems.com,Cash Forecaster,Which cost centers are over budget YTD?,completed,18.2,"Treasury Mar variance was $1,134,671 vs plan",1774452460
r18-0001177,jgarcia@coastalbuildingsystems.com,Board Deck Builder,Which cost centers are over budget YTD?,completed,68.8,"Treasury Apr variance was $3,262,259 vs plan",1774449918
r18-0001178,rwhite@coastalbuildingsystems.com,Headcount Planner,Reconcile AP aging over 90 days for CA-01,completed,38.2,"Accounting Mar variance was $3,542,151 vs plan",1774460985
r18-0001179,jgarcia@coastalbuildingsystems.com,Budget vs Actual,Reconcile AP aging over 90 days for MX-01,completed,45.4,"FP&A Apr variance was $1,409,163 vs plan",1774455974
r18-0001180,dkim@coastalbuildingsystems.com,AP Aging Analyst,Explain the headcount variance vs plan,completed,51.8,"Treasury May variance was $4,606,941 vs plan",1774473401
r18-0001181,dkim@coastalbuildingsystems.com,Board Deck Builder,What drove the change in gross margin this quarter?,completed,5.7,"Treasury Mar variance was $4,703,443 vs plan",1774456977
r18-0001182,bjones@coastalbuildingsystems.com,Close Checklist Bot,Reconcile AP aging over 90 days for CA-02,completed,13.0,"Accounting Mar variance was $1,305,934 vs plan",1774447206
r18-0001183,dkim@coastalbuildingsystems.com,Variance Explainer,Why did Accounting spend exceed budget in May?,completed,44.4,"Accounting May variance was $1,601,850 vs plan",1774546862
r18-0001184,rwhite@coastalbuildingsystems.com,Close Checklist Bot,Which cost centers are over budget YTD?,completed,61.1,"Treasury Mar variance was $240,070 vs plan",1774547051
r18-0001185,bjones@coastalbuildingsystems.com,Covenant Checker,Forecast Jan operating cash flow,completed,23.7,"FP&A Jan variance was $407,864 vs plan",1774545026
r18-0001186,sjackson@coastalbuildingsystems.com,Covenant Checker,Draft flux commentary for the Jun close,completed,12.7,"FP&A Jun variance was $3,827,622 vs plan",1774520726
r18-0001187,jjones@coastalbuildingsystems.com,Covenant Checker,Explain the headcount variance vs plan,completed,72.4,"FP&A May variance was $4,775,436 vs plan",1774547405
r18-0001188,rwhite@coastalbuildingsystems.com,Headcount Planner,Build the board deck cash slide for May,completed,52.6,"Treasury May variance was $1,596,661 vs plan",1774531386
r18-0001189,lperez@coastalbuildingsystems.com,Close Checklist Bot,Draft flux commentary for the Apr close,completed,31.0,"FP&A Apr variance was $1,642,615 vs plan",1774543495
r18-0001190,bjones@coastalbuildingsystems.com,Close Checklist Bot,Summarize the Feb variance for entity CA-03,completed,49.7,"Accounting Feb variance was $4,089,165 vs plan",1774547862
r18-0001191,dgonzalez@coastalbuildingsystems.com,Vendor Spend Analyzer,Which cost centers are over budget YTD?,completed,19.9,"Accounting Apr variance was $4,324,012 vs plan",1774564092
r18-0001192,bjones@coastalbuildingsystems.com,Revenue Recognizer,Check covenant compliance for the revolver,error,4.6,Traceback (most recent call last): KeyError 'entity',1774552272
r18-0001193,rwhite@coastalbuildingsystems.com,Board Deck Builder,Reconcile AP aging over 90 days for US-07,completed,53.9,"Ops May variance was $250,374 vs plan",1774539862
r18-0001194,dkim@coastalbuildingsystems.com,Headcount Planner,Reconcile AP aging over 90 days for EU-06,completed,43.7,"FP&A Jun variance was $554,968 vs plan",1774552334
r18-0001195,jjones@coastalbuildingsystems.com,Close Checklist Bot,Draft flux commentary for the Mar close,completed,54.7,"Ops Mar variance was $3,866,202 vs plan",1774535234
r18-0001196,bjones@coastalbuildingsystems.com,Revenue Recognizer,Explain the headcount variance vs plan,completed,48.2,"Treasury Mar variance was $3,150,129 vs plan",1774538702
r18-0001197,rwhite@coastalbuildingsystems.com,Board Deck Builder,Which cost centers are over budget YTD?,completed,1.9,error code 502 from model gateway,1774545387
r18-0001198,rwhite@coastalbuildingsystems.com,Cash Forecaster,Why did Accounting spend exceed budget in May?,completed,65.9,"Accounting May variance was $3,116,602 vs plan",1774546250
r18-0001199,lperez@coastalbuildingsystems.com,Cash Forecaster,Explain the headcount variance vs plan,completed,39.4,"FP&A Feb variance was $1,836,105 vs plan",1774540444
r18-0001200,rwhite@coastalbuildingsystems.com,Board Deck Builder,Which cost centers are over budget YTD?,completed,47.7,"Treasury Mar variance was $3,361,099 vs plan",1774542777
r18-0001201,rwhite@coastalbuildingsystems.com,Revenue Recognizer,What drove the change in gross margin this quarter?,completed,57.0,"Ops Apr variance was $1,923,328 vs plan",1774524968
r18-0001202,rwhite@coastalbuildingsystems.com,Flux Commentary,Reconcile AP aging over 90 days for US-02,completed,47.0,"Ops Jan variance was $2,317,281 vs plan",1774553091
r18-0001203,sjackson@coastalbuildingsystems.com,Flux Commentary,Draft flux commentary for the Jun close,completed,18.4,"FP&A Jun variance was $2,450,159 vs plan",1774539447
r18-0001204,rwhite@coastalbuildingsystems.com,Journal Entry Reviewer,Summarize the Jun variance for entity CA-01,completed,31.1,"Treasury Jun variance was $145,511 vs plan",1774529282
r18-0001205,bjones@coastalbuildingsystems.com,Budget vs Actual,Why did Accounting spend exceed budget in Jan?,completed,38.2,"Accounting Jan variance was $1,591,719 vs plan",1774531402
r18-0001206,rperez@coastalbuildingsystems.com,AP Aging Analyst,Build the board deck cash slide for Apr,completed,68.0,"Treasury Apr variance was $2,279,107 vs plan",1774538258
r18-0001207,bjones@coastalbuildingsystems.com,Revenue Recognizer,Build the board deck cash slide for Jan,completed,65.0,"Accounting Jan variance was $3,320,531 vs plan",1774536966
r18-0001208,bjones@coastalbuildingsystems.com,Board Deck Builder,Which cost centers are over budget YTD?,completed,37.6,"Treasury Jun variance was $6,854 vs plan",1774551438
r18-0001209,rwhite@coastalbuildingsystems.com,Close Checklist Bot,Check covenant compliance for the revolver,completed,7.2,"Treasury Jun variance was $2,087,359 vs plan",1774542271
r18-0001210,dkim@coastalbuildingsystems.com,Vendor Spend Analyzer,Build the board deck cash slide for Jun,completed,30.8,"Treasury Jun variance was $3,168,163 vs plan",1774555127
r18-0001211,jjones@coastalbuildingsystems.com,Close Checklist Bot,Draft flux commentary for the Feb close,completed,6.3,"FP&A Feb variance was $2,733,017 vs plan",1774552482
r18-0001212,rwhite@coastalbuildingsystems.com,Flux Commentary,What drove the change in gross margin this quarter?,completed,34.5,"Accounting Apr variance was $2,733,733 vs plan",1774542308
r18-0001213,rperez@coastalbuildingsystems.com,Headcount Planner,Summarize the Mar variance for entity CA-05,completed,64.8,"FP&A Mar variance was $1,051,850 vs plan",1774520326
r18-0001214,bjones@coastalbuildingsystems.com,Flux Commentary,Why did Accounting spend exceed budget in May?,completed,19.4,"Accounting May variance was $3,093,545 vs plan",1774550113
r18-0001215,lpatel@coastalbuildingsystems.com,Close Checklist Bot,What drove the change in gross margin this quarter?,completed,35.0,"Treasury Jun variance was $4,539,482 vs plan",1774541970
r18-0001216,rwhite@coastalbuildingsystems.com,Budget vs Actual,Why did FP&A spend exceed budget in Jan?,completed,15.6,"FP&A Jan variance was $2,916,767 vs plan",1774545289
r18-0001217,dkim@coastalbuildingsystems.com,Journal Entry Reviewer,Check covenant compliance for the revolver,completed,50.5,"Accounting Feb variance was $2,131,193 vs plan",1774552914
r18-0001218,jjones@coastalbuildingsystems.com,Vendor Spend Analyzer,Build the board deck cash slide for May,completed,74.5,"Ops May variance was $4,686,698 vs plan",1774547007
r18-0001219,rwhite@coastalbuildingsystems.com,Journal Entry Reviewer,Draft flux commentary for the Jan close,error,1.8,FAILED: null reference in aggregation step,1774544006
r18-0001220,rwhite@coastalbuildingsystems.com,AP Aging Analyst,Build the board deck cash slide for Mar,completed,1.0,error code 502 from model gateway,1774536490
r18-0001221,rwhite@coastalbuildingsystems.com,Board Deck Builder,Check covenant compliance for the revolver,completed,63.8,"Treasury Mar variance was $1,404,304 vs plan",1774551891
r18-0001222,bjones@coastalbuildingsystems.com,Vendor Spend Analyzer,Check covenant compliance for the revolver,completed,26.5,"FP&A Mar variance was $1,411,816 vs plan",1774540513
r18-0001223,rwhite@coastalbuildingsystems.com,Covenant Checker,Build the board deck cash slide for May,completed,5.8,"Accounting May variance was $4,175,808 vs plan",1774549004
r18-0001224,dkim@coastalbuildingsystems.com,Budget vs Actual,Draft flux commentary for the Apr close,completed,55.7,"Ops Apr variance was $4,174,298 vs plan",1774546803
r18-0001225,rwhite@coastalbuildingsystems.com,Headcount Planner,Summarize the Mar variance for entity MX-04,error,4.2,ERROR: upstream request timed out,1774528808
r18-0001226,bjones@coastalbuildingsystems.com,Vendor Spend Analyzer,Draft flux commentary for the Apr close,completed,33.8,"FP&A Apr variance was $3,381,686 vs plan",1774552886
r18-0001227,rthompson@coastalbuildingsystems.com,Revenue Recognizer,Summarize the Jun variance for entity CA-05,completed,30.5,"Accounting Jun variance was $2,412,665 vs plan",1774523442
r18-0001228,rwhite@coastalbuildingsystems.com,Vendor Spend Analyzer,What drove the change in gross margin this quarter?,completed,26.0,"Accounting Jun variance was $4,490,868 vs plan",1774644553
r18-0001229,bjones@coastalbuildingsystems.com,Revenue Recognizer,Which cost centers are over budget YTD?,completed,26.7,"FP&A Jan variance was $4,365,496 vs plan",1774615343
r18-0001230,btaylor@coastalbuildingsystems.com,Budget vs Actual,Forecast Jan operating cash flow,completed,42.8,"Treasury Jan variance was $750,016 vs plan",1774639291
r18-0001231,rwhite@coastalbuildingsystems.com,Journal Entry Reviewer,Forecast Apr operating cash flow,completed,54.7,"Ops Apr variance was $128,143 vs plan",1774623377
r18-0001232,rperez@coastalbuildingsystems.com,Variance Explainer,Explain the headcount variance vs plan,completed,46.6,"Accounting May variance was $4,210,697 vs plan",1774631894
r18-0001233,rwhite@coastalbuildingsystems.com,Close Checklist Bot,Draft flux commentary for the Apr close,completed,41.9,"Treasury Apr variance was $1,358,677 vs plan",1774620652
r18-0001234,rperez@coastalbuildingsystems.com,Vendor Spend Analyzer,Which cost centers are over budget YTD?,completed,50.1,"Ops Feb variance was $363,723 vs plan",1774627343
r18-0001235,btaylor@coastalbuildingsystems.com,Flux Commentary,Summarize the Jun variance for entity MX-01,completed,17.8,"FP&A Jun variance was $2,545,700 vs plan",1774621960
r18-0001236,bjones@coastalbuildingsystems.com,Vendor Spend Analyzer,Build the board deck cash slide for Jun,completed,30.7,"Ops Jun variance was $1,049,618 vs plan",1774646420
r18-0001237,rwhite@coastalbuildingsystems.com,AP Aging Analyst,Explain the headcount variance vs plan,completed,36.7,"Ops Feb variance was $1,088,167 vs plan",1774632462
r18-0001238,bjones@coastalbuildingsystems.com,Cash Forecaster,Forecast Mar operating cash flow,completed,45.5,"FP&A Mar variance was $3,689,996 vs plan",1774633550
r18-0001239,bjones@coastalbuildingsystems.com,Cash Forecaster,Why did Accounting spend exceed budget in Apr?,completed,63.4,"Accounting Apr variance was $207,948 vs plan",1774613471
r18-0001240,bjones@coastalbuildingsystems.com,Variance Explainer,Draft flux commentary for the Mar close,completed,25.7,"Ops Mar variance was $3,589,606 vs plan",1774637259
r18-0001241,rwhite@coastalbuildingsystems.com,Headcount Planner,Draft flux commentary for the May close,completed,60.4,"Ops May variance was $4,329,612 vs plan",1774655052
r18-0001242,rperez@coastalbuildingsystems.com,Headcount Planner,Draft flux commentary for the May close,completed,1.1,error: connection reset by peer,1774632028
r18-0001243,dkim@coastalbuildingsystems.com,Board Deck Builder,Why did FP&A spend exceed budget in Mar?,completed,63.2,"FP&A Mar variance was $3,837,404 vs plan",1774618556
r18-0001244,dgonzalez@coastalbuildingsystems.com,Journal Entry Reviewer,Forecast Mar operating cash flow,completed,3.4,"Ops Mar variance was $4,505,086 vs plan",1774623014
r18-0001245,rwhite@coastalbuildingsystems.com,Revenue Recognizer,Which cost centers are over budget YTD?,completed,6.2,"Ops Feb variance was $440,599 vs plan",1774622440
r18-0001246,jjones@coastalbuildingsystems.com,AP Aging Analyst,What drove the change in gross margin this quarter?,completed,15.5,"FP&A Mar variance was $2,292,806 vs plan",1774634898
r18-0001247,lpatel@coastalbuildingsystems.com,Board Deck Builder,Reconcile AP aging over 90 days for EU-07,completed,14.4,"Accounting Mar variance was $3,373,311 vs plan",1774639254
r18-0001248,rwhite@coastalbuildingsystems.com,Headcount Planner,Reconcile AP aging over 90 days for CA-03,completed,14.7,"Accounting May variance was $1,257,688 vs plan",1774646760
r18-0001249,bjones@coastalbuildingsystems.com,Board Deck Builder,Forecast Jun operating cash flow,completed,74.0,"Ops Jun variance was $1,622,059 vs plan",1774616902
r18-0001250,lperez@coastalbuildingsystems.com,Flux Commentary,Build the board deck cash slide for May,error,5.8,error code 502 from model gateway,1774620625
r18-0001251,dgonzalez@coastalbuildingsystems.com,Variance Explainer,Reconcile AP aging over 90 days for EU-08,completed,55.1,"FP&A Mar variance was $4,296,676 vs plan",1774626108
r18-0001252,dkim@coastalbuildingsystems.com,Variance Explainer,Explain the headcount variance vs plan,completed,69.1,"Accounting Jan variance was $3,848,892 vs plan",1774640770
r18-0001253,lperez@coastalbuildingsystems.com,AP Aging Analyst,Why did Accounting spend exceed budget in Jan?,completed,74.9,"Accounting Jan variance was $4,010,914 vs plan",1774632089
r18-0001254,rwhite@coastalbuildingsystems.com,Vendor Spend Analyzer,Check covenant compliance for the revolver,completed,72.4,"Ops May variance was $763,685 vs plan",1774620965
r18-0001255,jwhite2@coastalbuildingsystems.com,Close Checklist Bot,Reconcile AP aging over 90 days for MX-02,completed,56.4,"Treasury May variance was $1,244,985 vs plan",1774631411
r18-0001256,jwhite@coastalbuildingsystems.com,AP Aging Analyst,Summarize the Feb variance for entity CA-01,completed,21.4,"Ops Feb variance was $2,872,135 vs plan",1774638279
r18-0001257,btaylor@coastalbuildingsystems.com,Variance Explainer,Forecast Feb operating cash flow,completed,20.2,"Ops Feb variance was $3,550,372 vs plan",1774624760
r18-0001258,rthompson@coastalbuildingsystems.com,Vendor Spend Analyzer,Check covenant compliance for the revolver,completed,25.9,"Ops Jan variance was $2,427,238 vs plan",1774635670
r18-0001259,dkim@coastalbuildingsystems.com,AP Aging Analyst,Reconcile AP aging over 90 days for US-01,completed,62.8,"Accounting Jan variance was $3,945,186 vs plan",1774625024
r18-0001260,rwhite@coastalbuildingsystems.com,AP Aging Analyst,Check covenant compliance for the revolver,completed,26.1,"Treasury Jun variance was $4,065,983 vs plan",1774636220
r18-0001261,bjones@coastalbuildingsystems.com,Budget vs Actual,Check covenant compliance for the revolver,completed,52.4,"Treasury Feb variance was $4,623,450 vs plan",1774637160
r18-0001262,dkim@coastalbuildingsystems.com,Journal Entry Reviewer,Why did FP&A spend exceed budget in Jun?,completed,6.6,"FP&A Jun variance was $748,929 vs plan",1774637157
r18-0001263,rperez@coastalbuildingsystems.com,Headcount Planner,What drove the change in gross margin this quarter?,completed,4.8,"Accounting Mar variance was $2,993,769 vs plan",1774625016
r18-0001264,dkim@coastalbuildingsystems.com,Vendor Spend Analyzer,Draft flux commentary for the Jun close,completed,6.0,"Treasury Jun variance was $3,970,669 vs plan",1774646976
r18-0001265,rperez@coastalbuildingsystems.com,Covenant Checker,Which cost centers are over budget YTD?,completed,74.6,"Treasury Apr variance was $4,202,182 vs plan",1774640905
r18-0001266,rwhite@coastalbuildingsystems.com,Board Deck Builder,Explain the headcount variance vs plan,completed,1.3,error code 502 from model gateway,1774630928
r18-0001267,rwhite@coastalbuildingsystems.com,Vendor Spend Analyzer,Explain the headcount variance vs plan,completed,24.0,"Treasury Jan variance was $2,102,586 vs plan",1774647272
r18-0001268,rwhite@coastalbuildingsystems.com,Covenant Checker,Forecast Jun operating cash flow,completed,11.0,"FP&A Jun variance was $338,521 vs plan",1774631818
r18-0001269,bjones@coastalbuildingsystems.com,Close Checklist Bot,Forecast Jun operating cash flow,completed,55.3,"Ops Jun variance was $419,561 vs plan",1774623235
r18-0001270,bjones@coastalbuildingsystems.com,Covenant Checker,Build the board deck cash slide for Feb,completed,11.4,"Treasury Feb variance was $1,952,680 vs plan",1774627307
r18-0001271,jjones@coastalbuildingsystems.com,Close Checklist Bot,What drove the change in gross margin this quarter?,completed,55.4,"FP&A May variance was $1,349,835 vs plan",1774650981
r18-0001272,rthompson@coastalbuildingsystems.com,Headcount Planner,Forecast May operating cash flow,completed,32.4,"Accounting May variance was $3,995,784 vs plan",1774620639
r18-0001273,dkim@coastalbuildingsystems.com,Close Checklist Bot,Which cost centers are over budget YTD?,error,1.5,FAILED: null reference in aggregation step,1774628602
r18-0001274,lperez@coastalbuildingsystems.com,Journal Entry Reviewer,Check covenant compliance for the revolver,completed,3.8,"FP&A Apr variance was $3,747,662 vs plan",1774620681
r18-0001275,btaylor@coastalbuildingsystems.com,AP Aging Analyst,Reconcile AP aging over 90 days for EU-08,completed,35.6,"Ops Apr variance was $1,573,243 vs plan",1774624023
r18-0001276,dkim@coastalbuildingsystems.com,Flux Commentary,Forecast Apr operating cash flow,completed,74.9,"Treasury Apr variance was $760,878 vs plan",1774621795
r18-0001277,rwhite@coastalbuildingsystems.com,Close Checklist Bot,Which cost centers are over budget YTD?,completed,6.9,"Treasury Feb variance was $419,788 vs plan",1774635658
r18-0001278,jthompson@coastalbuildingsystems.com,Headcount Planner,Reconcile AP aging over 90 days for CA-03,completed,74.2,"Accounting Jan variance was $2,519,710 vs plan",1774642305
r18-0001279,bjones@coastalbuildingsystems.com,Covenant Checker,Check covenant compliance for the revolver,completed,58.9,"Treasury Jun variance was $1,904,771 vs plan",1774629176
r18-0001280,sjackson@coastalbuildingsystems.com,AP Aging Analyst,Forecast Jan operating cash flow,completed,60.9,"Treasury Jan variance was $4,221,244 vs plan",1774638616
r18-0001281,rwhite@coastalbuildingsystems.com,AP Aging Analyst,Check covenant compliance for the revolver,completed,26.1,"Ops Feb variance was $369,173 vs plan",1774624639
r18-0001282,bjones@coastalbuildingsystems.com,Cash Forecaster,Explain the headcount variance vs plan,completed,69.5,"Treasury Feb variance was $1,253,713 vs plan",1774609857
r18-0001283,rwhite@coastalbuildingsystems.com,Journal Entry Reviewer,Summarize the Jun variance for entity MX-09,completed,0.3,ERROR: upstream request timed out,1774627383
r18-0001284,rperez@coastalbuildingsystems.com,Flux Commentary,Why did Accounting spend exceed budget in Mar?,completed,69.0,"Accounting Mar variance was $348,972 vs plan",1774634796
r18-0001285,bjones@coastalbuildingsystems.com,Budget vs Actual,Why did Accounting spend exceed budget in Mar?,completed,36.2,"Accounting Mar variance was $4,510,875 vs plan",1774638495
r18-0001286,bjones@coastalbuildingsystems.com,Covenant Checker,Check covenant compliance for the revolver,completed,29.5,"Accounting May variance was $3,220,596 vs plan",1774632161
r18-0001287,rwhite@coastalbuildingsystems.com,Covenant Checker,Forecast Mar operating cash flow,error,3.1,ERROR: upstream request timed out,1774633275
r18-0001288,rwhite@coastalbuildingsystems.com,Board Deck Builder,Check covenant compliance for the revolver,completed,22.9,"Ops Jun variance was $1,486,297 vs plan",1774627388
r18-0001289,rwhite@coastalbuildingsystems.com,AP Aging Analyst,Forecast Apr operating cash flow,completed,52.4,"Treasury Apr variance was $1,757,486 vs plan",1774634369
r18-0001290,lpatel@coastalbuildingsystems.com,Flux Commentary,Summarize the Jan variance for entity MX-03,completed,63.1,"Ops Jan variance was $2,430,459 vs plan",1774714008
r18-0001291,canderson@coastalbuildingsystems.com,Flux Commentary,Draft flux commentary for the Apr close,completed,68.0,"Ops Apr variance was $1,777,078 vs plan",1774718956
r18-0001292,btaylor@coastalbuildingsystems.com,Variance Explainer,Forecast Jun operating cash flow,completed,1.0,error: connection reset by peer,1774699988
r18-0001293,rwhite@coastalbuildingsystems.com,Covenant Checker,What drove the change in gross margin this quarter?,completed,5.4,"Treasury Jan variance was $3,142,247 vs plan",1774714411
r18-0001294,rthompson@coastalbuildingsystems.com,Covenant Checker,Why did FP&A spend exceed budget in May?,completed,67.2,"FP&A May variance was $4,289,586 vs plan",1774699596
r18-0001295,btaylor@coastalbuildingsystems.com,Cash Forecaster,Summarize the Apr variance for entity MX-02,completed,26.1,"FP&A Apr variance was $2,917,284 vs plan",1774715151
r18-0001296,rwhite@coastalbuildingsystems.com,Flux Commentary,What drove the change in gross margin this quarter?,completed,4.1,"FP&A Feb variance was $736,409 vs plan",1774727426
r18-0001297,bjones@coastalbuildingsystems.com,AP Aging Analyst,Summarize the Mar variance for entity CA-04,completed,11.3,"FP&A Mar variance was $2,373,717 vs plan",1774711581
r18-0001298,rwhite@coastalbuildingsystems.com,Revenue Recognizer,Why did Ops spend exceed budget in Jun?,completed,70.2,"Ops Jun variance was $2,130,372 vs plan",1774713909
r18-0001299,rwhite@coastalbuildingsystems.com,Vendor Spend Analyzer,Forecast Jun operating cash flow,completed,23.1,"FP&A Jun variance was $31,900 vs plan",1774716141
r18-0001300,rwhite@coastalbuildingsystems.com,Budget vs Actual,Draft flux commentary for the Feb close,completed,53.0,"Ops Feb variance was $2,475,790 vs plan",1774716990
r18-0001301,rwhite@coastalbuildingsystems.com,AP Aging Analyst,What drove the change in gross margin this quarter?,completed,27.0,"FP&A May variance was $2,177,317 vs plan",1774720103
r18-0001302,rwhite@coastalbuildingsystems.com,Journal Entry Reviewer,Summarize the Apr variance for entity CA-09,completed,67.3,"FP&A Apr variance was $883,685 vs plan",1774733772
r18-0001303,lpatel@coastalbuildingsystems.com,Board Deck Builder,Summarize the Jun variance for entity US-07,completed,1.5,ERROR: upstream request timed out,1774698412
r18-0001304,rwhite@coastalbuildingsystems.com,Close Checklist Bot,Which cost centers are over budget YTD?,completed,37.5,"FP&A May variance was $1,305,695 vs plan",1774736898
r18-0001305,rwhite@coastalbuildingsystems.com,Budget vs Actual,Why did Treasury spend exceed budget in Mar?,completed,12.2,"Treasury Mar variance was $1,025,275 vs plan",1774715828
r18-0001306,rwhite@coastalbuildingsystems.com,Vendor Spend Analyzer,Forecast Mar operating cash flow,completed,33.1,"FP&A Mar variance was $1,324,034 vs plan",1774718120
r18-0001307,wharris@coastalbuildingsystems.com,Cash Forecaster,Build the board deck cash slide for Mar,completed,18.9,"FP&A Mar variance was $762,985 vs plan",1774710524
r18-0001308,rperez@coastalbuildingsystems.com,Variance Explainer,Forecast Apr operating cash flow,completed,68.5,"Treasury Apr variance was $4,727,408 vs plan",1774699299
r18-0001309,bjones@coastalbuildingsystems.com,Budget vs Actual,Reconcile AP aging over 90 days for CA-06,completed,49.9,"Accounting Jan variance was $4,554,477 vs plan",1774821260
r18-0001310,sjackson@coastalbuildingsystems.com,Vendor Spend Analyzer,Reconcile AP aging over 90 days for MX-02,completed,39.2,"Accounting May variance was $35,125 vs plan",1774794522
r18-0001311,rwhite@coastalbuildingsystems.com,Variance Explainer,Which cost centers are over budget YTD?,completed,11.0,"Treasury Mar variance was $4,259,251 vs plan",1774816311
r18-0001312,rwhite@coastalbuildingsystems.com,Vendor Spend Analyzer,Which cost centers are over budget YTD?,completed,3.8,"Treasury Apr variance was $3,470,096 vs plan",1774785782
r18-0001313,jjones@coastalbuildingsystems.com,Budget vs Actual,Summarize the Jun variance for entity MX-05,completed,29.8,"Accounting Jun variance was $2,119,954 vs plan",1774817680
r18-0001314,bjones@coastalbuildingsystems.com,Cash Forecaster,Why did FP&A spend exceed budget in Jun?,completed,17.2,"FP&A Jun variance was $1,998,373 vs plan",1774790796
r18-0001315,rthompson@coastalbuildingsystems.com,Budget vs Actual,Build the board deck cash slide for Feb,completed,32.4,"Ops Feb variance was $2,419,652 vs plan",1774814688
r18-0001316,jwhite2@coastalbuildingsystems.com,Headcount Planner,Check covenant compliance for the revolver,completed,49.4,"Ops Jun variance was $2,951,275 vs plan",1774796305
r18-0001317,rwhite@coastalbuildingsystems.com,Close Checklist Bot,Reconcile AP aging over 90 days for EU-09,completed,22.9,"Accounting Mar variance was $2,401,056 vs plan",1774819717
r18-0001318,dkim@coastalbuildingsystems.com,Budget vs Actual,Explain the headcount variance vs plan,completed,60.7,"Ops Mar variance was $3,530,529 vs plan",1774805767
r18-0001319,bjones@coastalbuildingsystems.com,Cash Forecaster,Reconcile AP aging over 90 days for US-09,completed,57.9,"Treasury Jun variance was $4,542,340 vs plan",1774798506
r18-0001320,sjackson@coastalbuildingsystems.com,Flux Commentary,Summarize the May variance for entity MX-07,completed,55.1,"Treasury May variance was $4,077,638 vs plan",1774800827
r18-0001321,jwhite2@coastalbuildingsystems.com,Board Deck Builder,What drove the change in gross margin this quarter?,completed,5.9,"FP&A Jun variance was $2,273,503 vs plan",1774800210
r18-0001322,sjackson@coastalbuildingsystems.com,Budget vs Actual,Explain the headcount variance vs plan,completed,13.5,"Treasury Apr variance was $255,684 vs plan",1774792780
r18-0001323,rwhite@coastalbuildingsystems.com,Covenant Checker,Forecast Mar operating cash flow,completed,73.4,"Ops Mar variance was $4,232,588 vs plan",1774802957
r18-0001324,dkim@coastalbuildingsystems.com,AP Aging Analyst,Reconcile AP aging over 90 days for US-09,completed,61.1,"FP&A Apr variance was $3,938,131 vs plan",1774800721
r18-0001325,bjones@coastalbuildingsystems.com,Budget vs Actual,Why did Ops spend exceed budget in Apr?,completed,9.8,"Ops Apr variance was $2,259,048 vs plan",1774794985
r18-0001326,canderson@coastalbuildingsystems.com,Flux Commentary,Draft flux commentary for the Mar close,completed,24.8,"FP&A Mar variance was $4,406,901 vs plan",1774785405
r18-0001327,sjackson@coastalbuildingsystems.com,Covenant Checker,Draft flux commentary for the Feb close,completed,52.2,"FP&A Feb variance was $3,148,243 vs plan",1774823421
r18-0001328,bjones@coastalbuildingsystems.com,Cash Forecaster,What drove the change in gross margin this quarter?,completed,43.5,"Accounting Mar variance was $3,148,315 vs plan",1774818694
r18-0001329,bjones@coastalbuildingsystems.com,Flux Commentary,Which cost centers are over budget YTD?,completed,33.1,"Accounting Jun variance was $4,282,993 vs plan",1774887863
r18-0001330,dkim@coastalbuildingsystems.com,Variance Explainer,What drove the change in gross margin this quarter?,completed,9.7,"Ops Jan variance was $1,593,097 vs plan",1774893561
r18-0001331,rwhite@coastalbuildingsystems.com,Vendor Spend Analyzer,Draft flux commentary for the May close,completed,0.9,ERROR: upstream request timed out,1774896684
r18-0001332,rwhite@coastalbuildingsystems.com,Revenue Recognizer,Forecast May operating cash flow,completed,56.1,"FP&A May variance was $2,388,453 vs plan",1774889689
r18-0001333,lpatel@coastalbuildingsystems.com,Headcount Planner,Draft flux commentary for the Feb close,completed,66.2,"Ops Feb variance was $4,073,445 vs plan",1774887483
r18-0001334,bjones@coastalbuildingsystems.com,Revenue Recognizer,Summarize the Jun variance for entity EU-02,completed,22.2,"Accounting Jun variance was $4,354,388 vs plan",1774889236
r18-0001335,rwhite@coastalbuildingsystems.com,Journal Entry Reviewer,Check covenant compliance for the revolver,completed,13.7,"FP&A Feb variance was $1,494,699 vs plan",1774898621
r18-0001336,wharris@coastalbuildingsystems.com,Variance Explainer,Why did Treasury spend exceed budget in Feb?,completed,11.9,"Treasury Feb variance was $1,533,803 vs plan",1774900775
r18-0001337,rwhite@coastalbuildingsystems.com,AP Aging Analyst,Check covenant compliance for the revolver,completed,25.1,"Treasury Jun variance was $2,885,837 vs plan",1774886938
r18-0001338,bjones@coastalbuildingsystems.com,Cash Forecaster,Why did Ops spend exceed budget in Jan?,completed,34.8,"Ops Jan variance was $11,376 vs plan",1774894676
r18-0001339,jjones@coastalbuildingsystems.com,Covenant Checker,Why did Accounting spend exceed budget in Mar?,completed,11.2,"Accounting Mar variance was $2,785,191 vs plan",1774892672
r18-0001340,bjones@coastalbuildingsystems.com,Revenue Recognizer,Forecast Mar operating cash flow,completed,64.4,"FP&A Mar variance was $3,577,229 vs plan",1774885760
r18-0001341,rthompson@coastalbuildingsystems.com,Board Deck Builder,Build the board deck cash slide for Jun,completed,1.1,error code 502 from model gateway,1774883012
r18-0001342,canderson@coastalbuildingsystems.com,Close Checklist Bot,Why did Ops spend exceed budget in Feb?,completed,33.8,"Ops Feb variance was $4,393,204 vs plan",1774872743
r18-0001343,lpatel@coastalbuildingsystems.com,Flux Commentary,Forecast Jan operating cash flow,completed,44.3,"Accounting Jan variance was $2,246,914 vs plan",1774877356
r18-0001344,rperez@coastalbuildingsystems.com,Board Deck Builder,Forecast May operating cash flow,completed,66.7,"FP&A May variance was $1,543,608 vs plan",1774875272
r18-0001345,jwhite@coastalbuildingsystems.com,Headcount Planner,What drove the change in gross margin this quarter?,completed,74.7,"Treasury Apr variance was $4,490,836 vs plan",1774870103
r18-0001346,lperez@coastalbuildingsystems.com,Budget vs Actual,Reconcile AP aging over 90 days for MX-03,error,2.6,ERROR: upstream request timed out,1774903202
r18-0001347,sbrown@coastalbuildingsystems.com,Revenue Recognizer,Why did FP&A spend exceed budget in Jan?,completed,43.0,"FP&A Jan variance was $849,197 vs plan",1774887548
r18-0001348,sjackson@coastalbuildingsystems.com,Headcount Planner,Build the board deck cash slide for Mar,completed,17.0,"Accounting Mar variance was $970,328 vs plan",1774911072
r18-0001349,bjones@coastalbuildingsystems.com,Headcount Planner,Forecast Mar operating cash flow,completed,25.2,"Ops Mar variance was $1,225,149 vs plan",1774893442
r18-0001350,sjackson@coastalbuildingsystems.com,Journal Entry Reviewer,Which cost centers are over budget YTD?,completed,20.7,"FP&A Mar variance was $1,027,955 vs plan",1774884837
r18-0001351,jgarcia@coastalbuildingsystems.com,AP Aging Analyst,Summarize the Apr variance for entity CA-07,completed,39.0,"FP&A Apr variance was $1,349,408 vs plan",1774895449
r18-0001352,dkim@coastalbuildingsystems.com,Journal Entry Reviewer,Summarize the Mar variance for entity US-07,completed,0.7,ERROR: upstream request timed out,1774873550
r18-0001353,rwhite@coastalbuildingsystems.com,Journal Entry Reviewer,Check covenant compliance for the revolver,completed,37.5,"Treasury Jun variance was $4,225,952 vs plan",1774878350
r18-0001354,btaylor@coastalbuildingsystems.com,Headcount Planner,Draft flux commentary for the Feb close,completed,32.6,"Accounting Feb variance was $877,408 vs plan",1774886127
r18-0001355,sjackson@coastalbuildingsystems.com,Covenant Checker,Build the board deck cash slide for Jan,completed,45.6,"FP&A Jan variance was $3,902,044 vs plan",1774876010
r18-0001356,bjones@coastalbuildingsystems.com,Budget vs Actual,Which cost centers are over budget YTD?,completed,72.8,"FP&A Feb variance was $27,022 vs plan",1774887317
r18-0001357,rwhite@coastalbuildingsystems.com,Budget vs Actual,Explain the headcount variance vs plan,error,6.5,error code 502 from model gateway,1774887628
r18-0001358,wharris@coastalbuildingsystems.com,AP Aging Analyst,Which cost centers are over budget YTD?,completed,61.6,"Treasury Jun variance was $4,594,008 vs plan",1774888475
r18-0001359,rwhite@coastalbuildingsystems.com,Covenant Checker,Check covenant compliance for the revolver,error,4.4,Traceback (most recent call last): KeyError 'entity',1774908679
r18-0001360,rwhite@coastalbuildingsystems.com,Board Deck Builder,Build the board deck cash slide for Jan,completed,20.3,"FP&A Jan variance was $2,852,090 vs plan",1774898203
r18-0001361,rwhite@coastalbuildingsystems.com,Headcount Planner,Forecast Jun operating cash flow,completed,54.2,"Treasury Jun variance was $1,837,983 vs plan",1774912059
r18-0001362,rwhite@coastalbuildingsystems.com,Board Deck Builder,What drove the change in gross margin this quarter?,completed,27.1,"FP&A Apr variance was $4,486,466 vs plan",1774916183
r18-0001363,rwhite@coastalbuildingsystems.com,Covenant Checker,Why did Treasury spend exceed budget in Jun?,completed,72.0,"Treasury Jun variance was $1,870,648 vs plan",1774881510
r18-0001364,bjones@coastalbuildingsystems.com,AP Aging Analyst,Build the board deck cash slide for May,completed,34.1,"Ops May variance was $4,675,657 vs plan",1774885400
r18-0001365,rperez@coastalbuildingsystems.com,Budget vs Actual,Explain the headcount variance vs plan,completed,10.2,"Treasury Jun variance was $2,756,491 vs plan",1774887299
r18-0001366,jjones@coastalbuildingsystems.com,Revenue Recognizer,Check covenant compliance for the revolver,completed,28.3,"Ops Jan variance was $3,631,165 vs plan",1774891645
r18-0001367,bjones@coastalbuildingsystems.com,Budget vs Actual,Why did Treasury spend exceed budget in Apr?,completed,50.0,"Treasury Apr variance was $3,377,776 vs plan",1774881909
r18-0001368,dkim@coastalbuildingsystems.com,Budget vs Actual,Draft flux commentary for the Jun close,completed,65.7,"FP&A Jun variance was $3,568,922 vs plan",1774894154
r18-0001369,jwhite2@coastalbuildingsystems.com,Revenue Recognizer,Which cost centers are over budget YTD?,completed,14.3,"Ops Jun variance was $2,777,989 vs plan",1774889806
r18-0001370,rwhite@coastalbuildingsystems.com,Board Deck Builder,Check covenant compliance for the revolver,completed,63.4,"FP&A Apr variance was $2,998,742 vs plan",1774895698
r18-0001371,rwhite@coastalbuildingsystems.com,Budget vs Actual,Forecast May operating cash flow,completed,42.3,"Accounting May variance was $994,522 vs plan",1774990218
r18-0001372,wharris@coastalbuildingsystems.com,Board Deck Builder,Forecast Apr operating cash flow,completed,30.2,"Treasury Apr variance was $2,731,170 vs plan",1774984376
r18-0001373,rwhite@coastalbuildingsystems.com,Board Deck Builder,Summarize the Jun variance for entity US-09,completed,43.3,"Ops Jun variance was $798,670 vs plan",1774984220
r18-0001374,canderson@coastalbuildingsystems.com,Cash Forecaster,Explain the headcount variance vs plan,completed,13.8,"Treasury Apr variance was $4,294,881 vs plan",1774961147
r18-0001375,jwhite2@coastalbuildingsystems.com,Budget vs Actual,Explain the headcount variance vs plan,completed,16.5,"Accounting Apr variance was $2,520,329 vs plan",1774962155
r18-0001376,rwhite@coastalbuildingsystems.com,Headcount Planner,Draft flux commentary for the Jun close,completed,10.9,"Treasury Jun variance was $4,665,839 vs plan",1774973165
r18-0001377,rwhite@coastalbuildingsystems.com,Headcount Planner,Forecast Jun operating cash flow,completed,30.0,"FP&A Jun variance was $3,676,048 vs plan",1774969804
r18-0001378,rwhite@coastalbuildingsystems.com,AP Aging Analyst,What drove the change in gross margin this quarter?,completed,50.9,"Treasury Jun variance was $659,515 vs plan",1774970378
r18-0001379,bjones@coastalbuildingsystems.com,Revenue Recognizer,Which cost centers are over budget YTD?,completed,0.9,FAILED: null reference in aggregation step,1774979980
r18-0001380,rwhite@coastalbuildingsystems.com,Headcount Planner,Summarize the Jun variance for entity EU-08,completed,31.3,"FP&A Jun variance was $2,662,782 vs plan",1774964623
r18-0001381,bjones@coastalbuildingsystems.com,Journal Entry Reviewer,Summarize the Jun variance for entity US-07,completed,9.4,"Ops Jun variance was $4,403,662 vs plan",1774969445
r18-0001382,bjones@coastalbuildingsystems.com,Headcount Planner,Explain the headcount variance vs plan,completed,44.7,"Accounting Feb variance was $791,198 vs plan",1774973040
r18-0001383,rperez@coastalbuildingsystems.com,Cash Forecaster,Which cost centers are over budget YTD?,completed,35.0,"Treasury May variance was $381,778 vs plan",1774984209
r18-0001384,bjones@coastalbuildingsystems.com,Covenant Checker,What drove the change in gross margin this quarter?,completed,41.9,"Ops Feb variance was $3,231,679 vs plan",1774976251
r18-0001385,bjones@coastalbuildingsystems.com,Vendor Spend Analyzer,Explain the headcount variance vs plan,completed,60.2,"FP&A Apr variance was $4,221,470 vs plan",1774966995
r18-0001386,lperez@coastalbuildingsystems.com,Headcount Planner,Reconcile AP aging over 90 days for US-07,completed,68.1,"Ops Jan variance was $33,448 vs plan",1774978206
r18-0001387,bjones@coastalbuildingsystems.com,Flux Commentary,Why did FP&A spend exceed budget in May?,completed,26.3,"FP&A May variance was $524,389 vs plan",1774980492
r18-0001388,jjones@coastalbuildingsystems.com,Variance Explainer,Which cost centers are over budget YTD?,completed,54.1,"Treasury Feb variance was $3,989,142 vs plan",1774991371
r18-0001389,bjones@coastalbuildingsystems.com,Revenue Recognizer,Forecast May operating cash flow,completed,20.4,"Ops May variance was $1,288,858 vs plan",1774977274
r18-0001390,rwhite@coastalbuildingsystems.com,Board Deck Builder,What drove the change in gross margin this quarter?,completed,27.3,"Ops May variance was $1,650,884 vs plan",1774952667
r18-0001391,rwhite@coastalbuildingsystems.com,Revenue Recognizer,Reconcile AP aging over 90 days for EU-01,completed,13.3,"FP&A Apr variance was $2,147,206 vs plan",1774985580
r18-0001392,bjones@coastalbuildingsystems.com,Cash Forecaster,Explain the headcount variance vs plan,completed,8.5,"Ops May variance was $2,017,651 vs plan",1774966039
r18-0001393,bjones@coastalbuildingsystems.com,Covenant Checker,Why did Treasury spend exceed budget in Jun?,completed,71.6,"Treasury Jun variance was $936,110 vs plan",1774992016
r18-0001394,dkim@coastalbuildingsystems.com,Journal Entry Reviewer,Which cost centers are over budget YTD?,completed,27.4,"FP&A Mar variance was $1,260,215 vs plan",1774982055
r18-0001395,rwhite@coastalbuildingsystems.com,Budget vs Actual,What drove the change in gross margin this quarter?,completed,7.8,"FP&A Feb variance was $2,286,641 vs plan",1774992849
r18-0001396,bjones@coastalbuildingsystems.com,Budget vs Actual,Why did Treasury spend exceed budget in Mar?,completed,55.2,"Treasury Mar variance was $3,514,852 vs plan",1774981338
r18-0001397,rwhite@coastalbuildingsystems.com,Cash Forecaster,Build the board deck cash slide for Jan,completed,70.3,"Treasury Jan variance was $2,868,143 vs plan",1774978847
r18-0001398,rwhite@coastalbuildingsystems.com,Close Checklist Bot,Forecast Apr operating cash flow,completed,21.4,"FP&A Apr variance was $3,256,930 vs plan",1774985095
r18-0001399,jjones@coastalbuildingsystems.com,Flux Commentary,Why did FP&A spend exceed budget in Feb?,completed,51.6,"FP&A Feb variance was $3,561,866 vs plan",1774966179
r18-0001400,btaylor@coastalbuildingsystems.com,AP Aging Analyst,Explain the headcount variance vs plan,completed,63.3,"FP&A Jan variance was $4,461,742 vs plan",1774988384
r18-0001401,bjones@coastalbuildingsystems.com,Budget vs Actual,Why did FP&A spend exceed budget in Jan?,completed,22.1,"FP&A Jan variance was $3,830,027 vs plan",1774969291
r18-0001402,bjones@coastalbuildingsystems.com,Revenue Recognizer,Why did FP&A spend exceed budget in Feb?,completed,47.2,"FP&A Feb variance was $604,326 vs plan",1774987185
r18-0001403,canderson@coastalbuildingsystems.com,Vendor Spend Analyzer,Forecast May operating cash flow,completed,29.9,"Ops May variance was $4,225,529 vs plan",1774961318
r18-0001404,bjones@coastalbuildingsystems.com,Budget vs Actual,Forecast Feb operating cash flow,completed,33.9,"FP&A Feb variance was $3,945,806 vs plan",1774990454
r18-0001405,jwhite@coastalbuildingsystems.com,Journal Entry Reviewer,Build the board deck cash slide for Feb,completed,48.9,"FP&A Feb variance was $4,276,533 vs plan",1774962578
r18-0001406,rwhite@coastalbuildingsystems.com,Journal Entry Reviewer,What drove the change in gross margin this quarter?,completed,26.7,"Ops Jun variance was $2,763,709 vs plan",1774978080
r18-0001407,rperez@coastalbuildingsystems.com,Covenant Checker,Reconcile AP aging over 90 days for MX-04,completed,34.4,"Accounting Jun variance was $4,092,514 vs plan",1774967888
r18-0001408,lperez@coastalbuildingsystems.com,AP Aging Analyst,Check covenant compliance for the revolver,completed,0.6,Traceback (most recent call last): KeyError 'entity',1774978336
r18-0001409,rwhite@coastalbuildingsystems.com,Variance Explainer,Build the board deck cash slide for Mar,completed,34.5,"Accounting Mar variance was $3,078,265 vs plan",1774987126
r18-0001410,bjones@coastalbuildingsystems.com,AP Aging Analyst,Explain the headcount variance vs plan,completed,22.6,"Treasury Mar variance was $1,562,898 vs plan",1774976079
r18-0001411,bjones@coastalbuildingsystems.com,Close Checklist Bot,What drove the change in gross margin this quarter?,completed,51.4,"Treasury Feb variance was $2,107,809 vs plan",1774978532
r18-0001412,jwhite2@coastalbuildingsystems.com,Headcount Planner,Draft flux commentary for the Jan close,error,2.0,Traceback (most recent call last): KeyError 'entity',1774972225
r18-0001413,rwhite@coastalbuildingsystems.com,Cash Forecaster,Reconcile AP aging over 90 days for US-03,completed,38.9,"Accounting Jan variance was $3,974,291 vs plan",1774993873
r18-0001414,rwhite@coastalbuildingsystems.com,Cash Forecaster,Explain the headcount variance vs plan,error,6.8,Traceback (most recent call last): KeyError 'entity',1774984931
r18-0001415,rthompson@coastalbuildingsystems.com,Flux Commentary,Explain the headcount variance vs plan,completed,26.1,"Ops Jan variance was $1,495,572 vs plan",1774989618
r18-0001416,rwhite@coastalbuildingsystems.com,Close Checklist Bot,What drove the change in gross margin this quarter?,completed,53.5,"FP&A Apr variance was $4,559,076 vs plan",1774963170
r18-0001417,rwhite@coastalbuildingsystems.com,Cash Forecaster,Reconcile AP aging over 90 days for CA-09,completed,1.0,error code 502 from model gateway,1774980704
r18-0001418,rthompson@coastalbuildingsystems.com,Variance Explainer,Check covenant compliance for the revolver,completed,50.2,"FP&A Jun variance was $3,924,156 vs plan",1774965042
r18-0001419,rwhite@coastalbuildingsystems.com,Covenant Checker,Draft flux commentary for the Jan close,completed,42.9,"FP&A Jan variance was $2,134,692 vs plan",1774974986
r18-0001420,jwhite@coastalbuildingsystems.com,Close Checklist Bot,Forecast Jan operating cash flow,completed,60.5,"FP&A Jan variance was $4,664,681 vs plan",1774979713
r18-0001421,rwhite@coastalbuildingsystems.com,Budget vs Actual,Which cost centers are over budget YTD?,completed,7.1,"FP&A Feb variance was $3,508,536 vs plan",1774965807
r18-0001422,rwhite@coastalbuildingsystems.com,Vendor Spend Analyzer,Draft flux commentary for the Apr close,completed,70.8,"FP&A Apr variance was $3,267,013 vs plan",1774979025
r18-0001423,jwhite@coastalbuildingsystems.com,Variance Explainer,Build the board deck cash slide for Feb,completed,14.6,"Accounting Feb variance was $2,547,773 vs plan",1774972123
r18-0001424,sbrown@coastalbuildingsystems.com,Flux Commentary,Check covenant compliance for the revolver,completed,34.2,"FP&A Mar variance was $2,025,817 vs plan",1774957296
r18-0001425,canderson@coastalbuildingsystems.com,Variance Explainer,Why did Ops spend exceed budget in Jan?,completed,43.4,"Ops Jan variance was $1,520,336 vs plan",1774987898
r18-0001426,lperez@coastalbuildingsystems.com,Close Checklist Bot,Explain the headcount variance vs plan,error,2.9,ERROR: upstream request timed out,1774985568
r18-0001427,bjones@coastalbuildingsystems.com,Cash Forecaster,Forecast Apr operating cash flow,completed,22.0,"Accounting Apr variance was $1,048,130 vs plan",1774985501
r18-0001428,rwhite@coastalbuildingsystems.com,Close Checklist Bot,Draft flux commentary for the Apr close,completed,48.5,"FP&A Apr variance was $2,967,067 vs plan",1774969140
r18-0001429,rperez@coastalbuildingsystems.com,Journal Entry Reviewer,Reconcile AP aging over 90 days for CA-01,completed,66.0,"Ops Jan variance was $4,050,529 vs plan",1774983103
r18-0001430,rwhite@coastalbuildingsystems.com,Budget vs Actual,Build the board deck cash slide for Mar,completed,52.3,"Ops Mar variance was $4,353,733 vs plan",1774976273
r18-0001431,lpatel@coastalbuildingsystems.com,Vendor Spend Analyzer,Summarize the Jun variance for entity US-02,completed,44.8,"Accounting Jun variance was $543,992 vs plan",1774977908
r18-0001432,bjones@coastalbuildingsystems.com,Variance Explainer,Reconcile AP aging over 90 days for CA-08,completed,24.8,"Ops Apr variance was $1,910,953 vs plan",1775059294
r18-0001433,rwhite@coastalbuildingsystems.com,Close Checklist Bot,Explain the headcount variance vs plan,completed,63.3,"Accounting Mar variance was $1,849,919 vs plan",1775063753
r18-0001434,jthompson@coastalbuildingsystems.com,Journal Entry Reviewer,Summarize the Feb variance for entity EU-02,completed,59.4,"Ops Feb variance was $1,281,582 vs plan",1775061802
r18-0001435,rwhite@coastalbuildingsystems.com,Board Deck Builder,Draft flux commentary for the Apr close,completed,30.9,"FP&A Apr variance was $1,091,649 vs plan",1775067410
r18-0001436,jjones@coastalbuildingsystems.com,Close Checklist Bot,Check covenant compliance for the revolver,completed,46.4,"FP&A May variance was $1,870,501 vs plan",1775070971
r18-0001437,jgarcia@coastalbuildingsystems.com,Vendor Spend Analyzer,Why did Treasury spend exceed budget in May?,completed,27.0,"Treasury May variance was $320,543 vs plan",1775064600
r18-0001438,jjones@coastalbuildingsystems.com,Board Deck Builder,Draft flux commentary for the Jun close,completed,8.8,"Treasury Jun variance was $2,452,451 vs plan",1775077224
r18-0001439,bjones@coastalbuildingsystems.com,Budget vs Actual,Why did Treasury spend exceed budget in Mar?,completed,70.7,"Treasury Mar variance was $4,115,920 vs plan",1775059111
r18-0001440,rperez@coastalbuildingsystems.com,Covenant Checker,Draft flux commentary for the Jun close,completed,43.0,"FP&A Jun variance was $594,769 vs plan",1775047647
r18-0001441,rwhite@coastalbuildingsystems.com,Board Deck Builder,Which cost centers are over budget YTD?,completed,61.9,"Ops Jan variance was $3,279,668 vs plan",1775070401
r18-0001442,jwhite2@coastalbuildingsystems.com,Cash Forecaster,Explain the headcount variance vs plan,completed,26.7,"Accounting May variance was $224,138 vs plan",1775079718
r18-0001443,sbrown@coastalbuildingsystems.com,Variance Explainer,Why did Ops spend exceed budget in Feb?,completed,74.0,"Ops Feb variance was $59,931 vs plan",1775054176
r18-0001444,sjackson@coastalbuildingsystems.com,Close Checklist Bot,Forecast Feb operating cash flow,completed,57.3,"Accounting Feb variance was $2,253,373 vs plan",1775063644
r18-0001445,rwhite@coastalbuildingsystems.com,Headcount Planner,What drove the change in gross margin this quarter?,error,0.9,error: connection reset by peer,1775065715
r18-0001446,rwhite@coastalbuildingsystems.com,Flux Commentary,Forecast Mar operating cash flow,completed,10.2,"FP&A Mar variance was $2,691,376 vs plan",1775064910
r18-0001447,bjones@coastalbuildingsystems.com,Close Checklist Bot,Why did FP&A spend exceed budget in Jun?,completed,46.6,"FP&A Jun variance was $4,193,476 vs plan",1775053174
r18-0001448,lperez@coastalbuildingsystems.com,Flux Commentary,Draft flux commentary for the Feb close,completed,50.6,"Treasury Feb variance was $1,482,417 vs plan",1775069600
r18-0001449,rperez@coastalbuildingsystems.com,Vendor Spend Analyzer,Which cost centers are over budget YTD?,completed,19.4,"Accounting May variance was $1,993,228 vs plan",1775060069
r18-0001450,jwhite@coastalbuildingsystems.com,AP Aging Analyst,Which cost centers are over budget YTD?,completed,5.6,"FP&A Jan variance was $4,330,783 vs plan",1775057106
r18-0001451,jthompson@coastalbuildingsystems.com,Cash Forecaster,Why did Accounting spend exceed budget in Mar?,completed,1.6,Traceback (most recent call last): KeyError 'entity',1775054092
r18-0001452,rwhite@coastalbuildingsystems.com,Headcount Planner,Draft flux commentary for the Feb close,completed,72.8,"Ops Feb variance was $1,436,655 vs plan",1775048452
r18-0001453,bjones@coastalbuildingsystems.com,Journal Entry Reviewer,Which cost centers are over budget YTD?,completed,3.1,"Accounting Feb variance was $512,025 vs plan",1775056100
r18-0001454,rperez@coastalbuildingsystems.com,Journal Entry Reviewer,Why did Treasury spend exceed budget in Apr?,completed,32.5,"Treasury Apr variance was $3,998,708 vs plan",1775064060
r18-0001455,btaylor@coastalbuildingsystems.com,Flux Commentary,Why did Ops spend exceed budget in Feb?,completed,46.3,"Ops Feb variance was $2,481,090 vs plan",1775061228
r18-0001456,jgarcia@coastalbuildingsystems.com,Journal Entry Reviewer,Build the board deck cash slide for Mar,completed,38.6,"FP&A Mar variance was $1,428,759 vs plan",1775077224
r18-0001457,bjones@coastalbuildingsystems.com,Budget vs Actual,Explain the headcount variance vs plan,completed,19.7,"Accounting Mar variance was $3,074,866 vs plan",1775048961
r18-0001458,bjones@coastalbuildingsystems.com,Board Deck Builder,Build the board deck cash slide for Mar,completed,57.6,"Treasury Mar variance was $1,956,507 vs plan",1775060220
r18-0001459,wharris@coastalbuildingsystems.com,Vendor Spend Analyzer,What drove the change in gross margin this quarter?,completed,44.0,"Treasury May variance was $3,903,002 vs plan",1775044175
r18-0001460,bjones@coastalbuildingsystems.com,AP Aging Analyst,Forecast May operating cash flow,completed,71.6,"Ops May variance was $760,860 vs plan",1775063661
r18-0001461,bjones@coastalbuildingsystems.com,Close Checklist Bot,Which cost centers are over budget YTD?,completed,72.1,"Treasury Jan variance was $4,181,990 vs plan",1775066805
r18-0001462,sjackson@coastalbuildingsystems.com,Close Checklist Bot,Which cost centers are over budget YTD?,completed,22.4,"Accounting Feb variance was $3,584,373 vs plan",1775063275
r18-0001463,rwhite@coastalbuildingsystems.com,Budget vs Actual,Draft flux commentary for the May close,completed,65.1,"FP&A May variance was $112,691 vs plan",1775049767
r18-0001464,sbrown@coastalbuildingsystems.com,Close Checklist Bot,Check covenant compliance for the revolver,completed,57.5,"Ops Feb variance was $1,093,053 vs plan",1775053226
r18-0001465,rwhite@coastalbuildingsystems.com,Close Checklist Bot,Draft flux commentary for the Jan close,completed,35.6,"FP&A Jan variance was $3,879,960 vs plan",1775060841
r18-0001466,rwhite@coastalbuildingsystems.com,Board Deck Builder,Explain the headcount variance vs plan,completed,64.5,"Treasury Jan variance was $3,389,095 vs plan",1775062923
r18-0001467,rperez@coastalbuildingsystems.com,AP Aging Analyst,Explain the headcount variance vs plan,completed,64.3,"Accounting Mar variance was $4,765,639 vs plan",1775065242
r18-0001468,rwhite@coastalbuildingsystems.com,Budget vs Actual,Why did FP&A spend exceed budget in Mar?,completed,63.5,"FP&A Mar variance was $922,968 vs plan",1775065027
r18-0001469,dkim@coastalbuildingsystems.com,Close Checklist Bot,Build the board deck cash slide for Apr,completed,0.9,ERROR: upstream request timed out,1775074478
r18-0001470,btaylor@coastalbuildingsystems.com,Close Checklist Bot,Which cost centers are over budget YTD?,completed,7.5,"FP&A Jun variance was $2,556,145 vs plan",1775060417
r18-0001471,jthompson@coastalbuildingsystems.com,Board Deck Builder,Which cost centers are over budget YTD?,completed,56.0,"Ops Jan variance was $1,258,829 vs plan",1775044810
r18-0001472,btaylor@coastalbuildingsystems.com,Variance Explainer,Explain the headcount variance vs plan,completed,73.1,"Accounting Feb variance was $2,774,780 vs plan",1775059660
r18-0001473,jwhite@coastalbuildingsystems.com,Variance Explainer,Check covenant compliance for the revolver,completed,12.6,"Accounting Jun variance was $184,382 vs plan",1775064921
r18-0001474,rwhite@coastalbuildingsystems.com,Covenant Checker,Which cost centers are over budget YTD?,completed,29.7,"Accounting Feb variance was $2,261,798 vs plan",1775041592
r18-0001475,dkim@coastalbuildingsystems.com,Cash Forecaster,Explain the headcount variance vs plan,completed,62.7,"FP&A Feb variance was $209,184 vs plan",1775067185
r18-0001476,bjones@coastalbuildingsystems.com,Flux Commentary,Why did Ops spend exceed budget in Mar?,completed,34.7,"Ops Mar variance was $2,717,155 vs plan",1775067354
r18-0001477,dkim@coastalbuildingsystems.com,Variance Explainer,Forecast Feb operating cash flow,completed,28.8,"Treasury Feb variance was $2,299,380 vs plan",1775074175
r18-0001478,dkim@coastalbuildingsystems.com,Close Checklist Bot,Forecast Apr operating cash flow,completed,5.7,"Ops Apr variance was $1,798,390 vs plan",1775046436
r18-0001479,dkim@coastalbuildingsystems.com,Flux Commentary,Draft flux commentary for the Feb close,completed,63.8,"Treasury Feb variance was $1,930,401 vs plan",1775070966
r18-0001480,rwhite@coastalbuildingsystems.com,Board Deck Builder,Which cost centers are over budget YTD?,completed,35.2,"Accounting Apr variance was $2,144,722 vs plan",1775055005
r18-0001481,bjones@coastalbuildingsystems.com,Vendor Spend Analyzer,Which cost centers are over budget YTD?,completed,22.2,"Accounting Feb variance was $843,305 vs plan",1775047965
r18-0001482,sjackson@coastalbuildingsystems.com,Variance Explainer,Summarize the Apr variance for entity US-05,completed,6.9,"FP&A Apr variance was $3,826,713 vs plan",1775050522
r18-0001483,dkim@coastalbuildingsystems.com,Close Checklist Bot,Which cost centers are over budget YTD?,completed,28.4,"Ops Mar variance was $3,644,238 vs plan",1775059686
r18-0001484,rwhite@coastalbuildingsystems.com,Headcount Planner,Build the board deck cash slide for Jan,completed,36.2,"Accounting Jan variance was $2,059,472 vs plan",1775073108
r18-0001485,dkim@coastalbuildingsystems.com,Budget vs Actual,Explain the headcount variance vs plan,completed,5.1,"Treasury Jan variance was $424,359 vs plan",1775073390
r18-0001486,bjones@coastalbuildingsystems.com,Revenue Recognizer,Build the board deck cash slide for Feb,completed,1.1,FAILED: null reference in aggregation step,1775057448
r18-0001487,rwhite@coastalbuildingsystems.com,Budget vs Actual,Reconcile AP aging over 90 days for MX-06,completed,66.5,"Treasury Mar variance was $2,919,312 vs plan",1775068483
r18-0001488,bjones@coastalbuildingsystems.com,Flux Commentary,Forecast Feb operating cash flow,completed,4.5,"Ops Feb variance was $3,612,392 vs plan",1775067130
r18-0001489,rwhite@coastalbuildingsystems.com,Budget vs Actual,Reconcile AP aging over 90 days for MX-06,completed,68.4,"Accounting May variance was $3,281,071 vs plan",1775133874
r18-0001490,dkim@coastalbuildingsystems.com,Variance Explainer,Explain the headcount variance vs plan,completed,42.1,"Treasury Apr variance was $2,446,172 vs plan",1775149184
r18-0001491,dgonzalez@coastalbuildingsystems.com,Headcount Planner,Explain the headcount variance vs plan,completed,54.5,"Accounting Mar variance was $2,890,875 vs plan",1775158334
r18-0001492,sjackson@coastalbuildingsystems.com,Close Checklist Bot,Draft flux commentary for the Apr close,completed,48.8,"Treasury Apr variance was $2,537,218 vs plan",1775162471
r18-0001493,dkim@coastalbuildingsystems.com,Board Deck Builder,Which cost centers are over budget YTD?,completed,68.7,"Treasury Jan variance was $3,298,553 vs plan",1775148844
r18-0001494,canderson@coastalbuildingsystems.com,AP Aging Analyst,Draft flux commentary for the Jun close,completed,7.0,"FP&A Jun variance was $3,570,340 vs plan",1775153505
r18-0001495,rwhite@coastalbuildingsystems.com,AP Aging Analyst,Forecast Jun operating cash flow,completed,27.9,"Treasury Jun variance was $3,976,817 vs plan",1775141396
r18-0001496,bjones@coastalbuildingsystems.com,Close Checklist Bot,Forecast May operating cash flow,completed,6.1,"Accounting May variance was $1,974,727 vs plan",1775150869
r18-0001497,rwhite@coastalbuildingsystems.com,Variance Explainer,Forecast Jun operating cash flow,completed,69.8,"Ops Jun variance was $1,995,553 vs plan",1775166183
r18-0001498,jwhite@coastalbuildingsystems.com,Budget vs Actual,Build the board deck cash slide for May,completed,20.0,"FP&A May variance was $1,713,039 vs plan",1775143378
r18-0001499,rwhite@coastalbuildingsystems.com,Variance Explainer,Forecast Mar operating cash flow,completed,1.6,error: connection reset by peer,1775150953
r18-0001500,bjones@coastalbuildingsystems.com,Headcount Planner,Draft flux commentary for the Feb close,completed,43.6,"FP&A Feb variance was $1,951,451 vs plan",1775161564
r18-0001501,dkim@coastalbuildingsystems.com,Revenue Recognizer,Why did Treasury spend exceed budget in Feb?,error,7.5,ERROR: upstream request timed out,1775153363
r18-0001502,rwhite@coastalbuildingsystems.com,Close Checklist Bot,Reconcile AP aging over 90 days for EU-07,completed,42.0,"Treasury Mar variance was $937,562 vs plan",1775147288
r18-0001503,bjones@coastalbuildingsystems.com,Revenue Recognizer,Why did Accounting spend exceed budget in Apr?,completed,47.3,"Accounting Apr variance was $2,144,267 vs plan",1775148977
r18-0001504,rwhite@coastalbuildingsystems.com,Cash Forecaster,Reconcile AP aging over 90 days for CA-04,completed,70.2,"Accounting Mar variance was $4,434,493 vs plan",1775160899
r18-0001505,jjones@coastalbuildingsystems.com,Covenant Checker,Why did Treasury spend exceed budget in Feb?,completed,18.5,"Treasury Feb variance was $3,114,106 vs plan",1775151173
r18-0001506,rwhite@coastalbuildingsystems.com,Budget vs Actual,Why did FP&A spend exceed budget in May?,completed,59.5,"FP&A May variance was $2,201,566 vs plan",1775164933
r18-0001507,rwhite@coastalbuildingsystems.com,AP Aging Analyst,Explain the headcount variance vs plan,completed,46.9,"Accounting Feb variance was $345,228 vs plan",1775155534
r18-0001508,btaylor@coastalbuildingsystems.com,Journal Entry Reviewer,Reconcile AP aging over 90 days for EU-02,completed,25.3,"Accounting Jun variance was $1,879,183 vs plan",1775130840
r18-0001509,rwhite@coastalbuildingsystems.com,Covenant Checker,Reconcile AP aging over 90 days for EU-05,completed,59.3,"Treasury Mar variance was $1,744,225 vs plan",1775146619
r18-0001510,bjones@coastalbuildingsystems.com,Vendor Spend Analyzer,Why did Treasury spend exceed budget in Jun?,completed,59.8,"Treasury Jun variance was $3,144,091 vs plan",1775145893
r18-0001511,dkim@coastalbuildingsystems.com,Board Deck Builder,Summarize the Feb variance for entity EU-06,completed,0.6,FAILED: null reference in aggregation step,1775136107
r18-0001512,rwhite@coastalbuildingsystems.com,Budget vs Actual,Draft flux commentary for the Apr close,completed,4.8,"FP&A Apr variance was $312,343 vs plan",1775139206
r18-0001513,bjones@coastalbuildingsystems.com,Covenant Checker,Why did FP&A spend exceed budget in Feb?,completed,44.5,"FP&A Feb variance was $3,760,752 vs plan",1775138596
r18-0001514,rperez@coastalbuildingsystems.com,Journal Entry Reviewer,Forecast Jan operating cash flow,completed,36.9,"FP&A Jan variance was $775,981 vs plan",1775160994
r18-0001515,jwhite@coastalbuildingsystems.com,Cash Forecaster,What drove the change in gross margin this quarter?,completed,55.9,"Accounting Apr variance was $2,243,899 vs plan",1775134938
r18-0001516,jgarcia@coastalbuildingsystems.com,Variance Explainer,Summarize the Feb variance for entity US-06,completed,44.3,"Treasury Feb variance was $4,037,529 vs plan",1775153297
r18-0001517,jgarcia@coastalbuildingsystems.com,Flux Commentary,Explain the headcount variance vs plan,completed,34.3,"FP&A Mar variance was $3,652,431 vs plan",1775144246
r18-0001518,rwhite@coastalbuildingsystems.com,Vendor Spend Analyzer,Forecast Jun operating cash flow,completed,57.9,"FP&A Jun variance was $101,117 vs plan",1775154877
r18-0001519,jjones@coastalbuildingsystems.com,Board Deck Builder,Draft flux commentary for the Apr close,completed,0.5,FAILED: null reference in aggregation step,1775144683
r18-0001520,rwhite@coastalbuildingsystems.com,Budget vs Actual,Reconcile AP aging over 90 days for US-07,completed,20.8,"FP&A Jan variance was $4,432,016 vs plan",1775126135
r18-0001521,dkim@coastalbuildingsystems.com,Headcount Planner,Reconcile AP aging over 90 days for MX-07,completed,18.2,"Accounting Feb variance was $2,047,999 vs plan",1775156844
r18-0001522,rwhite@coastalbuildingsystems.com,Covenant Checker,Summarize the Jan variance for entity CA-04,completed,41.1,"Ops Jan variance was $3,728,754 vs plan",1775166700
r18-0001523,rwhite@coastalbuildingsystems.com,Vendor Spend Analyzer,Reconcile AP aging over 90 days for EU-07,completed,41.1,"Treasury May variance was $2,970,961 vs plan",1775138704
r18-0001524,jwhite@coastalbuildingsystems.com,Variance Explainer,Forecast Apr operating cash flow,completed,63.9,"Treasury Apr variance was $2,355,981 vs plan",1775138839
r18-0001525,jwhite2@coastalbuildingsystems.com,AP Aging Analyst,Summarize the Mar variance for entity MX-01,completed,22.7,"FP&A Mar variance was $2,512,678 vs plan",1775151477
r18-0001526,bjones@coastalbuildingsystems.com,Flux Commentary,Explain the headcount variance vs plan,completed,19.5,"Ops Mar variance was $3,320,730 vs plan",1775151845
r18-0001527,jjones@coastalbuildingsystems.com,Revenue Recognizer,Draft flux commentary for the May close,completed,35.1,"Treasury May variance was $1,401,807 vs plan",1775161252
r18-0001528,rwhite@coastalbuildingsystems.com,AP Aging Analyst,Reconcile AP aging over 90 days for US-06,completed,32.4,"Treasury May variance was $3,540,699 vs plan",1775140184
r18-0001529,rwhite@coastalbuildingsystems.com,Covenant Checker,Which cost centers are over budget YTD?,completed,20.3,"Ops Feb variance was $3,705,611 vs plan",1775142261
r18-0001530,dkim@coastalbuildingsystems.com,Covenant Checker,Why did Accounting spend exceed budget in Jun?,completed,43.7,"Accounting Jun variance was $3,039,489 vs plan",1775166022
r18-0001531,rwhite@coastalbuildingsystems.com,Budget vs Actual,Check covenant compliance for the revolver,completed,36.5,"Treasury Jun variance was $4,508,709 vs plan",1775158517
r18-0001532,lperez@coastalbuildingsystems.com,AP Aging Analyst,Why did Ops spend exceed budget in Mar?,error,6.8,ERROR: upstream request timed out,1775140908
r18-0001533,rwhite@coastalbuildingsystems.com,Covenant Checker,Why did Ops spend exceed budget in May?,completed,28.5,"Ops May variance was $87,423 vs plan",1775143217
r18-0001534,sjackson@coastalbuildingsystems.com,Vendor Spend Analyzer,Summarize the Jun variance for entity CA-02,error,7.0,Traceback (most recent call last): KeyError 'entity',1775143137
r18-0001535,rwhite@coastalbuildingsystems.com,Variance Explainer,Build the board deck cash slide for Apr,completed,6.7,"Treasury Apr variance was $378,421 vs plan",1775144327
r18-0001536,rwhite@coastalbuildingsystems.com,Journal Entry Reviewer,Draft flux commentary for the Jun close,completed,42.4,"Ops Jun variance was $2,873,934 vs plan",1775145663
r18-0001537,lperez@coastalbuildingsystems.com,Variance Explainer,Which cost centers are over budget YTD?,completed,57.8,"Ops Jan variance was $2,347,570 vs plan",1775139794
r18-0001538,rthompson@coastalbuildingsystems.com,Revenue Recognizer,Summarize the Mar variance for entity MX-08,completed,67.6,"Treasury Mar variance was $4,058,372 vs plan",1775145183
r18-0001539,bjones@coastalbuildingsystems.com,Covenant Checker,Build the board deck cash slide for Jan,completed,5.6,"Ops Jan variance was $990,532 vs plan",1775142218
r18-0001540,dkim@coastalbuildingsystems.com,Close Checklist Bot,Draft flux commentary for the Jan close,completed,27.3,"FP&A Jan variance was $2,906,463 vs plan",1775137167
r18-0001541,bjones@coastalbuildingsystems.com,Headcount Planner,Check covenant compliance for the revolver,completed,19.9,"FP&A Mar variance was $2,500,982 vs plan",1775149616
r18-0001542,rwhite@coastalbuildingsystems.com,Headcount Planner,Forecast Apr operating cash flow,completed,8.0,"Ops Apr variance was $3,349,782 vs plan",1775155997
r18-0001543,rwhite@coastalbuildingsystems.com,Covenant Checker,Summarize the Mar variance for entity CA-05,completed,4.3,"Ops Mar variance was $1,023,372 vs plan",1775177783
r18-0001544,jjones@coastalbuildingsystems.com,Budget vs Actual,Forecast May operating cash flow,completed,74.2,"Ops May variance was $3,669,602 vs plan",1775133776
r18-0001545,jjones@coastalbuildingsystems.com,Cash Forecaster,Forecast Apr operating cash flow,completed,16.1,"FP&A Apr variance was $3,392,775 vs plan",1775167817
r18-0001546,dkim@coastalbuildingsystems.com,Journal Entry Reviewer,Summarize the Apr variance for entity US-01,completed,1.1,ERROR: upstream request timed out,1775155380
r18-0001547,btaylor@coastalbuildingsystems.com,Close Checklist Bot,Check covenant compliance for the revolver,completed,0.5,FAILED: null reference in aggregation step,1775165807
r18-0001548,jjones@coastalbuildingsystems.com,Headcount Planner,Which cost centers are over budget YTD?,completed,25.0,"Ops Mar variance was $4,180,515 vs plan",1775147200
r18-0001549,bjones@coastalbuildingsystems.com,Board Deck Builder,Forecast Feb operating cash flow,completed,38.2,"Ops Feb variance was $3,058,639 vs plan",1775143515
r18-0001550,rwhite@coastalbuildingsystems.com,Revenue Recognizer,Reconcile AP aging over 90 days for CA-09,completed,26.6,"Accounting Feb variance was $4,209,598 vs plan",1775145255
r18-0001551,rperez@coastalbuildingsystems.com,Headcount Planner,Why did Ops spend exceed budget in Feb?,completed,26.7,"Ops Feb variance was $4,326,672 vs plan",1775131901
r18-0001552,sjackson@coastalbuildingsystems.com,Close Checklist Bot,Build the board deck cash slide for May,completed,0.5,FAILED: null reference in aggregation step,1775151258
r18-0001553,dgonzalez@coastalbuildingsystems.com,Close Checklist Bot,Reconcile AP aging over 90 days for MX-07,completed,47.1,"Treasury Feb variance was $3,921,622 vs plan",1775151305
r18-0001554,rwhite@coastalbuildingsystems.com,Budget vs Actual,Summarize the Feb variance for entity EU-06,completed,68.7,"FP&A Feb variance was $133,466 vs plan",1775141871
r18-0001555,jthompson@coastalbuildingsystems.com,Variance Explainer,What drove the change in gross margin this quarter?,completed,24.3,"FP&A Apr variance was $898,498 vs plan",1775154848
r18-0001556,bjones@coastalbuildingsystems.com,Cash Forecaster,Reconcile AP aging over 90 days for CA-07,completed,71.7,"Ops Jun variance was $9,845 vs plan",1775131808
r18-0001557,rwhite@coastalbuildingsystems.com,Board Deck Builder,What drove the change in gross margin this quarter?,completed,36.6,"FP&A Apr variance was $196,466 vs plan",1775170058
r18-0001558,sbrown@coastalbuildingsystems.com,Variance Explainer,Draft flux commentary for the May close,completed,50.5,"Ops May variance was $2,669,979 vs plan",1775135136
r18-0001559,rwhite@coastalbuildingsystems.com,Revenue Recognizer,Which cost centers are over budget YTD?,completed,74.7,"FP&A May variance was $3,281,162 vs plan",1775238244
r18-0001560,rwhite@coastalbuildingsystems.com,Headcount Planner,Forecast Jun operating cash flow,completed,30.9,"Ops Jun variance was $1,292,959 vs plan",1775253188
r18-0001561,rwhite@coastalbuildingsystems.com,Close Checklist Bot,Forecast Apr operating cash flow,completed,41.7,"Accounting Apr variance was $907,789 vs plan",1775238165
r18-0001562,dkim@coastalbuildingsystems.com,Headcount Planner,What drove the change in gross margin this quarter?,completed,4.6,"Ops Feb variance was $452,208 vs plan",1775210810
r18-0001563,jjones@coastalbuildingsystems.com,Cash Forecaster,Reconcile AP aging over 90 days for US-09,completed,28.0,"Accounting Mar variance was $3,702,740 vs plan",1775245828
r18-0001564,rwhite@coastalbuildingsystems.com,Headcount Planner,Build the board deck cash slide for May,completed,43.8,"Treasury May variance was $569,234 vs plan",1775230590
r18-0001565,bjones@coastalbuildingsystems.com,AP Aging Analyst,Draft flux commentary for the Feb close,completed,48.9,"FP&A Feb variance was $726,522 vs plan",1775231872
r18-0001566,lperez@coastalbuildingsystems.com,Vendor Spend Analyzer,Forecast May operating cash flow,completed,1.5,error: connection reset by peer,1775234510
r18-0001567,bjones@coastalbuildingsystems.com,Journal Entry Reviewer,What drove the change in gross margin this quarter?,completed,21.9,"Accounting Jun variance was $2,913,371 vs plan",1775247786
r18-0001568,jthompson@coastalbuildingsystems.com,Journal Entry Reviewer,Which cost centers are over budget YTD?,completed,59.5,"Ops Apr variance was $614,555 vs plan",1775228304
r18-0001569,rthompson@coastalbuildingsystems.com,Vendor Spend Analyzer,Build the board deck cash slide for Mar,error,5.4,error code 502 from model gateway,1775246250
r18-0001570,rperez@coastalbuildingsystems.com,AP Aging Analyst,Explain the headcount variance vs plan,completed,1.0,FAILED: null reference in aggregation step,1775231429
r18-0001571,jthompson@coastalbuildingsystems.com,AP Aging Analyst,Draft flux commentary for the Jun close,completed,8.2,"Treasury Jun variance was $408,299 vs plan",1775263512
r18-0001572,btaylor@coastalbuildingsystems.com,Variance Explainer,What drove the change in gross margin this quarter?,completed,18.9,"Accounting Feb variance was $2,584,714 vs plan",1775241918
r18-0001573,jjones@coastalbuildingsystems.com,Variance Explainer,Check covenant compliance for the revolver,completed,1.5,error code 502 from model gateway,1775233543
r18-0001574,sbrown@coastalbuildingsystems.com,Covenant Checker,Draft flux commentary for the Feb close,completed,20.2,"FP&A Feb variance was $3,556,218 vs plan",1775235544
r18-0001575,jjones@coastalbuildingsystems.com,Budget vs Actual,Reconcile AP aging over 90 days for US-05,completed,26.0,"Treasury Feb variance was $816,943 vs plan",1775212207
r18-0001576,bjones@coastalbuildingsystems.com,Journal Entry Reviewer,Reconcile AP aging over 90 days for EU-04,completed,4.3,"Ops May variance was $4,236,241 vs plan",1775219219
r18-0001577,rwhite@coastalbuildingsystems.com,Cash Forecaster,Which cost centers are over budget YTD?,completed,32.2,"Treasury Apr variance was $3,204,672 vs plan",1775241668
r18-0001578,sbrown@coastalbuildingsystems.com,Covenant Checker,What drove the change in gross margin this quarter?,completed,72.8,"Ops Mar variance was $503,136 vs plan",1775230584
r18-0001579,bjones@coastalbuildingsystems.com,Flux Commentary,What drove the change in gross margin this quarter?,completed,46.4,"Accounting Apr variance was $1,534,418 vs plan",1775240385
r18-0001580,jthompson@coastalbuildingsystems.com,Flux Commentary,Which cost centers are over budget YTD?,completed,55.8,"Accounting Feb variance was $294,599 vs plan",1775210748
r18-0001581,bjones@coastalbuildingsystems.com,Journal Entry Reviewer,What drove the change in gross margin this quarter?,completed,7.3,"FP&A May variance was $3,456,754 vs plan",1775246526
r18-0001582,dkim@coastalbuildingsystems.com,Covenant Checker,Forecast Jan operating cash flow,completed,5.6,"Ops Jan variance was $2,335,101 vs plan",1775240095
r18-0001583,rperez@coastalbuildingsystems.com,Journal Entry Reviewer,Check covenant compliance for the revolver,completed,52.2,"Accounting Jun variance was $4,016,980 vs plan",1775238503
r18-0001584,jgarcia@coastalbuildingsystems.com,AP Aging Analyst,Summarize the Jun variance for entity US-09,completed,1.5,FAILED: null reference in aggregation step,1775224999
r18-0001585,bjones@coastalbuildingsystems.com,Budget vs Actual,Build the board deck cash slide for Apr,completed,32.4,"Accounting Apr variance was $443,988 vs plan",1775235084
r18-0001586,jjones@coastalbuildingsystems.com,Cash Forecaster,Check covenant compliance for the revolver,completed,44.8,"Ops Feb variance was $3,010,861 vs plan",1775255325
r18-0001587,rwhite@coastalbuildingsystems.com,Vendor Spend Analyzer,Draft flux commentary for the Jun close,completed,64.6,"Treasury Jun variance was $16,530 vs plan",1775218340
r18-0001588,rwhite@coastalbuildingsystems.com,Board Deck Builder,Check covenant compliance for the revolver,completed,56.2,"Accounting Apr variance was $2,930,305 vs plan",1775218725
r18-0001589,jthompson@coastalbuildingsystems.com,Journal Entry Reviewer,Build the board deck cash slide for Mar,completed,23.5,"Ops Mar variance was $3,993,110 vs plan",1775237148
r18-0001590,rwhite@coastalbuildingsystems.com,Vendor Spend Analyzer,Summarize the Mar variance for entity EU-04,completed,46.9,"Ops Mar variance was $3,460,848 vs plan",1775234283
r18-0001591,bjones@coastalbuildingsystems.com,Budget vs Actual,Which cost centers are over budget YTD?,completed,64.0,"Ops Feb variance was $4,611,232 vs plan",1775253645
r18-0001592,jthompson@coastalbuildingsystems.com,Close Checklist Bot,What drove the change in gross margin this quarter?,completed,42.7,"Ops Jun variance was $1,413,061 vs plan",1775256714
r18-0001593,sjackson@coastalbuildingsystems.com,Headcount Planner,Which cost centers are over budget YTD?,completed,23.0,"FP&A May variance was $219,665 vs plan",1775233712
r18-0001594,bjones@coastalbuildingsystems.com,Headcount Planner,Explain the headcount variance vs plan,completed,50.2,"Ops May variance was $107,546 vs plan",1775234052
r18-0001595,rwhite@coastalbuildingsystems.com,AP Aging Analyst,Summarize the Apr variance for entity CA-09,completed,47.5,"FP&A Apr variance was $3,672,766 vs plan",1775225537
r18-0001596,sbrown@coastalbuildingsystems.com,Revenue Recognizer,Explain the headcount variance vs plan,completed,54.4,"Treasury Apr variance was $1,093,892 vs plan",1775229822
r18-0001597,jwhite@coastalbuildingsystems.com,Close Checklist Bot,Draft flux commentary for the Apr close,completed,40.4,"Accounting Apr variance was $3,049,403 vs plan",1775256364
r18-0001598,rperez@coastalbuildingsystems.com,AP Aging Analyst,Which cost centers are over budget YTD?,completed,73.9,"Treasury Apr variance was $3,523,762 vs plan",1775216153
r18-0001599,rwhite@coastalbuildingsystems.com,Close Checklist Bot,Summarize the Apr variance for entity CA-07,completed,16.4,"FP&A Apr variance was $37,831 vs plan",1775250729
r18-0001600,rwhite@coastalbuildingsystems.com,Flux Commentary,Why did Accounting spend exceed budget in Apr?,error,0.7,ERROR: upstream request timed out,1775210612
r18-0001601,sjackson@coastalbuildingsystems.com,Vendor Spend Analyzer,Explain the headcount variance vs plan,completed,27.6,"Ops Apr variance was $1,723,919 vs plan",1775230241
r18-0001602,dkim@coastalbuildingsystems.com,Revenue Recognizer,Explain the headcount variance vs plan,completed,14.5,"Accounting Apr variance was $2,135,412 vs plan",1775227960
r18-0001603,rwhite@coastalbuildingsystems.com,Budget vs Actual,Draft flux commentary for the Feb close,error,2.4,FAILED: null reference in aggregation step,1775234349
r18-0001604,rperez@coastalbuildingsystems.com,Revenue Recognizer,Forecast Mar operating cash flow,completed,62.7,"FP&A Mar variance was $2,929,146 vs plan",1775234501
r18-0001605,lperez@coastalbuildingsystems.com,Variance Explainer,Why did Accounting spend exceed budget in Feb?,completed,69.9,"Accounting Feb variance was $4,264,860 vs plan",1775339930
r18-0001606,rwhite@coastalbuildingsystems.com,Vendor Spend Analyzer,Check covenant compliance for the revolver,completed,0.4,error code 502 from model gateway,1775346119
r18-0001607,bjones@coastalbuildingsystems.com,Variance Explainer,Forecast Feb operating cash flow,completed,66.4,"Ops Feb variance was $2,659,648 vs plan",1775349748
r18-0001608,rperez@coastalbuildingsystems.com,Close Checklist Bot,What drove the change in gross margin this quarter?,completed,61.9,"Ops Feb variance was $2,079,061 vs plan",1775309694
r18-0001609,bjones@coastalbuildingsystems.com,Covenant Checker,Draft flux commentary for the Feb close,completed,36.8,"Treasury Feb variance was $898,095 vs plan",1775307666
r18-0001610,jwhite@coastalbuildingsystems.com,AP Aging Analyst,Summarize the Jan variance for entity CA-07,completed,0.5,error code 502 from model gateway,1775304032
r18-0001611,jjones@coastalbuildingsystems.com,Variance Explainer,Build the board deck cash slide for Mar,completed,4.4,"FP&A Mar variance was $664,652 vs plan",1775317642
r18-0001612,rperez@coastalbuildingsystems.com,Flux Commentary,Summarize the Mar variance for entity US-02,completed,19.3,"Treasury Mar variance was $4,229,970 vs plan",1775311159
r18-0001613,sjackson@coastalbuildingsystems.com,Flux Commentary,Reconcile AP aging over 90 days for US-01,completed,72.6,"FP&A Jan variance was $3,519,332 vs plan",1775306053
r18-0001614,bjones@coastalbuildingsystems.com,Revenue Recognizer,Reconcile AP aging over 90 days for EU-04,completed,33.1,"Treasury Jan variance was $4,641,871 vs plan",1775301234
r18-0001615,bjones@coastalbuildingsystems.com,Headcount Planner,Build the board deck cash slide for Mar,completed,56.9,"Ops Mar variance was $4,465,639 vs plan",1775333424
r18-0001616,bjones@coastalbuildingsystems.com,Headcount Planner,Why did Treasury spend exceed budget in Apr?,completed,11.4,"Treasury Apr variance was $2,419,428 vs plan",1775313372
r18-0001617,sbrown@coastalbuildingsystems.com,Flux Commentary,What drove the change in gross margin this quarter?,completed,72.2,"FP&A May variance was $169,284 vs plan",1775299810
r18-0001618,rperez@coastalbuildingsystems.com,Covenant Checker,Explain the headcount variance vs plan,completed,46.1,"Treasury Jan variance was $1,640,156 vs plan",1775332250
r18-0001619,btaylor@coastalbuildingsystems.com,Board Deck Builder,Why did Treasury spend exceed budget in May?,completed,62.9,"Treasury May variance was $3,037,957 vs plan",1775319660
r18-0001620,bjones@coastalbuildingsystems.com,Headcount Planner,Explain the headcount variance vs plan,completed,71.4,"Treasury May variance was $57,141 vs plan",1775315673
r18-0001621,dkim@coastalbuildingsystems.com,Cash Forecaster,What drove the change in gross margin this quarter?,completed,51.7,"FP&A Mar variance was $515,143 vs plan",1775333466
r18-0001622,rwhite@coastalbuildingsystems.com,Close Checklist Bot,Why did Treasury spend exceed budget in Jan?,completed,11.2,"Treasury Jan variance was $4,196,818 vs plan",1775340085
r18-0001623,bjones@coastalbuildingsystems.com,Headcount Planner,Draft flux commentary for the Feb close,completed,70.3,"FP&A Feb variance was $656,424 vs plan",1775328893
r18-0001624,dkim@coastalbuildingsystems.com,Close Checklist Bot,Why did Accounting spend exceed budget in May?,completed,3.2,"Accounting May variance was $4,722,385 vs plan",1775317766
r18-0001625,rwhite@coastalbuildingsystems.com,Headcount Planner,Forecast Jun operating cash flow,completed,66.7,"Accounting Jun variance was $4,183,383 vs plan",1775385007
r18-0001626,jjones@coastalbuildingsystems.com,Revenue Recognizer,Which cost centers are over budget YTD?,completed,18.7,"FP&A Feb variance was $7,003 vs plan",1775418663
r18-0001627,jjones@coastalbuildingsystems.com,Revenue Recognizer,Draft flux commentary for the May close,completed,46.8,"Ops May variance was $4,365,218 vs plan",1775417036
r18-0001628,sbrown@coastalbuildingsystems.com,Vendor Spend Analyzer,Summarize the May variance for entity EU-02,completed,42.8,"Ops May variance was $2,065,819 vs plan",1775398239
r18-0001629,rwhite@coastalbuildingsystems.com,Headcount Planner,Why did FP&A spend exceed budget in Mar?,completed,74.6,"FP&A Mar variance was $2,983,325 vs plan",1775402739
r18-0001630,rperez@coastalbuildingsystems.com,Revenue Recognizer,Forecast Apr operating cash flow,completed,64.8,"Ops Apr variance was $2,528,057 vs plan",1775409175
r18-0001631,rwhite@coastalbuildingsystems.com,Board Deck Builder,Build the board deck cash slide for May,completed,46.8,"Treasury May variance was $213,579 vs plan",1775383410
r18-0001632,bjones@coastalbuildingsystems.com,Covenant Checker,Forecast Mar operating cash flow,completed,13.6,"Ops Mar variance was $3,984,618 vs plan",1775394106
r18-0001633,rwhite@coastalbuildingsystems.com,Cash Forecaster,Check covenant compliance for the revolver,completed,10.0,"Ops Apr variance was $4,057,841 vs plan",1775412380
r18-0001634,sbrown@coastalbuildingsystems.com,Budget vs Actual,Explain the headcount variance vs plan,completed,15.1,"FP&A May variance was $4,722,557 vs plan",1775417129
r18-0001635,rwhite@coastalbuildingsystems.com,Variance Explainer,Which cost centers are over budget YTD?,completed,63.8,"FP&A Jun variance was $1,461,499 vs plan",1775414989
r18-0001636,lperez@coastalbuildingsystems.com,Budget vs Actual,Forecast Feb operating cash flow,completed,73.9,"Ops Feb variance was $4,118,383 vs plan",1775398082
r18-0001637,sbrown@coastalbuildingsystems.com,Headcount Planner,Reconcile AP aging over 90 days for MX-09,completed,32.2,"Ops Feb variance was $4,218,107 vs plan",1775399890
r18-0001638,lperez@coastalbuildingsystems.com,Variance Explainer,Check covenant compliance for the revolver,completed,72.6,"Ops Feb variance was $4,444,024 vs plan",1775403504
r18-0001639,lperez@coastalbuildingsystems.com,Close Checklist Bot,Reconcile AP aging over 90 days for MX-07,completed,40.3,"Ops Apr variance was $2,582,434 vs plan",1775403818
r18-0001640,bjones@coastalbuildingsystems.com,Budget vs Actual,Summarize the May variance for entity EU-08,completed,33.5,"Accounting May variance was $2,223,142 vs plan",1775423528
r18-0001641,rwhite@coastalbuildingsystems.com,AP Aging Analyst,Summarize the Jun variance for entity EU-03,completed,1.3,ERROR: upstream request timed out,1775435657
r18-0001642,rwhite@coastalbuildingsystems.com,Revenue Recognizer,What drove the change in gross margin this quarter?,completed,71.0,"Treasury Apr variance was $224,493 vs plan",1775403521
r18-0001643,rwhite@coastalbuildingsystems.com,Budget vs Actual,Draft flux commentary for the Apr close,error,0.8,ERROR: upstream request timed out,1775427965
r18-0001644,rwhite@coastalbuildingsystems.com,Variance Explainer,Why did Ops spend exceed budget in Mar?,completed,70.5,"Ops Mar variance was $4,769,530 vs plan",1775400254
r18-0001645,rwhite@coastalbuildingsystems.com,Budget vs Actual,Which cost centers are over budget YTD?,completed,65.0,"FP&A Jun variance was $771,407 vs plan",1775433281
r18-0001646,dgonzalez@coastalbuildingsystems.com,Budget vs Actual,Reconcile AP aging over 90 days for MX-03,completed,37.3,"Ops Apr variance was $1,293,594 vs plan",1775406587
r18-0001647,rwhite@coastalbuildingsystems.com,Board Deck Builder,Forecast Mar operating cash flow,completed,20.2,"Accounting Mar variance was $2,089,406 vs plan",1775419672
r18-0001648,rwhite@coastalbuildingsystems.com,Variance Explainer,Which cost centers are over budget YTD?,completed,37.6,"Ops Jun variance was $1,631,030 vs plan",1775406124
r18-0001649,rwhite@coastalbuildingsystems.com,Close Checklist Bot,Summarize the Mar variance for entity US-06,completed,37.0,"Accounting Mar variance was $4,271,318 vs plan",1775503314
r18-0001650,rwhite@coastalbuildingsystems.com,Variance Explainer,Build the board deck cash slide for Jan,completed,18.9,"Treasury Jan variance was $133,301 vs plan",1775484699
r18-0001651,bjones@coastalbuildingsystems.com,Close Checklist Bot,Explain the headcount variance vs plan,completed,74.9,"Accounting Jun variance was $46,895 vs plan",1775475527
r18-0001652,rwhite@coastalbuildingsystems.com,AP Aging Analyst,Reconcile AP aging over 90 days for MX-06,completed,62.4,"Ops May variance was $4,102,140 vs plan",1775499355
r18-0001653,wharris@coastalbuildingsystems.com,Flux Commentary,Build the board deck cash slide for Jan,error,6.9,FAILED: null reference in aggregation step,1775487574
r18-0001654,dkim@coastalbuildingsystems.com,Vendor Spend Analyzer,Explain the headcount variance vs plan,completed,45.4,"FP&A Jun variance was $4,677,789 vs plan",1775498424
r18-0001655,bjones@coastalbuildingsystems.com,Flux Commentary,Draft flux commentary for the Jan close,completed,12.5,"Treasury Jan variance was $1,416,123 vs plan",1775508817
r18-0001656,rwhite@coastalbuildingsystems.com,Vendor Spend Analyzer,Forecast Jan operating cash flow,completed,51.9,"Treasury Jan variance was $1,523,591 vs plan",1775488483
r18-0001657,bjones@coastalbuildingsystems.com,Revenue Recognizer,What drove the change in gross margin this quarter?,completed,11.0,"FP&A Jan variance was $4,025,563 vs plan",1775508646
r18-0001658,bjones@coastalbuildingsystems.com,AP Aging Analyst,Summarize the Feb variance for entity US-04,completed,24.2,"FP&A Feb variance was $4,026,434 vs plan",1775508715
r18-0001659,bjones@coastalbuildingsystems.com,Budget vs Actual,Why did Ops spend exceed budget in Mar?,completed,73.7,"Ops Mar variance was $2,238,023 vs plan",1775480816
r18-0001660,rwhite@coastalbuildingsystems.com,Flux Commentary,Summarize the Apr variance for entity MX-02,completed,15.0,"Accounting Apr variance was $331,916 vs plan",1775480167
r18-0001661,rwhite@coastalbuildingsystems.com,Headcount Planner,Which cost centers are over budget YTD?,completed,37.8,"FP&A Apr variance was $4,162,967 vs plan",1775515530
r18-0001662,btaylor@coastalbuildingsystems.com,Cash Forecaster,Explain the headcount variance vs plan,completed,21.4,"Accounting Feb variance was $1,268,776 vs plan",1775492441
r18-0001663,dkim@coastalbuildingsystems.com,AP Aging Analyst,Which cost centers are over budget YTD?,completed,56.3,"Accounting May variance was $4,339,271 vs plan",1775489212
r18-0001664,bjones@coastalbuildingsystems.com,Cash Forecaster,Check covenant compliance for the revolver,completed,14.5,"Accounting Jun variance was $4,127,323 vs plan",1775493856
r18-0001665,bjones@coastalbuildingsystems.com,Variance Explainer,Forecast Feb operating cash flow,error,5.1,Traceback (most recent call last): KeyError 'entity',1775490227
r18-0001666,rwhite@coastalbuildingsystems.com,AP Aging Analyst,What drove the change in gross margin this quarter?,completed,66.3,"Accounting Apr variance was $4,075,229 vs plan",1775485807
r18-0001667,rwhite@coastalbuildingsystems.com,Journal Entry Reviewer,Why did Ops spend exceed budget in Jun?,completed,46.2,"Ops Jun variance was $1,727,944 vs plan",1775504634
r18-0001668,rwhite@coastalbuildingsystems.com,Journal Entry Reviewer,Summarize the Jun variance for entity CA-08,completed,11.6,"FP&A Jun variance was $906,640 vs plan",1775507534
r18-0001669,rwhite@coastalbuildingsystems.com,Board Deck Builder,Draft flux commentary for the Mar close,completed,72.7,"Ops Mar variance was $536,937 vs plan",1775510865
r18-0001670,bjones@coastalbuildingsystems.com,Revenue Recognizer,What drove the change in gross margin this quarter?,completed,42.5,"Ops May variance was $3,673,449 vs plan",1775477491
r18-0001671,lperez@coastalbuildingsystems.com,Flux Commentary,Why did Ops spend exceed budget in Feb?,completed,45.4,"Ops Feb variance was $3,635,386 vs plan",1775495413
r18-0001672,rwhite@coastalbuildingsystems.com,Headcount Planner,Reconcile AP aging over 90 days for US-07,completed,23.7,"Ops Jun variance was $940,900 vs plan",1775502993
r18-0001673,bjones@coastalbuildingsystems.com,AP Aging Analyst,Explain the headcount variance vs plan,completed,52.0,"Ops Jan variance was $4,032,725 vs plan",1775492977
r18-0001674,rwhite@coastalbuildingsystems.com,Variance Explainer,Which cost centers are over budget YTD?,completed,21.9,"Treasury May variance was $951,987 vs plan",1775491067
r18-0001675,dkim@coastalbuildingsystems.com,Close Checklist Bot,Explain the headcount variance vs plan,completed,53.1,"Accounting Mar variance was $2,320,164 vs plan",1775497178
r18-0001676,rwhite@coastalbuildingsystems.com,Headcount Planner,Which cost centers are over budget YTD?,completed,68.0,"Treasury Apr variance was $3,076,557 vs plan",1775510587
r18-0001677,bjones@coastalbuildingsystems.com,Vendor Spend Analyzer,Reconcile AP aging over 90 days for CA-06,completed,1.5,Traceback (most recent call last): KeyError 'entity',1775510540
r18-0001678,btaylor@coastalbuildingsystems.com,Board Deck Builder,Check covenant compliance for the revolver,completed,16.6,"Treasury May variance was $3,318,499 vs plan",1775499465
r18-0001679,rwhite@coastalbuildingsystems.com,Journal Entry Reviewer,Why did Treasury spend exceed budget in Apr?,error,6.2,ERROR: upstream request timed out,1775504311
r18-0001680,rwhite@coastalbuildingsystems.com,Covenant Checker,Forecast May operating cash flow,completed,25.7,"Accounting May variance was $1,897,620 vs plan",1775502245
r18-0001681,rperez@coastalbuildingsystems.com,AP Aging Analyst,Explain the headcount variance vs plan,completed,64.8,"Treasury May variance was $4,190,409 vs plan",1775490735
r18-0001682,rwhite@coastalbuildingsystems.com,Board Deck Builder,Explain the headcount variance vs plan,completed,33.9,"Accounting Jan variance was $162,526 vs plan",1775492419
r18-0001683,rperez@coastalbuildingsystems.com,Budget vs Actual,What drove the change in gross margin this quarter?,completed,53.4,"Accounting Feb variance was $122,232 vs plan",1775498004
r18-0001684,lperez@coastalbuildingsystems.com,Cash Forecaster,Forecast Jan operating cash flow,completed,33.6,"Accounting Jan variance was $433,312 vs plan",1775511409
r18-0001685,sbrown@coastalbuildingsystems.com,Variance Explainer,Explain the headcount variance vs plan,completed,49.4,"Accounting Jun variance was $4,515,732 vs plan",1775508763
r18-0001686,lperez@coastalbuildingsystems.com,Variance Explainer,What drove the change in gross margin this quarter?,completed,29.0,"Accounting May variance was $40,153 vs plan",1775493305
r18-0001687,rwhite@coastalbuildingsystems.com,Revenue Recognizer,Check covenant compliance for the revolver,completed,35.9,"FP&A Apr variance was $3,227,701 vs plan",1775488079
r18-0001688,rwhite@coastalbuildingsystems.com,Board Deck Builder,Check covenant compliance for the revolver,completed,71.1,"Accounting May variance was $126,142 vs plan",1775501150
r18-0001689,jwhite@coastalbuildingsystems.com,Budget vs Actual,Draft flux commentary for the Feb close,completed,29.8,"Treasury Feb variance was $3,391,128 vs plan",1775518996
r18-0001690,bjones@coastalbuildingsystems.com,Covenant Checker,Summarize the Apr variance for entity CA-01,completed,19.6,"FP&A Apr variance was $1,442,038 vs plan",1775484605
r18-0001691,rwhite@coastalbuildingsystems.com,Covenant Checker,Summarize the Jun variance for entity EU-07,completed,74.9,"Accounting Jun variance was $1,112,898 vs plan",1775506623
r18-0001692,lpatel@coastalbuildingsystems.com,Variance Explainer,Check covenant compliance for the revolver,completed,26.9,"Treasury Mar variance was $4,087,160 vs plan",1775515975
r18-0001693,bjones@coastalbuildingsystems.com,Covenant Checker,Forecast Feb operating cash flow,completed,44.6,"Accounting Feb variance was $715,293 vs plan",1775478468
r18-0001694,rwhite@coastalbuildingsystems.com,AP Aging Analyst,Check covenant compliance for the revolver,completed,3.4,"Ops Jun variance was $4,203,455 vs plan",1775492261
r18-0001695,jjones@coastalbuildingsystems.com,Flux Commentary,Why did Accounting spend exceed budget in Jan?,completed,14.5,"Accounting Jan variance was $2,457,256 vs plan",1775493864
r18-0001696,bjones@coastalbuildingsystems.com,AP Aging Analyst,Forecast May operating cash flow,completed,16.9,"Accounting May variance was $3,115,455 vs plan",1775580210
r18-0001697,rwhite@coastalbuildingsystems.com,Journal Entry Reviewer,Check covenant compliance for the revolver,completed,3.3,"Accounting Mar variance was $1,521,581 vs plan",1775579910
r18-0001698,dkim@coastalbuildingsystems.com,Flux Commentary,Reconcile AP aging over 90 days for EU-08,completed,61.1,"Ops Apr variance was $4,268,706 vs plan",1775598657
r18-0001699,rwhite@coastalbuildingsystems.com,Budget vs Actual,Draft flux commentary for the Mar close,completed,63.6,"Treasury Mar variance was $1,628,136 vs plan",1775608578
r18-0001700,dkim@coastalbuildingsystems.com,Close Checklist Bot,Build the board deck cash slide for Apr,completed,48.6,"Accounting Apr variance was $2,495,767 vs plan",1775578086
r18-0001701,rwhite@coastalbuildingsystems.com,Board Deck Builder,Explain the headcount variance vs plan,completed,13.2,"FP&A Apr variance was $602,285 vs plan",1775563669
r18-0001702,btaylor@coastalbuildingsystems.com,Close Checklist Bot,Build the board deck cash slide for Feb,error,1.7,Traceback (most recent call last): KeyError 'entity',1775603688
r18-0001703,sjackson@coastalbuildingsystems.com,Headcount Planner,What drove the change in gross margin this quarter?,completed,1.4,ERROR: upstream request timed out,1775572874
r18-0001704,rwhite@coastalbuildingsystems.com,Board Deck Builder,Build the board deck cash slide for Apr,completed,36.2,"FP&A Apr variance was $994,387 vs plan",1775582318
r18-0001705,jjones@coastalbuildingsystems.com,Headcount Planner,Summarize the Jan variance for entity MX-03,completed,32.8,"FP&A Jan variance was $3,869,564 vs plan",1775586859
r18-0001706,dkim@coastalbuildingsystems.com,Board Deck Builder,Which cost centers are over budget YTD?,completed,34.3,"Accounting Jan variance was $3,641,270 vs plan",1775560735
r18-0001707,rthompson@coastalbuildingsystems.com,Close Checklist Bot,Check covenant compliance for the revolver,completed,0.8,ERROR: upstream request timed out,1775592656
r18-0001708,rwhite@coastalbuildingsystems.com,Close Checklist Bot,Explain the headcount variance vs plan,completed,45.1,"Accounting May variance was $1,590,320 vs plan",1775585132
r18-0001709,jjones@coastalbuildingsystems.com,Journal Entry Reviewer,What drove the change in gross margin this quarter?,error,7.7,error code 502 from model gateway,1775581741
r18-0001710,bjones@coastalbuildingsystems.com,Close Checklist Bot,Summarize the Jun variance for entity EU-04,error,1.3,FAILED: null reference in aggregation step,1775578495
r18-0001711,rwhite@coastalbuildingsystems.com,Journal Entry Reviewer,Why did FP&A spend exceed budget in Jun?,completed,35.7,"FP&A Jun variance was $3,804,752 vs plan",1775584901
r18-0001712,rwhite@coastalbuildingsystems.com,Vendor Spend Analyzer,Which cost centers are over budget YTD?,completed,1.1,error code 502 from model gateway,1775568745
r18-0001713,bjones@coastalbuildingsystems.com,Headcount Planner,What drove the change in gross margin this quarter?,completed,57.2,"Ops Mar variance was $1,850,815 vs plan",1775572487
r18-0001714,btaylor@coastalbuildingsystems.com,Close Checklist Bot,Draft flux commentary for the Jun close,completed,54.8,"Treasury Jun variance was $4,399,654 vs plan",1775600506
r18-0001715,rwhite@coastalbuildingsystems.com,Variance Explainer,Forecast Jun operating cash flow,completed,50.0,"Accounting Jun variance was $1,664,920 vs plan",1775581098
r18-0001716,rwhite@coastalbuildingsystems.com,Variance Explainer,Which cost centers are over budget YTD?,completed,69.4,"Treasury Jan variance was $542,276 vs plan",1775593160
r18-0001717,rwhite@coastalbuildingsystems.com,Variance Explainer,Build the board deck cash slide for Mar,completed,27.3,"FP&A Mar variance was $624,195 vs plan",1775574794
r18-0001718,jjones@coastalbuildingsystems.com,Revenue Recognizer,Explain the headcount variance vs plan,completed,59.9,"Ops Feb variance was $4,137,034 vs plan",1775585172
r18-0001719,lperez@coastalbuildingsystems.com,Budget vs Actual,Build the board deck cash slide for Jun,completed,23.7,"Treasury Jun variance was $4,126,939 vs plan",1775585869
r18-0001720,rwhite@coastalbuildingsystems.com,Budget vs Actual,What drove the change in gross margin this quarter?,completed,12.0,"Treasury Mar variance was $3,064,014 vs plan",1775585986
r18-0001721,rperez@coastalbuildingsystems.com,Close Checklist Bot,Draft flux commentary for the Apr close,completed,60.6,"Accounting Apr variance was $3,057,370 vs plan",1775599610
r18-0001722,bjones@coastalbuildingsystems.com,AP Aging Analyst,Which cost centers are over budget YTD?,completed,53.2,"FP&A May variance was $1,552,395 vs plan",1775573717
r18-0001723,rwhite@coastalbuildingsystems.com,Vendor Spend Analyzer,Reconcile AP aging over 90 days for MX-09,completed,60.3,"Ops Apr variance was $4,050,498 vs plan",1775587461
r18-0001724,rwhite@coastalbuildingsystems.com,Revenue Recognizer,Check covenant compliance for the revolver,completed,47.8,"Accounting Apr variance was $2,380,833 vs plan",1775571444
r18-0001725,bjones@coastalbuildingsystems.com,Revenue Recognizer,Forecast Jun operating cash flow,completed,69.3,"Accounting Jun variance was $516,856 vs plan",1775576869
r18-0001726,btaylor@coastalbuildingsystems.com,Cash Forecaster,Reconcile AP aging over 90 days for MX-09,completed,11.7,"FP&A May variance was $2,562,012 vs plan",1775577289
r18-0001727,jthompson@coastalbuildingsystems.com,Flux Commentary,Draft flux commentary for the Jan close,completed,41.6,"Treasury Jan variance was $799,990 vs plan",1775571417
r18-0001728,rperez@coastalbuildingsystems.com,Vendor Spend Analyzer,Build the board deck cash slide for May,completed,42.2,"Treasury May variance was $3,145,389 vs plan",1775575515
r18-0001729,bjones@coastalbuildingsystems.com,Board Deck Builder,Explain the headcount variance vs plan,completed,18.3,"Accounting Jan variance was $992,010 vs plan",1775564611
r18-0001730,jwhite@coastalbuildingsystems.com,AP Aging Analyst,Summarize the Apr variance for entity US-09,completed,11.7,"Accounting Apr variance was $452,742 vs plan",1775567097
r18-0001731,bjones@coastalbuildingsystems.com,Revenue Recognizer,Draft flux commentary for the Mar close,error,4.2,error: connection reset by peer,1775591084
r18-0001732,dkim@coastalbuildingsystems.com,Revenue Recognizer,Check covenant compliance for the revolver,completed,16.6,"Accounting Apr variance was $4,221,557 vs plan",1775584472
r18-0001733,lpatel@coastalbuildingsystems.com,Cash Forecaster,Summarize the Apr variance for entity US-05,completed,13.7,"FP&A Apr variance was $1,733,039 vs plan",1775573293
r18-0001734,rwhite@coastalbuildingsystems.com,AP Aging Analyst,Draft flux commentary for the Jan close,completed,42.0,"Treasury Jan variance was $4,348,358 vs plan",1775572020
r18-0001735,rwhite@coastalbuildingsystems.com,Headcount Planner,Draft flux commentary for the Apr close,completed,69.4,"Accounting Apr variance was $1,156,764 vs plan",1775568820
r18-0001736,sbrown@coastalbuildingsystems.com,Close Checklist Bot,What drove the change in gross margin this quarter?,completed,29.8,"Ops Mar variance was $3,923,960 vs plan",1775568604
r18-0001737,rwhite@coastalbuildingsystems.com,Close Checklist Bot,What drove the change in gross margin this quarter?,completed,45.7,"FP&A Feb variance was $1,975,043 vs plan",1775586202
r18-0001738,rwhite@coastalbuildingsystems.com,Variance Explainer,Reconcile AP aging over 90 days for CA-04,completed,67.0,"Accounting Feb variance was $1,726,796 vs plan",1775567589
r18-0001739,bjones@coastalbuildingsystems.com,Close Checklist Bot,What drove the change in gross margin this quarter?,completed,23.0,"FP&A Jun variance was $2,620,636 vs plan",1775583891
r18-0001740,rwhite@coastalbuildingsystems.com,AP Aging Analyst,Draft flux commentary for the Mar close,completed,4.8,"FP&A Mar variance was $3,482,714 vs plan",1775575756
r18-0001741,rwhite@coastalbuildingsystems.com,Covenant Checker,Build the board deck cash slide for Apr,completed,32.9,"Treasury Apr variance was $2,814,468 vs plan",1775568703
r18-0001742,rwhite@coastalbuildingsystems.com,Headcount Planner,Build the board deck cash slide for Mar,completed,43.5,"FP&A Mar variance was $29,965 vs plan",1775577473
r18-0001743,jjones@coastalbuildingsystems.com,Journal Entry Reviewer,Why did Treasury spend exceed budget in Feb?,completed,32.5,"Treasury Feb variance was $64,293 vs plan",1775581712
r18-0001744,rwhite@coastalbuildingsystems.com,AP Aging Analyst,Draft flux commentary for the Apr close,completed,37.9,"Ops Apr variance was $4,235,648 vs plan",1775579945
r18-0001745,bjones@coastalbuildingsystems.com,AP Aging Analyst,Forecast Apr operating cash flow,completed,50.4,"FP&A Apr variance was $772,529 vs plan",1775590289
r18-0001746,dgonzalez@coastalbuildingsystems.com,Vendor Spend Analyzer,Draft flux commentary for the Mar close,completed,74.6,"Ops Mar variance was $1,227,649 vs plan",1775573173
r18-0001747,rwhite@coastalbuildingsystems.com,Cash Forecaster,Check covenant compliance for the revolver,completed,1.7,error: connection reset by peer,1775592072
r18-0001748,jjones@coastalbuildingsystems.com,Revenue Recognizer,Summarize the May variance for entity MX-01,completed,1.5,Traceback (most recent call last): KeyError 'entity',1775581264
r18-0001749,bjones@coastalbuildingsystems.com,Flux Commentary,What drove the change in gross margin this quarter?,completed,36.9,"Accounting Feb variance was $215,591 vs plan",1775578676
r18-0001750,jwhite@coastalbuildingsystems.com,Board Deck Builder,Build the board deck cash slide for Apr,completed,12.3,"Ops Apr variance was $632,498 vs plan",1775572712
r18-0001751,rwhite@coastalbuildingsystems.com,Budget vs Actual,Summarize the Jan variance for entity CA-07,completed,65.0,"Accounting Jan variance was $4,640,966 vs plan",1775583469
r18-0001752,bjones@coastalbuildingsystems.com,Headcount Planner,Build the board deck cash slide for Jan,completed,5.9,"FP&A Jan variance was $3,330,159 vs plan",1775567787
r18-0001753,rwhite@coastalbuildingsystems.com,Journal Entry Reviewer,Why did FP&A spend exceed budget in Mar?,completed,70.3,"FP&A Mar variance was $2,105,014 vs plan",1775578369
r18-0001754,rwhite@coastalbuildingsystems.com,Cash Forecaster,Build the board deck cash slide for May,completed,54.5,"FP&A May variance was $116,305 vs plan",1775575234
r18-0001755,bjones@coastalbuildingsystems.com,Budget vs Actual,Build the board deck cash slide for Jun,completed,14.6,"Accounting Jun variance was $2,884,156 vs plan",1775590620
r18-0001756,rperez@coastalbuildingsystems.com,Board Deck Builder,Check covenant compliance for the revolver,completed,54.9,"Accounting May variance was $1,395,389 vs plan",1775578420
r18-0001757,bjones@coastalbuildingsystems.com,Revenue Recognizer,Explain the headcount variance vs plan,completed,0.2,error: connection reset by peer,1775575998
r18-0001758,wharris@coastalbuildingsystems.com,Variance Explainer,Draft flux commentary for the Feb close,completed,36.0,"Treasury Feb variance was $1,418,447 vs plan",1775588015
r18-0001759,rwhite@coastalbuildingsystems.com,Covenant Checker,What drove the change in gross margin this quarter?,completed,63.9,"Treasury May variance was $4,205,395 vs plan",1775648117
r18-0001760,bjones@coastalbuildingsystems.com,Covenant Checker,Reconcile AP aging over 90 days for EU-02,completed,4.3,"Accounting Feb variance was $909,778 vs plan",1775660114
r18-0001761,bjones@coastalbuildingsystems.com,Covenant Checker,Summarize the Mar variance for entity EU-09,completed,56.0,"Ops Mar variance was $636,648 vs plan",1775660114
r18-0001762,dkim@coastalbuildingsystems.com,Close Checklist Bot,Draft flux commentary for the Feb close,completed,1.7,error: connection reset by peer,1775651778
r18-0001763,rwhite@coastalbuildingsystems.com,Cash Forecaster,Forecast Feb operating cash flow,completed,58.1,"Accounting Feb variance was $361,799 vs plan",1775678289
r18-0001764,rwhite@coastalbuildingsystems.com,AP Aging Analyst,Forecast Mar operating cash flow,completed,71.5,"FP&A Mar variance was $2,149,615 vs plan",1775662253
r18-0001765,rwhite@coastalbuildingsystems.com,Board Deck Builder,What drove the change in gross margin this quarter?,completed,20.1,"Treasury Jun variance was $67,118 vs plan",1775669289
r18-0001766,dgonzalez@coastalbuildingsystems.com,Journal Entry Reviewer,Forecast May operating cash flow,completed,1.6,FAILED: null reference in aggregation step,1775660898
r18-0001767,lperez@coastalbuildingsystems.com,Revenue Recognizer,Summarize the Mar variance for entity MX-09,completed,7.2,"Ops Mar variance was $153,905 vs plan",1775671682
r18-0001768,jthompson@coastalbuildingsystems.com,Headcount Planner,Build the board deck cash slide for May,completed,55.1,"FP&A May variance was $199,380 vs plan",1775671032
r18-0001769,bjones@coastalbuildingsystems.com,Vendor Spend Analyzer,Why did Accounting spend exceed budget in Jan?,completed,9.2,"Accounting Jan variance was $1,077,319 vs plan",1775662853
r18-0001770,rwhite@coastalbuildingsystems.com,AP Aging Analyst,Summarize the Jun variance for entity MX-02,completed,37.1,"FP&A Jun variance was $4,779,757 vs plan",1775682304
r18-0001771,dkim@coastalbuildingsystems.com,Budget vs Actual,Explain the headcount variance vs plan,completed,39.4,"Accounting Apr variance was $2,005,576 vs plan",1775685692
r18-0001772,rwhite@coastalbuildingsystems.com,Close Checklist Bot,Which cost centers are over budget YTD?,completed,23.6,"Ops Mar variance was $3,379,389 vs plan",1775671475
r18-0001773,jwhite@coastalbuildingsystems.com,Revenue Recognizer,What drove the change in gross margin this quarter?,completed,11.6,"FP&A Jan variance was $4,245,795 vs plan",1775654885
r18-0001774,dkim@coastalbuildingsystems.com,Headcount Planner,What drove the change in gross margin this quarter?,completed,8.8,"Ops May variance was $3,980,455 vs plan",1775664956
r18-0001775,rwhite@coastalbuildingsystems.com,Headcount Planner,Which cost centers are over budget YTD?,completed,9.3,"Accounting Feb variance was $4,689,004 vs plan",1775663569
r18-0001776,rwhite@coastalbuildingsystems.com,Variance Explainer,What drove the change in gross margin this quarter?,completed,1.2,FAILED: null reference in aggregation step,1775668491
r18-0001777,dkim@coastalbuildingsystems.com,AP Aging Analyst,Build the board deck cash slide for Feb,completed,0.6,ERROR: upstream request timed out,1775658768
r18-0001778,rwhite@coastalbuildingsystems.com,Headcount Planner,Reconcile AP aging over 90 days for EU-08,completed,29.5,"Ops Feb variance was $3,595,619 vs plan",1775669417
r18-0001779,bjones@coastalbuildingsystems.com,Budget vs Actual,Forecast Jun operating cash flow,completed,40.5,"Treasury Jun variance was $4,762,942 vs plan",1775671597
r18-0001780,jgarcia@coastalbuildingsystems.com,Headcount Planner,Summarize the Feb variance for entity CA-09,completed,11.4,"Ops Feb variance was $1,799,753 vs plan",1775667846
r18-0001781,dkim@coastalbuildingsystems.com,AP Aging Analyst,Reconcile AP aging over 90 days for MX-01,completed,52.0,"Accounting Jun variance was $1,426,417 vs plan",1775670209
r18-0001782,bjones@coastalbuildingsystems.com,Flux Commentary,Why did Accounting spend exceed budget in Feb?,completed,20.0,"Accounting Feb variance was $3,382,511 vs plan",1775668058
r18-0001783,jjones@coastalbuildingsystems.com,Vendor Spend Analyzer,Draft flux commentary for the Feb close,completed,27.1,"Ops Feb variance was $2,668,703 vs plan",1775676011
r18-0001784,btaylor@coastalbuildingsystems.com,Board Deck Builder,Which cost centers are over budget YTD?,completed,50.8,"Accounting Jan variance was $4,273,169 vs plan",1775657594
r18-0001785,dkim@coastalbuildingsystems.com,Journal Entry Reviewer,Forecast Feb operating cash flow,completed,10.5,"Treasury Feb variance was $63,943 vs plan",1775673241
r18-0001786,dgonzalez@coastalbuildingsystems.com,Budget vs Actual,Draft flux commentary for the Feb close,completed,70.5,"Accounting Feb variance was $372,499 vs plan",1775668918
r18-0001787,rwhite@coastalbuildingsystems.com,AP Aging Analyst,Explain the headcount variance vs plan,completed,6.9,"Ops May variance was $1,000,724 vs plan",1775665713
r18-0001788,dkim@coastalbuildingsystems.com,Flux Commentary,Check covenant compliance for the revolver,completed,25.3,"Ops Mar variance was $4,141,128 vs plan",1775661796
r18-0001789,rwhite@coastalbuildingsystems.com,Variance Explainer,Build the board deck cash slide for May,completed,8.1,"Ops May variance was $4,135,243 vs plan",1775667730
r18-0001790,rperez@coastalbuildingsystems.com,Board Deck Builder,Draft flux commentary for the May close,completed,11.1,"FP&A May variance was $1,989,332 vs plan",1775662894
r18-0001791,rwhite@coastalbuildingsystems.com,Cash Forecaster,Build the board deck cash slide for Feb,completed,7.4,"Ops Feb variance was $578,582 vs plan",1775669618
r18-0001792,rwhite@coastalbuildingsystems.com,AP Aging Analyst,What drove the change in gross margin this quarter?,completed,28.1,"Ops Jun variance was $1,461,780 vs plan",1775672207
r18-0001793,canderson@coastalbuildingsystems.com,Cash Forecaster,Summarize the Jun variance for entity EU-05,completed,74.3,"FP&A Jun variance was $1,721,276 vs plan",1775678215
r18-0001794,canderson@coastalbuildingsystems.com,Headcount Planner,Explain the headcount variance vs plan,completed,49.1,"Accounting Jan variance was $1,237,047 vs plan",1775653548
r18-0001795,wharris@coastalbuildingsystems.com,Cash Forecaster,Reconcile AP aging over 90 days for US-09,completed,52.1,"Accounting Apr variance was $1,485,734 vs plan",1775664742
r18-0001796,sbrown@coastalbuildingsystems.com,Journal Entry Reviewer,Build the board deck cash slide for Jan,completed,22.4,"Accounting Jan variance was $2,217,881 vs plan",1775661120
r18-0001797,dkim@coastalbuildingsystems.com,AP Aging Analyst,Explain the headcount variance vs plan,completed,45.9,"Treasury Feb variance was $329,468 vs plan",1775658371
r18-0001798,rwhite@coastalbuildingsystems.com,AP Aging Analyst,Forecast Jun operating cash flow,completed,9.5,"Treasury Jun variance was $2,370,733 vs plan",1775674644
r18-0001799,btaylor@coastalbuildingsystems.com,Close Checklist Bot,Reconcile AP aging over 90 days for US-06,completed,67.0,"Treasury May variance was $4,043,855 vs plan",1775656629
r18-0001800,rthompson@coastalbuildingsystems.com,Board Deck Builder,Draft flux commentary for the Apr close,completed,22.1,"Treasury Apr variance was $3,105,083 vs plan",1775675031
r18-0001801,bjones@coastalbuildingsystems.com,Budget vs Actual,Explain the headcount variance vs plan,completed,52.1,"Accounting Feb variance was $573,733 vs plan",1775651595
r18-0001802,rwhite@coastalbuildingsystems.com,Vendor Spend Analyzer,Build the board deck cash slide for Apr,completed,22.7,"Treasury Apr variance was $3,804,341 vs plan",1775668689
r18-0001803,rwhite@coastalbuildingsystems.com,Vendor Spend Analyzer,Explain the headcount variance vs plan,error,6.4,error: connection reset by peer,1775679378
r18-0001804,bjones@coastalbuildingsystems.com,Close Checklist Bot,Draft flux commentary for the Jun close,completed,18.7,"Accounting Jun variance was $4,183,354 vs plan",1775683430
r18-0001805,rwhite@coastalbuildingsystems.com,AP Aging Analyst,Summarize the May variance for entity CA-07,completed,10.0,"Accounting May variance was $1,268,699 vs plan",1775669394
r18-0001806,bjones@coastalbuildingsystems.com,Revenue Recognizer,Build the board deck cash slide for Mar,completed,49.2,"Ops Mar variance was $1,238,767 vs plan",1775676883
r18-0001807,canderson@coastalbuildingsystems.com,Budget vs Actual,Build the board deck cash slide for Jun,completed,0.9,ERROR: upstream request timed out,1775658760
r18-0001808,sbrown@coastalbuildingsystems.com,Headcount Planner,Draft flux commentary for the Apr close,completed,54.2,"Ops Apr variance was $4,675,017 vs plan",1775656475
r18-0001809,rperez@coastalbuildingsystems.com,Flux Commentary,Explain the headcount variance vs plan,completed,20.3,"Accounting Jun variance was $589,192 vs plan",1775667832
r18-0001810,rwhite@coastalbuildingsystems.com,Headcount Planner,Forecast Mar operating cash flow,completed,8.2,"Treasury Mar variance was $3,500,176 vs plan",1775670213
r18-0001811,rperez@coastalbuildingsystems.com,Headcount Planner,Draft flux commentary for the Jun close,completed,19.4,"Accounting Jun variance was $2,642,000 vs plan",1775657728
r18-0001812,rwhite@coastalbuildingsystems.com,Cash Forecaster,Build the board deck cash slide for May,error,5.3,error: connection reset by peer,1775663138
r18-0001813,rwhite@coastalbuildingsystems.com,Variance Explainer,Summarize the Apr variance for entity MX-04,completed,17.9,"Treasury Apr variance was $1,922,967 vs plan",1775662620
r18-0001814,dkim@coastalbuildingsystems.com,AP Aging Analyst,Check covenant compliance for the revolver,completed,51.9,"Treasury May variance was $3,283,536 vs plan",1775666444
r18-0001815,jgarcia@coastalbuildingsystems.com,Covenant Checker,Check covenant compliance for the revolver,completed,20.6,"Accounting Feb variance was $1,704,716 vs plan",1775660815
r18-0001816,bjones@coastalbuildingsystems.com,Journal Entry Reviewer,Build the board deck cash slide for Jun,completed,70.0,"FP&A Jun variance was $4,278,065 vs plan",1775671135
r18-0001817,jgarcia@coastalbuildingsystems.com,Headcount Planner,Check covenant compliance for the revolver,completed,26.8,"Ops Jun variance was $2,513,219 vs plan",1775673966
r18-0001818,rwhite@coastalbuildingsystems.com,Board Deck Builder,Reconcile AP aging over 90 days for MX-02,completed,32.9,"Accounting Jan variance was $1,326,526 vs plan",1775666788
r18-0001819,rwhite@coastalbuildingsystems.com,Board Deck Builder,Reconcile AP aging over 90 days for EU-09,completed,58.6,"Ops Apr variance was $1,925,173 vs plan",1775658228
r18-0001820,dkim@coastalbuildingsystems.com,Headcount Planner,Check covenant compliance for the revolver,error,3.7,FAILED: null reference in aggregation step,1775659850
r18-0001821,rwhite@coastalbuildingsystems.com,Vendor Spend Analyzer,Reconcile AP aging over 90 days for US-06,completed,4.5,"Accounting Jan variance was $876,199 vs plan",1775673548
r18-0001822,rwhite@coastalbuildingsystems.com,Covenant Checker,Reconcile AP aging over 90 days for MX-02,completed,33.0,"Ops Jan variance was $378,950 vs plan",1775657990
r18-0001823,rwhite@coastalbuildingsystems.com,Board Deck Builder,Reconcile AP aging over 90 days for US-05,completed,31.3,"FP&A Jun variance was $352,000 vs plan",1775754597
r18-0001824,lpatel@coastalbuildingsystems.com,Journal Entry Reviewer,Draft flux commentary for the Mar close,error,3.0,Traceback (most recent call last): KeyError 'entity',1775759017
r18-0001825,bjones@coastalbuildingsystems.com,Headcount Planner,Draft flux commentary for the Jan close,completed,25.4,"Accounting Jan variance was $4,523,828 vs plan",1775771417
r18-0001826,rwhite@coastalbuildingsystems.com,Close Checklist Bot,Summarize the May variance for entity MX-02,completed,50.2,"Ops May variance was $976,847 vs plan",1775756307
r18-0001827,rwhite@coastalbuildingsystems.com,Budget vs Actual,Build the board deck cash slide for May,completed,32.4,"Accounting May variance was $15,070 vs plan",1775751492
r18-0001828,btaylor@coastalbuildingsystems.com,Variance Explainer,What drove the change in gross margin this quarter?,completed,48.1,"Accounting Jan variance was $941,102 vs plan",1775757524
r18-0001829,rwhite@coastalbuildingsystems.com,Covenant Checker,Draft flux commentary for the Apr close,completed,39.5,"FP&A Apr variance was $3,939,381 vs plan",1775774535
r18-0001830,dkim@coastalbuildingsystems.com,Variance Explainer,Draft flux commentary for the Mar close,completed,33.1,"Treasury Mar variance was $2,785,069 vs plan",1775748272
r18-0001831,bjones@coastalbuildingsystems.com,AP Aging Analyst,Forecast Jun operating cash flow,completed,5.6,"FP&A Jun variance was $1,460,110 vs plan",1775746333
r18-0001832,rwhite@coastalbuildingsystems.com,Cash Forecaster,What drove the change in gross margin this quarter?,completed,0.6,error code 502 from model gateway,1775747915
r18-0001833,jgarcia@coastalbuildingsystems.com,Journal Entry Reviewer,Draft flux commentary for the Jun close,completed,1.9,Traceback (most recent call last): KeyError 'entity',1775759052
r18-0001834,jjones@coastalbuildingsystems.com,Close Checklist Bot,Build the board deck cash slide for Feb,completed,0.8,ERROR: upstream request timed out,1775756305
r18-0001835,dkim@coastalbuildingsystems.com,Revenue Recognizer,Check covenant compliance for the revolver,completed,63.8,"Ops Mar variance was $410,880 vs plan",1775758915
r18-0001836,rwhite@coastalbuildingsystems.com,AP Aging Analyst,Forecast Mar operating cash flow,completed,29.6,"FP&A Mar variance was $715,071 vs plan",1775773541
r18-0001837,rwhite@coastalbuildingsystems.com,Board Deck Builder,Draft flux commentary for the Apr close,completed,70.0,"FP&A Apr variance was $4,333,136 vs plan",1775753501
r18-0001838,bjones@coastalbuildingsystems.com,Revenue Recognizer,Explain the headcount variance vs plan,completed,43.2,"Ops Feb variance was $633,127 vs plan",1775772707
r18-0001839,rwhite@coastalbuildingsystems.com,Vendor Spend Analyzer,Summarize the Mar variance for entity CA-04,completed,15.1,"Accounting Mar variance was $348,822 vs plan",1775732022
r18-0001840,bjones@coastalbuildingsystems.com,Close Checklist Bot,Forecast Jan operating cash flow,completed,39.4,"Accounting Jan variance was $46,036 vs plan",1775773056
r18-0001841,rwhite@coastalbuildingsystems.com,Covenant Checker,Why did Treasury spend exceed budget in Feb?,completed,32.9,"Treasury Feb variance was $3,841,360 vs plan",1775754630
r18-0001842,dkim@coastalbuildingsystems.com,Journal Entry Reviewer,Explain the headcount variance vs plan,completed,25.0,"Ops Mar variance was $1,308,532 vs plan",1775761144
r18-0001843,bjones@coastalbuildingsystems.com,Journal Entry Reviewer,Build the board deck cash slide for Jan,completed,60.7,"Treasury Jan variance was $493,197 vs plan",1775740196
r18-0001844,jthompson@coastalbuildingsystems.com,Budget vs Actual,What drove the change in gross margin this quarter?,completed,39.1,"Ops May variance was $1,148,937 vs plan",1775751417
r18-0001845,rperez@coastalbuildingsystems.com,Board Deck Builder,Forecast May operating cash flow,completed,17.7,"Ops May variance was $528,324 vs plan",1775740235
r18-0001846,lperez@coastalbuildingsystems.com,Vendor Spend Analyzer,Draft flux commentary for the Mar close,completed,12.5,"Treasury Mar variance was $4,303,684 vs plan",1775739982
r18-0001847,rwhite@coastalbuildingsystems.com,Vendor Spend Analyzer,Build the board deck cash slide for Jan,completed,38.9,"Ops Jan variance was $1,958,383 vs plan",1775742633
r18-0001848,jjones@coastalbuildingsystems.com,Revenue Recognizer,Why did Treasury spend exceed budget in Mar?,completed,46.5,"Treasury Mar variance was $1,355,831 vs plan",1775738068
r18-0001849,bjones@coastalbuildingsystems.com,Cash Forecaster,Why did FP&A spend exceed budget in Mar?,completed,1.8,error: connection reset by peer,1775750540
r18-0001850,rperez@coastalbuildingsystems.com,Headcount Planner,Summarize the Apr variance for entity CA-09,completed,67.0,"Accounting Apr variance was $2,651,474 vs plan",1775744238
r18-0001851,btaylor@coastalbuildingsystems.com,Covenant Checker,Why did Ops spend exceed budget in Feb?,completed,62.2,"Ops Feb variance was $3,274,125 vs plan",1775752826
r18-0001852,rwhite@coastalbuildingsystems.com,Flux Commentary,Check covenant compliance for the revolver,completed,74.6,"Treasury May variance was $3,679,460 vs plan",1775742234
r18-0001853,bjones@coastalbuildingsystems.com,Journal Entry Reviewer,Summarize the Feb variance for entity CA-03,completed,34.3,"Accounting Feb variance was $701,529 vs plan",1775747338
r18-0001854,rwhite@coastalbuildingsystems.com,Journal Entry Reviewer,Why did Ops spend exceed budget in Apr?,completed,31.0,"Ops Apr variance was $204,108 vs plan",1775764597
r18-0001855,rwhite@coastalbuildingsystems.com,Flux Commentary,Summarize the Feb variance for entity MX-03,completed,17.9,"FP&A Feb variance was $1,255,554 vs plan",1775738338
r18-0001856,btaylor@coastalbuildingsystems.com,Headcount Planner,Summarize the Jan variance for entity CA-01,completed,18.7,"Treasury Jan variance was $2,977,064 vs plan",1775784191
r18-0001857,rwhite@coastalbuildingsystems.com,Revenue Recognizer,Build the board deck cash slide for Feb,completed,41.4,"Ops Feb variance was $4,155,957 vs plan",1775771712
r18-0001858,dkim@coastalbuildingsystems.com,AP Aging Analyst,Reconcile AP aging over 90 days for US-05,completed,52.4,"FP&A May variance was $4,494,150 vs plan",1775763720
r18-0001859,jjones@coastalbuildingsystems.com,Journal Entry Reviewer,Reconcile AP aging over 90 days for US-03,completed,11.4,"FP&A Jan variance was $2,129,897 vs plan",1775762924
r18-0001860,rwhite@coastalbuildingsystems.com,AP Aging Analyst,Summarize the Apr variance for entity CA-03,error,5.5,error code 502 from model gateway,1775755117
r18-0001861,dgonzalez@coastalbuildingsystems.com,AP Aging Analyst,Forecast Feb operating cash flow,completed,45.9,"Treasury Feb variance was $3,355,857 vs plan",1775745686
r18-0001862,bjones@coastalbuildingsystems.com,Close Checklist Bot,Reconcile AP aging over 90 days for CA-09,completed,30.6,"Ops May variance was $608,127 vs plan",1775749476
r18-0001863,bjones@coastalbuildingsystems.com,Board Deck Builder,Reconcile AP aging over 90 days for EU-09,completed,61.2,"FP&A Mar variance was $868,924 vs plan",1775772504
r18-0001864,rwhite@coastalbuildingsystems.com,Covenant Checker,Reconcile AP aging over 90 days for CA-01,completed,57.0,"Ops May variance was $1,056,088 vs plan",1775748617
r18-0001865,bjones@coastalbuildingsystems.com,Flux Commentary,Forecast Mar operating cash flow,completed,26.8,"Treasury Mar variance was $870,808 vs plan",1775752933
r18-0001866,jjones@coastalbuildingsystems.com,Close Checklist Bot,Summarize the Apr variance for entity EU-04,completed,28.7,"Accounting Apr variance was $1,789,944 vs plan",1775756452
r18-0001867,jjones@coastalbuildingsystems.com,Revenue Recognizer,Which cost centers are over budget YTD?,completed,36.3,"Treasury Apr variance was $2,422,072 vs plan",1775849727
r18-0001868,dkim@coastalbuildingsystems.com,Variance Explainer,Explain the headcount variance vs plan,completed,0.7,error code 502 from model gateway,1775841940
r18-0001869,jwhite@coastalbuildingsystems.com,Flux Commentary,Check covenant compliance for the revolver,completed,57.8,"Treasury Mar variance was $3,858,312 vs plan",1775842907
r18-0001870,jgarcia@coastalbuildingsystems.com,Headcount Planner,Draft flux commentary for the Mar close,completed,43.8,"Ops Mar variance was $2,086,642 vs plan",1775837651
r18-0001871,rwhite@coastalbuildingsystems.com,Covenant Checker,What drove the change in gross margin this quarter?,completed,17.7,"Treasury Mar variance was $2,782,094 vs plan",1775836191
r18-0001872,rwhite@coastalbuildingsystems.com,Covenant Checker,Check covenant compliance for the revolver,completed,71.1,"Treasury Apr variance was $3,085,599 vs plan",1775824860
r18-0001873,rwhite@coastalbuildingsystems.com,Board Deck Builder,Check covenant compliance for the revolver,completed,65.3,"Accounting Jan variance was $2,103,524 vs plan",1775838134
r18-0001874,rwhite@coastalbuildingsystems.com,Variance Explainer,Summarize the May variance for entity US-02,completed,8.3,"FP&A May variance was $2,731,965 vs plan",1775821440
r18-0001875,bjones@coastalbuildingsystems.com,Flux Commentary,Summarize the Jun variance for entity MX-07,completed,11.8,"FP&A Jun variance was $2,930,688 vs plan",1775838116
r18-0001876,jjones@coastalbuildingsystems.com,Budget vs Actual,Check covenant compliance for the revolver,completed,52.5,"Ops Apr variance was $798,456 vs plan",1775831344
r18-0001877,dkim@coastalbuildingsystems.com,Variance Explainer,Which cost centers are over budget YTD?,completed,35.3,"Accounting Apr variance was $705,473 vs plan",1775846098
r18-0001878,bjones@coastalbuildingsystems.com,Flux Commentary,Explain the headcount variance vs plan,completed,51.5,"FP&A May variance was $3,536,175 vs plan",1775848917
r18-0001879,dkim@coastalbuildingsystems.com,Close Checklist Bot,Why did FP&A spend exceed budget in Jun?,completed,35.4,"FP&A Jun variance was $282,468 vs plan",1775836437
r18-0001880,bjones@coastalbuildingsystems.com,Variance Explainer,Draft flux commentary for the Apr close,completed,31.6,"Accounting Apr variance was $3,851,971 vs plan",1775839500
r18-0001881,rwhite@coastalbuildingsystems.com,Board Deck Builder,Check covenant compliance for the revolver,completed,3.7,"Accounting Jun variance was $3,482,641 vs plan",1775855276
r18-0001882,rwhite@coastalbuildingsystems.com,Flux Commentary,Build the board deck cash slide for Feb,completed,37.9,"Accounting Feb variance was $1,411,276 vs plan",1775834501
r18-0001883,dkim@coastalbuildingsystems.com,Covenant Checker,Check covenant compliance for the revolver,completed,53.0,"Treasury Apr variance was $867,197 vs plan",1775844548
r18-0001884,dgonzalez@coastalbuildingsystems.com,AP Aging Analyst,Explain the headcount variance vs plan,completed,30.1,"Treasury Feb variance was $4,428,988 vs plan",1775842633
r18-0001885,rwhite@coastalbuildingsystems.com,Covenant Checker,Draft flux commentary for the Mar close,completed,23.3,"Accounting Mar variance was $2,910,061 vs plan",1775836843
r18-0001886,rwhite@coastalbuildingsystems.com,Journal Entry Reviewer,Explain the headcount variance vs plan,error,5.1,ERROR: upstream request timed out,1775841510
r18-0001887,rperez@coastalbuildingsystems.com,Close Checklist Bot,Explain the headcount variance vs plan,completed,21.4,"Ops May variance was $2,202,991 vs plan",1775841907
r18-0001888,rwhite@coastalbuildingsystems.com,Headcount Planner,Reconcile AP aging over 90 days for CA-05,completed,60.8,"Ops Apr variance was $2,385,633 vs plan",1775834137
r18-0001889,rperez@coastalbuildingsystems.com,Covenant Checker,Explain the headcount variance vs plan,completed,69.5,"Treasury Jan variance was $1,492,923 vs plan",1775837157
r18-0001890,rwhite@coastalbuildingsystems.com,AP Aging Analyst,Why did Accounting spend exceed budget in Mar?,completed,54.2,"Accounting Mar variance was $3,194,772 vs plan",1775839976
r18-0001891,rwhite@coastalbuildingsystems.com,Variance Explainer,Explain the headcount variance vs plan,completed,22.9,"Ops Jun variance was $1,820,889 vs plan",1775850318
r18-0001892,bjones@coastalbuildingsystems.com,AP Aging Analyst,Draft flux commentary for the May close,completed,41.3,"Ops May variance was $3,225,688 vs plan",1775830169
r18-0001893,rthompson@coastalbuildingsystems.com,Variance Explainer,Explain the headcount variance vs plan,completed,33.3,"Ops May variance was $4,548,201 vs plan",1775820491
r18-0001894,lperez@coastalbuildingsystems.com,AP Aging Analyst,Reconcile AP aging over 90 days for EU-04,completed,66.3,"FP&A Feb variance was $4,209,333 vs plan",1775835066
r18-0001895,bjones@coastalbuildingsystems.com,Variance Explainer,Build the board deck cash slide for Jun,completed,72.6,"Accounting Jun variance was $1,875,892 vs plan",1775844217
r18-0001896,rwhite@coastalbuildingsystems.com,Journal Entry Reviewer,Build the board deck cash slide for Mar,completed,1.7,Traceback (most recent call last): KeyError 'entity',1775855196
r18-0001897,bjones@coastalbuildingsystems.com,Close Checklist Bot,Forecast Apr operating cash flow,completed,13.9,"FP&A Apr variance was $4,166,224 vs plan",1775840240
r18-0001898,rwhite@coastalbuildingsystems.com,Budget vs Actual,Which cost centers are over budget YTD?,completed,56.5,"FP&A May variance was $4,761,060 vs plan",1775847434
r18-0001899,rwhite@coastalbuildingsystems.com,Variance Explainer,Which cost centers are over budget YTD?,completed,59.5,"Accounting Feb variance was $1,503,279 vs plan",1775837232
r18-0001900,dkim@coastalbuildingsystems.com,Vendor Spend Analyzer,Check covenant compliance for the revolver,completed,6.0,"Ops Apr variance was $2,610,914 vs plan",1775837518
r18-0001901,rwhite@coastalbuildingsystems.com,Covenant Checker,Reconcile AP aging over 90 days for US-05,completed,44.4,"FP&A May variance was $2,060,720 vs plan",1775845934
r18-0001902,dkim@coastalbuildingsystems.com,Vendor Spend Analyzer,Why did Treasury spend exceed budget in Mar?,completed,68.0,"Treasury Mar variance was $1,341,947 vs plan",1775846628
r18-0001903,btaylor@coastalbuildingsystems.com,Board Deck Builder,Why did Treasury spend exceed budget in Mar?,completed,16.9,"Treasury Mar variance was $2,121,083 vs plan",1775830637
r18-0001904,rwhite@coastalbuildingsystems.com,Variance Explainer,Explain the headcount variance vs plan,completed,34.7,"Ops Jan variance was $2,916,837 vs plan",1775843182
r18-0001905,rwhite@coastalbuildingsystems.com,Variance Explainer,Reconcile AP aging over 90 days for MX-09,completed,23.7,"Accounting Apr variance was $417,243 vs plan",1775865365
r18-0001906,jjones@coastalbuildingsystems.com,Flux Commentary,What drove the change in gross margin this quarter?,completed,40.3,"Treasury Feb variance was $3,641,094 vs plan",1775855057
r18-0001907,dkim@coastalbuildingsystems.com,Variance Explainer,Explain the headcount variance vs plan,completed,23.1,"Ops Jan variance was $1,772,422 vs plan",1775830014
r18-0001908,rwhite@coastalbuildingsystems.com,Cash Forecaster,Which cost centers are over budget YTD?,completed,30.8,"Ops May variance was $1,364,494 vs plan",1775837452
r18-0001909,rwhite@coastalbuildingsystems.com,Board Deck Builder,Draft flux commentary for the Jun close,completed,60.5,"Accounting Jun variance was $4,400,893 vs plan",1775850191
r18-0001910,rwhite@coastalbuildingsystems.com,Revenue Recognizer,Why did FP&A spend exceed budget in Jan?,completed,47.9,"FP&A Jan variance was $3,167,036 vs plan",1775841326
r18-0001911,canderson@coastalbuildingsystems.com,Variance Explainer,Check covenant compliance for the revolver,completed,18.0,"Accounting May variance was $1,248,123 vs plan",1775842684
r18-0001912,jthompson@coastalbuildingsystems.com,Cash Forecaster,What drove the change in gross margin this quarter?,completed,70.0,"FP&A Jun variance was $3,329,876 vs plan",1775844476
r18-0001913,lperez@coastalbuildingsystems.com,Journal Entry Reviewer,Which cost centers are over budget YTD?,completed,14.2,"Accounting Apr variance was $2,938,771 vs plan",1775830454
r18-0001914,jjones@coastalbuildingsystems.com,Revenue Recognizer,Draft flux commentary for the Mar close,completed,45.9,"FP&A Mar variance was $1,138,388 vs plan",1775823015
r18-0001915,wharris@coastalbuildingsystems.com,Board Deck Builder,Explain the headcount variance vs plan,completed,14.7,"Accounting Jun variance was $712,845 vs plan",1775848924
r18-0001916,btaylor@coastalbuildingsystems.com,Revenue Recognizer,Draft flux commentary for the Jan close,completed,59.8,"FP&A Jan variance was $4,573,050 vs plan",1775840091
r18-0001917,sbrown@coastalbuildingsystems.com,Budget vs Actual,What drove the change in gross margin this quarter?,error,3.6,ERROR: upstream request timed out,1775835749
r18-0001918,rwhite@coastalbuildingsystems.com,Vendor Spend Analyzer,Reconcile AP aging over 90 days for MX-08,completed,0.3,error code 502 from model gateway,1775838005
r18-0001919,rwhite@coastalbuildingsystems.com,Board Deck Builder,Reconcile AP aging over 90 days for CA-02,completed,49.9,"Ops Mar variance was $3,720,432 vs plan",1775836441
r18-0001920,lpatel@coastalbuildingsystems.com,Budget vs Actual,Reconcile AP aging over 90 days for EU-08,completed,1.5,Traceback (most recent call last): KeyError 'entity',1775844613
r18-0001921,dkim@coastalbuildingsystems.com,Board Deck Builder,Forecast Mar operating cash flow,completed,42.5,"Ops Mar variance was $3,942,196 vs plan",1775936448
r18-0001922,bjones@coastalbuildingsystems.com,Variance Explainer,Summarize the Apr variance for entity US-05,completed,27.3,"FP&A Apr variance was $3,313,348 vs plan",1775921457
r18-0001923,rwhite@coastalbuildingsystems.com,Variance Explainer,Reconcile AP aging over 90 days for US-01,completed,45.5,"Accounting Apr variance was $3,871,439 vs plan",1775920266
r18-0001924,rperez@coastalbuildingsystems.com,Variance Explainer,Why did Ops spend exceed budget in May?,completed,41.5,"Ops May variance was $4,008,739 vs plan",1775932542
r18-0001925,jjones@coastalbuildingsystems.com,Flux Commentary,Explain the headcount variance vs plan,completed,57.1,"Accounting Feb variance was $3,929,511 vs plan",1775939816
r18-0001926,bjones@coastalbuildingsystems.com,Budget vs Actual,Draft flux commentary for the Apr close,completed,57.6,"FP&A Apr variance was $1,412,417 vs plan",1775936550
r18-0001927,rwhite@coastalbuildingsystems.com,Revenue Recognizer,Explain the headcount variance vs plan,completed,1.4,ERROR: upstream request timed out,1775918087
r18-0001928,rwhite@coastalbuildingsystems.com,Vendor Spend Analyzer,Summarize the Jun variance for entity US-06,completed,23.4,"Accounting Jun variance was $426,424 vs plan",1775931389
r18-0001929,btaylor@coastalbuildingsystems.com,Vendor Spend Analyzer,Build the board deck cash slide for Mar,completed,22.6,"Ops Mar variance was $1,482,679 vs plan",1775939870
r18-0001930,jjones@coastalbuildingsystems.com,Flux Commentary,What drove the change in gross margin this quarter?,completed,39.8,"Accounting Apr variance was $1,415,416 vs plan",1775905087
r18-0001931,rwhite@coastalbuildingsystems.com,Covenant Checker,Check covenant compliance for the revolver,completed,36.5,"Accounting Feb variance was $1,966,505 vs plan",1775936102
r18-0001932,bjones@coastalbuildingsystems.com,Revenue Recognizer,Why did Treasury spend exceed budget in May?,completed,48.7,"Treasury May variance was $1,210,635 vs plan",1775931313
r18-0001933,dkim@coastalbuildingsystems.com,Covenant Checker,Check covenant compliance for the revolver,completed,35.9,"Accounting Feb variance was $1,042,053 vs plan",1775919733
r18-0001934,canderson@coastalbuildingsystems.com,Journal Entry Reviewer,Draft flux commentary for the Jan close,completed,68.6,"FP&A Jan variance was $426,157 vs plan",1775925047
r18-0001935,rwhite@coastalbuildingsystems.com,AP Aging Analyst,Reconcile AP aging over 90 days for MX-02,completed,32.3,"Accounting Jan variance was $506,064 vs plan",1775928832
r18-0001936,rwhite@coastalbuildingsystems.com,Close Checklist Bot,Summarize the Jun variance for entity CA-04,completed,32.3,"FP&A Jun variance was $1,002,525 vs plan",1776021983
r18-0001937,rwhite@coastalbuildingsystems.com,Close Checklist Bot,Build the board deck cash slide for Feb,completed,44.7,"Treasury Feb variance was $1,413,156 vs plan",1776021328
r18-0001938,rthompson@coastalbuildingsystems.com,Board Deck Builder,Check covenant compliance for the revolver,completed,43.1,"Ops Feb variance was $4,580,303 vs plan",1776015841
r18-0001939,rperez@coastalbuildingsystems.com,Budget vs Actual,Forecast Mar operating cash flow,completed,47.8,"Accounting Mar variance was $2,757,798 vs plan",1776011401
r18-0001940,wharris@coastalbuildingsystems.com,Cash Forecaster,Which cost centers are over budget YTD?,completed,48.2,"Ops Apr variance was $1,873,915 vs plan",1776009727
r18-0001941,jjones@coastalbuildingsystems.com,Flux Commentary,Which cost centers are over budget YTD?,completed,52.4,"Treasury May variance was $129,902 vs plan",1776009045
r18-0001942,rwhite@coastalbuildingsystems.com,Vendor Spend Analyzer,Draft flux commentary for the Apr close,completed,15.7,"FP&A Apr variance was $2,260,161 vs plan",1776009320
r18-0001943,bjones@coastalbuildingsystems.com,Flux Commentary,Check covenant compliance for the revolver,error,4.7,error code 502 from model gateway,1776010703
r18-0001944,bjones@coastalbuildingsystems.com,Vendor Spend Analyzer,Why did Treasury spend exceed budget in Mar?,completed,26.6,"Treasury Mar variance was $2,172,524 vs plan",1776005312
r18-0001945,jwhite@coastalbuildingsystems.com,Board Deck Builder,Draft flux commentary for the Jun close,error,3.8,error code 502 from model gateway,1775993059
r18-0001946,dkim@coastalbuildingsystems.com,Revenue Recognizer,Why did Accounting spend exceed budget in Jan?,completed,39.7,"Accounting Jan variance was $717,613 vs plan",1776008207
r18-0001947,rwhite@coastalbuildingsystems.com,Revenue Recognizer,Explain the headcount variance vs plan,completed,15.5,"Treasury May variance was $3,865,392 vs plan",1776005509
r18-0001948,rwhite@coastalbuildingsystems.com,Headcount Planner,Forecast Mar operating cash flow,completed,56.0,"Accounting Mar variance was $3,147,696 vs plan",1776002562
r18-0001949,rwhite@coastalbuildingsystems.com,Headcount Planner,Forecast Jun operating cash flow,completed,37.6,"Ops Jun variance was $1,860,570 vs plan",1776024391
r18-0001950,rwhite@coastalbuildingsystems.com,Variance Explainer,Draft flux commentary for the Jan close,completed,31.7,"Treasury Jan variance was $115,032 vs plan",1776006935
r18-0001951,rperez@coastalbuildingsystems.com,Board Deck Builder,Summarize the Feb variance for entity MX-07,completed,8.4,"Accounting Feb variance was $4,426,472 vs plan",1776017530
r18-0001952,rperez@coastalbuildingsystems.com,Headcount Planner,Build the board deck cash slide for Mar,completed,31.4,"Accounting Mar variance was $1,791,099 vs plan",1776016718
r18-0001953,sjackson@coastalbuildingsystems.com,Headcount Planner,Forecast Jan operating cash flow,completed,15.3,"Accounting Jan variance was $379,080 vs plan",1776006007
r18-0001954,rwhite@coastalbuildingsystems.com,Covenant Checker,Explain the headcount variance vs plan,completed,49.3,"Ops Apr variance was $1,954,680 vs plan",1776008445
r18-0001955,bjones@coastalbuildingsystems.com,Vendor Spend Analyzer,Explain the headcount variance vs plan,completed,11.1,"Accounting May variance was $3,142,306 vs plan",1776008035
r18-0001956,rwhite@coastalbuildingsystems.com,Board Deck Builder,What drove the change in gross margin this quarter?,completed,19.5,"FP&A Apr variance was $3,664,348 vs plan",1776022806
r18-0001957,bjones@coastalbuildingsystems.com,Vendor Spend Analyzer,Why did FP&A spend exceed budget in Jan?,completed,28.1,"FP&A Jan variance was $45,723 vs plan",1776011507
r18-0001958,dkim@coastalbuildingsystems.com,Revenue Recognizer,What drove the change in gross margin this quarter?,completed,30.6,"FP&A Mar variance was $2,396,898 vs plan",1776011394
r18-0001959,sbrown@coastalbuildingsystems.com,Flux Commentary,Check covenant compliance for the revolver,completed,25.9,"Ops May variance was $4,476,100 vs plan",1776001664
r18-0001960,rwhite@coastalbuildingsystems.com,Cash Forecaster,What drove the change in gross margin this quarter?,completed,42.3,"Ops Mar variance was $4,253,027 vs plan",1776018802
r18-0001961,rthompson@coastalbuildingsystems.com,Journal Entry Reviewer,What drove the change in gross margin this quarter?,completed,11.1,"Treasury Apr variance was $2,909,188 vs plan",1776016195
r18-0001962,bjones@coastalbuildingsystems.com,AP Aging Analyst,Which cost centers are over budget YTD?,completed,53.9,"Treasury Jun variance was $3,769,201 vs plan",1776116169
r18-0001963,dkim@coastalbuildingsystems.com,Journal Entry Reviewer,Why did Ops spend exceed budget in Feb?,completed,21.6,"Ops Feb variance was $3,970,989 vs plan",1776093218
r18-0001964,wharris@coastalbuildingsystems.com,Close Checklist Bot,Reconcile AP aging over 90 days for MX-04,completed,40.6,"Ops Jan variance was $4,203,924 vs plan",1776103967
r18-0001965,rwhite@coastalbuildingsystems.com,AP Aging Analyst,Forecast Jan operating cash flow,completed,51.8,"FP&A Jan variance was $3,250,460 vs plan",1776090272
r18-0001966,sjackson@coastalbuildingsystems.com,Flux Commentary,Forecast Jun operating cash flow,completed,62.3,"Treasury Jun variance was $2,259,483 vs plan",1776096386
r18-0001967,bjones@coastalbuildingsystems.com,Variance Explainer,Which cost centers are over budget YTD?,completed,49.7,"Ops Mar variance was $2,834,726 vs plan",1776097868
r18-0001968,rwhite@coastalbuildingsystems.com,Journal Entry Reviewer,Build the board deck cash slide for Mar,completed,58.9,"Accounting Mar variance was $4,146,776 vs plan",1776106673
r18-0001969,jwhite@coastalbuildingsystems.com,Journal Entry Reviewer,Why did Treasury spend exceed budget in Jun?,completed,15.7,"Treasury Jun variance was $1,584,960 vs plan",1776103378
r18-0001970,jgarcia@coastalbuildingsystems.com,Cash Forecaster,Reconcile AP aging over 90 days for EU-06,completed,11.5,"Accounting May variance was $4,736,658 vs plan",1776104551
r18-0001971,rwhite@coastalbuildingsystems.com,Flux Commentary,Draft flux commentary for the May close,completed,63.6,"Treasury May variance was $1,359,110 vs plan",1776083669
r18-0001972,sbrown@coastalbuildingsystems.com,AP Aging Analyst,Explain the headcount variance vs plan,completed,66.8,"Accounting Feb variance was $659,804 vs plan",1776105239
r18-0001973,rwhite@coastalbuildingsystems.com,Journal Entry Reviewer,Reconcile AP aging over 90 days for US-03,completed,31.8,"Accounting May variance was $672,515 vs plan",1776082361
r18-0001974,jthompson@coastalbuildingsystems.com,Variance Explainer,Which cost centers are over budget YTD?,completed,30.9,"FP&A Jun variance was $1,883,180 vs plan",1776111047
r18-0001975,btaylor@coastalbuildingsystems.com,Vendor Spend Analyzer,Why did Ops spend exceed budget in May?,completed,15.8,"Ops May variance was $1,989,261 vs plan",1776106193
r18-0001976,rperez@coastalbuildingsystems.com,AP Aging Analyst,Summarize the Apr variance for entity US-01,completed,73.0,"FP&A Apr variance was $1,460,045 vs plan",1776108138
r18-0001977,jwhite@coastalbuildingsystems.com,Cash Forecaster,Forecast Jan operating cash flow,completed,13.1,"Accounting Jan variance was $1,927,247 vs plan",1776102954
r18-0001978,rwhite@coastalbuildingsystems.com,Headcount Planner,Explain the headcount variance vs plan,completed,46.3,"Ops Mar variance was $1,101,250 vs plan",1776093610
r18-0001979,jthompson@coastalbuildingsystems.com,Board Deck Builder,Check covenant compliance for the revolver,completed,68.1,"FP&A Feb variance was $1,275,976 vs plan",1776084734
r18-0001980,bjones@coastalbuildingsystems.com,Cash Forecaster,Check covenant compliance for the revolver,completed,48.3,"Accounting Apr variance was $3,769,581 vs plan",1776100245
r18-0001981,jjones@coastalbuildingsystems.com,Vendor Spend Analyzer,Draft flux commentary for the May close,completed,69.2,"Accounting May variance was $3,920,884 vs plan",1776113349
r18-0001982,rperez@coastalbuildingsystems.com,Vendor Spend Analyzer,Summarize the May variance for entity CA-04,error,2.4,error: connection reset by peer,1776101054
r18-0001983,rwhite@coastalbuildingsystems.com,Flux Commentary,Draft flux commentary for the May close,completed,31.7,"Treasury May variance was $1,307,655 vs plan",1776078755
r18-0001984,sbrown@coastalbuildingsystems.com,Board Deck Builder,Build the board deck cash slide for May,error,1.7,Traceback (most recent call last): KeyError 'entity',1776092048
r18-0001985,bjones@coastalbuildingsystems.com,Journal Entry Reviewer,Reconcile AP aging over 90 days for MX-02,completed,74.4,"FP&A Mar variance was $4,187,246 vs plan",1776105065
r18-0001986,wharris@coastalbuildingsystems.com,Close Checklist Bot,Explain the headcount variance vs plan,completed,39.0,"Ops Feb variance was $475,320 vs plan",1776118160
r18-0001987,rperez@coastalbuildingsystems.com,Budget vs Actual,Which cost centers are over budget YTD?,completed,0.8,FAILED: null reference in aggregation step,1776112341
r18-0001988,jwhite@coastalbuildingsystems.com,Cash Forecaster,Check covenant compliance for the revolver,completed,52.5,"Treasury Jun variance was $4,153,855 vs plan",1776082215
r18-0001989,rwhite@coastalbuildingsystems.com,Journal Entry Reviewer,Forecast Feb operating cash flow,completed,3.9,"Treasury Feb variance was $3,697,172 vs plan",1776108502
r18-0001990,bjones@coastalbuildingsystems.com,Vendor Spend Analyzer,Build the board deck cash slide for Jun,completed,6.7,"Ops Jun variance was $4,254,120 vs plan",1776105501
r18-0001991,rwhite@coastalbuildingsystems.com,Cash Forecaster,Summarize the Jun variance for entity EU-07,completed,36.0,"FP&A Jun variance was $1,096,346 vs plan",1776109753
r18-0001992,dkim@coastalbuildingsystems.com,AP Aging Analyst,Summarize the Jan variance for entity US-03,completed,56.2,"Accounting Jan variance was $3,612,278 vs plan",1776091610
r18-0001993,dkim@coastalbuildingsystems.com,AP Aging Analyst,Why did Accounting spend exceed budget in Jan?,error,7.3,error: connection reset by peer,1776113675
r18-0001994,rwhite@coastalbuildingsystems.com,Headcount Planner,Check covenant compliance for the revolver,completed,62.5,"Ops May variance was $17,100 vs plan",1776095891
r18-0001995,bjones@coastalbuildingsystems.com,Headcount Planner,Why did Treasury spend exceed budget in Apr?,completed,1.7,FAILED: null reference in aggregation step,1776091012
r18-0001996,rwhite@coastalbuildingsystems.com,Cash Forecaster,What drove the change in gross margin this quarter?,completed,67.7,"Treasury Apr variance was $2,602,138 vs plan",1776104548
r18-0001997,rthompson@coastalbuildingsystems.com,Board Deck Builder,Explain the headcount variance vs plan,completed,66.8,"FP&A Mar variance was $297,325 vs plan",1776097034
r18-0001998,bjones@coastalbuildingsystems.com,Covenant Checker,Reconcile AP aging over 90 days for MX-09,completed,66.0,"Ops Feb variance was $531,956 vs plan",1776119680
r18-0001999,jwhite@coastalbuildingsystems.com,Variance Explainer,Why did Accounting spend exceed budget in Jun?,error,2.9,ERROR: upstream request timed out,1776099101
r18-0002000,rwhite@coastalbuildingsystems.com,Close Checklist Bot,Summarize the May variance for entity US-07,completed,29.2,"FP&A May variance was $3,142,833 vs plan",1776102343
r18-0002001,bjones@coastalbuildingsystems.com,Budget vs Actual,Which cost centers are over budget YTD?,completed,64.7,"Treasury Feb variance was $2,552,918 vs plan",1776108079
r18-0002002,rwhite@coastalbuildingsystems.com,Covenant Checker,Forecast Apr operating cash flow,completed,0.6,error: connection reset by peer,1776101108
r18-0002003,rwhite@coastalbuildingsystems.com,AP Aging Analyst,Draft flux commentary for the Jun close,completed,15.9,"Treasury Jun variance was $1,001,871 vs plan",1776131715
r18-0002004,dkim@coastalbuildingsystems.com,Variance Explainer,Reconcile AP aging over 90 days for EU-09,completed,0.3,error code 502 from model gateway,1776087687
r18-0002005,rwhite@coastalbuildingsystems.com,Board Deck Builder,Check covenant compliance for the revolver,completed,33.6,"Treasury Apr variance was $1,579,862 vs plan",1776100790
r18-0002006,bjones@coastalbuildingsystems.com,Headcount Planner,Build the board deck cash slide for Apr,completed,63.8,"Treasury Apr variance was $2,753,904 vs plan",1776095525
r18-0002007,rwhite@coastalbuildingsystems.com,AP Aging Analyst,Forecast Apr operating cash flow,completed,10.5,"Ops Apr variance was $4,547,806 vs plan",1776091308
r18-0002008,rwhite@coastalbuildingsystems.com,Flux Commentary,Forecast Jan operating cash flow,completed,54.8,"Accounting Jan variance was $1,468,824 vs plan",1776092658
r18-0002009,rwhite@coastalbuildingsystems.com,Journal Entry Reviewer,Forecast Mar operating cash flow,completed,18.3,"Accounting Mar variance was $4,680,346 vs plan",1776095532
r18-0002010,rwhite@coastalbuildingsystems.com,Cash Forecaster,Which cost centers are over budget YTD?,completed,36.8,"Treasury Mar variance was $3,961,047 vs plan",1776108177
r18-0002011,bjones@coastalbuildingsystems.com,Cash Forecaster,What drove the change in gross margin this quarter?,completed,36.0,"FP&A Apr variance was $3,659,450 vs plan",1776096179
r18-0002012,rperez@coastalbuildingsystems.com,Covenant Checker,What drove the change in gross margin this quarter?,completed,72.4,"Treasury Mar variance was $2,784,140 vs plan",1776096346
r18-0002013,dkim@coastalbuildingsystems.com,Variance Explainer,Draft flux commentary for the Feb close,completed,41.5,"Accounting Feb variance was $1,923,096 vs plan",1776114222
r18-0002014,rwhite@coastalbuildingsystems.com,Cash Forecaster,Which cost centers are over budget YTD?,completed,53.4,"FP&A Jan variance was $4,769,330 vs plan",1776086884
r18-0002015,rwhite@coastalbuildingsystems.com,Vendor Spend Analyzer,Summarize the Jun variance for entity EU-03,completed,33.2,"FP&A Jun variance was $3,054,119 vs plan",1776113478
r18-0002016,bjones@coastalbuildingsystems.com,Board Deck Builder,Explain the headcount variance vs plan,completed,67.5,"Accounting Apr variance was $3,501,075 vs plan",1776083164
r18-0002017,rperez@coastalbuildingsystems.com,Cash Forecaster,Build the board deck cash slide for Mar,completed,62.6,"Ops Mar variance was $2,296,705 vs plan",1776098275
r18-0002018,rwhite@coastalbuildingsystems.com,Revenue Recognizer,Which cost centers are over budget YTD?,completed,53.0,"Accounting May variance was $2,148,822 vs plan",1776115867
r18-0002019,jjones@coastalbuildingsystems.com,AP Aging Analyst,Summarize the Jun variance for entity US-07,completed,4.5,"Ops Jun variance was $2,057,171 vs plan",1776093262
r18-0002020,rwhite@coastalbuildingsystems.com,Board Deck Builder,Draft flux commentary for the Mar close,completed,16.6,"Treasury Mar variance was $370,873 vs plan",1776102450
r18-0002021,bjones@coastalbuildingsystems.com,Journal Entry Reviewer,Draft flux commentary for the Mar close,completed,28.7,"FP&A Mar variance was $4,442,385 vs plan",1776094892
r18-0002022,rwhite@coastalbuildingsystems.com,AP Aging Analyst,Explain the headcount variance vs plan,completed,67.3,"Treasury May variance was $3,570,999 vs plan",1776082863
r18-0002023,jgarcia@coastalbuildingsystems.com,Budget vs Actual,Explain the headcount variance vs plan,completed,51.8,"FP&A Mar variance was $4,088,975 vs plan",1776100260
r18-0002024,btaylor@coastalbuildingsystems.com,Close Checklist Bot,Draft flux commentary for the Jan close,completed,6.5,"FP&A Jan variance was $2,740,121 vs plan",1776187308
r18-0002025,lpatel@coastalbuildingsystems.com,Revenue Recognizer,Explain the headcount variance vs plan,completed,1.4,Traceback (most recent call last): KeyError 'entity',1776189042
r18-0002026,rwhite@coastalbuildingsystems.com,Headcount Planner,What drove the change in gross margin this quarter?,completed,41.2,"FP&A Jun variance was $4,257,445 vs plan",1776175482
r18-0002027,jwhite@coastalbuildingsystems.com,Journal Entry Reviewer,Build the board deck cash slide for May,completed,37.4,"Treasury May variance was $4,214,137 vs plan",1776195258
r18-0002028,bjones@coastalbuildingsystems.com,Cash Forecaster,Build the board deck cash slide for Mar,completed,49.2,"Treasury Mar variance was $4,402,099 vs plan",1776186543
r18-0002029,rwhite@coastalbuildingsystems.com,Budget vs Actual,Summarize the Mar variance for entity MX-09,completed,25.6,"Ops Mar variance was $3,347,456 vs plan",1776211317
r18-0002030,dkim@coastalbuildingsystems.com,Budget vs Actual,Reconcile AP aging over 90 days for US-08,completed,54.0,"Accounting Jan variance was $1,783,100 vs plan",1776208943
r18-0002031,rwhite@coastalbuildingsystems.com,Budget vs Actual,Check covenant compliance for the revolver,completed,18.3,"Ops Apr variance was $834,172 vs plan",1776180379
r18-0002032,rwhite@coastalbuildingsystems.com,AP Aging Analyst,Why did FP&A spend exceed budget in Jan?,completed,1.1,error: connection reset by peer,1776176424
r18-0002033,bjones@coastalbuildingsystems.com,Board Deck Builder,Reconcile AP aging over 90 days for CA-08,completed,47.4,"Accounting Feb variance was $3,464,304 vs plan",1776180546
r18-0002034,btaylor@coastalbuildingsystems.com,Budget vs Actual,Which cost centers are over budget YTD?,completed,49.4,"Ops Feb variance was $4,648,179 vs plan",1776194696
r18-0002035,rwhite@coastalbuildingsystems.com,Cash Forecaster,Summarize the Mar variance for entity CA-02,completed,59.5,"Accounting Mar variance was $2,634,249 vs plan",1776195620
r18-0002036,bjones@coastalbuildingsystems.com,Journal Entry Reviewer,Check covenant compliance for the revolver,completed,18.0,"Treasury Mar variance was $2,267,954 vs plan",1776174609
r18-0002037,jjones@coastalbuildingsystems.com,Variance Explainer,Build the board deck cash slide for Mar,completed,37.7,"FP&A Mar variance was $1,999,556 vs plan",1776187807
r18-0002038,lperez@coastalbuildingsystems.com,Variance Explainer,Draft flux commentary for the May close,completed,67.7,"FP&A May variance was $227,328 vs plan",1776186319
r18-0002039,btaylor@coastalbuildingsystems.com,Cash Forecaster,Build the board deck cash slide for Feb,completed,24.3,"FP&A Feb variance was $4,226,317 vs plan",1776180865
r18-0002040,dgonzalez@coastalbuildingsystems.com,Headcount Planner,Explain the headcount variance vs plan,completed,59.9,"Treasury May variance was $2,995,926 vs plan",1776187188
r18-0002041,btaylor@coastalbuildingsystems.com,Variance Explainer,Summarize the Jun variance for entity MX-09,completed,15.2,"Treasury Jun variance was $1,358,397 vs plan",1776185020
r18-0002042,wharris@coastalbuildingsystems.com,Cash Forecaster,Summarize the Jan variance for entity MX-02,completed,34.2,"Treasury Jan variance was $2,994,397 vs plan",1776196196
r18-0002043,bjones@coastalbuildingsystems.com,Close Checklist Bot,Summarize the Apr variance for entity US-06,completed,52.7,"Accounting Apr variance was $157,492 vs plan",1776174635
r18-0002044,bjones@coastalbuildingsystems.com,Budget vs Actual,Explain the headcount variance vs plan,completed,67.3,"FP&A Jun variance was $970,462 vs plan",1776192179
r18-0002045,dkim@coastalbuildingsystems.com,Close Checklist Bot,Draft flux commentary for the May close,completed,13.8,"Ops May variance was $2,900,370 vs plan",1776176477
r18-0002046,rperez@coastalbuildingsystems.com,Vendor Spend Analyzer,Which cost centers are over budget YTD?,completed,25.0,"Accounting Apr variance was $3,355,532 vs plan",1776181474
r18-0002047,rperez@coastalbuildingsystems.com,Board Deck Builder,What drove the change in gross margin this quarter?,completed,18.2,"Treasury Apr variance was $3,780,026 vs plan",1776202947
r18-0002048,rwhite@coastalbuildingsystems.com,Revenue Recognizer,Check covenant compliance for the revolver,completed,23.7,"Accounting Apr variance was $1,384,323 vs plan",1776175451
r18-0002049,rwhite@coastalbuildingsystems.com,Board Deck Builder,Explain the headcount variance vs plan,completed,67.2,"Ops Mar variance was $956,848 vs plan",1776188029
r18-0002050,btaylor@coastalbuildingsystems.com,Board Deck Builder,Why did Treasury spend exceed budget in Feb?,completed,11.4,"Treasury Feb variance was $4,073,096 vs plan",1776179195
r18-0002051,bjones@coastalbuildingsystems.com,Revenue Recognizer,Summarize the Jan variance for entity CA-08,completed,0.8,FAILED: null reference in aggregation step,1776182608
r18-0002052,dkim@coastalbuildingsystems.com,Cash Forecaster,Summarize the Apr variance for entity EU-03,completed,39.0,"Ops Apr variance was $1,374,817 vs plan",1776175719
r18-0002053,rwhite@coastalbuildingsystems.com,Cash Forecaster,Summarize the Jan variance for entity MX-01,completed,43.4,"Accounting Jan variance was $3,708,086 vs plan",1776184191
r18-0002054,lperez@coastalbuildingsystems.com,Budget vs Actual,Forecast Feb operating cash flow,completed,33.8,"Treasury Feb variance was $355,118 vs plan",1776174452
r18-0002055,bjones@coastalbuildingsystems.com,Cash Forecaster,Check covenant compliance for the revolver,completed,62.9,"Treasury Mar variance was $828,032 vs plan",1776187479
r18-0002056,dkim@coastalbuildingsystems.com,Close Checklist Bot,Check covenant compliance for the revolver,completed,70.8,"Ops Mar variance was $71,582 vs plan",1776170740
r18-0002057,rwhite@coastalbuildingsystems.com,Cash Forecaster,Which cost centers are over budget YTD?,completed,19.9,"Accounting Jun variance was $4,565,131 vs plan",1776174505
r18-0002058,jjones@coastalbuildingsystems.com,Journal Entry Reviewer,Which cost centers are over budget YTD?,completed,46.1,"Accounting Feb variance was $4,054,536 vs plan",1776172631
r18-0002059,rwhite@coastalbuildingsystems.com,Variance Explainer,Check covenant compliance for the revolver,completed,60.0,"FP&A Mar variance was $2,784,998 vs plan",1776192551
r18-0002060,rwhite@coastalbuildingsystems.com,Cash Forecaster,Forecast May operating cash flow,completed,1.4,error code 502 from model gateway,1776169494
r18-0002061,dkim@coastalbuildingsystems.com,Budget vs Actual,Build the board deck cash slide for Feb,completed,60.2,"Accounting Feb variance was $1,346,690 vs plan",1776181108
r18-0002062,dkim@coastalbuildingsystems.com,Revenue Recognizer,Forecast Mar operating cash flow,completed,45.3,"FP&A Mar variance was $4,373,570 vs plan",1776190755
r18-0002063,bjones@coastalbuildingsystems.com,Headcount Planner,Explain the headcount variance vs plan,error,1.0,error: connection reset by peer,1776183621
r18-0002064,bjones@coastalbuildingsystems.com,Variance Explainer,Which cost centers are over budget YTD?,completed,38.2,"FP&A Jan variance was $1,406,194 vs plan",1776192400
r18-0002065,rwhite@coastalbuildingsystems.com,Revenue Recognizer,Which cost centers are over budget YTD?,completed,69.5,"Treasury Mar variance was $4,372,660 vs plan",1776189413
r18-0002066,rwhite@coastalbuildingsystems.com,Revenue Recognizer,Explain the headcount variance vs plan,completed,29.1,"FP&A Feb variance was $4,641,837 vs plan",1776182392
r18-0002067,btaylor@coastalbuildingsystems.com,Board Deck Builder,Explain the headcount variance vs plan,completed,8.7,"FP&A Jan variance was $1,779,954 vs plan",1776181214
r18-0002068,bjones@coastalbuildingsystems.com,Journal Entry Reviewer,Draft flux commentary for the Apr close,error,1.7,ERROR: upstream request timed out,1776169610
r18-0002069,rperez@coastalbuildingsystems.com,Headcount Planner,Draft flux commentary for the Jun close,completed,41.2,"Ops Jun variance was $2,439,836 vs plan",1776183943
r18-0002070,rwhite@coastalbuildingsystems.com,Vendor Spend Analyzer,Draft flux commentary for the Feb close,completed,69.9,"Treasury Feb variance was $1,130,719 vs plan",1776183339
r18-0002071,lperez@coastalbuildingsystems.com,Cash Forecaster,Why did Treasury spend exceed budget in Feb?,completed,30.1,"Treasury Feb variance was $3,173,187 vs plan",1776192611
r18-0002072,jjones@coastalbuildingsystems.com,Covenant Checker,Which cost centers are over budget YTD?,completed,42.7,"Ops Jan variance was $4,575,546 vs plan",1776178372
r18-0002073,rwhite@coastalbuildingsystems.com,Covenant Checker,Draft flux commentary for the Jan close,completed,35.3,"Ops Jan variance was $1,375,939 vs plan",1776175170
r18-0002074,rwhite@coastalbuildingsystems.com,Headcount Planner,Explain the headcount variance vs plan,completed,31.1,"Accounting May variance was $3,538,945 vs plan",1776175341
r18-0002075,bjones@coastalbuildingsystems.com,Flux Commentary,Reconcile AP aging over 90 days for CA-04,completed,0.9,error: connection reset by peer,1776186767
r18-0002076,dkim@coastalbuildingsystems.com,Close Checklist Bot,Reconcile AP aging over 90 days for MX-07,completed,38.7,"Ops May variance was $3,339,989 vs plan",1776174454
r18-0002077,dkim@coastalbuildingsystems.com,Variance Explainer,Summarize the Feb variance for entity CA-05,error,1.9,ERROR: upstream request timed out,1776204589
r18-0002078,rwhite@coastalbuildingsystems.com,Close Checklist Bot,Build the board deck cash slide for Jan,completed,51.5,"Ops Jan variance was $3,895,892 vs plan",1776196647
r18-0002079,rwhite@coastalbuildingsystems.com,Vendor Spend Analyzer,Which cost centers are over budget YTD?,completed,18.3,"Treasury Feb variance was $4,094,465 vs plan",1776191810
r18-0002080,jthompson@coastalbuildingsystems.com,Headcount Planner,Check covenant compliance for the revolver,completed,70.0,"FP&A May variance was $3,362,166 vs plan",1776178780
r18-0002081,bjones@coastalbuildingsystems.com,Cash Forecaster,Reconcile AP aging over 90 days for CA-06,completed,5.7,"Treasury May variance was $546,224 vs plan",1776188578
r18-0002082,jthompson@coastalbuildingsystems.com,Headcount Planner,Why did Ops spend exceed budget in Jan?,completed,30.8,"Ops Jan variance was $3,642,640 vs plan",1776171855
r18-0002083,rwhite@coastalbuildingsystems.com,Flux Commentary,Reconcile AP aging over 90 days for US-06,completed,49.3,"Treasury May variance was $1,058,136 vs plan",1776193245
r18-0002084,dkim@coastalbuildingsystems.com,Close Checklist Bot,What drove the change in gross margin this quarter?,completed,61.9,"Treasury May variance was $4,657,775 vs plan",1776161049
r18-0002085,bjones@coastalbuildingsystems.com,Cash Forecaster,Explain the headcount variance vs plan,error,7.5,error code 502 from model gateway,1776195324
r18-0002086,jwhite@coastalbuildingsystems.com,Budget vs Actual,Build the board deck cash slide for Jun,completed,32.9,"Ops Jun variance was $3,698,762 vs plan",1776196364
r18-0002087,bjones@coastalbuildingsystems.com,Budget vs Actual,Reconcile AP aging over 90 days for MX-02,completed,35.1,"Treasury Jun variance was $2,075,128 vs plan",1776179145
r18-0002088,rperez@coastalbuildingsystems.com,Headcount Planner,What drove the change in gross margin this quarter?,completed,11.4,"Ops Feb variance was $3,062,899 vs plan",1776194590
r18-0002089,rwhite@coastalbuildingsystems.com,Revenue Recognizer,Summarize the Jun variance for entity CA-03,completed,54.4,"Accounting Jun variance was $4,205,407 vs plan",1776202440
r18-0002090,bjones@coastalbuildingsystems.com,Budget vs Actual,Check covenant compliance for the revolver,completed,26.4,"Accounting Mar variance was $1,109,656 vs plan",1776184949
r18-0002091,lperez@coastalbuildingsystems.com,Vendor Spend Analyzer,Build the board deck cash slide for Mar,completed,7.1,"FP&A Mar variance was $2,718,466 vs plan",1776168843
r18-0002092,btaylor@coastalbuildingsystems.com,AP Aging Analyst,Build the board deck cash slide for Feb,completed,61.2,"Ops Feb variance was $3,227,705 vs plan",1776286958
r18-0002093,dkim@coastalbuildingsystems.com,Close Checklist Bot,Draft flux commentary for the Feb close,error,6.6,error: connection reset by peer,1776276926
r18-0002094,sbrown@coastalbuildingsystems.com,Headcount Planner,Summarize the May variance for entity MX-07,completed,66.9,"Treasury May variance was $2,701,198 vs plan",1776292852
r18-0002095,rwhite@coastalbuildingsystems.com,Variance Explainer,Build the board deck cash slide for Jan,completed,0.4,error code 502 from model gateway,1776276613
r18-0002096,rwhite@coastalbuildingsystems.com,Cash Forecaster,Check covenant compliance for the revolver,completed,9.3,"Ops Jan variance was $1,693,747 vs plan",1776269405
r18-0002097,sjackson@coastalbuildingsystems.com,Variance Explainer,Reconcile AP aging over 90 days for CA-01,completed,33.3,"Accounting Jun variance was $1,773,899 vs plan",1776284283
r18-0002098,rwhite@coastalbuildingsystems.com,Revenue Recognizer,Why did Ops spend exceed budget in Jun?,completed,24.3,"Ops Jun variance was $2,929,450 vs plan",1776257532
r18-0002099,rwhite@coastalbuildingsystems.com,Vendor Spend Analyzer,Which cost centers are over budget YTD?,completed,17.1,"Ops Jun variance was $177,606 vs plan",1776281898
r18-0002100,canderson@coastalbuildingsystems.com,Vendor Spend Analyzer,Which cost centers are over budget YTD?,completed,70.2,"FP&A Jan variance was $4,577,416 vs plan",1776288835
r18-0002101,dkim@coastalbuildingsystems.com,Variance Explainer,Reconcile AP aging over 90 days for US-04,completed,57.7,"Accounting Jan variance was $2,963,641 vs plan",1776284073
r18-0002102,jjones@coastalbuildingsystems.com,Revenue Recognizer,Reconcile AP aging over 90 days for CA-01,completed,8.4,"Accounting May variance was $1,088,515 vs plan",1776260803
r18-0002103,rwhite@coastalbuildingsystems.com,Cash Forecaster,Which cost centers are over budget YTD?,completed,4.5,"Accounting Feb variance was $2,380,396 vs plan",1776283112
r18-0002104,rperez@coastalbuildingsystems.com,AP Aging Analyst,Build the board deck cash slide for Jan,completed,5.3,"Ops Jan variance was $1,119,109 vs plan",1776278785
r18-0002105,rwhite@coastalbuildingsystems.com,Journal Entry Reviewer,Summarize the Jun variance for entity MX-08,completed,18.9,"Ops Jun variance was $4,633,005 vs plan",1776282830
r18-0002106,lperez@coastalbuildingsystems.com,Flux Commentary,Check covenant compliance for the revolver,completed,72.9,"FP&A Mar variance was $3,031,431 vs plan",1776284748
r18-0002107,rperez@coastalbuildingsystems.com,Cash Forecaster,Forecast Mar operating cash flow,completed,1.2,error code 502 from model gateway,1776253751
r18-0002108,rwhite@coastalbuildingsystems.com,Vendor Spend Analyzer,Summarize the Apr variance for entity MX-03,completed,66.9,"Accounting Apr variance was $2,511,701 vs plan",1776283168
r18-0002109,dkim@coastalbuildingsystems.com,Close Checklist Bot,Summarize the Mar variance for entity CA-08,completed,63.0,"Ops Mar variance was $4,580,336 vs plan",1776276657
r18-0002110,rperez@coastalbuildingsystems.com,Flux Commentary,Draft flux commentary for the Jun close,completed,74.4,"Ops Jun variance was $1,047,231 vs plan",1776271499
r18-0002111,dkim@coastalbuildingsystems.com,Budget vs Actual,Summarize the Jan variance for entity CA-02,completed,11.1,"Treasury Jan variance was $2,226,364 vs plan",1776267329
r18-0002112,dkim@coastalbuildingsystems.com,Journal Entry Reviewer,Forecast Mar operating cash flow,completed,47.9,"Ops Mar variance was $3,601,416 vs plan",1776277547
r18-0002113,rthompson@coastalbuildingsystems.com,Board Deck Builder,Which cost centers are over budget YTD?,completed,73.5,"Ops Jan variance was $4,009,418 vs plan",1776287168
r18-0002114,dgonzalez@coastalbuildingsystems.com,Cash Forecaster,Check covenant compliance for the revolver,error,3.7,error: connection reset by peer,1776275765
r18-0002115,rwhite@coastalbuildingsystems.com,Covenant Checker,Forecast Mar operating cash flow,completed,0.6,Traceback (most recent call last): KeyError 'entity',1776279353
r18-0002116,dgonzalez@coastalbuildingsystems.com,Board Deck Builder,Forecast Mar operating cash flow,completed,43.1,"Ops Mar variance was $2,860,762 vs plan",1776260972
r18-0002117,bjones@coastalbuildingsystems.com,AP Aging Analyst,What drove the change in gross margin this quarter?,completed,13.4,"Ops Jun variance was $756,790 vs plan",1776285990
r18-0002118,jwhite@coastalbuildingsystems.com,Headcount Planner,Reconcile AP aging over 90 days for US-04,completed,64.4,"Ops Jan variance was $3,295,171 vs plan",1776275604
r18-0002119,canderson@coastalbuildingsystems.com,Budget vs Actual,Which cost centers are over budget YTD?,completed,40.4,"Accounting Jun variance was $3,367,632 vs plan",1776270637
r18-0002120,rwhite@coastalbuildingsystems.com,AP Aging Analyst,Build the board deck cash slide for Jun,completed,60.2,"Treasury Jun variance was $658,649 vs plan",1776271738
r18-0002121,rwhite@coastalbuildingsystems.com,Flux Commentary,What drove the change in gross margin this quarter?,completed,35.1,"Treasury May variance was $3,621,079 vs plan",1776283354
r18-0002122,rwhite@coastalbuildingsystems.com,Revenue Recognizer,Build the board deck cash slide for May,completed,44.2,"FP&A May variance was $110,146 vs plan",1776273651
r18-0002123,rwhite@coastalbuildingsystems.com,Covenant Checker,Summarize the Feb variance for entity US-04,completed,1.8,error code 502 from model gateway,1776275011
r18-0002124,rwhite@coastalbuildingsystems.com,Revenue Recognizer,Build the board deck cash slide for May,completed,8.7,"Ops May variance was $1,085,655 vs plan",1776272901
r18-0002125,rperez@coastalbuildingsystems.com,Budget vs Actual,Summarize the Jun variance for entity EU-05,completed,14.8,"Accounting Jun variance was $2,069,236 vs plan",1776257828
r18-0002126,dkim@coastalbuildingsystems.com,Headcount Planner,Draft flux commentary for the Mar close,completed,16.6,"Treasury Mar variance was $1,370,319 vs plan",1776269731
r18-0002127,rwhite@coastalbuildingsystems.com,Variance Explainer,Summarize the Mar variance for entity EU-08,completed,25.6,"Accounting Mar variance was $4,269,078 vs plan",1776282125
r18-0002128,bjones@coastalbuildingsystems.com,Headcount Planner,Build the board deck cash slide for May,completed,62.8,"Ops May variance was $4,605,943 vs plan",1776260127
r18-0002129,dkim@coastalbuildingsystems.com,Board Deck Builder,Which cost centers are over budget YTD?,completed,68.9,"Ops Jan variance was $512,161 vs plan",1776262323
r18-0002130,bjones@coastalbuildingsystems.com,Covenant Checker,Check covenant compliance for the revolver,completed,60.1,"Treasury Mar variance was $104,692 vs plan",1776278019
r18-0002131,rwhite@coastalbuildingsystems.com,Variance Explainer,What drove the change in gross margin this quarter?,completed,49.0,"Treasury May variance was $298,923 vs plan",1776273470
r18-0002132,rwhite@coastalbuildingsystems.com,Budget vs Actual,What drove the change in gross margin this quarter?,completed,73.2,"Accounting Mar variance was $1,732,801 vs plan",1776272690
r18-0002133,bjones@coastalbuildingsystems.com,Close Checklist Bot,Explain the headcount variance vs plan,completed,1.6,ERROR: upstream request timed out,1776259411
r18-0002134,jwhite@coastalbuildingsystems.com,Covenant Checker,Which cost centers are over budget YTD?,completed,63.9,"Ops Apr variance was $126,461 vs plan",1776270259
r18-0002135,bjones@coastalbuildingsystems.com,Board Deck Builder,Which cost centers are over budget YTD?,completed,6.9,"Ops Apr variance was $3,167,085 vs plan",1776289147
r18-0002136,sbrown@coastalbuildingsystems.com,Flux Commentary,Why did FP&A spend exceed budget in Jun?,completed,67.0,"FP&A Jun variance was $3,286,951 vs plan",1776295245
r18-0002137,bjones@coastalbuildingsystems.com,Journal Entry Reviewer,Forecast May operating cash flow,completed,36.5,"Treasury May variance was $1,684,536 vs plan",1776280146
r18-0002138,rwhite@coastalbuildingsystems.com,Flux Commentary,Draft flux commentary for the Mar close,completed,40.8,"FP&A Mar variance was $2,202,487 vs plan",1776276907
r18-0002139,sbrown@coastalbuildingsystems.com,Close Checklist Bot,Draft flux commentary for the May close,completed,7.0,"FP&A May variance was $3,100,414 vs plan",1776268196
r18-0002140,bjones@coastalbuildingsystems.com,Flux Commentary,Forecast Jan operating cash flow,completed,17.7,"Treasury Jan variance was $4,139,040 vs plan",1776283945
r18-0002141,jjones@coastalbuildingsystems.com,Budget vs Actual,Explain the headcount variance vs plan,completed,36.5,"Accounting Jun variance was $2,542,315 vs plan",1776271423
r18-0002142,rwhite@coastalbuildingsystems.com,Vendor Spend Analyzer,Forecast May operating cash flow,completed,15.3,"FP&A May variance was $4,604,107 vs plan",1776265216
r18-0002143,rwhite@coastalbuildingsystems.com,Budget vs Actual,Build the board deck cash slide for Jan,completed,29.1,"FP&A Jan variance was $998,248 vs plan",1776299303
r18-0002144,rperez@coastalbuildingsystems.com,Board Deck Builder,Forecast Feb operating cash flow,completed,23.6,"Accounting Feb variance was $1,013,073 vs plan",1776270050
r18-0002145,bjones@coastalbuildingsystems.com,Revenue Recognizer,Forecast Jun operating cash flow,completed,18.2,"FP&A Jun variance was $3,220,738 vs plan",1776270978
r18-0002146,bjones@coastalbuildingsystems.com,Cash Forecaster,Draft flux commentary for the Jun close,completed,56.0,"FP&A Jun variance was $1,399,526 vs plan",1776286033
r18-0002147,bjones@coastalbuildingsystems.com,Flux Commentary,What drove the change in gross margin this quarter?,completed,39.8,"Treasury Jun variance was $2,695,558 vs plan",1776280217
r18-0002148,rwhite@coastalbuildingsystems.com,Vendor Spend Analyzer,Draft flux commentary for the Jun close,completed,64.6,"Ops Jun variance was $3,866,551 vs plan",1776269331
r18-0002149,rwhite@coastalbuildingsystems.com,Close Checklist Bot,Summarize the Apr variance for entity MX-05,completed,46.0,"Treasury Apr variance was $4,363,124 vs plan",1776250675
r18-0002150,sjackson@coastalbuildingsystems.com,Headcount Planner,What drove the change in gross margin this quarter?,completed,51.3,"Ops May variance was $758,495 vs plan",1776294124
r18-0002151,rwhite@coastalbuildingsystems.com,Flux Commentary,Check covenant compliance for the revolver,completed,23.3,"Ops May variance was $55,168 vs plan",1776285562
r18-0002152,rwhite@coastalbuildingsystems.com,Cash Forecaster,Check covenant compliance for the revolver,completed,54.3,"Ops Apr variance was $979,447 vs plan",1776279087
r18-0002153,dkim@coastalbuildingsystems.com,Cash Forecaster,Reconcile AP aging over 90 days for MX-01,completed,62.3,"Treasury Apr variance was $3,374,996 vs plan",1776275841
r18-0002154,jthompson@coastalbuildingsystems.com,Headcount Planner,Draft flux commentary for the Jan close,completed,10.0,"Treasury Jan variance was $3,391,726 vs plan",1776375694
r18-0002155,rwhite@coastalbuildingsystems.com,Headcount Planner,Reconcile AP aging over 90 days for CA-04,completed,53.7,"FP&A Jun variance was $4,257,418 vs plan",1776342295
r18-0002156,bjones@coastalbuildingsystems.com,Revenue Recognizer,Reconcile AP aging over 90 days for CA-01,completed,22.9,"Ops Jun variance was $3,021,663 vs plan",1776354760
r18-0002157,jjones@coastalbuildingsystems.com,Vendor Spend Analyzer,Check covenant compliance for the revolver,completed,57.7,"Accounting Mar variance was $3,057,662 vs plan",1776360077
r18-0002158,bjones@coastalbuildingsystems.com,Budget vs Actual,Forecast Jan operating cash flow,completed,1.6,ERROR: upstream request timed out,1776342635
r18-0002159,rwhite@coastalbuildingsystems.com,Flux Commentary,Check covenant compliance for the revolver,completed,54.8,"FP&A Jan variance was $2,796,422 vs plan",1776362601
r18-0002160,rwhite@coastalbuildingsystems.com,AP Aging Analyst,Reconcile AP aging over 90 days for MX-06,completed,51.1,"FP&A Mar variance was $1,665,839 vs plan",1776360740
r18-0002161,bjones@coastalbuildingsystems.com,Journal Entry Reviewer,Check covenant compliance for the revolver,completed,43.0,"Ops Mar variance was $3,295,327 vs plan",1776376090
r18-0002162,rwhite@coastalbuildingsystems.com,Vendor Spend Analyzer,Which cost centers are over budget YTD?,completed,11.7,"Treasury Mar variance was $1,796,930 vs plan",1776353976
r18-0002163,dkim@coastalbuildingsystems.com,Journal Entry Reviewer,Check covenant compliance for the revolver,completed,1.5,Traceback (most recent call last): KeyError 'entity',1776335359
r18-0002164,rperez@coastalbuildingsystems.com,Vendor Spend Analyzer,Reconcile AP aging over 90 days for MX-04,completed,53.5,"Accounting May variance was $337,646 vs plan",1776368854
r18-0002165,jjones@coastalbuildingsystems.com,Revenue Recognizer,Forecast Apr operating cash flow,completed,58.3,"Treasury Apr variance was $1,397,771 vs plan",1776367414
r18-0002166,rwhite@coastalbuildingsystems.com,Variance Explainer,Which cost centers are over budget YTD?,completed,32.2,"FP&A Jun variance was $3,849,070 vs plan",1776367672
r18-0002167,canderson@coastalbuildingsystems.com,Headcount Planner,Which cost centers are over budget YTD?,completed,43.4,"FP&A May variance was $1,782,028 vs plan",1776355336
r18-0002168,bjones@coastalbuildingsystems.com,Flux Commentary,Build the board deck cash slide for Apr,completed,19.6,"Ops Apr variance was $3,646,886 vs plan",1776348975
r18-0002169,lperez@coastalbuildingsystems.com,Budget vs Actual,Draft flux commentary for the Jan close,completed,11.1,"Ops Jan variance was $2,416,951 vs plan",1776362312
r18-0002170,rwhite@coastalbuildingsystems.com,Board Deck Builder,Why did Ops spend exceed budget in Jan?,error,6.4,error code 502 from model gateway,1776377796
r18-0002171,rwhite@coastalbuildingsystems.com,Journal Entry Reviewer,Reconcile AP aging over 90 days for MX-05,completed,15.3,"Ops Jun variance was $1,103,891 vs plan",1776358442
r18-0002172,bjones@coastalbuildingsystems.com,AP Aging Analyst,Draft flux commentary for the Jun close,completed,20.1,"Accounting Jun variance was $1,156,703 vs plan",1776376149
r18-0002173,rthompson@coastalbuildingsystems.com,AP Aging Analyst,Why did Treasury spend exceed budget in Mar?,error,3.1,Traceback (most recent call last): KeyError 'entity',1776369862
r18-0002174,rperez@coastalbuildingsystems.com,Budget vs Actual,Draft flux commentary for the Jun close,completed,53.5,"Ops Jun variance was $2,758,112 vs plan",1776383386
r18-0002175,bjones@coastalbuildingsystems.com,Headcount Planner,Which cost centers are over budget YTD?,completed,66.1,"FP&A Jun variance was $2,159,874 vs plan",1776351575
r18-0002176,rwhite@coastalbuildingsystems.com,Flux Commentary,Summarize the Apr variance for entity US-06,completed,20.3,"Ops Apr variance was $4,403,029 vs plan",1776356565
r18-0002177,rwhite@coastalbuildingsystems.com,Revenue Recognizer,Check covenant compliance for the revolver,completed,60.6,"Treasury May variance was $4,635,246 vs plan",1776356609
r18-0002178,rwhite@coastalbuildingsystems.com,Close Checklist Bot,Summarize the Jun variance for entity MX-02,completed,50.7,"FP&A Jun variance was $1,864,256 vs plan",1776366717
r18-0002179,rwhite@coastalbuildingsystems.com,Vendor Spend Analyzer,What drove the change in gross margin this quarter?,completed,28.4,"Accounting Apr variance was $331,064 vs plan",1776344045
r18-0002180,sjackson@coastalbuildingsystems.com,Variance Explainer,What drove the change in gross margin this quarter?,completed,28.2,"Accounting Mar variance was $3,336,999 vs plan",1776367162
r18-0002181,rperez@coastalbuildingsystems.com,Headcount Planner,Build the board deck cash slide for Jun,completed,65.1,"FP&A Jun variance was $2,179,671 vs plan",1776345875
r18-0002182,rperez@coastalbuildingsystems.com,Budget vs Actual,Summarize the May variance for entity MX-04,completed,40.5,"Accounting May variance was $4,252,840 vs plan",1776357457
r18-0002183,bjones@coastalbuildingsystems.com,Board Deck Builder,Reconcile AP aging over 90 days for CA-06,completed,67.2,"Treasury Apr variance was $1,772,945 vs plan",1776367124
r18-0002184,rwhite@coastalbuildingsystems.com,AP Aging Analyst,Explain the headcount variance vs plan,completed,44.6,"FP&A Mar variance was $2,592,968 vs plan",1776354990
r18-0002185,rperez@coastalbuildingsystems.com,Flux Commentary,Draft flux commentary for the Jun close,completed,57.1,"Ops Jun variance was $3,216,020 vs plan",1776348234
r18-0002186,rwhite@coastalbuildingsystems.com,Vendor Spend Analyzer,Check covenant compliance for the revolver,completed,4.4,"Accounting Mar variance was $2,121,944 vs plan",1776357695
r18-0002187,rwhite@coastalbuildingsystems.com,Headcount Planner,Which cost centers are over budget YTD?,completed,33.5,"Treasury Jan variance was $113,050 vs plan",1776357114
r18-0002188,rwhite@coastalbuildingsystems.com,Revenue Recognizer,Summarize the Jan variance for entity CA-08,completed,5.9,"FP&A Jan variance was $1,131,430 vs plan",1776367537
r18-0002189,rwhite@coastalbuildingsystems.com,Vendor Spend Analyzer,Why did Accounting spend exceed budget in Mar?,completed,1.3,FAILED: null reference in aggregation step,1776372603
r18-0002190,rwhite@coastalbuildingsystems.com,Covenant Checker,Build the board deck cash slide for Apr,completed,0.9,ERROR: upstream request timed out,1776356556
r18-0002191,lpatel@coastalbuildingsystems.com,Close Checklist Bot,Why did Ops spend exceed budget in Feb?,completed,7.8,"Ops Feb variance was $3,823,506 vs plan",1776382466
r18-0002192,bjones@coastalbuildingsystems.com,Variance Explainer,Explain the headcount variance vs plan,completed,15.9,"Ops Mar variance was $591,162 vs plan",1776341051
r18-0002193,dkim@coastalbuildingsystems.com,Budget vs Actual,Which cost centers are over budget YTD?,completed,4.8,"Accounting Jun variance was $2,018,306 vs plan",1776362565
r18-0002194,dkim@coastalbuildingsystems.com,Variance Explainer,What drove the change in gross margin this quarter?,completed,62.9,"FP&A May variance was $28,151 vs plan",1776357441
r18-0002195,rwhite@coastalbuildingsystems.com,Headcount Planner,Draft flux commentary for the Feb close,completed,74.4,"Treasury Feb variance was $4,217,789 vs plan",1776368932
r18-0002196,bjones@coastalbuildingsystems.com,Headcount Planner,Summarize the Apr variance for entity CA-08,completed,73.4,"Treasury Apr variance was $3,092,260 vs plan",1776351997
r18-0002197,bjones@coastalbuildingsystems.com,Journal Entry Reviewer,Which cost centers are over budget YTD?,completed,61.9,"Treasury Mar variance was $400,159 vs plan",1776341470
r18-0002198,sbrown@coastalbuildingsystems.com,AP Aging Analyst,What drove the change in gross margin this quarter?,completed,6.2,"FP&A Mar variance was $2,048,091 vs plan",1776389449
r18-0002199,dkim@coastalbuildingsystems.com,Board Deck Builder,Check covenant compliance for the revolver,completed,3.8,"FP&A May variance was $1,616,954 vs plan",1776360809
r18-0002200,rwhite@coastalbuildingsystems.com,Budget vs Actual,Build the board deck cash slide for Feb,completed,14.6,"Accounting Feb variance was $1,623,796 vs plan",1776360714
r18-0002201,bjones@coastalbuildingsystems.com,Variance Explainer,Check covenant compliance for the revolver,completed,32.8,"FP&A Jan variance was $3,396,738 vs plan",1776375293
r18-0002202,dkim@coastalbuildingsystems.com,Budget vs Actual,Why did FP&A spend exceed budget in Jan?,completed,4.1,"FP&A Jan variance was $2,547,442 vs plan",1776367956
r18-0002203,lperez@coastalbuildingsystems.com,Board Deck Builder,Draft flux commentary for the Feb close,completed,10.1,"FP&A Feb variance was $4,568,558 vs plan",1776370037
r18-0002204,btaylor@coastalbuildingsystems.com,Covenant Checker,Build the board deck cash slide for May,completed,3.4,"Treasury May variance was $2,497,631 vs plan",1776371870
r18-0002205,rwhite@coastalbuildingsystems.com,Cash Forecaster,Build the board deck cash slide for Apr,completed,64.2,"Treasury Apr variance was $349,121 vs plan",1776451220
r18-0002206,bjones@coastalbuildingsystems.com,Covenant Checker,Build the board deck cash slide for Feb,completed,49.7,"Accounting Feb variance was $2,794,311 vs plan",1776454934
r18-0002207,rwhite@coastalbuildingsystems.com,Close Checklist Bot,Check covenant compliance for the revolver,completed,62.6,"Accounting Jan variance was $1,518,428 vs plan",1776449432
r18-0002208,canderson@coastalbuildingsystems.com,Flux Commentary,Summarize the Feb variance for entity US-02,completed,18.5,"FP&A Feb variance was $536,576 vs plan",1776451316
r18-0002209,jthompson@coastalbuildingsystems.com,Headcount Planner,Build the board deck cash slide for Apr,completed,40.5,"Treasury Apr variance was $3,216,130 vs plan",1776437107
r18-0002210,rperez@coastalbuildingsystems.com,Journal Entry Reviewer,Reconcile AP aging over 90 days for MX-05,completed,25.2,"Treasury Apr variance was $3,625,447 vs plan",1776451279
r18-0002211,rwhite@coastalbuildingsystems.com,Variance Explainer,Which cost centers are over budget YTD?,completed,51.4,"FP&A Jan variance was $2,816,084 vs plan",1776455252
r18-0002212,sbrown@coastalbuildingsystems.com,Cash Forecaster,Draft flux commentary for the Jan close,completed,22.1,"FP&A Jan variance was $115,814 vs plan",1776443922
r18-0002213,rwhite@coastalbuildingsystems.com,Vendor Spend Analyzer,Summarize the May variance for entity US-04,completed,47.6,"Treasury May variance was $3,392,230 vs plan",1776450611
r18-0002214,rwhite@coastalbuildingsystems.com,Journal Entry Reviewer,Summarize the Jan variance for entity CA-06,completed,60.2,"Treasury Jan variance was $1,958,666 vs plan",1776439367
r18-0002215,jwhite@coastalbuildingsystems.com,Board Deck Builder,Explain the headcount variance vs plan,completed,35.9,"FP&A May variance was $1,834,839 vs plan",1776431563
r18-0002216,bjones@coastalbuildingsystems.com,Covenant Checker,What drove the change in gross margin this quarter?,completed,71.8,"Treasury May variance was $4,176,743 vs plan",1776448386
r18-0002217,jwhite@coastalbuildingsystems.com,Variance Explainer,Reconcile AP aging over 90 days for US-02,completed,61.8,"Ops Mar variance was $2,207,921 vs plan",1776454944
r18-0002218,bjones@coastalbuildingsystems.com,Journal Entry Reviewer,Check covenant compliance for the revolver,completed,3.5,"FP&A May variance was $2,805,168 vs plan",1776457246
r18-0002219,jthompson@coastalbuildingsystems.com,Variance Explainer,Why did FP&A spend exceed budget in May?,completed,29.5,"FP&A May variance was $3,637,370 vs plan",1776444640
r18-0002220,rwhite@coastalbuildingsystems.com,Variance Explainer,Draft flux commentary for the Jan close,completed,3.8,"Treasury Jan variance was $2,714,663 vs plan",1776452432
r18-0002221,rwhite@coastalbuildingsystems.com,Covenant Checker,Explain the headcount variance vs plan,completed,70.2,"Accounting Apr variance was $1,380,423 vs plan",1776448605
r18-0002222,sbrown@coastalbuildingsystems.com,Vendor Spend Analyzer,Which cost centers are over budget YTD?,completed,23.0,"FP&A Mar variance was $2,425,781 vs plan",1776466187
r18-0002223,jgarcia@coastalbuildingsystems.com,AP Aging Analyst,Why did Treasury spend exceed budget in Mar?,error,7.2,error code 502 from model gateway,1776453753
r18-0002224,dkim@coastalbuildingsystems.com,Headcount Planner,Forecast May operating cash flow,completed,30.9,"Accounting May variance was $1,077,742 vs plan",1776444536
r18-0002225,rwhite@coastalbuildingsystems.com,Revenue Recognizer,Which cost centers are over budget YTD?,completed,41.7,"FP&A May variance was $3,691,688 vs plan",1776433075
r18-0002226,rperez@coastalbuildingsystems.com,Revenue Recognizer,Forecast Feb operating cash flow,completed,1.7,Traceback (most recent call last): KeyError 'entity',1776455642
r18-0002227,bjones@coastalbuildingsystems.com,Journal Entry Reviewer,Why did Accounting spend exceed budget in Mar?,completed,62.6,"Accounting Mar variance was $1,975,584 vs plan",1776442115
r18-0002228,rwhite@coastalbuildingsystems.com,Budget vs Actual,Forecast Apr operating cash flow,completed,50.9,"FP&A Apr variance was $1,873,967 vs plan",1776435587
r18-0002229,wharris@coastalbuildingsystems.com,Journal Entry Reviewer,Draft flux commentary for the Apr close,completed,0.3,error: connection reset by peer,1776428572
r18-0002230,lpatel@coastalbuildingsystems.com,Headcount Planner,Check covenant compliance for the revolver,completed,67.1,"FP&A May variance was $4,702,952 vs plan",1776469426
r18-0002231,bjones@coastalbuildingsystems.com,Variance Explainer,Which cost centers are over budget YTD?,completed,0.2,Traceback (most recent call last): KeyError 'entity',1776444869
r18-0002232,bjones@coastalbuildingsystems.com,Close Checklist Bot,Explain the headcount variance vs plan,completed,9.9,"Treasury Jun variance was $4,294,270 vs plan",1776459439
r18-0002233,jjones@coastalbuildingsystems.com,Close Checklist Bot,Which cost centers are over budget YTD?,completed,35.9,"Accounting Jan variance was $4,388,418 vs plan",1776460655
r18-0002234,bjones@coastalbuildingsystems.com,Budget vs Actual,Which cost centers are over budget YTD?,completed,0.6,error code 502 from model gateway,1776446619
r18-0002235,rwhite@coastalbuildingsystems.com,AP Aging Analyst,Draft flux commentary for the May close,completed,45.7,"Treasury May variance was $2,974,025 vs plan",1776472758
r18-0002236,rwhite@coastalbuildingsystems.com,Budget vs Actual,Draft flux commentary for the Jun close,completed,45.3,"Accounting Jun variance was $1,621,322 vs plan",1776449621
r18-0002237,rwhite@coastalbuildingsystems.com,Revenue Recognizer,Why did Accounting spend exceed budget in Jun?,completed,40.2,"Accounting Jun variance was $4,087,032 vs plan",1776448162
r18-0002238,rwhite@coastalbuildingsystems.com,Variance Explainer,Which cost centers are over budget YTD?,completed,73.8,"Accounting Jan variance was $2,345,007 vs plan",1776455326
r18-0002239,rwhite@coastalbuildingsystems.com,Board Deck Builder,What drove the change in gross margin this quarter?,completed,1.2,error: connection reset by peer,1776445429
r18-0002240,bjones@coastalbuildingsystems.com,Close Checklist Bot,Forecast Apr operating cash flow,completed,67.0,"FP&A Apr variance was $4,193,130 vs plan",1776449035
r18-0002241,bjones@coastalbuildingsystems.com,Flux Commentary,Which cost centers are over budget YTD?,completed,68.0,"FP&A Jun variance was $254,486 vs plan",1776450727
r18-0002242,rwhite@coastalbuildingsystems.com,AP Aging Analyst,Draft flux commentary for the Jun close,completed,73.0,"Accounting Jun variance was $2,224,570 vs plan",1776435848
r18-0002243,rwhite@coastalbuildingsystems.com,AP Aging Analyst,Reconcile AP aging over 90 days for MX-09,completed,57.4,"Ops Mar variance was $3,450,066 vs plan",1776424224
r18-0002244,jgarcia@coastalbuildingsystems.com,Close Checklist Bot,Draft flux commentary for the Mar close,completed,50.9,"Treasury Mar variance was $4,070,455 vs plan",1776442435
r18-0002245,rwhite@coastalbuildingsystems.com,Cash Forecaster,Why did Treasury spend exceed budget in May?,completed,1.7,error code 502 from model gateway,1776431211
r18-0002246,bjones@coastalbuildingsystems.com,Variance Explainer,What drove the change in gross margin this quarter?,completed,5.8,"FP&A Apr variance was $885,293 vs plan",1776440414
r18-0002247,dkim@coastalbuildingsystems.com,Budget vs Actual,Check covenant compliance for the revolver,completed,5.0,"Ops Jan variance was $1,198,837 vs plan",1776449173
r18-0002248,jwhite2@coastalbuildingsystems.com,Flux Commentary,Draft flux commentary for the May close,completed,35.0,"Ops May variance was $1,711,566 vs plan",1776424154
r18-0002249,lperez@coastalbuildingsystems.com,Headcount Planner,Forecast Mar operating cash flow,completed,24.6,"Treasury Mar variance was $1,578,871 vs plan",1776443180
r18-0002250,rwhite@coastalbuildingsystems.com,Covenant Checker,Why did Treasury spend exceed budget in May?,completed,64.6,"Treasury May variance was $586,396 vs plan",1776447462
r18-0002251,rwhite@coastalbuildingsystems.com,Journal Entry Reviewer,What drove the change in gross margin this quarter?,completed,62.6,"FP&A May variance was $3,731,268 vs plan",1776438702
r18-0002252,rwhite@coastalbuildingsystems.com,Cash Forecaster,Summarize the Jan variance for entity EU-06,completed,24.2,"Accounting Jan variance was $4,596,294 vs plan",1776432709
r18-0002253,lpatel@coastalbuildingsystems.com,Close Checklist Bot,Reconcile AP aging over 90 days for CA-01,completed,50.1,"FP&A Jun variance was $1,004,542 vs plan",1776445802
r18-0002254,dkim@coastalbuildingsystems.com,Covenant Checker,Forecast Feb operating cash flow,completed,17.7,"Treasury Feb variance was $2,570,538 vs plan",1776448514
r18-0002255,bjones@coastalbuildingsystems.com,Covenant Checker,Draft flux commentary for the Jun close,completed,16.3,"Ops Jun variance was $1,792,852 vs plan",1776437096
r18-0002256,rwhite@coastalbuildingsystems.com,AP Aging Analyst,Explain the headcount variance vs plan,completed,64.9,"FP&A Jun variance was $2,587,173 vs plan",1776441822
r18-0002257,rwhite@coastalbuildingsystems.com,Headcount Planner,Check covenant compliance for the revolver,completed,74.9,"Ops Jun variance was $3,220,114 vs plan",1776438513
r18-0002258,jgarcia@coastalbuildingsystems.com,Headcount Planner,Explain the headcount variance vs plan,completed,58.7,"Accounting Mar variance was $1,392,480 vs plan",1776545996
r18-0002259,rperez@coastalbuildingsystems.com,Headcount Planner,Summarize the Feb variance for entity EU-03,completed,6.7,"FP&A Feb variance was $949,869 vs plan",1776519505
r18-0002260,bjones@coastalbuildingsystems.com,Board Deck Builder,Which cost centers are over budget YTD?,completed,21.6,"Treasury Feb variance was $4,681,709 vs plan",1776537033
r18-0002261,rwhite@coastalbuildingsystems.com,Flux Commentary,Why did Ops spend exceed budget in Mar?,completed,56.3,"Ops Mar variance was $3,508,145 vs plan",1776538856
r18-0002262,lperez@coastalbuildingsystems.com,Variance Explainer,Check covenant compliance for the revolver,completed,0.3,ERROR: upstream request timed out,1776538335
r18-0002263,rwhite@coastalbuildingsystems.com,Revenue Recognizer,Explain the headcount variance vs plan,completed,68.2,"Treasury Feb variance was $3,516,685 vs plan",1776533475
r18-0002264,rperez@coastalbuildingsystems.com,Headcount Planner,What drove the change in gross margin this quarter?,completed,12.8,"Treasury Mar variance was $3,695,901 vs plan",1776549128
r18-0002265,lpatel@coastalbuildingsystems.com,Vendor Spend Analyzer,Forecast May operating cash flow,completed,48.0,"FP&A May variance was $3,863,436 vs plan",1776531352
r18-0002266,rwhite@coastalbuildingsystems.com,Journal Entry Reviewer,Why did Accounting spend exceed budget in Apr?,completed,56.3,"Accounting Apr variance was $1,670,904 vs plan",1776536202
r18-0002267,bjones@coastalbuildingsystems.com,AP Aging Analyst,Build the board deck cash slide for Jun,error,0.8,ERROR: upstream request timed out,1776540062
r18-0002268,bjones@coastalbuildingsystems.com,Variance Explainer,Draft flux commentary for the May close,completed,16.6,"FP&A May variance was $4,056,431 vs plan",1776544111
r18-0002269,jwhite2@coastalbuildingsystems.com,Close Checklist Bot,Build the board deck cash slide for Feb,completed,8.7,"Accounting Feb variance was $3,829,144 vs plan",1776523549
r18-0002270,rwhite@coastalbuildingsystems.com,Journal Entry Reviewer,Explain the headcount variance vs plan,completed,42.9,"Accounting Mar variance was $658,262 vs plan",1776558498
r18-0002271,bjones@coastalbuildingsystems.com,Close Checklist Bot,Check covenant compliance for the revolver,completed,47.2,"FP&A Feb variance was $3,574,568 vs plan",1776535814
r18-0002272,dkim@coastalbuildingsystems.com,Cash Forecaster,Check covenant compliance for the revolver,completed,46.3,"FP&A Jun variance was $1,274,620 vs plan",1776535593
r18-0002273,dkim@coastalbuildingsystems.com,Budget vs Actual,Why did Accounting spend exceed budget in Jun?,completed,61.8,"Accounting Jun variance was $903,491 vs plan",1776534321
r18-0002274,rwhite@coastalbuildingsystems.com,Journal Entry Reviewer,Forecast Mar operating cash flow,completed,1.6,FAILED: null reference in aggregation step,1776518334
r18-0002275,rwhite@coastalbuildingsystems.com,Flux Commentary,Build the board deck cash slide for Feb,completed,35.6,"FP&A Feb variance was $1,712,324 vs plan",1776534634
r18-0002276,lperez@coastalbuildingsystems.com,Journal Entry Reviewer,Build the board deck cash slide for Jun,completed,21.2,"Ops Jun variance was $4,180,072 vs plan",1776534431
r18-0002277,rwhite@coastalbuildingsystems.com,Revenue Recognizer,Explain the headcount variance vs plan,completed,47.7,"Accounting Jun variance was $3,645,287 vs plan",1776521054
r18-0002278,rwhite@coastalbuildingsystems.com,Headcount Planner,Draft flux commentary for the Feb close,completed,46.2,"FP&A Feb variance was $2,722,241 vs plan",1776527876
r18-0002279,lpatel@coastalbuildingsystems.com,Revenue Recognizer,Why did FP&A spend exceed budget in Mar?,completed,4.2,"FP&A Mar variance was $296,067 vs plan",1776611165
r18-0002280,rwhite@coastalbuildingsystems.com,Revenue Recognizer,Reconcile AP aging over 90 days for US-04,completed,52.8,"Ops May variance was $1,208,526 vs plan",1776603615
r18-0002281,lperez@coastalbuildingsystems.com,Cash Forecaster,Summarize the Feb variance for entity CA-08,completed,42.2,"Treasury Feb variance was $2,148,450 vs plan",1776629834
r18-0002282,dkim@coastalbuildingsystems.com,Variance Explainer,Which cost centers are over budget YTD?,error,4.1,ERROR: upstream request timed out,1776617723
r18-0002283,sbrown@coastalbuildingsystems.com,Close Checklist Bot,Check covenant compliance for the revolver,completed,58.4,"Accounting Apr variance was $1,735,255 vs plan",1776624571
r18-0002284,jjones@coastalbuildingsystems.com,AP Aging Analyst,Reconcile AP aging over 90 days for CA-02,completed,62.5,"Treasury Jun variance was $440,725 vs plan",1776628359
r18-0002285,rwhite@coastalbuildingsystems.com,Close Checklist Bot,Reconcile AP aging over 90 days for MX-03,completed,11.5,"Accounting Apr variance was $4,283,592 vs plan",1776617458
r18-0002286,jjones@coastalbuildingsystems.com,Variance Explainer,Check covenant compliance for the revolver,completed,64.3,"Treasury May variance was $3,976,538 vs plan",1776619735
r18-0002287,rperez@coastalbuildingsystems.com,Headcount Planner,Summarize the Feb variance for entity US-07,completed,52.9,"Accounting Feb variance was $3,533,597 vs plan",1776637276
r18-0002288,sbrown@coastalbuildingsystems.com,Headcount Planner,Why did Accounting spend exceed budget in May?,completed,1.8,ERROR: upstream request timed out,1776605419
r18-0002289,jwhite@coastalbuildingsystems.com,Flux Commentary,Which cost centers are over budget YTD?,completed,62.6,"Ops Jun variance was $3,699,071 vs plan",1776620702
r18-0002290,sjackson@coastalbuildingsystems.com,AP Aging Analyst,Why did Ops spend exceed budget in Feb?,completed,13.4,"Ops Feb variance was $3,750,068 vs plan",1776604591
r18-0002291,rwhite@coastalbuildingsystems.com,Headcount Planner,Explain the headcount variance vs plan,completed,41.8,"FP&A Jan variance was $4,631,311 vs plan",1776617395
r18-0002292,rwhite@coastalbuildingsystems.com,Variance Explainer,Check covenant compliance for the revolver,completed,35.5,"FP&A Jun variance was $3,736,027 vs plan",1776632188
r18-0002293,dkim@coastalbuildingsystems.com,Revenue Recognizer,Build the board deck cash slide for Mar,completed,59.9,"Accounting Mar variance was $3,089,093 vs plan",1776616178
r18-0002294,bjones@coastalbuildingsystems.com,AP Aging Analyst,Draft flux commentary for the Apr close,completed,57.2,"Treasury Apr variance was $1,645,251 vs plan",1776614731
r18-0002295,rwhite@coastalbuildingsystems.com,Budget vs Actual,Forecast Jun operating cash flow,completed,10.3,"Accounting Jun variance was $3,046,073 vs plan",1776695616
r18-0002296,rperez@coastalbuildingsystems.com,Variance Explainer,Explain the headcount variance vs plan,completed,48.5,"Accounting Feb variance was $1,168,117 vs plan",1776715886
r18-0002297,sjackson@coastalbuildingsystems.com,AP Aging Analyst,Forecast Jun operating cash flow,completed,59.3,"FP&A Jun variance was $3,647,961 vs plan",1776706062
r18-0002298,rwhite@coastalbuildingsystems.com,Variance Explainer,Which cost centers are over budget YTD?,completed,74.7,"Ops Apr variance was $3,421,441 vs plan",1776706876
r18-0002299,rwhite@coastalbuildingsystems.com,Flux Commentary,Why did FP&A spend exceed budget in May?,completed,1.9,FAILED: null reference in aggregation step,1776692365
r18-0002300,rwhite@coastalbuildingsystems.com,Budget vs Actual,Build the board deck cash slide for Jan,completed,58.4,"Treasury Jan variance was $4,689,785 vs plan",1776704972
r18-0002301,rperez@coastalbuildingsystems.com,Budget vs Actual,Explain the headcount variance vs plan,completed,46.8,"Ops Feb variance was $3,703,413 vs plan",1776711761
r18-0002302,rwhite@coastalbuildingsystems.com,Vendor Spend Analyzer,Why did FP&A spend exceed budget in Mar?,completed,5.0,"FP&A Mar variance was $1,666,351 vs plan",1776695017
r18-0002303,bjones@coastalbuildingsystems.com,Headcount Planner,What drove the change in gross margin this quarter?,completed,36.5,"Accounting Jan variance was $3,611,083 vs plan",1776710869
r18-0002304,bjones@coastalbuildingsystems.com,Headcount Planner,Check covenant compliance for the revolver,completed,23.3,"Treasury Apr variance was $163,039 vs plan",1776716937
r18-0002305,dkim@coastalbuildingsystems.com,Cash Forecaster,Check covenant compliance for the revolver,completed,69.4,"Accounting Jan variance was $4,048,740 vs plan",1776701759
r18-0002306,jthompson@coastalbuildingsystems.com,Cash Forecaster,Forecast Jan operating cash flow,error,7.7,error: connection reset by peer,1776711846
r18-0002307,rwhite@coastalbuildingsystems.com,Vendor Spend Analyzer,Explain the headcount variance vs plan,completed,55.5,"Ops Feb variance was $3,886,464 vs plan",1776707036
r18-0002308,rwhite@coastalbuildingsystems.com,Close Checklist Bot,Forecast May operating cash flow,completed,42.3,"FP&A May variance was $3,579,414 vs plan",1776705741
r18-0002309,dkim@coastalbuildingsystems.com,Budget vs Actual,Why did Accounting spend exceed budget in Mar?,completed,5.0,"Accounting Mar variance was $981,988 vs plan",1776703495
r18-0002310,rwhite@coastalbuildingsystems.com,Journal Entry Reviewer,Which cost centers are over budget YTD?,completed,31.1,"Treasury Jan variance was $965,449 vs plan",1776698052
r18-0002311,dkim@coastalbuildingsystems.com,Revenue Recognizer,Build the board deck cash slide for May,completed,32.1,"Accounting May variance was $1,677,871 vs plan",1776702944
r18-0002312,btaylor@coastalbuildingsystems.com,Budget vs Actual,Explain the headcount variance vs plan,completed,53.0,"Treasury Mar variance was $86,695 vs plan",1776688413
r18-0002313,btaylor@coastalbuildingsystems.com,Budget vs Actual,Build the board deck cash slide for Apr,completed,35.8,"Treasury Apr variance was $2,929,308 vs plan",1776692478
r18-0002314,jjones@coastalbuildingsystems.com,Revenue Recognizer,Forecast Mar operating cash flow,error,1.6,FAILED: null reference in aggregation step,1776713180
r18-0002315,rwhite@coastalbuildingsystems.com,Journal Entry Reviewer,Draft flux commentary for the Apr close,completed,59.4,"Ops Apr variance was $2,454,992 vs plan",1776696347
r18-0002316,rwhite@coastalbuildingsystems.com,Revenue Recognizer,Check covenant compliance for the revolver,completed,21.0,"Ops Apr variance was $245,097 vs plan",1776693711
r18-0002317,jwhite@coastalbuildingsystems.com,Vendor Spend Analyzer,Which cost centers are over budget YTD?,completed,19.2,"FP&A Apr variance was $3,846,195 vs plan",1776686663
r18-0002318,rwhite@coastalbuildingsystems.com,Headcount Planner,Summarize the Apr variance for entity US-05,completed,45.6,"FP&A Apr variance was $4,426,192 vs plan",1776716422
r18-0002319,bjones@coastalbuildingsystems.com,Board Deck Builder,Why did Accounting spend exceed budget in Feb?,completed,21.5,"Accounting Feb variance was $2,992,872 vs plan",1776710688
r18-0002320,rwhite@coastalbuildingsystems.com,Flux Commentary,Check covenant compliance for the revolver,completed,53.8,"Treasury Jan variance was $1,907,884 vs plan",1776685392
r18-0002321,dkim@coastalbuildingsystems.com,Flux Commentary,Build the board deck cash slide for May,completed,16.2,"Ops May variance was $42,980 vs plan",1776687149
r18-0002322,bjones@coastalbuildingsystems.com,Revenue Recognizer,Build the board deck cash slide for Jun,completed,45.9,"FP&A Jun variance was $3,262,211 vs plan",1776695285
r18-0002323,rwhite@coastalbuildingsystems.com,Vendor Spend Analyzer,Check covenant compliance for the revolver,completed,47.5,"Treasury Mar variance was $3,325,776 vs plan",1776702917
r18-0002324,rwhite@coastalbuildingsystems.com,Headcount Planner,Explain the headcount variance vs plan,error,7.9,error: connection reset by peer,1776703522
r18-0002325,lperez@coastalbuildingsystems.com,Covenant Checker,Which cost centers are over budget YTD?,completed,65.3,"Ops Apr variance was $657,832 vs plan",1776698547
r18-0002326,canderson@coastalbuildingsystems.com,Covenant Checker,Summarize the Feb variance for entity US-01,completed,20.2,"FP&A Feb variance was $1,448,670 vs plan",1776701721
r18-0002327,rwhite@coastalbuildingsystems.com,Revenue Recognizer,Explain the headcount variance vs plan,completed,61.9,"Treasury May variance was $2,289,827 vs plan",1776682479
r18-0002328,bjones@coastalbuildingsystems.com,Variance Explainer,Explain the headcount variance vs plan,completed,64.3,"Accounting May variance was $2,699,163 vs plan",1776716750
r18-0002329,jthompson@coastalbuildingsystems.com,Journal Entry Reviewer,Which cost centers are over budget YTD?,completed,58.1,"Ops Jan variance was $4,736,917 vs plan",1776705940
r18-0002330,rwhite@coastalbuildingsystems.com,Headcount Planner,Which cost centers are over budget YTD?,completed,60.4,"FP&A Jun variance was $3,303,476 vs plan",1776699961
r18-0002331,rwhite@coastalbuildingsystems.com,Vendor Spend Analyzer,Why did Ops spend exceed budget in Apr?,completed,16.9,"Ops Apr variance was $4,249,832 vs plan",1776703421
r18-0002332,dkim@coastalbuildingsystems.com,Revenue Recognizer,What drove the change in gross margin this quarter?,completed,29.8,"Accounting Jan variance was $4,348,206 vs plan",1776708782
r18-0002333,rwhite@coastalbuildingsystems.com,Flux Commentary,What drove the change in gross margin this quarter?,completed,58.2,"Accounting Jan variance was $1,711,430 vs plan",1776709593
r18-0002334,rwhite@coastalbuildingsystems.com,Flux Commentary,Forecast Feb operating cash flow,completed,0.8,error code 502 from model gateway,1776690161
r18-0002335,rwhite@coastalbuildingsystems.com,Board Deck Builder,Which cost centers are over budget YTD?,completed,46.1,"Accounting May variance was $55,334 vs plan",1776717507
r18-0002336,bjones@coastalbuildingsystems.com,Revenue Recognizer,Forecast Apr operating cash flow,completed,1.7,FAILED: null reference in aggregation step,1776695958
r18-0002337,bjones@coastalbuildingsystems.com,Flux Commentary,Explain the headcount variance vs plan,completed,11.1,"FP&A May variance was $3,698,088 vs plan",1776697161
r18-0002338,rwhite@coastalbuildingsystems.com,Vendor Spend Analyzer,What drove the change in gross margin this quarter?,completed,55.8,"Ops Mar variance was $1,169,228 vs plan",1776680615
r18-0002339,rperez@coastalbuildingsystems.com,Revenue Recognizer,Why did Accounting spend exceed budget in Jan?,completed,49.6,"Accounting Jan variance was $3,194,291 vs plan",1776713626
r18-0002340,bjones@coastalbuildingsystems.com,Close Checklist Bot,Summarize the Feb variance for entity MX-01,error,3.6,error: connection reset by peer,1776679611
r18-0002341,rwhite@coastalbuildingsystems.com,AP Aging Analyst,Build the board deck cash slide for Apr,completed,49.8,"Treasury Apr variance was $1,152,216 vs plan",1776707397
r18-0002342,bjones@coastalbuildingsystems.com,Journal Entry Reviewer,Draft flux commentary for the Jun close,completed,15.8,"FP&A Jun variance was $3,137,388 vs plan",1776695105
r18-0002343,rwhite@coastalbuildingsystems.com,Vendor Spend Analyzer,Build the board deck cash slide for May,completed,14.7,"Ops May variance was $4,280,452 vs plan",1776715059
r18-0002344,bjones@coastalbuildingsystems.com,Close Checklist Bot,Why did FP&A spend exceed budget in Feb?,completed,1.4,ERROR: upstream request timed out,1776704355
r18-0002345,rperez@coastalbuildingsystems.com,Vendor Spend Analyzer,Draft flux commentary for the May close,completed,5.3,"Ops May variance was $1,908,537 vs plan",1776711560
r18-0002346,bjones@coastalbuildingsystems.com,Cash Forecaster,Why did FP&A spend exceed budget in May?,completed,19.7,"FP&A May variance was $1,827,192 vs plan",1776711209
r18-0002347,bjones@coastalbuildingsystems.com,AP Aging Analyst,Check covenant compliance for the revolver,completed,26.4,"FP&A Mar variance was $4,520,200 vs plan",1776706251
r18-0002348,rwhite@coastalbuildingsystems.com,Flux Commentary,What drove the change in gross margin this quarter?,completed,37.3,"Treasury Feb variance was $4,798,068 vs plan",1776713759
r18-0002349,rwhite@coastalbuildingsystems.com,AP Aging Analyst,Check covenant compliance for the revolver,completed,14.0,"FP&A Feb variance was $3,448,763 vs plan",1776734755
r18-0002350,btaylor@coastalbuildingsystems.com,Covenant Checker,Why did Ops spend exceed budget in Mar?,completed,67.5,"Ops Mar variance was $2,417,332 vs plan",1776699921
r18-0002351,rwhite@coastalbuildingsystems.com,Flux Commentary,What drove the change in gross margin this quarter?,completed,24.1,"Treasury Feb variance was $262,961 vs plan",1776714362
r18-0002352,dkim@coastalbuildingsystems.com,AP Aging Analyst,Which cost centers are over budget YTD?,completed,13.3,"Accounting Jun variance was $3,165,920 vs plan",1776804415
r18-0002353,dkim@coastalbuildingsystems.com,Board Deck Builder,Check covenant compliance for the revolver,completed,18.4,"Ops Jun variance was $3,339,933 vs plan",1776777652
r18-0002354,rwhite@coastalbuildingsystems.com,Flux Commentary,Summarize the Jun variance for entity US-07,completed,0.8,error code 502 from model gateway,1776811009
r18-0002355,btaylor@coastalbuildingsystems.com,Journal Entry Reviewer,Reconcile AP aging over 90 days for CA-08,completed,48.8,"Ops May variance was $1,543,008 vs plan",1776780554
r18-0002356,rwhite@coastalbuildingsystems.com,Cash Forecaster,Explain the headcount variance vs plan,completed,28.3,"FP&A Jan variance was $214,125 vs plan",1776783340
r18-0002357,rwhite@coastalbuildingsystems.com,Budget vs Actual,Why did Ops spend exceed budget in May?,completed,6.8,"Ops May variance was $641,597 vs plan",1776799631
r18-0002358,rwhite@coastalbuildingsystems.com,Board Deck Builder,Which cost centers are over budget YTD?,completed,62.1,"Accounting Apr variance was $2,765,899 vs plan",1776801566
r18-0002359,rperez@coastalbuildingsystems.com,Flux Commentary,Build the board deck cash slide for Feb,error,1.4,ERROR: upstream request timed out,1776778643
r18-0002360,rwhite@coastalbuildingsystems.com,Board Deck Builder,Summarize the Jun variance for entity US-09,completed,7.6,"FP&A Jun variance was $3,506,949 vs plan",1776806797
r18-0002361,dgonzalez@coastalbuildingsystems.com,Close Checklist Bot,Forecast Apr operating cash flow,completed,12.1,"FP&A Apr variance was $3,264,787 vs plan",1776788302
r18-0002362,rperez@coastalbuildingsystems.com,Variance Explainer,Forecast Mar operating cash flow,completed,5.9,"Treasury Mar variance was $2,557,222 vs plan",1776790859
r18-0002363,bjones@coastalbuildingsystems.com,Cash Forecaster,Build the board deck cash slide for Apr,completed,1.3,error code 502 from model gateway,1776793502
r18-0002364,rwhite@coastalbuildingsystems.com,Journal Entry Reviewer,Check covenant compliance for the revolver,completed,63.3,"FP&A May variance was $3,351,757 vs plan",1776780420
r18-0002365,bjones@coastalbuildingsystems.com,Close Checklist Bot,Why did Ops spend exceed budget in Jun?,completed,10.3,"Ops Jun variance was $4,191,202 vs plan",1776796305
r18-0002366,btaylor@coastalbuildingsystems.com,Covenant Checker,Explain the headcount variance vs plan,completed,45.5,"FP&A Jan variance was $520,647 vs plan",1776785866
r18-0002367,rwhite@coastalbuildingsystems.com,AP Aging Analyst,Build the board deck cash slide for Jan,completed,66.9,"Treasury Jan variance was $1,468,224 vs plan",1776796181
r18-0002368,bjones@coastalbuildingsystems.com,Close Checklist Bot,Why did FP&A spend exceed budget in Jun?,completed,57.4,"FP&A Jun variance was $748,259 vs plan",1776792144
r18-0002369,rwhite@coastalbuildingsystems.com,Board Deck Builder,Forecast Apr operating cash flow,completed,48.0,"Treasury Apr variance was $2,327,731 vs plan",1776777408
r18-0002370,rperez@coastalbuildingsystems.com,Headcount Planner,Which cost centers are over budget YTD?,completed,26.0,"FP&A Jan variance was $174,590 vs plan",1776777372
r18-0002371,rwhite@coastalbuildingsystems.com,Revenue Recognizer,Forecast Mar operating cash flow,completed,48.6,"Treasury Mar variance was $3,023,834 vs plan",1776797774
r18-0002372,rperez@coastalbuildingsystems.com,Close Checklist Bot,Forecast Jun operating cash flow,completed,73.6,"Ops Jun variance was $2,622,820 vs plan",1776788526
r18-0002373,jgarcia@coastalbuildingsystems.com,Flux Commentary,Why did Ops spend exceed budget in Apr?,completed,61.8,"Ops Apr variance was $1,095,988 vs plan",1776783236
r18-0002374,dkim@coastalbuildingsystems.com,Variance Explainer,Draft flux commentary for the Mar close,error,4.6,Traceback (most recent call last): KeyError 'entity',1776789734
r18-0002375,rwhite@coastalbuildingsystems.com,Budget vs Actual,Check covenant compliance for the revolver,completed,32.8,"Treasury Apr variance was $3,468,772 vs plan",1776802729
r18-0002376,sjackson@coastalbuildingsystems.com,Cash Forecaster,Build the board deck cash slide for Mar,completed,51.5,"Treasury Mar variance was $555,810 vs plan",1776793320
r18-0002377,rwhite@coastalbuildingsystems.com,Vendor Spend Analyzer,Forecast Mar operating cash flow,completed,37.3,"Treasury Mar variance was $4,261,908 vs plan",1776791969
r18-0002378,rwhite@coastalbuildingsystems.com,Variance Explainer,Which cost centers are over budget YTD?,completed,66.9,"FP&A Mar variance was $2,479,856 vs plan",1776781113
r18-0002379,bjones@coastalbuildingsystems.com,Vendor Spend Analyzer,What drove the change in gross margin this quarter?,completed,42.1,"FP&A Feb variance was $3,820,155 vs plan",1776779830
r18-0002380,rwhite@coastalbuildingsystems.com,Board Deck Builder,Draft flux commentary for the May close,completed,10.0,"Accounting May variance was $1,385,446 vs plan",1776769317
r18-0002381,rwhite@coastalbuildingsystems.com,Close Checklist Bot,Summarize the Jun variance for entity US-03,completed,16.6,"FP&A Jun variance was $3,545,339 vs plan",1776776920
r18-0002382,rwhite@coastalbuildingsystems.com,Cash Forecaster,What drove the change in gross margin this quarter?,completed,69.6,"Accounting Apr variance was $4,222,329 vs plan",1776801708
r18-0002383,bjones@coastalbuildingsystems.com,Vendor Spend Analyzer,Which cost centers are over budget YTD?,completed,39.2,"FP&A Jun variance was $1,131,434 vs plan",1776772979
r18-0002384,jwhite@coastalbuildingsystems.com,Cash Forecaster,Explain the headcount variance vs plan,completed,32.5,"Treasury Apr variance was $1,411,670 vs plan",1776776556
r18-0002385,wharris@coastalbuildingsystems.com,Revenue Recognizer,Forecast Mar operating cash flow,error,0.8,FAILED: null reference in aggregation step,1776794822
r18-0002386,rperez@coastalbuildingsystems.com,Cash Forecaster,Why did Ops spend exceed budget in Jan?,completed,11.7,"Ops Jan variance was $506,708 vs plan",1776777039
r18-0002387,rwhite@coastalbuildingsystems.com,Vendor Spend Analyzer,What drove the change in gross margin this quarter?,completed,64.3,"Ops Apr variance was $2,784,862 vs plan",1776797173
r18-0002388,rwhite@coastalbuildingsystems.com,Cash Forecaster,Summarize the Jun variance for entity MX-05,completed,1.1,error: connection reset by peer,1776792731
r18-0002389,dkim@coastalbuildingsystems.com,Budget vs Actual,Explain the headcount variance vs plan,completed,68.1,"Ops Jun variance was $1,202,319 vs plan",1776779410
r18-0002390,btaylor@coastalbuildingsystems.com,Revenue Recognizer,Forecast Jun operating cash flow,completed,5.7,"Ops Jun variance was $4,714,234 vs plan",1776789862
r18-0002391,dkim@coastalbuildingsystems.com,Journal Entry Reviewer,Reconcile AP aging over 90 days for MX-05,completed,39.2,"Accounting May variance was $2,530,107 vs plan",1776781866
r18-0002392,rperez@coastalbuildingsystems.com,AP Aging Analyst,Summarize the Mar variance for entity CA-04,completed,63.4,"Ops Mar variance was $2,906,982 vs plan",1776788968
r18-0002393,rthompson@coastalbuildingsystems.com,Budget vs Actual,Summarize the Apr variance for entity MX-03,completed,45.1,"Accounting Apr variance was $2,075,341 vs plan",1776796151
r18-0002394,bjones@coastalbuildingsystems.com,Cash Forecaster,Draft flux commentary for the Feb close,completed,5.3,"Ops Feb variance was $2,864,119 vs plan",1776768448
r18-0002395,dkim@coastalbuildingsystems.com,Budget vs Actual,Explain the headcount variance vs plan,completed,64.2,"Accounting Jun variance was $2,469,490 vs plan",1776804160
r18-0002396,jjones@coastalbuildingsystems.com,Headcount Planner,Forecast Jan operating cash flow,completed,73.7,"Ops Jan variance was $3,513,050 vs plan",1776770082
r18-0002397,bjones@coastalbuildingsystems.com,Flux Commentary,Forecast Jun operating cash flow,completed,25.0,"Accounting Jun variance was $2,983,123 vs plan",1776797567
r18-0002398,rwhite@coastalbuildingsystems.com,Board Deck Builder,Which cost centers are over budget YTD?,error,1.6,ERROR: upstream request timed out,1776790482
r18-0002399,rwhite@coastalbuildingsystems.com,Cash Forecaster,Reconcile AP aging over 90 days for EU-04,completed,54.4,"Treasury Jun variance was $892,201 vs plan",1776774435
r18-0002400,bjones@coastalbuildingsystems.com,Close Checklist Bot,Which cost centers are over budget YTD?,completed,62.5,"FP&A Jan variance was $3,537,809 vs plan",1776782074
r18-0002401,rwhite@coastalbuildingsystems.com,Flux Commentary,Check covenant compliance for the revolver,completed,10.3,"Accounting Feb variance was $4,023,236 vs plan",1776784121
r18-0002402,bjones@coastalbuildingsystems.com,Variance Explainer,Why did FP&A spend exceed budget in May?,completed,32.3,"FP&A May variance was $1,927,148 vs plan",1776779365
r18-0002403,dgonzalez@coastalbuildingsystems.com,Flux Commentary,Which cost centers are over budget YTD?,completed,10.1,"Ops Apr variance was $811,830 vs plan",1776788808
r18-0002404,lperez@coastalbuildingsystems.com,Close Checklist Bot,Summarize the Jun variance for entity US-03,completed,72.3,"Ops Jun variance was $1,339,535 vs plan",1776801719
r18-0002405,bjones@coastalbuildingsystems.com,Flux Commentary,Why did Treasury spend exceed budget in May?,completed,11.5,"Treasury May variance was $4,145,671 vs plan",1776787224
r18-0002406,bjones@coastalbuildingsystems.com,Headcount Planner,Explain the headcount variance vs plan,completed,34.5,"Ops Jan variance was $4,230,866 vs plan",1776797942
r18-0002407,btaylor@coastalbuildingsystems.com,Flux Commentary,Explain the headcount variance vs plan,completed,1.9,error: connection reset by peer,1776781623
r18-0002408,rwhite@coastalbuildingsystems.com,Close Checklist Bot,Summarize the Feb variance for entity EU-07,completed,58.0,"FP&A Feb variance was $1,153,155 vs plan",1776780680
r18-0002409,lpatel@coastalbuildingsystems.com,Variance Explainer,Summarize the May variance for entity CA-04,completed,57.2,"Treasury May variance was $3,011,325 vs plan",1776766151
r18-0002410,bjones@coastalbuildingsystems.com,Budget vs Actual,Reconcile AP aging over 90 days for EU-02,completed,20.3,"Treasury Jan variance was $4,643,387 vs plan",1776876236
r18-0002411,jwhite@coastalbuildingsystems.com,Budget vs Actual,Which cost centers are over budget YTD?,completed,14.3,"Treasury Mar variance was $501,617 vs plan",1776883435
r18-0002412,rwhite@coastalbuildingsystems.com,Close Checklist Bot,Explain the headcount variance vs plan,completed,6.7,"Accounting Feb variance was $1,177,438 vs plan",1776870084
r18-0002413,bjones@coastalbuildingsystems.com,Close Checklist Bot,Check covenant compliance for the revolver,completed,68.9,"Treasury Jan variance was $1,340,575 vs plan",1776894380
r18-0002414,rperez@coastalbuildingsystems.com,Journal Entry Reviewer,Check covenant compliance for the revolver,completed,46.3,"Ops Apr variance was $3,234,786 vs plan",1776860304
r18-0002415,jthompson@coastalbuildingsystems.com,Covenant Checker,Check covenant compliance for the revolver,completed,39.2,"Ops May variance was $947,621 vs plan",1776865982
r18-0002416,rwhite@coastalbuildingsystems.com,Headcount Planner,Which cost centers are over budget YTD?,completed,21.6,"Treasury Jan variance was $1,437,324 vs plan",1776864119
r18-0002417,rwhite@coastalbuildingsystems.com,Journal Entry Reviewer,Why did Ops spend exceed budget in Mar?,completed,73.0,"Ops Mar variance was $929,980 vs plan",1776855204
r18-0002418,jjones@coastalbuildingsystems.com,Close Checklist Bot,Which cost centers are over budget YTD?,completed,13.5,"FP&A Mar variance was $3,449,901 vs plan",1776891291
r18-0002419,bjones@coastalbuildingsystems.com,Variance Explainer,Reconcile AP aging over 90 days for EU-02,error,5.7,FAILED: null reference in aggregation step,1776867160
r18-0002420,rwhite@coastalbuildingsystems.com,Journal Entry Reviewer,Why did FP&A spend exceed budget in May?,completed,6.6,"FP&A May variance was $1,509,254 vs plan",1776883605
r18-0002421,canderson@coastalbuildingsystems.com,Revenue Recognizer,Explain the headcount variance vs plan,error,3.2,error: connection reset by peer,1776859324
r18-0002422,sbrown@coastalbuildingsystems.com,Cash Forecaster,Explain the headcount variance vs plan,completed,15.0,"FP&A Feb variance was $488,033 vs plan",1776872542
r18-0002423,rwhite@coastalbuildingsystems.com,Board Deck Builder,Forecast Apr operating cash flow,completed,17.4,"Accounting Apr variance was $4,677,198 vs plan",1776872241
r18-0002424,rwhite@coastalbuildingsystems.com,Vendor Spend Analyzer,Check covenant compliance for the revolver,completed,1.3,FAILED: null reference in aggregation step,1776892824
r18-0002425,bjones@coastalbuildingsystems.com,Close Checklist Bot,Draft flux commentary for the Jan close,completed,55.5,"FP&A Jan variance was $82,012 vs plan",1776866386
r18-0002426,btaylor@coastalbuildingsystems.com,Flux Commentary,Summarize the May variance for entity US-07,completed,69.8,"Treasury May variance was $304,264 vs plan",1776871387
r18-0002427,rwhite@coastalbuildingsystems.com,Board Deck Builder,Which cost centers are over budget YTD?,completed,1.3,FAILED: null reference in aggregation step,1776888026
r18-0002428,rperez@coastalbuildingsystems.com,Journal Entry Reviewer,Draft flux commentary for the Jan close,error,6.1,error: connection reset by peer,1776861726
r18-0002429,rwhite@coastalbuildingsystems.com,Cash Forecaster,Explain the headcount variance vs plan,completed,8.0,"Treasury Mar variance was $2,123,174 vs plan",1776878385
r18-0002430,dkim@coastalbuildingsystems.com,Journal Entry Reviewer,Explain the headcount variance vs plan,completed,18.3,"Treasury Jun variance was $382,690 vs plan",1776871380
r18-0002431,rwhite@coastalbuildingsystems.com,Cash Forecaster,Summarize the May variance for entity CA-06,completed,12.5,"FP&A May variance was $2,580,463 vs plan",1776861129
r18-0002432,rwhite@coastalbuildingsystems.com,AP Aging Analyst,Build the board deck cash slide for Mar,completed,12.0,"FP&A Mar variance was $945,260 vs plan",1776868930
r18-0002433,bjones@coastalbuildingsystems.com,Close Checklist Bot,Check covenant compliance for the revolver,completed,11.2,"FP&A Mar variance was $598,942 vs plan",1776889731
r18-0002434,rwhite@coastalbuildingsystems.com,Headcount Planner,Why did FP&A spend exceed budget in Apr?,completed,70.9,"FP&A Apr variance was $577,273 vs plan",1776880772
r18-0002435,lpatel@coastalbuildingsystems.com,Budget vs Actual,Build the board deck cash slide for May,completed,45.0,"Ops May variance was $4,349,671 vs plan",1776855698
r18-0002436,bjones@coastalbuildingsystems.com,Revenue Recognizer,Draft flux commentary for the Apr close,completed,0.4,FAILED: null reference in aggregation step,1776899516
r18-0002437,bjones@coastalbuildingsystems.com,Journal Entry Reviewer,Reconcile AP aging over 90 days for US-01,completed,55.3,"FP&A Jun variance was $1,598,626 vs plan",1776883904
r18-0002438,rthompson@coastalbuildingsystems.com,Vendor Spend Analyzer,Explain the headcount variance vs plan,completed,39.0,"Treasury Jan variance was $2,985,583 vs plan",1776887644
r18-0002439,rwhite@coastalbuildingsystems.com,Cash Forecaster,Reconcile AP aging over 90 days for MX-05,completed,15.5,"FP&A Jan variance was $3,632,241 vs plan",1776887008
r18-0002440,rthompson@coastalbuildingsystems.com,AP Aging Analyst,Draft flux commentary for the Jun close,completed,68.4,"Ops Jun variance was $1,507,662 vs plan",1776887883
r18-0002441,rwhite@coastalbuildingsystems.com,Revenue Recognizer,Summarize the May variance for entity US-06,completed,28.1,"Treasury May variance was $1,111,689 vs plan",1776861596
r18-0002442,bjones@coastalbuildingsystems.com,Close Checklist Bot,Check covenant compliance for the revolver,completed,24.4,"Treasury Mar variance was $138,513 vs plan",1776870534
r18-0002443,bjones@coastalbuildingsystems.com,Budget vs Actual,What drove the change in gross margin this quarter?,completed,37.7,"FP&A May variance was $4,443,067 vs plan",1776873490
r18-0002444,wharris@coastalbuildingsystems.com,Covenant Checker,Summarize the Jun variance for entity CA-04,completed,53.2,"Ops Jun variance was $483,441 vs plan",1776868353
r18-0002445,rwhite@coastalbuildingsystems.com,Revenue Recognizer,Which cost centers are over budget YTD?,completed,52.2,"Ops Mar variance was $4,397,745 vs plan",1776881855
r18-0002446,dkim@coastalbuildingsystems.com,Variance Explainer,Check covenant compliance for the revolver,completed,38.7,"FP&A Mar variance was $864,133 vs plan",1776863964
r18-0002447,lperez@coastalbuildingsystems.com,Close Checklist Bot,Check covenant compliance for the revolver,completed,41.5,"Accounting Feb variance was $1,470,509 vs plan",1776880771
r18-0002448,rwhite@coastalbuildingsystems.com,Cash Forecaster,Summarize the Jun variance for entity CA-04,completed,16.2,"FP&A Jun variance was $749,353 vs plan",1776892872
r18-0002449,sjackson@coastalbuildingsystems.com,Board Deck Builder,Reconcile AP aging over 90 days for MX-08,completed,40.9,"Accounting Mar variance was $3,219,016 vs plan",1776876522
r18-0002450,rwhite@coastalbuildingsystems.com,Close Checklist Bot,What drove the change in gross margin this quarter?,completed,11.5,"FP&A Mar variance was $3,051,055 vs plan",1776885758
r18-0002451,rwhite@coastalbuildingsystems.com,AP Aging Analyst,Summarize the May variance for entity MX-05,completed,45.8,"Ops May variance was $4,298,556 vs plan",1776895494
r18-0002452,jjones@coastalbuildingsystems.com,AP Aging Analyst,Why did Accounting spend exceed budget in Mar?,completed,28.3,"Accounting Mar variance was $606,641 vs plan",1776883220
r18-0002453,dgonzalez@coastalbuildingsystems.com,Variance Explainer,Forecast Mar operating cash flow,completed,8.7,"Accounting Mar variance was $695,084 vs plan",1776893063
r18-0002454,bjones@coastalbuildingsystems.com,Journal Entry Reviewer,Summarize the May variance for entity EU-09,completed,74.6,"Treasury May variance was $3,791,592 vs plan",1776873616
r18-0002455,wharris@coastalbuildingsystems.com,Journal Entry Reviewer,Why did Treasury spend exceed budget in Jan?,completed,63.3,"Treasury Jan variance was $870,294 vs plan",1776883318
r18-0002456,canderson@coastalbuildingsystems.com,Revenue Recognizer,Check covenant compliance for the revolver,completed,23.1,"Treasury Feb variance was $2,229,040 vs plan",1776869717
r18-0002457,bjones@coastalbuildingsystems.com,Flux Commentary,Why did Ops spend exceed budget in Feb?,completed,1.8,error: connection reset by peer,1776878476
r18-0002458,rwhite@coastalbuildingsystems.com,Flux Commentary,Check covenant compliance for the revolver,completed,44.7,"Ops Jan variance was $56,596 vs plan",1776879184
r18-0002459,btaylor@coastalbuildingsystems.com,Budget vs Actual,Draft flux commentary for the Feb close,completed,64.4,"FP&A Feb variance was $984,657 vs plan",1776859780
r18-0002460,rwhite@coastalbuildingsystems.com,Journal Entry Reviewer,Forecast May operating cash flow,completed,34.9,"Treasury May variance was $2,303,674 vs plan",1776875013
r18-0002461,rwhite@coastalbuildingsystems.com,Cash Forecaster,Explain the headcount variance vs plan,completed,25.1,"Treasury Feb variance was $2,238,983 vs plan",1776876776
r18-0002462,bjones@coastalbuildingsystems.com,Budget vs Actual,Reconcile AP aging over 90 days for EU-03,completed,39.7,"Ops Apr variance was $2,987,984 vs plan",1776884491
r18-0002463,rwhite@coastalbuildingsystems.com,Flux Commentary,Check covenant compliance for the revolver,completed,26.0,"Ops Feb variance was $357,752 vs plan",1776892282
r18-0002464,jjones@coastalbuildingsystems.com,Close Checklist Bot,Build the board deck cash slide for Jan,error,6.4,FAILED: null reference in aggregation step,1776956272
r18-0002465,jjones@coastalbuildingsystems.com,Cash Forecaster,Explain the headcount variance vs plan,completed,35.4,"Ops Jan variance was $3,167,025 vs plan",1776961623
r18-0002466,dkim@coastalbuildingsystems.com,Cash Forecaster,Build the board deck cash slide for Feb,completed,23.3,"FP&A Feb variance was $687,109 vs plan",1776960564
r18-0002467,rwhite@coastalbuildingsystems.com,Journal Entry Reviewer,Reconcile AP aging over 90 days for EU-06,completed,34.1,"Ops Apr variance was $3,800,138 vs plan",1776951002
r18-0002468,bjones@coastalbuildingsystems.com,Cash Forecaster,Build the board deck cash slide for Apr,completed,42.9,"Treasury Apr variance was $1,506,301 vs plan",1776960169
r18-0002469,bjones@coastalbuildingsystems.com,Revenue Recognizer,Check covenant compliance for the revolver,completed,45.4,"Treasury Jan variance was $2,168,880 vs plan",1776951473
r18-0002470,jjones@coastalbuildingsystems.com,Budget vs Actual,Forecast Feb operating cash flow,completed,35.0,"Ops Feb variance was $2,761,696 vs plan",1776961412
r18-0002471,bjones@coastalbuildingsystems.com,Budget vs Actual,Build the board deck cash slide for Mar,completed,52.4,"Treasury Mar variance was $725,464 vs plan",1776940711
r18-0002472,lpatel@coastalbuildingsystems.com,Budget vs Actual,Forecast Mar operating cash flow,completed,1.8,ERROR: upstream request timed out,1776953460
r18-0002473,jjones@coastalbuildingsystems.com,Journal Entry Reviewer,Build the board deck cash slide for Jun,completed,20.7,"FP&A Jun variance was $1,166,483 vs plan",1776953369
r18-0002474,lperez@coastalbuildingsystems.com,AP Aging Analyst,Draft flux commentary for the Apr close,completed,27.2,"FP&A Apr variance was $1,540,852 vs plan",1776963493
r18-0002475,bjones@coastalbuildingsystems.com,Vendor Spend Analyzer,Summarize the Jun variance for entity EU-01,completed,33.6,"Treasury Jun variance was $4,192,852 vs plan",1776968010
r18-0002476,jjones@coastalbuildingsystems.com,Budget vs Actual,Reconcile AP aging over 90 days for US-07,completed,59.1,"Ops Jan variance was $700,726 vs plan",1776962322
r18-0002477,rwhite@coastalbuildingsystems.com,AP Aging Analyst,Forecast Feb operating cash flow,completed,14.1,"Ops Feb variance was $4,409,244 vs plan",1776954228
r18-0002478,rwhite@coastalbuildingsystems.com,Vendor Spend Analyzer,Draft flux commentary for the Feb close,completed,69.8,"Accounting Feb variance was $2,681,733 vs plan",1776956504
r18-0002479,lperez@coastalbuildingsystems.com,Close Checklist Bot,Summarize the Mar variance for entity US-09,completed,44.3,"Accounting Mar variance was $4,412,323 vs plan",1776969119
r18-0002480,rwhite@coastalbuildingsystems.com,Close Checklist Bot,Forecast Feb operating cash flow,completed,49.3,"Ops Feb variance was $388,136 vs plan",1776952090
r18-0002481,dkim@coastalbuildingsystems.com,Vendor Spend Analyzer,Draft flux commentary for the Jun close,completed,26.1,"Accounting Jun variance was $783,552 vs plan",1776971506
r18-0002482,jjones@coastalbuildingsystems.com,Journal Entry Reviewer,Draft flux commentary for the Jan close,completed,67.7,"Treasury Jan variance was $2,681,975 vs plan",1776954876
r18-0002483,rwhite@coastalbuildingsystems.com,Close Checklist Bot,Draft flux commentary for the Apr close,completed,4.9,"Accounting Apr variance was $3,460,930 vs plan",1776969110
r18-0002484,rperez@coastalbuildingsystems.com,Journal Entry Reviewer,Reconcile AP aging over 90 days for US-08,completed,0.5,error: connection reset by peer,1776949520
r18-0002485,rthompson@coastalbuildingsystems.com,Vendor Spend Analyzer,Which cost centers are over budget YTD?,completed,66.3,"Accounting May variance was $48,740 vs plan",1776950488
r18-0002486,dkim@coastalbuildingsystems.com,Flux Commentary,Draft flux commentary for the Feb close,completed,70.4,"Treasury Feb variance was $3,060,360 vs plan",1776960890
r18-0002487,rwhite@coastalbuildingsystems.com,Vendor Spend Analyzer,Reconcile AP aging over 90 days for US-03,completed,62.3,"Treasury Feb variance was $2,935,073 vs plan",1776968339
r18-0002488,rperez@coastalbuildingsystems.com,Flux Commentary,Which cost centers are over budget YTD?,completed,11.8,"Accounting Jun variance was $226,132 vs plan",1776971567
r18-0002489,sjackson@coastalbuildingsystems.com,Board Deck Builder,Check covenant compliance for the revolver,completed,28.0,"Ops May variance was $548,736 vs plan",1776971027
r18-0002490,rwhite@coastalbuildingsystems.com,Headcount Planner,What drove the change in gross margin this quarter?,error,5.1,error: connection reset by peer,1776953837
r18-0002491,rwhite@coastalbuildingsystems.com,Headcount Planner,Check covenant compliance for the revolver,completed,63.0,"Accounting May variance was $4,286,680 vs plan",1776965423
r18-0002492,sjackson@coastalbuildingsystems.com,Vendor Spend Analyzer,Draft flux commentary for the Jun close,completed,35.0,"Accounting Jun variance was $1,461,962 vs plan",1776961176
r18-0002493,lperez@coastalbuildingsystems.com,Vendor Spend Analyzer,Forecast Mar operating cash flow,completed,1.1,error code 502 from model gateway,1776957036
r18-0002494,sjackson@coastalbuildingsystems.com,Revenue Recognizer,What drove the change in gross margin this quarter?,completed,65.6,"Treasury Mar variance was $1,098,391 vs plan",1776957418
r18-0002495,jthompson@coastalbuildingsystems.com,AP Aging Analyst,Reconcile AP aging over 90 days for EU-08,completed,0.5,error code 502 from model gateway,1776984988
r18-0002496,rwhite@coastalbuildingsystems.com,Flux Commentary,Why did Ops spend exceed budget in Jan?,completed,40.1,"Ops Jan variance was $400,679 vs plan",1776939165
r18-0002497,rwhite@coastalbuildingsystems.com,Variance Explainer,Reconcile AP aging over 90 days for EU-06,completed,36.1,"Accounting May variance was $3,163,325 vs plan",1776941640
r18-0002498,bjones@coastalbuildingsystems.com,Headcount Planner,Why did Accounting spend exceed budget in Jan?,completed,50.5,"Accounting Jan variance was $3,351,980 vs plan",1776977624
r18-0002499,dkim@coastalbuildingsystems.com,Cash Forecaster,Explain the headcount variance vs plan,completed,61.5,"Treasury May variance was $1,089,558 vs plan",1776988407
r18-0002500,bjones@coastalbuildingsystems.com,Journal Entry Reviewer,Check covenant compliance for the revolver,completed,60.5,"Ops Feb variance was $4,016,773 vs plan",1776986514
r18-0002501,bjones@coastalbuildingsystems.com,Board Deck Builder,Explain the headcount variance vs plan,completed,28.1,"Ops Apr variance was $1,910,988 vs plan",1776962803
r18-0002502,rwhite@coastalbuildingsystems.com,Covenant Checker,Draft flux commentary for the Apr close,completed,39.8,"Ops Apr variance was $1,178,634 vs plan",1776970059
r18-0002503,jwhite@coastalbuildingsystems.com,Cash Forecaster,Reconcile AP aging over 90 days for CA-09,error,7.5,Traceback (most recent call last): KeyError 'entity',1776985173
r18-0002504,rwhite@coastalbuildingsystems.com,Journal Entry Reviewer,Check covenant compliance for the revolver,completed,40.0,"Accounting Jun variance was $3,294,469 vs plan",1776969451
r18-0002505,rwhite@coastalbuildingsystems.com,Revenue Recognizer,Which cost centers are over budget YTD?,completed,74.3,"Treasury Jun variance was $4,267,620 vs plan",1776952593
r18-0002506,bjones@coastalbuildingsystems.com,Variance Explainer,Build the board deck cash slide for Jan,completed,12.0,"FP&A Jan variance was $4,471,743 vs plan",1776956835
r18-0002507,jjones@coastalbuildingsystems.com,Vendor Spend Analyzer,Draft flux commentary for the Jun close,completed,53.9,"Accounting Jun variance was $335,197 vs plan",1776963436
r18-0002508,btaylor@coastalbuildingsystems.com,Vendor Spend Analyzer,Build the board deck cash slide for May,error,5.2,error code 502 from model gateway,1776970675
r18-0002509,rwhite@coastalbuildingsystems.com,Flux Commentary,Check covenant compliance for the revolver,completed,33.6,"Accounting Apr variance was $2,590,578 vs plan",1776969169
r18-0002510,wharris@coastalbuildingsystems.com,AP Aging Analyst,Draft flux commentary for the Apr close,completed,16.5,"Treasury Apr variance was $1,835,524 vs plan",1776961331
r18-0002511,btaylor@coastalbuildingsystems.com,Cash Forecaster,What drove the change in gross margin this quarter?,error,1.0,error: connection reset by peer,1776978938
r18-0002512,rwhite@coastalbuildingsystems.com,Board Deck Builder,What drove the change in gross margin this quarter?,completed,54.9,"Accounting Apr variance was $2,172,487 vs plan",1776985833
r18-0002513,dgonzalez@coastalbuildingsystems.com,Board Deck Builder,What drove the change in gross margin this quarter?,completed,23.4,"FP&A Feb variance was $449,482 vs plan",1776942090
r18-0002514,rwhite@coastalbuildingsystems.com,Revenue Recognizer,Explain the headcount variance vs plan,completed,31.0,"Accounting Jun variance was $2,320,930 vs plan",1776976524
r18-0002515,rwhite@coastalbuildingsystems.com,AP Aging Analyst,Reconcile AP aging over 90 days for MX-01,completed,35.4,"FP&A Apr variance was $4,145,665 vs plan",1776946952
r18-0002516,bjones@coastalbuildingsystems.com,Journal Entry Reviewer,Which cost centers are over budget YTD?,completed,34.5,"Treasury Jan variance was $1,061,609 vs plan",1776960923
r18-0002517,bjones@coastalbuildingsystems.com,Variance Explainer,Forecast Mar operating cash flow,completed,1.0,ERROR: upstream request timed out,1776950056
r18-0002518,dkim@coastalbuildingsystems.com,Vendor Spend Analyzer,Reconcile AP aging over 90 days for CA-07,error,2.3,error code 502 from model gateway,1776965333
r18-0002519,btaylor@coastalbuildingsystems.com,Revenue Recognizer,Draft flux commentary for the Apr close,error,7.6,error code 502 from model gateway,1776958753
r18-0002520,bjones@coastalbuildingsystems.com,Budget vs Actual,Check covenant compliance for the revolver,completed,45.6,"Ops Jun variance was $459,181 vs plan",1776966165
r18-0002521,rwhite@coastalbuildingsystems.com,Flux Commentary,Reconcile AP aging over 90 days for US-07,completed,60.2,"Accounting Jun variance was $2,450,654 vs plan",1776979591
r18-0002522,rwhite@coastalbuildingsystems.com,Cash Forecaster,What drove the change in gross margin this quarter?,completed,23.6,"FP&A Jun variance was $704,330 vs plan",1776953739
r18-0002523,btaylor@coastalbuildingsystems.com,Variance Explainer,What drove the change in gross margin this quarter?,completed,74.8,"Treasury Feb variance was $2,981,166 vs plan",1776970581
r18-0002524,rwhite@coastalbuildingsystems.com,Covenant Checker,Summarize the Jan variance for entity US-01,error,4.2,FAILED: null reference in aggregation step,1776963808
r18-0002525,jjones@coastalbuildingsystems.com,Flux Commentary,Build the board deck cash slide for Jan,completed,67.3,"FP&A Jan variance was $1,168,583 vs plan",1776975317
r18-0002526,jthompson@coastalbuildingsystems.com,Variance Explainer,Explain the headcount variance vs plan,completed,53.4,"Ops Jun variance was $3,318,540 vs plan",1776969511
r18-0002527,bjones@coastalbuildingsystems.com,AP Aging Analyst,Check covenant compliance for the revolver,completed,51.6,"Ops Feb variance was $2,998,670 vs plan",1776948005
r18-0002528,rwhite@coastalbuildingsystems.com,Vendor Spend Analyzer,Forecast Jun operating cash flow,completed,14.8,"Treasury Jun variance was $181,026 vs plan",1777044869
r18-0002529,rwhite@coastalbuildingsystems.com,Covenant Checker,What drove the change in gross margin this quarter?,completed,60.6,"FP&A May variance was $3,450,751 vs plan",1777043236
r18-0002530,rwhite@coastalbuildingsystems.com,Variance Explainer,Why did FP&A spend exceed budget in Jan?,completed,20.0,"FP&A Jan variance was $4,352,683 vs plan",1777065344
r18-0002531,rwhite@coastalbuildingsystems.com,Flux Commentary,Build the board deck cash slide for Feb,completed,41.6,"Treasury Feb variance was $1,919,359 vs plan",1777056727
r18-0002532,rwhite@coastalbuildingsystems.com,Variance Explainer,Which cost centers are over budget YTD?,completed,24.2,"Ops Jan variance was $1,817,869 vs plan",1777048079
r18-0002533,dgonzalez@coastalbuildingsystems.com,AP Aging Analyst,Draft flux commentary for the May close,completed,3.8,"Ops May variance was $3,385,148 vs plan",1777047667
r18-0002534,lperez@coastalbuildingsystems.com,Journal Entry Reviewer,Reconcile AP aging over 90 days for EU-03,completed,58.3,"Treasury Feb variance was $437,059 vs plan",1777049845
r18-0002535,lperez@coastalbuildingsystems.com,Budget vs Actual,What drove the change in gross margin this quarter?,completed,20.5,"FP&A May variance was $2,083,169 vs plan",1777045653
r18-0002536,rwhite@coastalbuildingsystems.com,Board Deck Builder,Why did Accounting spend exceed budget in Feb?,error,2.2,ERROR: upstream request timed out,1777044186
r18-0002537,dkim@coastalbuildingsystems.com,AP Aging Analyst,Forecast May operating cash flow,completed,37.1,"FP&A May variance was $3,064,890 vs plan",1777049411
r18-0002538,jgarcia@coastalbuildingsystems.com,Close Checklist Bot,Check covenant compliance for the revolver,completed,31.4,"FP&A Jun variance was $3,645,961 vs plan",1777060569
r18-0002539,rperez@coastalbuildingsystems.com,Journal Entry Reviewer,What drove the change in gross margin this quarter?,completed,53.8,"Ops Feb variance was $2,989,684 vs plan",1777069826
r18-0002540,bjones@coastalbuildingsystems.com,Covenant Checker,Check covenant compliance for the revolver,completed,31.4,"Accounting Mar variance was $2,164,594 vs plan",1777062255
r18-0002541,rwhite@coastalbuildingsystems.com,Cash Forecaster,Build the board deck cash slide for Feb,completed,22.2,"Ops Feb variance was $3,833,031 vs plan",1777047219
r18-0002542,bjones@coastalbuildingsystems.com,Cash Forecaster,Which cost centers are over budget YTD?,completed,61.7,"Ops May variance was $1,549,997 vs plan",1777048674
r18-0002543,rwhite@coastalbuildingsystems.com,Board Deck Builder,What drove the change in gross margin this quarter?,completed,1.3,FAILED: null reference in aggregation step,1777042906
r18-0002544,dkim@coastalbuildingsystems.com,Board Deck Builder,Which cost centers are over budget YTD?,completed,1.5,Traceback (most recent call last): KeyError 'entity',1777048743
r18-0002545,rwhite@coastalbuildingsystems.com,AP Aging Analyst,Reconcile AP aging over 90 days for EU-03,completed,58.6,"Accounting Mar variance was $3,079,844 vs plan",1777030756
r18-0002546,rwhite@coastalbuildingsystems.com,Variance Explainer,Explain the headcount variance vs plan,completed,30.9,"Ops Mar variance was $217,488 vs plan",1777055803
r18-0002547,bjones@coastalbuildingsystems.com,Variance Explainer,Draft flux commentary for the Jun close,completed,6.4,"FP&A Jun variance was $2,795,458 vs plan",1777053525
r18-0002548,rwhite@coastalbuildingsystems.com,Close Checklist Bot,Which cost centers are over budget YTD?,completed,37.5,"FP&A Feb variance was $1,503,500 vs plan",1777048565
r18-0002549,dkim@coastalbuildingsystems.com,Journal Entry Reviewer,Reconcile AP aging over 90 days for US-07,completed,35.3,"Accounting Jan variance was $2,754,281 vs plan",1777055132
r18-0002550,btaylor@coastalbuildingsystems.com,Revenue Recognizer,Reconcile AP aging over 90 days for US-01,completed,28.9,"Ops Feb variance was $1,901,131 vs plan",1777053267
r18-0002551,bjones@coastalbuildingsystems.com,Cash Forecaster,Build the board deck cash slide for Feb,completed,11.7,"Accounting Feb variance was $4,760,376 vs plan",1777046061
r18-0002552,rwhite@coastalbuildingsystems.com,Journal Entry Reviewer,Build the board deck cash slide for Mar,completed,73.3,"FP&A Mar variance was $2,512,149 vs plan",1777060321
r18-0002553,rwhite@coastalbuildingsystems.com,Journal Entry Reviewer,Build the board deck cash slide for Mar,completed,42.9,"Ops Mar variance was $1,752,907 vs plan",1777054962
r18-0002554,rwhite@coastalbuildingsystems.com,Flux Commentary,Check covenant compliance for the revolver,completed,69.5,"Accounting Jun variance was $3,126,119 vs plan",1777036600
r18-0002555,bjones@coastalbuildingsystems.com,Close Checklist Bot,Check covenant compliance for the revolver,completed,45.3,"FP&A Mar variance was $842,172 vs plan",1777057387
r18-0002556,btaylor@coastalbuildingsystems.com,Vendor Spend Analyzer,Forecast May operating cash flow,completed,64.1,"Accounting May variance was $3,969,062 vs plan",1777043189
r18-0002557,rperez@coastalbuildingsystems.com,Board Deck Builder,Which cost centers are over budget YTD?,completed,66.1,"Ops Apr variance was $4,555,281 vs plan",1777037740
r18-0002558,bjones@coastalbuildingsystems.com,Covenant Checker,Build the board deck cash slide for Feb,completed,0.3,error: connection reset by peer,1777056464
r18-0002559,rwhite@coastalbuildingsystems.com,Journal Entry Reviewer,Check covenant compliance for the revolver,completed,62.8,"FP&A Jun variance was $918,655 vs plan",1777028701
r18-0002560,jjones@coastalbuildingsystems.com,Cash Forecaster,Forecast Mar operating cash flow,completed,3.3,"FP&A Mar variance was $1,651,713 vs plan",1777033777
r18-0002561,bjones@coastalbuildingsystems.com,Flux Commentary,Reconcile AP aging over 90 days for MX-08,completed,55.0,"Treasury Jun variance was $2,737,008 vs plan",1777033195
r18-0002562,dkim@coastalbuildingsystems.com,Flux Commentary,Forecast Jun operating cash flow,completed,14.6,"Treasury Jun variance was $4,088,150 vs plan",1777064326
r18-0002563,rperez@coastalbuildingsystems.com,Variance Explainer,Forecast Mar operating cash flow,completed,53.6,"Accounting Mar variance was $2,347,778 vs plan",1777047996
r18-0002564,dgonzalez@coastalbuildingsystems.com,Journal Entry Reviewer,Summarize the Jan variance for entity US-02,completed,0.3,Traceback (most recent call last): KeyError 'entity',1777054510
r18-0002565,bjones@coastalbuildingsystems.com,Flux Commentary,Reconcile AP aging over 90 days for MX-08,completed,0.5,Traceback (most recent call last): KeyError 'entity',1777049447
r18-0002566,dkim@coastalbuildingsystems.com,Close Checklist Bot,Explain the headcount variance vs plan,error,0.9,error code 502 from model gateway,1777050522
r18-0002567,rperez@coastalbuildingsystems.com,AP Aging Analyst,Reconcile AP aging over 90 days for EU-04,completed,44.2,"Treasury Jan variance was $2,758,006 vs plan",1777046133
r18-0002568,wharris@coastalbuildingsystems.com,AP Aging Analyst,Explain the headcount variance vs plan,completed,1.6,Traceback (most recent call last): KeyError 'entity',1777053036
r18-0002569,jjones@coastalbuildingsystems.com,Flux Commentary,Build the board deck cash slide for Jan,completed,71.1,"Accounting Jan variance was $2,592,875 vs plan",1777065741
r18-0002570,btaylor@coastalbuildingsystems.com,Close Checklist Bot,Build the board deck cash slide for Feb,completed,20.6,"Accounting Feb variance was $2,292,855 vs plan",1777037693
r18-0002571,rperez@coastalbuildingsystems.com,Journal Entry Reviewer,Forecast Feb operating cash flow,completed,74.1,"Treasury Feb variance was $4,500,958 vs plan",1777048829
r18-0002572,rwhite@coastalbuildingsystems.com,Board Deck Builder,What drove the change in gross margin this quarter?,completed,1.7,error code 502 from model gateway,1777044277
r18-0002573,lpatel@coastalbuildingsystems.com,Close Checklist Bot,Explain the headcount variance vs plan,completed,4.9,"Treasury Apr variance was $3,577,360 vs plan",1777060460
r18-0002574,jthompson@coastalbuildingsystems.com,Revenue Recognizer,Reconcile AP aging over 90 days for US-01,completed,73.5,"FP&A Jun variance was $1,507,879 vs plan",1777074773
r18-0002575,rperez@coastalbuildingsystems.com,Vendor Spend Analyzer,Forecast Apr operating cash flow,completed,31.2,"Accounting Apr variance was $722,738 vs plan",1777049869
r18-0002576,rwhite@coastalbuildingsystems.com,Flux Commentary,Summarize the May variance for entity MX-09,completed,1.8,ERROR: upstream request timed out,1777054790
r18-0002577,wharris@coastalbuildingsystems.com,Variance Explainer,Explain the headcount variance vs plan,completed,48.9,"FP&A Mar variance was $4,444,111 vs plan",1777066268
r18-0002578,bjones@coastalbuildingsystems.com,Close Checklist Bot,Reconcile AP aging over 90 days for CA-08,completed,68.9,"Ops Jun variance was $1,851,399 vs plan",1777043304
r18-0002579,bjones@coastalbuildingsystems.com,Headcount Planner,Forecast Mar operating cash flow,completed,59.7,"Treasury Mar variance was $320,643 vs plan",1777051072
r18-0002580,rwhite@coastalbuildingsystems.com,Cash Forecaster,Reconcile AP aging over 90 days for US-03,completed,16.4,"Ops Jun variance was $3,417,568 vs plan",1777042512
r18-0002581,rwhite@coastalbuildingsystems.com,Budget vs Actual,Reconcile AP aging over 90 days for US-05,completed,30.7,"FP&A Jun variance was $480,124 vs plan",1777040045
r18-0002582,bjones@coastalbuildingsystems.com,Variance Explainer,What drove the change in gross margin this quarter?,completed,18.1,"Ops Feb variance was $4,605,349 vs plan",1777058891
r18-0002583,rthompson@coastalbuildingsystems.com,Cash Forecaster,Which cost centers are over budget YTD?,completed,53.8,"Treasury Apr variance was $3,708,272 vs plan",1777054218
r18-0002584,rperez@coastalbuildingsystems.com,Headcount Planner,Check covenant compliance for the revolver,completed,50.6,"Accounting Mar variance was $3,671,050 vs plan",1777044400
r18-0002585,rwhite@coastalbuildingsystems.com,Cash Forecaster,Why did Accounting spend exceed budget in Apr?,completed,41.7,"Accounting Apr variance was $4,027,056 vs plan",1777044888
r18-0002586,rwhite@coastalbuildingsystems.com,AP Aging Analyst,Why did Accounting spend exceed budget in Feb?,completed,61.2,"Accounting Feb variance was $1,282,363 vs plan",1777051823
r18-0002587,rwhite@coastalbuildingsystems.com,Budget vs Actual,What drove the change in gross margin this quarter?,completed,21.9,"Ops Mar variance was $1,570,530 vs plan",1777042119
r18-0002588,wharris@coastalbuildingsystems.com,Budget vs Actual,Why did Ops spend exceed budget in Jun?,completed,34.2,"Ops Jun variance was $682,941 vs plan",1777058653
r18-0002589,rperez@coastalbuildingsystems.com,Cash Forecaster,What drove the change in gross margin this quarter?,completed,5.3,"Accounting Mar variance was $645,443 vs plan",1777041269
r18-0002590,bjones@coastalbuildingsystems.com,Vendor Spend Analyzer,What drove the change in gross margin this quarter?,completed,53.9,"Accounting Jan variance was $228,008 vs plan",1777062695
r18-0002591,wharris@coastalbuildingsystems.com,Revenue Recognizer,What drove the change in gross margin this quarter?,completed,12.0,"FP&A Jan variance was $3,573,122 vs plan",1777040034
r18-0002592,jthompson@coastalbuildingsystems.com,Close Checklist Bot,What drove the change in gross margin this quarter?,error,8.0,error: connection reset by peer,1777147195
r18-0002593,rwhite@coastalbuildingsystems.com,Board Deck Builder,Draft flux commentary for the Jan close,completed,28.7,"FP&A Jan variance was $1,602,414 vs plan",1777139758
r18-0002594,bjones@coastalbuildingsystems.com,Vendor Spend Analyzer,What drove the change in gross margin this quarter?,completed,59.5,"FP&A Apr variance was $4,184,971 vs plan",1777135132
r18-0002595,dkim@coastalbuildingsystems.com,Vendor Spend Analyzer,Summarize the Jan variance for entity MX-08,completed,53.6,"FP&A Jan variance was $540,523 vs plan",1777160056
r18-0002596,rperez@coastalbuildingsystems.com,Flux Commentary,Which cost centers are over budget YTD?,completed,9.3,"FP&A Jun variance was $69,112 vs plan",1777129464
r18-0002597,rwhite@coastalbuildingsystems.com,Budget vs Actual,Check covenant compliance for the revolver,completed,17.1,"Accounting Jun variance was $2,995,766 vs plan",1777116219
r18-0002598,bjones@coastalbuildingsystems.com,Budget vs Actual,Reconcile AP aging over 90 days for MX-06,completed,69.4,"FP&A Feb variance was $1,204,565 vs plan",1777145604
r18-0002599,rwhite@coastalbuildingsystems.com,Board Deck Builder,Explain the headcount variance vs plan,completed,8.9,"Accounting Apr variance was $3,329,371 vs plan",1777128884
r18-0002600,rwhite@coastalbuildingsystems.com,Vendor Spend Analyzer,Build the board deck cash slide for Apr,completed,48.8,"Accounting Apr variance was $2,452,182 vs plan",1777125590
r18-0002601,bjones@coastalbuildingsystems.com,Vendor Spend Analyzer,Which cost centers are over budget YTD?,completed,10.3,"Ops Mar variance was $4,541,881 vs plan",1777127698
r18-0002602,rwhite@coastalbuildingsystems.com,Budget vs Actual,Check covenant compliance for the revolver,completed,1.7,error: connection reset by peer,1777140642
r18-0002603,jwhite@coastalbuildingsystems.com,Revenue Recognizer,Check covenant compliance for the revolver,completed,21.7,"Treasury Jan variance was $2,774,206 vs plan",1777149024
r18-0002604,dkim@coastalbuildingsystems.com,AP Aging Analyst,Which cost centers are over budget YTD?,completed,38.2,"Accounting Apr variance was $2,537,826 vs plan",1777134360
r18-0002605,rperez@coastalbuildingsystems.com,Revenue Recognizer,Explain the headcount variance vs plan,completed,60.0,"FP&A Apr variance was $2,136,437 vs plan",1777140721
r18-0002606,dkim@coastalbuildingsystems.com,Close Checklist Bot,Explain the headcount variance vs plan,completed,66.4,"Treasury Apr variance was $3,032,072 vs plan",1777131131
r18-0002607,sjackson@coastalbuildingsystems.com,Vendor Spend Analyzer,Why did Treasury spend exceed budget in Apr?,completed,37.2,"Treasury Apr variance was $2,185,079 vs plan",1777132613
r18-0002608,rwhite@coastalbuildingsystems.com,Budget vs Actual,Reconcile AP aging over 90 days for EU-07,completed,10.8,"Treasury Feb variance was $3,833,728 vs plan",1777129573
r18-0002609,bjones@coastalbuildingsystems.com,Board Deck Builder,Build the board deck cash slide for May,completed,33.2,"Ops May variance was $1,266,094 vs plan",1777144147
r18-0002610,bjones@coastalbuildingsystems.com,Cash Forecaster,What drove the change in gross margin this quarter?,completed,19.1,"Treasury Feb variance was $3,413,828 vs plan",1777144846
r18-0002611,bjones@coastalbuildingsystems.com,Covenant Checker,Check covenant compliance for the revolver,completed,48.1,"Accounting Jun variance was $2,716,064 vs plan",1777123360
r18-0002612,wharris@coastalbuildingsystems.com,Flux Commentary,Forecast Jan operating cash flow,completed,14.5,"FP&A Jan variance was $3,933,390 vs plan",1777133580
r18-0002613,jjones@coastalbuildingsystems.com,Vendor Spend Analyzer,Why did Accounting spend exceed budget in Jun?,completed,13.2,"Accounting Jun variance was $4,307,441 vs plan",1777136677
r18-0002614,rwhite@coastalbuildingsystems.com,Vendor Spend Analyzer,Build the board deck cash slide for Jun,completed,30.2,"Treasury Jun variance was $1,519,226 vs plan",1777121431
r18-0002615,bjones@coastalbuildingsystems.com,Covenant Checker,Check covenant compliance for the revolver,completed,1.9,FAILED: null reference in aggregation step,1777153492
r18-0002616,jwhite@coastalbuildingsystems.com,Headcount Planner,Why did Ops spend exceed budget in Mar?,error,0.9,Traceback (most recent call last): KeyError 'entity',1777129042
r18-0002617,btaylor@coastalbuildingsystems.com,Cash Forecaster,Why did Treasury spend exceed budget in Feb?,completed,27.9,"Treasury Feb variance was $523,764 vs plan",1777151093
r18-0002618,btaylor@coastalbuildingsystems.com,Vendor Spend Analyzer,Why did Ops spend exceed budget in Mar?,completed,6.9,"Ops Mar variance was $790,906 vs plan",1777132890
r18-0002619,sjackson@coastalbuildingsystems.com,Cash Forecaster,Which cost centers are over budget YTD?,completed,0.6,Traceback (most recent call last): KeyError 'entity',1777134131
r18-0002620,rwhite@coastalbuildingsystems.com,Variance Explainer,Draft flux commentary for the Jan close,completed,21.2,"Accounting Jan variance was $1,139,474 vs plan",1777125355
r18-0002621,rwhite@coastalbuildingsystems.com,Headcount Planner,Reconcile AP aging over 90 days for MX-08,completed,20.9,"Accounting Apr variance was $1,136,583 vs plan",1777236791
r18-0002622,bjones@coastalbuildingsystems.com,Flux Commentary,Summarize the Mar variance for entity US-02,completed,0.7,ERROR: upstream request timed out,1777210564
r18-0002623,jthompson@coastalbuildingsystems.com,Vendor Spend Analyzer,Build the board deck cash slide for Jun,completed,3.8,"Treasury Jun variance was $3,188,359 vs plan",1777232101
r18-0002624,bjones@coastalbuildingsystems.com,AP Aging Analyst,Which cost centers are over budget YTD?,completed,33.5,"Accounting Jan variance was $3,941,860 vs plan",1777231163
r18-0002625,rwhite@coastalbuildingsystems.com,Flux Commentary,Explain the headcount variance vs plan,completed,1.6,error code 502 from model gateway,1777217282
r18-0002626,canderson@coastalbuildingsystems.com,Journal Entry Reviewer,Which cost centers are over budget YTD?,completed,5.0,"Accounting Mar variance was $1,770,228 vs plan",1777215989
r18-0002627,bjones@coastalbuildingsystems.com,Vendor Spend Analyzer,Reconcile AP aging over 90 days for MX-04,completed,9.2,"FP&A Jun variance was $402,510 vs plan",1777213984
r18-0002628,wharris@coastalbuildingsystems.com,Budget vs Actual,Check covenant compliance for the revolver,completed,45.1,"FP&A Mar variance was $3,042,995 vs plan",1777233487
r18-0002629,rwhite@coastalbuildingsystems.com,Board Deck Builder,Forecast Apr operating cash flow,completed,7.6,"Ops Apr variance was $4,342,415 vs plan",1777235691
r18-0002630,wharris@coastalbuildingsystems.com,Close Checklist Bot,Forecast Mar operating cash flow,completed,4.4,"Accounting Mar variance was $539,765 vs plan",1777241573
r18-0002631,rwhite@coastalbuildingsystems.com,Headcount Planner,Draft flux commentary for the Apr close,completed,71.6,"Treasury Apr variance was $3,562,825 vs plan",1777236308
r18-0002632,rwhite@coastalbuildingsystems.com,AP Aging Analyst,Which cost centers are over budget YTD?,completed,35.6,"Accounting May variance was $232,392 vs plan",1777239662
r18-0002633,dgonzalez@coastalbuildingsystems.com,Variance Explainer,What drove the change in gross margin this quarter?,completed,51.8,"Ops Jun variance was $1,202,824 vs plan",1777229200
r18-0002634,rwhite@coastalbuildingsystems.com,Revenue Recognizer,Forecast Mar operating cash flow,completed,30.8,"Ops Mar variance was $2,465,431 vs plan",1777240348
r18-0002635,jwhite@coastalbuildingsystems.com,AP Aging Analyst,Build the board deck cash slide for Apr,completed,1.9,ERROR: upstream request timed out,1777224663
r18-0002636,bjones@coastalbuildingsystems.com,Headcount Planner,Why did Treasury spend exceed budget in Feb?,completed,12.1,"Treasury Feb variance was $2,319,694 vs plan",1777212899
r18-0002637,rwhite@coastalbuildingsystems.com,Revenue Recognizer,Explain the headcount variance vs plan,error,2.6,FAILED: null reference in aggregation step,1777206110
r18-0002638,jwhite@coastalbuildingsystems.com,Flux Commentary,Forecast Jan operating cash flow,completed,12.1,"FP&A Jan variance was $2,350,966 vs plan",1777206030
r18-0002639,dkim@coastalbuildingsystems.com,Board Deck Builder,Explain the headcount variance vs plan,completed,66.7,"Ops May variance was $1,080,883 vs plan",1777226686
r18-0002640,rwhite@coastalbuildingsystems.com,Flux Commentary,Check covenant compliance for the revolver,completed,26.2,"Ops May variance was $3,018,954 vs plan",1777243112
r18-0002641,btaylor@coastalbuildingsystems.com,Covenant Checker,Check covenant compliance for the revolver,completed,1.7,error code 502 from model gateway,1777226034
r18-0002642,rwhite@coastalbuildingsystems.com,Journal Entry Reviewer,Forecast Apr operating cash flow,completed,65.8,"Treasury Apr variance was $2,692,298 vs plan",1777228713
r18-0002643,rwhite@coastalbuildingsystems.com,Cash Forecaster,Draft flux commentary for the Jan close,completed,0.5,error: connection reset by peer,1777219509
r18-0002644,rperez@coastalbuildingsystems.com,Budget vs Actual,Check covenant compliance for the revolver,completed,74.7,"FP&A Feb variance was $3,982,361 vs plan",1777317716
r18-0002645,bjones@coastalbuildingsystems.com,Revenue Recognizer,Build the board deck cash slide for Feb,completed,11.1,"Accounting Feb variance was $3,767,120 vs plan",1777315876
r18-0002646,rwhite@coastalbuildingsystems.com,Headcount Planner,Why did Treasury spend exceed budget in Jan?,completed,31.4,"Treasury Jan variance was $4,342,425 vs plan",1777287264
r18-0002647,dgonzalez@coastalbuildingsystems.com,Revenue Recognizer,Forecast Jun operating cash flow,completed,33.8,"Treasury Jun variance was $1,367,234 vs plan",1777312376
r18-0002648,rwhite@coastalbuildingsystems.com,Close Checklist Bot,Build the board deck cash slide for May,completed,70.1,"Ops May variance was $1,991,007 vs plan",1777301442
r18-0002649,rperez@coastalbuildingsystems.com,Vendor Spend Analyzer,Explain the headcount variance vs plan,completed,49.5,"Ops Mar variance was $3,980,921 vs plan",1777299067
r18-0002650,dkim@coastalbuildingsystems.com,Cash Forecaster,Reconcile AP aging over 90 days for MX-06,completed,10.7,"FP&A Jun variance was $4,631,781 vs plan",1777316569
r18-0002651,sjackson@coastalbuildingsystems.com,Flux Commentary,Build the board deck cash slide for Apr,completed,20.5,"FP&A Apr variance was $1,745,023 vs plan",1777314590
r18-0002652,jthompson@coastalbuildingsystems.com,Cash Forecaster,Check covenant compliance for the revolver,completed,18.3,"Accounting Feb variance was $2,723,192 vs plan",1777327017
r18-0002653,btaylor@coastalbuildingsystems.com,Board Deck Builder,Forecast Apr operating cash flow,completed,50.5,"Treasury Apr variance was $3,410,800 vs plan",1777329077
r18-0002654,rwhite@coastalbuildingsystems.com,Close Checklist Bot,Why did Accounting spend exceed budget in Feb?,completed,22.5,"Accounting Feb variance was $2,907,834 vs plan",1777327737
r18-0002655,rwhite@coastalbuildingsystems.com,Budget vs Actual,Why did Ops spend exceed budget in Jun?,completed,73.4,"Ops Jun variance was $3,294,625 vs plan",1777288104
r18-0002656,lpatel@coastalbuildingsystems.com,Headcount Planner,Summarize the Mar variance for entity CA-03,error,5.8,FAILED: null reference in aggregation step,1777311441
r18-0002657,jwhite2@coastalbuildingsystems.com,AP Aging Analyst,Summarize the Mar variance for entity CA-05,completed,1.4,error code 502 from model gateway,1777310362
r18-0002658,rwhite@coastalbuildingsystems.com,Cash Forecaster,Why did Ops spend exceed budget in Feb?,completed,36.4,"Ops Feb variance was $1,923,705 vs plan",1777319035
r18-0002659,jjones@coastalbuildingsystems.com,Journal Entry Reviewer,Forecast Jan operating cash flow,error,3.1,FAILED: null reference in aggregation step,1777306206
r18-0002660,rwhite@coastalbuildingsystems.com,Journal Entry Reviewer,Check covenant compliance for the revolver,error,1.1,Traceback (most recent call last): KeyError 'entity',1777309396
r18-0002661,bjones@coastalbuildingsystems.com,Close Checklist Bot,Forecast Feb operating cash flow,completed,18.7,"Treasury Feb variance was $107,568 vs plan",1777293501
r18-0002662,sbrown@coastalbuildingsystems.com,Close Checklist Bot,Check covenant compliance for the revolver,completed,21.9,"Treasury May variance was $2,726,852 vs plan",1777290609
r18-0002663,bjones@coastalbuildingsystems.com,Cash Forecaster,Reconcile AP aging over 90 days for US-04,completed,0.6,error code 502 from model gateway,1777313516
r18-0002664,bjones@coastalbuildingsystems.com,Board Deck Builder,Forecast Mar operating cash flow,completed,71.9,"Ops Mar variance was $2,920,983 vs plan",1777308454
r18-0002665,jwhite@coastalbuildingsystems.com,Vendor Spend Analyzer,Explain the headcount variance vs plan,completed,36.9,"Treasury Jan variance was $3,012,493 vs plan",1777313591
r18-0002666,rwhite@coastalbuildingsystems.com,Vendor Spend Analyzer,What drove the change in gross margin this quarter?,completed,49.6,"FP&A Mar variance was $757,392 vs plan",1777299773
r18-0002667,rwhite@coastalbuildingsystems.com,Headcount Planner,Which cost centers are over budget YTD?,completed,5.7,"Ops Mar variance was $649,488 vs plan",1777287682
r18-0002668,rwhite@coastalbuildingsystems.com,Flux Commentary,Build the board deck cash slide for Jan,completed,58.2,"Ops Jan variance was $2,214,644 vs plan",1777323844
r18-0002669,bjones@coastalbuildingsystems.com,Flux Commentary,What drove the change in gross margin this quarter?,completed,27.5,"FP&A Mar variance was $733,926 vs plan",1777321053
r18-0002670,jthompson@coastalbuildingsystems.com,Revenue Recognizer,Why did Accounting spend exceed budget in Mar?,completed,10.5,"Accounting Mar variance was $2,462,813 vs plan",1777315326
r18-0002671,dkim@coastalbuildingsystems.com,Budget vs Actual,Reconcile AP aging over 90 days for EU-07,completed,1.6,ERROR: upstream request timed out,1777307959
r18-0002672,jjones@coastalbuildingsystems.com,Journal Entry Reviewer,Why did FP&A spend exceed budget in Mar?,completed,32.8,"FP&A Mar variance was $3,514,121 vs plan",1777299535
r18-0002673,rwhite@coastalbuildingsystems.com,Flux Commentary,Explain the headcount variance vs plan,completed,13.1,"FP&A Apr variance was $453,018 vs plan",1777319327
r18-0002674,rwhite@coastalbuildingsystems.com,Budget vs Actual,Check covenant compliance for the revolver,completed,40.0,"FP&A May variance was $3,379,727 vs plan",1777305367
r18-0002675,rthompson@coastalbuildingsystems.com,Vendor Spend Analyzer,Build the board deck cash slide for Jan,completed,29.5,"Accounting Jan variance was $4,292,755 vs plan",1777323927
r18-0002676,rwhite@coastalbuildingsystems.com,Headcount Planner,What drove the change in gross margin this quarter?,completed,33.9,"Ops Jan variance was $2,520,820 vs plan",1777316589
r18-0002677,bjones@coastalbuildingsystems.com,Cash Forecaster,Which cost centers are over budget YTD?,completed,63.3,"Accounting Jun variance was $866,497 vs plan",1777323545
r18-0002678,canderson@coastalbuildingsystems.com,Vendor Spend Analyzer,Summarize the Jan variance for entity EU-04,completed,15.7,"Ops Jan variance was $1,331,946 vs plan",1777325072
r18-0002679,jgarcia@coastalbuildingsystems.com,Budget vs Actual,Forecast Jun operating cash flow,completed,63.0,"Ops Jun variance was $1,950,992 vs plan",1777314982
r18-0002680,rwhite@coastalbuildingsystems.com,AP Aging Analyst,Explain the headcount variance vs plan,completed,20.2,"Treasury Jun variance was $3,068,359 vs plan",1777315720
r18-0002681,lpatel@coastalbuildingsystems.com,Covenant Checker,Forecast Jun operating cash flow,completed,31.3,"Treasury Jun variance was $1,838,921 vs plan",1777322320
r18-0002682,jjones@coastalbuildingsystems.com,Cash Forecaster,Which cost centers are over budget YTD?,completed,11.0,"Accounting Jun variance was $4,584,368 vs plan",1777295464
r18-0002683,btaylor@coastalbuildingsystems.com,Vendor Spend Analyzer,Summarize the Mar variance for entity US-04,completed,60.8,"Ops Mar variance was $162,357 vs plan",1777315177
r18-0002684,canderson@coastalbuildingsystems.com,Flux Commentary,Which cost centers are over budget YTD?,completed,64.9,"FP&A Feb variance was $1,072,363 vs plan",1777308831
r18-0002685,canderson@coastalbuildingsystems.com,Board Deck Builder,Draft flux commentary for the May close,completed,58.8,"FP&A May variance was $2,906,997 vs plan",1777287034
r18-0002686,rwhite@coastalbuildingsystems.com,Variance Explainer,Check covenant compliance for the revolver,completed,21.0,"Ops Jun variance was $3,764,106 vs plan",1777296202
r18-0002687,lperez@coastalbuildingsystems.com,Flux Commentary,Draft flux commentary for the Apr close,completed,5.3,"Ops Apr variance was $3,736,721 vs plan",1777284875
r18-0002688,rwhite@coastalbuildingsystems.com,Vendor Spend Analyzer,Build the board deck cash slide for Apr,completed,11.2,"Accounting Apr variance was $1,823,716 vs plan",1777305972
r18-0002689,rwhite@coastalbuildingsystems.com,Board Deck Builder,Explain the headcount variance vs plan,completed,3.2,"Accounting Jan variance was $2,406,230 vs plan",1777304196
r18-0002690,rwhite@coastalbuildingsystems.com,Journal Entry Reviewer,Summarize the Feb variance for entity US-03,completed,53.7,"Accounting Feb variance was $678,488 vs plan",1777290899
r18-0002691,rwhite@coastalbuildingsystems.com,Variance Explainer,Build the board deck cash slide for May,completed,72.0,"Ops May variance was $4,658,505 vs plan",1777310812
r18-0002692,rwhite@coastalbuildingsystems.com,Budget vs Actual,Check covenant compliance for the revolver,completed,6.0,"Treasury Jun variance was $2,850,328 vs plan",1777304106
r18-0002693,bjones@coastalbuildingsystems.com,Vendor Spend Analyzer,Forecast May operating cash flow,completed,59.8,"FP&A May variance was $2,962,834 vs plan",1777302797
r18-0002694,lperez@coastalbuildingsystems.com,Headcount Planner,Which cost centers are over budget YTD?,completed,13.6,"FP&A Jun variance was $3,454,133 vs plan",1777297276
r18-0002695,rwhite@coastalbuildingsystems.com,Budget vs Actual,Forecast Jun operating cash flow,completed,55.5,"Treasury Jun variance was $175,789 vs plan",1777310125
r18-0002696,bjones@coastalbuildingsystems.com,Budget vs Actual,Check covenant compliance for the revolver,completed,53.3,"Ops Jan variance was $1,317,695 vs plan",1777316504
r18-0002697,rwhite@coastalbuildingsystems.com,Headcount Planner,Build the board deck cash slide for May,completed,40.3,"FP&A May variance was $2,426,091 vs plan",1777310458
r18-0002698,rwhite@coastalbuildingsystems.com,AP Aging Analyst,Reconcile AP aging over 90 days for MX-09,completed,66.9,"Accounting Jun variance was $4,666,743 vs plan",1777301160
r18-0002699,canderson@coastalbuildingsystems.com,Covenant Checker,Draft flux commentary for the Jan close,completed,50.1,"Treasury Jan variance was $3,833,447 vs plan",1777298813
r18-0002700,btaylor@coastalbuildingsystems.com,Revenue Recognizer,Forecast Feb operating cash flow,completed,67.8,"Ops Feb variance was $3,354,124 vs plan",1777300003
r18-0002701,rwhite@coastalbuildingsystems.com,Cash Forecaster,What drove the change in gross margin this quarter?,error,5.4,ERROR: upstream request timed out,1777316809
r18-0002702,rperez@coastalbuildingsystems.com,Revenue Recognizer,Forecast Jun operating cash flow,completed,54.0,"FP&A Jun variance was $3,053,477 vs plan",1777313919
r18-0002703,rwhite@coastalbuildingsystems.com,AP Aging Analyst,Forecast Jun operating cash flow,completed,17.8,"Ops Jun variance was $4,678,811 vs plan",1777294990
r18-0002704,dkim@coastalbuildingsystems.com,Revenue Recognizer,Forecast Jun operating cash flow,completed,69.2,"FP&A Jun variance was $745,198 vs plan",1777305119
r18-0002705,sjackson@coastalbuildingsystems.com,Board Deck Builder,Summarize the Apr variance for entity MX-08,completed,0.6,FAILED: null reference in aggregation step,1777390095
r18-0002706,sbrown@coastalbuildingsystems.com,AP Aging Analyst,Why did Treasury spend exceed budget in May?,completed,39.3,"Treasury May variance was $4,581,055 vs plan",1777402208
r18-0002707,sbrown@coastalbuildingsystems.com,Budget vs Actual,Summarize the Jun variance for entity US-06,completed,68.1,"Ops Jun variance was $4,070,439 vs plan",1777410944
r18-0002708,bjones@coastalbuildingsystems.com,Budget vs Actual,Why did Treasury spend exceed budget in Jun?,completed,45.6,"Treasury Jun variance was $2,294,697 vs plan",1777393211
r18-0002709,rperez@coastalbuildingsystems.com,Journal Entry Reviewer,Forecast May operating cash flow,completed,36.7,"Ops May variance was $4,770,421 vs plan",1777411561
r18-0002710,jthompson@coastalbuildingsystems.com,Covenant Checker,Summarize the Jan variance for entity EU-05,completed,41.4,"Ops Jan variance was $3,013,978 vs plan",1777401543
r18-0002711,sjackson@coastalbuildingsystems.com,Covenant Checker,Reconcile AP aging over 90 days for US-02,completed,12.2,"Accounting Feb variance was $4,411,309 vs plan",1777389165
r18-0002712,rwhite@coastalbuildingsystems.com,Covenant Checker,What drove the change in gross margin this quarter?,completed,57.2,"FP&A Feb variance was $964,377 vs plan",1777387736
r18-0002713,bjones@coastalbuildingsystems.com,AP Aging Analyst,Which cost centers are over budget YTD?,completed,72.0,"Treasury Feb variance was $2,495,294 vs plan",1777402739
r18-0002714,rwhite@coastalbuildingsystems.com,Revenue Recognizer,Summarize the Jun variance for entity EU-05,completed,18.2,"FP&A Jun variance was $4,785,014 vs plan",1777402282
r18-0002715,btaylor@coastalbuildingsystems.com,Journal Entry Reviewer,Which cost centers are over budget YTD?,completed,27.6,"Treasury Jun variance was $3,074,704 vs plan",1777408859
r18-0002716,bjones@coastalbuildingsystems.com,Cash Forecaster,Why did FP&A spend exceed budget in May?,completed,28.1,"FP&A May variance was $1,022,085 vs plan",1777391074
r18-0002717,rwhite@coastalbuildingsystems.com,Cash Forecaster,What drove the change in gross margin this quarter?,completed,69.2,"Ops Feb variance was $3,134,064 vs plan",1777391778
r18-0002718,jjones@coastalbuildingsystems.com,Flux Commentary,Explain the headcount variance vs plan,completed,47.3,"Treasury May variance was $1,305,427 vs plan",1777394939
r18-0002719,rwhite@coastalbuildingsystems.com,AP Aging Analyst,Which cost centers are over budget YTD?,completed,5.0,"Ops Mar variance was $667,646 vs plan",1777409223
r18-0002720,rwhite@coastalbuildingsystems.com,Vendor Spend Analyzer,Forecast Jan operating cash flow,completed,71.0,"Ops Jan variance was $2,761,153 vs plan",1777387928
r18-0002721,rwhite@coastalbuildingsystems.com,Covenant Checker,Which cost centers are over budget YTD?,completed,26.3,"Accounting Mar variance was $354,569 vs plan",1777383420
r18-0002722,rwhite@coastalbuildingsystems.com,Board Deck Builder,What drove the change in gross margin this quarter?,completed,17.0,"Ops Jan variance was $2,736,474 vs plan",1777406150
r18-0002723,rwhite@coastalbuildingsystems.com,Headcount Planner,Explain the headcount variance vs plan,completed,5.0,"Treasury Apr variance was $4,128,882 vs plan",1777405174
r18-0002724,jjones@coastalbuildingsystems.com,Cash Forecaster,Which cost centers are over budget YTD?,completed,33.3,"FP&A Jan variance was $2,778,631 vs plan",1777410246
r18-0002725,canderson@coastalbuildingsystems.com,Journal Entry Reviewer,Summarize the Apr variance for entity US-08,completed,4.5,"Accounting Apr variance was $3,847,583 vs plan",1777422066
r18-0002726,jwhite2@coastalbuildingsystems.com,Journal Entry Reviewer,Explain the headcount variance vs plan,completed,62.3,"FP&A Jun variance was $4,663,207 vs plan",1777398254
r18-0002727,rwhite@coastalbuildingsystems.com,Close Checklist Bot,Draft flux commentary for the May close,completed,68.5,"FP&A May variance was $532,481 vs plan",1777406730
r18-0002728,bjones@coastalbuildingsystems.com,Board Deck Builder,Draft flux commentary for the Jun close,completed,22.3,"Treasury Jun variance was $1,057,659 vs plan",1777399221
r18-0002729,rwhite@coastalbuildingsystems.com,Cash Forecaster,Draft flux commentary for the May close,completed,42.8,"Accounting May variance was $2,556,092 vs plan",1777424822
r18-0002730,lpatel@coastalbuildingsystems.com,AP Aging Analyst,Summarize the Apr variance for entity CA-05,error,2.3,Traceback (most recent call last): KeyError 'entity',1777370514
r18-0002731,bjones@coastalbuildingsystems.com,AP Aging Analyst,What drove the change in gross margin this quarter?,completed,13.5,"Treasury Feb variance was $1,233,791 vs plan",1777382142
r18-0002732,rthompson@coastalbuildingsystems.com,Cash Forecaster,What drove the change in gross margin this quarter?,completed,11.4,"Ops Mar variance was $764,175 vs plan",1777389635
r18-0002733,bjones@coastalbuildingsystems.com,Close Checklist Bot,Check covenant compliance for the revolver,completed,33.8,"Ops Apr variance was $4,527,289 vs plan",1777395641
r18-0002734,bjones@coastalbuildingsystems.com,Journal Entry Reviewer,What drove the change in gross margin this quarter?,completed,6.1,"Accounting Feb variance was $575,220 vs plan",1777391622
r18-0002735,rwhite@coastalbuildingsystems.com,Close Checklist Bot,What drove the change in gross margin this quarter?,completed,23.1,"Treasury Jan variance was $596,488 vs plan",1777399448
r18-0002736,rwhite@coastalbuildingsystems.com,Covenant Checker,Summarize the Apr variance for entity CA-01,completed,14.4,"FP&A Apr variance was $462,294 vs plan",1777398686
r18-0002737,rwhite@coastalbuildingsystems.com,AP Aging Analyst,Build the board deck cash slide for May,completed,5.8,"FP&A May variance was $2,664,698 vs plan",1777398369
r18-0002738,bjones@coastalbuildingsystems.com,Covenant Checker,Which cost centers are over budget YTD?,completed,54.9,"Treasury Jan variance was $951,663 vs plan",1777379788
r18-0002739,jwhite@coastalbuildingsystems.com,Journal Entry Reviewer,Summarize the Jan variance for entity EU-03,completed,30.0,"Accounting Jan variance was $2,486,046 vs plan",1777384926
r18-0002740,rperez@coastalbuildingsystems.com,AP Aging Analyst,Draft flux commentary for the Apr close,completed,28.0,"Treasury Apr variance was $3,085,866 vs plan",1777384858
r18-0002741,lperez@coastalbuildingsystems.com,Covenant Checker,Explain the headcount variance vs plan,completed,59.2,"Ops Mar variance was $2,386,134 vs plan",1777413236
r18-0002742,rwhite@coastalbuildingsystems.com,Cash Forecaster,Which cost centers are over budget YTD?,completed,72.8,"Ops Jun variance was $3,737,039 vs plan",1777405732
r18-0002743,sbrown@coastalbuildingsystems.com,Vendor Spend Analyzer,Why did Accounting spend exceed budget in Jan?,completed,47.9,"Accounting Jan variance was $3,103,928 vs plan",1777390258
r18-0002744,btaylor@coastalbuildingsystems.com,Cash Forecaster,What drove the change in gross margin this quarter?,completed,49.6,"Ops Apr variance was $4,462,179 vs plan",1777394375
r18-0002745,jwhite2@coastalbuildingsystems.com,Vendor Spend Analyzer,Summarize the Jun variance for entity MX-03,completed,53.1,"Ops Jun variance was $2,470,752 vs plan",1777389014
r18-0002746,rwhite@coastalbuildingsystems.com,AP Aging Analyst,Why did FP&A spend exceed budget in Feb?,completed,70.0,"FP&A Feb variance was $1,222,543 vs plan",1777381433
r18-0002747,rperez@coastalbuildingsystems.com,Vendor Spend Analyzer,What drove the change in gross margin this quarter?,completed,9.7,"FP&A May variance was $2,302,306 vs plan",1777389832
r18-0002748,rperez@coastalbuildingsystems.com,Cash Forecaster,Explain the headcount variance vs plan,completed,43.5,"FP&A May variance was $3,527,841 vs plan",1777390957
r18-0002749,rwhite@coastalbuildingsystems.com,Journal Entry Reviewer,Reconcile AP aging over 90 days for CA-01,completed,8.9,"Treasury Jun variance was $1,710,680 vs plan",1777404853
r18-0002750,dkim@coastalbuildingsystems.com,Budget vs Actual,Which cost centers are over budget YTD?,completed,30.8,"Treasury Jan variance was $4,699,714 vs plan",1777401838
r18-0002751,rwhite@coastalbuildingsystems.com,Flux Commentary,Draft flux commentary for the Apr close,completed,37.4,"Ops Apr variance was $3,367,560 vs plan",1777373812
r18-0002752,rperez@coastalbuildingsystems.com,Flux Commentary,Summarize the Jan variance for entity MX-05,completed,1.3,FAILED: null reference in aggregation step,1777393909
r18-0002753,bjones@coastalbuildingsystems.com,Journal Entry Reviewer,Summarize the May variance for entity US-02,completed,27.3,"Treasury May variance was $1,591,973 vs plan",1777475206
r18-0002754,dkim@coastalbuildingsystems.com,Variance Explainer,Why did Treasury spend exceed budget in Feb?,completed,66.8,"Treasury Feb variance was $3,480,281 vs plan",1777490579
r18-0002755,rwhite@coastalbuildingsystems.com,Flux Commentary,Summarize the Feb variance for entity MX-01,completed,0.3,FAILED: null reference in aggregation step,1777488745
r18-0002756,bjones@coastalbuildingsystems.com,Vendor Spend Analyzer,Check covenant compliance for the revolver,completed,29.8,"Accounting Apr variance was $4,694,535 vs plan",1777468330
r18-0002757,bjones@coastalbuildingsystems.com,Covenant Checker,Draft flux commentary for the Jan close,completed,3.4,"Accounting Jan variance was $3,205,530 vs plan",1777488011
r18-0002758,bjones@coastalbuildingsystems.com,Variance Explainer,Forecast May operating cash flow,completed,33.6,"Accounting May variance was $2,151,302 vs plan",1777479471
r18-0002759,canderson@coastalbuildingsystems.com,Covenant Checker,Check covenant compliance for the revolver,completed,65.0,"Accounting Jun variance was $2,181,625 vs plan",1777460947
r18-0002760,rwhite@coastalbuildingsystems.com,Vendor Spend Analyzer,Forecast Mar operating cash flow,completed,23.7,"Accounting Mar variance was $1,665,499 vs plan",1777487850
r18-0002761,bjones@coastalbuildingsystems.com,Variance Explainer,Which cost centers are over budget YTD?,completed,3.0,"Treasury Mar variance was $965,997 vs plan",1777474992
r18-0002762,rwhite@coastalbuildingsystems.com,Board Deck Builder,Draft flux commentary for the Jun close,completed,32.8,"Ops Jun variance was $4,180,838 vs plan",1777499537
r18-0002763,sbrown@coastalbuildingsystems.com,Flux Commentary,Reconcile AP aging over 90 days for EU-04,completed,32.8,"Ops Feb variance was $1,530,574 vs plan",1777483553
r18-0002764,rwhite@coastalbuildingsystems.com,Revenue Recognizer,Explain the headcount variance vs plan,completed,5.3,"Accounting Apr variance was $1,451,701 vs plan",1777494698
r18-0002765,dkim@coastalbuildingsystems.com,Vendor Spend Analyzer,Reconcile AP aging over 90 days for MX-02,completed,66.1,"Treasury Mar variance was $1,250,967 vs plan",1777497107
r18-0002766,jjones@coastalbuildingsystems.com,Close Checklist Bot,Why did Accounting spend exceed budget in Feb?,completed,15.7,"Accounting Feb variance was $3,609,145 vs plan",1777488238
r18-0002767,rwhite@coastalbuildingsystems.com,Close Checklist Bot,Reconcile AP aging over 90 days for US-07,completed,38.5,"Ops May variance was $2,930,526 vs plan",1777472152
r18-0002768,bjones@coastalbuildingsystems.com,Vendor Spend Analyzer,Reconcile AP aging over 90 days for MX-09,completed,61.3,"Ops Apr variance was $1,361,126 vs plan",1777480425
r18-0002769,lperez@coastalbuildingsystems.com,Journal Entry Reviewer,Explain the headcount variance vs plan,completed,39.8,"FP&A Jun variance was $996,114 vs plan",1777492552
r18-0002770,sjackson@coastalbuildingsystems.com,Budget vs Actual,Why did Treasury spend exceed budget in Mar?,completed,44.7,"Treasury Mar variance was $1,840,168 vs plan",1777494781
r18-0002771,bjones@coastalbuildingsystems.com,Budget vs Actual,Build the board deck cash slide for Apr,completed,55.8,"Treasury Apr variance was $2,051,282 vs plan",1777508095
r18-0002772,jjones@coastalbuildingsystems.com,Variance Explainer,Reconcile AP aging over 90 days for CA-02,completed,64.3,"FP&A Mar variance was $1,790,522 vs plan",1777494344
r18-0002773,rperez@coastalbuildingsystems.com,Flux Commentary,Forecast Apr operating cash flow,completed,69.2,"Ops Apr variance was $2,000,111 vs plan",1777468772
r18-0002774,dkim@coastalbuildingsystems.com,Board Deck Builder,Reconcile AP aging over 90 days for US-06,completed,53.0,"Treasury Apr variance was $3,417,712 vs plan",1777486200
r18-0002775,rwhite@coastalbuildingsystems.com,Variance Explainer,Why did Accounting spend exceed budget in Mar?,error,1.2,Traceback (most recent call last): KeyError 'entity',1777468822
r18-0002776,rwhite@coastalbuildingsystems.com,Board Deck Builder,What drove the change in gross margin this quarter?,completed,1.9,FAILED: null reference in aggregation step,1777491079
r18-0002777,dkim@coastalbuildingsystems.com,Cash Forecaster,Build the board deck cash slide for Jan,completed,69.2,"Treasury Jan variance was $2,197,848 vs plan",1777495934
r18-0002778,dgonzalez@coastalbuildingsystems.com,Journal Entry Reviewer,Explain the headcount variance vs plan,completed,50.3,"FP&A Apr variance was $3,766,206 vs plan",1777478605
r18-0002779,rwhite@coastalbuildingsystems.com,Flux Commentary,Why did FP&A spend exceed budget in Apr?,completed,53.7,"FP&A Apr variance was $4,559,553 vs plan",1777480440
r18-0002780,rwhite@coastalbuildingsystems.com,Flux Commentary,Which cost centers are over budget YTD?,completed,25.4,"Ops Apr variance was $1,880,017 vs plan",1777486380
r18-0002781,dkim@coastalbuildingsystems.com,Variance Explainer,Check covenant compliance for the revolver,completed,55.8,"Treasury Jan variance was $3,202,350 vs plan",1777484520
r18-0002782,btaylor@coastalbuildingsystems.com,Revenue Recognizer,Forecast May operating cash flow,completed,51.7,"FP&A May variance was $3,468,448 vs plan",1777487206
r18-0002783,bjones@coastalbuildingsystems.com,Revenue Recognizer,Reconcile AP aging over 90 days for EU-06,completed,1.0,error code 502 from model gateway,1777478559
r18-0002784,sjackson@coastalbuildingsystems.com,Headcount Planner,Draft flux commentary for the May close,completed,59.6,"Accounting May variance was $3,699,009 vs plan",1777474145
r18-0002785,rwhite@coastalbuildingsystems.com,Budget vs Actual,Which cost centers are over budget YTD?,completed,40.1,"Ops Jan variance was $1,120,525 vs plan",1777479852
r18-0002786,bjones@coastalbuildingsystems.com,Cash Forecaster,Which cost centers are over budget YTD?,completed,58.7,"Ops Mar variance was $912,385 vs plan",1777481261
r18-0002787,rwhite@coastalbuildingsystems.com,AP Aging Analyst,What drove the change in gross margin this quarter?,completed,13.2,"Accounting Feb variance was $671,271 vs plan",1777481712
r18-0002788,rwhite@coastalbuildingsystems.com,Board Deck Builder,Build the board deck cash slide for Jun,completed,56.3,"Treasury Jun variance was $545,315 vs plan",1777471189
r18-0002789,rwhite@coastalbuildingsystems.com,Flux Commentary,Why did Ops spend exceed budget in Mar?,completed,0.9,error: connection reset by peer,1777471693
r18-0002790,rwhite@coastalbuildingsystems.com,Revenue Recognizer,Summarize the May variance for entity MX-07,completed,70.6,"Treasury May variance was $551,457 vs plan",1777499014
r18-0002791,dkim@coastalbuildingsystems.com,Vendor Spend Analyzer,Build the board deck cash slide for Mar,error,4.6,error: connection reset by peer,1777486313
r18-0002792,rthompson@coastalbuildingsystems.com,Close Checklist Bot,Why did Ops spend exceed budget in May?,completed,51.9,"Ops May variance was $199,469 vs plan",1777479483
r18-0002793,dkim@coastalbuildingsystems.com,Vendor Spend Analyzer,Summarize the Apr variance for entity MX-09,completed,73.3,"Treasury Apr variance was $445,103 vs plan",1777477420
r18-0002794,rperez@coastalbuildingsystems.com,Revenue Recognizer,Summarize the Apr variance for entity US-04,completed,20.6,"Accounting Apr variance was $2,001,863 vs plan",1777476654
r18-0002795,rwhite@coastalbuildingsystems.com,Budget vs Actual,Draft flux commentary for the Feb close,completed,44.1,"Accounting Feb variance was $102,844 vs plan",1777472107
r18-0002796,sjackson@coastalbuildingsystems.com,AP Aging Analyst,Forecast Jan operating cash flow,completed,1.1,Traceback (most recent call last): KeyError 'entity',1777499308
r18-0002797,lperez@coastalbuildingsystems.com,Flux Commentary,Which cost centers are over budget YTD?,completed,34.1,"Ops Apr variance was $967,820 vs plan",1777488951
r18-0002798,sjackson@coastalbuildingsystems.com,Close Checklist Bot,Forecast Jun operating cash flow,completed,4.5,"Ops Jun variance was $4,395,629 vs plan",1777475644
r18-0002799,rwhite@coastalbuildingsystems.com,Variance Explainer,Build the board deck cash slide for Jun,completed,11.7,"Ops Jun variance was $3,689,590 vs plan",1777504056
r18-0002800,dgonzalez@coastalbuildingsystems.com,Budget vs Actual,Forecast Apr operating cash flow,completed,28.7,"Ops Apr variance was $240,898 vs plan",1777471442
r18-0002801,btaylor@coastalbuildingsystems.com,Headcount Planner,Build the board deck cash slide for Jan,completed,39.1,"Treasury Jan variance was $820,186 vs plan",1777487973
r18-0002802,rwhite@coastalbuildingsystems.com,Board Deck Builder,Build the board deck cash slide for Mar,completed,1.8,error code 502 from model gateway,1777487231
r18-0002803,bjones@coastalbuildingsystems.com,Headcount Planner,Why did Treasury spend exceed budget in Feb?,completed,47.6,"Treasury Feb variance was $3,896,120 vs plan",1777571991
r18-0002804,sbrown@coastalbuildingsystems.com,Variance Explainer,Explain the headcount variance vs plan,completed,74.1,"Accounting May variance was $1,404,447 vs plan",1777572700
r18-0002805,rwhite@coastalbuildingsystems.com,Board Deck Builder,Draft flux commentary for the Apr close,completed,33.6,"Ops Apr variance was $2,544,973 vs plan",1777576638
r18-0002806,bjones@coastalbuildingsystems.com,AP Aging Analyst,Build the board deck cash slide for Mar,completed,56.8,"Ops Mar variance was $679,486 vs plan",1777583115
r18-0002807,rwhite@coastalbuildingsystems.com,Journal Entry Reviewer,Which cost centers are over budget YTD?,completed,34.3,"Accounting Feb variance was $1,144,857 vs plan",1777565187
r18-0002808,wharris@coastalbuildingsystems.com,Budget vs Actual,Explain the headcount variance vs plan,completed,24.4,"Ops Jan variance was $3,772,457 vs plan",1777575964
r18-0002809,bjones@coastalbuildingsystems.com,Journal Entry Reviewer,Check covenant compliance for the revolver,completed,0.7,error code 502 from model gateway,1777573842
r18-0002810,rwhite@coastalbuildingsystems.com,Close Checklist Bot,Check covenant compliance for the revolver,completed,25.5,"Accounting May variance was $405,089 vs plan",1777565696
r18-0002811,rwhite@coastalbuildingsystems.com,Revenue Recognizer,Check covenant compliance for the revolver,completed,30.8,"Treasury Jan variance was $4,617,134 vs plan",1777581123
r18-0002812,rperez@coastalbuildingsystems.com,AP Aging Analyst,Reconcile AP aging over 90 days for EU-09,completed,63.5,"Accounting Jun variance was $2,416,101 vs plan",1777566974
r18-0002813,jjones@coastalbuildingsystems.com,Close Checklist Bot,Why did Ops spend exceed budget in Mar?,completed,14.7,"Ops Mar variance was $836,054 vs plan",1777585726
r18-0002814,jjones@coastalbuildingsystems.com,AP Aging Analyst,Explain the headcount variance vs plan,completed,1.8,Traceback (most recent call last): KeyError 'entity',1777557359
r18-0002815,bjones@coastalbuildingsystems.com,AP Aging Analyst,Why did Treasury spend exceed budget in May?,completed,0.3,error code 502 from model gateway,1777580140
r18-0002816,rwhite@coastalbuildingsystems.com,Journal Entry Reviewer,Forecast Apr operating cash flow,completed,72.9,"Treasury Apr variance was $3,070,450 vs plan",1777570894
r18-0002817,bjones@coastalbuildingsystems.com,Revenue Recognizer,Draft flux commentary for the Feb close,completed,22.4,"Treasury Feb variance was $167,569 vs plan",1777573046
r18-0002818,sbrown@coastalbuildingsystems.com,Journal Entry Reviewer,Draft flux commentary for the Jan close,completed,37.8,"Treasury Jan variance was $4,504,119 vs plan",1777578043
r18-0002819,rwhite@coastalbuildingsystems.com,Flux Commentary,What drove the change in gross margin this quarter?,completed,6.4,"Treasury Apr variance was $2,384,765 vs plan",1777574033
r18-0002820,rthompson@coastalbuildingsystems.com,Journal Entry Reviewer,Forecast Apr operating cash flow,completed,55.6,"FP&A Apr variance was $3,292,015 vs plan",1777578627
r18-0002821,sbrown@coastalbuildingsystems.com,Variance Explainer,Reconcile AP aging over 90 days for MX-08,completed,5.7,"Ops Jan variance was $35,167 vs plan",1777577093
r18-0002822,bjones@coastalbuildingsystems.com,Board Deck Builder,Which cost centers are over budget YTD?,completed,50.0,"Accounting May variance was $4,560,364 vs plan",1777577555
r18-0002823,rwhite@coastalbuildingsystems.com,Vendor Spend Analyzer,Build the board deck cash slide for Jan,completed,25.8,"Ops Jan variance was $2,557,184 vs plan",1777580009
r18-0002824,bjones@coastalbuildingsystems.com,Cash Forecaster,Draft flux commentary for the Jan close,completed,5.0,"Treasury Jan variance was $1,415,375 vs plan",1777558416
r18-0002825,rwhite@coastalbuildingsystems.com,Board Deck Builder,Check covenant compliance for the revolver,completed,47.2,"Accounting Mar variance was $2,913,035 vs plan",1777569473
r18-0002826,bjones@coastalbuildingsystems.com,Revenue Recognizer,Summarize the Jan variance for entity MX-07,completed,19.6,"Accounting Jan variance was $2,380,559 vs plan",1777573069
r18-0002827,dkim@coastalbuildingsystems.com,Variance Explainer,Which cost centers are over budget YTD?,completed,23.0,"Accounting Jun variance was $108,648 vs plan",1777574075
r18-0002828,rwhite@coastalbuildingsystems.com,AP Aging Analyst,Draft flux commentary for the Mar close,completed,1.4,FAILED: null reference in aggregation step,1777558865
r18-0002829,bjones@coastalbuildingsystems.com,Covenant Checker,What drove the change in gross margin this quarter?,completed,53.9,"FP&A Jun variance was $1,565,838 vs plan",1777554113
r18-0002830,rwhite@coastalbuildingsystems.com,Budget vs Actual,Explain the headcount variance vs plan,error,4.2,error: connection reset by peer,1777562596
r18-0002831,btaylor@coastalbuildingsystems.com,Headcount Planner,Build the board deck cash slide for Apr,completed,55.6,"Ops Apr variance was $2,128,186 vs plan",1777583680
r18-0002832,rwhite@coastalbuildingsystems.com,Headcount Planner,Explain the headcount variance vs plan,completed,72.9,"FP&A Apr variance was $2,121,447 vs plan",1777573646
r18-0002833,rthompson@coastalbuildingsystems.com,Close Checklist Bot,Reconcile AP aging over 90 days for EU-06,completed,71.8,"Ops Jun variance was $483,628 vs plan",1777567094
r18-0002834,bjones@coastalbuildingsystems.com,Flux Commentary,Check covenant compliance for the revolver,completed,11.6,"Treasury Jun variance was $275,336 vs plan",1777560225
r18-0002835,dkim@coastalbuildingsystems.com,Board Deck Builder,Summarize the Apr variance for entity CA-04,completed,20.9,"FP&A Apr variance was $4,217,788 vs plan",1777570526
r18-0002836,rwhite@coastalbuildingsystems.com,AP Aging Analyst,Which cost centers are over budget YTD?,completed,33.7,"Ops Jan variance was $4,323,703 vs plan",1777576474
r18-0002837,canderson@coastalbuildingsystems.com,Covenant Checker,Build the board deck cash slide for May,completed,73.7,"FP&A May variance was $2,255,673 vs plan",1777560500
r18-0002838,bjones@coastalbuildingsystems.com,Covenant Checker,Build the board deck cash slide for Apr,completed,8.6,"Treasury Apr variance was $997,820 vs plan",1777570300
r18-0002839,bjones@coastalbuildingsystems.com,Revenue Recognizer,Why did Ops spend exceed budget in Feb?,completed,9.4,"Ops Feb variance was $455,333 vs plan",1777659057
r18-0002840,jjones@coastalbuildingsystems.com,Close Checklist Bot,Explain the headcount variance vs plan,completed,29.4,"FP&A Feb variance was $4,657,377 vs plan",1777644271
r18-0002841,rwhite@coastalbuildingsystems.com,Variance Explainer,What drove the change in gross margin this quarter?,error,7.0,Traceback (most recent call last): KeyError 'entity',1777634975
r18-0002842,btaylor@coastalbuildingsystems.com,Headcount Planner,Which cost centers are over budget YTD?,completed,52.0,"Accounting Jun variance was $4,075,833 vs plan",1777630056
r18-0002843,rwhite@coastalbuildingsystems.com,Close Checklist Bot,Explain the headcount variance vs plan,completed,7.5,"Accounting Mar variance was $1,583,617 vs plan",1777648955
r18-0002844,wharris@coastalbuildingsystems.com,Budget vs Actual,Draft flux commentary for the Jan close,completed,42.4,"FP&A Jan variance was $1,845,022 vs plan",1777665675
r18-0002845,rwhite@coastalbuildingsystems.com,Flux Commentary,Explain the headcount variance vs plan,completed,58.5,"FP&A Mar variance was $3,872,685 vs plan",1777644317
r18-0002846,dkim@coastalbuildingsystems.com,Vendor Spend Analyzer,Which cost centers are over budget YTD?,completed,20.3,"Ops Feb variance was $4,440,091 vs plan",1777639885
r18-0002847,rwhite@coastalbuildingsystems.com,Journal Entry Reviewer,Check covenant compliance for the revolver,completed,45.9,"Accounting Mar variance was $2,480,475 vs plan",1777670741
r18-0002848,dkim@coastalbuildingsystems.com,Vendor Spend Analyzer,Reconcile AP aging over 90 days for US-05,completed,5.6,"FP&A Mar variance was $2,107,816 vs plan",1777653214
r18-0002849,rwhite@coastalbuildingsystems.com,Vendor Spend Analyzer,Summarize the Jun variance for entity MX-04,completed,35.3,"Ops Jun variance was $1,580,878 vs plan",1777672001
r18-0002850,dkim@coastalbuildingsystems.com,Revenue Recognizer,Reconcile AP aging over 90 days for US-09,completed,3.2,"Accounting Feb variance was $2,240,236 vs plan",1777630203
r18-0002851,rwhite@coastalbuildingsystems.com,Headcount Planner,Check covenant compliance for the revolver,completed,17.5,"Accounting Jan variance was $891,435 vs plan",1777641247
r18-0002852,rwhite@coastalbuildingsystems.com,Vendor Spend Analyzer,Summarize the Apr variance for entity EU-09,completed,52.7,"Accounting Apr variance was $3,576,068 vs plan",1777659422
r18-0002853,bjones@coastalbuildingsystems.com,AP Aging Analyst,Forecast May operating cash flow,completed,7.6,"Treasury May variance was $1,377,585 vs plan",1777631948
r18-0002854,lperez@coastalbuildingsystems.com,Covenant Checker,Draft flux commentary for the Jan close,completed,17.7,"Treasury Jan variance was $1,141,469 vs plan",1777660853
r18-0002855,jjones@coastalbuildingsystems.com,Revenue Recognizer,Explain the headcount variance vs plan,completed,22.0,"Accounting Feb variance was $3,157,024 vs plan",1777640471
r18-0002856,jwhite@coastalbuildingsystems.com,AP Aging Analyst,Forecast Apr operating cash flow,completed,52.7,"FP&A Apr variance was $4,772,761 vs plan",1777643525
r18-0002857,rwhite@coastalbuildingsystems.com,Covenant Checker,What drove the change in gross margin this quarter?,completed,18.9,"FP&A Jan variance was $649,654 vs plan",1777665172
r18-0002858,rwhite@coastalbuildingsystems.com,Budget vs Actual,Forecast Jan operating cash flow,completed,41.4,"FP&A Jan variance was $748,089 vs plan",1777649288
r18-0002859,rwhite@coastalbuildingsystems.com,Covenant Checker,Summarize the Jun variance for entity US-09,completed,5.2,"Accounting Jun variance was $3,215,569 vs plan",1777644788
r18-0002860,rwhite@coastalbuildingsystems.com,Budget vs Actual,Explain the headcount variance vs plan,completed,25.7,"Accounting Jun variance was $2,647,924 vs plan",1777665491
r18-0002861,rwhite@coastalbuildingsystems.com,Headcount Planner,What drove the change in gross margin this quarter?,completed,63.9,"Ops Jan variance was $2,281,564 vs plan",1777652213
r18-0002862,bjones@coastalbuildingsystems.com,Board Deck Builder,Draft flux commentary for the Jan close,completed,27.9,"Ops Jan variance was $3,253,940 vs plan",1777659298
r18-0002863,lperez@coastalbuildingsystems.com,Covenant Checker,Why did Treasury spend exceed budget in Jan?,completed,17.9,"Treasury Jan variance was $250,531 vs plan",1777651772
r18-0002864,canderson@coastalbuildingsystems.com,Close Checklist Bot,Draft flux commentary for the Jan close,completed,4.0,"Treasury Jan variance was $1,771,947 vs plan",1777648498
r18-0002865,jjones@coastalbuildingsystems.com,Close Checklist Bot,Explain the headcount variance vs plan,completed,37.3,"Treasury May variance was $2,126,697 vs plan",1777634024
r18-0002866,bjones@coastalbuildingsystems.com,Journal Entry Reviewer,Which cost centers are over budget YTD?,completed,31.7,"Ops Feb variance was $2,351,666 vs plan",1777662395
r18-0002867,rwhite@coastalbuildingsystems.com,Revenue Recognizer,Forecast Feb operating cash flow,completed,36.4,"Accounting Feb variance was $489,664 vs plan",1777662452
r18-0002868,jthompson@coastalbuildingsystems.com,Vendor Spend Analyzer,Which cost centers are over budget YTD?,completed,30.0,"Accounting Jun variance was $703,526 vs plan",1777668487
r18-0002869,rwhite@coastalbuildingsystems.com,Variance Explainer,Why did Treasury spend exceed budget in May?,completed,9.8,"Treasury May variance was $3,411,122 vs plan",1777664079
r18-0002870,rperez@coastalbuildingsystems.com,Headcount Planner,Why did Ops spend exceed budget in Mar?,completed,13.5,"Ops Mar variance was $2,810,717 vs plan",1777655280
r18-0002871,rwhite@coastalbuildingsystems.com,AP Aging Analyst,Draft flux commentary for the Apr close,completed,39.1,"Accounting Apr variance was $1,919,065 vs plan",1777637230
r18-0002872,rwhite@coastalbuildingsystems.com,Close Checklist Bot,Build the board deck cash slide for May,completed,25.8,"Treasury May variance was $4,133,376 vs plan",1777668095
r18-0002873,dkim@coastalbuildingsystems.com,Journal Entry Reviewer,Reconcile AP aging over 90 days for MX-06,completed,47.9,"Accounting Jan variance was $3,769,588 vs plan",1777662526
r18-0002874,rwhite@coastalbuildingsystems.com,Journal Entry Reviewer,Which cost centers are over budget YTD?,completed,8.7,"FP&A Jun variance was $3,567,428 vs plan",1777634573
r18-0002875,jjones@coastalbuildingsystems.com,Variance Explainer,Forecast Feb operating cash flow,completed,14.2,"Ops Feb variance was $2,356,115 vs plan",1777660512
r18-0002876,rwhite@coastalbuildingsystems.com,Cash Forecaster,Check covenant compliance for the revolver,completed,74.1,"FP&A Jan variance was $2,719,003 vs plan",1777644782
r18-0002877,sbrown@coastalbuildingsystems.com,Flux Commentary,Build the board deck cash slide for Mar,error,4.7,FAILED: null reference in aggregation step,1777657912
r18-0002878,rwhite@coastalbuildingsystems.com,Covenant Checker,Summarize the Jun variance for entity EU-07,completed,62.9,"Accounting Jun variance was $4,031,650 vs plan",1777673000
r18-0002879,rwhite@coastalbuildingsystems.com,Revenue Recognizer,Reconcile AP aging over 90 days for CA-09,completed,32.2,"Treasury Jan variance was $3,375,984 vs plan",1777649480
r18-0002880,rwhite@coastalbuildingsystems.com,Revenue Recognizer,Why did Accounting spend exceed budget in Jun?,completed,73.4,"Accounting Jun variance was $3,536,830 vs plan",1777661154
r18-0002881,lperez@coastalbuildingsystems.com,Variance Explainer,Forecast Apr operating cash flow,completed,26.7,"FP&A Apr variance was $4,304,947 vs plan",1777662089
r18-0002882,rwhite@coastalbuildingsystems.com,Flux Commentary,Which cost centers are over budget YTD?,completed,61.9,"FP&A May variance was $774,847 vs plan",1777646227
r18-0002883,sbrown@coastalbuildingsystems.com,Covenant Checker,Build the board deck cash slide for Feb,completed,0.4,FAILED: null reference in aggregation step,1777654878
r18-0002884,rwhite@coastalbuildingsystems.com,Vendor Spend Analyzer,What drove the change in gross margin this quarter?,completed,22.5,"Treasury Feb variance was $4,593,028 vs plan",1777661265
r18-0002885,rwhite@coastalbuildingsystems.com,Variance Explainer,Why did Ops spend exceed budget in Jan?,completed,23.4,"Ops Jan variance was $539,009 vs plan",1777647710
r18-0002886,canderson@coastalbuildingsystems.com,Board Deck Builder,Explain the headcount variance vs plan,completed,19.0,"Treasury Apr variance was $3,638,102 vs plan",1777655960
r18-0002887,lperez@coastalbuildingsystems.com,Headcount Planner,What drove the change in gross margin this quarter?,error,0.7,error code 502 from model gateway,1777648224
r18-0002888,rwhite@coastalbuildingsystems.com,Close Checklist Bot,Draft flux commentary for the Apr close,completed,49.0,"Accounting Apr variance was $2,600,395 vs plan",1777650903
r18-0002889,bjones@coastalbuildingsystems.com,AP Aging Analyst,Draft flux commentary for the Mar close,completed,74.1,"Treasury Mar variance was $81,805 vs plan",1777652019
r18-0002890,jwhite2@coastalbuildingsystems.com,Close Checklist Bot,Why did Treasury spend exceed budget in Jun?,completed,59.3,"Treasury Jun variance was $4,324,356 vs plan",1777651932
r18-0002891,rperez@coastalbuildingsystems.com,Covenant Checker,Forecast Jun operating cash flow,completed,7.1,"Accounting Jun variance was $2,963,388 vs plan",1777646468
r18-0002892,wharris@coastalbuildingsystems.com,Headcount Planner,Why did FP&A spend exceed budget in Apr?,completed,1.5,Traceback (most recent call last): KeyError 'entity',1777656097
r18-0002893,rwhite@coastalbuildingsystems.com,AP Aging Analyst,Forecast Feb operating cash flow,completed,1.5,ERROR: upstream request timed out,1777644604
r18-0002894,rwhite@coastalbuildingsystems.com,Headcount Planner,Explain the headcount variance vs plan,completed,64.1,"FP&A Apr variance was $798,340 vs plan",1777655327
r18-0002895,rwhite@coastalbuildingsystems.com,Vendor Spend Analyzer,Summarize the Jun variance for entity EU-02,completed,17.5,"Treasury Jun variance was $3,759,106 vs plan",1777660091
r18-0002896,dkim@coastalbuildingsystems.com,AP Aging Analyst,Draft flux commentary for the Feb close,completed,30.3,"FP&A Feb variance was $3,456,800 vs plan",1777646605
r18-0002897,bjones@coastalbuildingsystems.com,Journal Entry Reviewer,Reconcile AP aging over 90 days for EU-07,completed,4.9,"Treasury Jun variance was $1,157,782 vs plan",1777655946
r18-0002898,lpatel@coastalbuildingsystems.com,Headcount Planner,Why did FP&A spend exceed budget in Feb?,completed,15.6,"FP&A Feb variance was $1,412,091 vs plan",1777656304
r18-0002899,jwhite@coastalbuildingsystems.com,Board Deck Builder,Build the board deck cash slide for Feb,completed,22.8,"Accounting Feb variance was $1,794,994 vs plan",1777670166
r18-0002900,bjones@coastalbuildingsystems.com,Covenant Checker,Explain the headcount variance vs plan,completed,56.6,"Treasury Mar variance was $3,196,882 vs plan",1777652631
r18-0002901,dkim@coastalbuildingsystems.com,Flux Commentary,Build the board deck cash slide for Jan,completed,23.0,"Treasury Jan variance was $2,923,485 vs plan",1777658108
r18-0002902,sbrown@coastalbuildingsystems.com,Flux Commentary,Which cost centers are over budget YTD?,completed,69.9,"Accounting May variance was $246,319 vs plan",1777656316
r18-0002903,btaylor@coastalbuildingsystems.com,Flux Commentary,Forecast Jan operating cash flow,completed,27.5,"Treasury Jan variance was $4,452,472 vs plan",1777736276
r18-0002904,rwhite@coastalbuildingsystems.com,Close Checklist Bot,Which cost centers are over budget YTD?,completed,37.0,"Accounting Mar variance was $3,589,366 vs plan",1777734517
r18-0002905,jjones@coastalbuildingsystems.com,Budget vs Actual,Explain the headcount variance vs plan,completed,8.1,"Ops Feb variance was $1,947,942 vs plan",1777743152
r18-0002906,rwhite@coastalbuildingsystems.com,Flux Commentary,Summarize the May variance for entity US-04,completed,44.9,"Accounting May variance was $2,781,763 vs plan",1777745148
r18-0002907,rwhite@coastalbuildingsystems.com,Vendor Spend Analyzer,Draft flux commentary for the Apr close,completed,60.0,"Ops Apr variance was $3,701,307 vs plan",1777721364
r18-0002908,bjones@coastalbuildingsystems.com,Covenant Checker,Check covenant compliance for the revolver,completed,73.9,"FP&A Feb variance was $341,326 vs plan",1777723832
r18-0002909,rwhite@coastalbuildingsystems.com,Journal Entry Reviewer,Draft flux commentary for the Jan close,completed,16.0,"Treasury Jan variance was $4,695,880 vs plan",1777740000
r18-0002910,jjones@coastalbuildingsystems.com,Covenant Checker,Why did Ops spend exceed budget in Jan?,completed,70.5,"Ops Jan variance was $4,229,930 vs plan",1777732726
r18-0002911,rwhite@coastalbuildingsystems.com,Variance Explainer,Check covenant compliance for the revolver,completed,59.1,"Accounting Jun variance was $769,338 vs plan",1777748716
r18-0002912,rwhite@coastalbuildingsystems.com,Variance Explainer,Reconcile AP aging over 90 days for MX-02,completed,6.0,"Ops Jun variance was $2,775,880 vs plan",1777757696
r18-0002913,bjones@coastalbuildingsystems.com,Board Deck Builder,Draft flux commentary for the Feb close,completed,38.3,"Ops Feb variance was $3,799,863 vs plan",1777746380
r18-0002914,bjones@coastalbuildingsystems.com,Vendor Spend Analyzer,Summarize the May variance for entity CA-02,error,4.2,ERROR: upstream request timed out,1777737759
r18-0002915,sbrown@coastalbuildingsystems.com,Headcount Planner,Why did FP&A spend exceed budget in Mar?,completed,63.7,"FP&A Mar variance was $902,784 vs plan",1777745654
r18-0002916,rwhite@coastalbuildingsystems.com,Board Deck Builder,Check covenant compliance for the revolver,completed,40.8,"Ops Mar variance was $1,358,476 vs plan",1777743307
r18-0002917,rperez@coastalbuildingsystems.com,Vendor Spend Analyzer,Draft flux commentary for the Mar close,completed,14.9,"Treasury Mar variance was $592,258 vs plan",1777744133
r18-0002918,rwhite@coastalbuildingsystems.com,Cash Forecaster,Reconcile AP aging over 90 days for EU-08,completed,37.7,"Accounting Jan variance was $695,635 vs plan",1777729336
r18-0002919,sjackson@coastalbuildingsystems.com,Cash Forecaster,Check covenant compliance for the revolver,completed,53.5,"Ops Jan variance was $2,536,804 vs plan",1777753828
r18-0002920,rwhite@coastalbuildingsystems.com,Board Deck Builder,Build the board deck cash slide for May,completed,53.2,"Treasury May variance was $2,032,683 vs plan",1777824017
r18-0002921,rwhite@coastalbuildingsystems.com,Vendor Spend Analyzer,Which cost centers are over budget YTD?,completed,49.2,"Ops Apr variance was $2,052,225 vs plan",1777820195
r18-0002922,rperez@coastalbuildingsystems.com,Revenue Recognizer,Summarize the Feb variance for entity MX-08,completed,5.2,"Ops Feb variance was $4,586,262 vs plan",1777824644
r18-0002923,btaylor@coastalbuildingsystems.com,Close Checklist Bot,Explain the headcount variance vs plan,completed,1.0,Traceback (most recent call last): KeyError 'entity',1777842986
r18-0002924,dkim@coastalbuildingsystems.com,Cash Forecaster,Draft flux commentary for the Jan close,completed,13.3,"Treasury Jan variance was $2,093,651 vs plan",1777832205
r18-0002925,rwhite@coastalbuildingsystems.com,AP Aging Analyst,Forecast Feb operating cash flow,completed,30.3,"Ops Feb variance was $889,136 vs plan",1777805691
r18-0002926,dkim@coastalbuildingsystems.com,Budget vs Actual,Draft flux commentary for the Jan close,completed,16.2,"Ops Jan variance was $3,529,506 vs plan",1777841997
r18-0002927,dkim@coastalbuildingsystems.com,Covenant Checker,Check covenant compliance for the revolver,completed,46.4,"Ops Apr variance was $3,055,922 vs plan",1777829770
r18-0002928,wharris@coastalbuildingsystems.com,Covenant Checker,Summarize the Mar variance for entity CA-04,completed,62.6,"Ops Mar variance was $2,644,962 vs plan",1777829495
r18-0002929,rwhite@coastalbuildingsystems.com,Close Checklist Bot,What drove the change in gross margin this quarter?,completed,37.4,"Ops Jun variance was $2,586,775 vs plan",1777831257
r18-0002930,rwhite@coastalbuildingsystems.com,Vendor Spend Analyzer,What drove the change in gross margin this quarter?,completed,13.3,"Treasury Mar variance was $957,540 vs plan",1777822621
r18-0002931,jthompson@coastalbuildingsystems.com,Cash Forecaster,Check covenant compliance for the revolver,completed,57.8,"Treasury Jan variance was $434,850 vs plan",1777824646
r18-0002932,sjackson@coastalbuildingsystems.com,Vendor Spend Analyzer,Why did Accounting spend exceed budget in Jun?,completed,13.9,"Accounting Jun variance was $3,629,218 vs plan",1777844710
r18-0002933,jwhite2@coastalbuildingsystems.com,Board Deck Builder,Forecast Feb operating cash flow,error,1.6,FAILED: null reference in aggregation step,1777830109
r18-0002934,lpatel@coastalbuildingsystems.com,Variance Explainer,Build the board deck cash slide for Mar,completed,42.9,"Treasury Mar variance was $1,573,595 vs plan",1777831193
r18-0002935,rperez@coastalbuildingsystems.com,Covenant Checker,Forecast Apr operating cash flow,completed,43.5,"Ops Apr variance was $4,329,773 vs plan",1777841507
r18-0002936,jjones@coastalbuildingsystems.com,Flux Commentary,What drove the change in gross margin this quarter?,completed,1.2,FAILED: null reference in aggregation step,1777845099
r18-0002937,bjones@coastalbuildingsystems.com,Revenue Recognizer,What drove the change in gross margin this quarter?,completed,64.4,"FP&A Jun variance was $3,339,459 vs plan",1777829361
r18-0002938,rwhite@coastalbuildingsystems.com,Flux Commentary,Summarize the Mar variance for entity MX-09,completed,24.6,"Treasury Mar variance was $2,741,750 vs plan",1777826927
r18-0002939,jthompson@coastalbuildingsystems.com,Board Deck Builder,Which cost centers are over budget YTD?,completed,72.7,"Ops May variance was $3,769,900 vs plan",1777917923
r18-0002940,rwhite@coastalbuildingsystems.com,Cash Forecaster,Explain the headcount variance vs plan,completed,27.2,"FP&A Feb variance was $906,555 vs plan",1777913754
r18-0002941,rwhite@coastalbuildingsystems.com,Budget vs Actual,Summarize the Jan variance for entity MX-09,completed,23.5,"FP&A Jan variance was $4,124,547 vs plan",1777892574
r18-0002942,rwhite@coastalbuildingsystems.com,Board Deck Builder,Forecast May operating cash flow,completed,21.4,"Ops May variance was $2,325,725 vs plan",1777926932
r18-0002943,bjones@coastalbuildingsystems.com,Vendor Spend Analyzer,Forecast Feb operating cash flow,completed,1.1,ERROR: upstream request timed out,1777920744
r18-0002944,sbrown@coastalbuildingsystems.com,Headcount Planner,Build the board deck cash slide for Jan,completed,57.9,"FP&A Jan variance was $504,979 vs plan",1777931944
r18-0002945,rwhite@coastalbuildingsystems.com,Board Deck Builder,Explain the headcount variance vs plan,completed,39.1,"Treasury Apr variance was $118,597 vs plan",1777910657
r18-0002946,canderson@coastalbuildingsystems.com,Variance Explainer,Summarize the Jan variance for entity CA-08,completed,22.1,"Ops Jan variance was $3,175,605 vs plan",1777909457
r18-0002947,rwhite@coastalbuildingsystems.com,Close Checklist Bot,Reconcile AP aging over 90 days for EU-01,completed,15.4,"FP&A Jun variance was $499,843 vs plan",1777926583
r18-0002948,rwhite@coastalbuildingsystems.com,Board Deck Builder,Which cost centers are over budget YTD?,completed,9.6,"Treasury Apr variance was $249,532 vs plan",1777923469
r18-0002949,rwhite@coastalbuildingsystems.com,Budget vs Actual,Reconcile AP aging over 90 days for CA-05,completed,71.2,"Treasury Jan variance was $1,366,860 vs plan",1777890646
r18-0002950,rwhite@coastalbuildingsystems.com,Variance Explainer,Forecast Feb operating cash flow,completed,72.3,"Accounting Feb variance was $620,458 vs plan",1777911245
r18-0002951,rwhite@coastalbuildingsystems.com,Vendor Spend Analyzer,Draft flux commentary for the Mar close,error,6.8,error: connection reset by peer,1777909440
r18-0002952,bjones@coastalbuildingsystems.com,Headcount Planner,Reconcile AP aging over 90 days for EU-07,completed,7.5,"Accounting Feb variance was $3,037,056 vs plan",1777910061
r18-0002953,bjones@coastalbuildingsystems.com,Headcount Planner,Why did FP&A spend exceed budget in Jun?,completed,52.4,"FP&A Jun variance was $2,387,915 vs plan",1777913320
r18-0002954,rwhite@coastalbuildingsystems.com,Flux Commentary,Forecast May operating cash flow,completed,42.1,"Treasury May variance was $1,391,767 vs plan",1777919957
r18-0002955,rwhite@coastalbuildingsystems.com,Covenant Checker,Which cost centers are over budget YTD?,completed,35.3,"FP&A Jan variance was $2,258,014 vs plan",1777903237
r18-0002956,jthompson@coastalbuildingsystems.com,Budget vs Actual,Summarize the May variance for entity MX-07,completed,65.4,"Ops May variance was $1,422,470 vs plan",1777902759
r18-0002957,rwhite@coastalbuildingsystems.com,Journal Entry Reviewer,Check covenant compliance for the revolver,completed,57.0,"Accounting Jun variance was $2,358,448 vs plan",1777903738
r18-0002958,jjones@coastalbuildingsystems.com,Flux Commentary,Why did Treasury spend exceed budget in Mar?,completed,21.9,"Treasury Mar variance was $1,985,334 vs plan",1777914562
r18-0002959,dkim@coastalbuildingsystems.com,Covenant Checker,Which cost centers are over budget YTD?,completed,3.4,"FP&A May variance was $58,228 vs plan",1777922583
r18-0002960,rwhite@coastalbuildingsystems.com,Journal Entry Reviewer,Which cost centers are over budget YTD?,completed,41.7,"Ops Feb variance was $116,312 vs plan",1777908973
r18-0002961,sbrown@coastalbuildingsystems.com,Headcount Planner,Which cost centers are over budget YTD?,completed,8.5,"FP&A Apr variance was $2,475,157 vs plan",1777902906
r18-0002962,rwhite@coastalbuildingsystems.com,Cash Forecaster,Forecast May operating cash flow,completed,20.4,"FP&A May variance was $3,999,536 vs plan",1777936123
r18-0002963,dkim@coastalbuildingsystems.com,Revenue Recognizer,Why did Treasury spend exceed budget in Apr?,completed,47.0,"Treasury Apr variance was $406,456 vs plan",1777923809
r18-0002964,rperez@coastalbuildingsystems.com,Board Deck Builder,Which cost centers are over budget YTD?,completed,34.8,"FP&A Mar variance was $2,849,757 vs plan",1777906870
r18-0002965,rperez@coastalbuildingsystems.com,Revenue Recognizer,Reconcile AP aging over 90 days for CA-03,completed,40.8,"Ops Apr variance was $516,316 vs plan",1777904982
r18-0002966,rwhite@coastalbuildingsystems.com,Flux Commentary,Forecast May operating cash flow,completed,12.8,"Ops May variance was $4,131,925 vs plan",1777897141
r18-0002967,sbrown@coastalbuildingsystems.com,Close Checklist Bot,Explain the headcount variance vs plan,completed,0.6,ERROR: upstream request timed out,1777918794
r18-0002968,rthompson@coastalbuildingsystems.com,Cash Forecaster,Why did FP&A spend exceed budget in Mar?,completed,48.9,"FP&A Mar variance was $1,143,098 vs plan",1777909095
r18-0002969,dkim@coastalbuildingsystems.com,Revenue Recognizer,Summarize the Apr variance for entity CA-08,completed,43.0,"Accounting Apr variance was $703,256 vs plan",1777916132
r18-0002970,rperez@coastalbuildingsystems.com,AP Aging Analyst,Summarize the Jun variance for entity CA-03,completed,18.6,"Treasury Jun variance was $3,586,825 vs plan",1777922645
r18-0002971,rperez@coastalbuildingsystems.com,Close Checklist Bot,Why did Ops spend exceed budget in Jun?,completed,43.2,"Ops Jun variance was $3,571,077 vs plan",1777893462
r18-0002972,jjones@coastalbuildingsystems.com,Variance Explainer,Forecast May operating cash flow,error,1.6,Traceback (most recent call last): KeyError 'entity',1777914266
r18-0002973,rwhite@coastalbuildingsystems.com,Revenue Recognizer,Summarize the Apr variance for entity EU-08,completed,24.0,"Treasury Apr variance was $266,912 vs plan",1777910259
r18-0002974,dgonzalez@coastalbuildingsystems.com,Budget vs Actual,Build the board deck cash slide for May,error,2.4,error: connection reset by peer,1777922444
r18-0002975,rperez@coastalbuildingsystems.com,Journal Entry Reviewer,Draft flux commentary for the Jun close,completed,56.7,"FP&A Jun variance was $2,918,094 vs plan",1777902812
r18-0002976,rwhite@coastalbuildingsystems.com,Variance Explainer,What drove the change in gross margin this quarter?,completed,64.3,"Treasury May variance was $3,824,847 vs plan",1777924381
r18-0002977,canderson@coastalbuildingsystems.com,Cash Forecaster,Forecast May operating cash flow,completed,29.9,"Accounting May variance was $3,180,742 vs plan",1777916077
r18-0002978,lpatel@coastalbuildingsystems.com,AP Aging Analyst,Draft flux commentary for the May close,completed,63.5,"FP&A May variance was $3,097,977 vs plan",1777929210
r18-0002979,rwhite@coastalbuildingsystems.com,Flux Commentary,Why did Accounting spend exceed budget in Feb?,completed,31.1,"Accounting Feb variance was $1,011,622 vs plan",1777907986
r18-0002980,sjackson@coastalbuildingsystems.com,Cash Forecaster,Forecast Jan operating cash flow,completed,49.9,"FP&A Jan variance was $3,399,832 vs plan",1777905089
r18-0002981,bjones@coastalbuildingsystems.com,AP Aging Analyst,Check covenant compliance for the revolver,completed,65.4,"Ops May variance was $404,463 vs plan",1777926423
r18-0002982,bjones@coastalbuildingsystems.com,Board Deck Builder,Reconcile AP aging over 90 days for CA-08,completed,46.0,"Accounting Feb variance was $3,901,538 vs plan",1777923098
r18-0002983,rthompson@coastalbuildingsystems.com,Covenant Checker,Explain the headcount variance vs plan,completed,56.6,"FP&A Mar variance was $1,794,935 vs plan",1777913964
r18-0002984,bjones@coastalbuildingsystems.com,Cash Forecaster,Build the board deck cash slide for May,completed,22.8,"FP&A May variance was $2,356,044 vs plan",1777903714
r18-0002985,jjones@coastalbuildingsystems.com,Headcount Planner,Draft flux commentary for the Jan close,completed,21.2,"Ops Jan variance was $2,030,764 vs plan",1777918935
r18-0002986,rwhite@coastalbuildingsystems.com,AP Aging Analyst,Forecast Jun operating cash flow,completed,69.6,"Treasury Jun variance was $4,202,041 vs plan",1777904058
r18-0002987,btaylor@coastalbuildingsystems.com,Vendor Spend Analyzer,What drove the change in gross margin this quarter?,completed,42.2,"Accounting Mar variance was $3,966,098 vs plan",1777897284
r18-0002988,dkim@coastalbuildingsystems.com,Budget vs Actual,What drove the change in gross margin this quarter?,error,4.8,Traceback (most recent call last): KeyError 'entity',1777929716
r18-0002989,rwhite@coastalbuildingsystems.com,Headcount Planner,Which cost centers are over budget YTD?,completed,54.2,"Ops Jun variance was $4,260,719 vs plan",1777920401
r18-0002990,rwhite@coastalbuildingsystems.com,Headcount Planner,Forecast Jun operating cash flow,completed,44.0,"Accounting Jun variance was $2,645,302 vs plan",1777902923
r18-0002991,jwhite@coastalbuildingsystems.com,Journal Entry Reviewer,Draft flux commentary for the Apr close,completed,14.3,"Treasury Apr variance was $3,970,835 vs plan",1777902901
r18-0002992,rwhite@coastalbuildingsystems.com,Covenant Checker,Forecast May operating cash flow,completed,20.0,"FP&A May variance was $3,139,808 vs plan",1777892806
r18-0002993,rwhite@coastalbuildingsystems.com,Flux Commentary,Reconcile AP aging over 90 days for EU-03,completed,43.5,"Treasury Feb variance was $2,052,432 vs plan",1777889328
r18-0002994,rwhite@coastalbuildingsystems.com,Budget vs Actual,Summarize the Feb variance for entity US-06,completed,6.6,"Accounting Feb variance was $457,041 vs plan",1777889643
r18-0002995,rwhite@coastalbuildingsystems.com,Board Deck Builder,Draft flux commentary for the May close,completed,59.1,"Ops May variance was $1,476,506 vs plan",1777927484
r18-0002996,rwhite@coastalbuildingsystems.com,Board Deck Builder,Check covenant compliance for the revolver,completed,16.7,"Accounting Apr variance was $3,558,929 vs plan",1777936137
r18-0002997,canderson@coastalbuildingsystems.com,Covenant Checker,Why did FP&A spend exceed budget in Jun?,completed,65.1,"FP&A Jun variance was $2,497,821 vs plan",1777928376
r18-0002998,bjones@coastalbuildingsystems.com,AP Aging Analyst,Draft flux commentary for the Apr close,completed,14.3,"Treasury Apr variance was $4,543,377 vs plan",1778006179
r18-0002999,rwhite@coastalbuildingsystems.com,Revenue Recognizer,Check covenant compliance for the revolver,completed,24.4,"Ops Jan variance was $45,273 vs plan",1777986511
r18-0003000,rwhite@coastalbuildingsystems.com,Cash Forecaster,Why did Ops spend exceed budget in May?,completed,0.3,ERROR: upstream request timed out,1778000701
r18-0003001,dkim@coastalbuildingsystems.com,Variance Explainer,Draft flux commentary for the Jun close,completed,57.2,"Ops Jun variance was $2,839,134 vs plan",1778008300
r18-0003002,sbrown@coastalbuildingsystems.com,Vendor Spend Analyzer,Reconcile AP aging over 90 days for US-03,completed,12.8,"Ops Feb variance was $3,101,054 vs plan",1777997190
r18-0003003,jwhite@coastalbuildingsystems.com,Cash Forecaster,Build the board deck cash slide for May,completed,35.9,"Treasury May variance was $1,280,227 vs plan",1778002173
r18-0003004,rwhite@coastalbuildingsystems.com,AP Aging Analyst,Which cost centers are over budget YTD?,completed,40.9,"Accounting Mar variance was $635,969 vs plan",1778000118
r18-0003005,rwhite@coastalbuildingsystems.com,Cash Forecaster,What drove the change in gross margin this quarter?,completed,15.9,"Ops May variance was $607,630 vs plan",1778009244
r18-0003006,sbrown@coastalbuildingsystems.com,Journal Entry Reviewer,Check covenant compliance for the revolver,completed,57.4,"Ops May variance was $123,465 vs plan",1778020060
r18-0003007,rwhite@coastalbuildingsystems.com,AP Aging Analyst,What drove the change in gross margin this quarter?,completed,68.1,"Treasury Apr variance was $2,576,292 vs plan",1777997515
r18-0003008,rperez@coastalbuildingsystems.com,Board Deck Builder,Explain the headcount variance vs plan,completed,12.9,"Ops May variance was $4,550,946 vs plan",1777975883
r18-0003009,dkim@coastalbuildingsystems.com,Cash Forecaster,Forecast May operating cash flow,completed,51.0,"Accounting May variance was $2,818,994 vs plan",1778020975
r18-0003010,sjackson@coastalbuildingsystems.com,AP Aging Analyst,Build the board deck cash slide for Jan,completed,13.6,"Treasury Jan variance was $451,866 vs plan",1778002576
r18-0003011,rwhite@coastalbuildingsystems.com,Budget vs Actual,Draft flux commentary for the Mar close,completed,69.8,"Accounting Mar variance was $4,018,625 vs plan",1777985883
r18-0003012,rwhite@coastalbuildingsystems.com,Board Deck Builder,Explain the headcount variance vs plan,error,2.0,Traceback (most recent call last): KeyError 'entity',1778005107
r18-0003013,dkim@coastalbuildingsystems.com,Vendor Spend Analyzer,Why did Treasury spend exceed budget in Mar?,completed,69.6,"Treasury Mar variance was $2,605,407 vs plan",1778015992
r18-0003014,bjones@coastalbuildingsystems.com,Budget vs Actual,What drove the change in gross margin this quarter?,completed,51.5,"Ops Jan variance was $1,575,098 vs plan",1777992366
r18-0003015,bjones@coastalbuildingsystems.com,Close Checklist Bot,Which cost centers are over budget YTD?,completed,15.6,"Treasury Jan variance was $1,981,381 vs plan",1778014152
r18-0003016,rwhite@coastalbuildingsystems.com,Headcount Planner,What drove the change in gross margin this quarter?,completed,29.1,"Accounting Jan variance was $1,491,567 vs plan",1778000756
r18-0003017,bjones@coastalbuildingsystems.com,AP Aging Analyst,Check covenant compliance for the revolver,completed,9.6,"Ops May variance was $4,751,512 vs plan",1777994366
r18-0003018,dkim@coastalbuildingsystems.com,Journal Entry Reviewer,Summarize the May variance for entity US-04,completed,28.4,"FP&A May variance was $3,478,055 vs plan",1777996017
r18-0003019,dkim@coastalbuildingsystems.com,Budget vs Actual,Why did Ops spend exceed budget in Mar?,completed,14.3,"Ops Mar variance was $2,584,096 vs plan",1778002522
r18-0003020,rwhite@coastalbuildingsystems.com,Revenue Recognizer,Build the board deck cash slide for Jan,completed,35.3,"Treasury Jan variance was $3,609,470 vs plan",1778004239
r18-0003021,rwhite@coastalbuildingsystems.com,Budget vs Actual,Why did FP&A spend exceed budget in Jun?,completed,1.7,FAILED: null reference in aggregation step,1777996480
r18-0003022,rwhite@coastalbuildingsystems.com,AP Aging Analyst,Which cost centers are over budget YTD?,completed,1.8,error: connection reset by peer,1778005430
r18-0003023,bjones@coastalbuildingsystems.com,Budget vs Actual,Check covenant compliance for the revolver,completed,61.3,"Ops Jun variance was $681,160 vs plan",1778007809
r18-0003024,jwhite@coastalbuildingsystems.com,Flux Commentary,Draft flux commentary for the Jan close,completed,65.5,"Treasury Jan variance was $852,679 vs plan",1778019940
r18-0003025,bjones@coastalbuildingsystems.com,Covenant Checker,Summarize the Feb variance for entity EU-09,completed,48.6,"FP&A Feb variance was $4,712,331 vs plan",1778004417
r18-0003026,rperez@coastalbuildingsystems.com,Vendor Spend Analyzer,Summarize the Apr variance for entity CA-01,completed,44.7,"Accounting Apr variance was $4,506,731 vs plan",1778011274
r18-0003027,bjones@coastalbuildingsystems.com,Journal Entry Reviewer,What drove the change in gross margin this quarter?,completed,42.9,"Accounting Jun variance was $4,653,714 vs plan",1778001375
r18-0003028,rwhite@coastalbuildingsystems.com,Close Checklist Bot,Build the board deck cash slide for Apr,completed,14.4,"Ops Apr variance was $1,236,215 vs plan",1778027613
r18-0003029,dkim@coastalbuildingsystems.com,Variance Explainer,Draft flux commentary for the Feb close,error,1.3,ERROR: upstream request timed out,1778009364
r18-0003030,lperez@coastalbuildingsystems.com,AP Aging Analyst,Which cost centers are over budget YTD?,completed,45.4,"Accounting Apr variance was $328,009 vs plan",1777983410
r18-0003031,bjones@coastalbuildingsystems.com,Vendor Spend Analyzer,Forecast Jan operating cash flow,completed,74.7,"Ops Jan variance was $2,969,844 vs plan",1778009038
r18-0003032,canderson@coastalbuildingsystems.com,Cash Forecaster,Reconcile AP aging over 90 days for EU-07,completed,49.7,"Treasury Apr variance was $1,641,241 vs plan",1778005709
r18-0003033,dgonzalez@coastalbuildingsystems.com,Variance Explainer,Forecast Feb operating cash flow,completed,5.5,"Treasury Feb variance was $2,065,462 vs plan",1777997691
r18-0003034,rperez@coastalbuildingsystems.com,Budget vs Actual,Draft flux commentary for the Feb close,completed,44.5,"FP&A Feb variance was $806,239 vs plan",1777990380
r18-0003035,sjackson@coastalbuildingsystems.com,Board Deck Builder,Explain the headcount variance vs plan,completed,6.4,"Accounting Apr variance was $805,212 vs plan",1777994083
r18-0003036,dkim@coastalbuildingsystems.com,Board Deck Builder,Why did Accounting spend exceed budget in Feb?,completed,27.6,"Accounting Feb variance was $1,352,656 vs plan",1778000214
r18-0003037,bjones@coastalbuildingsystems.com,Revenue Recognizer,Reconcile AP aging over 90 days for MX-03,completed,49.6,"Ops Feb variance was $4,453,391 vs plan",1777997619
r18-0003038,rwhite@coastalbuildingsystems.com,Budget vs Actual,Why did Treasury spend exceed budget in Feb?,completed,54.7,"Treasury Feb variance was $3,385,895 vs plan",1778006882
r18-0003039,rwhite@coastalbuildingsystems.com,Close Checklist Bot,Build the board deck cash slide for Mar,completed,25.7,"Accounting Mar variance was $4,481,212 vs plan",1778007246
r18-0003040,rwhite@coastalbuildingsystems.com,Budget vs Actual,Reconcile AP aging over 90 days for CA-01,completed,3.1,"Accounting Feb variance was $1,274,615 vs plan",1778009449
r18-0003041,rwhite@coastalbuildingsystems.com,Variance Explainer,Explain the headcount variance vs plan,completed,36.6,"Accounting May variance was $3,881,466 vs plan",1778003820
r18-0003042,rwhite@coastalbuildingsystems.com,Flux Commentary,Draft flux commentary for the Feb close,completed,14.5,"Treasury Feb variance was $2,753,000 vs plan",1777999296
r18-0003043,bjones@coastalbuildingsystems.com,Board Deck Builder,Explain the headcount variance vs plan,completed,51.6,"Ops May variance was $4,018,320 vs plan",1778012563
r18-0003044,rwhite@coastalbuildingsystems.com,Budget vs Actual,Which cost centers are over budget YTD?,completed,10.2,"Treasury Jun variance was $3,980,939 vs plan",1778004596
r18-0003045,rwhite@coastalbuildingsystems.com,AP Aging Analyst,Reconcile AP aging over 90 days for MX-08,completed,49.7,"Treasury Jan variance was $2,816,502 vs plan",1777987716
r18-0003046,bjones@coastalbuildingsystems.com,Board Deck Builder,Summarize the May variance for entity US-03,completed,32.3,"Ops May variance was $998,760 vs plan",1778000570
r18-0003047,bjones@coastalbuildingsystems.com,Cash Forecaster,Draft flux commentary for the Feb close,error,4.3,error code 502 from model gateway,1778002404
r18-0003048,dkim@coastalbuildingsystems.com,Vendor Spend Analyzer,Forecast May operating cash flow,completed,6.6,"Ops May variance was $2,886,874 vs plan",1777999381
r18-0003049,rwhite@coastalbuildingsystems.com,Journal Entry Reviewer,Build the board deck cash slide for Mar,completed,0.4,ERROR: upstream request timed out,1777987610
r18-0003050,rwhite@coastalbuildingsystems.com,Board Deck Builder,Build the board deck cash slide for May,completed,28.9,"Treasury May variance was $3,491,821 vs plan",1777991311
r18-0003051,rwhite@coastalbuildingsystems.com,Variance Explainer,Explain the headcount variance vs plan,completed,44.7,"Ops Apr variance was $1,157,274 vs plan",1778007343
r18-0003052,lpatel@coastalbuildingsystems.com,Headcount Planner,Why did FP&A spend exceed budget in Apr?,completed,72.4,"FP&A Apr variance was $464,223 vs plan",1777975494
r18-0003053,rwhite@coastalbuildingsystems.com,Revenue Recognizer,Explain the headcount variance vs plan,completed,62.8,"Ops May variance was $2,156,073 vs plan",1778018199
r18-0003054,bjones@coastalbuildingsystems.com,Flux Commentary,Check covenant compliance for the revolver,completed,4.3,"Ops Apr variance was $615,765 vs plan",1777996284
r18-0003055,sbrown@coastalbuildingsystems.com,Headcount Planner,Explain the headcount variance vs plan,completed,35.8,"Accounting May variance was $195,459 vs plan",1778003538
r18-0003056,jjones@coastalbuildingsystems.com,AP Aging Analyst,Draft flux commentary for the Apr close,completed,59.6,"Accounting Apr variance was $855,022 vs plan",1778003710
r18-0003057,sjackson@coastalbuildingsystems.com,Variance Explainer,Which cost centers are over budget YTD?,completed,67.2,"Ops Jun variance was $612,825 vs plan",1778006887
r18-0003058,jgarcia@coastalbuildingsystems.com,Covenant Checker,Forecast Mar operating cash flow,completed,32.1,"Accounting Mar variance was $2,462,846 vs plan",1778016959
r18-0003059,jwhite2@coastalbuildingsystems.com,Journal Entry Reviewer,Build the board deck cash slide for May,completed,53.1,"FP&A May variance was $4,150,069 vs plan",1777997033
r18-0003060,rwhite@coastalbuildingsystems.com,Headcount Planner,Forecast Feb operating cash flow,completed,35.0,"Treasury Feb variance was $161,846 vs plan",1777991758
r18-0003061,rwhite@coastalbuildingsystems.com,Covenant Checker,Why did Accounting spend exceed budget in Feb?,completed,6.5,"Accounting Feb variance was $4,494,600 vs plan",1778014367
r18-0003062,rwhite@coastalbuildingsystems.com,Variance Explainer,Build the board deck cash slide for Jan,completed,63.7,"Accounting Jan variance was $1,659,189 vs plan",1777994575
r18-0003063,bjones@coastalbuildingsystems.com,AP Aging Analyst,Forecast May operating cash flow,completed,55.8,"Ops May variance was $3,696,322 vs plan",1778007727
r18-0003064,bjones@coastalbuildingsystems.com,Cash Forecaster,Reconcile AP aging over 90 days for MX-08,completed,39.6,"Accounting May variance was $2,832,586 vs plan",1777980897
r18-0003065,rwhite@coastalbuildingsystems.com,Flux Commentary,Explain the headcount variance vs plan,completed,40.8,"FP&A May variance was $3,381,733 vs plan",1778000923
r18-0003066,bjones@coastalbuildingsystems.com,Board Deck Builder,Summarize the May variance for entity US-09,completed,68.2,"Accounting May variance was $4,444,873 vs plan",1778080055
r18-0003067,wharris@coastalbuildingsystems.com,Flux Commentary,Why did Treasury spend exceed budget in Apr?,completed,7.3,"Treasury Apr variance was $2,794,931 vs plan",1778077991
r18-0003068,rwhite@coastalbuildingsystems.com,Board Deck Builder,Summarize the Feb variance for entity EU-01,completed,25.9,"Ops Feb variance was $4,707,377 vs plan",1778081618
r18-0003069,dkim@coastalbuildingsystems.com,Vendor Spend Analyzer,Why did Accounting spend exceed budget in Feb?,completed,13.9,"Accounting Feb variance was $1,206,941 vs plan",1778080287
r18-0003070,rperez@coastalbuildingsystems.com,Variance Explainer,What drove the change in gross margin this quarter?,completed,67.3,"Accounting Jan variance was $3,174,983 vs plan",1778088185
r18-0003071,lperez@coastalbuildingsystems.com,Headcount Planner,Check covenant compliance for the revolver,completed,5.6,"Treasury May variance was $2,705,591 vs plan",1778094493
r18-0003072,rwhite@coastalbuildingsystems.com,Close Checklist Bot,Check covenant compliance for the revolver,completed,52.9,"Treasury Jan variance was $4,369,712 vs plan",1778088514
r18-0003073,dgonzalez@coastalbuildingsystems.com,Cash Forecaster,Draft flux commentary for the Jun close,completed,30.6,"Accounting Jun variance was $1,685,725 vs plan",1778104710
r18-0003074,dkim@coastalbuildingsystems.com,Variance Explainer,Summarize the Feb variance for entity EU-02,completed,32.2,"Treasury Feb variance was $775,562 vs plan",1778077868
r18-0003075,bjones@coastalbuildingsystems.com,Journal Entry Reviewer,Which cost centers are over budget YTD?,completed,61.2,"Treasury Feb variance was $2,422,721 vs plan",1778090741
r18-0003076,rwhite@coastalbuildingsystems.com,Variance Explainer,Summarize the Jan variance for entity CA-06,completed,39.8,"FP&A Jan variance was $328,372 vs plan",1778087548
r18-0003077,jjones@coastalbuildingsystems.com,Board Deck Builder,Forecast May operating cash flow,completed,57.0,"Treasury May variance was $4,182,273 vs plan",1778088727
r18-0003078,dkim@coastalbuildingsystems.com,AP Aging Analyst,Forecast Feb operating cash flow,completed,46.6,"Ops Feb variance was $1,294,265 vs plan",1778095219
r18-0003079,rperez@coastalbuildingsystems.com,AP Aging Analyst,What drove the change in gross margin this quarter?,completed,17.8,"Treasury May variance was $932,057 vs plan",1778082038
r18-0003080,bjones@coastalbuildingsystems.com,Budget vs Actual,Explain the headcount variance vs plan,completed,42.2,"Treasury Mar variance was $4,578,917 vs plan",1778084419
r18-0003081,btaylor@coastalbuildingsystems.com,Close Checklist Bot,Draft flux commentary for the Jan close,completed,42.8,"FP&A Jan variance was $1,578,859 vs plan",1778083519
r18-0003082,jwhite2@coastalbuildingsystems.com,AP Aging Analyst,Explain the headcount variance vs plan,completed,20.2,"FP&A Jan variance was $3,457,976 vs plan",1778091710
r18-0003083,jgarcia@coastalbuildingsystems.com,Flux Commentary,Explain the headcount variance vs plan,completed,0.4,Traceback (most recent call last): KeyError 'entity',1778097002
r18-0003084,rwhite@coastalbuildingsystems.com,Variance Explainer,Forecast Jun operating cash flow,completed,41.9,"Accounting Jun variance was $1,403,541 vs plan",1778080765
r18-0003085,dgonzalez@coastalbuildingsystems.com,Flux Commentary,Which cost centers are over budget YTD?,completed,3.9,"FP&A Apr variance was $2,943,679 vs plan",1778104329
r18-0003086,rthompson@coastalbuildingsystems.com,Variance Explainer,Draft flux commentary for the Feb close,completed,43.0,"Treasury Feb variance was $2,747,777 vs plan",1778104057
r18-0003087,rwhite@coastalbuildingsystems.com,Covenant Checker,What drove the change in gross margin this quarter?,completed,1.1,Traceback (most recent call last): KeyError 'entity',1778087387
r18-0003088,sjackson@coastalbuildingsystems.com,Covenant Checker,Which cost centers are over budget YTD?,completed,26.1,"Ops Feb variance was $943,797 vs plan",1778078961
r18-0003089,jwhite2@coastalbuildingsystems.com,Budget vs Actual,Explain the headcount variance vs plan,completed,58.8,"Treasury Feb variance was $2,860,520 vs plan",1778085144
r18-0003090,sjackson@coastalbuildingsystems.com,Vendor Spend Analyzer,Draft flux commentary for the Jun close,completed,0.8,FAILED: null reference in aggregation step,1778088097
r18-0003091,sbrown@coastalbuildingsystems.com,Vendor Spend Analyzer,What drove the change in gross margin this quarter?,completed,51.5,"FP&A Mar variance was $3,632,149 vs plan",1778065206
r18-0003092,rwhite@coastalbuildingsystems.com,Variance Explainer,Check covenant compliance for the revolver,completed,33.5,"Accounting Jun variance was $4,618,140 vs plan",1778094238
r18-0003093,dkim@coastalbuildingsystems.com,Board Deck Builder,Explain the headcount variance vs plan,completed,15.4,"Accounting May variance was $4,076,628 vs plan",1778095581
r18-0003094,dkim@coastalbuildingsystems.com,Journal Entry Reviewer,Draft flux commentary for the Jun close,completed,25.3,"FP&A Jun variance was $1,955,651 vs plan",1778106285
r18-0003095,jwhite2@coastalbuildingsystems.com,Vendor Spend Analyzer,Check covenant compliance for the revolver,error,2.1,error code 502 from model gateway,1778092261
r18-0003096,rwhite@coastalbuildingsystems.com,Board Deck Builder,Why did Treasury spend exceed budget in May?,completed,43.4,"Treasury May variance was $3,497,883 vs plan",1778081929
r18-0003097,bjones@coastalbuildingsystems.com,Journal Entry Reviewer,Reconcile AP aging over 90 days for US-07,completed,45.6,"Ops Jan variance was $3,695,301 vs plan",1778095726
r18-0003098,rperez@coastalbuildingsystems.com,Covenant Checker,Why did Treasury spend exceed budget in Jan?,completed,31.1,"Treasury Jan variance was $3,759,630 vs plan",1778097486
r18-0003099,rwhite@coastalbuildingsystems.com,AP Aging Analyst,What drove the change in gross margin this quarter?,completed,72.2,"FP&A May variance was $1,053,056 vs plan",1778082179
r18-0003100,bjones@coastalbuildingsystems.com,Headcount Planner,Build the board deck cash slide for May,completed,13.3,"Ops May variance was $149,858 vs plan",1778086638
r18-0003101,rwhite@coastalbuildingsystems.com,Variance Explainer,Build the board deck cash slide for Mar,completed,14.7,"FP&A Mar variance was $3,779,275 vs plan",1778073641
r18-0003102,rwhite@coastalbuildingsystems.com,Headcount Planner,Build the board deck cash slide for Jan,completed,10.7,"FP&A Jan variance was $712,309 vs plan",1778073454
r18-0003103,bjones@coastalbuildingsystems.com,Board Deck Builder,Draft flux commentary for the Feb close,completed,26.4,"FP&A Feb variance was $1,299,055 vs plan",1778090395
r18-0003104,bjones@coastalbuildingsystems.com,Revenue Recognizer,Draft flux commentary for the Jan close,completed,66.9,"Ops Jan variance was $3,408,973 vs plan",1778086112
r18-0003105,rwhite@coastalbuildingsystems.com,Board Deck Builder,Which cost centers are over budget YTD?,completed,73.0,"Accounting Jun variance was $3,914,145 vs plan",1778087977
r18-0003106,rwhite@coastalbuildingsystems.com,AP Aging Analyst,Summarize the Jun variance for entity US-04,completed,1.8,FAILED: null reference in aggregation step,1778093282
r18-0003107,bjones@coastalbuildingsystems.com,Close Checklist Bot,Reconcile AP aging over 90 days for MX-03,completed,44.3,"Ops May variance was $2,441,011 vs plan",1778074794
r18-0003108,btaylor@coastalbuildingsystems.com,Cash Forecaster,Summarize the Feb variance for entity EU-08,completed,51.7,"Accounting Feb variance was $3,871,032 vs plan",1778077812
r18-0003109,bjones@coastalbuildingsystems.com,Board Deck Builder,Check covenant compliance for the revolver,completed,6.9,"Ops Jun variance was $3,928,076 vs plan",1778094110
r18-0003110,sbrown@coastalbuildingsystems.com,Budget vs Actual,Explain the headcount variance vs plan,completed,13.4,"Ops Apr variance was $3,172,958 vs plan",1778079220
r18-0003111,dkim@coastalbuildingsystems.com,Covenant Checker,Explain the headcount variance vs plan,error,6.7,Traceback (most recent call last): KeyError 'entity',1778085739
r18-0003112,sbrown@coastalbuildingsystems.com,Flux Commentary,Explain the headcount variance vs plan,completed,15.5,"Accounting Jun variance was $3,918,871 vs plan",1778107676
r18-0003113,jjones@coastalbuildingsystems.com,Headcount Planner,Reconcile AP aging over 90 days for MX-02,completed,22.2,"Treasury May variance was $342,743 vs plan",1778090626
r18-0003114,jgarcia@coastalbuildingsystems.com,Flux Commentary,Check covenant compliance for the revolver,completed,3.4,"FP&A Jun variance was $4,066,371 vs plan",1778065913
r18-0003115,bjones@coastalbuildingsystems.com,Headcount Planner,Which cost centers are over budget YTD?,completed,34.3,"Accounting Mar variance was $4,106,933 vs plan",1778086336
r18-0003116,rperez@coastalbuildingsystems.com,Close Checklist Bot,Check covenant compliance for the revolver,completed,39.7,"Accounting Mar variance was $1,364,112 vs plan",1778091417
r18-0003117,rwhite@coastalbuildingsystems.com,Covenant Checker,Why did Accounting spend exceed budget in Mar?,completed,7.3,"Accounting Mar variance was $3,710,123 vs plan",1778088022
r18-0003118,btaylor@coastalbuildingsystems.com,Flux Commentary,Forecast Jan operating cash flow,completed,39.2,"Accounting Jan variance was $2,935,027 vs plan",1778173753
r18-0003119,jwhite@coastalbuildingsystems.com,Revenue Recognizer,Check covenant compliance for the revolver,completed,65.0,"Treasury Jan variance was $3,934,798 vs plan",1778160399
r18-0003120,bjones@coastalbuildingsystems.com,Variance Explainer,Draft flux commentary for the Feb close,error,2.5,Traceback (most recent call last): KeyError 'entity',1778181547
r18-0003121,sjackson@coastalbuildingsystems.com,Close Checklist Bot,Summarize the Apr variance for entity MX-03,completed,62.8,"Treasury Apr variance was $768,446 vs plan",1778159970
r18-0003122,rwhite@coastalbuildingsystems.com,Board Deck Builder,Build the board deck cash slide for Mar,completed,27.0,"Ops Mar variance was $1,451,278 vs plan",1778178369
r18-0003123,dkim@coastalbuildingsystems.com,Covenant Checker,Which cost centers are over budget YTD?,completed,38.1,"Accounting Mar variance was $3,238,785 vs plan",1778179445
r18-0003124,rwhite@coastalbuildingsystems.com,Flux Commentary,Explain the headcount variance vs plan,completed,54.1,"Treasury Mar variance was $2,672,962 vs plan",1778157570
r18-0003125,bjones@coastalbuildingsystems.com,Revenue Recognizer,Reconcile AP aging over 90 days for US-06,completed,1.8,error code 502 from model gateway,1778172606
r18-0003126,rwhite@coastalbuildingsystems.com,Board Deck Builder,Why did Ops spend exceed budget in Apr?,completed,1.3,error: connection reset by peer,1778165860
r18-0003127,rwhite@coastalbuildingsystems.com,Journal Entry Reviewer,Check covenant compliance for the revolver,error,1.8,Traceback (most recent call last): KeyError 'entity',1778178727
r18-0003128,rwhite@coastalbuildingsystems.com,Budget vs Actual,Summarize the Apr variance for entity CA-04,completed,45.2,"FP&A Apr variance was $724,877 vs plan",1778153407
r18-0003129,dkim@coastalbuildingsystems.com,Budget vs Actual,What drove the change in gross margin this quarter?,error,5.9,FAILED: null reference in aggregation step,1778182360
r18-0003130,rwhite@coastalbuildingsystems.com,Revenue Recognizer,Check covenant compliance for the revolver,completed,36.8,"Treasury Mar variance was $4,396,925 vs plan",1778177967
r18-0003131,rwhite@coastalbuildingsystems.com,Journal Entry Reviewer,Explain the headcount variance vs plan,completed,71.6,"FP&A Feb variance was $723,341 vs plan",1778178190
r18-0003132,wharris@coastalbuildingsystems.com,Covenant Checker,Which cost centers are over budget YTD?,completed,52.4,"Ops Jan variance was $2,205,040 vs plan",1778184193
r18-0003133,rwhite@coastalbuildingsystems.com,Budget vs Actual,Why did Treasury spend exceed budget in Feb?,error,6.2,ERROR: upstream request timed out,1778171803
r18-0003134,rwhite@coastalbuildingsystems.com,Journal Entry Reviewer,Check covenant compliance for the revolver,error,7.3,ERROR: upstream request timed out,1778181341
r18-0003135,rwhite@coastalbuildingsystems.com,Covenant Checker,Build the board deck cash slide for Jun,completed,16.0,"FP&A Jun variance was $2,314,300 vs plan",1778170749
r18-0003136,bjones@coastalbuildingsystems.com,Journal Entry Reviewer,Build the board deck cash slide for May,completed,27.2,"Accounting May variance was $3,833,634 vs plan",1778184688
r18-0003137,rwhite@coastalbuildingsystems.com,Board Deck Builder,Forecast Feb operating cash flow,completed,15.5,"FP&A Feb variance was $911,176 vs plan",1778169195
r18-0003138,dgonzalez@coastalbuildingsystems.com,Revenue Recognizer,Reconcile AP aging over 90 days for MX-01,completed,0.8,error code 502 from model gateway,1778164898
r18-0003139,rwhite@coastalbuildingsystems.com,Journal Entry Reviewer,Reconcile AP aging over 90 days for EU-02,completed,10.6,"Treasury Feb variance was $4,731,664 vs plan",1778171944
r18-0003140,rwhite@coastalbuildingsystems.com,Flux Commentary,Reconcile AP aging over 90 days for MX-03,completed,58.6,"FP&A Apr variance was $1,641,677 vs plan",1778171836
r18-0003141,rwhite@coastalbuildingsystems.com,Budget vs Actual,Build the board deck cash slide for Jan,completed,41.2,"Treasury Jan variance was $1,198,132 vs plan",1778152192
r18-0003142,rperez@coastalbuildingsystems.com,Revenue Recognizer,Reconcile AP aging over 90 days for CA-04,error,3.3,error code 502 from model gateway,1778159718
r18-0003143,rwhite@coastalbuildingsystems.com,AP Aging Analyst,What drove the change in gross margin this quarter?,completed,1.3,ERROR: upstream request timed out,1778172230
r18-0003144,rwhite@coastalbuildingsystems.com,AP Aging Analyst,What drove the change in gross margin this quarter?,completed,65.8,"Accounting Jan variance was $139,408 vs plan",1778174399
r18-0003145,lpatel@coastalbuildingsystems.com,Variance Explainer,Check covenant compliance for the revolver,completed,15.9,"FP&A May variance was $1,892,900 vs plan",1778153002
r18-0003146,jgarcia@coastalbuildingsystems.com,Journal Entry Reviewer,Check covenant compliance for the revolver,completed,19.3,"Accounting Jun variance was $2,448,163 vs plan",1778163485
r18-0003147,rwhite@coastalbuildingsystems.com,Close Checklist Bot,Which cost centers are over budget YTD?,completed,7.6,"Treasury Mar variance was $2,542,560 vs plan",1778182650
r18-0003148,bjones@coastalbuildingsystems.com,Journal Entry Reviewer,Explain the headcount variance vs plan,completed,37.7,"Accounting Jun variance was $4,302,077 vs plan",1778178015
r18-0003149,rwhite@coastalbuildingsystems.com,Variance Explainer,Forecast Jun operating cash flow,completed,65.1,"Treasury Jun variance was $931,213 vs plan",1778176379
r18-0003150,rwhite@coastalbuildingsystems.com,Variance Explainer,What drove the change in gross margin this quarter?,completed,16.6,"FP&A Jan variance was $2,300,283 vs plan",1778178339
r18-0003151,sjackson@coastalbuildingsystems.com,Flux Commentary,Build the board deck cash slide for Apr,completed,36.4,"Accounting Apr variance was $4,510,963 vs plan",1778173125
r18-0003152,rwhite@coastalbuildingsystems.com,Variance Explainer,Explain the headcount variance vs plan,completed,48.2,"FP&A May variance was $2,291,416 vs plan",1778149170
r18-0003153,jwhite@coastalbuildingsystems.com,Cash Forecaster,Draft flux commentary for the Apr close,completed,8.0,"Treasury Apr variance was $254,300 vs plan",1778149327
r18-0003154,rwhite@coastalbuildingsystems.com,Revenue Recognizer,Draft flux commentary for the Feb close,completed,65.3,"FP&A Feb variance was $3,910,703 vs plan",1778160950
r18-0003155,sjackson@coastalbuildingsystems.com,Board Deck Builder,Explain the headcount variance vs plan,completed,66.1,"FP&A Mar variance was $4,240,082 vs plan",1778176855
r18-0003156,rwhite@coastalbuildingsystems.com,Vendor Spend Analyzer,What drove the change in gross margin this quarter?,completed,40.7,"Accounting Jun variance was $3,167,734 vs plan",1778159197
r18-0003157,rwhite@coastalbuildingsystems.com,Close Checklist Bot,Forecast May operating cash flow,error,5.0,ERROR: upstream request timed out,1778162514
r18-0003158,jthompson@coastalbuildingsystems.com,Flux Commentary,Which cost centers are over budget YTD?,completed,14.3,"FP&A Apr variance was $1,349,712 vs plan",1778177347
r18-0003159,bjones@coastalbuildingsystems.com,Board Deck Builder,Which cost centers are over budget YTD?,completed,27.2,"Treasury Mar variance was $316,594 vs plan",1778171647
r18-0003160,bjones@coastalbuildingsystems.com,Vendor Spend Analyzer,Summarize the Jan variance for entity EU-09,completed,10.6,"FP&A Jan variance was $2,688,025 vs plan",1778182647
r18-0003161,dgonzalez@coastalbuildingsystems.com,Covenant Checker,Check covenant compliance for the revolver,completed,25.6,"Accounting Feb variance was $1,663,648 vs plan",1778154918
r18-0003162,jwhite@coastalbuildingsystems.com,Cash Forecaster,Explain the headcount variance vs plan,completed,62.4,"Ops Jan variance was $2,626,543 vs plan",1778184154
r18-0003163,rwhite@coastalbuildingsystems.com,Close Checklist Bot,Forecast Jan operating cash flow,completed,20.9,"Accounting Jan variance was $2,010,491 vs plan",1778170881
r18-0003164,bjones@coastalbuildingsystems.com,Board Deck Builder,Build the board deck cash slide for Jan,completed,57.0,"FP&A Jan variance was $4,469,521 vs plan",1778176098
r18-0003165,rwhite@coastalbuildingsystems.com,Variance Explainer,Explain the headcount variance vs plan,completed,68.9,"Ops Apr variance was $2,610,755 vs plan",1778173267
r18-0003166,bjones@coastalbuildingsystems.com,Vendor Spend Analyzer,Explain the headcount variance vs plan,completed,0.5,FAILED: null reference in aggregation step,1778151387
r18-0003167,rwhite@coastalbuildingsystems.com,Close Checklist Bot,Forecast Mar operating cash flow,completed,41.1,"Accounting Mar variance was $3,106,757 vs plan",1778166622
r18-0003168,lperez@coastalbuildingsystems.com,Variance Explainer,Reconcile AP aging over 90 days for CA-06,completed,24.3,"FP&A Jan variance was $886,886 vs plan",1778176623
r18-0003169,dkim@coastalbuildingsystems.com,Budget vs Actual,Explain the headcount variance vs plan,completed,49.0,"Ops Apr variance was $473,678 vs plan",1778183838
r18-0003170,dkim@coastalbuildingsystems.com,Revenue Recognizer,What drove the change in gross margin this quarter?,completed,38.1,"Treasury Mar variance was $1,308,921 vs plan",1778164472
r18-0003171,rwhite@coastalbuildingsystems.com,Cash Forecaster,Check covenant compliance for the revolver,completed,46.3,"Ops Apr variance was $544,348 vs plan",1778201018
r18-0003172,bjones@coastalbuildingsystems.com,Cash Forecaster,Reconcile AP aging over 90 days for CA-04,completed,27.8,"FP&A Jan variance was $2,843,543 vs plan",1778165772
r18-0003173,bjones@coastalbuildingsystems.com,Covenant Checker,Check covenant compliance for the revolver,completed,15.0,"Treasury Mar variance was $1,554,058 vs plan",1778179367
r18-0003174,rwhite@coastalbuildingsystems.com,Headcount Planner,Why did Ops spend exceed budget in Apr?,completed,33.9,"Ops Apr variance was $3,925,362 vs plan",1778261863
r18-0003175,rperez@coastalbuildingsystems.com,Board Deck Builder,Summarize the Feb variance for entity US-09,completed,0.9,error: connection reset by peer,1778272998
r18-0003176,rwhite@coastalbuildingsystems.com,Variance Explainer,Reconcile AP aging over 90 days for CA-05,completed,36.7,"Treasury Apr variance was $177,690 vs plan",1778241870
r18-0003177,rwhite@coastalbuildingsystems.com,Revenue Recognizer,Reconcile AP aging over 90 days for US-02,completed,22.8,"Treasury Apr variance was $4,718,463 vs plan",1778261270
r18-0003178,lperez@coastalbuildingsystems.com,Headcount Planner,Build the board deck cash slide for Jan,completed,48.7,"Ops Jan variance was $1,486,103 vs plan",1778258166
r18-0003179,wharris@coastalbuildingsystems.com,Variance Explainer,What drove the change in gross margin this quarter?,error,4.2,Traceback (most recent call last): KeyError 'entity',1778272843
r18-0003180,sjackson@coastalbuildingsystems.com,Budget vs Actual,Why did FP&A spend exceed budget in May?,completed,5.2,"FP&A May variance was $3,578,172 vs plan",1778248846
r18-0003181,dkim@coastalbuildingsystems.com,Budget vs Actual,Reconcile AP aging over 90 days for MX-03,completed,50.1,"FP&A Feb variance was $533,037 vs plan",1778247239
r18-0003182,sbrown@coastalbuildingsystems.com,Close Checklist Bot,Check covenant compliance for the revolver,completed,56.3,"Treasury Jan variance was $3,574,585 vs plan",1778264850
r18-0003183,rwhite@coastalbuildingsystems.com,AP Aging Analyst,Which cost centers are over budget YTD?,completed,24.2,"Accounting Mar variance was $1,685,000 vs plan",1778272899
r18-0003184,jjones@coastalbuildingsystems.com,Flux Commentary,Draft flux commentary for the Jun close,completed,25.5,"Accounting Jun variance was $670,424 vs plan",1778265749
r18-0003185,rperez@coastalbuildingsystems.com,Vendor Spend Analyzer,Why did Treasury spend exceed budget in Mar?,completed,17.2,"Treasury Mar variance was $3,129,018 vs plan",1778253800
r18-0003186,bjones@coastalbuildingsystems.com,Variance Explainer,Which cost centers are over budget YTD?,completed,7.0,"Ops Feb variance was $881,453 vs plan",1778263602
r18-0003187,rwhite@coastalbuildingsystems.com,Journal Entry Reviewer,Explain the headcount variance vs plan,completed,29.5,"Accounting Apr variance was $385,312 vs plan",1778254916
r18-0003188,jwhite@coastalbuildingsystems.com,Cash Forecaster,Explain the headcount variance vs plan,completed,25.5,"FP&A May variance was $3,418,412 vs plan",1778266129
r18-0003189,wharris@coastalbuildingsystems.com,Variance Explainer,Build the board deck cash slide for Apr,completed,71.3,"Treasury Apr variance was $4,272,652 vs plan",1778263557
r18-0003190,bjones@coastalbuildingsystems.com,AP Aging Analyst,Summarize the Jun variance for entity US-09,completed,6.6,"Ops Jun variance was $2,131,830 vs plan",1778255849
r18-0003191,btaylor@coastalbuildingsystems.com,Revenue Recognizer,Explain the headcount variance vs plan,completed,1.8,error: connection reset by peer,1778252845
r18-0003192,bjones@coastalbuildingsystems.com,Close Checklist Bot,Build the board deck cash slide for May,completed,62.4,"FP&A May variance was $4,200,619 vs plan",1778252803
r18-0003193,jjones@coastalbuildingsystems.com,Covenant Checker,Draft flux commentary for the Jun close,completed,70.0,"Ops Jun variance was $3,305,817 vs plan",1778265372
r18-0003194,sbrown@coastalbuildingsystems.com,Budget vs Actual,Why did Treasury spend exceed budget in Jan?,completed,24.4,"Treasury Jan variance was $3,495,232 vs plan",1778254074
r18-0003195,rwhite@coastalbuildingsystems.com,Flux Commentary,Build the board deck cash slide for May,completed,54.6,"Treasury May variance was $1,328,358 vs plan",1778243000
r18-0003196,rwhite@coastalbuildingsystems.com,Covenant Checker,Check covenant compliance for the revolver,completed,1.1,error code 502 from model gateway,1778249130
r18-0003197,rperez@coastalbuildingsystems.com,Vendor Spend Analyzer,Forecast Feb operating cash flow,completed,51.6,"Treasury Feb variance was $3,139,089 vs plan",1778271690
r18-0003198,rwhite@coastalbuildingsystems.com,AP Aging Analyst,Which cost centers are over budget YTD?,completed,50.8,"Ops Jan variance was $2,330,796 vs plan",1778256139
r18-0003199,dkim@coastalbuildingsystems.com,Close Checklist Bot,Build the board deck cash slide for Apr,error,7.1,ERROR: upstream request timed out,1778249692
r18-0003200,bjones@coastalbuildingsystems.com,Covenant Checker,What drove the change in gross margin this quarter?,completed,45.4,"FP&A Mar variance was $2,720,924 vs plan",1778255632
r18-0003201,jgarcia@coastalbuildingsystems.com,Cash Forecaster,Why did Accounting spend exceed budget in Apr?,completed,69.0,"Accounting Apr variance was $2,921,335 vs plan",1778269211
r18-0003202,bjones@coastalbuildingsystems.com,Revenue Recognizer,What drove the change in gross margin this quarter?,completed,21.3,"Treasury Mar variance was $1,933,896 vs plan",1778267185
r18-0003203,dkim@coastalbuildingsystems.com,Covenant Checker,Draft flux commentary for the Jan close,completed,50.5,"FP&A Jan variance was $646,822 vs plan",1778260082
r18-0003204,rwhite@coastalbuildingsystems.com,Revenue Recognizer,Check covenant compliance for the revolver,completed,73.2,"Accounting Apr variance was $13,758 vs plan",1778251764
r18-0003205,rperez@coastalbuildingsystems.com,Cash Forecaster,Draft flux commentary for the Jan close,completed,73.3,"Ops Jan variance was $2,852,485 vs plan",1778263796
r18-0003206,sjackson@coastalbuildingsystems.com,Flux Commentary,What drove the change in gross margin this quarter?,completed,74.8,"Treasury Jan variance was $1,126,948 vs plan",1778273696
r18-0003207,rwhite@coastalbuildingsystems.com,Covenant Checker,Draft flux commentary for the Jan close,completed,8.6,"Ops Jan variance was $1,928,401 vs plan",1778266830
r18-0003208,btaylor@coastalbuildingsystems.com,Vendor Spend Analyzer,What drove the change in gross margin this quarter?,completed,12.3,"Ops Apr variance was $3,518,677 vs plan",1778269241
r18-0003209,sbrown@coastalbuildingsystems.com,Cash Forecaster,Which cost centers are over budget YTD?,completed,27.8,"Ops Jan variance was $1,259,011 vs plan",1778260926
r18-0003210,sbrown@coastalbuildingsystems.com,Journal Entry Reviewer,Build the board deck cash slide for Jan,completed,70.7,"FP&A Jan variance was $4,512,886 vs plan",1778267544
r18-0003211,rperez@coastalbuildingsystems.com,Flux Commentary,Reconcile AP aging over 90 days for MX-02,completed,40.9,"Treasury Jun variance was $4,032,633 vs plan",1778258466
r18-0003212,rwhite@coastalbuildingsystems.com,Budget vs Actual,What drove the change in gross margin this quarter?,error,6.1,error code 502 from model gateway,1778260836
r18-0003213,rwhite@coastalbuildingsystems.com,Close Checklist Bot,Draft flux commentary for the Jan close,completed,61.1,"Ops Jan variance was $293,448 vs plan",1778260669
r18-0003214,sjackson@coastalbuildingsystems.com,Cash Forecaster,Forecast Jan operating cash flow,completed,12.9,"FP&A Jan variance was $3,674,072 vs plan",1778241736
r18-0003215,dkim@coastalbuildingsystems.com,Journal Entry Reviewer,Reconcile AP aging over 90 days for EU-08,completed,17.7,"Accounting Jun variance was $429,047 vs plan",1778251058
r18-0003216,jjones@coastalbuildingsystems.com,Variance Explainer,Check covenant compliance for the revolver,completed,18.1,"Accounting Feb variance was $616,924 vs plan",1778250377
r18-0003217,rwhite@coastalbuildingsystems.com,AP Aging Analyst,Reconcile AP aging over 90 days for MX-09,completed,46.0,"Ops Feb variance was $2,644,753 vs plan",1778250730
r18-0003218,lpatel@coastalbuildingsystems.com,Covenant Checker,Which cost centers are over budget YTD?,completed,32.2,"Accounting Jan variance was $4,594,882 vs plan",1778264614
r18-0003219,bjones@coastalbuildingsystems.com,Journal Entry Reviewer,Check covenant compliance for the revolver,completed,16.8,"Treasury May variance was $83,670 vs plan",1778270289
r18-0003220,rperez@coastalbuildingsystems.com,Covenant Checker,Reconcile AP aging over 90 days for US-01,completed,29.0,"Accounting Mar variance was $453,350 vs plan",1778254677
r18-0003221,rperez@coastalbuildingsystems.com,Cash Forecaster,Forecast Apr operating cash flow,completed,0.9,error code 502 from model gateway,1778256897
r18-0003222,bjones@coastalbuildingsystems.com,Variance Explainer,Explain the headcount variance vs plan,completed,17.1,"Ops Jan variance was $4,719,511 vs plan",1778249851
r18-0003223,bjones@coastalbuildingsystems.com,Headcount Planner,Check covenant compliance for the revolver,completed,38.5,"FP&A Jan variance was $790,103 vs plan",1778262183
r18-0003224,dkim@coastalbuildingsystems.com,Close Checklist Bot,Reconcile AP aging over 90 days for MX-08,completed,70.5,"Accounting Jan variance was $1,060,762 vs plan",1778262495
r18-0003225,bjones@coastalbuildingsystems.com,Variance Explainer,Reconcile AP aging over 90 days for US-07,completed,58.9,"Accounting May variance was $3,051,811 vs plan",1778255283
r18-0003226,rwhite@coastalbuildingsystems.com,Budget vs Actual,Check covenant compliance for the revolver,completed,30.9,"Accounting Feb variance was $4,550,956 vs plan",1778266389
r18-0003227,rwhite@coastalbuildingsystems.com,Journal Entry Reviewer,Check covenant compliance for the revolver,completed,47.3,"Ops Feb variance was $3,773,415 vs plan",1778344580
r18-0003228,dkim@coastalbuildingsystems.com,Revenue Recognizer,Why did Accounting spend exceed budget in Mar?,completed,15.4,"Accounting Mar variance was $3,910,965 vs plan",1778359548
r18-0003229,jwhite2@coastalbuildingsystems.com,Journal Entry Reviewer,Explain the headcount variance vs plan,completed,25.6,"Ops Jan variance was $3,892,406 vs plan",1778335036
r18-0003230,btaylor@coastalbuildingsystems.com,Board Deck Builder,Summarize the Feb variance for entity MX-01,completed,67.9,"Accounting Feb variance was $108,484 vs plan",1778343503
r18-0003231,dkim@coastalbuildingsystems.com,Budget vs Actual,Explain the headcount variance vs plan,completed,52.0,"Ops Apr variance was $4,419,502 vs plan",1778353617
r18-0003232,sbrown@coastalbuildingsystems.com,Vendor Spend Analyzer,Draft flux commentary for the Jan close,completed,0.6,error: connection reset by peer,1778353917
r18-0003233,bjones@coastalbuildingsystems.com,Flux Commentary,Summarize the May variance for entity EU-05,completed,3.6,"FP&A May variance was $3,385,850 vs plan",1778328139
r18-0003234,bjones@coastalbuildingsystems.com,Board Deck Builder,What drove the change in gross margin this quarter?,completed,4.0,"Ops Feb variance was $3,911,907 vs plan",1778342554
r18-0003235,canderson@coastalbuildingsystems.com,Covenant Checker,Reconcile AP aging over 90 days for US-05,completed,74.2,"FP&A Feb variance was $2,245,257 vs plan",1778361008
r18-0003236,rwhite@coastalbuildingsystems.com,Close Checklist Bot,Build the board deck cash slide for May,completed,19.1,"Treasury May variance was $4,680,040 vs plan",1778361079
r18-0003237,rwhite@coastalbuildingsystems.com,Headcount Planner,Explain the headcount variance vs plan,completed,58.5,"FP&A Feb variance was $4,466,457 vs plan",1778352395
r18-0003238,rwhite@coastalbuildingsystems.com,Vendor Spend Analyzer,Explain the headcount variance vs plan,completed,24.9,"FP&A May variance was $2,201,828 vs plan",1778332207
r18-0003239,bjones@coastalbuildingsystems.com,Variance Explainer,Explain the headcount variance vs plan,completed,58.5,"Accounting Jun variance was $784,651 vs plan",1778345450
r18-0003240,dkim@coastalbuildingsystems.com,Covenant Checker,Summarize the May variance for entity MX-04,completed,6.3,"Accounting May variance was $564,521 vs plan",1778338255
r18-0003241,dkim@coastalbuildingsystems.com,Cash Forecaster,Check covenant compliance for the revolver,completed,16.7,"Treasury May variance was $1,572,313 vs plan",1778354901
r18-0003242,rwhite@coastalbuildingsystems.com,Journal Entry Reviewer,Build the board deck cash slide for Apr,completed,68.6,"FP&A Apr variance was $1,718,477 vs plan",1778337762
r18-0003243,rwhite@coastalbuildingsystems.com,Budget vs Actual,Why did FP&A spend exceed budget in Mar?,completed,15.2,"FP&A Mar variance was $804,315 vs plan",1778339267
r18-0003244,rwhite@coastalbuildingsystems.com,Covenant Checker,Why did Treasury spend exceed budget in Feb?,completed,61.8,"Treasury Feb variance was $3,722,905 vs plan",1778335620
r18-0003245,bjones@coastalbuildingsystems.com,Board Deck Builder,Why did FP&A spend exceed budget in Jun?,completed,61.9,"FP&A Jun variance was $3,157,311 vs plan",1778328431
r18-0003246,rwhite@coastalbuildingsystems.com,Headcount Planner,Forecast Mar operating cash flow,completed,25.4,"Treasury Mar variance was $3,177,935 vs plan",1778346245
r18-0003247,lperez@coastalbuildingsystems.com,Board Deck Builder,What drove the change in gross margin this quarter?,completed,11.7,"Accounting Feb variance was $3,281,829 vs plan",1778334446
r18-0003248,rwhite@coastalbuildingsystems.com,Journal Entry Reviewer,Why did Treasury spend exceed budget in Apr?,completed,27.0,"Treasury Apr variance was $1,544,283 vs plan",1778344778
r18-0003249,dkim@coastalbuildingsystems.com,Budget vs Actual,What drove the change in gross margin this quarter?,completed,8.9,"Accounting May variance was $2,549,204 vs plan",1778354271
r18-0003250,bjones@coastalbuildingsystems.com,Budget vs Actual,Check covenant compliance for the revolver,completed,23.5,"Treasury May variance was $2,922,102 vs plan",1778349925
r18-0003251,rwhite@coastalbuildingsystems.com,Covenant Checker,Reconcile AP aging over 90 days for MX-05,completed,49.2,"FP&A Feb variance was $2,252,841 vs plan",1778337584
r18-0003252,bjones@coastalbuildingsystems.com,Board Deck Builder,Explain the headcount variance vs plan,completed,54.4,"FP&A Apr variance was $323,896 vs plan",1778349180
r18-0003253,lperez@coastalbuildingsystems.com,Flux Commentary,Build the board deck cash slide for Jan,completed,68.8,"Ops Jan variance was $3,239,140 vs plan",1778337386
r18-0003254,bjones@coastalbuildingsystems.com,Variance Explainer,Which cost centers are over budget YTD?,completed,26.6,"Treasury May variance was $628,262 vs plan",1778429887
r18-0003255,rthompson@coastalbuildingsystems.com,Board Deck Builder,Summarize the Jun variance for entity MX-01,completed,0.2,error: connection reset by peer,1778441565
r18-0003256,rthompson@coastalbuildingsystems.com,AP Aging Analyst,Draft flux commentary for the Jan close,completed,68.9,"Treasury Jan variance was $3,699,960 vs plan",1778442412
r18-0003257,rwhite@coastalbuildingsystems.com,Board Deck Builder,Which cost centers are over budget YTD?,completed,38.6,"FP&A Jan variance was $3,871,863 vs plan",1778421795
r18-0003258,rwhite@coastalbuildingsystems.com,Revenue Recognizer,Summarize the Feb variance for entity US-07,completed,42.3,"Accounting Feb variance was $1,839,881 vs plan",1778426453
r18-0003259,rwhite@coastalbuildingsystems.com,Headcount Planner,Summarize the Feb variance for entity EU-01,completed,70.7,"Treasury Feb variance was $4,657,675 vs plan",1778426614
r18-0003260,rwhite@coastalbuildingsystems.com,Headcount Planner,Which cost centers are over budget YTD?,completed,43.0,"FP&A Feb variance was $271,033 vs plan",1778427004
r18-0003261,rwhite@coastalbuildingsystems.com,Vendor Spend Analyzer,Check covenant compliance for the revolver,completed,61.2,"Accounting Jun variance was $890,270 vs plan",1778432498
r18-0003262,sbrown@coastalbuildingsystems.com,Journal Entry Reviewer,Build the board deck cash slide for Apr,completed,43.3,"FP&A Apr variance was $3,926,790 vs plan",1778447926
r18-0003263,dkim@coastalbuildingsystems.com,Budget vs Actual,Forecast Apr operating cash flow,completed,13.5,"Accounting Apr variance was $30,613 vs plan",1778427406
r18-0003264,lpatel@coastalbuildingsystems.com,Close Checklist Bot,Explain the headcount variance vs plan,completed,57.9,"Ops Feb variance was $2,506,127 vs plan",1778431666
r18-0003265,btaylor@coastalbuildingsystems.com,Revenue Recognizer,Why did Treasury spend exceed budget in Jun?,completed,17.3,"Treasury Jun variance was $2,683,794 vs plan",1778449788
r18-0003266,bjones@coastalbuildingsystems.com,Journal Entry Reviewer,Summarize the Mar variance for entity CA-09,completed,49.8,"Accounting Mar variance was $3,711,481 vs plan",1778427190
r18-0003267,dkim@coastalbuildingsystems.com,Revenue Recognizer,Check covenant compliance for the revolver,completed,21.0,"Treasury Mar variance was $2,885,812 vs plan",1778431211
r18-0003268,rwhite@coastalbuildingsystems.com,Close Checklist Bot,Which cost centers are over budget YTD?,completed,1.3,ERROR: upstream request timed out,1778428591
r18-0003269,bjones@coastalbuildingsystems.com,Board Deck Builder,Draft flux commentary for the Mar close,completed,72.9,"Ops Mar variance was $1,910,311 vs plan",1778421684
r18-0003270,dkim@coastalbuildingsystems.com,Board Deck Builder,Explain the headcount variance vs plan,completed,38.2,"Ops Feb variance was $621,322 vs plan",1778449120
r18-0003271,bjones@coastalbuildingsystems.com,AP Aging Analyst,Summarize the May variance for entity MX-09,completed,29.4,"Ops May variance was $2,903,441 vs plan",1778441931
r18-0003272,rwhite@coastalbuildingsystems.com,Budget vs Actual,Explain the headcount variance vs plan,completed,70.6,"FP&A Feb variance was $1,978,173 vs plan",1778443105
r18-0003273,rwhite@coastalbuildingsystems.com,Covenant Checker,Draft flux commentary for the Jan close,completed,0.9,Traceback (most recent call last): KeyError 'entity',1778448560
r18-0003274,rwhite@coastalbuildingsystems.com,Variance Explainer,Why did Accounting spend exceed budget in Jun?,completed,54.8,"Accounting Jun variance was $3,792,527 vs plan",1778457704
r18-0003275,jwhite2@coastalbuildingsystems.com,Vendor Spend Analyzer,Summarize the May variance for entity CA-07,completed,32.6,"FP&A May variance was $254,379 vs plan",1778432268
r18-0003276,jwhite2@coastalbuildingsystems.com,Revenue Recognizer,Explain the headcount variance vs plan,completed,5.7,"Treasury Jun variance was $2,464,523 vs plan",1778521910
r18-0003277,bjones@coastalbuildingsystems.com,AP Aging Analyst,What drove the change in gross margin this quarter?,completed,7.3,"FP&A Jan variance was $3,452,053 vs plan",1778514403
r18-0003278,dkim@coastalbuildingsystems.com,Journal Entry Reviewer,Reconcile AP aging over 90 days for MX-09,completed,37.9,"FP&A Jan variance was $2,996,844 vs plan",1778532891
r18-0003279,rperez@coastalbuildingsystems.com,Variance Explainer,Why did FP&A spend exceed budget in Jun?,completed,1.5,Traceback (most recent call last): KeyError 'entity',1778546128
r18-0003280,jjones@coastalbuildingsystems.com,Budget vs Actual,Explain the headcount variance vs plan,completed,65.2,"Accounting Apr variance was $1,173,797 vs plan",1778515917
r18-0003281,dkim@coastalbuildingsystems.com,Cash Forecaster,Explain the headcount variance vs plan,completed,72.3,"Treasury Feb variance was $1,132,865 vs plan",1778512992
r18-0003282,rthompson@coastalbuildingsystems.com,AP Aging Analyst,Forecast May operating cash flow,completed,59.0,"Treasury May variance was $2,320,600 vs plan",1778513118
r18-0003283,jthompson@coastalbuildingsystems.com,Journal Entry Reviewer,What drove the change in gross margin this quarter?,completed,58.1,"FP&A Feb variance was $4,573,346 vs plan",1778515072
r18-0003284,jjones@coastalbuildingsystems.com,Vendor Spend Analyzer,Which cost centers are over budget YTD?,completed,6.3,"FP&A Jan variance was $4,198,146 vs plan",1778513427
r18-0003285,jwhite@coastalbuildingsystems.com,Cash Forecaster,Reconcile AP aging over 90 days for CA-06,completed,66.4,"Treasury Apr variance was $309,735 vs plan",1778526732
r18-0003286,rwhite@coastalbuildingsystems.com,Variance Explainer,What drove the change in gross margin this quarter?,completed,46.7,"Accounting Jan variance was $3,298,353 vs plan",1778518548
r18-0003287,bjones@coastalbuildingsystems.com,Close Checklist Bot,Reconcile AP aging over 90 days for US-06,completed,24.2,"Accounting Apr variance was $4,283,700 vs plan",1778513870
r18-0003288,bjones@coastalbuildingsystems.com,AP Aging Analyst,Check covenant compliance for the revolver,completed,57.7,"Ops Jan variance was $1,047,368 vs plan",1778504611
r18-0003289,lperez@coastalbuildingsystems.com,AP Aging Analyst,Check covenant compliance for the revolver,completed,1.0,FAILED: null reference in aggregation step,1778527020
r18-0003290,sbrown@coastalbuildingsystems.com,Vendor Spend Analyzer,Check covenant compliance for the revolver,error,2.6,ERROR: upstream request timed out,1778532082
r18-0003291,rperez@coastalbuildingsystems.com,AP Aging Analyst,Reconcile AP aging over 90 days for MX-06,completed,50.4,"Ops Feb variance was $3,765,795 vs plan",1778512936
r18-0003292,rwhite@coastalbuildingsystems.com,Vendor Spend Analyzer,Check covenant compliance for the revolver,error,5.8,Traceback (most recent call last): KeyError 'entity',1778525076
r18-0003293,jwhite@coastalbuildingsystems.com,Revenue Recognizer,What drove the change in gross margin this quarter?,completed,30.3,"Treasury Jun variance was $1,964,995 vs plan",1778516089
r18-0003294,btaylor@coastalbuildingsystems.com,Budget vs Actual,Draft flux commentary for the May close,completed,59.0,"Ops May variance was $4,515,499 vs plan",1778524151
r18-0003295,bjones@coastalbuildingsystems.com,Board Deck Builder,Forecast Jan operating cash flow,completed,22.8,"Ops Jan variance was $2,227,698 vs plan",1778531039
r18-0003296,rwhite@coastalbuildingsystems.com,Covenant Checker,What drove the change in gross margin this quarter?,completed,70.2,"FP&A May variance was $1,539,615 vs plan",1778509670
r18-0003297,sbrown@coastalbuildingsystems.com,Headcount Planner,Summarize the Apr variance for entity CA-07,completed,32.4,"Ops Apr variance was $2,246,771 vs plan",1778513416
r18-0003298,rwhite@coastalbuildingsystems.com,Close Checklist Bot,Check covenant compliance for the revolver,completed,0.3,Traceback (most recent call last): KeyError 'entity',1778520514
r18-0003299,sbrown@coastalbuildingsystems.com,Vendor Spend Analyzer,What drove the change in gross margin this quarter?,error,4.9,ERROR: upstream request timed out,1778529335
r18-0003300,sjackson@coastalbuildingsystems.com,Revenue Recognizer,Summarize the Jun variance for entity EU-01,completed,17.0,"Ops Jun variance was $4,608,822 vs plan",1778513722
r18-0003301,rwhite@coastalbuildingsystems.com,Variance Explainer,Build the board deck cash slide for Jan,completed,37.6,"Accounting Jan variance was $412,093 vs plan",1778523392
r18-0003302,bjones@coastalbuildingsystems.com,AP Aging Analyst,Why did FP&A spend exceed budget in Apr?,completed,18.1,"FP&A Apr variance was $1,289,192 vs plan",1778524574
r18-0003303,rwhite@coastalbuildingsystems.com,Vendor Spend Analyzer,Why did Accounting spend exceed budget in Jan?,completed,5.6,"Accounting Jan variance was $3,343,403 vs plan",1778520931
r18-0003304,btaylor@coastalbuildingsystems.com,AP Aging Analyst,Summarize the May variance for entity EU-01,completed,27.9,"FP&A May variance was $398,488 vs plan",1778515027
r18-0003305,lpatel@coastalbuildingsystems.com,Journal Entry Reviewer,Summarize the Feb variance for entity CA-09,completed,60.9,"FP&A Feb variance was $2,010,239 vs plan",1778530520
r18-0003306,lperez@coastalbuildingsystems.com,Headcount Planner,Which cost centers are over budget YTD?,completed,24.5,"FP&A May variance was $2,489,532 vs plan",1778509507
r18-0003307,rperez@coastalbuildingsystems.com,Headcount Planner,Forecast Apr operating cash flow,completed,13.0,"Treasury Apr variance was $1,128,329 vs plan",1778519284
r18-0003308,bjones@coastalbuildingsystems.com,Variance Explainer,Build the board deck cash slide for Mar,completed,35.3,"Accounting Mar variance was $419,223 vs plan",1778533903
r18-0003309,dkim@coastalbuildingsystems.com,Journal Entry Reviewer,Why did Ops spend exceed budget in Jun?,completed,10.2,"Ops Jun variance was $3,047,121 vs plan",1778516846
r18-0003310,rwhite@coastalbuildingsystems.com,Variance Explainer,Build the board deck cash slide for Feb,completed,18.3,"Ops Feb variance was $4,362,440 vs plan",1778508425
r18-0003311,lpatel@coastalbuildingsystems.com,AP Aging Analyst,Forecast Jan operating cash flow,completed,10.2,"Accounting Jan variance was $1,409,483 vs plan",1778505085
r18-0003312,jwhite@coastalbuildingsystems.com,Budget vs Actual,Build the board deck cash slide for Apr,completed,13.9,"Treasury Apr variance was $2,441,967 vs plan",1778524281
r18-0003313,bjones@coastalbuildingsystems.com,Board Deck Builder,Why did Ops spend exceed budget in Jun?,completed,50.2,"Ops Jun variance was $728,584 vs plan",1778498558
r18-0003314,bjones@coastalbuildingsystems.com,Budget vs Actual,Draft flux commentary for the Feb close,completed,63.1,"Treasury Feb variance was $3,812,005 vs plan",1778512843
r18-0003315,rperez@coastalbuildingsystems.com,Vendor Spend Analyzer,Summarize the Apr variance for entity US-04,completed,0.4,error: connection reset by peer,1778513876
r18-0003316,rwhite@coastalbuildingsystems.com,AP Aging Analyst,What drove the change in gross margin this quarter?,completed,65.9,"FP&A Mar variance was $847,586 vs plan",1778499996
r18-0003317,rthompson@coastalbuildingsystems.com,Board Deck Builder,Draft flux commentary for the Feb close,completed,70.2,"Ops Feb variance was $690,601 vs plan",1778505664
r18-0003318,lperez@coastalbuildingsystems.com,Vendor Spend Analyzer,Reconcile AP aging over 90 days for MX-07,completed,67.4,"Ops May variance was $3,332,760 vs plan",1778522332
r18-0003319,bjones@coastalbuildingsystems.com,Vendor Spend Analyzer,What drove the change in gross margin this quarter?,completed,22.5,"Ops Mar variance was $4,044,312 vs plan",1778494035
r18-0003320,dkim@coastalbuildingsystems.com,Revenue Recognizer,Reconcile AP aging over 90 days for MX-02,completed,73.4,"Ops Feb variance was $2,767,171 vs plan",1778531365
r18-0003321,bjones@coastalbuildingsystems.com,Variance Explainer,Check covenant compliance for the revolver,completed,58.7,"FP&A Jun variance was $257,587 vs plan",1778507527
r18-0003322,rwhite@coastalbuildingsystems.com,Close Checklist Bot,Build the board deck cash slide for Mar,completed,17.3,"Accounting Mar variance was $2,109,433 vs plan",1778498360
r18-0003323,sbrown@coastalbuildingsystems.com,AP Aging Analyst,Draft flux commentary for the May close,completed,6.9,"Ops May variance was $4,196,645 vs plan",1778504800
r18-0003324,rwhite@coastalbuildingsystems.com,Headcount Planner,Reconcile AP aging over 90 days for EU-03,error,2.3,error code 502 from model gateway,1778516120
r18-0003325,canderson@coastalbuildingsystems.com,Close Checklist Bot,Build the board deck cash slide for Apr,completed,1.2,error: connection reset by peer,1778535604
r18-0003326,bjones@coastalbuildingsystems.com,Budget vs Actual,Why did Treasury spend exceed budget in Feb?,completed,1.4,error: connection reset by peer,1778511440
r18-0003327,canderson@coastalbuildingsystems.com,Variance Explainer,Summarize the Mar variance for entity MX-05,error,0.6,ERROR: upstream request timed out,1778522968
r18-0003328,jjones@coastalbuildingsystems.com,Revenue Recognizer,Build the board deck cash slide for Apr,error,3.6,error: connection reset by peer,1778498855
r18-0003329,rwhite@coastalbuildingsystems.com,Vendor Spend Analyzer,Check covenant compliance for the revolver,completed,16.5,"Accounting Feb variance was $495,307 vs plan",1778528049
r18-0003330,rwhite@coastalbuildingsystems.com,Budget vs Actual,Why did Ops spend exceed budget in Jan?,completed,66.3,"Ops Jan variance was $268,475 vs plan",1778509497
r18-0003331,rwhite@coastalbuildingsystems.com,Variance Explainer,Why did Treasury spend exceed budget in Apr?,completed,69.5,"Treasury Apr variance was $4,212,012 vs plan",1778527829
r18-0003332,wharris@coastalbuildingsystems.com,Close Checklist Bot,Which cost centers are over budget YTD?,completed,62.9,"FP&A Feb variance was $2,183,762 vs plan",1778513973
r18-0003333,wharris@coastalbuildingsystems.com,Headcount Planner,What drove the change in gross margin this quarter?,completed,11.7,"Treasury Apr variance was $3,113,290 vs plan",1778531826
r18-0003334,dgonzalez@coastalbuildingsystems.com,Vendor Spend Analyzer,What drove the change in gross margin this quarter?,error,5.3,error: connection reset by peer,1778516455
r18-0003335,jjones@coastalbuildingsystems.com,Variance Explainer,Build the board deck cash slide for May,completed,33.1,"Accounting May variance was $4,568,344 vs plan",1778513558
r18-0003336,rwhite@coastalbuildingsystems.com,Board Deck Builder,Forecast Mar operating cash flow,completed,40.5,"Accounting Mar variance was $4,293,673 vs plan",1778528816
r18-0003337,jwhite@coastalbuildingsystems.com,Flux Commentary,Why did Accounting spend exceed budget in Jun?,completed,11.2,"Accounting Jun variance was $1,016,537 vs plan",1778515230
r18-0003338,lpatel@coastalbuildingsystems.com,Cash Forecaster,What drove the change in gross margin this quarter?,completed,63.5,"FP&A May variance was $2,095,613 vs plan",1778539580
r18-0003339,sbrown@coastalbuildingsystems.com,Close Checklist Bot,Draft flux commentary for the Jun close,error,2.9,error: connection reset by peer,1778621144
r18-0003340,rwhite@coastalbuildingsystems.com,AP Aging Analyst,Why did Accounting spend exceed budget in Mar?,completed,52.1,"Accounting Mar variance was $1,923,726 vs plan",1778607618
r18-0003341,jthompson@coastalbuildingsystems.com,Budget vs Actual,Build the board deck cash slide for May,completed,49.0,"FP&A May variance was $3,913,650 vs plan",1778617634
r18-0003342,rwhite@coastalbuildingsystems.com,Cash Forecaster,Draft flux commentary for the Jun close,completed,30.0,"Treasury Jun variance was $3,485,274 vs plan",1778606969
r18-0003343,canderson@coastalbuildingsystems.com,Cash Forecaster,Reconcile AP aging over 90 days for MX-09,completed,18.9,"Ops Mar variance was $2,433,896 vs plan",1778619288
r18-0003344,bjones@coastalbuildingsystems.com,Vendor Spend Analyzer,Reconcile AP aging over 90 days for EU-07,completed,42.9,"FP&A Apr variance was $4,402,748 vs plan",1778602460
r18-0003345,rwhite@coastalbuildingsystems.com,Board Deck Builder,What drove the change in gross margin this quarter?,completed,12.6,"FP&A Feb variance was $744,557 vs plan",1778590986
r18-0003346,bjones@coastalbuildingsystems.com,Variance Explainer,What drove the change in gross margin this quarter?,completed,61.3,"Ops Jan variance was $2,077,737 vs plan",1778599272
r18-0003347,btaylor@coastalbuildingsystems.com,Board Deck Builder,What drove the change in gross margin this quarter?,completed,58.5,"Accounting Feb variance was $3,562,883 vs plan",1778601987
r18-0003348,jgarcia@coastalbuildingsystems.com,AP Aging Analyst,Draft flux commentary for the Apr close,completed,70.8,"Accounting Apr variance was $2,873,320 vs plan",1778622577
r18-0003349,jwhite2@coastalbuildingsystems.com,Flux Commentary,What drove the change in gross margin this quarter?,completed,35.9,"FP&A Jan variance was $3,403,079 vs plan",1778586857
r18-0003350,lpatel@coastalbuildingsystems.com,Vendor Spend Analyzer,Reconcile AP aging over 90 days for US-08,completed,66.8,"Ops Jan variance was $4,022,969 vs plan",1778607969
r18-0003351,bjones@coastalbuildingsystems.com,Headcount Planner,Reconcile AP aging over 90 days for MX-04,completed,48.5,"FP&A Feb variance was $3,499,455 vs plan",1778600370
r18-0003352,rwhite@coastalbuildingsystems.com,Flux Commentary,Explain the headcount variance vs plan,completed,49.1,"FP&A Jan variance was $3,337,275 vs plan",1778596204
r18-0003353,rperez@coastalbuildingsystems.com,Cash Forecaster,What drove the change in gross margin this quarter?,completed,63.2,"Treasury May variance was $2,251,702 vs plan",1778601678
r18-0003354,dkim@coastalbuildingsystems.com,AP Aging Analyst,What drove the change in gross margin this quarter?,completed,34.0,"FP&A Apr variance was $359,401 vs plan",1778607815
r18-0003355,wharris@coastalbuildingsystems.com,Board Deck Builder,Summarize the Mar variance for entity EU-03,completed,54.6,"Treasury Mar variance was $1,411,657 vs plan",1778627832
r18-0003356,rwhite@coastalbuildingsystems.com,Revenue Recognizer,Reconcile AP aging over 90 days for MX-04,completed,21.0,"Treasury Mar variance was $2,373,162 vs plan",1778598861
r18-0003357,rwhite@coastalbuildingsystems.com,Board Deck Builder,Explain the headcount variance vs plan,completed,7.9,"FP&A Jan variance was $2,607,106 vs plan",1778595138
r18-0003358,dkim@coastalbuildingsystems.com,Covenant Checker,Check covenant compliance for the revolver,completed,48.6,"FP&A Jun variance was $2,624,605 vs plan",1778594867
r18-0003359,canderson@coastalbuildingsystems.com,Budget vs Actual,Forecast Mar operating cash flow,completed,13.3,"Treasury Mar variance was $888,000 vs plan",1778599927
r18-0003360,rwhite@coastalbuildingsystems.com,AP Aging Analyst,Reconcile AP aging over 90 days for CA-01,completed,61.9,"Ops Jun variance was $407,024 vs plan",1778615766
r18-0003361,bjones@coastalbuildingsystems.com,Cash Forecaster,Forecast Feb operating cash flow,completed,54.8,"Treasury Feb variance was $4,251,052 vs plan",1778602271
r18-0003362,bjones@coastalbuildingsystems.com,Cash Forecaster,Check covenant compliance for the revolver,completed,45.7,"Ops Apr variance was $1,018,694 vs plan",1778609961
r18-0003363,lperez@coastalbuildingsystems.com,Close Checklist Bot,Draft flux commentary for the May close,completed,70.1,"FP&A May variance was $3,305,682 vs plan",1778632564
r18-0003364,bjones@coastalbuildingsystems.com,Revenue Recognizer,Summarize the Feb variance for entity CA-09,completed,21.7,"Ops Feb variance was $4,314,921 vs plan",1778596755
r18-0003365,rwhite@coastalbuildingsystems.com,Flux Commentary,Summarize the Mar variance for entity CA-06,completed,56.1,"Treasury Mar variance was $4,682,916 vs plan",1778594656
r18-0003366,rwhite@coastalbuildingsystems.com,Close Checklist Bot,Draft flux commentary for the Apr close,completed,3.8,"Accounting Apr variance was $1,306,237 vs plan",1778595162
r18-0003367,bjones@coastalbuildingsystems.com,Close Checklist Bot,Forecast Mar operating cash flow,completed,41.5,"Ops Mar variance was $4,219,540 vs plan",1778592303
r18-0003368,canderson@coastalbuildingsystems.com,Cash Forecaster,Summarize the Mar variance for entity EU-05,completed,62.9,"Accounting Mar variance was $3,544,872 vs plan",1778609062
r18-0003369,jjones@coastalbuildingsystems.com,Close Checklist Bot,Explain the headcount variance vs plan,completed,57.4,"FP&A May variance was $640,109 vs plan",1778614451
r18-0003370,rperez@coastalbuildingsystems.com,Close Checklist Bot,Which cost centers are over budget YTD?,completed,55.7,"Treasury Mar variance was $4,208,981 vs plan",1778597499
r18-0003371,dkim@coastalbuildingsystems.com,Flux Commentary,Check covenant compliance for the revolver,error,4.2,error code 502 from model gateway,1778599136
r18-0003372,bjones@coastalbuildingsystems.com,Journal Entry Reviewer,Forecast Jan operating cash flow,completed,69.8,"FP&A Jan variance was $4,043,125 vs plan",1778594134
r18-0003373,rwhite@coastalbuildingsystems.com,Close Checklist Bot,Check covenant compliance for the revolver,completed,40.4,"Accounting Jan variance was $1,762,148 vs plan",1778619530
r18-0003374,wharris@coastalbuildingsystems.com,Variance Explainer,Which cost centers are over budget YTD?,completed,50.4,"Ops Jan variance was $3,209,442 vs plan",1778597330
r18-0003375,jjones@coastalbuildingsystems.com,Close Checklist Bot,Build the board deck cash slide for Apr,completed,61.0,"Accounting Apr variance was $728,883 vs plan",1778591370
r18-0003376,btaylor@coastalbuildingsystems.com,Covenant Checker,Explain the headcount variance vs plan,completed,16.6,"FP&A May variance was $870,643 vs plan",1778602854
r18-0003377,bjones@coastalbuildingsystems.com,Journal Entry Reviewer,Build the board deck cash slide for Apr,completed,59.2,"Accounting Apr variance was $376,418 vs plan",1778592338
r18-0003378,jjones@coastalbuildingsystems.com,AP Aging Analyst,Summarize the May variance for entity MX-03,completed,38.4,"FP&A May variance was $4,619,381 vs plan",1778602821
r18-0003379,jwhite@coastalbuildingsystems.com,Board Deck Builder,Reconcile AP aging over 90 days for EU-04,completed,31.6,"FP&A Jan variance was $1,684,195 vs plan",1778607128
r18-0003380,dkim@coastalbuildingsystems.com,Close Checklist Bot,Summarize the Jan variance for entity US-03,completed,43.8,"Treasury Jan variance was $1,947,530 vs plan",1778599338
r18-0003381,jwhite@coastalbuildingsystems.com,Budget vs Actual,Check covenant compliance for the revolver,completed,17.2,"Ops Feb variance was $2,996,140 vs plan",1778598154
r18-0003382,rwhite@coastalbuildingsystems.com,Cash Forecaster,Forecast Apr operating cash flow,completed,51.0,"Ops Apr variance was $1,225,166 vs plan",1778580249
r18-0003383,rwhite@coastalbuildingsystems.com,Headcount Planner,Build the board deck cash slide for Mar,completed,74.3,"Accounting Mar variance was $216,087 vs plan",1778593930
r18-0003384,bjones@coastalbuildingsystems.com,AP Aging Analyst,Why did FP&A spend exceed budget in May?,completed,56.3,"FP&A May variance was $1,380,100 vs plan",1778588677
r18-0003385,bjones@coastalbuildingsystems.com,AP Aging Analyst,Draft flux commentary for the Mar close,completed,62.1,"Treasury Mar variance was $1,523,162 vs plan",1778621748
r18-0003386,rwhite@coastalbuildingsystems.com,Revenue Recognizer,Forecast Feb operating cash flow,completed,47.9,"Accounting Feb variance was $2,525,658 vs plan",1778601822
r18-0003387,rwhite@coastalbuildingsystems.com,Cash Forecaster,Reconcile AP aging over 90 days for MX-06,completed,44.0,"FP&A Feb variance was $4,051,603 vs plan",1778602361
r18-0003388,rwhite@coastalbuildingsystems.com,Budget vs Actual,What drove the change in gross margin this quarter?,completed,32.2,"Ops Jun variance was $1,138,730 vs plan",1778605474
r18-0003389,rwhite@coastalbuildingsystems.com,Close Checklist Bot,Explain the headcount variance vs plan,completed,44.0,"Accounting Mar variance was $63,828 vs plan",1778591929
r18-0003390,wharris@coastalbuildingsystems.com,Close Checklist Bot,Build the board deck cash slide for May,completed,19.7,"Ops May variance was $3,011,701 vs plan",1778705289
r18-0003391,bjones@coastalbuildingsystems.com,Cash Forecaster,Why did FP&A spend exceed budget in Jun?,completed,5.4,"FP&A Jun variance was $824,412 vs plan",1778688898
r18-0003392,bjones@coastalbuildingsystems.com,Close Checklist Bot,Draft flux commentary for the Jun close,completed,19.1,"Accounting Jun variance was $3,187,215 vs plan",1778692642
r18-0003393,rwhite@coastalbuildingsystems.com,Board Deck Builder,Build the board deck cash slide for Mar,completed,12.1,"Treasury Mar variance was $3,820,274 vs plan",1778688379
r18-0003394,btaylor@coastalbuildingsystems.com,Variance Explainer,What drove the change in gross margin this quarter?,completed,1.4,FAILED: null reference in aggregation step,1778687906
r18-0003395,lperez@coastalbuildingsystems.com,Cash Forecaster,What drove the change in gross margin this quarter?,completed,70.1,"Ops Jun variance was $2,453,094 vs plan",1778690571
r18-0003396,dkim@coastalbuildingsystems.com,Revenue Recognizer,Build the board deck cash slide for May,completed,63.9,"Treasury May variance was $1,381,664 vs plan",1778694834
r18-0003397,rwhite@coastalbuildingsystems.com,Flux Commentary,Draft flux commentary for the Apr close,error,0.6,ERROR: upstream request timed out,1778673490
r18-0003398,jjones@coastalbuildingsystems.com,Vendor Spend Analyzer,Why did Ops spend exceed budget in Apr?,completed,1.5,error code 502 from model gateway,1778702805
r18-0003399,rwhite@coastalbuildingsystems.com,Covenant Checker,What drove the change in gross margin this quarter?,error,7.6,Traceback (most recent call last): KeyError 'entity',1778709808
r18-0003400,rwhite@coastalbuildingsystems.com,Journal Entry Reviewer,Draft flux commentary for the May close,completed,33.7,"Treasury May variance was $3,101,106 vs plan",1778691561
r18-0003401,dkim@coastalbuildingsystems.com,Close Checklist Bot,Explain the headcount variance vs plan,completed,30.8,"Treasury May variance was $3,679,805 vs plan",1778675093
r18-0003402,rwhite@coastalbuildingsystems.com,Covenant Checker,Why did Ops spend exceed budget in Jun?,completed,54.4,"Ops Jun variance was $4,552,489 vs plan",1778678145
r18-0003403,btaylor@coastalbuildingsystems.com,Covenant Checker,Reconcile AP aging over 90 days for CA-02,completed,55.1,"Ops Apr variance was $2,743,423 vs plan",1778676447
r18-0003404,bjones@coastalbuildingsystems.com,Cash Forecaster,Build the board deck cash slide for Apr,completed,25.7,"FP&A Apr variance was $4,144,126 vs plan",1778708074
r18-0003405,rperez@coastalbuildingsystems.com,Cash Forecaster,Build the board deck cash slide for Jan,completed,60.6,"Treasury Jan variance was $1,683,872 vs plan",1778720148
r18-0003406,rwhite@coastalbuildingsystems.com,Vendor Spend Analyzer,What drove the change in gross margin this quarter?,completed,3.8,"FP&A Apr variance was $2,994,062 vs plan",1778683676
r18-0003407,lperez@coastalbuildingsystems.com,Budget vs Actual,Which cost centers are over budget YTD?,completed,40.8,"Ops May variance was $1,720,514 vs plan",1778699311
r18-0003408,jjones@coastalbuildingsystems.com,Vendor Spend Analyzer,Build the board deck cash slide for Jun,completed,42.2,"Accounting Jun variance was $650,834 vs plan",1778692379
r18-0003409,rwhite@coastalbuildingsystems.com,Covenant Checker,Summarize the Apr variance for entity US-06,completed,28.6,"FP&A Apr variance was $2,582,138 vs plan",1778692142
r18-0003410,rthompson@coastalbuildingsystems.com,AP Aging Analyst,Which cost centers are over budget YTD?,completed,63.9,"FP&A Jun variance was $1,135,365 vs plan",1778674028
r18-0003411,rwhite@coastalbuildingsystems.com,Board Deck Builder,Draft flux commentary for the Feb close,completed,21.0,"FP&A Feb variance was $1,413,343 vs plan",1778690387
r18-0003412,sjackson@coastalbuildingsystems.com,Flux Commentary,Why did Accounting spend exceed budget in Jan?,completed,21.9,"Accounting Jan variance was $49,579 vs plan",1778709107
r18-0003413,rthompson@coastalbuildingsystems.com,Revenue Recognizer,Forecast Jan operating cash flow,completed,62.1,"Ops Jan variance was $3,785,358 vs plan",1778702006
r18-0003414,jwhite@coastalbuildingsystems.com,AP Aging Analyst,Build the board deck cash slide for May,completed,0.9,Traceback (most recent call last): KeyError 'entity',1778674354
r18-0003415,lperez@coastalbuildingsystems.com,Board Deck Builder,Summarize the Apr variance for entity MX-07,completed,19.2,"Accounting Apr variance was $1,323,510 vs plan",1778687850
r18-0003416,dkim@coastalbuildingsystems.com,Flux Commentary,Summarize the Feb variance for entity CA-06,completed,71.7,"Accounting Feb variance was $3,190,229 vs plan",1778693116
r18-0003417,rwhite@coastalbuildingsystems.com,AP Aging Analyst,Why did FP&A spend exceed budget in Jun?,completed,17.8,"FP&A Jun variance was $1,136,061 vs plan",1778693891
r18-0003418,bjones@coastalbuildingsystems.com,AP Aging Analyst,What drove the change in gross margin this quarter?,error,7.2,Traceback (most recent call last): KeyError 'entity',1778691578
r18-0003419,wharris@coastalbuildingsystems.com,Close Checklist Bot,Reconcile AP aging over 90 days for EU-08,completed,0.6,error code 502 from model gateway,1778678992
r18-0003420,bjones@coastalbuildingsystems.com,Revenue Recognizer,Build the board deck cash slide for Feb,completed,37.3,"Accounting Feb variance was $612,764 vs plan",1778697155
r18-0003421,rperez@coastalbuildingsystems.com,Budget vs Actual,Reconcile AP aging over 90 days for US-01,completed,4.6,"Accounting May variance was $4,371,429 vs plan",1778691470
r18-0003422,bjones@coastalbuildingsystems.com,Flux Commentary,Explain the headcount variance vs plan,completed,23.5,"Ops Jun variance was $4,766,854 vs plan",1778689578
r18-0003423,jwhite@coastalbuildingsystems.com,Board Deck Builder,What drove the change in gross margin this quarter?,completed,27.7,"FP&A Apr variance was $2,029,777 vs plan",1778686889
r18-0003424,rwhite@coastalbuildingsystems.com,Variance Explainer,What drove the change in gross margin this quarter?,completed,41.6,"Accounting May variance was $2,853,655 vs plan",1778703022
r18-0003425,rwhite@coastalbuildingsystems.com,Board Deck Builder,Forecast Apr operating cash flow,completed,47.4,"FP&A Apr variance was $1,117,590 vs plan",1778688256
r18-0003426,lperez@coastalbuildingsystems.com,Flux Commentary,Reconcile AP aging over 90 days for US-06,completed,60.5,"FP&A Feb variance was $682,812 vs plan",1778683486
r18-0003427,dkim@coastalbuildingsystems.com,Variance Explainer,Check covenant compliance for the revolver,completed,55.2,"Accounting Mar variance was $878,857 vs plan",1778675111
r18-0003428,bjones@coastalbuildingsystems.com,Vendor Spend Analyzer,Which cost centers are over budget YTD?,completed,0.2,ERROR: upstream request timed out,1778674422
r18-0003429,wharris@coastalbuildingsystems.com,Close Checklist Bot,Reconcile AP aging over 90 days for CA-03,completed,17.7,"Ops Jan variance was $4,680,185 vs plan",1778688516
r18-0003430,rwhite@coastalbuildingsystems.com,Headcount Planner,Explain the headcount variance vs plan,completed,53.8,"Treasury May variance was $2,040,466 vs plan",1778687733
r18-0003431,dkim@coastalbuildingsystems.com,Covenant Checker,Forecast Jun operating cash flow,completed,3.3,"Ops Jun variance was $4,724,990 vs plan",1778675385
r18-0003432,bjones@coastalbuildingsystems.com,Headcount Planner,Summarize the May variance for entity US-08,completed,74.5,"Treasury May variance was $1,497,494 vs plan",1778705515
r18-0003433,bjones@coastalbuildingsystems.com,Flux Commentary,Draft flux commentary for the Jun close,completed,38.8,"FP&A Jun variance was $4,736,132 vs plan",1778696773
r18-0003434,rwhite@coastalbuildingsystems.com,Headcount Planner,Explain the headcount variance vs plan,completed,54.5,"FP&A Jun variance was $1,515,362 vs plan",1778685881
r18-0003435,rwhite@coastalbuildingsystems.com,Cash Forecaster,Check covenant compliance for the revolver,completed,32.6,"Treasury Jan variance was $4,113,896 vs plan",1778716719
r18-0003436,rwhite@coastalbuildingsystems.com,Flux Commentary,Build the board deck cash slide for Feb,completed,66.7,"Accounting Feb variance was $1,198,030 vs plan",1778667857
r18-0003437,bjones@coastalbuildingsystems.com,Covenant Checker,Why did FP&A spend exceed budget in May?,completed,61.0,"FP&A May variance was $3,330,442 vs plan",1778697438
r18-0003438,btaylor@coastalbuildingsystems.com,Headcount Planner,Summarize the Apr variance for entity US-09,completed,44.5,"Accounting Apr variance was $3,311,140 vs plan",1778676346
r18-0003439,dkim@coastalbuildingsystems.com,Vendor Spend Analyzer,Summarize the Jan variance for entity US-07,completed,38.0,"FP&A Jan variance was $4,246,249 vs plan",1778685271
r18-0003440,wharris@coastalbuildingsystems.com,Variance Explainer,Explain the headcount variance vs plan,completed,6.0,"Ops Mar variance was $4,311,498 vs plan",1778712068
r18-0003441,bjones@coastalbuildingsystems.com,Flux Commentary,Build the board deck cash slide for May,completed,41.8,"Treasury May variance was $1,900,036 vs plan",1778703394
r18-0003442,rperez@coastalbuildingsystems.com,Variance Explainer,Summarize the May variance for entity US-02,completed,25.3,"Accounting May variance was $4,440,974 vs plan",1778687875
r18-0003443,rwhite@coastalbuildingsystems.com,Budget vs Actual,Which cost centers are over budget YTD?,completed,27.6,"FP&A Feb variance was $1,519,283 vs plan",1778674926
r18-0003444,jwhite@coastalbuildingsystems.com,Board Deck Builder,Summarize the May variance for entity US-01,completed,5.1,"Ops May variance was $2,122,588 vs plan",1778691118
r18-0003445,rthompson@coastalbuildingsystems.com,Vendor Spend Analyzer,Explain the headcount variance vs plan,completed,51.2,"FP&A Jun variance was $1,321,774 vs plan",1778699254
r18-0003446,bjones@coastalbuildingsystems.com,AP Aging Analyst,Explain the headcount variance vs plan,completed,15.2,"Ops May variance was $1,472,178 vs plan",1778691719
r18-0003447,lpatel@coastalbuildingsystems.com,Cash Forecaster,Reconcile AP aging over 90 days for US-09,completed,53.7,"Ops Mar variance was $3,000,886 vs plan",1778688071
r18-0003448,bjones@coastalbuildingsystems.com,AP Aging Analyst,Summarize the May variance for entity EU-09,completed,55.1,"FP&A May variance was $908,113 vs plan",1778701308
r18-0003449,dkim@coastalbuildingsystems.com,Variance Explainer,Reconcile AP aging over 90 days for CA-02,completed,72.6,"FP&A May variance was $1,745,588 vs plan",1778700297
r18-0003450,rwhite@coastalbuildingsystems.com,Close Checklist Bot,Explain the headcount variance vs plan,completed,15.7,"FP&A May variance was $1,825,142 vs plan",1778700230
r18-0003451,dkim@coastalbuildingsystems.com,Cash Forecaster,Build the board deck cash slide for May,completed,44.5,"FP&A May variance was $678,023 vs plan",1778680093
r18-0003452,rwhite@coastalbuildingsystems.com,Vendor Spend Analyzer,Why did Ops spend exceed budget in Feb?,completed,20.7,"Ops Feb variance was $1,263,845 vs plan",1778686133
r18-0003453,bjones@coastalbuildingsystems.com,Cash Forecaster,Why did Treasury spend exceed budget in May?,completed,37.0,"Treasury May variance was $1,936,329 vs plan",1778677601
r18-0003454,wharris@coastalbuildingsystems.com,Headcount Planner,What drove the change in gross margin this quarter?,completed,20.6,"FP&A Apr variance was $4,315,753 vs plan",1778686372
r18-0003455,bjones@coastalbuildingsystems.com,Cash Forecaster,Summarize the Mar variance for entity CA-04,completed,3.1,"FP&A Mar variance was $4,391,567 vs plan",1778688866
r18-0003456,sjackson@coastalbuildingsystems.com,Cash Forecaster,Forecast Apr operating cash flow,completed,61.2,"Accounting Apr variance was $2,465,580 vs plan",1778680164
r18-0003457,dkim@coastalbuildingsystems.com,Covenant Checker,Build the board deck cash slide for Jan,completed,50.8,"Treasury Jan variance was $2,751,886 vs plan",1778685605
r18-0003458,rperez@coastalbuildingsystems.com,Headcount Planner,Explain the headcount variance vs plan,completed,14.6,"Treasury Apr variance was $1,484,720 vs plan",1778709730
r18-0003459,rwhite@coastalbuildingsystems.com,Cash Forecaster,Summarize the Feb variance for entity CA-09,completed,8.5,"Treasury Feb variance was $4,396,822 vs plan",1778689767
r18-0003460,dgonzalez@coastalbuildingsystems.com,Journal Entry Reviewer,What drove the change in gross margin this quarter?,completed,56.3,"Treasury Mar variance was $2,891,598 vs plan",1778783255
r18-0003461,rwhite@coastalbuildingsystems.com,Vendor Spend Analyzer,Which cost centers are over budget YTD?,completed,5.8,"Ops Jun variance was $857,126 vs plan",1778787636
r18-0003462,dkim@coastalbuildingsystems.com,Cash Forecaster,Reconcile AP aging over 90 days for CA-02,completed,26.5,"Treasury May variance was $1,423,629 vs plan",1778790623
r18-0003463,rwhite@coastalbuildingsystems.com,Budget vs Actual,What drove the change in gross margin this quarter?,completed,19.4,"Ops Jun variance was $658,310 vs plan",1778791906
r18-0003464,canderson@coastalbuildingsystems.com,Journal Entry Reviewer,Forecast May operating cash flow,completed,62.7,"Treasury May variance was $2,376,991 vs plan",1778781474
r18-0003465,bjones@coastalbuildingsystems.com,Vendor Spend Analyzer,Why did Accounting spend exceed budget in Mar?,completed,25.6,"Accounting Mar variance was $1,745,839 vs plan",1778782691
r18-0003466,rwhite@coastalbuildingsystems.com,Journal Entry Reviewer,Summarize the May variance for entity US-05,completed,22.3,"FP&A May variance was $4,632,445 vs plan",1778771295
r18-0003467,jjones@coastalbuildingsystems.com,Variance Explainer,Which cost centers are over budget YTD?,completed,53.2,"Accounting Mar variance was $4,396,041 vs plan",1778769017
r18-0003468,rperez@coastalbuildingsystems.com,Variance Explainer,Check covenant compliance for the revolver,completed,67.7,"FP&A Jun variance was $1,709,255 vs plan",1778775568
r18-0003469,lpatel@coastalbuildingsystems.com,Cash Forecaster,Explain the headcount variance vs plan,error,5.1,error code 502 from model gateway,1778771350
r18-0003470,rperez@coastalbuildingsystems.com,Headcount Planner,Which cost centers are over budget YTD?,completed,29.5,"Ops Feb variance was $2,603,000 vs plan",1778764245
r18-0003471,sbrown@coastalbuildingsystems.com,Close Checklist Bot,Which cost centers are over budget YTD?,completed,61.9,"Accounting Jun variance was $4,340,706 vs plan",1778761324
r18-0003472,rwhite@coastalbuildingsystems.com,Variance Explainer,What drove the change in gross margin this quarter?,completed,0.3,Traceback (most recent call last): KeyError 'entity',1778776396
r18-0003473,rperez@coastalbuildingsystems.com,Journal Entry Reviewer,Draft flux commentary for the Jan close,completed,34.9,"Ops Jan variance was $306,709 vs plan",1778782151
r18-0003474,dkim@coastalbuildingsystems.com,Headcount Planner,Check covenant compliance for the revolver,completed,52.6,"Treasury Jun variance was $1,590,315 vs plan",1778775479
r18-0003475,rwhite@coastalbuildingsystems.com,Vendor Spend Analyzer,Which cost centers are over budget YTD?,completed,55.9,"Treasury Feb variance was $4,429,565 vs plan",1778772537
r18-0003476,bjones@coastalbuildingsystems.com,Revenue Recognizer,Summarize the Apr variance for entity CA-09,completed,18.5,"Ops Apr variance was $2,056,096 vs plan",1778772758
r18-0003477,rwhite@coastalbuildingsystems.com,Vendor Spend Analyzer,Build the board deck cash slide for Jan,completed,41.1,"Treasury Jan variance was $1,094,398 vs plan",1778781443
r18-0003478,rwhite@coastalbuildingsystems.com,Headcount Planner,Build the board deck cash slide for Mar,completed,54.8,"Accounting Mar variance was $666,907 vs plan",1778791009
r18-0003479,rwhite@coastalbuildingsystems.com,Cash Forecaster,Forecast May operating cash flow,completed,27.2,"Treasury May variance was $583,263 vs plan",1778775020
r18-0003480,rwhite@coastalbuildingsystems.com,Budget vs Actual,Why did Ops spend exceed budget in Jan?,completed,57.4,"Ops Jan variance was $1,451,924 vs plan",1778773471
r18-0003481,jwhite@coastalbuildingsystems.com,Close Checklist Bot,Why did Treasury spend exceed budget in Mar?,completed,4.5,"Treasury Mar variance was $7,845 vs plan",1778787824
r18-0003482,dkim@coastalbuildingsystems.com,Revenue Recognizer,Check covenant compliance for the revolver,completed,12.2,"Ops Feb variance was $284,539 vs plan",1778774747
r18-0003483,bjones@coastalbuildingsystems.com,Board Deck Builder,Check covenant compliance for the revolver,completed,36.5,"Treasury May variance was $1,600,172 vs plan",1778774565
r18-0003484,lperez@coastalbuildingsystems.com,Covenant Checker,What drove the change in gross margin this quarter?,completed,8.4,"Accounting Jan variance was $1,779,541 vs plan",1778784543
r18-0003485,dkim@coastalbuildingsystems.com,Journal Entry Reviewer,Draft flux commentary for the Feb close,completed,32.6,"FP&A Feb variance was $1,607,209 vs plan",1778788466
r18-0003486,rwhite@coastalbuildingsystems.com,Revenue Recognizer,Summarize the Jun variance for entity CA-07,completed,29.0,"FP&A Jun variance was $2,038,817 vs plan",1778785104
r18-0003487,rwhite@coastalbuildingsystems.com,Board Deck Builder,Which cost centers are over budget YTD?,completed,41.5,"Ops Jun variance was $1,028,367 vs plan",1778769912
r18-0003488,jwhite@coastalbuildingsystems.com,Flux Commentary,What drove the change in gross margin this quarter?,completed,27.8,"FP&A Jun variance was $2,622,755 vs plan",1778778371
r18-0003489,rwhite@coastalbuildingsystems.com,Revenue Recognizer,What drove the change in gross margin this quarter?,completed,22.0,"Accounting Jan variance was $491,334 vs plan",1778786481
r18-0003490,rwhite@coastalbuildingsystems.com,Revenue Recognizer,Reconcile AP aging over 90 days for US-09,completed,25.2,"Accounting Jun variance was $4,324,069 vs plan",1778759435
r18-0003491,dgonzalez@coastalbuildingsystems.com,Vendor Spend Analyzer,Summarize the Apr variance for entity US-04,completed,30.6,"Ops Apr variance was $1,828,378 vs plan",1778795305
r18-0003492,jwhite@coastalbuildingsystems.com,Vendor Spend Analyzer,Build the board deck cash slide for Jun,completed,17.5,"FP&A Jun variance was $1,677,144 vs plan",1778774413
r18-0003493,rwhite@coastalbuildingsystems.com,Headcount Planner,Summarize the Apr variance for entity EU-01,completed,66.1,"FP&A Apr variance was $2,417,022 vs plan",1778781876
r18-0003494,rwhite@coastalbuildingsystems.com,Budget vs Actual,Summarize the Jun variance for entity US-03,completed,67.1,"Ops Jun variance was $1,660,628 vs plan",1778790874
r18-0003495,rwhite@coastalbuildingsystems.com,AP Aging Analyst,Reconcile AP aging over 90 days for US-08,completed,39.5,"Ops Jan variance was $2,637,092 vs plan",1778782215
r18-0003496,rwhite@coastalbuildingsystems.com,AP Aging Analyst,Check covenant compliance for the revolver,completed,6.1,"Accounting Jun variance was $4,092,430 vs plan",1778798584
r18-0003497,rwhite@coastalbuildingsystems.com,Journal Entry Reviewer,Explain the headcount variance vs plan,completed,67.1,"FP&A Mar variance was $2,948 vs plan",1778780620
r18-0003498,lperez@coastalbuildingsystems.com,Covenant Checker,Build the board deck cash slide for Jan,completed,63.3,"Ops Jan variance was $3,485,277 vs plan",1778777249
r18-0003499,rwhite@coastalbuildingsystems.com,Headcount Planner,Draft flux commentary for the Apr close,completed,49.6,"Treasury Apr variance was $3,301,884 vs plan",1778772007
r18-0003500,jjones@coastalbuildingsystems.com,Close Checklist Bot,Explain the headcount variance vs plan,completed,59.5,"Ops Feb variance was $3,612,161 vs plan",1778765121
r18-0003501,bjones@coastalbuildingsystems.com,Revenue Recognizer,Check covenant compliance for the revolver,completed,58.7,"Treasury Jun variance was $874,019 vs plan",1778781079
r18-0003502,btaylor@coastalbuildingsystems.com,Board Deck Builder,Forecast Jan operating cash flow,completed,29.1,"FP&A Jan variance was $585,329 vs plan",1778779459
r18-0003503,bjones@coastalbuildingsystems.com,Cash Forecaster,Which cost centers are over budget YTD?,completed,0.5,FAILED: null reference in aggregation step,1778767195
r18-0003504,rwhite@coastalbuildingsystems.com,Flux Commentary,Check covenant compliance for the revolver,error,6.9,error: connection reset by peer,1778774474
r18-0003505,sbrown@coastalbuildingsystems.com,Close Checklist Bot,Forecast Feb operating cash flow,completed,0.5,Traceback (most recent call last): KeyError 'entity',1778769681
r18-0003506,lperez@coastalbuildingsystems.com,Board Deck Builder,Which cost centers are over budget YTD?,completed,29.5,"Ops Apr variance was $2,650,418 vs plan",1778772352
r18-0003507,bjones@coastalbuildingsystems.com,Board Deck Builder,Reconcile AP aging over 90 days for CA-03,completed,41.0,"Treasury Apr variance was $484,117 vs plan",1778770968
r18-0003508,lperez@coastalbuildingsystems.com,Journal Entry Reviewer,Build the board deck cash slide for Jun,completed,68.6,"FP&A Jun variance was $4,104,410 vs plan",1778782018
r18-0003509,rwhite@coastalbuildingsystems.com,Covenant Checker,Reconcile AP aging over 90 days for CA-03,completed,10.0,"FP&A Jan variance was $2,609,222 vs plan",1778776403
r18-0003510,rwhite@coastalbuildingsystems.com,Covenant Checker,What drove the change in gross margin this quarter?,completed,39.4,"Treasury Jan variance was $434,500 vs plan",1778788843
r18-0003511,jjones@coastalbuildingsystems.com,Cash Forecaster,Check covenant compliance for the revolver,completed,41.6,"Accounting Jun variance was $4,410,943 vs plan",1778777826
r18-0003512,bjones@coastalbuildingsystems.com,Headcount Planner,Forecast May operating cash flow,completed,72.3,"FP&A May variance was $4,796,632 vs plan",1778786857
r18-0003513,jgarcia@coastalbuildingsystems.com,Variance Explainer,Reconcile AP aging over 90 days for CA-05,completed,21.7,"Treasury Apr variance was $1,147,782 vs plan",1778775323
r18-0003514,rwhite@coastalbuildingsystems.com,Budget vs Actual,Which cost centers are over budget YTD?,completed,25.7,"Ops Feb variance was $1,667,213 vs plan",1778752943
r18-0003515,rperez@coastalbuildingsystems.com,Board Deck Builder,What drove the change in gross margin this quarter?,completed,20.4,"Treasury Jan variance was $548,376 vs plan",1778776195
r18-0003516,rwhite@coastalbuildingsystems.com,Journal Entry Reviewer,Explain the headcount variance vs plan,completed,68.3,"Ops Jun variance was $1,700,663 vs plan",1778761018
r18-0003517,dkim@coastalbuildingsystems.com,Journal Entry Reviewer,Draft flux commentary for the Jan close,completed,10.0,"FP&A Jan variance was $2,078,146 vs plan",1778866740
r18-0003518,rwhite@coastalbuildingsystems.com,Vendor Spend Analyzer,Explain the headcount variance vs plan,completed,67.9,"FP&A Feb variance was $458,750 vs plan",1778840174
r18-0003519,bjones@coastalbuildingsystems.com,Flux Commentary,Build the board deck cash slide for Jan,completed,9.4,"Ops Jan variance was $951,011 vs plan",1778843165
r18-0003520,jjones@coastalbuildingsystems.com,AP Aging Analyst,Explain the headcount variance vs plan,completed,34.1,"Treasury Apr variance was $4,572,902 vs plan",1778881201
r18-0003521,wharris@coastalbuildingsystems.com,Budget vs Actual,Draft flux commentary for the Feb close,completed,37.9,"Treasury Feb variance was $924,467 vs plan",1778860109
r18-0003522,dkim@coastalbuildingsystems.com,Vendor Spend Analyzer,What drove the change in gross margin this quarter?,completed,50.6,"FP&A May variance was $3,654,571 vs plan",1778870777
r18-0003523,rwhite@coastalbuildingsystems.com,Budget vs Actual,Why did Ops spend exceed budget in Mar?,completed,9.9,"Ops Mar variance was $1,797,927 vs plan",1778877466
r18-0003524,sjackson@coastalbuildingsystems.com,Board Deck Builder,Explain the headcount variance vs plan,completed,4.6,"Ops Jun variance was $576,468 vs plan",1778857284
r18-0003525,dkim@coastalbuildingsystems.com,AP Aging Analyst,Explain the headcount variance vs plan,completed,15.1,"Treasury May variance was $3,783,636 vs plan",1778857918
r18-0003526,rwhite@coastalbuildingsystems.com,Close Checklist Bot,Why did Accounting spend exceed budget in Mar?,completed,1.3,FAILED: null reference in aggregation step,1778860177
r18-0003527,jjones@coastalbuildingsystems.com,AP Aging Analyst,Check covenant compliance for the revolver,completed,50.3,"FP&A Feb variance was $2,680,877 vs plan",1778871212
r18-0003528,rwhite@coastalbuildingsystems.com,Headcount Planner,Summarize the Mar variance for entity MX-04,completed,41.3,"Ops Mar variance was $3,356,132 vs plan",1778857413
r18-0003529,rwhite@coastalbuildingsystems.com,Cash Forecaster,Check covenant compliance for the revolver,completed,9.3,"Accounting May variance was $732,578 vs plan",1778855456
r18-0003530,jwhite@coastalbuildingsystems.com,Flux Commentary,What drove the change in gross margin this quarter?,completed,0.5,FAILED: null reference in aggregation step,1778871997
r18-0003531,rwhite@coastalbuildingsystems.com,Budget vs Actual,Summarize the Feb variance for entity EU-01,completed,17.0,"Accounting Feb variance was $3,027,502 vs plan",1778858259
r18-0003532,rwhite@coastalbuildingsystems.com,Flux Commentary,Why did Accounting spend exceed budget in Apr?,completed,35.7,"Accounting Apr variance was $539,021 vs plan",1778865229
r18-0003533,jjones@coastalbuildingsystems.com,Headcount Planner,Reconcile AP aging over 90 days for MX-04,completed,0.4,error code 502 from model gateway,1778861700
r18-0003534,bjones@coastalbuildingsystems.com,Budget vs Actual,What drove the change in gross margin this quarter?,error,3.0,error: connection reset by peer,1778844102
r18-0003535,rperez@coastalbuildingsystems.com,Close Checklist Bot,Build the board deck cash slide for Jan,completed,39.6,"Treasury Jan variance was $2,934,076 vs plan",1778854396
r18-0003536,lperez@coastalbuildingsystems.com,Covenant Checker,Forecast Apr operating cash flow,completed,62.0,"FP&A Apr variance was $1,171,016 vs plan",1778862537
r18-0003537,dkim@coastalbuildingsystems.com,Headcount Planner,Check covenant compliance for the revolver,completed,12.4,"FP&A Jun variance was $4,461,022 vs plan",1778862253
r18-0003538,dkim@coastalbuildingsystems.com,Revenue Recognizer,Which cost centers are over budget YTD?,completed,12.2,"Accounting Apr variance was $3,135,046 vs plan",1778868503
r18-0003539,dkim@coastalbuildingsystems.com,Board Deck Builder,Check covenant compliance for the revolver,completed,47.4,"FP&A Jun variance was $985,541 vs plan",1778849378
r18-0003540,bjones@coastalbuildingsystems.com,Board Deck Builder,Why did FP&A spend exceed budget in Jun?,completed,52.8,"FP&A Jun variance was $477,928 vs plan",1778853340
r18-0003541,bjones@coastalbuildingsystems.com,Vendor Spend Analyzer,Explain the headcount variance vs plan,completed,40.8,"Accounting May variance was $3,171,623 vs plan",1778878297
r18-0003542,rwhite@coastalbuildingsystems.com,Headcount Planner,Forecast May operating cash flow,completed,63.5,"Treasury May variance was $4,794,499 vs plan",1778847651
r18-0003543,rthompson@coastalbuildingsystems.com,Variance Explainer,Explain the headcount variance vs plan,completed,64.4,"Accounting Mar variance was $4,615,664 vs plan",1778879862
r18-0003544,rwhite@coastalbuildingsystems.com,Budget vs Actual,Which cost centers are over budget YTD?,completed,42.4,"Accounting May variance was $337,622 vs plan",1778890382
r18-0003545,lpatel@coastalbuildingsystems.com,Board Deck Builder,Draft flux commentary for the Jun close,completed,69.1,"Accounting Jun variance was $2,715,359 vs plan",1778868240
r18-0003546,bjones@coastalbuildingsystems.com,Flux Commentary,Why did Accounting spend exceed budget in Jun?,completed,22.3,"Accounting Jun variance was $1,939,944 vs plan",1778854675
r18-0003547,rwhite@coastalbuildingsystems.com,Budget vs Actual,Check covenant compliance for the revolver,completed,24.9,"FP&A Apr variance was $1,429,411 vs plan",1778870160
r18-0003548,rwhite@coastalbuildingsystems.com,Cash Forecaster,Reconcile AP aging over 90 days for EU-04,completed,50.8,"Treasury Apr variance was $2,007,910 vs plan",1778865664
r18-0003549,lperez@coastalbuildingsystems.com,Revenue Recognizer,Summarize the May variance for entity MX-04,completed,72.6,"FP&A May variance was $1,805,316 vs plan",1778851704
r18-0003550,bjones@coastalbuildingsystems.com,Revenue Recognizer,Check covenant compliance for the revolver,completed,10.8,"Treasury Apr variance was $1,669,972 vs plan",1778882823
r18-0003551,jwhite@coastalbuildingsystems.com,Variance Explainer,Draft flux commentary for the Jan close,completed,72.4,"FP&A Jan variance was $3,408,149 vs plan",1778874383
r18-0003552,rwhite@coastalbuildingsystems.com,Cash Forecaster,Forecast Jun operating cash flow,completed,1.4,error code 502 from model gateway,1778873596
r18-0003553,bjones@coastalbuildingsystems.com,Headcount Planner,Reconcile AP aging over 90 days for MX-02,completed,10.8,"FP&A Jun variance was $1,065,093 vs plan",1778866787
r18-0003554,rwhite@coastalbuildingsystems.com,Journal Entry Reviewer,Why did FP&A spend exceed budget in May?,completed,58.9,"FP&A May variance was $4,241,693 vs plan",1778872475
r18-0003555,rwhite@coastalbuildingsystems.com,Covenant Checker,Reconcile AP aging over 90 days for CA-01,completed,12.1,"FP&A Apr variance was $2,105,175 vs plan",1778846402
r18-0003556,rwhite@coastalbuildingsystems.com,Revenue Recognizer,Check covenant compliance for the revolver,completed,27.4,"Ops Jun variance was $2,227,253 vs plan",1778862650
r18-0003557,canderson@coastalbuildingsystems.com,Journal Entry Reviewer,What drove the change in gross margin this quarter?,completed,51.7,"Ops Jun variance was $732,795 vs plan",1778874536
r18-0003558,dkim@coastalbuildingsystems.com,Headcount Planner,Forecast Apr operating cash flow,completed,61.0,"FP&A Apr variance was $1,760,784 vs plan",1778849279
r18-0003559,canderson@coastalbuildingsystems.com,Covenant Checker,Build the board deck cash slide for Feb,error,3.7,ERROR: upstream request timed out,1778878096
r18-0003560,sjackson@coastalbuildingsystems.com,AP Aging Analyst,Forecast Feb operating cash flow,completed,73.3,"FP&A Feb variance was $3,076,918 vs plan",1778874818
r18-0003561,rwhite@coastalbuildingsystems.com,AP Aging Analyst,Explain the headcount variance vs plan,completed,14.4,"Ops Mar variance was $3,632,195 vs plan",1778864455
r18-0003562,rwhite@coastalbuildingsystems.com,Vendor Spend Analyzer,Summarize the Mar variance for entity US-03,completed,17.1,"Accounting Mar variance was $2,820,055 vs plan",1778876797
r18-0003563,bjones@coastalbuildingsystems.com,Board Deck Builder,Reconcile AP aging over 90 days for MX-01,completed,60.0,"FP&A Jun variance was $3,251,339 vs plan",1778842688
r18-0003564,rwhite@coastalbuildingsystems.com,Flux Commentary,Build the board deck cash slide for Jan,completed,67.1,"FP&A Jan variance was $3,694,384 vs plan",1778862495
r18-0003565,jjones@coastalbuildingsystems.com,Budget vs Actual,Build the board deck cash slide for Mar,completed,18.2,"Treasury Mar variance was $327,117 vs plan",1778866080
r18-0003566,rwhite@coastalbuildingsystems.com,Variance Explainer,Explain the headcount variance vs plan,completed,67.4,"Treasury Apr variance was $4,295,517 vs plan",1778867377
r18-0003567,rwhite@coastalbuildingsystems.com,Flux Commentary,Check covenant compliance for the revolver,completed,32.2,"Accounting Jan variance was $3,353,715 vs plan",1778870145
r18-0003568,rwhite@coastalbuildingsystems.com,Headcount Planner,Draft flux commentary for the Mar close,completed,18.6,"Treasury Mar variance was $2,545,189 vs plan",1778858349
r18-0003569,rwhite@coastalbuildingsystems.com,Vendor Spend Analyzer,Check covenant compliance for the revolver,error,2.5,error: connection reset by peer,1778857125
r18-0003570,rwhite@coastalbuildingsystems.com,Close Checklist Bot,Which cost centers are over budget YTD?,completed,67.5,"Treasury May variance was $3,567,262 vs plan",1778855208
r18-0003571,bjones@coastalbuildingsystems.com,Variance Explainer,Build the board deck cash slide for Jan,completed,1.8,Traceback (most recent call last): KeyError 'entity',1778862825
r18-0003572,dkim@coastalbuildingsystems.com,Variance Explainer,Forecast Feb operating cash flow,completed,0.4,Traceback (most recent call last): KeyError 'entity',1778867084
r18-0003573,bjones@coastalbuildingsystems.com,Covenant Checker,Summarize the May variance for entity MX-04,completed,34.6,"FP&A May variance was $4,182,840 vs plan",1778871000
r18-0003574,rwhite@coastalbuildingsystems.com,Revenue Recognizer,Summarize the Mar variance for entity EU-02,completed,53.2,"Treasury Mar variance was $2,268,709 vs plan",1778857924
r18-0003575,lpatel@coastalbuildingsystems.com,Vendor Spend Analyzer,Summarize the Jun variance for entity MX-09,completed,45.2,"FP&A Jun variance was $2,223,317 vs plan",1778876552
r18-0003576,sbrown@coastalbuildingsystems.com,Close Checklist Bot,Draft flux commentary for the Mar close,completed,22.6,"FP&A Mar variance was $2,724,959 vs plan",1778855141
r18-0003577,lperez@coastalbuildingsystems.com,Cash Forecaster,Explain the headcount variance vs plan,completed,10.2,"FP&A Jan variance was $4,229,841 vs plan",1778852196
r18-0003578,dkim@coastalbuildingsystems.com,Revenue Recognizer,Why did FP&A spend exceed budget in Apr?,completed,67.6,"FP&A Apr variance was $1,572,258 vs plan",1778867916
r18-0003579,rperez@coastalbuildingsystems.com,Variance Explainer,Reconcile AP aging over 90 days for MX-05,completed,18.4,"Treasury Mar variance was $3,507,691 vs plan",1778843026
r18-0003580,rwhite@coastalbuildingsystems.com,Headcount Planner,Build the board deck cash slide for Jun,completed,1.4,FAILED: null reference in aggregation step,1778972963
r18-0003581,wharris@coastalbuildingsystems.com,Flux Commentary,Check covenant compliance for the revolver,completed,21.9,"Ops Jan variance was $1,805,778 vs plan",1778974422
r18-0003582,lperez@coastalbuildingsystems.com,Revenue Recognizer,Reconcile AP aging over 90 days for CA-07,completed,69.0,"Treasury Feb variance was $1,527,830 vs plan",1778954234
r18-0003583,rwhite@coastalbuildingsystems.com,Revenue Recognizer,What drove the change in gross margin this quarter?,completed,50.4,"Treasury Jan variance was $3,957,489 vs plan",1778941960
r18-0003584,rwhite@coastalbuildingsystems.com,Budget vs Actual,Explain the headcount variance vs plan,completed,46.9,"FP&A Mar variance was $2,427,993 vs plan",1778950642
r18-0003585,dkim@coastalbuildingsystems.com,Cash Forecaster,Draft flux commentary for the Feb close,completed,49.4,"FP&A Feb variance was $2,549,246 vs plan",1778946423
r18-0003586,rwhite@coastalbuildingsystems.com,Covenant Checker,Check covenant compliance for the revolver,completed,26.1,"Accounting Jan variance was $4,023,712 vs plan",1778947294
r18-0003587,lperez@coastalbuildingsystems.com,Flux Commentary,Check covenant compliance for the revolver,completed,35.0,"Ops Jun variance was $2,152,283 vs plan",1778955613
r18-0003588,dkim@coastalbuildingsystems.com,Cash Forecaster,Reconcile AP aging over 90 days for CA-01,completed,27.3,"Accounting May variance was $626,934 vs plan",1778948602
r18-0003589,rwhite@coastalbuildingsystems.com,Budget vs Actual,Explain the headcount variance vs plan,completed,17.6,"FP&A Apr variance was $405,475 vs plan",1778968406
r18-0003590,rwhite@coastalbuildingsystems.com,Flux Commentary,Explain the headcount variance vs plan,completed,3.4,"Treasury Mar variance was $3,123,569 vs plan",1778945789
r18-0003591,jthompson@coastalbuildingsystems.com,Headcount Planner,Reconcile AP aging over 90 days for CA-06,completed,5.4,"Treasury Jan variance was $3,345,780 vs plan",1778957203
r18-0003592,rwhite@coastalbuildingsystems.com,Close Checklist Bot,Check covenant compliance for the revolver,completed,51.2,"Treasury May variance was $125,749 vs plan",1778943788
r18-0003593,rperez@coastalbuildingsystems.com,Journal Entry Reviewer,Forecast Jun operating cash flow,completed,27.9,"Accounting Jun variance was $4,425,237 vs plan",1778958631
r18-0003594,lperez@coastalbuildingsystems.com,Budget vs Actual,Build the board deck cash slide for Jan,completed,70.8,"Accounting Jan variance was $4,638,288 vs plan",1779034584
r18-0003595,bjones@coastalbuildingsystems.com,AP Aging Analyst,Which cost centers are over budget YTD?,completed,8.4,"Accounting Mar variance was $4,465,220 vs plan",1779016678
r18-0003596,bjones@coastalbuildingsystems.com,Board Deck Builder,Check covenant compliance for the revolver,completed,13.6,"FP&A Jun variance was $1,090,897 vs plan",1779056235
r18-0003597,dkim@coastalbuildingsystems.com,Headcount Planner,Which cost centers are over budget YTD?,completed,44.9,"Ops Feb variance was $439,635 vs plan",1779025934
r18-0003598,rwhite@coastalbuildingsystems.com,Vendor Spend Analyzer,Reconcile AP aging over 90 days for EU-07,completed,64.1,"FP&A May variance was $56,045 vs plan",1779034046
r18-0003599,dkim@coastalbuildingsystems.com,Board Deck Builder,Check covenant compliance for the revolver,completed,61.1,"Accounting Feb variance was $2,770,118 vs plan",1779040993
r18-0003600,btaylor@coastalbuildingsystems.com,Revenue Recognizer,What drove the change in gross margin this quarter?,completed,45.8,"Accounting Apr variance was $4,494,639 vs plan",1779051008
r18-0003601,rwhite@coastalbuildingsystems.com,Cash Forecaster,Explain the headcount variance vs plan,completed,72.9,"Ops Feb variance was $2,392,347 vs plan",1779018308
r18-0003602,bjones@coastalbuildingsystems.com,Revenue Recognizer,Reconcile AP aging over 90 days for MX-08,completed,1.5,error code 502 from model gateway,1779038490
r18-0003603,bjones@coastalbuildingsystems.com,Board Deck Builder,Build the board deck cash slide for Mar,completed,22.2,"Ops Mar variance was $4,072,819 vs plan",1779029758
r18-0003604,rwhite@coastalbuildingsystems.com,Close Checklist Bot,Draft flux commentary for the Jun close,completed,5.5,"Treasury Jun variance was $2,396,467 vs plan",1779032365
r18-0003605,lperez@coastalbuildingsystems.com,Variance Explainer,Summarize the Apr variance for entity US-04,completed,62.7,"Treasury Apr variance was $2,718,602 vs plan",1779024015
r18-0003606,dkim@coastalbuildingsystems.com,Flux Commentary,What drove the change in gross margin this quarter?,completed,1.6,ERROR: upstream request timed out,1779015479
r18-0003607,dgonzalez@coastalbuildingsystems.com,Vendor Spend Analyzer,Build the board deck cash slide for Jun,completed,35.0,"Treasury Jun variance was $329,374 vs plan",1779058612
r18-0003608,jgarcia@coastalbuildingsystems.com,Journal Entry Reviewer,Reconcile AP aging over 90 days for MX-02,completed,24.2,"FP&A May variance was $4,396,239 vs plan",1779034014
r18-0003609,rperez@coastalbuildingsystems.com,Vendor Spend Analyzer,Reconcile AP aging over 90 days for US-05,completed,69.6,"FP&A Mar variance was $1,230,231 vs plan",1779042542
r18-0003610,bjones@coastalbuildingsystems.com,Journal Entry Reviewer,Which cost centers are over budget YTD?,completed,52.9,"Accounting Jan variance was $2,290,883 vs plan",1779053648
r18-0003611,rwhite@coastalbuildingsystems.com,Vendor Spend Analyzer,Reconcile AP aging over 90 days for US-09,completed,32.0,"Ops Feb variance was $798,222 vs plan",1779072585
r18-0003612,jjones@coastalbuildingsystems.com,Cash Forecaster,Draft flux commentary for the Jan close,completed,19.7,"FP&A Jan variance was $4,129,666 vs plan",1779028266
r18-0003613,jjones@coastalbuildingsystems.com,Flux Commentary,Draft flux commentary for the May close,completed,70.0,"FP&A May variance was $4,164,266 vs plan",1779048890
r18-0003614,rwhite@coastalbuildingsystems.com,Cash Forecaster,Which cost centers are over budget YTD?,completed,11.7,"Accounting Jun variance was $2,813,686 vs plan",1779046594
r18-0003615,rwhite@coastalbuildingsystems.com,Covenant Checker,Reconcile AP aging over 90 days for CA-02,completed,61.9,"Ops Jan variance was $3,846,366 vs plan",1779030563
r18-0003616,jjones@coastalbuildingsystems.com,Vendor Spend Analyzer,Build the board deck cash slide for Apr,completed,25.3,"Treasury Apr variance was $446,430 vs plan",1779038531
r18-0003617,bjones@coastalbuildingsystems.com,Headcount Planner,Forecast Apr operating cash flow,completed,48.5,"Ops Apr variance was $1,027,423 vs plan",1779017448
r18-0003618,rthompson@coastalbuildingsystems.com,Covenant Checker,Reconcile AP aging over 90 days for CA-09,completed,25.4,"Ops May variance was $879,322 vs plan",1779039193
r18-0003619,jjones@coastalbuildingsystems.com,Board Deck Builder,Which cost centers are over budget YTD?,completed,73.4,"FP&A Feb variance was $2,097,473 vs plan",1779108195
r18-0003620,rwhite@coastalbuildingsystems.com,Headcount Planner,Summarize the May variance for entity MX-03,completed,4.6,"Accounting May variance was $2,309,786 vs plan",1779116626
r18-0003621,sbrown@coastalbuildingsystems.com,Variance Explainer,Which cost centers are over budget YTD?,completed,0.6,error: connection reset by peer,1779122999
r18-0003622,jthompson@coastalbuildingsystems.com,Headcount Planner,Reconcile AP aging over 90 days for CA-06,completed,38.0,"Accounting Jun variance was $1,173,674 vs plan",1779142339
r18-0003623,rwhite@coastalbuildingsystems.com,Revenue Recognizer,Draft flux commentary for the Feb close,completed,51.5,"FP&A Feb variance was $1,293,552 vs plan",1779129763
r18-0003624,rwhite@coastalbuildingsystems.com,Cash Forecaster,Explain the headcount variance vs plan,completed,16.8,"Treasury Jun variance was $3,876,733 vs plan",1779128341
r18-0003625,rwhite@coastalbuildingsystems.com,Journal Entry Reviewer,Check covenant compliance for the revolver,completed,6.1,"Accounting Mar variance was $186,597 vs plan",1779130055
r18-0003626,sjackson@coastalbuildingsystems.com,Vendor Spend Analyzer,Explain the headcount variance vs plan,completed,62.2,"Accounting Apr variance was $2,143,667 vs plan",1779125612
r18-0003627,bjones@coastalbuildingsystems.com,Covenant Checker,Check covenant compliance for the revolver,completed,7.1,"Accounting Mar variance was $4,538,357 vs plan",1779123215
r18-0003628,rperez@coastalbuildingsystems.com,Cash Forecaster,What drove the change in gross margin this quarter?,completed,20.9,"Ops Apr variance was $4,330,592 vs plan",1779129582
r18-0003629,rwhite@coastalbuildingsystems.com,Vendor Spend Analyzer,Which cost centers are over budget YTD?,completed,31.4,"Accounting Apr variance was $3,526,491 vs plan",1779116528
r18-0003630,bjones@coastalbuildingsystems.com,Journal Entry Reviewer,Build the board deck cash slide for Mar,completed,35.7,"FP&A Mar variance was $2,512,945 vs plan",1779115859
r18-0003631,bjones@coastalbuildingsystems.com,Journal Entry Reviewer,Draft flux commentary for the Jun close,completed,60.4,"Treasury Jun variance was $4,710,589 vs plan",1779132617
r18-0003632,dkim@coastalbuildingsystems.com,Variance Explainer,Build the board deck cash slide for Feb,completed,54.4,"Accounting Feb variance was $4,617,688 vs plan",1779122906
r18-0003633,jgarcia@coastalbuildingsystems.com,Covenant Checker,Reconcile AP aging over 90 days for EU-03,completed,3.3,"Accounting Jun variance was $1,440,064 vs plan",1779125107
r18-0003634,bjones@coastalbuildingsystems.com,Variance Explainer,Build the board deck cash slide for Feb,completed,1.1,error: connection reset by peer,1779133449
r18-0003635,rwhite@coastalbuildingsystems.com,Journal Entry Reviewer,Build the board deck cash slide for Apr,completed,40.1,"Ops Apr variance was $3,983,771 vs plan",1779120893
r18-0003636,canderson@coastalbuildingsystems.com,Board Deck Builder,Draft flux commentary for the Feb close,completed,33.3,"Ops Feb variance was $2,028,799 vs plan",1779137014
r18-0003637,lpatel@coastalbuildingsystems.com,Variance Explainer,Reconcile AP aging over 90 days for US-03,completed,45.9,"Accounting Apr variance was $3,476,202 vs plan",1779112815
r18-0003638,canderson@coastalbuildingsystems.com,Close Checklist Bot,Summarize the Mar variance for entity US-04,completed,16.4,"FP&A Mar variance was $1,988,396 vs plan",1779112255
r18-0003639,rwhite@coastalbuildingsystems.com,Budget vs Actual,Explain the headcount variance vs plan,completed,31.0,"Ops Jun variance was $1,870,155 vs plan",1779131474
r18-0003640,rwhite@coastalbuildingsystems.com,Journal Entry Reviewer,Draft flux commentary for the Feb close,completed,24.3,"Accounting Feb variance was $4,060,299 vs plan",1779133535
r18-0003641,rwhite@coastalbuildingsystems.com,Vendor Spend Analyzer,Why did Ops spend exceed budget in Apr?,completed,60.3,"Ops Apr variance was $3,506,631 vs plan",1779105394
r18-0003642,rwhite@coastalbuildingsystems.com,Board Deck Builder,Which cost centers are over budget YTD?,error,6.1,ERROR: upstream request timed out,1779128028
r18-0003643,jjones@coastalbuildingsystems.com,Covenant Checker,Reconcile AP aging over 90 days for US-05,completed,64.7,"Ops Apr variance was $2,708,856 vs plan",1779118166
r18-0003644,sjackson@coastalbuildingsystems.com,Journal Entry Reviewer,Reconcile AP aging over 90 days for MX-08,completed,12.2,"Ops Jun variance was $990,938 vs plan",1779118914
r18-0003645,bjones@coastalbuildingsystems.com,Close Checklist Bot,Why did Accounting spend exceed budget in Jan?,completed,1.5,Traceback (most recent call last): KeyError 'entity',1779109247
r18-0003646,jwhite2@coastalbuildingsystems.com,Board Deck Builder,Check covenant compliance for the revolver,completed,57.5,"Accounting May variance was $4,139,359 vs plan",1779135206
r18-0003647,rthompson@coastalbuildingsystems.com,Budget vs Actual,Draft flux commentary for the May close,completed,36.5,"FP&A May variance was $2,375,476 vs plan",1779135534
r18-0003648,rwhite@coastalbuildingsystems.com,Close Checklist Bot,Why did Treasury spend exceed budget in Feb?,completed,57.5,"Treasury Feb variance was $3,703,488 vs plan",1779135685
r18-0003649,rwhite@coastalbuildingsystems.com,Covenant Checker,Forecast Jun operating cash flow,completed,29.9,"Ops Jun variance was $2,170,967 vs plan",1779108589
r18-0003650,rwhite@coastalbuildingsystems.com,Close Checklist Bot,Reconcile AP aging over 90 days for CA-07,completed,46.2,"Accounting May variance was $2,354,584 vs plan",1779119949
r18-0003651,jthompson@coastalbuildingsystems.com,AP Aging Analyst,Explain the headcount variance vs plan,completed,39.0,"Ops May variance was $166,893 vs plan",1779134092
r18-0003652,rwhite@coastalbuildingsystems.com,Vendor Spend Analyzer,Explain the headcount variance vs plan,completed,21.2,"Ops May variance was $4,290,369 vs plan",1779115513
r18-0003653,rwhite@coastalbuildingsystems.com,Budget vs Actual,Build the board deck cash slide for Jan,completed,7.5,"Treasury Jan variance was $2,799,770 vs plan",1779119374
r18-0003654,lpatel@coastalbuildingsystems.com,Journal Entry Reviewer,Forecast Mar operating cash flow,completed,14.2,"FP&A Mar variance was $2,917,820 vs plan",1779129703
r18-0003655,rwhite@coastalbuildingsystems.com,AP Aging Analyst,Which cost centers are over budget YTD?,completed,59.1,"Treasury Jun variance was $1,168,159 vs plan",1779122773
r18-0003656,rwhite@coastalbuildingsystems.com,Flux Commentary,Build the board deck cash slide for Jan,completed,24.1,"Ops Jan variance was $3,087,195 vs plan",1779122675
r18-0003657,btaylor@coastalbuildingsystems.com,Journal Entry Reviewer,Forecast Feb operating cash flow,completed,59.0,"Accounting Feb variance was $2,650,791 vs plan",1779149604
r18-0003658,bjones@coastalbuildingsystems.com,Budget vs Actual,What drove the change in gross margin this quarter?,completed,56.2,"Ops May variance was $4,626,992 vs plan",1779129518
r18-0003659,dkim@coastalbuildingsystems.com,Vendor Spend Analyzer,Build the board deck cash slide for Jun,completed,26.3,"FP&A Jun variance was $4,624,365 vs plan",1779127083
r18-0003660,jjones@coastalbuildingsystems.com,Flux Commentary,Which cost centers are over budget YTD?,completed,3.5,"Ops Mar variance was $125,497 vs plan",1779130729
r18-0003661,rwhite@coastalbuildingsystems.com,Budget vs Actual,Forecast May operating cash flow,error,1.7,error code 502 from model gateway,1779133146
r18-0003662,dgonzalez@coastalbuildingsystems.com,Budget vs Actual,Summarize the Mar variance for entity MX-05,completed,30.3,"Treasury Mar variance was $4,651,967 vs plan",1779110153
r18-0003663,dkim@coastalbuildingsystems.com,Variance Explainer,Explain the headcount variance vs plan,completed,0.5,Traceback (most recent call last): KeyError 'entity',1779130677
r18-0003664,rwhite@coastalbuildingsystems.com,Close Checklist Bot,Build the board deck cash slide for May,completed,9.8,"Accounting May variance was $958,182 vs plan",1779110749
r18-0003665,dgonzalez@coastalbuildingsystems.com,Board Deck Builder,Reconcile AP aging over 90 days for US-08,completed,0.5,error: connection reset by peer,1779121888
r18-0003666,rwhite@coastalbuildingsystems.com,Close Checklist Bot,Why did Treasury spend exceed budget in Jan?,completed,24.2,"Treasury Jan variance was $281,515 vs plan",1779126373
r18-0003667,rwhite@coastalbuildingsystems.com,Cash Forecaster,Draft flux commentary for the Apr close,completed,39.0,"Ops Apr variance was $2,307,138 vs plan",1779111284
r18-0003668,rwhite@coastalbuildingsystems.com,Close Checklist Bot,Explain the headcount variance vs plan,completed,8.7,"FP&A May variance was $3,401,251 vs plan",1779115752
r18-0003669,lperez@coastalbuildingsystems.com,Variance Explainer,Build the board deck cash slide for Jan,completed,36.8,"Treasury Jan variance was $3,485,270 vs plan",1779117981
r18-0003670,wharris@coastalbuildingsystems.com,Board Deck Builder,Reconcile AP aging over 90 days for MX-02,completed,19.6,"Accounting Apr variance was $1,109,559 vs plan",1779109754
r18-0003671,sjackson@coastalbuildingsystems.com,Board Deck Builder,Which cost centers are over budget YTD?,completed,45.9,"Ops Jun variance was $1,551,726 vs plan",1779134010
r18-0003672,bjones@coastalbuildingsystems.com,Board Deck Builder,Build the board deck cash slide for Jun,completed,53.7,"Ops Jun variance was $593,129 vs plan",1779117550
r18-0003673,dkim@coastalbuildingsystems.com,AP Aging Analyst,Build the board deck cash slide for Apr,completed,73.5,"Treasury Apr variance was $3,759,334 vs plan",1779134914
r18-0003674,rwhite@coastalbuildingsystems.com,Flux Commentary,Why did Accounting spend exceed budget in Jun?,error,1.0,error code 502 from model gateway,1779117638
r18-0003675,rwhite@coastalbuildingsystems.com,Flux Commentary,Explain the headcount variance vs plan,completed,25.7,"Accounting Feb variance was $3,460,520 vs plan",1779216719
r18-0003676,dkim@coastalbuildingsystems.com,Board Deck Builder,Check covenant compliance for the revolver,completed,51.9,"Treasury Mar variance was $4,075,552 vs plan",1779212812
r18-0003677,rperez@coastalbuildingsystems.com,Journal Entry Reviewer,What drove the change in gross margin this quarter?,completed,53.8,"FP&A Apr variance was $1,181,799 vs plan",1779211783
r18-0003678,rwhite@coastalbuildingsystems.com,Cash Forecaster,Build the board deck cash slide for Feb,completed,20.3,"Treasury Feb variance was $2,321,412 vs plan",1779221302
r18-0003679,rwhite@coastalbuildingsystems.com,Variance Explainer,Build the board deck cash slide for Apr,completed,52.4,"Ops Apr variance was $709,272 vs plan",1779215076
r18-0003680,jjones@coastalbuildingsystems.com,Variance Explainer,Check covenant compliance for the revolver,completed,21.1,"Treasury Jun variance was $3,900,445 vs plan",1779217120
r18-0003681,rwhite@coastalbuildingsystems.com,Cash Forecaster,Check covenant compliance for the revolver,completed,40.3,"Treasury May variance was $375,902 vs plan",1779200920
r18-0003682,lperez@coastalbuildingsystems.com,Vendor Spend Analyzer,Which cost centers are over budget YTD?,completed,3.1,"FP&A Mar variance was $3,518,970 vs plan",1779237973
r18-0003683,sjackson@coastalbuildingsystems.com,Journal Entry Reviewer,Build the board deck cash slide for Mar,completed,30.0,"Ops Mar variance was $4,593,007 vs plan",1779203754
r18-0003684,jwhite@coastalbuildingsystems.com,Headcount Planner,Reconcile AP aging over 90 days for EU-05,completed,74.6,"Accounting Jan variance was $3,488,308 vs plan",1779208787
r18-0003685,rwhite@coastalbuildingsystems.com,Vendor Spend Analyzer,Reconcile AP aging over 90 days for MX-07,completed,63.2,"Treasury Feb variance was $2,941,464 vs plan",1779202927
r18-0003686,jjones@coastalbuildingsystems.com,Close Checklist Bot,Reconcile AP aging over 90 days for EU-06,completed,28.0,"Ops Jun variance was $1,797,306 vs plan",1779209553
r18-0003687,bjones@coastalbuildingsystems.com,Vendor Spend Analyzer,Draft flux commentary for the Apr close,completed,48.4,"Accounting Apr variance was $2,827,445 vs plan",1779211244
r18-0003688,rwhite@coastalbuildingsystems.com,Budget vs Actual,Reconcile AP aging over 90 days for EU-09,completed,51.4,"Treasury Mar variance was $4,685,715 vs plan",1779216665
r18-0003689,bjones@coastalbuildingsystems.com,Variance Explainer,Draft flux commentary for the Mar close,completed,37.4,"Accounting Mar variance was $2,990,294 vs plan",1779230479
r18-0003690,dkim@coastalbuildingsystems.com,Journal Entry Reviewer,Which cost centers are over budget YTD?,completed,5.9,"Accounting Jan variance was $226,792 vs plan",1779213646
r18-0003691,rthompson@coastalbuildingsystems.com,Journal Entry Reviewer,Check covenant compliance for the revolver,completed,58.8,"Accounting May variance was $85,104 vs plan",1779220885
r18-0003692,rwhite@coastalbuildingsystems.com,Close Checklist Bot,Summarize the Jan variance for entity EU-06,completed,5.1,"Treasury Jan variance was $3,315,220 vs plan",1779186296
r18-0003693,rwhite@coastalbuildingsystems.com,Variance Explainer,Draft flux commentary for the Jan close,completed,50.4,"Treasury Jan variance was $3,031,391 vs plan",1779207229
r18-0003694,rwhite@coastalbuildingsystems.com,Cash Forecaster,Draft flux commentary for the May close,completed,18.9,"Treasury May variance was $2,130,010 vs plan",1779199064
r18-0003695,dkim@coastalbuildingsystems.com,Board Deck Builder,Build the board deck cash slide for Feb,completed,65.9,"FP&A Feb variance was $4,260,599 vs plan",1779206005
r18-0003696,rwhite@coastalbuildingsystems.com,Revenue Recognizer,Which cost centers are over budget YTD?,completed,18.3,"Treasury Jun variance was $3,892,829 vs plan",1779225916
r18-0003697,rperez@coastalbuildingsystems.com,Revenue Recognizer,Explain the headcount variance vs plan,completed,24.6,"Treasury Jun variance was $2,962,647 vs plan",1779216373
r18-0003698,btaylor@coastalbuildingsystems.com,Revenue Recognizer,Forecast Jan operating cash flow,completed,32.0,"Treasury Jan variance was $777,707 vs plan",1779193009
r18-0003699,dkim@coastalbuildingsystems.com,Vendor Spend Analyzer,Build the board deck cash slide for Feb,completed,14.4,"Ops Feb variance was $2,532,850 vs plan",1779189318
r18-0003700,bjones@coastalbuildingsystems.com,Variance Explainer,Draft flux commentary for the Jan close,completed,9.0,"FP&A Jan variance was $3,861,647 vs plan",1779221192
r18-0003701,rwhite@coastalbuildingsystems.com,Journal Entry Reviewer,Why did Accounting spend exceed budget in Jun?,completed,25.8,"Accounting Jun variance was $4,099,705 vs plan",1779203725
r18-0003702,jjones@coastalbuildingsystems.com,Flux Commentary,Reconcile AP aging over 90 days for US-05,completed,50.5,"Accounting Jun variance was $3,175,712 vs plan",1779214730
r18-0003703,rthompson@coastalbuildingsystems.com,Board Deck Builder,Why did Treasury spend exceed budget in Mar?,completed,56.1,"Treasury Mar variance was $2,881,097 vs plan",1779220247
r18-0003704,rwhite@coastalbuildingsystems.com,Budget vs Actual,Which cost centers are over budget YTD?,completed,29.6,"Ops Mar variance was $4,744,121 vs plan",1779208345
r18-0003705,bjones@coastalbuildingsystems.com,Revenue Recognizer,Check covenant compliance for the revolver,completed,47.8,"Ops Apr variance was $3,239,644 vs plan",1779209465
r18-0003706,canderson@coastalbuildingsystems.com,Variance Explainer,Reconcile AP aging over 90 days for EU-02,completed,27.0,"Ops Jan variance was $1,310,331 vs plan",1779220330
r18-0003707,bjones@coastalbuildingsystems.com,Board Deck Builder,Build the board deck cash slide for May,completed,56.7,"FP&A May variance was $3,218,237 vs plan",1779201294
r18-0003708,rwhite@coastalbuildingsystems.com,Variance Explainer,Build the board deck cash slide for Jun,completed,36.0,"FP&A Jun variance was $826,607 vs plan",1779215719
r18-0003709,rwhite@coastalbuildingsystems.com,Board Deck Builder,Reconcile AP aging over 90 days for CA-07,completed,67.9,"Treasury Jan variance was $3,359,680 vs plan",1779204469
r18-0003710,lperez@coastalbuildingsystems.com,Board Deck Builder,Reconcile AP aging over 90 days for MX-04,completed,46.4,"Treasury Mar variance was $497,447 vs plan",1779215828
r18-0003711,wharris@coastalbuildingsystems.com,Variance Explainer,What drove the change in gross margin this quarter?,completed,7.3,"Treasury May variance was $1,287,652 vs plan",1779185263
r18-0003712,rwhite@coastalbuildingsystems.com,Flux Commentary,Reconcile AP aging over 90 days for CA-06,completed,7.6,"FP&A Apr variance was $3,571,396 vs plan",1779210202
r18-0003713,rperez@coastalbuildingsystems.com,Vendor Spend Analyzer,Reconcile AP aging over 90 days for CA-01,completed,4.9,"FP&A Feb variance was $1,762,350 vs plan",1779222216
r18-0003714,bjones@coastalbuildingsystems.com,Flux Commentary,Which cost centers are over budget YTD?,error,5.9,error: connection reset by peer,1779191029
r18-0003715,bjones@coastalbuildingsystems.com,Variance Explainer,Forecast Apr operating cash flow,completed,30.3,"FP&A Apr variance was $1,301,574 vs plan",1779231157
r18-0003716,wharris@coastalbuildingsystems.com,Budget vs Actual,Reconcile AP aging over 90 days for EU-01,completed,35.6,"Accounting Jun variance was $4,454,004 vs plan",1779207925
r18-0003717,sbrown@coastalbuildingsystems.com,Revenue Recognizer,Why did Treasury spend exceed budget in Jan?,completed,60.2,"Treasury Jan variance was $3,388,610 vs plan",1779222023
r18-0003718,jwhite@coastalbuildingsystems.com,Journal Entry Reviewer,Check covenant compliance for the revolver,completed,4.1,"Accounting May variance was $176,689 vs plan",1779226928
r18-0003719,rwhite@coastalbuildingsystems.com,Headcount Planner,Forecast May operating cash flow,completed,6.5,"FP&A May variance was $4,256,009 vs plan",1779234967
r18-0003720,bjones@coastalbuildingsystems.com,Headcount Planner,Forecast Feb operating cash flow,completed,5.7,"Treasury Feb variance was $257,140 vs plan",1779221240
r18-0003721,bjones@coastalbuildingsystems.com,Board Deck Builder,Explain the headcount variance vs plan,completed,13.0,"FP&A Apr variance was $4,132,119 vs plan",1779209488
r18-0003722,canderson@coastalbuildingsystems.com,Covenant Checker,Reconcile AP aging over 90 days for MX-07,completed,56.1,"Ops Apr variance was $1,244,300 vs plan",1779203057
r18-0003723,dgonzalez@coastalbuildingsystems.com,AP Aging Analyst,Reconcile AP aging over 90 days for MX-02,completed,16.2,"FP&A Mar variance was $4,322,244 vs plan",1779295918
r18-0003724,rwhite@coastalbuildingsystems.com,Cash Forecaster,Reconcile AP aging over 90 days for US-04,completed,70.2,"FP&A Feb variance was $4,595,519 vs plan",1779286150
r18-0003725,rwhite@coastalbuildingsystems.com,Headcount Planner,Draft flux commentary for the Mar close,completed,63.8,"FP&A Mar variance was $1,950,584 vs plan",1779290968
r18-0003726,rperez@coastalbuildingsystems.com,Flux Commentary,Why did Accounting spend exceed budget in Jan?,completed,63.1,"Accounting Jan variance was $2,800,248 vs plan",1779311250
r18-0003727,bjones@coastalbuildingsystems.com,Revenue Recognizer,Build the board deck cash slide for Mar,completed,26.3,"Ops Mar variance was $2,444,987 vs plan",1779271507
r18-0003728,rperez@coastalbuildingsystems.com,Variance Explainer,Build the board deck cash slide for Mar,error,3.2,Traceback (most recent call last): KeyError 'entity',1779282453
r18-0003729,rwhite@coastalbuildingsystems.com,Board Deck Builder,Summarize the Apr variance for entity CA-05,completed,37.0,"Ops Apr variance was $142,796 vs plan",1779297732
r18-0003730,lperez@coastalbuildingsystems.com,AP Aging Analyst,Explain the headcount variance vs plan,completed,39.8,"Ops Jan variance was $2,018,783 vs plan",1779296394
r18-0003731,rwhite@coastalbuildingsystems.com,Flux Commentary,Build the board deck cash slide for Mar,completed,6.7,"FP&A Mar variance was $3,876,891 vs plan",1779282461
r18-0003732,dkim@coastalbuildingsystems.com,Covenant Checker,Why did FP&A spend exceed budget in Apr?,completed,15.0,"FP&A Apr variance was $241,867 vs plan",1779299971
r18-0003733,bjones@coastalbuildingsystems.com,Variance Explainer,Draft flux commentary for the Jan close,error,4.6,error: connection reset by peer,1779314015
r18-0003734,wharris@coastalbuildingsystems.com,Cash Forecaster,Why did Accounting spend exceed budget in May?,completed,51.5,"Accounting May variance was $1,814,085 vs plan",1779273937
r18-0003735,rwhite@coastalbuildingsystems.com,Vendor Spend Analyzer,Reconcile AP aging over 90 days for EU-07,completed,54.7,"FP&A Apr variance was $2,089,642 vs plan",1779291140
r18-0003736,rwhite@coastalbuildingsystems.com,AP Aging Analyst,What drove the change in gross margin this quarter?,completed,41.3,"Ops Jun variance was $3,657,039 vs plan",1779282536
r18-0003737,btaylor@coastalbuildingsystems.com,AP Aging Analyst,Reconcile AP aging over 90 days for US-06,completed,42.7,"FP&A Apr variance was $4,699,563 vs plan",1779302093
r18-0003738,wharris@coastalbuildingsystems.com,Covenant Checker,Explain the headcount variance vs plan,completed,38.6,"Treasury May variance was $2,272,510 vs plan",1779286382
r18-0003739,bjones@coastalbuildingsystems.com,Variance Explainer,Why did Treasury spend exceed budget in Apr?,completed,22.8,"Treasury Apr variance was $3,292,513 vs plan",1779309433
r18-0003740,btaylor@coastalbuildingsystems.com,Vendor Spend Analyzer,What drove the change in gross margin this quarter?,completed,50.2,"Ops Feb variance was $4,062,305 vs plan",1779296873
r18-0003741,jjones@coastalbuildingsystems.com,Flux Commentary,Explain the headcount variance vs plan,completed,1.1,error code 502 from model gateway,1779283538
r18-0003742,bjones@coastalbuildingsystems.com,Variance Explainer,Which cost centers are over budget YTD?,completed,27.7,"Accounting Jan variance was $200,765 vs plan",1779297403
r18-0003743,bjones@coastalbuildingsystems.com,Covenant Checker,Which cost centers are over budget YTD?,completed,10.8,"FP&A Apr variance was $2,585,997 vs plan",1779305329
r18-0003744,bjones@coastalbuildingsystems.com,Headcount Planner,Forecast Apr operating cash flow,completed,45.3,"Treasury Apr variance was $1,930,575 vs plan",1779282333
r18-0003745,rwhite@coastalbuildingsystems.com,Headcount Planner,Why did Treasury spend exceed budget in Jan?,completed,56.6,"Treasury Jan variance was $987,932 vs plan",1779280434
r18-0003746,bjones@coastalbuildingsystems.com,Cash Forecaster,Forecast Feb operating cash flow,completed,32.7,"Accounting Feb variance was $2,600,985 vs plan",1779300643
r18-0003747,rwhite@coastalbuildingsystems.com,Journal Entry Reviewer,Summarize the Jun variance for entity CA-03,error,7.2,error: connection reset by peer,1779289038
r18-0003748,rwhite@coastalbuildingsystems.com,AP Aging Analyst,Which cost centers are over budget YTD?,completed,8.8,"FP&A Apr variance was $686,620 vs plan",1779311286
r18-0003749,rwhite@coastalbuildingsystems.com,Headcount Planner,Draft flux commentary for the Jun close,completed,12.3,"Treasury Jun variance was $4,408,325 vs plan",1779283518
r18-0003750,dkim@coastalbuildingsystems.com,Headcount Planner,Explain the headcount variance vs plan,completed,40.6,"Accounting May variance was $2,384,383 vs plan",1779306149
r18-0003751,bjones@coastalbuildingsystems.com,Cash Forecaster,Draft flux commentary for the Jun close,completed,44.1,"Ops Jun variance was $3,380,780 vs plan",1779299667
r18-0003752,bjones@coastalbuildingsystems.com,AP Aging Analyst,Build the board deck cash slide for Jan,completed,52.5,"FP&A Jan variance was $480,702 vs plan",1779300691
r18-0003753,rwhite@coastalbuildingsystems.com,Variance Explainer,What drove the change in gross margin this quarter?,completed,48.0,"Ops Feb variance was $3,523,898 vs plan",1779286050
r18-0003754,rwhite@coastalbuildingsystems.com,Vendor Spend Analyzer,What drove the change in gross margin this quarter?,completed,68.8,"FP&A May variance was $4,207,172 vs plan",1779289878
r18-0003755,bjones@coastalbuildingsystems.com,Cash Forecaster,Forecast Apr operating cash flow,completed,40.1,"FP&A Apr variance was $3,460,753 vs plan",1779293650
r18-0003756,rwhite@coastalbuildingsystems.com,Close Checklist Bot,Summarize the Jan variance for entity EU-07,completed,34.2,"Treasury Jan variance was $3,803,768 vs plan",1779308649
r18-0003757,rthompson@coastalbuildingsystems.com,Covenant Checker,Forecast Jun operating cash flow,completed,64.5,"Accounting Jun variance was $3,866,614 vs plan",1779300946
r18-0003758,dgonzalez@coastalbuildingsystems.com,Variance Explainer,Which cost centers are over budget YTD?,completed,5.3,"Accounting Feb variance was $3,318,672 vs plan",1779306073
r18-0003759,jwhite2@coastalbuildingsystems.com,Budget vs Actual,What drove the change in gross margin this quarter?,completed,45.3,"Ops Jan variance was $1,981,450 vs plan",1779290548
r18-0003760,rwhite@coastalbuildingsystems.com,AP Aging Analyst,Summarize the Jun variance for entity EU-02,completed,0.8,ERROR: upstream request timed out,1779285897
r18-0003761,rwhite@coastalbuildingsystems.com,AP Aging Analyst,What drove the change in gross margin this quarter?,error,1.7,FAILED: null reference in aggregation step,1779295263
r18-0003762,btaylor@coastalbuildingsystems.com,Revenue Recognizer,Reconcile AP aging over 90 days for EU-03,completed,44.5,"Accounting Jun variance was $2,636,187 vs plan",1779300483
r18-0003763,rwhite@coastalbuildingsystems.com,Covenant Checker,Draft flux commentary for the May close,error,1.6,error: connection reset by peer,1779318133
r18-0003764,bjones@coastalbuildingsystems.com,Covenant Checker,Summarize the Feb variance for entity US-02,completed,55.8,"Treasury Feb variance was $2,778,551 vs plan",1779291634
r18-0003765,rwhite@coastalbuildingsystems.com,Budget vs Actual,Why did FP&A spend exceed budget in Apr?,completed,18.0,"FP&A Apr variance was $4,248,783 vs plan",1779275637
r18-0003766,rperez@coastalbuildingsystems.com,AP Aging Analyst,Forecast Apr operating cash flow,completed,24.4,"Ops Apr variance was $400,781 vs plan",1779289892
r18-0003767,jjones@coastalbuildingsystems.com,Headcount Planner,Draft flux commentary for the Feb close,completed,45.6,"Ops Feb variance was $240,011 vs plan",1779288619
r18-0003768,rwhite@coastalbuildingsystems.com,Variance Explainer,What drove the change in gross margin this quarter?,completed,12.1,"Treasury May variance was $2,280,409 vs plan",1779301539
r18-0003769,lpatel@coastalbuildingsystems.com,Board Deck Builder,Check covenant compliance for the revolver,completed,0.3,error code 502 from model gateway,1779291685
r18-0003770,bjones@coastalbuildingsystems.com,Board Deck Builder,Draft flux commentary for the May close,completed,56.0,"Ops May variance was $1,121,811 vs plan",1779295094
r18-0003771,bjones@coastalbuildingsystems.com,Variance Explainer,Check covenant compliance for the revolver,completed,52.9,"Accounting Apr variance was $4,446,605 vs plan",1779309707
r18-0003772,bjones@coastalbuildingsystems.com,Journal Entry Reviewer,Explain the headcount variance vs plan,completed,59.9,"Accounting Apr variance was $3,418,017 vs plan",1779285293
r18-0003773,rperez@coastalbuildingsystems.com,Flux Commentary,Draft flux commentary for the May close,completed,8.5,"FP&A May variance was $1,596,812 vs plan",1779289585
r18-0003774,dkim@coastalbuildingsystems.com,Flux Commentary,Explain the headcount variance vs plan,completed,31.4,"Accounting Jun variance was $1,480,507 vs plan",1779300766
r18-0003775,rwhite@coastalbuildingsystems.com,Board Deck Builder,Forecast Feb operating cash flow,completed,48.8,"Treasury Feb variance was $4,243,705 vs plan",1779313120
r18-0003776,rperez@coastalbuildingsystems.com,Journal Entry Reviewer,Check covenant compliance for the revolver,completed,16.7,"Treasury Feb variance was $4,156,217 vs plan",1779315709
r18-0003777,rthompson@coastalbuildingsystems.com,Vendor Spend Analyzer,Which cost centers are over budget YTD?,completed,0.5,error: connection reset by peer,1779375447
r18-0003778,rwhite@coastalbuildingsystems.com,Budget vs Actual,Forecast May operating cash flow,completed,42.5,"Treasury May variance was $3,331,293 vs plan",1779389030
r18-0003779,jwhite@coastalbuildingsystems.com,Close Checklist Bot,Reconcile AP aging over 90 days for CA-01,completed,24.8,"FP&A Jan variance was $1,825,366 vs plan",1779378313
r18-0003780,rwhite@coastalbuildingsystems.com,Vendor Spend Analyzer,Explain the headcount variance vs plan,completed,43.3,"FP&A May variance was $4,517,716 vs plan",1779389503
r18-0003781,rwhite@coastalbuildingsystems.com,Close Checklist Bot,Build the board deck cash slide for Feb,completed,46.5,"Treasury Feb variance was $3,681,168 vs plan",1779378894
r18-0003782,jthompson@coastalbuildingsystems.com,Vendor Spend Analyzer,Why did FP&A spend exceed budget in Jan?,completed,17.1,"FP&A Jan variance was $1,387,100 vs plan",1779397481
r18-0003783,sbrown@coastalbuildingsystems.com,AP Aging Analyst,Check covenant compliance for the revolver,completed,9.4,"Treasury May variance was $644,609 vs plan",1779391886
r18-0003784,rthompson@coastalbuildingsystems.com,Close Checklist Bot,Forecast Feb operating cash flow,completed,24.9,"Ops Feb variance was $4,041,102 vs plan",1779387773
r18-0003785,btaylor@coastalbuildingsystems.com,Close Checklist Bot,Explain the headcount variance vs plan,completed,25.3,"Ops Feb variance was $2,566,880 vs plan",1779378018
r18-0003786,jwhite@coastalbuildingsystems.com,Journal Entry Reviewer,What drove the change in gross margin this quarter?,completed,64.2,"Treasury Feb variance was $226,217 vs plan",1779406162
r18-0003787,bjones@coastalbuildingsystems.com,Flux Commentary,Explain the headcount variance vs plan,completed,57.1,"FP&A Jan variance was $1,869,283 vs plan",1779396491
r18-0003788,sjackson@coastalbuildingsystems.com,Budget vs Actual,Draft flux commentary for the Mar close,completed,66.7,"FP&A Mar variance was $997,988 vs plan",1779359812
r18-0003789,jwhite@coastalbuildingsystems.com,Flux Commentary,Draft flux commentary for the May close,completed,74.1,"Ops May variance was $1,615,954 vs plan",1779377692
r18-0003790,rwhite@coastalbuildingsystems.com,Journal Entry Reviewer,Draft flux commentary for the Apr close,completed,57.1,"FP&A Apr variance was $3,791,419 vs plan",1779376546
r18-0003791,dkim@coastalbuildingsystems.com,Cash Forecaster,Build the board deck cash slide for Jan,completed,1.4,error: connection reset by peer,1779365995
r18-0003792,sjackson@coastalbuildingsystems.com,AP Aging Analyst,Summarize the Feb variance for entity CA-05,completed,58.7,"Treasury Feb variance was $1,453,680 vs plan",1779384389
r18-0003793,dkim@coastalbuildingsystems.com,Covenant Checker,Check covenant compliance for the revolver,error,5.2,FAILED: null reference in aggregation step,1779377145
r18-0003794,bjones@coastalbuildingsystems.com,Headcount Planner,Draft flux commentary for the May close,completed,64.7,"Treasury May variance was $4,334,966 vs plan",1779381681
r18-0003795,rwhite@coastalbuildingsystems.com,Close Checklist Bot,Why did FP&A spend exceed budget in Apr?,completed,32.6,"FP&A Apr variance was $62,311 vs plan",1779360937
r18-0003796,rwhite@coastalbuildingsystems.com,AP Aging Analyst,Draft flux commentary for the Jan close,completed,73.7,"Treasury Jan variance was $855,428 vs plan",1779375135
r18-0003797,jwhite@coastalbuildingsystems.com,Close Checklist Bot,Summarize the Mar variance for entity EU-04,completed,36.7,"Treasury Mar variance was $144,253 vs plan",1779391764
r18-0003798,wharris@coastalbuildingsystems.com,Journal Entry Reviewer,Check covenant compliance for the revolver,completed,43.2,"FP&A Jan variance was $2,156,193 vs plan",1779378690
r18-0003799,bjones@coastalbuildingsystems.com,Close Checklist Bot,Reconcile AP aging over 90 days for CA-06,completed,1.3,error: connection reset by peer,1779384488
r18-0003800,rwhite@coastalbuildingsystems.com,Vendor Spend Analyzer,Reconcile AP aging over 90 days for EU-05,completed,23.9,"FP&A Mar variance was $4,173,867 vs plan",1779378357
r18-0003801,jjones@coastalbuildingsystems.com,Flux Commentary,Summarize the Mar variance for entity CA-06,completed,59.7,"Ops Mar variance was $1,363,150 vs plan",1779385892
r18-0003802,lperez@coastalbuildingsystems.com,Headcount Planner,Build the board deck cash slide for Jan,completed,18.9,"Ops Jan variance was $4,200,324 vs plan",1779399574
r18-0003803,bjones@coastalbuildingsystems.com,Board Deck Builder,Which cost centers are over budget YTD?,error,7.4,FAILED: null reference in aggregation step,1779395073
r18-0003804,rwhite@coastalbuildingsystems.com,Journal Entry Reviewer,Build the board deck cash slide for May,completed,5.9,"FP&A May variance was $1,722,339 vs plan",1779386890
r18-0003805,jthompson@coastalbuildingsystems.com,Budget vs Actual,Explain the headcount variance vs plan,completed,28.5,"Accounting Jun variance was $1,988,542 vs plan",1779361460
r18-0003806,rwhite@coastalbuildingsystems.com,Vendor Spend Analyzer,Draft flux commentary for the Apr close,completed,12.8,"Ops Apr variance was $4,372,749 vs plan",1779383890
r18-0003807,rperez@coastalbuildingsystems.com,Journal Entry Reviewer,Which cost centers are over budget YTD?,completed,60.7,"Ops Mar variance was $4,237,455 vs plan",1779382723
r18-0003808,rwhite@coastalbuildingsystems.com,Close Checklist Bot,Draft flux commentary for the Apr close,completed,48.2,"FP&A Apr variance was $4,656,957 vs plan",1779388694
r18-0003809,rwhite@coastalbuildingsystems.com,Cash Forecaster,Summarize the Jan variance for entity CA-02,completed,60.2,"Treasury Jan variance was $2,066,346 vs plan",1779382189
r18-0003810,jjones@coastalbuildingsystems.com,Flux Commentary,Which cost centers are over budget YTD?,completed,69.4,"Ops Mar variance was $2,465,318 vs plan",1779379179
r18-0003811,rwhite@coastalbuildingsystems.com,AP Aging Analyst,Which cost centers are over budget YTD?,completed,36.4,"Treasury Apr variance was $4,697,905 vs plan",1779378433
r18-0003812,bjones@coastalbuildingsystems.com,AP Aging Analyst,Which cost centers are over budget YTD?,completed,73.6,"FP&A Feb variance was $2,440,966 vs plan",1779467056
r18-0003813,jjones@coastalbuildingsystems.com,Variance Explainer,What drove the change in gross margin this quarter?,completed,64.0,"FP&A Jun variance was $2,088,192 vs plan",1779456296
r18-0003814,dkim@coastalbuildingsystems.com,Flux Commentary,Which cost centers are over budget YTD?,completed,16.4,"Accounting May variance was $4,570,561 vs plan",1779459215
r18-0003815,rwhite@coastalbuildingsystems.com,Close Checklist Bot,Check covenant compliance for the revolver,completed,16.3,"Treasury Apr variance was $2,498,933 vs plan",1779473309
r18-0003816,rperez@coastalbuildingsystems.com,AP Aging Analyst,Forecast Jan operating cash flow,completed,38.5,"FP&A Jan variance was $647,403 vs plan",1779448808
r18-0003817,rwhite@coastalbuildingsystems.com,Cash Forecaster,Draft flux commentary for the Apr close,completed,21.0,"FP&A Apr variance was $3,658,968 vs plan",1779494407
r18-0003818,dkim@coastalbuildingsystems.com,Budget vs Actual,Summarize the Feb variance for entity EU-02,completed,63.6,"Treasury Feb variance was $3,969,937 vs plan",1779468933
r18-0003819,jwhite2@coastalbuildingsystems.com,Variance Explainer,Forecast May operating cash flow,completed,14.8,"Treasury May variance was $3,793,075 vs plan",1779475898
r18-0003820,jwhite@coastalbuildingsystems.com,Flux Commentary,Which cost centers are over budget YTD?,completed,9.5,"Treasury May variance was $2,110,788 vs plan",1779448034
r18-0003821,rwhite@coastalbuildingsystems.com,Budget vs Actual,Summarize the Jun variance for entity US-06,completed,73.2,"Accounting Jun variance was $2,758,397 vs plan",1779477653
r18-0003822,rwhite@coastalbuildingsystems.com,Headcount Planner,What drove the change in gross margin this quarter?,completed,36.8,"FP&A Apr variance was $2,426,456 vs plan",1779457838
r18-0003823,rwhite@coastalbuildingsystems.com,Flux Commentary,Reconcile AP aging over 90 days for EU-03,completed,58.9,"Accounting Jan variance was $4,716,150 vs plan",1779469928
r18-0003824,jwhite@coastalbuildingsystems.com,Close Checklist Bot,Why did Treasury spend exceed budget in Apr?,completed,54.1,"Treasury Apr variance was $2,917,545 vs plan",1779448435
r18-0003825,lpatel@coastalbuildingsystems.com,Cash Forecaster,Explain the headcount variance vs plan,completed,38.5,"FP&A Jun variance was $637,921 vs plan",1779482704
r18-0003826,rperez@coastalbuildingsystems.com,Close Checklist Bot,Draft flux commentary for the May close,completed,3.8,"FP&A May variance was $3,463,443 vs plan",1779485075
r18-0003827,lperez@coastalbuildingsystems.com,Close Checklist Bot,Check covenant compliance for the revolver,completed,16.5,"Treasury Feb variance was $2,382,326 vs plan",1779473868
r18-0003828,rthompson@coastalbuildingsystems.com,Cash Forecaster,Reconcile AP aging over 90 days for US-02,completed,75.0,"Treasury Jan variance was $2,535,780 vs plan",1779462062
r18-0003829,lpatel@coastalbuildingsystems.com,Vendor Spend Analyzer,Draft flux commentary for the May close,completed,55.4,"Ops May variance was $1,955,597 vs plan",1779479695
r18-0003830,rwhite@coastalbuildingsystems.com,AP Aging Analyst,Explain the headcount variance vs plan,completed,59.1,"Ops Apr variance was $1,213,074 vs plan",1779455498
r18-0003831,rwhite@coastalbuildingsystems.com,Budget vs Actual,What drove the change in gross margin this quarter?,completed,32.8,"Ops Apr variance was $4,629,755 vs plan",1779472015
r18-0003832,rperez@coastalbuildingsystems.com,Headcount Planner,Explain the headcount variance vs plan,completed,29.9,"FP&A Apr variance was $628,230 vs plan",1779476867
r18-0003833,rwhite@coastalbuildingsystems.com,Close Checklist Bot,Check covenant compliance for the revolver,completed,65.7,"FP&A May variance was $3,577,489 vs plan",1779456894
r18-0003834,bjones@coastalbuildingsystems.com,Headcount Planner,Forecast Mar operating cash flow,completed,10.6,"Treasury Mar variance was $3,742,787 vs plan",1779466371
r18-0003835,jthompson@coastalbuildingsystems.com,Variance Explainer,Check covenant compliance for the revolver,completed,37.5,"Accounting Jan variance was $2,711,268 vs plan",1779460002
r18-0003836,rwhite@coastalbuildingsystems.com,AP Aging Analyst,Explain the headcount variance vs plan,completed,38.8,"Accounting Jun variance was $4,670,874 vs plan",1779465949
r18-0003837,rwhite@coastalbuildingsystems.com,Headcount Planner,What drove the change in gross margin this quarter?,completed,45.7,"Accounting Feb variance was $1,357,105 vs plan",1779469455
r18-0003838,sbrown@coastalbuildingsystems.com,Cash Forecaster,Explain the headcount variance vs plan,completed,68.6,"Ops May variance was $3,533,816 vs plan",1779456662
r18-0003839,rwhite@coastalbuildingsystems.com,Cash Forecaster,Summarize the Jan variance for entity US-04,completed,1.1,FAILED: null reference in aggregation step,1779463187
r18-0003840,jthompson@coastalbuildingsystems.com,Covenant Checker,Build the board deck cash slide for May,error,2.6,Traceback (most recent call last): KeyError 'entity',1779471953
r18-0003841,rwhite@coastalbuildingsystems.com,Headcount Planner,Why did Accounting spend exceed budget in May?,completed,61.7,"Accounting May variance was $1,911,453 vs plan",1779490394
r18-0003842,rwhite@coastalbuildingsystems.com,Vendor Spend Analyzer,Summarize the Feb variance for entity EU-08,completed,51.8,"Accounting Feb variance was $2,929,786 vs plan",1779473069
r18-0003843,dkim@coastalbuildingsystems.com,Covenant Checker,Reconcile AP aging over 90 days for MX-06,error,5.6,error code 502 from model gateway,1779462249
r18-0003844,rwhite@coastalbuildingsystems.com,Revenue Recognizer,What drove the change in gross margin this quarter?,completed,36.3,"Accounting Feb variance was $1,410,996 vs plan",1779464658
r18-0003845,bjones@coastalbuildingsystems.com,Variance Explainer,What drove the change in gross margin this quarter?,completed,65.2,"FP&A May variance was $1,821,802 vs plan",1779476802
r18-0003846,rwhite@coastalbuildingsystems.com,Close Checklist Bot,Forecast May operating cash flow,error,7.8,error code 502 from model gateway,1779485290
r18-0003847,rwhite@coastalbuildingsystems.com,Revenue Recognizer,Draft flux commentary for the Apr close,completed,59.6,"Accounting Apr variance was $639,998 vs plan",1779470918
r18-0003848,rwhite@coastalbuildingsystems.com,Cash Forecaster,Forecast Jan operating cash flow,completed,15.6,"Accounting Jan variance was $1,993,892 vs plan",1779479892
r18-0003849,jwhite@coastalbuildingsystems.com,Board Deck Builder,Check covenant compliance for the revolver,completed,9.7,"Treasury Jan variance was $1,091,098 vs plan",1779469032
r18-0003850,btaylor@coastalbuildingsystems.com,Journal Entry Reviewer,Forecast Jan operating cash flow,completed,47.8,"Accounting Jan variance was $2,876,343 vs plan",1779462809
r18-0003851,bjones@coastalbuildingsystems.com,Close Checklist Bot,Reconcile AP aging over 90 days for EU-04,completed,69.4,"FP&A May variance was $4,613,730 vs plan",1779449190
r18-0003852,wharris@coastalbuildingsystems.com,Covenant Checker,Reconcile AP aging over 90 days for CA-08,completed,57.4,"Ops Jun variance was $3,247,305 vs plan",1779473344
r18-0003853,jjones@coastalbuildingsystems.com,Variance Explainer,Check covenant compliance for the revolver,completed,3.1,"FP&A May variance was $2,570,869 vs plan",1779474524
r18-0003854,btaylor@coastalbuildingsystems.com,Board Deck Builder,What drove the change in gross margin this quarter?,completed,5.0,"Accounting May variance was $252,679 vs plan",1779478225
r18-0003855,sjackson@coastalbuildingsystems.com,Variance Explainer,Why did Accounting spend exceed budget in Feb?,completed,6.5,"Accounting Feb variance was $1,736,355 vs plan",1779478111
r18-0003856,rwhite@coastalbuildingsystems.com,Close Checklist Bot,Why did Ops spend exceed budget in Jun?,error,5.1,error: connection reset by peer,1779470023
r18-0003857,rwhite@coastalbuildingsystems.com,Variance Explainer,Why did Ops spend exceed budget in Jun?,completed,69.0,"Ops Jun variance was $596,204 vs plan",1779478694
r18-0003858,rwhite@coastalbuildingsystems.com,Covenant Checker,Check covenant compliance for the revolver,completed,60.2,"Treasury Feb variance was $428,970 vs plan",1779452798
r18-0003859,rthompson@coastalbuildingsystems.com,Vendor Spend Analyzer,Summarize the Apr variance for entity EU-02,completed,29.1,"Treasury Apr variance was $1,960,064 vs plan",1779469007
r18-0003860,rperez@coastalbuildingsystems.com,Vendor Spend Analyzer,Build the board deck cash slide for Jun,completed,55.6,"Ops Jun variance was $1,204,524 vs plan",1779462313
r18-0003861,rthompson@coastalbuildingsystems.com,Budget vs Actual,Check covenant compliance for the revolver,completed,54.2,"Accounting May variance was $587,117 vs plan",1779473325
r18-0003862,rwhite@coastalbuildingsystems.com,Covenant Checker,Why did Treasury spend exceed budget in Apr?,completed,65.9,"Treasury Apr variance was $1,928,003 vs plan",1779476563
r18-0003863,jjones@coastalbuildingsystems.com,Flux Commentary,Forecast Jan operating cash flow,completed,18.5,"Accounting Jan variance was $1,790,737 vs plan",1779467277
r18-0003864,rwhite@coastalbuildingsystems.com,Cash Forecaster,Check covenant compliance for the revolver,completed,45.1,"Accounting May variance was $334,831 vs plan",1779473758
r18-0003865,lperez@coastalbuildingsystems.com,AP Aging Analyst,Build the board deck cash slide for Jan,completed,5.5,"Accounting Jan variance was $2,358,739 vs plan",1779548548
r18-0003866,bjones@coastalbuildingsystems.com,Variance Explainer,Build the board deck cash slide for Mar,completed,60.8,"FP&A Mar variance was $1,966,346 vs plan",1779546973
r18-0003867,rwhite@coastalbuildingsystems.com,Headcount Planner,Check covenant compliance for the revolver,completed,71.7,"Treasury Jan variance was $2,200,379 vs plan",1779638925
r18-0003868,rwhite@coastalbuildingsystems.com,Journal Entry Reviewer,What drove the change in gross margin this quarter?,completed,26.8,"Ops Mar variance was $2,025,661 vs plan",1779726433
r18-0003869,bjones@coastalbuildingsystems.com,Variance Explainer,What drove the change in gross margin this quarter?,completed,8.1,"Ops Apr variance was $4,791,963 vs plan",1779812085
r18-0003870,rperez@coastalbuildingsystems.com,Variance Explainer,Build the board deck cash slide for Mar,completed,46.0,"Ops Mar variance was $235,747 vs plan",1779901946
r18-0003871,jwhite2@coastalbuildingsystems.com,Vendor Spend Analyzer,What drove the change in gross margin this quarter?,completed,72.6,"Treasury Mar variance was $1,656,740 vs plan",1779982308
r18-0003872,rwhite@coastalbuildingsystems.com,Journal Entry Reviewer,Check covenant compliance for the revolver,completed,11.1,"FP&A Jun variance was $660,983 vs plan",1780059682
r18-0003873,rwhite@coastalbuildingsystems.com,Journal Entry Reviewer,Why did Treasury spend exceed budget in Mar?,completed,0.9,Traceback (most recent call last): KeyError 'entity',1780058704
r18-0003874,wharris@coastalbuildingsystems.com,Cash Forecaster,What drove the change in gross margin this quarter?,completed,1.4,ERROR: upstream request timed out,1780073715
r18-0003875,canderson@coastalbuildingsystems.com,Close Checklist Bot,What drove the change in gross margin this quarter?,completed,4.1,"Accounting Jun variance was $1,216,875 vs plan",1780147704
r18-0003876,btaylor@coastalbuildingsystems.com,Covenant Checker,Which cost centers are over budget YTD?,completed,74.6,"Ops Jan variance was $4,041,232 vs plan",1780151127
r18-0003877,bjones@coastalbuildingsystems.com,Close Checklist Bot,Which cost centers are over budget YTD?,completed,22.8,"Ops Apr variance was $342,716 vs plan",1780312640
r18-0003878,rwhite@coastalbuildingsystems.com,Vendor Spend Analyzer,Which cost centers are over budget YTD?,completed,1.6,Traceback (most recent call last): KeyError 'entity',1780321026
r18-0003879,rwhite@coastalbuildingsystems.com,Budget vs Actual,Reconcile AP aging over 90 days for MX-05,completed,46.1,"FP&A Mar variance was $3,753,116 vs plan",1780341621
r18-0003880,rperez@coastalbuildingsystems.com,Journal Entry Reviewer,Forecast Jun operating cash flow,completed,8.1,"FP&A Jun variance was $4,375,635 vs plan",1780425701
r18-0003881,rwhite@coastalbuildingsystems.com,Variance Explainer,Check covenant compliance for the revolver,completed,69.9,"Treasury Feb variance was $3,121,329 vs plan",1780422738
r18-0003882,btaylor@coastalbuildingsystems.com,Board Deck Builder,Which cost centers are over budget YTD?,completed,8.3,"FP&A Mar variance was $593,620 vs plan",1780417049
r18-0003883,rwhite@coastalbuildingsystems.com,Revenue Recognizer,Build the board deck cash slide for Feb,completed,67.6,"FP&A Feb variance was $3,927,803 vs plan",1780514359
r18-0003884,rwhite@coastalbuildingsystems.com,Budget vs Actual,Check covenant compliance for the revolver,completed,44.2,"Ops Feb variance was $953,036 vs plan",1780516847
r18-0003885,jwhite2@coastalbuildingsystems.com,Journal Entry Reviewer,Draft flux commentary for the Jan close,completed,57.4,"Treasury Jan variance was $4,363,726 vs plan",1780602806
r18-0003886,bjones@coastalbuildingsystems.com,Close Checklist Bot,Build the board deck cash slide for Jun,completed,21.5,"Treasury Jun variance was $1,636,336 vs plan",1780595790
r18-0003887,rwhite@coastalbuildingsystems.com,Headcount Planner,What drove the change in gross margin this quarter?,completed,69.3,"Ops Feb variance was $475,903 vs plan",1780707012
r18-0003888,jjones@coastalbuildingsystems.com,Flux Commentary,Forecast Apr operating cash flow,completed,7.4,"Ops Apr variance was $3,061,506 vs plan",1780668343
r18-0003889,rwhite@coastalbuildingsystems.com,Close Checklist Bot,Reconcile AP aging over 90 days for CA-08,completed,16.0,"Treasury Mar variance was $904,869 vs plan",1780759352
r18-0003890,dkim@coastalbuildingsystems.com,Close Checklist Bot,What drove the change in gross margin this quarter?,completed,5.1,"Accounting Feb variance was $4,288,618 vs plan",1780764520
r18-0003891,rwhite@coastalbuildingsystems.com,AP Aging Analyst,Draft flux commentary for the May close,completed,29.3,"Accounting May variance was $2,093,139 vs plan",1780837328
r18-0003892,btaylor@coastalbuildingsystems.com,Variance Explainer,Why did FP&A spend exceed budget in May?,completed,46.0,"FP&A May variance was $184,501 vs plan",1780850844
r18-0003893,dkim@coastalbuildingsystems.com,AP Aging Analyst,Which cost centers are over budget YTD?,completed,52.4,"Accounting Jan variance was $711,433 vs plan",1780937676
r18-0003894,rperez@coastalbuildingsystems.com,Vendor Spend Analyzer,Summarize the Apr variance for entity US-08,completed,15.2,"Accounting Apr variance was $3,604,753 vs plan",1780950427
r18-0003895,rwhite@coastalbuildingsystems.com,Cash Forecaster,Check covenant compliance for the revolver,completed,38.9,"Accounting May variance was $2,109,271 vs plan",1781088014
r18-0003896,rperez@coastalbuildingsystems.com,Journal Entry Reviewer,Build the board deck cash slide for Jun,completed,56.0,"Treasury Jun variance was $1,841,471 vs plan",1781125703
r18-0003897,rwhite@coastalbuildingsystems.com,Headcount Planner,Which cost centers are over budget YTD?,completed,30.4,"Accounting Jan variance was $3,773,993 vs plan",1781107082
r18-0003898,rthompson@coastalbuildingsystems.com,Close Checklist Bot,Summarize the Jan variance for entity CA-08,completed,17.7,"FP&A Jan variance was $2,386,760 vs plan",1781211564
r18-0003899,rwhite@coastalbuildingsystems.com,Variance Explainer,Draft flux commentary for the Mar close,completed,20.6,"Ops Mar variance was $3,452,823 vs plan",1781198332
r18-0003900,rwhite@coastalbuildingsystems.com,Budget vs Actual,Which cost centers are over budget YTD?,completed,62.6,"FP&A May variance was $561,923 vs plan",1781275597
r18-0003901,sbrown@coastalbuildingsystems.com,Cash Forecaster,Forecast Feb operating cash flow,completed,71.8,"FP&A Feb variance was $1,998,411 vs plan",1781359866
r18-0003902,bjones@coastalbuildingsystems.com,Close Checklist Bot,Forecast Jun operating cash flow,completed,60.7,"FP&A Jun variance was $3,660,247 vs plan",1781346778
r18-0003903,rperez@coastalbuildingsystems.com,AP Aging Analyst,Draft flux commentary for the Mar close,completed,65.2,"Ops Mar variance was $3,150,679 vs plan",1781551576
r18-0003904,rwhite@coastalbuildingsystems.com,Revenue Recognizer,Forecast Apr operating cash flow,error,3.6,ERROR: upstream request timed out,1781544995
r18-0003905,jjones@coastalbuildingsystems.com,Close Checklist Bot,Explain the headcount variance vs plan,completed,33.1,"Treasury Apr variance was $4,498,051 vs plan",1781632734
r18-0003906,rwhite@coastalbuildingsystems.com,Board Deck Builder,Which cost centers are over budget YTD?,completed,48.3,"Ops Feb variance was $780,129 vs plan",1781633306
r18-0003907,dkim@coastalbuildingsystems.com,Variance Explainer,Why did FP&A spend exceed budget in May?,completed,60.4,"FP&A May variance was $1,696,801 vs plan",1781712734
r18-0003908,rwhite@coastalbuildingsystems.com,Vendor Spend Analyzer,Which cost centers are over budget YTD?,completed,34.1,"Accounting Apr variance was $2,921,373 vs plan",1781729561
r18-0003909,wharris@coastalbuildingsystems.com,Budget vs Actual,Why did FP&A spend exceed budget in Apr?,error,2.1,Traceback (most recent call last): KeyError 'entity',1781706868
r18-0003910,bjones@coastalbuildingsystems.com,Covenant Checker,Summarize the May variance for entity CA-02,completed,6.9,"Accounting May variance was $2,385,334 vs plan",1781793428
r18-0003911,sjackson@coastalbuildingsystems.com,Vendor Spend Analyzer,Why did Ops spend exceed budget in May?,completed,44.4,"Ops May variance was $2,848,246 vs plan",1781796686
r18-0003912,rwhite@coastalbuildingsystems.com,Covenant Checker,Explain the headcount variance vs plan,completed,1.0,error code 502 from model gateway,1781898948
r18-0003913,bjones@coastalbuildingsystems.com,Budget vs Actual,Explain the headcount variance vs plan,completed,46.9,"Accounting Mar variance was $478,117 vs plan",1781885897
r18-0003914,dkim@coastalbuildingsystems.com,Journal Entry Reviewer,Forecast Jan operating cash flow,completed,30.5,"FP&A Jan variance was $3,216,008 vs plan",1781878825
r18-0003915,bjones@coastalbuildingsystems.com,Cash Forecaster,Which cost centers are over budget YTD?,completed,51.6,"FP&A May variance was $2,601,879 vs plan",1782140966
r18-0003916,btaylor@coastalbuildingsystems.com,Close Checklist Bot,Why did FP&A spend exceed budget in Jun?,error,6.7,error code 502 from model gateway,1782147540
r18-0003917,dgonzalez@coastalbuildingsystems.com,Headcount Planner,What drove the change in gross margin this quarter?,completed,0.4,error: connection reset by peer,1782125627
r18-0003918,rperez@coastalbuildingsystems.com,Budget vs Actual,Explain the headcount variance vs plan,completed,45.6,"Accounting Jun variance was $2,754,360 vs plan",1782158579
r18-0003919,jwhite@coastalbuildingsystems.com,Close Checklist Bot,Which cost centers are over budget YTD?,completed,19.5,"Treasury Apr variance was $2,131,413 vs plan",1782146671
r18-0003920,rperez@coastalbuildingsystems.com,Revenue Recognizer,Draft flux commentary for the Jan close,completed,10.9,"Ops Jan variance was $4,734,035 vs plan",1782146286
r18-0003921,rwhite@coastalbuildingsystems.com,Revenue Recognizer,Reconcile AP aging over 90 days for CA-02,completed,44.7,"Treasury Jun variance was $2,759,655 vs plan",1782160084
r18-0003922,bjones@coastalbuildingsystems.com,Cash Forecaster,Build the board deck cash slide for May,completed,60.2,"FP&A May variance was $2,961,805 vs plan",1782240222
r18-0003923,rwhite@coastalbuildingsystems.com,Vendor Spend Analyzer,Check covenant compliance for the revolver,completed,55.9,"Treasury Apr variance was $1,074,171 vs plan",1782228516
r18-0003924,jgarcia@coastalbuildingsystems.com,Journal Entry Reviewer,What drove the change in gross margin this quarter?,completed,67.2,"Treasury Feb variance was $681,118 vs plan",1782314090
r18-0003925,rperez@coastalbuildingsystems.com,Headcount Planner,Why did Accounting spend exceed budget in May?,completed,11.8,"Accounting May variance was $327,570 vs plan",1782329629
r18-0003926,bjones@coastalbuildingsystems.com,Close Checklist Bot,Which cost centers are over budget YTD?,completed,4.2,"FP&A Feb variance was $3,971,767 vs plan",1782333993
r18-0003927,lperez@coastalbuildingsystems.com,Board Deck Builder,Why did FP&A spend exceed budget in May?,completed,5.6,"FP&A May variance was $2,226,239 vs plan",1782401686
r18-0003928,rperez@coastalbuildingsystems.com,Journal Entry Reviewer,Check covenant compliance for the revolver,completed,13.6,"Ops May variance was $2,011,706 vs plan",1782400159
r18-0003929,rwhite@coastalbuildingsystems.com,Budget vs Actual,Which cost centers are over budget YTD?,completed,58.3,"Accounting Feb variance was $3,529,025 vs plan",1782413247
r18-0003930,bjones@coastalbuildingsystems.com,Close Checklist Bot,Forecast Apr operating cash flow,completed,19.6,"FP&A Apr variance was $3,886,243 vs plan",1782405716
r18-0003931,rwhite@coastalbuildingsystems.com,AP Aging Analyst,Reconcile AP aging over 90 days for MX-01,completed,17.8,"Treasury Apr variance was $803,371 vs plan",1782411362
r18-0003932,bjones@coastalbuildingsystems.com,Cash Forecaster,Summarize the Jun variance for entity EU-01,completed,54.2,"Accounting Jun variance was $1,939,998 vs plan",1782486224
r18-0003933,dkim@coastalbuildingsystems.com,Revenue Recognizer,Build the board deck cash slide for Mar,completed,45.8,"Ops Mar variance was $1,736,776 vs plan",1782482664
r18-0003934,rperez@coastalbuildingsystems.com,AP Aging Analyst,Summarize the May variance for entity MX-02,completed,30.3,"Accounting May variance was $2,742,743 vs plan",1782755161
r18-0003935,rwhite@coastalbuildingsystems.com,Revenue Recognizer,Why did Treasury spend exceed budget in Jun?,completed,1.0,ERROR: upstream request timed out,1782746985
r18-0003936,jwhite@coastalbuildingsystems.com,Flux Commentary,Draft flux commentary for the Mar close,completed,12.3,"FP&A Mar variance was $4,420,664 vs plan",1782838874
r18-0003937,rwhite@coastalbuildingsystems.com,Vendor Spend Analyzer,What drove the change in gross margin this quarter?,completed,72.3,"Treasury Jun variance was $3,579,636 vs plan",1782836018
r18-0003938,rwhite@coastalbuildingsystems.com,AP Aging Analyst,Summarize the Mar variance for entity EU-03,completed,71.4,"FP&A Mar variance was $3,141,485 vs plan",1782825659
r18-0003811,rwhite@coastalbuildingsystems.com,AP Aging Analyst,Which cost centers are over budget YTD?,completed,36.4,"Treasury Apr variance was $4,697,905 vs plan",1779378433
r18-0000661,dkim@coastalbuildingsystems.com,Budget vs Actual,Summarize the Jan variance for entity EU-03,completed,21.6,"Treasury Jan variance was $4,245,802 vs plan",1773588476
r18-0000526,wharris@coastalbuildingsystems.com,Budget vs Actual,What drove the change in gross margin this quarter?,completed,24.8,"Treasury Jun variance was $2,232,578 vs plan",1773322341
r18-0002645,bjones@coastalbuildingsystems.com,Revenue Recognizer,Build the board deck cash slide for Feb,completed,11.1,"Accounting Feb variance was $3,767,120 vs plan",1777315876
r18-0000655,sbrown@coastalbuildingsystems.com,Cash Forecaster,Explain the headcount variance vs plan,completed,73.7,"FP&A Feb variance was $379,314 vs plan",1773594614
r18-0002999,rwhite@coastalbuildingsystems.com,Revenue Recognizer,Check covenant compliance for the revolver,completed,24.4,"Ops Jan variance was $45,273 vs plan",1777986511
r18-0001403,canderson@coastalbuildingsystems.com,Vendor Spend Analyzer,Forecast May operating cash flow,completed,29.9,"Ops May variance was $4,225,529 vs plan",1774961318
r18-0003223,bjones@coastalbuildingsystems.com,Headcount Planner,Check covenant compliance for the revolver,completed,38.5,"FP&A Jan variance was $790,103 vs plan",1778262183
r18-0001328,bjones@coastalbuildingsystems.com,Cash Forecaster,What drove the change in gross margin this quarter?,completed,43.5,"Accounting Mar variance was $3,148,315 vs plan",1774818694
r18-0003228,dkim@coastalbuildingsystems.com,Revenue Recognizer,Why did Accounting spend exceed budget in Mar?,completed,15.4,"Accounting Mar variance was $3,910,965 vs plan",1778359548
r18-0001543,rwhite@coastalbuildingsystems.com,Covenant Checker,Summarize the Mar variance for entity CA-05,completed,4.3,"Ops Mar variance was $1,023,372 vs plan",1775177783
r18-0001446,rwhite@coastalbuildingsystems.com,Flux Commentary,Forecast Mar operating cash flow,completed,10.2,"FP&A Mar variance was $2,691,376 vs plan",1775064910
r18-0000132,bjones@coastalbuildingsystems.com,Flux Commentary,Check covenant compliance for the revolver,completed,69.3,"Ops May variance was $3,529,750 vs plan",1772644411
r18-0002070,rwhite@coastalbuildingsystems.com,Vendor Spend Analyzer,Draft flux commentary for the Feb close,completed,69.9,"Treasury Feb variance was $1,130,719 vs plan",1776183339
r18-0000706,jthompson@coastalbuildingsystems.com,Close Checklist Bot,Why did Accounting spend exceed budget in Apr?,completed,0.4,ERROR: upstream request timed out,1773696209
r18-0000192,rwhite@coastalbuildingsystems.com,Board Deck Builder,Build the board deck cash slide for Mar,completed,24.8,"Treasury Mar variance was $2,379,997 vs plan",1772735603
r18-0002676,rwhite@coastalbuildingsystems.com,Headcount Planner,What drove the change in gross margin this quarter?,completed,33.9,"Ops Jan variance was $2,520,820 vs plan",1777316589
r18-0003572,dkim@coastalbuildingsystems.com,Variance Explainer,Forecast Feb operating cash flow,completed,0.4,Traceback (most recent call last): KeyError 'entity',1778867084
r18-0001064,rthompson@coastalbuildingsystems.com,Revenue Recognizer,Which cost centers are over budget YTD?,completed,7.0,"Accounting Jun variance was $1,510,153 vs plan",1774278221
r18-0002992,rwhite@coastalbuildingsystems.com,Covenant Checker,Forecast May operating cash flow,completed,20.0,"FP&A May variance was $3,139,808 vs plan",1777892806
r18-0000757,bjones@coastalbuildingsystems.com,Cash Forecaster,Explain the headcount variance vs plan,completed,54.9,"Treasury Apr variance was $3,724,903 vs plan",1773775430
r18-0001972,sbrown@coastalbuildingsystems.com,AP Aging Analyst,Explain the headcount variance vs plan,completed,66.8,"Accounting Feb variance was $659,804 vs plan",1776105239
r18-0002774,dkim@coastalbuildingsystems.com,Board Deck Builder,Reconcile AP aging over 90 days for US-06,completed,53.0,"Treasury Apr variance was $3,417,712 vs plan",1777486200
r18-0003753,rwhite@coastalbuildingsystems.com,Variance Explainer,What drove the change in gross margin this quarter?,completed,48.0,"Ops Feb variance was $3,523,898 vs plan",1779286050
r18-0003531,rwhite@coastalbuildingsystems.com,Budget vs Actual,Summarize the Feb variance for entity EU-01,completed,17.0,"Accounting Feb variance was $3,027,502 vs plan",1778858259
r18-0002513,dgonzalez@coastalbuildingsystems.com,Board Deck Builder,What drove the change in gross margin this quarter?,completed,23.4,"FP&A Feb variance was $449,482 vs plan",1776942090
r18-0003864,rwhite@coastalbuildingsystems.com,Cash Forecaster,Check covenant compliance for the revolver,completed,45.1,"Accounting May variance was $334,831 vs plan",1779473758
r18-0000114,lperez@coastalbuildingsystems.com,Budget vs Actual,Reconcile AP aging over 90 days for EU-05,error,7.9,FAILED: null reference in aggregation step,1772547710
r18-0001124,rwhite@coastalbuildingsystems.com,Variance Explainer,Draft flux commentary for the Feb close,completed,14.5,"FP&A Feb variance was $1,239,943 vs plan",1774394165
r18-0003636,canderson@coastalbuildingsystems.com,Board Deck Builder,Draft flux commentary for the Feb close,completed,33.3,"Ops Feb variance was $2,028,799 vs plan",1779137014
r18-0001168,btaylor@coastalbuildingsystems.com,Flux Commentary,Draft flux commentary for the Jan close,completed,22.6,"FP&A Jan variance was $1,887,677 vs plan",1774453182
r18-0003023,bjones@coastalbuildingsystems.com,Budget vs Actual,Check covenant compliance for the revolver,completed,61.3,"Ops Jun variance was $681,160 vs plan",1778007809
r18-0001005,bjones@coastalbuildingsystems.com,Revenue Recognizer,Summarize the Mar variance for entity CA-07,completed,49.4,"Ops Mar variance was $3,531,166 vs plan",1774205847
r18-0000172,bjones@coastalbuildingsystems.com,Close Checklist Bot,Draft flux commentary for the Jan close,completed,37.5,"Treasury Jan variance was $4,079,546 vs plan",1772657315
r18-0001887,rperez@coastalbuildingsystems.com,Close Checklist Bot,Explain the headcount variance vs plan,completed,21.4,"Ops May variance was $2,202,991 vs plan",1775841907
r18-0001496,bjones@coastalbuildingsystems.com,Close Checklist Bot,Forecast May operating cash flow,completed,6.1,"Accounting May variance was $1,974,727 vs plan",1775150869
r18-0000773,rwhite@coastalbuildingsystems.com,Headcount Planner,Reconcile AP aging over 90 days for MX-03,completed,56.0,"Treasury May variance was $2,006,208 vs plan",1773764497
r18-0003914,dkim@coastalbuildingsystems.com,Journal Entry Reviewer,Forecast Jan operating cash flow,completed,30.5,"FP&A Jan variance was $3,216,008 vs plan",1781878825
r18-0000554,bjones@coastalbuildingsystems.com,Cash Forecaster,What drove the change in gross margin this quarter?,completed,46.9,"FP&A Apr variance was $4,240,133 vs plan",1773344962
r18-0000674,sjackson@coastalbuildingsystems.com,Board Deck Builder,Draft flux commentary for the Mar close,completed,61.0,"Treasury Mar variance was $3,300,989 vs plan",1773672359
r18-0002735,rwhite@coastalbuildingsystems.com,Close Checklist Bot,What drove the change in gross margin this quarter?,completed,23.1,"Treasury Jan variance was $596,488 vs plan",1777399448
r18-0003526,rwhite@coastalbuildingsystems.com,Close Checklist Bot,Why did Accounting spend exceed budget in Mar?,completed,1.3,FAILED: null reference in aggregation step,1778860177
r18-0003420,bjones@coastalbuildingsystems.com,Revenue Recognizer,Build the board deck cash slide for Feb,completed,37.3,"Accounting Feb variance was $612,764 vs plan",1778697155
r18-0001390,rwhite@coastalbuildingsystems.com,Board Deck Builder,What drove the change in gross margin this quarter?,completed,27.3,"Ops May variance was $1,650,884 vs plan",1774952667
r18-0002103,rwhite@coastalbuildingsystems.com,Cash Forecaster,Which cost centers are over budget YTD?,completed,4.5,"Accounting Feb variance was $2,380,396 vs plan",1776283112
r18-0000501,lperez@coastalbuildingsystems.com,Cash Forecaster,What drove the change in gross margin this quarter?,completed,30.9,"Treasury Mar variance was $1,379,644 vs plan",1773263337
r18-0000747,rwhite@coastalbuildingsystems.com,AP Aging Analyst,Reconcile AP aging over 90 days for MX-03,completed,25.9,"FP&A Feb variance was $3,329,816 vs plan",1773761608
r18-0001311,rwhite@coastalbuildingsystems.com,Variance Explainer,Which cost centers are over budget YTD?,completed,11.0,"Treasury Mar variance was $4,259,251 vs plan",1774816311
r18-0000258,rwhite@coastalbuildingsystems.com,Board Deck Builder,Explain the headcount variance vs plan,error,4.5,error: connection reset by peer,1772819524
r18-0001317,rwhite@coastalbuildingsystems.com,Close Checklist Bot,Reconcile AP aging over 90 days for EU-09,completed,22.9,"Accounting Mar variance was $2,401,056 vs plan",1774819717
r18-0000540,dkim@coastalbuildingsystems.com,Cash Forecaster,Check covenant compliance for the revolver,completed,6.4,"Ops Jan variance was $2,783,514 vs plan",1773330264
r18-0000296,bjones@coastalbuildingsystems.com,Board Deck Builder,Build the board deck cash slide for Feb,completed,18.0,"Treasury Feb variance was $1,464,490 vs plan",1772918459
r18-0000237,bjones@coastalbuildingsystems.com,Flux Commentary,Build the board deck cash slide for May,completed,18.6,"Treasury May variance was $1,475,730 vs plan",1772735139
r18-0003732,dkim@coastalbuildingsystems.com,Covenant Checker,Why did FP&A spend exceed budget in Apr?,completed,15.0,"FP&A Apr variance was $241,867 vs plan",1779299971
r18-0000816,jwhite@coastalbuildingsystems.com,Vendor Spend Analyzer,Forecast Feb operating cash flow,completed,32.9,"Ops Feb variance was $2,534,502 vs plan",1773849001
r18-0003585,dkim@coastalbuildingsystems.com,Cash Forecaster,Draft flux commentary for the Feb close,completed,49.4,"FP&A Feb variance was $2,549,246 vs plan",1778946423
r18-0000647,rwhite@coastalbuildingsystems.com,Covenant Checker,Summarize the Jan variance for entity MX-09,error,7.1,error code 502 from model gateway,1773598259
r18-0001493,dkim@coastalbuildingsystems.com,Board Deck Builder,Which cost centers are over budget YTD?,completed,68.7,"Treasury Jan variance was $3,298,553 vs plan",1775148844
r18-0000399,dkim@coastalbuildingsystems.com,Close Checklist Bot,Check covenant compliance for the revolver,completed,17.0,"FP&A May variance was $1,294,847 vs plan",1773083099
r18-0003368,canderson@coastalbuildingsystems.com,Cash Forecaster,Summarize the Mar variance for entity EU-05,completed,62.9,"Accounting Mar variance was $3,544,872 vs plan",1778609062
r18-0001218,jjones@coastalbuildingsystems.com,Vendor Spend Analyzer,Build the board deck cash slide for May,completed,74.5,"Ops May variance was $4,686,698 vs plan",1774547007
r18-0001744,rwhite@coastalbuildingsystems.com,AP Aging Analyst,Draft flux commentary for the Apr close,completed,37.9,"Ops Apr variance was $4,235,648 vs plan",1775579945
r18-0001999,jwhite@coastalbuildingsystems.com,Variance Explainer,Why did Accounting spend exceed budget in Jun?,error,2.9,ERROR: upstream request timed out,1776099101
r18-0000610,bjones@coastalbuildingsystems.com,Board Deck Builder,Explain the headcount variance vs plan,completed,37.2,"Accounting May variance was $4,756,038 vs plan",1773413247
r18-0003477,rwhite@coastalbuildingsystems.com,Vendor Spend Analyzer,Build the board deck cash slide for Jan,completed,41.1,"Treasury Jan variance was $1,094,398 vs plan",1778781443
r18-0001913,lperez@coastalbuildingsystems.com,Journal Entry Reviewer,Which cost centers are over budget YTD?,completed,14.2,"Accounting Apr variance was $2,938,771 vs plan",1775830454
r18-0003229,jwhite2@coastalbuildingsystems.com,Journal Entry Reviewer,Explain the headcount variance vs plan,completed,25.6,"Ops Jan variance was $3,892,406 vs plan",1778335036
r18-0000377,btaylor@coastalbuildingsystems.com,Variance Explainer,Check covenant compliance for the revolver,completed,15.7,"Accounting Feb variance was $447,071 vs plan",1773076912
r18-0002554,rwhite@coastalbuildingsystems.com,Flux Commentary,Check covenant compliance for the revolver,completed,69.5,"Accounting Jun variance was $3,126,119 vs plan",1777036600
r18-0001544,jjones@coastalbuildingsystems.com,Budget vs Actual,Forecast May operating cash flow,completed,74.2,"Ops May variance was $3,669,602 vs plan",1775133776
r18-0001077,dkim@coastalbuildingsystems.com,Budget vs Actual,Check covenant compliance for the revolver,error,3.1,ERROR: upstream request timed out,1774405089
r18-0002984,bjones@coastalbuildingsystems.com,Cash Forecaster,Build the board deck cash slide for May,completed,22.8,"FP&A May variance was $2,356,044 vs plan",1777903714
r18-0002025,lpatel@coastalbuildingsystems.com,Revenue Recognizer,Explain the headcount variance vs plan,completed,1.4,Traceback (most recent call last): KeyError 'entity',1776189042
r18-0001410,bjones@coastalbuildingsystems.com,AP Aging Analyst,Explain the headcount variance vs plan,completed,22.6,"Treasury Mar variance was $1,562,898 vs plan",1774976079
r18-0003784,rthompson@coastalbuildingsystems.com,Close Checklist Bot,Forecast Feb operating cash flow,completed,24.9,"Ops Feb variance was $4,041,102 vs plan",1779387773
r18-0000687,btaylor@coastalbuildingsystems.com,Budget vs Actual,Check covenant compliance for the revolver,completed,45.2,"FP&A May variance was $3,796,193 vs plan",1773693407
r18-0002183,bjones@coastalbuildingsystems.com,Board Deck Builder,Reconcile AP aging over 90 days for CA-06,completed,67.2,"Treasury Apr variance was $1,772,945 vs plan",1776367124
r18-0001028,rwhite@coastalbuildingsystems.com,Board Deck Builder,Reconcile AP aging over 90 days for CA-03,completed,4.3,"Treasury May variance was $1,594,321 vs plan",1774289073
r18-0003817,rwhite@coastalbuildingsystems.com,Cash Forecaster,Draft flux commentary for the Apr close,completed,21.0,"FP&A Apr variance was $3,658,968 vs plan",1779494407
r18-0000961,rwhite@coastalbuildingsystems.com,Cash Forecaster,Explain the headcount variance vs plan,completed,42.8,"Ops Apr variance was $818,472 vs plan",1774032318
r18-0002703,rwhite@coastalbuildingsystems.com,AP Aging Analyst,Forecast Jun operating cash flow,completed,17.8,"Ops Jun variance was $4,678,811 vs plan",1777294990
r18-0003269,bjones@coastalbuildingsystems.com,Board Deck Builder,Draft flux commentary for the Mar close,completed,72.9,"Ops Mar variance was $1,910,311 vs plan",1778421684
r18-0002436,bjones@coastalbuildingsystems.com,Revenue Recognizer,Draft flux commentary for the Apr close,completed,0.4,FAILED: null reference in aggregation step,1776899516
r18-0003659,dkim@coastalbuildingsystems.com,Vendor Spend Analyzer,Build the board deck cash slide for Jun,completed,26.3,"FP&A Jun variance was $4,624,365 vs plan",1779127083
r18-0003475,rwhite@coastalbuildingsystems.com,Vendor Spend Analyzer,Which cost centers are over budget YTD?,completed,55.9,"Treasury Feb variance was $4,429,565 vs plan",1778772537
r18-0000774,rperez@coastalbuildingsystems.com,AP Aging Analyst,What drove the change in gross margin this quarter?,completed,65.9,"Treasury Feb variance was $594,867 vs plan",1773755082
r18-0001544,jjones@coastalbuildingsystems.com,Budget vs Actual,Forecast May operating cash flow,completed,74.2,"Ops May variance was $3,669,602 vs plan",1775133776
r18-0001682,rwhite@coastalbuildingsystems.com,Board Deck Builder,Explain the headcount variance vs plan,completed,33.9,"Accounting Jan variance was $162,526 vs plan",1775492419
r18-0003770,bjones@coastalbuildingsystems.com,Board Deck Builder,Draft flux commentary for the May close,completed,56.0,"Ops May variance was $1,121,811 vs plan",1779295094
r18-0003484,lperez@coastalbuildingsystems.com,Covenant Checker,What drove the change in gross margin this quarter?,completed,8.4,"Accounting Jan variance was $1,779,541 vs plan",1778784543
r18-0003783,sbrown@coastalbuildingsystems.com,AP Aging Analyst,Check covenant compliance for the revolver,completed,9.4,"Treasury May variance was $644,609 vs plan",1779391886
