email,agent_name,question_text,output_snippet,run_id,run_status,timestamp,duration_ms
mjones@crestviewinsurance.com,AP Aging Analyst,Summarize the Mar variance for entity EU-03,"FP&A Mar variance was $2,126,412 vs plan",r52-0000001,completed,2026-03-01T16:01:48Z,28500
jjohnson@crestviewinsurance.com,Board Deck Builder,What drove the change in gross margin this quarter?,"Ops Jan variance was $2,701,185 vs plan",r52-0000002,completed,2026-03-01T09:18:13Z,32400
mjones@crestviewinsurance.com,Close Checklist Bot,Check covenant compliance for the revolver,"Accounting Jun variance was $1,330,345 vs plan",r52-0000003,completed,2026-03-01T16:46:10Z,49700
fjackson@crestviewinsurance.com,Revenue Recognizer,Forecast Jan operating cash flow,"Accounting Jan variance was $4,542,523 vs plan",r52-0000004,completed,2026-03-01T11:35:24Z,49800
mjones@crestviewinsurance.com,Headcount Planner,Draft flux commentary for the Jun close,error: connection reset by peer,r52-0000005,completed,2026-03-01T11:49:55Z,900
jjohnson@crestviewinsurance.com,Vendor Spend Analyzer,Explain the headcount variance vs plan,"Treasury Jan variance was $2,433,099 vs plan",r52-0000006,completed,2026-03-01T14:40:11Z,45600
jwilliams@crestviewinsurance.com,Board Deck Builder,Forecast May operating cash flow,"FP&A May variance was $4,637,032 vs plan",r52-0000007,completed,2026-03-01T09:32:30Z,53700
mjones@crestviewinsurance.com,Cash Forecaster,Reconcile AP aging over 90 days for MX-01,ERROR: upstream request timed out,r52-0000008,error,2026-03-01T11:16:33Z,3200
sgonzalez@crestviewinsurance.com,Cash Forecaster,Build the board deck cash slide for Jan,"Ops Jan variance was $2,505,516 vs plan",r52-0000009,completed,2026-03-01T11:43:31Z,43700
kmiller@crestviewinsurance.com,Vendor Spend Analyzer,Summarize the Apr variance for entity EU-01,"FP&A Apr variance was $4,576,907 vs plan",r52-0000010,completed,2026-03-01T08:15:15Z,20000
mjones@crestviewinsurance.com,Revenue Recognizer,Summarize the May variance for entity US-04,"Ops May variance was $4,440,923 vs plan",r52-0000011,completed,2026-03-01T11:34:01Z,71100
jlopez@crestviewinsurance.com,Vendor Spend Analyzer,Draft flux commentary for the Jan close,FAILED: null reference in aggregation step,r52-0000012,completed,2026-03-01T14:09:36Z,700
jpatel@crestviewinsurance.com,Vendor Spend Analyzer,Forecast Feb operating cash flow,"Ops Feb variance was $996,442 vs plan",r52-0000013,completed,2026-03-01T07:47:51Z,39000
mjones@crestviewinsurance.com,Close Checklist Bot,Which cost centers are over budget YTD?,"Ops Jan variance was $4,491,840 vs plan",r52-0000014,completed,2026-03-01T11:29:05Z,59600
swilson@crestviewinsurance.com,Cash Forecaster,Explain the headcount variance vs plan,error code 502 from model gateway,r52-0000015,error,2026-03-01T10:40:46Z,5400
jnguyen@crestviewinsurance.com,Board Deck Builder,Summarize the Mar variance for entity MX-02,error code 502 from model gateway,r52-0000016,error,2026-03-02T15:03:26Z,1100
mjones@crestviewinsurance.com,Journal Entry Reviewer,What drove the change in gross margin this quarter?,"Accounting Jan variance was $2,758,280 vs plan",r52-0000017,completed,2026-03-02T15:11:48Z,28100
jjohnson@crestviewinsurance.com,Board Deck Builder,Explain the headcount variance vs plan,"Treasury Feb variance was $2,972,649 vs plan",r52-0000018,completed,2026-03-02T13:27:47Z,66400
mjones@crestviewinsurance.com,Journal Entry Reviewer,Why did Ops spend exceed budget in Jun?,"Ops Jun variance was $4,623,041 vs plan",r52-0000019,completed,2026-03-02T13:44:57Z,15700
jjohnson@crestviewinsurance.com,Covenant Checker,Why did Ops spend exceed budget in May?,"Ops May variance was $2,081,502 vs plan",r52-0000020,completed,2026-03-02T17:32:16Z,57000
jjohnson@crestviewinsurance.com,Vendor Spend Analyzer,Build the board deck cash slide for May,"FP&A May variance was $749,818 vs plan",r52-0000021,completed,2026-03-02T13:20:08Z,24100
jlopez@crestviewinsurance.com,Journal Entry Reviewer,Forecast Feb operating cash flow,"Treasury Feb variance was $681,436 vs plan",r52-0000022,completed,2026-03-02T11:05:17Z,26700
jjohnson@crestviewinsurance.com,Variance Explainer,Why did Accounting spend exceed budget in May?,"Accounting May variance was $4,660,355 vs plan",r52-0000023,completed,2026-03-02T14:32:34Z,32000
jjohnson@crestviewinsurance.com,Headcount Planner,Summarize the Apr variance for entity EU-06,"Ops Apr variance was $3,687,757 vs plan",r52-0000024,completed,2026-03-02T21:05:20Z,55300
yrobinson@crestviewinsurance.com,Close Checklist Bot,Why did Ops spend exceed budget in Feb?,"Ops Feb variance was $1,697,876 vs plan",r52-0000025,completed,2026-03-02T08:33:38Z,53800
jpatel@crestviewinsurance.com,AP Aging Analyst,Forecast Jun operating cash flow,"Ops Jun variance was $4,752,004 vs plan",r52-0000026,completed,2026-03-02T11:57:16Z,8200
jlopez@crestviewinsurance.com,Journal Entry Reviewer,What drove the change in gross margin this quarter?,"Accounting Apr variance was $2,971,444 vs plan",r52-0000027,completed,2026-03-02T17:30:37Z,50900
mjones@crestviewinsurance.com,Flux Commentary,Forecast Mar operating cash flow,"Ops Mar variance was $2,092,004 vs plan",r52-0000028,completed,2026-03-02T14:58:24Z,75000
mjones@crestviewinsurance.com,Close Checklist Bot,Check covenant compliance for the revolver,"Accounting Jan variance was $2,186,176 vs plan",r52-0000029,completed,2026-03-02T12:19:52Z,13100
mjones@crestviewinsurance.com,Cash Forecaster,Draft flux commentary for the Jun close,"Accounting Jun variance was $2,723,324 vs plan",r52-0000030,completed,2026-03-02T14:32:14Z,15200
yrobinson@crestviewinsurance.com,Journal Entry Reviewer,Summarize the Jan variance for entity MX-09,"Ops Jan variance was $595,747 vs plan",r52-0000031,completed,2026-03-02T16:56:51Z,50900
yrobinson@crestviewinsurance.com,Revenue Recognizer,Explain the headcount variance vs plan,"Treasury Jun variance was $1,701,214 vs plan",r52-0000032,completed,2026-03-02T12:14:51Z,18700
jlopez@crestviewinsurance.com,Journal Entry Reviewer,What drove the change in gross margin this quarter?,"Ops Jan variance was $270,087 vs plan",r52-0000033,completed,2026-03-02T14:49:52Z,36100
ksanchez@crestviewinsurance.com,Revenue Recognizer,Reconcile AP aging over 90 days for EU-08,"Ops Feb variance was $3,988,676 vs plan",r52-0000034,completed,2026-03-02T15:06:26Z,66700
mjones@crestviewinsurance.com,Cash Forecaster,Which cost centers are over budget YTD?,"FP&A Feb variance was $1,131,598 vs plan",r52-0000035,completed,2026-03-02T14:33:39Z,41200
mjones@crestviewinsurance.com,Budget vs Actual,Explain the headcount variance vs plan,"Treasury Apr variance was $976,773 vs plan",r52-0000036,completed,2026-03-02T09:59:57Z,10300
jjohnson@crestviewinsurance.com,Flux Commentary,What drove the change in gross margin this quarter?,ERROR: upstream request timed out,r52-0000037,completed,2026-03-02T16:13:59Z,300
mjones@crestviewinsurance.com,Journal Entry Reviewer,Why did Ops spend exceed budget in Jun?,"Ops Jun variance was $1,594,503 vs plan",r52-0000038,completed,2026-03-02T14:45:40Z,8600
mjones@crestviewinsurance.com,Cash Forecaster,Draft flux commentary for the Apr close,"FP&A Apr variance was $1,460,705 vs plan",r52-0000039,completed,2026-03-02T15:23:23Z,32300
mjones@crestviewinsurance.com,Cash Forecaster,Explain the headcount variance vs plan,"Ops Mar variance was $73,975 vs plan",r52-0000040,completed,2026-03-02T07:54:07Z,67000
kmiller@crestviewinsurance.com,Variance Explainer,Draft flux commentary for the Mar close,"Accounting Mar variance was $4,221,650 vs plan",r52-0000041,completed,2026-03-02T15:34:54Z,66800
yrobinson@crestviewinsurance.com,Revenue Recognizer,Summarize the Feb variance for entity CA-07,"FP&A Feb variance was $1,955,671 vs plan",r52-0000042,completed,2026-03-02T17:47:30Z,62300
jjohnson@crestviewinsurance.com,Budget vs Actual,Which cost centers are over budget YTD?,"FP&A Jun variance was $2,620,634 vs plan",r52-0000043,completed,2026-03-02T14:09:22Z,18100
mjones@crestviewinsurance.com,Vendor Spend Analyzer,Build the board deck cash slide for Apr,"Accounting Apr variance was $4,222,375 vs plan",r52-0000044,completed,2026-03-02T11:09:53Z,10000
jjohnson@crestviewinsurance.com,Vendor Spend Analyzer,Summarize the Jun variance for entity MX-06,FAILED: null reference in aggregation step,r52-0000045,error,2026-03-02T12:01:04Z,2900
mjones@crestviewinsurance.com,Board Deck Builder,Draft flux commentary for the Jun close,error: connection reset by peer,r52-0000046,completed,2026-03-02T12:35:33Z,1300
mjones@crestviewinsurance.com,Cash Forecaster,Draft flux commentary for the Feb close,"Ops Feb variance was $3,450,056 vs plan",r52-0000047,completed,2026-03-03T11:46:00Z,49300
jlopez@crestviewinsurance.com,Close Checklist Bot,Draft flux commentary for the Apr close,"FP&A Apr variance was $3,803,706 vs plan",r52-0000048,completed,2026-03-03T14:05:34Z,71900
jpatel@crestviewinsurance.com,Board Deck Builder,Draft flux commentary for the Jun close,"Treasury Jun variance was $4,346,564 vs plan",r52-0000049,completed,2026-03-03T15:35:45Z,57400
jjohnson@crestviewinsurance.com,Cash Forecaster,Reconcile AP aging over 90 days for EU-08,"Ops May variance was $3,927,662 vs plan",r52-0000050,completed,2026-03-03T16:50:53Z,22000
jjohnson@crestviewinsurance.com,Journal Entry Reviewer,Summarize the Apr variance for entity EU-07,error code 502 from model gateway,r52-0000051,completed,2026-03-03T13:35:19Z,300
jjohnson@crestviewinsurance.com,Journal Entry Reviewer,Build the board deck cash slide for Apr,"Ops Apr variance was $4,316,057 vs plan",r52-0000052,completed,2026-03-03T09:12:54Z,30900
yrobinson@crestviewinsurance.com,AP Aging Analyst,Forecast Jan operating cash flow,"Ops Jan variance was $505,396 vs plan",r52-0000053,completed,2026-03-03T10:32:44Z,46800
jlopez@crestviewinsurance.com,Budget vs Actual,What drove the change in gross margin this quarter?,"Treasury May variance was $3,476,418 vs plan",r52-0000054,completed,2026-03-03T09:25:59Z,24000
jjohnson@crestviewinsurance.com,Covenant Checker,Draft flux commentary for the Jan close,"Accounting Jan variance was $2,974,659 vs plan",r52-0000055,completed,2026-03-03T09:59:09Z,61100
mjones@crestviewinsurance.com,Covenant Checker,Reconcile AP aging over 90 days for MX-07,"Ops Mar variance was $1,391,945 vs plan",r52-0000056,completed,2026-03-03T14:58:31Z,46400
kmiller@crestviewinsurance.com,Vendor Spend Analyzer,Summarize the Jun variance for entity US-02,"Treasury Jun variance was $539,727 vs plan",r52-0000057,completed,2026-03-03T12:52:40Z,31400
jjohnson@crestviewinsurance.com,Covenant Checker,Draft flux commentary for the Jun close,"FP&A Jun variance was $650,297 vs plan",r52-0000058,completed,2026-03-03T11:10:05Z,62700
jjohnson@crestviewinsurance.com,Covenant Checker,Why did Ops spend exceed budget in Feb?,"Ops Feb variance was $828,054 vs plan",r52-0000059,completed,2026-03-03T11:17:14Z,46100
jjohnson@crestviewinsurance.com,Covenant Checker,Draft flux commentary for the May close,"Accounting May variance was $143,544 vs plan",r52-0000060,completed,2026-03-03T21:25:46Z,53900
yrobinson@crestviewinsurance.com,AP Aging Analyst,Build the board deck cash slide for Apr,"Treasury Apr variance was $2,747,485 vs plan",r52-0000061,completed,2026-03-03T12:19:07Z,8200
jbrown@crestviewinsurance.com,Revenue Recognizer,What drove the change in gross margin this quarter?,"Ops Apr variance was $1,975,183 vs plan",r52-0000062,completed,2026-03-03T17:40:47Z,40400
mjones@crestviewinsurance.com,Budget vs Actual,Which cost centers are over budget YTD?,"Accounting Jan variance was $3,939,748 vs plan",r52-0000063,completed,2026-03-03T12:26:56Z,69700
mjones@crestviewinsurance.com,Variance Explainer,Build the board deck cash slide for May,"Ops May variance was $1,003,016 vs plan",r52-0000064,completed,2026-03-03T16:45:29Z,63500
jjohnson@crestviewinsurance.com,AP Aging Analyst,Draft flux commentary for the Jan close,"Treasury Jan variance was $765,947 vs plan",r52-0000065,completed,2026-03-03T18:24:40Z,14500
jjohnson@crestviewinsurance.com,Close Checklist Bot,Explain the headcount variance vs plan,"Accounting Mar variance was $2,173,194 vs plan",r52-0000066,completed,2026-03-03T10:17:23Z,19000
fjackson@crestviewinsurance.com,Cash Forecaster,Explain the headcount variance vs plan,"FP&A May variance was $709,022 vs plan",r52-0000067,completed,2026-03-03T10:02:50Z,6400
mjones@crestviewinsurance.com,Vendor Spend Analyzer,Draft flux commentary for the Feb close,"Accounting Feb variance was $3,774,444 vs plan",r52-0000068,completed,2026-03-03T09:31:01Z,42500
mjones@crestviewinsurance.com,Variance Explainer,Which cost centers are over budget YTD?,"Accounting May variance was $4,639,733 vs plan",r52-0000069,completed,2026-03-03T17:29:31Z,46600
jjohnson@crestviewinsurance.com,Cash Forecaster,Which cost centers are over budget YTD?,"Ops Apr variance was $4,667,736 vs plan",r52-0000070,completed,2026-03-03T08:08:18Z,11100
jlopez@crestviewinsurance.com,Board Deck Builder,Why did FP&A spend exceed budget in Mar?,error code 502 from model gateway,r52-0000071,completed,2026-03-03T07:45:18Z,300
jjohnson@crestviewinsurance.com,Variance Explainer,Summarize the Apr variance for entity CA-03,"Ops Apr variance was $670,311 vs plan",r52-0000072,completed,2026-03-03T09:53:10Z,44800
drodriguez@crestviewinsurance.com,AP Aging Analyst,Check covenant compliance for the revolver,"Treasury Jun variance was $3,551,958 vs plan",r52-0000073,completed,2026-03-03T11:16:04Z,25900
yrobinson@crestviewinsurance.com,Revenue Recognizer,Explain the headcount variance vs plan,"Accounting Apr variance was $1,895,929 vs plan",r52-0000074,completed,2026-03-03T10:33:34Z,19500
jjohnson@crestviewinsurance.com,Revenue Recognizer,What drove the change in gross margin this quarter?,"FP&A Jun variance was $3,895,791 vs plan",r52-0000075,completed,2026-03-03T10:29:25Z,15900
jjohnson@crestviewinsurance.com,AP Aging Analyst,Reconcile AP aging over 90 days for US-09,"Ops Feb variance was $3,201,805 vs plan",r52-0000076,completed,2026-03-04T11:38:41Z,33200
mjones@crestviewinsurance.com,Journal Entry Reviewer,Summarize the Apr variance for entity EU-08,"Ops Apr variance was $669,324 vs plan",r52-0000077,completed,2026-03-04T16:29:53Z,7200
jjohnson@crestviewinsurance.com,Covenant Checker,Forecast Apr operating cash flow,"Accounting Apr variance was $518,479 vs plan",r52-0000078,completed,2026-03-04T11:15:57Z,33500
fjackson@crestviewinsurance.com,Headcount Planner,Which cost centers are over budget YTD?,"FP&A Apr variance was $114,073 vs plan",r52-0000079,completed,2026-03-04T11:49:18Z,36400
jjohnson@crestviewinsurance.com,Vendor Spend Analyzer,Forecast May operating cash flow,"FP&A May variance was $764,632 vs plan",r52-0000080,completed,2026-03-04T15:25:06Z,64200
jjohnson@crestviewinsurance.com,Journal Entry Reviewer,What drove the change in gross margin this quarter?,"Accounting May variance was $3,869,371 vs plan",r52-0000081,completed,2026-03-04T11:25:15Z,68100
mjones@crestviewinsurance.com,Headcount Planner,Explain the headcount variance vs plan,"FP&A Mar variance was $2,284,681 vs plan",r52-0000082,completed,2026-03-04T17:13:52Z,57900
jjohnson@crestviewinsurance.com,Vendor Spend Analyzer,Forecast Apr operating cash flow,"FP&A Apr variance was $3,870,043 vs plan",r52-0000083,completed,2026-03-04T13:56:24Z,6600
drodriguez@crestviewinsurance.com,Journal Entry Reviewer,Draft flux commentary for the May close,"Treasury May variance was $3,264,087 vs plan",r52-0000084,completed,2026-03-04T09:01:46Z,36300
jjohnson@crestviewinsurance.com,AP Aging Analyst,Reconcile AP aging over 90 days for CA-01,"FP&A May variance was $1,409,912 vs plan",r52-0000085,completed,2026-03-04T14:41:21Z,27200
jlopez@crestviewinsurance.com,AP Aging Analyst,Forecast Mar operating cash flow,"Ops Mar variance was $3,816,057 vs plan",r52-0000086,completed,2026-03-04T12:31:02Z,19600
mjones@crestviewinsurance.com,Flux Commentary,Check covenant compliance for the revolver,FAILED: null reference in aggregation step,r52-0000087,completed,2026-03-04T12:31:30Z,1100
bmiller@crestviewinsurance.com,Budget vs Actual,Reconcile AP aging over 90 days for MX-06,FAILED: null reference in aggregation step,r52-0000088,completed,2026-03-04T18:29:21Z,900
jpatel@crestviewinsurance.com,Revenue Recognizer,What drove the change in gross margin this quarter?,"FP&A Jun variance was $1,797,529 vs plan",r52-0000089,completed,2026-03-04T16:23:02Z,57000
mjones@crestviewinsurance.com,Revenue Recognizer,Build the board deck cash slide for May,"Accounting May variance was $2,280,730 vs plan",r52-0000090,completed,2026-03-04T07:04:38Z,9500
yrobinson@crestviewinsurance.com,Vendor Spend Analyzer,What drove the change in gross margin this quarter?,"Treasury Jun variance was $3,225,334 vs plan",r52-0000091,completed,2026-03-04T06:00:46Z,45100
jjohnson@crestviewinsurance.com,Variance Explainer,Reconcile AP aging over 90 days for CA-05,"Accounting Jun variance was $3,316,825 vs plan",r52-0000092,completed,2026-03-04T15:19:54Z,71300
jjohnson@crestviewinsurance.com,Variance Explainer,Why did FP&A spend exceed budget in Mar?,"FP&A Mar variance was $4,142,468 vs plan",r52-0000093,completed,2026-03-04T13:54:10Z,63100
mjones@crestviewinsurance.com,AP Aging Analyst,Why did Treasury spend exceed budget in May?,"Treasury May variance was $726,676 vs plan",r52-0000094,completed,2026-03-04T17:06:09Z,32500
mjones@crestviewinsurance.com,Variance Explainer,Which cost centers are over budget YTD?,"Treasury May variance was $3,935,600 vs plan",r52-0000095,completed,2026-03-04T13:23:01Z,71100
jjohnson@crestviewinsurance.com,Board Deck Builder,Forecast Apr operating cash flow,"Accounting Apr variance was $3,950,019 vs plan",r52-0000096,completed,2026-03-04T13:33:45Z,71100
yrobinson@crestviewinsurance.com,Revenue Recognizer,Why did FP&A spend exceed budget in Jan?,"FP&A Jan variance was $2,289,674 vs plan",r52-0000097,completed,2026-03-04T12:41:40Z,26200
jwilliams@crestviewinsurance.com,Board Deck Builder,Explain the headcount variance vs plan,"Ops May variance was $136,843 vs plan",r52-0000098,completed,2026-03-04T12:58:04Z,19900
yrobinson@crestviewinsurance.com,Headcount Planner,Forecast Apr operating cash flow,"FP&A Apr variance was $2,579,225 vs plan",r52-0000099,completed,2026-03-04T14:34:21Z,10500
jbrown@crestviewinsurance.com,Budget vs Actual,Summarize the Jan variance for entity CA-09,"Ops Jan variance was $1,329,071 vs plan",r52-0000100,completed,2026-03-05T13:08:30Z,68300
mjones@crestviewinsurance.com,Revenue Recognizer,Draft flux commentary for the Apr close,"Treasury Apr variance was $3,467,494 vs plan",r52-0000101,completed,2026-03-05T12:07:56Z,22400
mjones@crestviewinsurance.com,Headcount Planner,Summarize the Feb variance for entity MX-08,"FP&A Feb variance was $3,165,813 vs plan",r52-0000102,completed,2026-03-05T16:36:02Z,71600
jbrown@crestviewinsurance.com,Variance Explainer,Build the board deck cash slide for Apr,"Accounting Apr variance was $1,277,403 vs plan",r52-0000103,completed,2026-03-05T09:49:44Z,15000
yrobinson@crestviewinsurance.com,Cash Forecaster,Check covenant compliance for the revolver,"Ops Apr variance was $4,362,780 vs plan",r52-0000104,completed,2026-03-05T08:46:04Z,47200
jjohnson@crestviewinsurance.com,AP Aging Analyst,Reconcile AP aging over 90 days for CA-05,"FP&A Apr variance was $149,155 vs plan",r52-0000105,completed,2026-03-05T12:27:21Z,11000
jjohnson@crestviewinsurance.com,Vendor Spend Analyzer,What drove the change in gross margin this quarter?,"Ops May variance was $1,942,856 vs plan",r52-0000106,completed,2026-03-05T14:41:54Z,67500
jjohnson@crestviewinsurance.com,Vendor Spend Analyzer,What drove the change in gross margin this quarter?,"Accounting Mar variance was $4,780,461 vs plan",r52-0000107,completed,2026-03-05T15:11:16Z,71300
yrobinson@crestviewinsurance.com,Flux Commentary,Which cost centers are over budget YTD?,"Accounting May variance was $282,798 vs plan",r52-0000108,completed,2026-03-05T13:34:28Z,49400
mjones@crestviewinsurance.com,Board Deck Builder,Why did Treasury spend exceed budget in Jan?,"Treasury Jan variance was $1,427,470 vs plan",r52-0000109,completed,2026-03-05T13:26:22Z,11000
mjones@crestviewinsurance.com,Revenue Recognizer,Explain the headcount variance vs plan,error code 502 from model gateway,r52-0000110,error,2026-03-05T10:59:26Z,900
jjohnson@crestviewinsurance.com,Board Deck Builder,Explain the headcount variance vs plan,FAILED: null reference in aggregation step,r52-0000111,error,2026-03-05T21:08:15Z,6900
kmiller@crestviewinsurance.com,Vendor Spend Analyzer,Why did FP&A spend exceed budget in May?,error code 502 from model gateway,r52-0000112,error,2026-03-05T11:10:09Z,4400
yrobinson@crestviewinsurance.com,Headcount Planner,Draft flux commentary for the Apr close,"Ops Apr variance was $909,485 vs plan",r52-0000113,completed,2026-03-05T09:20:49Z,69200
jlopez@crestviewinsurance.com,Revenue Recognizer,Build the board deck cash slide for Jan,"Accounting Jan variance was $4,023,150 vs plan",r52-0000114,completed,2026-03-05T06:25:01Z,72100
swilson@crestviewinsurance.com,Headcount Planner,Summarize the Jun variance for entity US-05,"FP&A Jun variance was $1,696,125 vs plan",r52-0000115,completed,2026-03-05T12:00:53Z,59100
kmiller@crestviewinsurance.com,Vendor Spend Analyzer,Check covenant compliance for the revolver,error: connection reset by peer,r52-0000116,error,2026-03-05T10:26:35Z,5600
mjones@crestviewinsurance.com,Budget vs Actual,Reconcile AP aging over 90 days for EU-06,"Treasury Jan variance was $2,522,661 vs plan",r52-0000117,completed,2026-03-05T17:35:57Z,33200
mjones@crestviewinsurance.com,Variance Explainer,Summarize the Feb variance for entity CA-05,"Ops Feb variance was $473,914 vs plan",r52-0000118,completed,2026-03-05T13:00:57Z,55100
mjones@crestviewinsurance.com,Variance Explainer,What drove the change in gross margin this quarter?,"Ops May variance was $533,447 vs plan",r52-0000119,completed,2026-03-05T08:35:53Z,68600
swilson@crestviewinsurance.com,Vendor Spend Analyzer,Check covenant compliance for the revolver,"FP&A Apr variance was $2,448,443 vs plan",r52-0000120,completed,2026-03-05T15:57:27Z,28500
jjohnson@crestviewinsurance.com,Cash Forecaster,What drove the change in gross margin this quarter?,"Accounting Apr variance was $4,046,107 vs plan",r52-0000121,completed,2026-03-05T08:27:45Z,68900
jlopez@crestviewinsurance.com,Revenue Recognizer,Reconcile AP aging over 90 days for US-02,error: connection reset by peer,r52-0000122,completed,2026-03-05T11:28:33Z,1800
jjohnson@crestviewinsurance.com,Journal Entry Reviewer,Reconcile AP aging over 90 days for US-03,"Ops May variance was $1,163,323 vs plan",r52-0000123,completed,2026-03-05T13:48:53Z,68200
mjones@crestviewinsurance.com,Vendor Spend Analyzer,Draft flux commentary for the Feb close,"Accounting Feb variance was $2,594,476 vs plan",r52-0000124,completed,2026-03-05T12:17:29Z,25200
mjones@crestviewinsurance.com,Board Deck Builder,Summarize the Feb variance for entity EU-04,"Treasury Feb variance was $3,716,809 vs plan",r52-0000125,completed,2026-03-05T11:36:32Z,50900
mjones@crestviewinsurance.com,Variance Explainer,What drove the change in gross margin this quarter?,"Accounting Jun variance was $1,499,480 vs plan",r52-0000126,completed,2026-03-05T14:08:27Z,17200
mjones@crestviewinsurance.com,Close Checklist Bot,Draft flux commentary for the Apr close,"FP&A Apr variance was $4,228,503 vs plan",r52-0000127,completed,2026-03-05T20:34:10Z,22000
bmiller@crestviewinsurance.com,Budget vs Actual,Summarize the Apr variance for entity US-08,ERROR: upstream request timed out,r52-0000128,error,2026-03-05T11:17:54Z,1500
kperez@crestviewinsurance.com,Covenant Checker,Check covenant compliance for the revolver,"Accounting Mar variance was $3,296,833 vs plan",r52-0000129,completed,2026-03-05T13:19:36Z,30900
mjones@crestviewinsurance.com,Covenant Checker,Build the board deck cash slide for Jun,"Accounting Jun variance was $1,621,261 vs plan",r52-0000130,completed,2026-03-05T11:43:26Z,35200
jjohnson@crestviewinsurance.com,Budget vs Actual,Summarize the Jan variance for entity EU-05,"Accounting Jan variance was $909,183 vs plan",r52-0000131,completed,2026-03-05T11:37:05Z,75000
jjohnson@crestviewinsurance.com,Variance Explainer,Draft flux commentary for the Feb close,"Ops Feb variance was $3,648,380 vs plan",r52-0000132,completed,2026-03-05T15:47:03Z,56900
jjohnson@crestviewinsurance.com,Cash Forecaster,What drove the change in gross margin this quarter?,"Treasury Mar variance was $4,643,973 vs plan",r52-0000133,completed,2026-03-05T14:08:40Z,22300
mjones@crestviewinsurance.com,Covenant Checker,Explain the headcount variance vs plan,"FP&A May variance was $562,323 vs plan",r52-0000134,completed,2026-03-05T09:14:46Z,36400
mjones@crestviewinsurance.com,Cash Forecaster,Why did Accounting spend exceed budget in Jan?,"Accounting Jan variance was $1,617,692 vs plan",r52-0000135,completed,2026-03-06T16:44:45Z,63700
mjones@crestviewinsurance.com,Journal Entry Reviewer,Why did Accounting spend exceed budget in Apr?,"Accounting Apr variance was $1,995,512 vs plan",r52-0000136,completed,2026-03-06T11:34:59Z,23700
mjones@crestviewinsurance.com,Vendor Spend Analyzer,Summarize the Mar variance for entity US-01,"FP&A Mar variance was $2,348,322 vs plan",r52-0000137,completed,2026-03-06T12:22:12Z,51100
yrobinson@crestviewinsurance.com,Revenue Recognizer,Summarize the Apr variance for entity MX-07,"Treasury Apr variance was $1,807,806 vs plan",r52-0000138,completed,2026-03-06T09:24:25Z,23700
mjones@crestviewinsurance.com,Vendor Spend Analyzer,Draft flux commentary for the Mar close,"Treasury Mar variance was $2,826,439 vs plan",r52-0000139,completed,2026-03-06T17:22:06Z,48400
kmiller@crestviewinsurance.com,Variance Explainer,What drove the change in gross margin this quarter?,"Accounting May variance was $1,886,220 vs plan",r52-0000140,completed,2026-03-06T09:31:34Z,20100
jjohnson@crestviewinsurance.com,Revenue Recognizer,Why did Accounting spend exceed budget in Mar?,"Accounting Mar variance was $3,812,627 vs plan",r52-0000141,completed,2026-03-06T13:14:14Z,30300
jjohnson@crestviewinsurance.com,Journal Entry Reviewer,Why did Treasury spend exceed budget in Jun?,"Treasury Jun variance was $128,645 vs plan",r52-0000142,completed,2026-03-06T14:29:10Z,52000
mjones@crestviewinsurance.com,Close Checklist Bot,Reconcile AP aging over 90 days for EU-09,"Treasury May variance was $2,065,155 vs plan",r52-0000143,completed,2026-03-06T15:19:17Z,31800
drodriguez@crestviewinsurance.com,Close Checklist Bot,Draft flux commentary for the Mar close,"Accounting Mar variance was $3,905,750 vs plan",r52-0000144,completed,2026-03-06T10:39:57Z,30800
fjackson@crestviewinsurance.com,Headcount Planner,Reconcile AP aging over 90 days for MX-01,"Accounting Apr variance was $2,138,072 vs plan",r52-0000145,completed,2026-03-06T13:49:01Z,66500
jwilliams@crestviewinsurance.com,Variance Explainer,Forecast Feb operating cash flow,"Accounting Feb variance was $1,753,983 vs plan",r52-0000146,completed,2026-03-06T09:24:04Z,29800
mjones@crestviewinsurance.com,Flux Commentary,What drove the change in gross margin this quarter?,ERROR: upstream request timed out,r52-0000147,error,2026-03-06T13:16:12Z,4600
mjones@crestviewinsurance.com,AP Aging Analyst,Draft flux commentary for the May close,"Ops May variance was $4,062,185 vs plan",r52-0000148,completed,2026-03-06T14:10:41Z,20900
mjones@crestviewinsurance.com,Revenue Recognizer,Explain the headcount variance vs plan,"Accounting Jun variance was $1,434,012 vs plan",r52-0000149,completed,2026-03-06T12:30:32Z,36000
mjones@crestviewinsurance.com,Covenant Checker,What drove the change in gross margin this quarter?,"Ops May variance was $3,857,083 vs plan",r52-0000150,completed,2026-03-06T15:04:41Z,28500
jjohnson@crestviewinsurance.com,Covenant Checker,Forecast Apr operating cash flow,Traceback (most recent call last): KeyError 'entity',r52-0000151,completed,2026-03-07T14:50:10Z,1000
mjones@crestviewinsurance.com,Flux Commentary,Draft flux commentary for the Jun close,"Ops Jun variance was $3,672,074 vs plan",r52-0000152,completed,2026-03-07T15:09:05Z,53900
jnguyen@crestviewinsurance.com,Budget vs Actual,Forecast Jan operating cash flow,"Treasury Jan variance was $4,693,408 vs plan",r52-0000153,completed,2026-03-07T11:44:35Z,46200
mjones@crestviewinsurance.com,Revenue Recognizer,Forecast May operating cash flow,"Treasury May variance was $4,609,725 vs plan",r52-0000154,completed,2026-03-07T14:39:34Z,44600
mjones@crestviewinsurance.com,Revenue Recognizer,Why did Treasury spend exceed budget in Jan?,Traceback (most recent call last): KeyError 'entity',r52-0000155,error,2026-03-07T11:01:09Z,5800
jjohnson@crestviewinsurance.com,Revenue Recognizer,What drove the change in gross margin this quarter?,"FP&A Mar variance was $414,735 vs plan",r52-0000156,completed,2026-03-07T13:49:12Z,3500
jpatel@crestviewinsurance.com,Variance Explainer,Check covenant compliance for the revolver,"Ops May variance was $320,521 vs plan",r52-0000157,completed,2026-03-07T18:06:43Z,53800
mjones@crestviewinsurance.com,Journal Entry Reviewer,Summarize the Jun variance for entity US-09,"Accounting Jun variance was $3,422,126 vs plan",r52-0000158,completed,2026-03-07T12:53:13Z,50600
kmiller@crestviewinsurance.com,Vendor Spend Analyzer,Why did Accounting spend exceed budget in Apr?,"Accounting Apr variance was $284,879 vs plan",r52-0000159,completed,2026-03-08T14:44:14Z,8000
jjohnson@crestviewinsurance.com,Board Deck Builder,Check covenant compliance for the revolver,"FP&A Feb variance was $877,856 vs plan",r52-0000160,completed,2026-03-08T14:06:57Z,63400
jjohnson@crestviewinsurance.com,Variance Explainer,Reconcile AP aging over 90 days for CA-09,"Accounting Jun variance was $3,582,332 vs plan",r52-0000161,completed,2026-03-08T12:52:54Z,50100
yrobinson@crestviewinsurance.com,Headcount Planner,Build the board deck cash slide for Jun,"Accounting Jun variance was $2,500,932 vs plan",r52-0000162,completed,2026-03-08T14:13:21Z,74700
jjohnson@crestviewinsurance.com,Journal Entry Reviewer,Explain the headcount variance vs plan,Traceback (most recent call last): KeyError 'entity',r52-0000163,completed,2026-03-08T10:48:17Z,1800
yrobinson@crestviewinsurance.com,AP Aging Analyst,What drove the change in gross margin this quarter?,"Treasury Jan variance was $779,567 vs plan",r52-0000164,completed,2026-03-08T12:47:59Z,6100
mjones@crestviewinsurance.com,Journal Entry Reviewer,Check covenant compliance for the revolver,"FP&A Jun variance was $3,643,813 vs plan",r52-0000165,completed,2026-03-09T11:10:40Z,47600
yrobinson@crestviewinsurance.com,Board Deck Builder,Explain the headcount variance vs plan,"Accounting Mar variance was $2,031,875 vs plan",r52-0000166,completed,2026-03-09T14:30:50Z,7600
jjohnson@crestviewinsurance.com,Covenant Checker,Summarize the Jan variance for entity CA-08,"FP&A Jan variance was $303,438 vs plan",r52-0000167,completed,2026-03-09T09:42:30Z,53600
yrobinson@crestviewinsurance.com,Covenant Checker,Why did Accounting spend exceed budget in Jun?,"Accounting Jun variance was $1,207,502 vs plan",r52-0000168,completed,2026-03-09T17:11:32Z,55200
mjones@crestviewinsurance.com,Flux Commentary,Explain the headcount variance vs plan,"FP&A Feb variance was $3,642,747 vs plan",r52-0000169,completed,2026-03-09T12:22:32Z,72100
jjohnson@crestviewinsurance.com,AP Aging Analyst,Forecast Mar operating cash flow,"Ops Mar variance was $1,199,626 vs plan",r52-0000170,completed,2026-03-09T13:31:02Z,58500
yrobinson@crestviewinsurance.com,Close Checklist Bot,What drove the change in gross margin this quarter?,"Accounting May variance was $3,677,871 vs plan",r52-0000171,completed,2026-03-09T10:38:25Z,15200
jjohnson@crestviewinsurance.com,Close Checklist Bot,What drove the change in gross margin this quarter?,Traceback (most recent call last): KeyError 'entity',r52-0000172,completed,2026-03-09T11:17:03Z,700
jjohnson@crestviewinsurance.com,Budget vs Actual,Build the board deck cash slide for Apr,"Accounting Apr variance was $1,231,973 vs plan",r52-0000173,completed,2026-03-09T12:35:42Z,52900
dperez@crestviewinsurance.com,Vendor Spend Analyzer,What drove the change in gross margin this quarter?,Traceback (most recent call last): KeyError 'entity',r52-0000174,completed,2026-03-09T11:42:43Z,600
mjones@crestviewinsurance.com,Close Checklist Bot,Explain the headcount variance vs plan,"Accounting May variance was $554,576 vs plan",r52-0000175,completed,2026-03-09T10:31:10Z,62600
jjohnson@crestviewinsurance.com,Covenant Checker,Build the board deck cash slide for Mar,"Accounting Mar variance was $1,616,772 vs plan",r52-0000176,completed,2026-03-09T10:01:08Z,17700
dhaddad@crestviewinsurance.com,Covenant Checker,Which cost centers are over budget YTD?,"FP&A Feb variance was $2,403,731 vs plan",r52-0000177,completed,2026-03-09T10:21:00Z,13200
mjones@crestviewinsurance.com,Covenant Checker,Forecast Jun operating cash flow,"FP&A Jun variance was $1,017,513 vs plan",r52-0000178,completed,2026-03-09T16:21:16Z,15200
yrobinson@crestviewinsurance.com,Journal Entry Reviewer,Forecast Jan operating cash flow,"Accounting Jan variance was $1,544,157 vs plan",r52-0000179,completed,2026-03-09T10:06:48Z,49200
swilson@crestviewinsurance.com,Board Deck Builder,Reconcile AP aging over 90 days for EU-04,"Accounting Jun variance was $247,285 vs plan",r52-0000180,completed,2026-03-09T10:33:21Z,45000
swilson@crestviewinsurance.com,Close Checklist Bot,Check covenant compliance for the revolver,"Treasury Apr variance was $337,767 vs plan",r52-0000181,completed,2026-03-09T13:18:55Z,71000
jjohnson@crestviewinsurance.com,Flux Commentary,What drove the change in gross margin this quarter?,error: connection reset by peer,r52-0000182,completed,2026-03-09T13:30:17Z,1200
yrobinson@crestviewinsurance.com,Vendor Spend Analyzer,Draft flux commentary for the Jan close,"Ops Jan variance was $4,450,810 vs plan",r52-0000183,completed,2026-03-09T13:59:32Z,73500
mjones@crestviewinsurance.com,AP Aging Analyst,Explain the headcount variance vs plan,"Ops Jan variance was $4,186,284 vs plan",r52-0000184,completed,2026-03-09T15:44:02Z,6600
mjones@crestviewinsurance.com,Flux Commentary,Summarize the Mar variance for entity EU-06,"Accounting Mar variance was $901,638 vs plan",r52-0000185,completed,2026-03-09T16:01:05Z,47800
mjones@crestviewinsurance.com,Flux Commentary,Which cost centers are over budget YTD?,"FP&A May variance was $4,779,585 vs plan",r52-0000186,completed,2026-03-10T12:02:15Z,48700
jjohnson@crestviewinsurance.com,Budget vs Actual,Check covenant compliance for the revolver,"Ops May variance was $2,519,965 vs plan",r52-0000187,completed,2026-03-10T13:57:31Z,62300
yrobinson@crestviewinsurance.com,Covenant Checker,Which cost centers are over budget YTD?,"Ops Apr variance was $1,800,083 vs plan",r52-0000188,completed,2026-03-10T17:51:37Z,9500
jjohnson@crestviewinsurance.com,Board Deck Builder,Reconcile AP aging over 90 days for MX-04,"Accounting Apr variance was $1,844,163 vs plan",r52-0000189,completed,2026-03-10T08:43:40Z,6600
yrobinson@crestviewinsurance.com,Revenue Recognizer,Forecast Feb operating cash flow,"Ops Feb variance was $4,105,921 vs plan",r52-0000190,completed,2026-03-10T15:13:27Z,62100
kmiller@crestviewinsurance.com,Headcount Planner,Summarize the Jan variance for entity CA-09,"FP&A Jan variance was $190,531 vs plan",r52-0000191,completed,2026-03-10T15:41:50Z,66300
jjohnson@crestviewinsurance.com,Budget vs Actual,Draft flux commentary for the May close,"Treasury May variance was $542,911 vs plan",r52-0000192,completed,2026-03-10T10:51:47Z,17900
jlopez@crestviewinsurance.com,Journal Entry Reviewer,Explain the headcount variance vs plan,"Ops Jan variance was $2,137,187 vs plan",r52-0000193,completed,2026-03-10T17:06:40Z,20800
jjohnson@crestviewinsurance.com,Headcount Planner,Forecast Feb operating cash flow,"FP&A Feb variance was $3,596,825 vs plan",r52-0000194,completed,2026-03-10T15:55:59Z,17000
fjackson@crestviewinsurance.com,Covenant Checker,Explain the headcount variance vs plan,"Ops Mar variance was $2,163,011 vs plan",r52-0000195,completed,2026-03-10T17:33:17Z,63800
jjohnson@crestviewinsurance.com,Headcount Planner,Check covenant compliance for the revolver,"FP&A Jun variance was $1,590,667 vs plan",r52-0000196,completed,2026-03-10T13:37:16Z,53000
mjones@crestviewinsurance.com,Revenue Recognizer,What drove the change in gross margin this quarter?,"Accounting Jun variance was $1,275,139 vs plan",r52-0000197,completed,2026-03-10T10:16:05Z,11900
jpatel@crestviewinsurance.com,Variance Explainer,Explain the headcount variance vs plan,"FP&A Mar variance was $2,371,289 vs plan",r52-0000198,completed,2026-03-10T14:05:05Z,16600
mjones@crestviewinsurance.com,Variance Explainer,Why did Ops spend exceed budget in May?,"Ops May variance was $3,212,287 vs plan",r52-0000199,completed,2026-03-10T10:05:53Z,38700
mjones@crestviewinsurance.com,Flux Commentary,Forecast Jan operating cash flow,"FP&A Jan variance was $547,445 vs plan",r52-0000200,completed,2026-03-10T14:40:58Z,29000
jjohnson@crestviewinsurance.com,Close Checklist Bot,Summarize the Feb variance for entity EU-03,"Accounting Feb variance was $314,802 vs plan",r52-0000201,completed,2026-03-10T11:47:10Z,35000
dperez@crestviewinsurance.com,Vendor Spend Analyzer,Forecast Feb operating cash flow,"Accounting Feb variance was $1,495,772 vs plan",r52-0000202,completed,2026-03-10T10:22:23Z,57600
jjohnson@crestviewinsurance.com,Headcount Planner,Build the board deck cash slide for Apr,"FP&A Apr variance was $1,875,585 vs plan",r52-0000203,completed,2026-03-10T16:24:11Z,70100
yrobinson@crestviewinsurance.com,AP Aging Analyst,Reconcile AP aging over 90 days for EU-01,"Accounting Jun variance was $3,776,155 vs plan",r52-0000204,completed,2026-03-10T13:20:55Z,73100
mjones@crestviewinsurance.com,Headcount Planner,Which cost centers are over budget YTD?,"Treasury Apr variance was $2,584,651 vs plan",r52-0000205,completed,2026-03-10T08:21:49Z,56700
jpatel@crestviewinsurance.com,Variance Explainer,Which cost centers are over budget YTD?,"FP&A May variance was $3,299,481 vs plan",r52-0000206,completed,2026-03-10T17:31:54Z,21600
mjones@crestviewinsurance.com,Headcount Planner,Build the board deck cash slide for Jun,"FP&A Jun variance was $2,632,636 vs plan",r52-0000207,completed,2026-03-10T12:54:41Z,48100
yrobinson@crestviewinsurance.com,Flux Commentary,Build the board deck cash slide for Jun,"Treasury Jun variance was $227,227 vs plan",r52-0000208,completed,2026-03-10T14:27:12Z,22200
yrobinson@crestviewinsurance.com,Close Checklist Bot,Reconcile AP aging over 90 days for EU-03,"Ops Feb variance was $3,668,897 vs plan",r52-0000209,completed,2026-03-10T13:23:56Z,5700
jjohnson@crestviewinsurance.com,Covenant Checker,Check covenant compliance for the revolver,"FP&A Mar variance was $994,866 vs plan",r52-0000210,completed,2026-03-10T09:50:23Z,54300
jjohnson@crestviewinsurance.com,Flux Commentary,Draft flux commentary for the Feb close,"FP&A Feb variance was $3,268,341 vs plan",r52-0000211,completed,2026-03-10T13:25:36Z,26700
jjohnson@crestviewinsurance.com,Vendor Spend Analyzer,Summarize the Jan variance for entity US-09,error: connection reset by peer,r52-0000212,completed,2026-03-10T09:44:35Z,700
jbrown@crestviewinsurance.com,Board Deck Builder,Check covenant compliance for the revolver,error: connection reset by peer,r52-0000213,completed,2026-03-10T08:43:34Z,1800
kmiller@crestviewinsurance.com,Cash Forecaster,Forecast Apr operating cash flow,"FP&A Apr variance was $3,739,006 vs plan",r52-0000214,completed,2026-03-10T14:09:00Z,8100
mjones@crestviewinsurance.com,Journal Entry Reviewer,Forecast Feb operating cash flow,"Accounting Feb variance was $1,028,166 vs plan",r52-0000215,completed,2026-03-10T07:30:03Z,13300
jjohnson@crestviewinsurance.com,Revenue Recognizer,Forecast Mar operating cash flow,"Accounting Mar variance was $185,457 vs plan",r52-0000216,completed,2026-03-10T12:16:20Z,24600
mjones@crestviewinsurance.com,Board Deck Builder,Why did FP&A spend exceed budget in Jun?,Traceback (most recent call last): KeyError 'entity',r52-0000217,completed,2026-03-10T10:52:38Z,1800
jnguyen@crestviewinsurance.com,Revenue Recognizer,Which cost centers are over budget YTD?,FAILED: null reference in aggregation step,r52-0000218,completed,2026-03-10T08:07:47Z,1100
yrobinson@crestviewinsurance.com,Flux Commentary,Reconcile AP aging over 90 days for CA-07,"Treasury Apr variance was $684,469 vs plan",r52-0000219,completed,2026-03-10T11:53:27Z,33300
jjohnson@crestviewinsurance.com,Flux Commentary,Forecast May operating cash flow,error code 502 from model gateway,r52-0000220,completed,2026-03-11T14:40:58Z,1700
jnguyen@crestviewinsurance.com,Flux Commentary,Which cost centers are over budget YTD?,"FP&A Jun variance was $3,089,012 vs plan",r52-0000221,completed,2026-03-11T10:00:13Z,56000
jjohnson@crestviewinsurance.com,Cash Forecaster,What drove the change in gross margin this quarter?,"Ops Jan variance was $931,613 vs plan",r52-0000222,completed,2026-03-11T15:59:08Z,48500
jjohnson@crestviewinsurance.com,Cash Forecaster,Which cost centers are over budget YTD?,"Treasury Jun variance was $1,266,972 vs plan",r52-0000223,completed,2026-03-11T08:25:52Z,52100
jjohnson@crestviewinsurance.com,Covenant Checker,Check covenant compliance for the revolver,"FP&A May variance was $4,262,772 vs plan",r52-0000224,completed,2026-03-11T09:48:00Z,37700
yrobinson@crestviewinsurance.com,Revenue Recognizer,Check covenant compliance for the revolver,"Ops Jan variance was $1,454,034 vs plan",r52-0000225,completed,2026-03-11T07:30:47Z,59700
jjohnson@crestviewinsurance.com,Close Checklist Bot,Check covenant compliance for the revolver,"Ops May variance was $847,256 vs plan",r52-0000226,completed,2026-03-11T10:56:19Z,17600
kmiller@crestviewinsurance.com,Budget vs Actual,Build the board deck cash slide for May,"Ops May variance was $2,279,450 vs plan",r52-0000227,completed,2026-03-11T12:54:24Z,73700
jjohnson@crestviewinsurance.com,Covenant Checker,Summarize the Jan variance for entity US-01,"Treasury Jan variance was $1,585,505 vs plan",r52-0000228,completed,2026-03-11T11:39:48Z,65600
mjones@crestviewinsurance.com,AP Aging Analyst,Which cost centers are over budget YTD?,"FP&A Mar variance was $110,804 vs plan",r52-0000229,completed,2026-03-11T14:01:28Z,32000
mwalker@crestviewinsurance.com,Board Deck Builder,Explain the headcount variance vs plan,"Ops Feb variance was $1,862,546 vs plan",r52-0000230,completed,2026-03-11T15:11:43Z,51500
mjones@crestviewinsurance.com,Vendor Spend Analyzer,Build the board deck cash slide for Jan,"Treasury Jan variance was $2,361,332 vs plan",r52-0000231,completed,2026-03-11T16:05:45Z,12300
yrobinson@crestviewinsurance.com,Journal Entry Reviewer,Check covenant compliance for the revolver,error: connection reset by peer,r52-0000232,error,2026-03-11T12:54:47Z,1800
kmiller@crestviewinsurance.com,Variance Explainer,Check covenant compliance for the revolver,"FP&A Feb variance was $3,182,606 vs plan",r52-0000233,completed,2026-03-11T11:06:38Z,24700
mjones@crestviewinsurance.com,Revenue Recognizer,Forecast May operating cash flow,"Accounting May variance was $1,956,216 vs plan",r52-0000234,completed,2026-03-11T13:20:56Z,16500
mwalker@crestviewinsurance.com,Flux Commentary,Forecast Feb operating cash flow,"Accounting Feb variance was $1,921,457 vs plan",r52-0000235,completed,2026-03-11T15:42:32Z,6600
mjones@crestviewinsurance.com,Close Checklist Bot,Draft flux commentary for the Feb close,"Ops Feb variance was $2,167,790 vs plan",r52-0000236,completed,2026-03-11T16:02:51Z,24700
yrobinson@crestviewinsurance.com,Board Deck Builder,Reconcile AP aging over 90 days for CA-08,"Accounting May variance was $2,440,351 vs plan",r52-0000237,completed,2026-03-11T10:30:22Z,55200
jwilliams@crestviewinsurance.com,Variance Explainer,Reconcile AP aging over 90 days for CA-04,"Ops Mar variance was $580,860 vs plan",r52-0000238,completed,2026-03-11T07:24:37Z,41300
yrobinson@crestviewinsurance.com,Headcount Planner,Draft flux commentary for the Jun close,"Treasury Jun variance was $3,737,637 vs plan",r52-0000239,completed,2026-03-11T16:11:19Z,13900
jjohnson@crestviewinsurance.com,Cash Forecaster,Check covenant compliance for the revolver,"Treasury Mar variance was $1,823,581 vs plan",r52-0000240,completed,2026-03-11T18:35:10Z,5000
jjohnson@crestviewinsurance.com,AP Aging Analyst,Build the board deck cash slide for Apr,"Ops Apr variance was $4,193,206 vs plan",r52-0000241,completed,2026-03-11T14:13:44Z,18300
jrobinson@crestviewinsurance.com,Cash Forecaster,What drove the change in gross margin this quarter?,"FP&A May variance was $2,837,844 vs plan",r52-0000242,completed,2026-03-11T15:24:18Z,50700
yrobinson@crestviewinsurance.com,Covenant Checker,Draft flux commentary for the Mar close,"Ops Mar variance was $1,712,318 vs plan",r52-0000243,completed,2026-03-11T09:00:57Z,57600
mjones@crestviewinsurance.com,Budget vs Actual,Which cost centers are over budget YTD?,"FP&A Jun variance was $205,516 vs plan",r52-0000244,completed,2026-03-11T11:00:31Z,37000
mjones@crestviewinsurance.com,Cash Forecaster,What drove the change in gross margin this quarter?,"Treasury Feb variance was $3,999,014 vs plan",r52-0000245,completed,2026-03-11T14:35:51Z,9400
jkim@crestviewinsurance.com,Close Checklist Bot,Draft flux commentary for the Apr close,"Accounting Apr variance was $4,794,839 vs plan",r52-0000246,completed,2026-03-11T13:14:12Z,39900
dperez@crestviewinsurance.com,Covenant Checker,Which cost centers are over budget YTD?,"Accounting Jan variance was $2,520,759 vs plan",r52-0000247,completed,2026-03-11T16:41:27Z,28900
jwilliams@crestviewinsurance.com,Headcount Planner,Reconcile AP aging over 90 days for MX-04,"Accounting Jan variance was $2,099,000 vs plan",r52-0000248,completed,2026-03-11T15:22:05Z,56600
kmiller@crestviewinsurance.com,Budget vs Actual,Reconcile AP aging over 90 days for US-03,"Treasury Mar variance was $2,743,177 vs plan",r52-0000249,completed,2026-03-11T12:31:22Z,11800
yrobinson@crestviewinsurance.com,Journal Entry Reviewer,Which cost centers are over budget YTD?,"Ops Mar variance was $2,105,128 vs plan",r52-0000250,completed,2026-03-11T12:52:47Z,54000
jbrown@crestviewinsurance.com,Covenant Checker,Summarize the Jan variance for entity US-05,"Ops Jan variance was $4,622,390 vs plan",r52-0000251,completed,2026-03-11T12:22:03Z,9500
sgonzalez@crestviewinsurance.com,Covenant Checker,Build the board deck cash slide for Jan,"FP&A Jan variance was $3,154,296 vs plan",r52-0000252,completed,2026-03-11T10:48:01Z,30300
jjohnson@crestviewinsurance.com,Headcount Planner,Why did Treasury spend exceed budget in Mar?,"Treasury Mar variance was $3,263,908 vs plan",r52-0000253,completed,2026-03-11T12:38:42Z,51000
jjohnson@crestviewinsurance.com,Journal Entry Reviewer,Check covenant compliance for the revolver,"Ops May variance was $2,592,075 vs plan",r52-0000254,completed,2026-03-12T16:38:17Z,7300
dperez@crestviewinsurance.com,Variance Explainer,Forecast Feb operating cash flow,"FP&A Feb variance was $4,133,046 vs plan",r52-0000255,completed,2026-03-12T10:10:14Z,48300
mjones@crestviewinsurance.com,Covenant Checker,Which cost centers are over budget YTD?,"FP&A Apr variance was $969,344 vs plan",r52-0000256,completed,2026-03-12T17:03:32Z,28500
mjones@crestviewinsurance.com,Close Checklist Bot,What drove the change in gross margin this quarter?,error: connection reset by peer,r52-0000257,error,2026-03-12T16:48:33Z,2900
jjohnson@crestviewinsurance.com,Revenue Recognizer,Check covenant compliance for the revolver,"Ops Feb variance was $1,067,691 vs plan",r52-0000258,completed,2026-03-12T09:37:17Z,24000
jjohnson@crestviewinsurance.com,Cash Forecaster,Summarize the Jan variance for entity US-06,"Accounting Jan variance was $296,680 vs plan",r52-0000259,completed,2026-03-12T12:32:18Z,74600
yrobinson@crestviewinsurance.com,Board Deck Builder,Build the board deck cash slide for Feb,"FP&A Feb variance was $4,007,108 vs plan",r52-0000260,completed,2026-03-12T13:47:13Z,53600
kmiller@crestviewinsurance.com,Board Deck Builder,Forecast Jun operating cash flow,FAILED: null reference in aggregation step,r52-0000261,error,2026-03-12T15:55:29Z,1300
mjones@crestviewinsurance.com,Variance Explainer,Explain the headcount variance vs plan,"FP&A Feb variance was $1,924,884 vs plan",r52-0000262,completed,2026-03-12T11:08:19Z,19200
bmiller@crestviewinsurance.com,Budget vs Actual,Which cost centers are over budget YTD?,"Ops Apr variance was $2,627,084 vs plan",r52-0000263,completed,2026-03-12T14:17:23Z,45200
jjohnson@crestviewinsurance.com,Covenant Checker,Why did Treasury spend exceed budget in May?,Traceback (most recent call last): KeyError 'entity',r52-0000264,completed,2026-03-12T14:29:59Z,800
swilson@crestviewinsurance.com,Variance Explainer,What drove the change in gross margin this quarter?,"FP&A May variance was $2,424,014 vs plan",r52-0000265,completed,2026-03-12T19:28:19Z,36400
swilson@crestviewinsurance.com,AP Aging Analyst,Which cost centers are over budget YTD?,"Treasury Jan variance was $1,339,185 vs plan",r52-0000266,completed,2026-03-12T14:44:00Z,72900
jjohnson@crestviewinsurance.com,AP Aging Analyst,Explain the headcount variance vs plan,error: connection reset by peer,r52-0000267,completed,2026-03-12T06:51:55Z,400
mjones@crestviewinsurance.com,Flux Commentary,What drove the change in gross margin this quarter?,error: connection reset by peer,r52-0000268,completed,2026-03-12T13:53:12Z,600
yrobinson@crestviewinsurance.com,Headcount Planner,Draft flux commentary for the Jun close,"FP&A Jun variance was $3,467,156 vs plan",r52-0000269,completed,2026-03-12T13:32:15Z,43200
fjackson@crestviewinsurance.com,Revenue Recognizer,Summarize the Apr variance for entity US-05,"FP&A Apr variance was $2,286,132 vs plan",r52-0000270,completed,2026-03-12T12:14:24Z,53300
yrobinson@crestviewinsurance.com,Close Checklist Bot,What drove the change in gross margin this quarter?,"Ops May variance was $4,260,034 vs plan",r52-0000271,completed,2026-03-12T13:57:06Z,54100
dhaddad@crestviewinsurance.com,AP Aging Analyst,Forecast Apr operating cash flow,"Ops Apr variance was $1,975,768 vs plan",r52-0000272,completed,2026-03-12T15:34:49Z,21900
mjones@crestviewinsurance.com,Budget vs Actual,Forecast Jun operating cash flow,"Ops Jun variance was $4,713,974 vs plan",r52-0000273,completed,2026-03-12T12:45:24Z,34400
jjohnson@crestviewinsurance.com,Board Deck Builder,Which cost centers are over budget YTD?,"FP&A May variance was $1,956,520 vs plan",r52-0000274,completed,2026-03-12T13:30:47Z,12600
swilson@crestviewinsurance.com,Vendor Spend Analyzer,Explain the headcount variance vs plan,"Ops Apr variance was $3,413,412 vs plan",r52-0000275,completed,2026-03-12T15:04:33Z,67300
dperez@crestviewinsurance.com,Headcount Planner,Build the board deck cash slide for Jan,"FP&A Jan variance was $3,226,879 vs plan",r52-0000276,completed,2026-03-12T06:40:41Z,50900
mtaylor@crestviewinsurance.com,Revenue Recognizer,What drove the change in gross margin this quarter?,"FP&A Mar variance was $4,429,154 vs plan",r52-0000277,completed,2026-03-12T16:05:49Z,9700
jjohnson@crestviewinsurance.com,Flux Commentary,Reconcile AP aging over 90 days for MX-04,"FP&A Mar variance was $4,737,599 vs plan",r52-0000278,completed,2026-03-12T13:03:13Z,29000
jjohnson@crestviewinsurance.com,Close Checklist Bot,Which cost centers are over budget YTD?,"Treasury Apr variance was $59,035 vs plan",r52-0000279,completed,2026-03-12T13:25:02Z,71400
mjones@crestviewinsurance.com,Board Deck Builder,Check covenant compliance for the revolver,"Accounting Feb variance was $4,580,291 vs plan",r52-0000280,completed,2026-03-12T11:05:34Z,13600
swilson@crestviewinsurance.com,Vendor Spend Analyzer,Forecast May operating cash flow,"Treasury May variance was $2,962,165 vs plan",r52-0000281,completed,2026-03-12T09:11:26Z,36200
jnguyen@crestviewinsurance.com,Vendor Spend Analyzer,Why did Treasury spend exceed budget in Apr?,"Treasury Apr variance was $4,191,313 vs plan",r52-0000282,completed,2026-03-12T13:12:01Z,9900
mjones@crestviewinsurance.com,Headcount Planner,Forecast Mar operating cash flow,"Accounting Mar variance was $1,475,186 vs plan",r52-0000283,completed,2026-03-12T13:54:22Z,42200
mjones@crestviewinsurance.com,Vendor Spend Analyzer,Summarize the Jan variance for entity US-09,"Ops Jan variance was $4,359,199 vs plan",r52-0000284,completed,2026-03-12T12:53:30Z,52800
jbrown@crestviewinsurance.com,Close Checklist Bot,Explain the headcount variance vs plan,Traceback (most recent call last): KeyError 'entity',r52-0000285,completed,2026-03-13T18:39:08Z,1700
jjohnson@crestviewinsurance.com,AP Aging Analyst,Build the board deck cash slide for Jun,error code 502 from model gateway,r52-0000286,completed,2026-03-13T13:54:45Z,1900
jjohnson@crestviewinsurance.com,Board Deck Builder,Reconcile AP aging over 90 days for MX-04,"Accounting Jan variance was $3,994,934 vs plan",r52-0000287,completed,2026-03-13T09:32:40Z,38300
jjohnson@crestviewinsurance.com,Vendor Spend Analyzer,Which cost centers are over budget YTD?,"Treasury Feb variance was $4,148,462 vs plan",r52-0000288,completed,2026-03-13T07:02:19Z,26500
jjohnson@crestviewinsurance.com,Budget vs Actual,Build the board deck cash slide for Feb,"FP&A Feb variance was $2,920,402 vs plan",r52-0000289,completed,2026-03-13T10:47:52Z,19800
jjohnson@crestviewinsurance.com,Variance Explainer,Draft flux commentary for the Feb close,"Accounting Feb variance was $118,814 vs plan",r52-0000290,completed,2026-03-13T10:52:43Z,72100
kmiller@crestviewinsurance.com,Journal Entry Reviewer,Summarize the May variance for entity US-06,"Ops May variance was $327,882 vs plan",r52-0000291,completed,2026-03-13T12:06:50Z,55900
mjones@crestviewinsurance.com,Cash Forecaster,Reconcile AP aging over 90 days for US-02,"FP&A Feb variance was $1,796,944 vs plan",r52-0000292,completed,2026-03-13T17:12:29Z,71500
mjones@crestviewinsurance.com,Journal Entry Reviewer,Explain the headcount variance vs plan,Traceback (most recent call last): KeyError 'entity',r52-0000293,completed,2026-03-13T07:00:15Z,700
mjones@crestviewinsurance.com,AP Aging Analyst,Draft flux commentary for the May close,"Accounting May variance was $590,538 vs plan",r52-0000294,completed,2026-03-13T12:49:25Z,37000
sgonzalez@crestviewinsurance.com,Close Checklist Bot,Which cost centers are over budget YTD?,"Accounting Apr variance was $4,654,496 vs plan",r52-0000295,completed,2026-03-13T18:55:35Z,70000
mjones@crestviewinsurance.com,Journal Entry Reviewer,Reconcile AP aging over 90 days for EU-06,"Accounting Feb variance was $1,626,077 vs plan",r52-0000296,completed,2026-03-13T12:10:08Z,65500
jjohnson@crestviewinsurance.com,Cash Forecaster,Why did Accounting spend exceed budget in Jan?,"Accounting Jan variance was $1,261,108 vs plan",r52-0000297,completed,2026-03-13T12:18:36Z,34500
lwilson@crestviewinsurance.com,Revenue Recognizer,Draft flux commentary for the Jun close,"Treasury Jun variance was $351,400 vs plan",r52-0000298,completed,2026-03-13T18:05:57Z,61700
jjohnson@crestviewinsurance.com,Cash Forecaster,Forecast Jun operating cash flow,"Ops Jun variance was $2,820,906 vs plan",r52-0000299,completed,2026-03-13T10:40:02Z,10500
mjones@crestviewinsurance.com,Budget vs Actual,Build the board deck cash slide for Feb,"Accounting Feb variance was $3,620,699 vs plan",r52-0000300,completed,2026-03-13T11:48:11Z,61300
jjohnson@crestviewinsurance.com,Revenue Recognizer,What drove the change in gross margin this quarter?,Traceback (most recent call last): KeyError 'entity',r52-0000301,completed,2026-03-13T09:31:10Z,300
dhaddad@crestviewinsurance.com,Close Checklist Bot,Explain the headcount variance vs plan,"Ops Jan variance was $3,522,489 vs plan",r52-0000302,completed,2026-03-13T16:21:53Z,48600
jjohnson@crestviewinsurance.com,Flux Commentary,Build the board deck cash slide for Mar,"Treasury Mar variance was $4,262,110 vs plan",r52-0000303,completed,2026-03-13T17:21:37Z,25500
kmiller@crestviewinsurance.com,Headcount Planner,Check covenant compliance for the revolver,"FP&A Apr variance was $1,491,947 vs plan",r52-0000304,completed,2026-03-13T15:54:05Z,44400
jjohnson@crestviewinsurance.com,Vendor Spend Analyzer,Which cost centers are over budget YTD?,"FP&A Mar variance was $3,797,538 vs plan",r52-0000305,completed,2026-03-13T13:24:25Z,56900
yrobinson@crestviewinsurance.com,Journal Entry Reviewer,What drove the change in gross margin this quarter?,FAILED: null reference in aggregation step,r52-0000306,completed,2026-03-13T13:24:24Z,1300
jjohnson@crestviewinsurance.com,Budget vs Actual,Draft flux commentary for the Feb close,"Treasury Feb variance was $2,048,327 vs plan",r52-0000307,completed,2026-03-13T14:03:29Z,6200
mjones@crestviewinsurance.com,Flux Commentary,Build the board deck cash slide for Apr,"Accounting Apr variance was $2,998,575 vs plan",r52-0000308,completed,2026-03-13T13:06:41Z,57600
mjones@crestviewinsurance.com,Headcount Planner,What drove the change in gross margin this quarter?,"FP&A Mar variance was $358,773 vs plan",r52-0000309,completed,2026-03-13T10:43:22Z,21100
dperez@crestviewinsurance.com,Variance Explainer,What drove the change in gross margin this quarter?,Traceback (most recent call last): KeyError 'entity',r52-0000310,completed,2026-03-13T11:41:39Z,900
jjohnson@crestviewinsurance.com,AP Aging Analyst,Check covenant compliance for the revolver,"Treasury Apr variance was $3,125,667 vs plan",r52-0000311,completed,2026-03-13T14:42:56Z,9000
jjohnson@crestviewinsurance.com,Variance Explainer,What drove the change in gross margin this quarter?,"Treasury Feb variance was $4,285,266 vs plan",r52-0000312,completed,2026-03-13T15:01:45Z,56800
kperez@crestviewinsurance.com,Journal Entry Reviewer,Why did FP&A spend exceed budget in May?,error: connection reset by peer,r52-0000313,completed,2026-03-13T16:30:48Z,1200
yrobinson@crestviewinsurance.com,Revenue Recognizer,Draft flux commentary for the May close,"Ops May variance was $1,482,016 vs plan",r52-0000314,completed,2026-03-13T13:48:05Z,4800
yrobinson@crestviewinsurance.com,Flux Commentary,Reconcile AP aging over 90 days for MX-01,"Accounting May variance was $2,724,191 vs plan",r52-0000315,completed,2026-03-13T13:04:37Z,18500
dhaddad@crestviewinsurance.com,AP Aging Analyst,Draft flux commentary for the Apr close,"FP&A Apr variance was $531,650 vs plan",r52-0000316,completed,2026-03-14T13:40:31Z,7400
dhaddad@crestviewinsurance.com,Journal Entry Reviewer,Summarize the Mar variance for entity CA-07,error code 502 from model gateway,r52-0000317,completed,2026-03-14T09:10:44Z,900
jjohnson@crestviewinsurance.com,Budget vs Actual,Check covenant compliance for the revolver,"Treasury Apr variance was $3,116,550 vs plan",r52-0000318,completed,2026-03-14T12:06:38Z,52600
yrobinson@crestviewinsurance.com,Revenue Recognizer,Reconcile AP aging over 90 days for MX-04,"Treasury Apr variance was $2,195,453 vs plan",r52-0000319,completed,2026-03-14T09:40:50Z,3000
swilson@crestviewinsurance.com,Headcount Planner,Which cost centers are over budget YTD?,"FP&A Jan variance was $353,210 vs plan",r52-0000320,completed,2026-03-14T11:45:10Z,31700
jjohnson@crestviewinsurance.com,Close Checklist Bot,Forecast Apr operating cash flow,"Treasury Apr variance was $3,750,784 vs plan",r52-0000321,completed,2026-03-14T13:10:31Z,20400
swilson@crestviewinsurance.com,Journal Entry Reviewer,Which cost centers are over budget YTD?,"Accounting May variance was $645,711 vs plan",r52-0000322,completed,2026-03-14T13:10:29Z,65900
mjones@crestviewinsurance.com,Covenant Checker,Why did Accounting spend exceed budget in May?,"Accounting May variance was $3,396,968 vs plan",r52-0000323,completed,2026-03-15T09:02:09Z,32900
jnguyen@crestviewinsurance.com,Covenant Checker,Draft flux commentary for the Jun close,"FP&A Jun variance was $3,578,477 vs plan",r52-0000324,completed,2026-03-15T13:57:24Z,8500
mjones@crestviewinsurance.com,Close Checklist Bot,Reconcile AP aging over 90 days for US-04,"Ops Mar variance was $4,317,500 vs plan",r52-0000325,completed,2026-03-15T09:15:30Z,8400
jjohnson@crestviewinsurance.com,Budget vs Actual,Build the board deck cash slide for Jun,"Ops Jun variance was $29,001 vs plan",r52-0000326,completed,2026-03-15T12:37:06Z,57600
jjohnson@crestviewinsurance.com,Revenue Recognizer,Explain the headcount variance vs plan,Traceback (most recent call last): KeyError 'entity',r52-0000327,completed,2026-03-15T14:33:29Z,1200
jjohnson@crestviewinsurance.com,Budget vs Actual,What drove the change in gross margin this quarter?,"Accounting Jan variance was $2,866,476 vs plan",r52-0000328,completed,2026-03-15T11:37:57Z,29200
jjohnson@crestviewinsurance.com,Flux Commentary,Check covenant compliance for the revolver,"Treasury May variance was $4,306,357 vs plan",r52-0000329,completed,2026-03-15T19:59:53Z,20100
kmiller@crestviewinsurance.com,AP Aging Analyst,Forecast May operating cash flow,"Accounting May variance was $3,695,299 vs plan",r52-0000330,completed,2026-03-15T16:19:58Z,9300
mjones@crestviewinsurance.com,Variance Explainer,Reconcile AP aging over 90 days for EU-02,ERROR: upstream request timed out,r52-0000331,completed,2026-03-16T14:39:04Z,500
mjones@crestviewinsurance.com,Close Checklist Bot,Why did Treasury spend exceed budget in Jun?,"Treasury Jun variance was $83,673 vs plan",r52-0000332,completed,2026-03-16T14:04:53Z,69000
mjones@crestviewinsurance.com,AP Aging Analyst,Summarize the Feb variance for entity US-07,"Ops Feb variance was $2,361,264 vs plan",r52-0000333,completed,2026-03-16T10:30:34Z,22600
mjones@crestviewinsurance.com,AP Aging Analyst,Forecast Feb operating cash flow,"Treasury Feb variance was $1,987,094 vs plan",r52-0000334,completed,2026-03-16T16:40:05Z,26000
jjohnson@crestviewinsurance.com,Vendor Spend Analyzer,Draft flux commentary for the Feb close,Traceback (most recent call last): KeyError 'entity',r52-0000335,completed,2026-03-16T13:44:21Z,1000
jjohnson@crestviewinsurance.com,Budget vs Actual,Build the board deck cash slide for Feb,"FP&A Feb variance was $1,266,310 vs plan",r52-0000336,completed,2026-03-16T12:54:40Z,15200
mjones@crestviewinsurance.com,Board Deck Builder,Draft flux commentary for the Apr close,"Accounting Apr variance was $4,731,284 vs plan",r52-0000337,completed,2026-03-16T13:20:13Z,15100
mjones@crestviewinsurance.com,Budget vs Actual,Why did Ops spend exceed budget in Jan?,"Ops Jan variance was $2,014,223 vs plan",r52-0000338,completed,2026-03-16T15:37:45Z,36900
kmiller@crestviewinsurance.com,Board Deck Builder,Check covenant compliance for the revolver,"Treasury Jan variance was $896,777 vs plan",r52-0000339,completed,2026-03-16T19:56:37Z,21400
mjones@crestviewinsurance.com,Vendor Spend Analyzer,Why did Ops spend exceed budget in Apr?,"Ops Apr variance was $4,035,148 vs plan",r52-0000340,completed,2026-03-16T12:13:08Z,51800
yrobinson@crestviewinsurance.com,Vendor Spend Analyzer,Why did Accounting spend exceed budget in Apr?,"Accounting Apr variance was $2,696,228 vs plan",r52-0000341,completed,2026-03-16T12:17:18Z,31900
mtaylor@crestviewinsurance.com,Flux Commentary,Reconcile AP aging over 90 days for MX-04,FAILED: null reference in aggregation step,r52-0000342,error,2026-03-16T16:54:25Z,5800
jjohnson@crestviewinsurance.com,Vendor Spend Analyzer,Draft flux commentary for the Feb close,"Accounting Feb variance was $4,017,726 vs plan",r52-0000343,completed,2026-03-16T10:59:35Z,28600
mjones@crestviewinsurance.com,Cash Forecaster,Explain the headcount variance vs plan,"Ops Jan variance was $1,943,302 vs plan",r52-0000344,completed,2026-03-16T12:32:04Z,7600
mjones@crestviewinsurance.com,Covenant Checker,What drove the change in gross margin this quarter?,"Treasury May variance was $1,258,067 vs plan",r52-0000345,completed,2026-03-16T19:47:01Z,15800
mjones@crestviewinsurance.com,Close Checklist Bot,What drove the change in gross margin this quarter?,"Accounting Jan variance was $3,731,309 vs plan",r52-0000346,completed,2026-03-16T17:16:41Z,26500
jjohnson@crestviewinsurance.com,Covenant Checker,Forecast Jan operating cash flow,"Treasury Jan variance was $4,233,945 vs plan",r52-0000347,completed,2026-03-16T13:39:48Z,9500
mjones@crestviewinsurance.com,Cash Forecaster,Summarize the May variance for entity CA-04,"FP&A May variance was $1,404,364 vs plan",r52-0000348,completed,2026-03-16T16:41:13Z,23600
jjohnson@crestviewinsurance.com,AP Aging Analyst,Forecast Feb operating cash flow,"Accounting Feb variance was $1,246,117 vs plan",r52-0000349,completed,2026-03-16T17:15:59Z,67900
mjones@crestviewinsurance.com,Variance Explainer,Reconcile AP aging over 90 days for CA-08,"Accounting Mar variance was $2,847,020 vs plan",r52-0000350,completed,2026-03-16T14:28:17Z,66600
jwilliams@crestviewinsurance.com,Close Checklist Bot,Summarize the Jun variance for entity MX-04,"Accounting Jun variance was $4,011,888 vs plan",r52-0000351,completed,2026-03-16T09:49:49Z,18100
mjones@crestviewinsurance.com,Budget vs Actual,Which cost centers are over budget YTD?,"Treasury Mar variance was $3,184,939 vs plan",r52-0000352,completed,2026-03-16T14:47:10Z,33500
dperez@crestviewinsurance.com,Revenue Recognizer,What drove the change in gross margin this quarter?,"Ops Apr variance was $4,577,404 vs plan",r52-0000353,completed,2026-03-16T12:36:19Z,52500
mjones@crestviewinsurance.com,Variance Explainer,Summarize the Mar variance for entity CA-01,"Accounting Mar variance was $572,275 vs plan",r52-0000354,completed,2026-03-16T12:11:07Z,23700
jjohnson@crestviewinsurance.com,Flux Commentary,Which cost centers are over budget YTD?,FAILED: null reference in aggregation step,r52-0000355,completed,2026-03-16T11:55:56Z,800
sgonzalez@crestviewinsurance.com,Journal Entry Reviewer,Explain the headcount variance vs plan,"Ops Feb variance was $3,906,207 vs plan",r52-0000356,completed,2026-03-16T14:58:17Z,48800
jkim@crestviewinsurance.com,Cash Forecaster,Why did FP&A spend exceed budget in Apr?,"FP&A Apr variance was $1,779,735 vs plan",r52-0000357,completed,2026-03-17T12:07:44Z,46000
dperez@crestviewinsurance.com,Budget vs Actual,What drove the change in gross margin this quarter?,"Accounting Apr variance was $1,277,278 vs plan",r52-0000358,completed,2026-03-17T13:25:54Z,38900
mjones@crestviewinsurance.com,Cash Forecaster,Build the board deck cash slide for Feb,"Accounting Feb variance was $1,688,063 vs plan",r52-0000359,completed,2026-03-17T13:37:07Z,41500
yrobinson@crestviewinsurance.com,Journal Entry Reviewer,Forecast Jan operating cash flow,"Treasury Jan variance was $1,203,502 vs plan",r52-0000360,completed,2026-03-17T12:29:52Z,48000
mjones@crestviewinsurance.com,Board Deck Builder,What drove the change in gross margin this quarter?,"Accounting Feb variance was $2,399,476 vs plan",r52-0000361,completed,2026-03-17T13:57:50Z,47000
djohnson@crestviewinsurance.com,Close Checklist Bot,Check covenant compliance for the revolver,"FP&A Feb variance was $3,181,318 vs plan",r52-0000362,completed,2026-03-17T10:30:41Z,65200
yrobinson@crestviewinsurance.com,Vendor Spend Analyzer,Which cost centers are over budget YTD?,"Accounting Feb variance was $606,501 vs plan",r52-0000363,completed,2026-03-17T08:10:09Z,23600
kmiller@crestviewinsurance.com,Revenue Recognizer,Check covenant compliance for the revolver,"Treasury Jun variance was $1,984,127 vs plan",r52-0000364,completed,2026-03-17T11:26:24Z,38800
jjohnson@crestviewinsurance.com,Journal Entry Reviewer,Build the board deck cash slide for Apr,"Accounting Apr variance was $1,936,674 vs plan",r52-0000365,completed,2026-03-17T11:46:53Z,6300
jkim@crestviewinsurance.com,AP Aging Analyst,Draft flux commentary for the Mar close,"Treasury Mar variance was $1,018,570 vs plan",r52-0000366,completed,2026-03-17T06:36:51Z,41800
jnguyen@crestviewinsurance.com,Flux Commentary,What drove the change in gross margin this quarter?,"Treasury Jan variance was $2,710,975 vs plan",r52-0000367,completed,2026-03-17T06:26:00Z,52000
jjohnson@crestviewinsurance.com,Flux Commentary,What drove the change in gross margin this quarter?,"FP&A Jan variance was $635,991 vs plan",r52-0000368,completed,2026-03-17T16:52:36Z,61100
jbrown@crestviewinsurance.com,Variance Explainer,Reconcile AP aging over 90 days for CA-09,ERROR: upstream request timed out,r52-0000369,completed,2026-03-17T15:17:26Z,1700
jnguyen@crestviewinsurance.com,Journal Entry Reviewer,What drove the change in gross margin this quarter?,"Accounting Jun variance was $649,213 vs plan",r52-0000370,completed,2026-03-17T12:18:39Z,69500
mjones@crestviewinsurance.com,AP Aging Analyst,Reconcile AP aging over 90 days for EU-02,Traceback (most recent call last): KeyError 'entity',r52-0000371,completed,2026-03-17T12:58:59Z,1500
mjones@crestviewinsurance.com,AP Aging Analyst,Forecast Mar operating cash flow,"Ops Mar variance was $2,179,287 vs plan",r52-0000372,completed,2026-03-17T14:29:26Z,27100
mjones@crestviewinsurance.com,Covenant Checker,Check covenant compliance for the revolver,"Treasury Jun variance was $1,102,477 vs plan",r52-0000373,completed,2026-03-17T17:06:14Z,60300
kmiller@crestviewinsurance.com,AP Aging Analyst,Why did FP&A spend exceed budget in May?,"FP&A May variance was $16,088 vs plan",r52-0000374,completed,2026-03-17T15:46:22Z,26900
jjohnson@crestviewinsurance.com,Budget vs Actual,Summarize the Mar variance for entity MX-07,"Ops Mar variance was $3,949,375 vs plan",r52-0000375,completed,2026-03-17T08:54:50Z,58600
mjones@crestviewinsurance.com,Variance Explainer,Forecast Feb operating cash flow,"Accounting Feb variance was $2,858,415 vs plan",r52-0000376,completed,2026-03-17T10:39:26Z,27800
kperez@crestviewinsurance.com,Board Deck Builder,Reconcile AP aging over 90 days for EU-03,"Treasury Feb variance was $527,901 vs plan",r52-0000377,completed,2026-03-17T09:02:12Z,46100
fjackson@crestviewinsurance.com,Headcount Planner,Why did Ops spend exceed budget in May?,"Ops May variance was $1,087,131 vs plan",r52-0000378,completed,2026-03-17T17:36:46Z,64500
mwalker@crestviewinsurance.com,Headcount Planner,Summarize the Jun variance for entity US-03,error code 502 from model gateway,r52-0000379,completed,2026-03-17T12:37:38Z,1400
mjones@crestviewinsurance.com,Cash Forecaster,Summarize the May variance for entity MX-05,"FP&A May variance was $2,855,201 vs plan",r52-0000380,completed,2026-03-17T13:36:09Z,9200
jjohnson@crestviewinsurance.com,Close Checklist Bot,Summarize the May variance for entity MX-08,"FP&A May variance was $676,343 vs plan",r52-0000381,completed,2026-03-17T12:27:35Z,56900
jnguyen@crestviewinsurance.com,Close Checklist Bot,Which cost centers are over budget YTD?,"Accounting Jun variance was $1,653,374 vs plan",r52-0000382,completed,2026-03-17T10:09:47Z,15900
mjones@crestviewinsurance.com,Revenue Recognizer,Explain the headcount variance vs plan,"Ops May variance was $2,184,000 vs plan",r52-0000383,completed,2026-03-17T13:10:42Z,60200
ksanchez@crestviewinsurance.com,Covenant Checker,Check covenant compliance for the revolver,"Accounting Feb variance was $643,311 vs plan",r52-0000384,completed,2026-03-17T13:22:45Z,52300
mjones@crestviewinsurance.com,Budget vs Actual,Summarize the Feb variance for entity EU-09,"FP&A Feb variance was $1,214,645 vs plan",r52-0000385,completed,2026-03-18T17:37:25Z,15300
jjohnson@crestviewinsurance.com,Revenue Recognizer,Forecast Feb operating cash flow,"Accounting Feb variance was $4,563,131 vs plan",r52-0000386,completed,2026-03-18T14:03:30Z,36900
mjones@crestviewinsurance.com,Cash Forecaster,Which cost centers are over budget YTD?,"FP&A Feb variance was $3,513,862 vs plan",r52-0000387,completed,2026-03-18T15:05:50Z,74100
mjones@crestviewinsurance.com,Cash Forecaster,Explain the headcount variance vs plan,"FP&A Apr variance was $3,390,911 vs plan",r52-0000388,completed,2026-03-18T14:39:11Z,30800
mjones@crestviewinsurance.com,Vendor Spend Analyzer,What drove the change in gross margin this quarter?,"FP&A Apr variance was $372,822 vs plan",r52-0000389,completed,2026-03-18T15:13:09Z,54600
mjones@crestviewinsurance.com,AP Aging Analyst,Reconcile AP aging over 90 days for EU-07,error: connection reset by peer,r52-0000390,completed,2026-03-18T14:26:34Z,400
jbrown@crestviewinsurance.com,Flux Commentary,Reconcile AP aging over 90 days for MX-08,"Ops May variance was $785,557 vs plan",r52-0000391,completed,2026-03-18T14:30:12Z,54200
mjones@crestviewinsurance.com,Revenue Recognizer,Reconcile AP aging over 90 days for CA-06,ERROR: upstream request timed out,r52-0000392,completed,2026-03-18T14:15:48Z,1600
mjones@crestviewinsurance.com,Variance Explainer,Build the board deck cash slide for Jun,"FP&A Jun variance was $1,582,853 vs plan",r52-0000393,completed,2026-03-18T15:44:07Z,28700
mjones@crestviewinsurance.com,Close Checklist Bot,Why did Accounting spend exceed budget in Feb?,"Accounting Feb variance was $3,948,439 vs plan",r52-0000394,completed,2026-03-18T07:26:45Z,18100
jjohnson@crestviewinsurance.com,AP Aging Analyst,Why did FP&A spend exceed budget in Feb?,"FP&A Feb variance was $3,259,136 vs plan",r52-0000395,completed,2026-03-18T18:34:14Z,50700
fjackson@crestviewinsurance.com,AP Aging Analyst,Check covenant compliance for the revolver,"FP&A Jun variance was $2,115,058 vs plan",r52-0000396,completed,2026-03-18T11:35:40Z,54900
jjohnson@crestviewinsurance.com,Vendor Spend Analyzer,Build the board deck cash slide for Jun,"Ops Jun variance was $3,230,632 vs plan",r52-0000397,completed,2026-03-18T12:06:10Z,57200
mjones@crestviewinsurance.com,Cash Forecaster,Forecast Mar operating cash flow,"Treasury Mar variance was $3,078,538 vs plan",r52-0000398,completed,2026-03-18T11:16:31Z,4300
mjones@crestviewinsurance.com,Flux Commentary,What drove the change in gross margin this quarter?,"Ops Apr variance was $219,695 vs plan",r52-0000399,completed,2026-03-18T10:50:55Z,48300
jjohnson@crestviewinsurance.com,Headcount Planner,What drove the change in gross margin this quarter?,error: connection reset by peer,r52-0000400,completed,2026-03-18T10:51:44Z,900
jjohnson@crestviewinsurance.com,Vendor Spend Analyzer,Draft flux commentary for the Feb close,"Treasury Feb variance was $3,937,643 vs plan",r52-0000401,completed,2026-03-18T12:29:20Z,54800
dperez@crestviewinsurance.com,Variance Explainer,Forecast Jan operating cash flow,"Accounting Jan variance was $4,290,891 vs plan",r52-0000402,completed,2026-03-18T12:24:33Z,54600
jbrown@crestviewinsurance.com,Budget vs Actual,Check covenant compliance for the revolver,"Accounting Mar variance was $3,193,897 vs plan",r52-0000403,completed,2026-03-18T10:52:58Z,48000
jjohnson@crestviewinsurance.com,Budget vs Actual,Build the board deck cash slide for Feb,"FP&A Feb variance was $2,130,021 vs plan",r52-0000404,completed,2026-03-18T11:04:01Z,50900
mjones@crestviewinsurance.com,Close Checklist Bot,Draft flux commentary for the Mar close,error: connection reset by peer,r52-0000405,error,2026-03-18T19:45:51Z,2200
mjones@crestviewinsurance.com,Headcount Planner,Why did Treasury spend exceed budget in Mar?,"Treasury Mar variance was $4,759,380 vs plan",r52-0000406,completed,2026-03-18T15:17:16Z,44200
jjohnson@crestviewinsurance.com,Board Deck Builder,Reconcile AP aging over 90 days for EU-05,"Treasury Mar variance was $107,015 vs plan",r52-0000407,completed,2026-03-18T12:15:59Z,14600
kmiller@crestviewinsurance.com,AP Aging Analyst,Why did Accounting spend exceed budget in May?,"Accounting May variance was $1,785,617 vs plan",r52-0000408,completed,2026-03-18T12:39:25Z,55200
jwilliams@crestviewinsurance.com,Close Checklist Bot,Draft flux commentary for the May close,"Treasury May variance was $1,218,149 vs plan",r52-0000409,completed,2026-03-18T10:45:45Z,47900
yrobinson@crestviewinsurance.com,Variance Explainer,Explain the headcount variance vs plan,"Ops Jun variance was $2,471,930 vs plan",r52-0000410,completed,2026-03-18T14:14:41Z,49700
jpatel@crestviewinsurance.com,Vendor Spend Analyzer,Build the board deck cash slide for Mar,"Treasury Mar variance was $1,002,199 vs plan",r52-0000411,completed,2026-03-18T10:48:45Z,39700
jjohnson@crestviewinsurance.com,Budget vs Actual,Which cost centers are over budget YTD?,"Treasury Jan variance was $4,358,997 vs plan",r52-0000412,completed,2026-03-18T13:20:31Z,15600
jjohnson@crestviewinsurance.com,Variance Explainer,Forecast Apr operating cash flow,"Treasury Apr variance was $1,024,623 vs plan",r52-0000413,completed,2026-03-18T16:36:33Z,70400
jjohnson@crestviewinsurance.com,Journal Entry Reviewer,Forecast Feb operating cash flow,ERROR: upstream request timed out,r52-0000414,error,2026-03-18T11:45:17Z,1400
jjohnson@crestviewinsurance.com,Journal Entry Reviewer,What drove the change in gross margin this quarter?,"Accounting Jun variance was $4,182,832 vs plan",r52-0000415,completed,2026-03-18T14:24:46Z,38700
mjones@crestviewinsurance.com,Covenant Checker,Summarize the Jan variance for entity MX-09,"FP&A Jan variance was $3,402,066 vs plan",r52-0000416,completed,2026-03-18T11:09:15Z,22400
jjohnson@crestviewinsurance.com,Headcount Planner,Summarize the Jan variance for entity EU-08,"Treasury Jan variance was $4,061,070 vs plan",r52-0000417,completed,2026-03-19T11:20:10Z,52800
jpatel@crestviewinsurance.com,Budget vs Actual,What drove the change in gross margin this quarter?,"Accounting Apr variance was $3,760,437 vs plan",r52-0000418,completed,2026-03-19T15:34:14Z,72600
mjones@crestviewinsurance.com,Board Deck Builder,Forecast Feb operating cash flow,"FP&A Feb variance was $2,814,649 vs plan",r52-0000419,completed,2026-03-19T12:30:05Z,10600
fjackson@crestviewinsurance.com,Revenue Recognizer,Check covenant compliance for the revolver,"FP&A Jan variance was $1,401,785 vs plan",r52-0000420,completed,2026-03-19T09:04:14Z,66800
mjones@crestviewinsurance.com,Vendor Spend Analyzer,Draft flux commentary for the Mar close,"Accounting Mar variance was $4,470,707 vs plan",r52-0000421,completed,2026-03-19T11:04:39Z,24700
mjones@crestviewinsurance.com,Vendor Spend Analyzer,Draft flux commentary for the May close,"FP&A May variance was $1,024,924 vs plan",r52-0000422,completed,2026-03-19T16:10:46Z,22600
jjohnson@crestviewinsurance.com,Vendor Spend Analyzer,What drove the change in gross margin this quarter?,"Accounting Feb variance was $2,471,647 vs plan",r52-0000423,completed,2026-03-19T13:38:13Z,74000
jwilliams@crestviewinsurance.com,Cash Forecaster,What drove the change in gross margin this quarter?,"Treasury May variance was $4,754,476 vs plan",r52-0000424,completed,2026-03-19T16:07:04Z,50000
mjones@crestviewinsurance.com,Flux Commentary,Check covenant compliance for the revolver,"Ops Feb variance was $1,851,165 vs plan",r52-0000425,completed,2026-03-19T17:21:38Z,12500
drodriguez@crestviewinsurance.com,Vendor Spend Analyzer,Reconcile AP aging over 90 days for US-01,"Treasury Jan variance was $1,630,707 vs plan",r52-0000426,completed,2026-03-19T14:59:48Z,62000
mtaylor@crestviewinsurance.com,Journal Entry Reviewer,What drove the change in gross margin this quarter?,"Treasury Feb variance was $1,262,889 vs plan",r52-0000427,completed,2026-03-19T12:22:03Z,43600
mjones@crestviewinsurance.com,Flux Commentary,What drove the change in gross margin this quarter?,"Treasury Mar variance was $810,286 vs plan",r52-0000428,completed,2026-03-19T16:37:54Z,17400
mwalker@crestviewinsurance.com,Flux Commentary,Build the board deck cash slide for May,error code 502 from model gateway,r52-0000429,completed,2026-03-19T13:52:21Z,800
mjones@crestviewinsurance.com,Variance Explainer,Reconcile AP aging over 90 days for US-07,"Accounting May variance was $4,388,071 vs plan",r52-0000430,completed,2026-03-19T09:35:57Z,64400
jjohnson@crestviewinsurance.com,AP Aging Analyst,Which cost centers are over budget YTD?,"Ops Feb variance was $3,404,704 vs plan",r52-0000431,completed,2026-03-19T14:24:32Z,3600
jjohnson@crestviewinsurance.com,Covenant Checker,Draft flux commentary for the Jun close,"Ops Jun variance was $4,789,459 vs plan",r52-0000432,completed,2026-03-19T14:23:34Z,3500
kmiller@crestviewinsurance.com,Budget vs Actual,Why did Ops spend exceed budget in Jan?,"Ops Jan variance was $888,367 vs plan",r52-0000433,completed,2026-03-19T12:08:52Z,33300
jjohnson@crestviewinsurance.com,Budget vs Actual,Check covenant compliance for the revolver,"Accounting May variance was $609,834 vs plan",r52-0000434,completed,2026-03-19T12:58:23Z,72700
jnguyen@crestviewinsurance.com,Journal Entry Reviewer,Forecast Apr operating cash flow,"Ops Apr variance was $1,396,489 vs plan",r52-0000435,completed,2026-03-19T15:39:50Z,32700
mjones@crestviewinsurance.com,Headcount Planner,Explain the headcount variance vs plan,FAILED: null reference in aggregation step,r52-0000436,error,2026-03-19T07:35:43Z,5600
jjohnson@crestviewinsurance.com,Close Checklist Bot,Reconcile AP aging over 90 days for MX-02,"Ops Mar variance was $3,841,538 vs plan",r52-0000437,completed,2026-03-19T18:51:05Z,11100
kmiller@crestviewinsurance.com,Budget vs Actual,Why did Treasury spend exceed budget in Apr?,"Treasury Apr variance was $2,625,440 vs plan",r52-0000438,completed,2026-03-19T07:15:39Z,19400
mjones@crestviewinsurance.com,AP Aging Analyst,What drove the change in gross margin this quarter?,"FP&A Feb variance was $4,000,936 vs plan",r52-0000439,completed,2026-03-19T13:23:24Z,43600
jjohnson@crestviewinsurance.com,Board Deck Builder,Reconcile AP aging over 90 days for US-05,"FP&A Jan variance was $4,189,777 vs plan",r52-0000440,completed,2026-03-19T13:52:35Z,51500
jjohnson@crestviewinsurance.com,Covenant Checker,Which cost centers are over budget YTD?,error: connection reset by peer,r52-0000441,error,2026-03-20T14:59:45Z,7700
mjones@crestviewinsurance.com,Flux Commentary,Summarize the Jun variance for entity US-09,"FP&A Jun variance was $368,129 vs plan",r52-0000442,completed,2026-03-20T11:14:31Z,54900
jjohnson@crestviewinsurance.com,Flux Commentary,Draft flux commentary for the Mar close,"Accounting Mar variance was $881,032 vs plan",r52-0000443,completed,2026-03-20T09:18:45Z,56900
sgonzalez@crestviewinsurance.com,Cash Forecaster,Build the board deck cash slide for Jan,"Accounting Jan variance was $3,793,634 vs plan",r52-0000444,completed,2026-03-20T12:34:07Z,49000
jjohnson@crestviewinsurance.com,Journal Entry Reviewer,Which cost centers are over budget YTD?,"FP&A Feb variance was $2,099,937 vs plan",r52-0000445,completed,2026-03-20T14:54:13Z,63300
yrobinson@crestviewinsurance.com,Cash Forecaster,Reconcile AP aging over 90 days for CA-04,"Treasury Jun variance was $2,507,456 vs plan",r52-0000446,completed,2026-03-20T11:06:42Z,12200
jjohnson@crestviewinsurance.com,Flux Commentary,What drove the change in gross margin this quarter?,"FP&A Apr variance was $4,122,721 vs plan",r52-0000447,completed,2026-03-20T14:41:24Z,36800
jnguyen@crestviewinsurance.com,Journal Entry Reviewer,Forecast Apr operating cash flow,"Treasury Apr variance was $3,134,707 vs plan",r52-0000448,completed,2026-03-20T13:35:48Z,66900
yrobinson@crestviewinsurance.com,Headcount Planner,Forecast Jan operating cash flow,error code 502 from model gateway,r52-0000449,error,2026-03-20T12:27:27Z,3900
jjohnson@crestviewinsurance.com,Covenant Checker,What drove the change in gross margin this quarter?,"Accounting Jan variance was $3,620,971 vs plan",r52-0000450,completed,2026-03-20T09:17:24Z,74800
jjohnson@crestviewinsurance.com,Vendor Spend Analyzer,What drove the change in gross margin this quarter?,"Accounting Jun variance was $3,363,582 vs plan",r52-0000451,completed,2026-03-20T14:12:47Z,59300
jjohnson@crestviewinsurance.com,Board Deck Builder,Summarize the Apr variance for entity CA-09,FAILED: null reference in aggregation step,r52-0000452,error,2026-03-20T16:36:33Z,1200
jjohnson@crestviewinsurance.com,Headcount Planner,Check covenant compliance for the revolver,"Treasury May variance was $616,821 vs plan",r52-0000453,completed,2026-03-20T13:05:57Z,42800
jjohnson@crestviewinsurance.com,Variance Explainer,Summarize the Mar variance for entity US-09,"Ops Mar variance was $4,365,377 vs plan",r52-0000454,completed,2026-03-20T12:26:13Z,21900
yrobinson@crestviewinsurance.com,Journal Entry Reviewer,Check covenant compliance for the revolver,"FP&A Feb variance was $3,508,127 vs plan",r52-0000455,completed,2026-03-20T12:13:10Z,73700
mjones@crestviewinsurance.com,AP Aging Analyst,Which cost centers are over budget YTD?,"Accounting Jan variance was $3,462,373 vs plan",r52-0000456,completed,2026-03-20T13:24:37Z,3100
yrobinson@crestviewinsurance.com,Covenant Checker,Reconcile AP aging over 90 days for MX-01,"FP&A Jan variance was $1,199,504 vs plan",r52-0000457,completed,2026-03-20T11:36:24Z,36600
mjones@crestviewinsurance.com,Journal Entry Reviewer,Which cost centers are over budget YTD?,"FP&A May variance was $608,802 vs plan",r52-0000458,completed,2026-03-20T10:31:51Z,17100
mjones@crestviewinsurance.com,Variance Explainer,Summarize the Feb variance for entity CA-01,"FP&A Feb variance was $781,520 vs plan",r52-0000459,completed,2026-03-20T15:12:56Z,72900
mjones@crestviewinsurance.com,Close Checklist Bot,What drove the change in gross margin this quarter?,"Treasury Apr variance was $2,992,513 vs plan",r52-0000460,completed,2026-03-20T11:03:52Z,51400
yrobinson@crestviewinsurance.com,Flux Commentary,Reconcile AP aging over 90 days for EU-01,"Treasury Feb variance was $513,340 vs plan",r52-0000461,completed,2026-03-20T08:37:16Z,25400
mjones@crestviewinsurance.com,Budget vs Actual,What drove the change in gross margin this quarter?,"Ops Jan variance was $2,266,054 vs plan",r52-0000462,completed,2026-03-20T18:03:24Z,65200
mjones@crestviewinsurance.com,Headcount Planner,Summarize the Feb variance for entity MX-09,"FP&A Feb variance was $3,586,333 vs plan",r52-0000463,completed,2026-03-20T13:25:36Z,68700
swilson@crestviewinsurance.com,Vendor Spend Analyzer,Explain the headcount variance vs plan,"FP&A May variance was $1,534,038 vs plan",r52-0000464,completed,2026-03-20T09:50:39Z,22100
yrobinson@crestviewinsurance.com,Budget vs Actual,Which cost centers are over budget YTD?,"Ops Mar variance was $3,307,521 vs plan",r52-0000465,completed,2026-03-20T10:27:23Z,4500
yrobinson@crestviewinsurance.com,Revenue Recognizer,Forecast Apr operating cash flow,"Accounting Apr variance was $4,523,846 vs plan",r52-0000466,completed,2026-03-20T16:16:51Z,25300
mjones@crestviewinsurance.com,Cash Forecaster,Summarize the Apr variance for entity MX-07,Traceback (most recent call last): KeyError 'entity',r52-0000467,error,2026-03-20T12:11:02Z,5500
dperez@crestviewinsurance.com,Board Deck Builder,Build the board deck cash slide for Mar,"Ops Mar variance was $2,243,732 vs plan",r52-0000468,completed,2026-03-20T11:10:11Z,4000
kmiller@crestviewinsurance.com,AP Aging Analyst,Which cost centers are over budget YTD?,"Treasury Jun variance was $3,779,676 vs plan",r52-0000469,completed,2026-03-20T10:15:34Z,3300
mjones@crestviewinsurance.com,Variance Explainer,Explain the headcount variance vs plan,error code 502 from model gateway,r52-0000470,error,2026-03-20T11:13:36Z,6600
jjohnson@crestviewinsurance.com,Board Deck Builder,Summarize the May variance for entity CA-06,"Treasury May variance was $2,749,689 vs plan",r52-0000471,completed,2026-03-20T10:00:38Z,71300
lwilson@crestviewinsurance.com,Headcount Planner,Why did Ops spend exceed budget in Jan?,"Ops Jan variance was $1,487,869 vs plan",r52-0000472,completed,2026-03-20T13:53:44Z,18800
mjones@crestviewinsurance.com,AP Aging Analyst,Why did Ops spend exceed budget in May?,"Ops May variance was $3,379,949 vs plan",r52-0000473,completed,2026-03-20T06:01:37Z,32700
mjones@crestviewinsurance.com,Close Checklist Bot,Why did Accounting spend exceed budget in Apr?,"Accounting Apr variance was $630,131 vs plan",r52-0000474,completed,2026-03-21T09:11:35Z,44600
snguyen@crestviewinsurance.com,Flux Commentary,Build the board deck cash slide for Apr,error code 502 from model gateway,r52-0000475,completed,2026-03-21T16:40:49Z,900
yrobinson@crestviewinsurance.com,AP Aging Analyst,Check covenant compliance for the revolver,"Ops Jun variance was $2,845,039 vs plan",r52-0000476,completed,2026-03-21T06:50:19Z,71600
swilson@crestviewinsurance.com,Revenue Recognizer,Summarize the Apr variance for entity CA-01,error code 502 from model gateway,r52-0000477,completed,2026-03-21T16:23:49Z,500
mjones@crestviewinsurance.com,Vendor Spend Analyzer,Draft flux commentary for the Feb close,"FP&A Feb variance was $1,405,147 vs plan",r52-0000478,completed,2026-03-21T13:57:52Z,27500
jjohnson@crestviewinsurance.com,Close Checklist Bot,Draft flux commentary for the Jun close,"Ops Jun variance was $4,561,387 vs plan",r52-0000479,completed,2026-03-21T12:28:34Z,41000
jjohnson@crestviewinsurance.com,Board Deck Builder,Why did FP&A spend exceed budget in Feb?,"FP&A Feb variance was $3,954,514 vs plan",r52-0000480,completed,2026-03-21T11:26:31Z,69200
jjohnson@crestviewinsurance.com,Board Deck Builder,Draft flux commentary for the Feb close,error: connection reset by peer,r52-0000481,error,2026-03-21T14:41:18Z,3000
jjohnson@crestviewinsurance.com,Close Checklist Bot,Why did Treasury spend exceed budget in Jun?,"Treasury Jun variance was $2,814,789 vs plan",r52-0000482,completed,2026-03-21T14:28:39Z,61100
mjones@crestviewinsurance.com,Revenue Recognizer,Why did Treasury spend exceed budget in Apr?,"Treasury Apr variance was $3,106,618 vs plan",r52-0000483,completed,2026-03-21T14:37:03Z,37500
jpatel@crestviewinsurance.com,AP Aging Analyst,Check covenant compliance for the revolver,"Treasury Jun variance was $1,107,940 vs plan",r52-0000484,completed,2026-03-21T15:44:24Z,20100
mjones@crestviewinsurance.com,Variance Explainer,Which cost centers are over budget YTD?,FAILED: null reference in aggregation step,r52-0000485,completed,2026-03-21T13:48:53Z,900
jjohnson@crestviewinsurance.com,Headcount Planner,Summarize the Jun variance for entity CA-06,"Accounting Jun variance was $2,134,908 vs plan",r52-0000486,completed,2026-03-21T14:02:12Z,69700
rmartinez@crestviewinsurance.com,Revenue Recognizer,What drove the change in gross margin this quarter?,"FP&A Feb variance was $4,619,856 vs plan",r52-0000487,completed,2026-03-21T17:45:56Z,31400
mjones@crestviewinsurance.com,Revenue Recognizer,Draft flux commentary for the Jan close,error code 502 from model gateway,r52-0000488,completed,2026-03-21T14:11:05Z,1300
mjones@crestviewinsurance.com,Variance Explainer,Build the board deck cash slide for Jan,"Accounting Jan variance was $2,615,927 vs plan",r52-0000489,completed,2026-03-21T18:00:41Z,50800
yrobinson@crestviewinsurance.com,Budget vs Actual,Build the board deck cash slide for May,"Treasury May variance was $106,681 vs plan",r52-0000490,completed,2026-03-21T09:57:12Z,22400
ksanchez@crestviewinsurance.com,Cash Forecaster,Explain the headcount variance vs plan,"Accounting May variance was $3,812,095 vs plan",r52-0000491,completed,2026-03-22T10:58:07Z,41100
yrobinson@crestviewinsurance.com,Cash Forecaster,What drove the change in gross margin this quarter?,"Treasury May variance was $1,109,871 vs plan",r52-0000492,completed,2026-03-22T18:24:53Z,29100
mjones@crestviewinsurance.com,Cash Forecaster,Check covenant compliance for the revolver,"Accounting May variance was $764,211 vs plan",r52-0000493,completed,2026-03-22T10:51:29Z,61300
jpatel@crestviewinsurance.com,Journal Entry Reviewer,Explain the headcount variance vs plan,"Ops May variance was $887,930 vs plan",r52-0000494,completed,2026-03-22T17:16:28Z,63600
jjohnson@crestviewinsurance.com,Budget vs Actual,Draft flux commentary for the Jun close,"Treasury Jun variance was $4,400,688 vs plan",r52-0000495,completed,2026-03-22T09:35:46Z,63400
jjohnson@crestviewinsurance.com,AP Aging Analyst,Build the board deck cash slide for Jan,"FP&A Jan variance was $455,658 vs plan",r52-0000496,completed,2026-03-22T11:11:04Z,72400
jnguyen@crestviewinsurance.com,AP Aging Analyst,Reconcile AP aging over 90 days for MX-04,"Accounting Feb variance was $2,522,155 vs plan",r52-0000497,completed,2026-03-22T13:15:04Z,15700
kmiller@crestviewinsurance.com,Journal Entry Reviewer,Reconcile AP aging over 90 days for US-02,"FP&A Mar variance was $2,302,806 vs plan",r52-0000498,completed,2026-03-22T12:56:16Z,55300
mjones@crestviewinsurance.com,Variance Explainer,Draft flux commentary for the May close,"Treasury May variance was $2,845,209 vs plan",r52-0000499,completed,2026-03-22T15:49:56Z,70700
mjones@crestviewinsurance.com,Cash Forecaster,Summarize the Apr variance for entity EU-08,"Ops Apr variance was $3,744,333 vs plan",r52-0000500,completed,2026-03-23T17:14:40Z,35000
kmiller@crestviewinsurance.com,Vendor Spend Analyzer,What drove the change in gross margin this quarter?,"Ops Apr variance was $2,026,221 vs plan",r52-0000501,completed,2026-03-23T11:46:06Z,39300
jjohnson@crestviewinsurance.com,Close Checklist Bot,Explain the headcount variance vs plan,"Accounting May variance was $4,463,985 vs plan",r52-0000502,completed,2026-03-23T16:42:59Z,21600
mjones@crestviewinsurance.com,Covenant Checker,Draft flux commentary for the Feb close,"Treasury Feb variance was $1,644,405 vs plan",r52-0000503,completed,2026-03-23T13:00:46Z,61000
jjohnson@crestviewinsurance.com,Close Checklist Bot,Build the board deck cash slide for Apr,"Accounting Apr variance was $751,363 vs plan",r52-0000504,completed,2026-03-23T13:21:04Z,57900
jjohnson@crestviewinsurance.com,Covenant Checker,Explain the headcount variance vs plan,"Accounting Feb variance was $4,182,593 vs plan",r52-0000505,completed,2026-03-23T14:26:06Z,64100
dhaddad@crestviewinsurance.com,AP Aging Analyst,Which cost centers are over budget YTD?,"FP&A Mar variance was $3,427,752 vs plan",r52-0000506,completed,2026-03-23T16:23:29Z,29300
jjohnson@crestviewinsurance.com,Board Deck Builder,What drove the change in gross margin this quarter?,"Treasury Apr variance was $972,786 vs plan",r52-0000507,completed,2026-03-23T10:22:43Z,9600
snguyen@crestviewinsurance.com,Covenant Checker,Why did Treasury spend exceed budget in Apr?,"Treasury Apr variance was $4,339,556 vs plan",r52-0000508,completed,2026-03-23T13:58:00Z,53400
yrobinson@crestviewinsurance.com,Journal Entry Reviewer,Explain the headcount variance vs plan,"Ops Feb variance was $996,165 vs plan",r52-0000509,completed,2026-03-23T09:33:10Z,73900
yrobinson@crestviewinsurance.com,Covenant Checker,What drove the change in gross margin this quarter?,"Accounting Jun variance was $2,934,040 vs plan",r52-0000510,completed,2026-03-23T15:19:16Z,21900
jjohnson@crestviewinsurance.com,Variance Explainer,What drove the change in gross margin this quarter?,"Treasury May variance was $1,047,455 vs plan",r52-0000511,completed,2026-03-23T11:53:41Z,3400
mjones@crestviewinsurance.com,Headcount Planner,Check covenant compliance for the revolver,"Accounting Apr variance was $3,362,631 vs plan",r52-0000512,completed,2026-03-23T13:20:47Z,54700
dperez@crestviewinsurance.com,Board Deck Builder,Which cost centers are over budget YTD?,ERROR: upstream request timed out,r52-0000513,error,2026-03-23T14:04:01Z,2000
yrobinson@crestviewinsurance.com,Flux Commentary,Build the board deck cash slide for Jan,"Treasury Jan variance was $4,247,547 vs plan",r52-0000514,completed,2026-03-23T15:33:28Z,37500
yrobinson@crestviewinsurance.com,Close Checklist Bot,What drove the change in gross margin this quarter?,"FP&A May variance was $764,859 vs plan",r52-0000515,completed,2026-03-23T18:18:53Z,51300
yrobinson@crestviewinsurance.com,Budget vs Actual,Check covenant compliance for the revolver,"Treasury Mar variance was $1,567,286 vs plan",r52-0000516,completed,2026-03-23T11:09:04Z,44100
jpatel@crestviewinsurance.com,Close Checklist Bot,Reconcile AP aging over 90 days for CA-06,"FP&A Jun variance was $3,095,959 vs plan",r52-0000517,completed,2026-03-23T15:28:08Z,21000
mjones@crestviewinsurance.com,Covenant Checker,Build the board deck cash slide for Mar,error code 502 from model gateway,r52-0000518,error,2026-03-23T08:40:31Z,800
jkim@crestviewinsurance.com,Covenant Checker,Reconcile AP aging over 90 days for US-03,"Accounting May variance was $1,179,602 vs plan",r52-0000519,completed,2026-03-23T11:47:29Z,6700
yrobinson@crestviewinsurance.com,Vendor Spend Analyzer,Reconcile AP aging over 90 days for MX-02,"Treasury May variance was $2,212,902 vs plan",r52-0000520,completed,2026-03-23T13:33:23Z,31200
dperez@crestviewinsurance.com,Board Deck Builder,Reconcile AP aging over 90 days for MX-08,"Ops Mar variance was $1,494,137 vs plan",r52-0000521,completed,2026-03-23T16:22:24Z,33700
yrobinson@crestviewinsurance.com,Flux Commentary,Why did Ops spend exceed budget in Apr?,"Ops Apr variance was $1,006,810 vs plan",r52-0000522,completed,2026-03-23T10:16:39Z,40600
mjones@crestviewinsurance.com,Close Checklist Bot,What drove the change in gross margin this quarter?,"FP&A Mar variance was $839,329 vs plan",r52-0000523,completed,2026-03-23T10:07:16Z,7500
yrobinson@crestviewinsurance.com,Close Checklist Bot,Explain the headcount variance vs plan,"Ops Jun variance was $2,110,343 vs plan",r52-0000524,completed,2026-03-23T13:39:26Z,62800
jpatel@crestviewinsurance.com,Vendor Spend Analyzer,Check covenant compliance for the revolver,Traceback (most recent call last): KeyError 'entity',r52-0000525,completed,2026-03-23T14:18:44Z,800
jjohnson@crestviewinsurance.com,Headcount Planner,Forecast Feb operating cash flow,"Ops Feb variance was $1,604,009 vs plan",r52-0000526,completed,2026-03-23T09:47:18Z,39000
mjones@crestviewinsurance.com,AP Aging Analyst,Why did Treasury spend exceed budget in Jan?,"Treasury Jan variance was $1,315,913 vs plan",r52-0000527,completed,2026-03-23T10:00:46Z,35700
sgonzalez@crestviewinsurance.com,Budget vs Actual,Summarize the Feb variance for entity MX-09,"Ops Feb variance was $714,178 vs plan",r52-0000528,completed,2026-03-23T08:04:07Z,47600
jjohnson@crestviewinsurance.com,Variance Explainer,Why did FP&A spend exceed budget in Apr?,"FP&A Apr variance was $4,704,696 vs plan",r52-0000529,completed,2026-03-23T12:52:22Z,66800
jjohnson@crestviewinsurance.com,Flux Commentary,Draft flux commentary for the Jan close,"Treasury Jan variance was $316,185 vs plan",r52-0000530,completed,2026-03-23T21:19:06Z,46500
sgonzalez@crestviewinsurance.com,Headcount Planner,What drove the change in gross margin this quarter?,"Accounting Feb variance was $2,123,565 vs plan",r52-0000531,completed,2026-03-23T14:29:12Z,43100
mjones@crestviewinsurance.com,Covenant Checker,Build the board deck cash slide for Jun,"Treasury Jun variance was $2,090,983 vs plan",r52-0000532,completed,2026-03-23T11:03:09Z,57100
mjones@crestviewinsurance.com,Journal Entry Reviewer,Reconcile AP aging over 90 days for EU-02,"FP&A Mar variance was $3,250,864 vs plan",r52-0000533,completed,2026-03-23T10:18:45Z,13900
yrobinson@crestviewinsurance.com,AP Aging Analyst,Check covenant compliance for the revolver,"Treasury Jan variance was $137,648 vs plan",r52-0000534,completed,2026-03-23T13:05:18Z,49200
mjones@crestviewinsurance.com,Revenue Recognizer,Forecast Mar operating cash flow,"Accounting Mar variance was $1,039,501 vs plan",r52-0000535,completed,2026-03-24T10:31:34Z,15300
mjones@crestviewinsurance.com,Covenant Checker,Explain the headcount variance vs plan,"Accounting Jan variance was $3,729,190 vs plan",r52-0000536,completed,2026-03-24T14:34:46Z,59000
jjohnson@crestviewinsurance.com,Journal Entry Reviewer,Forecast Feb operating cash flow,"Accounting Feb variance was $305,727 vs plan",r52-0000537,completed,2026-03-24T12:30:03Z,58700
jpatel@crestviewinsurance.com,Vendor Spend Analyzer,Forecast Mar operating cash flow,"Accounting Mar variance was $3,570,826 vs plan",r52-0000538,completed,2026-03-24T11:55:04Z,16000
jjohnson@crestviewinsurance.com,Headcount Planner,Why did Treasury spend exceed budget in May?,"Treasury May variance was $1,001,966 vs plan",r52-0000539,completed,2026-03-24T13:08:30Z,33500
swilson@crestviewinsurance.com,Covenant Checker,Explain the headcount variance vs plan,"FP&A Mar variance was $3,821,255 vs plan",r52-0000540,completed,2026-03-24T12:28:13Z,30300
mjones@crestviewinsurance.com,Headcount Planner,Summarize the Jan variance for entity MX-09,"Accounting Jan variance was $1,217,546 vs plan",r52-0000541,completed,2026-03-24T11:21:21Z,52600
mjones@crestviewinsurance.com,Variance Explainer,Reconcile AP aging over 90 days for EU-09,"FP&A Mar variance was $366,916 vs plan",r52-0000542,completed,2026-03-24T12:01:11Z,74900
dperez@crestviewinsurance.com,Flux Commentary,Reconcile AP aging over 90 days for EU-01,"FP&A May variance was $3,313,063 vs plan",r52-0000543,completed,2026-03-24T08:43:04Z,49100
jjohnson@crestviewinsurance.com,Variance Explainer,Forecast Mar operating cash flow,"Accounting Mar variance was $4,485,227 vs plan",r52-0000544,completed,2026-03-24T08:36:59Z,34800
jjohnson@crestviewinsurance.com,Journal Entry Reviewer,Reconcile AP aging over 90 days for MX-08,"Accounting Mar variance was $4,544,458 vs plan",r52-0000545,completed,2026-03-24T13:21:36Z,55400
ksanchez@crestviewinsurance.com,Board Deck Builder,Explain the headcount variance vs plan,"Accounting May variance was $3,055,786 vs plan",r52-0000546,completed,2026-03-24T12:39:17Z,54400
rmartinez@crestviewinsurance.com,Close Checklist Bot,Explain the headcount variance vs plan,error code 502 from model gateway,r52-0000547,completed,2026-03-24T10:52:04Z,1000
mjones@crestviewinsurance.com,Variance Explainer,Explain the headcount variance vs plan,"FP&A May variance was $3,875,487 vs plan",r52-0000548,completed,2026-03-24T12:55:07Z,13100
rmartinez@crestviewinsurance.com,Revenue Recognizer,Build the board deck cash slide for Feb,"Treasury Feb variance was $307,827 vs plan",r52-0000549,completed,2026-03-24T15:35:52Z,31300
mjones@crestviewinsurance.com,Revenue Recognizer,Forecast Mar operating cash flow,error: connection reset by peer,r52-0000550,completed,2026-03-24T10:19:31Z,1300
jlopez@crestviewinsurance.com,Covenant Checker,Explain the headcount variance vs plan,"Treasury May variance was $2,482,620 vs plan",r52-0000551,completed,2026-03-24T10:56:23Z,63800
jjohnson@crestviewinsurance.com,Headcount Planner,Summarize the Jan variance for entity EU-03,"Treasury Jan variance was $2,568,703 vs plan",r52-0000552,completed,2026-03-24T12:43:52Z,62500
jjohnson@crestviewinsurance.com,Covenant Checker,Which cost centers are over budget YTD?,"Ops Mar variance was $3,819,365 vs plan",r52-0000553,completed,2026-03-24T06:30:09Z,13100
jjohnson@crestviewinsurance.com,Close Checklist Bot,Check covenant compliance for the revolver,"Accounting Jan variance was $449,744 vs plan",r52-0000554,completed,2026-03-24T10:39:58Z,67100
yrobinson@crestviewinsurance.com,Variance Explainer,Check covenant compliance for the revolver,"Accounting Jun variance was $111,033 vs plan",r52-0000555,completed,2026-03-24T10:40:08Z,37500
kmiller@crestviewinsurance.com,Revenue Recognizer,Reconcile AP aging over 90 days for CA-06,"Accounting Jun variance was $2,597,862 vs plan",r52-0000556,completed,2026-03-24T14:36:31Z,31100
mjones@crestviewinsurance.com,Revenue Recognizer,Check covenant compliance for the revolver,"FP&A Mar variance was $3,107,263 vs plan",r52-0000557,completed,2026-03-24T14:28:58Z,56600
mjones@crestviewinsurance.com,Covenant Checker,Reconcile AP aging over 90 days for MX-04,"FP&A Jan variance was $937,140 vs plan",r52-0000558,completed,2026-03-24T11:00:16Z,68200
mjones@crestviewinsurance.com,Board Deck Builder,Summarize the Mar variance for entity CA-05,"Ops Mar variance was $181,881 vs plan",r52-0000559,completed,2026-03-24T06:11:20Z,29900
drodriguez@crestviewinsurance.com,Cash Forecaster,Why did Treasury spend exceed budget in Apr?,"Treasury Apr variance was $4,468,070 vs plan",r52-0000560,completed,2026-03-24T13:01:19Z,32200
jpatel@crestviewinsurance.com,Revenue Recognizer,What drove the change in gross margin this quarter?,error: connection reset by peer,r52-0000561,error,2026-03-24T12:48:47Z,5800
jjohnson@crestviewinsurance.com,Journal Entry Reviewer,Build the board deck cash slide for Mar,"Treasury Mar variance was $826,516 vs plan",r52-0000562,completed,2026-03-24T09:03:02Z,59100
jjohnson@crestviewinsurance.com,Covenant Checker,Why did Ops spend exceed budget in Feb?,"Ops Feb variance was $789,220 vs plan",r52-0000563,completed,2026-03-24T19:54:07Z,38700
kmiller@crestviewinsurance.com,Close Checklist Bot,Check covenant compliance for the revolver,error code 502 from model gateway,r52-0000564,completed,2026-03-25T13:54:55Z,1100
jjohnson@crestviewinsurance.com,Close Checklist Bot,Draft flux commentary for the Apr close,"Ops Apr variance was $988,274 vs plan",r52-0000565,completed,2026-03-25T13:03:16Z,14700
jjohnson@crestviewinsurance.com,Variance Explainer,Build the board deck cash slide for Feb,error code 502 from model gateway,r52-0000566,completed,2026-03-25T11:07:07Z,1600
yrobinson@crestviewinsurance.com,Cash Forecaster,What drove the change in gross margin this quarter?,"Ops Feb variance was $3,154,422 vs plan",r52-0000567,completed,2026-03-25T15:28:20Z,56900
jbrown@crestviewinsurance.com,Journal Entry Reviewer,Build the board deck cash slide for Jun,"Treasury Jun variance was $2,416,251 vs plan",r52-0000568,completed,2026-03-25T16:27:05Z,11200
mjones@crestviewinsurance.com,AP Aging Analyst,Which cost centers are over budget YTD?,"Ops Jan variance was $4,199,281 vs plan",r52-0000569,completed,2026-03-25T14:48:25Z,17300
bmiller@crestviewinsurance.com,Board Deck Builder,Why did Treasury spend exceed budget in Apr?,"Treasury Apr variance was $4,218,096 vs plan",r52-0000570,completed,2026-03-25T11:58:22Z,17300
jjohnson@crestviewinsurance.com,Flux Commentary,Draft flux commentary for the Apr close,"FP&A Apr variance was $1,325,183 vs plan",r52-0000571,completed,2026-03-25T11:53:35Z,52000
jjohnson@crestviewinsurance.com,Board Deck Builder,What drove the change in gross margin this quarter?,"Accounting Apr variance was $189,669 vs plan",r52-0000572,completed,2026-03-25T07:46:52Z,52800
jjohnson@crestviewinsurance.com,AP Aging Analyst,Which cost centers are over budget YTD?,"Ops Apr variance was $1,809,333 vs plan",r52-0000573,completed,2026-03-25T08:52:37Z,31600
jjohnson@crestviewinsurance.com,Close Checklist Bot,Which cost centers are over budget YTD?,"Treasury Feb variance was $2,569,648 vs plan",r52-0000574,completed,2026-03-25T15:04:23Z,3500
mjones@crestviewinsurance.com,AP Aging Analyst,Build the board deck cash slide for Feb,"Ops Feb variance was $358,972 vs plan",r52-0000575,completed,2026-03-25T10:05:20Z,37500
jjohnson@crestviewinsurance.com,Close Checklist Bot,Forecast Jun operating cash flow,"FP&A Jun variance was $322,354 vs plan",r52-0000576,completed,2026-03-25T08:10:20Z,4200
fjackson@crestviewinsurance.com,Revenue Recognizer,Check covenant compliance for the revolver,"FP&A Mar variance was $4,063,917 vs plan",r52-0000577,completed,2026-03-25T09:58:37Z,28200
jjohnson@crestviewinsurance.com,Headcount Planner,Forecast May operating cash flow,"Treasury May variance was $1,913,105 vs plan",r52-0000578,completed,2026-03-25T11:06:46Z,31200
jjohnson@crestviewinsurance.com,Variance Explainer,Which cost centers are over budget YTD?,"FP&A Feb variance was $1,130,015 vs plan",r52-0000579,completed,2026-03-25T14:23:31Z,50000
jpatel@crestviewinsurance.com,Flux Commentary,Why did Treasury spend exceed budget in Mar?,error code 502 from model gateway,r52-0000580,error,2026-03-25T10:42:45Z,5400
mjones@crestviewinsurance.com,Flux Commentary,Build the board deck cash slide for Feb,Traceback (most recent call last): KeyError 'entity',r52-0000581,error,2026-03-25T11:36:11Z,600
jjohnson@crestviewinsurance.com,Board Deck Builder,Which cost centers are over budget YTD?,"Treasury Feb variance was $3,954,121 vs plan",r52-0000582,completed,2026-03-25T11:02:36Z,50500
jjohnson@crestviewinsurance.com,Close Checklist Bot,Explain the headcount variance vs plan,"Ops Jun variance was $1,979,737 vs plan",r52-0000583,completed,2026-03-25T09:16:26Z,43400
mjones@crestviewinsurance.com,Variance Explainer,Why did Accounting spend exceed budget in Feb?,"Accounting Feb variance was $2,016,688 vs plan",r52-0000584,completed,2026-03-25T10:45:10Z,52000
yrobinson@crestviewinsurance.com,Variance Explainer,Why did FP&A spend exceed budget in Jan?,"FP&A Jan variance was $1,647,921 vs plan",r52-0000585,completed,2026-03-25T16:42:41Z,29700
swilson@crestviewinsurance.com,Budget vs Actual,Forecast Apr operating cash flow,"Treasury Apr variance was $4,353,215 vs plan",r52-0000586,completed,2026-03-25T15:32:25Z,55900
mjones@crestviewinsurance.com,AP Aging Analyst,Check covenant compliance for the revolver,"Accounting Apr variance was $1,410,379 vs plan",r52-0000587,completed,2026-03-25T08:38:04Z,46500
kmiller@crestviewinsurance.com,Variance Explainer,Build the board deck cash slide for Apr,"FP&A Apr variance was $3,207,918 vs plan",r52-0000588,completed,2026-03-25T15:59:59Z,27900
mjones@crestviewinsurance.com,AP Aging Analyst,Draft flux commentary for the Feb close,FAILED: null reference in aggregation step,r52-0000589,error,2026-03-25T10:49:58Z,4400
yrobinson@crestviewinsurance.com,Revenue Recognizer,Summarize the Jun variance for entity EU-01,"Accounting Jun variance was $1,547,098 vs plan",r52-0000590,completed,2026-03-25T16:23:01Z,22700
jjohnson@crestviewinsurance.com,Cash Forecaster,Check covenant compliance for the revolver,"Treasury Jan variance was $4,428,606 vs plan",r52-0000591,completed,2026-03-25T14:49:17Z,3700
jjohnson@crestviewinsurance.com,Vendor Spend Analyzer,Explain the headcount variance vs plan,"Treasury May variance was $1,545,284 vs plan",r52-0000592,completed,2026-03-25T14:06:46Z,22700
jrobinson@crestviewinsurance.com,Variance Explainer,Explain the headcount variance vs plan,FAILED: null reference in aggregation step,r52-0000593,completed,2026-03-25T13:17:45Z,700
mjones@crestviewinsurance.com,AP Aging Analyst,Reconcile AP aging over 90 days for MX-04,error code 502 from model gateway,r52-0000594,error,2026-03-25T16:56:09Z,2500
rmartinez@crestviewinsurance.com,Revenue Recognizer,Summarize the Jan variance for entity EU-05,"FP&A Jan variance was $1,965,605 vs plan",r52-0000595,completed,2026-03-25T14:30:43Z,43400
kmiller@crestviewinsurance.com,AP Aging Analyst,Explain the headcount variance vs plan,"Accounting Apr variance was $304,457 vs plan",r52-0000596,completed,2026-03-25T11:19:08Z,12700
jjohnson@crestviewinsurance.com,Vendor Spend Analyzer,Reconcile AP aging over 90 days for EU-05,"Treasury Mar variance was $1,123,358 vs plan",r52-0000597,completed,2026-03-26T12:29:17Z,28000
mjones@crestviewinsurance.com,Board Deck Builder,Why did FP&A spend exceed budget in Jan?,"FP&A Jan variance was $4,218,412 vs plan",r52-0000598,completed,2026-03-26T10:02:49Z,16900
mjones@crestviewinsurance.com,AP Aging Analyst,Build the board deck cash slide for Mar,"Ops Mar variance was $96,892 vs plan",r52-0000599,completed,2026-03-26T14:04:52Z,44500
yrobinson@crestviewinsurance.com,Cash Forecaster,Explain the headcount variance vs plan,"Treasury Jun variance was $2,495,422 vs plan",r52-0000600,completed,2026-03-26T13:17:51Z,47500
yrobinson@crestviewinsurance.com,Close Checklist Bot,What drove the change in gross margin this quarter?,"FP&A Jun variance was $2,986,010 vs plan",r52-0000601,completed,2026-03-26T13:36:11Z,28200
kmiller@crestviewinsurance.com,AP Aging Analyst,Explain the headcount variance vs plan,"Ops Apr variance was $1,413,191 vs plan",r52-0000602,completed,2026-03-26T14:13:05Z,10700
fjackson@crestviewinsurance.com,Variance Explainer,Build the board deck cash slide for May,ERROR: upstream request timed out,r52-0000603,completed,2026-03-26T13:17:43Z,1700
jjohnson@crestviewinsurance.com,Cash Forecaster,Reconcile AP aging over 90 days for EU-01,"Accounting May variance was $2,566,478 vs plan",r52-0000604,completed,2026-03-26T16:56:27Z,5800
kmiller@crestviewinsurance.com,Covenant Checker,Reconcile AP aging over 90 days for CA-09,"Accounting Jan variance was $2,883,963 vs plan",r52-0000605,completed,2026-03-26T09:20:12Z,18700
mjones@crestviewinsurance.com,AP Aging Analyst,Forecast May operating cash flow,"Accounting May variance was $3,047,197 vs plan",r52-0000606,completed,2026-03-26T15:57:47Z,38800
kmiller@crestviewinsurance.com,AP Aging Analyst,Forecast Mar operating cash flow,"FP&A Mar variance was $3,568,907 vs plan",r52-0000607,completed,2026-03-26T15:45:33Z,25800
sgonzalez@crestviewinsurance.com,Cash Forecaster,Reconcile AP aging over 90 days for US-05,"FP&A Apr variance was $1,314,609 vs plan",r52-0000608,completed,2026-03-26T11:58:35Z,16600
mjones@crestviewinsurance.com,Variance Explainer,Draft flux commentary for the Jun close,"Treasury Jun variance was $3,800,478 vs plan",r52-0000609,completed,2026-03-26T15:21:43Z,15300
jpatel@crestviewinsurance.com,Variance Explainer,Explain the headcount variance vs plan,"Treasury May variance was $1,340,112 vs plan",r52-0000610,completed,2026-03-26T07:41:53Z,52500
jjohnson@crestviewinsurance.com,Headcount Planner,Which cost centers are over budget YTD?,"Ops Apr variance was $4,519,773 vs plan",r52-0000611,completed,2026-03-26T11:37:23Z,17100
jnguyen@crestviewinsurance.com,Journal Entry Reviewer,Explain the headcount variance vs plan,"FP&A May variance was $4,357,856 vs plan",r52-0000612,completed,2026-03-26T13:24:39Z,10800
jjohnson@crestviewinsurance.com,Board Deck Builder,Why did FP&A spend exceed budget in May?,"FP&A May variance was $88,169 vs plan",r52-0000613,completed,2026-03-26T18:43:18Z,68800
yrobinson@crestviewinsurance.com,Revenue Recognizer,Forecast Apr operating cash flow,"FP&A Apr variance was $1,794,936 vs plan",r52-0000614,completed,2026-03-26T06:08:31Z,43200
jjohnson@crestviewinsurance.com,Journal Entry Reviewer,Explain the headcount variance vs plan,"Treasury Apr variance was $644,084 vs plan",r52-0000615,completed,2026-03-26T12:38:32Z,61700
kmiller@crestviewinsurance.com,Variance Explainer,Draft flux commentary for the Mar close,error: connection reset by peer,r52-0000616,error,2026-03-26T14:51:52Z,1000
mjones@crestviewinsurance.com,Flux Commentary,Why did FP&A spend exceed budget in May?,"FP&A May variance was $2,310,115 vs plan",r52-0000617,completed,2026-03-26T15:38:28Z,15000
mjones@crestviewinsurance.com,Budget vs Actual,Why did Treasury spend exceed budget in Jan?,"Treasury Jan variance was $855,652 vs plan",r52-0000618,completed,2026-03-26T09:28:40Z,66700
kmiller@crestviewinsurance.com,Board Deck Builder,Reconcile AP aging over 90 days for EU-05,Traceback (most recent call last): KeyError 'entity',r52-0000619,error,2026-03-26T20:13:22Z,6700
jkim@crestviewinsurance.com,Vendor Spend Analyzer,Build the board deck cash slide for Jun,"FP&A Jun variance was $984,126 vs plan",r52-0000620,completed,2026-03-26T10:17:54Z,67800
sgonzalez@crestviewinsurance.com,AP Aging Analyst,Why did Treasury spend exceed budget in Apr?,"Treasury Apr variance was $691,600 vs plan",r52-0000621,completed,2026-03-26T11:51:44Z,15400
mjones@crestviewinsurance.com,Board Deck Builder,Check covenant compliance for the revolver,ERROR: upstream request timed out,r52-0000622,error,2026-03-26T16:37:05Z,1100
mjones@crestviewinsurance.com,Flux Commentary,What drove the change in gross margin this quarter?,"FP&A May variance was $3,251,332 vs plan",r52-0000623,completed,2026-03-26T15:04:01Z,58700
yrobinson@crestviewinsurance.com,Covenant Checker,Why did Treasury spend exceed budget in Apr?,error: connection reset by peer,r52-0000624,error,2026-03-26T12:14:32Z,6800
bmiller@crestviewinsurance.com,AP Aging Analyst,Draft flux commentary for the May close,"FP&A May variance was $2,630,370 vs plan",r52-0000625,completed,2026-03-26T08:19:26Z,74000
mjones@crestviewinsurance.com,Covenant Checker,Build the board deck cash slide for Mar,"Ops Mar variance was $3,953,518 vs plan",r52-0000626,completed,2026-03-26T11:16:22Z,30800
mjones@crestviewinsurance.com,AP Aging Analyst,Why did Accounting spend exceed budget in Jan?,"Accounting Jan variance was $3,245,276 vs plan",r52-0000627,completed,2026-03-26T15:21:05Z,29300
swilson@crestviewinsurance.com,AP Aging Analyst,Check covenant compliance for the revolver,"FP&A Jan variance was $1,038,645 vs plan",r52-0000628,completed,2026-03-27T12:51:51Z,4800
yrobinson@crestviewinsurance.com,Revenue Recognizer,What drove the change in gross margin this quarter?,ERROR: upstream request timed out,r52-0000629,error,2026-03-27T14:05:07Z,7900
mjones@crestviewinsurance.com,Covenant Checker,Explain the headcount variance vs plan,Traceback (most recent call last): KeyError 'entity',r52-0000630,completed,2026-03-27T17:34:04Z,1100
drodriguez@crestviewinsurance.com,Budget vs Actual,Reconcile AP aging over 90 days for EU-06,"Treasury Jan variance was $322,097 vs plan",r52-0000631,completed,2026-03-27T08:31:39Z,20400
drodriguez@crestviewinsurance.com,Revenue Recognizer,Summarize the Jan variance for entity US-03,Traceback (most recent call last): KeyError 'entity',r52-0000632,error,2026-03-27T12:22:25Z,1700
jjohnson@crestviewinsurance.com,Vendor Spend Analyzer,Which cost centers are over budget YTD?,"FP&A Jan variance was $170,918 vs plan",r52-0000633,completed,2026-03-27T11:58:05Z,44000
jjohnson@crestviewinsurance.com,AP Aging Analyst,Which cost centers are over budget YTD?,"Ops Mar variance was $221,130 vs plan",r52-0000634,completed,2026-03-27T16:58:28Z,50900
mjones@crestviewinsurance.com,Cash Forecaster,Which cost centers are over budget YTD?,"Treasury May variance was $1,454,777 vs plan",r52-0000635,completed,2026-03-27T14:15:56Z,7800
jjohnson@crestviewinsurance.com,AP Aging Analyst,What drove the change in gross margin this quarter?,"Ops May variance was $3,393,771 vs plan",r52-0000636,completed,2026-03-27T13:57:29Z,37300
ksanchez@crestviewinsurance.com,Budget vs Actual,Which cost centers are over budget YTD?,"Ops Mar variance was $1,582,188 vs plan",r52-0000637,completed,2026-03-27T14:35:23Z,53000
jjohnson@crestviewinsurance.com,Headcount Planner,Reconcile AP aging over 90 days for US-04,"FP&A Jan variance was $154,572 vs plan",r52-0000638,completed,2026-03-27T12:43:03Z,65100
jjohnson@crestviewinsurance.com,AP Aging Analyst,Check covenant compliance for the revolver,"FP&A Mar variance was $1,971,412 vs plan",r52-0000639,completed,2026-03-27T13:45:01Z,24200
jjohnson@crestviewinsurance.com,Board Deck Builder,Check covenant compliance for the revolver,"Ops May variance was $3,731,015 vs plan",r52-0000640,completed,2026-03-27T16:37:34Z,52700
yrobinson@crestviewinsurance.com,AP Aging Analyst,Build the board deck cash slide for Feb,error code 502 from model gateway,r52-0000641,completed,2026-03-27T16:30:32Z,900
jjohnson@crestviewinsurance.com,Budget vs Actual,Build the board deck cash slide for Feb,"Accounting Feb variance was $3,426,430 vs plan",r52-0000642,completed,2026-03-27T12:14:17Z,54300
yrobinson@crestviewinsurance.com,Headcount Planner,Which cost centers are over budget YTD?,"FP&A Mar variance was $3,137,151 vs plan",r52-0000643,completed,2026-03-27T12:56:38Z,15000
yrobinson@crestviewinsurance.com,Close Checklist Bot,Build the board deck cash slide for May,"Accounting May variance was $4,103,632 vs plan",r52-0000644,completed,2026-03-27T11:24:57Z,3700
jjohnson@crestviewinsurance.com,AP Aging Analyst,What drove the change in gross margin this quarter?,"Accounting Mar variance was $3,009,901 vs plan",r52-0000645,completed,2026-03-27T15:05:19Z,60500
mjones@crestviewinsurance.com,Headcount Planner,Which cost centers are over budget YTD?,"Accounting Mar variance was $32,187 vs plan",r52-0000646,completed,2026-03-27T13:22:07Z,45100
mjones@crestviewinsurance.com,AP Aging Analyst,Check covenant compliance for the revolver,"Accounting Jun variance was $471,091 vs plan",r52-0000647,completed,2026-03-27T11:58:01Z,36100
jjohnson@crestviewinsurance.com,Budget vs Actual,Build the board deck cash slide for Feb,"Treasury Feb variance was $2,273,859 vs plan",r52-0000648,completed,2026-03-27T14:38:27Z,41700
jjohnson@crestviewinsurance.com,Flux Commentary,Build the board deck cash slide for Apr,"FP&A Apr variance was $72,623 vs plan",r52-0000649,completed,2026-03-27T13:31:48Z,69800
jpatel@crestviewinsurance.com,Revenue Recognizer,Forecast Apr operating cash flow,"Accounting Apr variance was $4,654,565 vs plan",r52-0000650,completed,2026-03-27T08:56:46Z,60100
swilson@crestviewinsurance.com,Headcount Planner,Reconcile AP aging over 90 days for CA-01,"Accounting Jun variance was $730,706 vs plan",r52-0000651,completed,2026-03-27T12:36:57Z,25000
jjohnson@crestviewinsurance.com,Headcount Planner,Check covenant compliance for the revolver,"FP&A Apr variance was $1,654,738 vs plan",r52-0000652,completed,2026-03-27T12:08:31Z,18100
jjohnson@crestviewinsurance.com,Journal Entry Reviewer,Check covenant compliance for the revolver,"FP&A Apr variance was $1,938,835 vs plan",r52-0000653,completed,2026-03-27T15:07:56Z,25700
dperez@crestviewinsurance.com,Budget vs Actual,Why did Accounting spend exceed budget in Jan?,"Accounting Jan variance was $4,281,111 vs plan",r52-0000654,completed,2026-03-27T12:04:40Z,48700
jpatel@crestviewinsurance.com,Headcount Planner,Reconcile AP aging over 90 days for EU-07,error code 502 from model gateway,r52-0000655,completed,2026-03-27T16:52:51Z,700
dperez@crestviewinsurance.com,Vendor Spend Analyzer,Which cost centers are over budget YTD?,"Treasury May variance was $3,203,804 vs plan",r52-0000656,completed,2026-03-27T10:49:22Z,25000
jjohnson@crestviewinsurance.com,Vendor Spend Analyzer,Reconcile AP aging over 90 days for CA-03,error: connection reset by peer,r52-0000657,completed,2026-03-28T11:02:04Z,1500
yrobinson@crestviewinsurance.com,Journal Entry Reviewer,Check covenant compliance for the revolver,error: connection reset by peer,r52-0000658,error,2026-03-28T13:55:31Z,6200
mjones@crestviewinsurance.com,AP Aging Analyst,Explain the headcount variance vs plan,"FP&A May variance was $2,615,258 vs plan",r52-0000659,completed,2026-03-28T16:21:49Z,45900
dperez@crestviewinsurance.com,Variance Explainer,Draft flux commentary for the Jan close,FAILED: null reference in aggregation step,r52-0000660,completed,2026-03-28T11:22:51Z,400
ksanchez@crestviewinsurance.com,Covenant Checker,Draft flux commentary for the Apr close,"FP&A Apr variance was $1,933,111 vs plan",r52-0000661,completed,2026-03-28T13:05:38Z,17600
kperez@crestviewinsurance.com,Close Checklist Bot,Summarize the Feb variance for entity MX-04,"FP&A Feb variance was $3,316,405 vs plan",r52-0000662,completed,2026-03-28T16:00:40Z,55800
kperez@crestviewinsurance.com,Flux Commentary,Summarize the Jun variance for entity US-02,"Accounting Jun variance was $2,320,687 vs plan",r52-0000663,completed,2026-03-29T10:41:24Z,36100
mjones@crestviewinsurance.com,Budget vs Actual,Build the board deck cash slide for Jun,ERROR: upstream request timed out,r52-0000664,error,2026-03-29T10:41:02Z,3300
jjohnson@crestviewinsurance.com,Headcount Planner,Why did Accounting spend exceed budget in May?,error code 502 from model gateway,r52-0000665,completed,2026-03-29T17:19:42Z,1500
jjohnson@crestviewinsurance.com,Covenant Checker,Summarize the Jun variance for entity CA-01,"FP&A Jun variance was $357,291 vs plan",r52-0000666,completed,2026-03-29T18:36:05Z,10300
kmiller@crestviewinsurance.com,Close Checklist Bot,What drove the change in gross margin this quarter?,ERROR: upstream request timed out,r52-0000667,error,2026-03-29T11:56:04Z,3900
sgonzalez@crestviewinsurance.com,Journal Entry Reviewer,Summarize the Jan variance for entity CA-03,"Ops Jan variance was $2,990,531 vs plan",r52-0000668,completed,2026-03-29T12:33:42Z,3800
jjohnson@crestviewinsurance.com,Variance Explainer,Forecast Apr operating cash flow,"Ops Apr variance was $2,560,688 vs plan",r52-0000669,completed,2026-03-29T14:05:34Z,4800
yrobinson@crestviewinsurance.com,Budget vs Actual,Forecast Apr operating cash flow,"Treasury Apr variance was $2,395,410 vs plan",r52-0000670,completed,2026-03-29T12:09:51Z,21900
yrobinson@crestviewinsurance.com,Journal Entry Reviewer,What drove the change in gross margin this quarter?,"Accounting Jan variance was $1,323,584 vs plan",r52-0000671,completed,2026-03-29T10:30:43Z,58200
jjohnson@crestviewinsurance.com,Cash Forecaster,Why did Treasury spend exceed budget in Jan?,"Treasury Jan variance was $4,107,654 vs plan",r52-0000672,completed,2026-03-29T10:05:47Z,58500
jjohnson@crestviewinsurance.com,Headcount Planner,What drove the change in gross margin this quarter?,"Ops Apr variance was $4,174,835 vs plan",r52-0000673,completed,2026-03-29T16:01:24Z,72400
mjones@crestviewinsurance.com,AP Aging Analyst,Why did Treasury spend exceed budget in Apr?,"Treasury Apr variance was $1,832,030 vs plan",r52-0000674,completed,2026-03-29T13:37:40Z,29200
jjohnson@crestviewinsurance.com,Cash Forecaster,Reconcile AP aging over 90 days for EU-01,"Ops May variance was $4,366,010 vs plan",r52-0000675,completed,2026-03-29T12:18:43Z,15800
dperez@crestviewinsurance.com,Journal Entry Reviewer,Why did Accounting spend exceed budget in Feb?,ERROR: upstream request timed out,r52-0000676,completed,2026-03-30T12:26:29Z,1400
kmiller@crestviewinsurance.com,Cash Forecaster,Forecast Apr operating cash flow,"Treasury Apr variance was $2,854,219 vs plan",r52-0000677,completed,2026-03-30T09:26:50Z,29300
jjohnson@crestviewinsurance.com,Journal Entry Reviewer,Which cost centers are over budget YTD?,"Accounting Jun variance was $839,663 vs plan",r52-0000678,completed,2026-03-30T08:31:26Z,22500
yrobinson@crestviewinsurance.com,Variance Explainer,Forecast Jan operating cash flow,"Accounting Jan variance was $1,661,095 vs plan",r52-0000679,completed,2026-03-30T14:11:02Z,64500
yrobinson@crestviewinsurance.com,Close Checklist Bot,Reconcile AP aging over 90 days for EU-09,"FP&A Jun variance was $2,106,487 vs plan",r52-0000680,completed,2026-03-30T10:31:29Z,31900
mjones@crestviewinsurance.com,Journal Entry Reviewer,Summarize the Apr variance for entity EU-03,"Ops Apr variance was $3,850,709 vs plan",r52-0000681,completed,2026-03-30T14:42:50Z,65700
mjones@crestviewinsurance.com,Close Checklist Bot,Summarize the Mar variance for entity EU-04,"Accounting Mar variance was $2,607,818 vs plan",r52-0000682,completed,2026-03-30T12:00:44Z,20600
swilson@crestviewinsurance.com,AP Aging Analyst,Summarize the Mar variance for entity EU-03,"FP&A Mar variance was $370,269 vs plan",r52-0000683,completed,2026-03-30T11:10:18Z,21200
swilson@crestviewinsurance.com,Revenue Recognizer,Summarize the May variance for entity MX-06,"Ops May variance was $658,759 vs plan",r52-0000684,completed,2026-03-30T12:58:33Z,60300
bmiller@crestviewinsurance.com,Journal Entry Reviewer,Explain the headcount variance vs plan,"Accounting May variance was $2,771,941 vs plan",r52-0000685,completed,2026-03-30T15:35:46Z,11700
jjohnson@crestviewinsurance.com,AP Aging Analyst,Check covenant compliance for the revolver,"Treasury Feb variance was $2,191,096 vs plan",r52-0000686,completed,2026-03-30T15:08:48Z,21200
mjones@crestviewinsurance.com,Cash Forecaster,Check covenant compliance for the revolver,"Accounting May variance was $1,169,571 vs plan",r52-0000687,completed,2026-03-30T10:04:22Z,57700
yrobinson@crestviewinsurance.com,Covenant Checker,What drove the change in gross margin this quarter?,"FP&A Feb variance was $3,154,048 vs plan",r52-0000688,completed,2026-03-30T17:23:57Z,32600
jpatel@crestviewinsurance.com,Close Checklist Bot,Draft flux commentary for the May close,"Accounting May variance was $3,561,559 vs plan",r52-0000689,completed,2026-03-30T15:50:51Z,28700
jjohnson@crestviewinsurance.com,AP Aging Analyst,Forecast Feb operating cash flow,error: connection reset by peer,r52-0000690,error,2026-03-30T09:04:00Z,1700
yrobinson@crestviewinsurance.com,Flux Commentary,Summarize the May variance for entity MX-05,FAILED: null reference in aggregation step,r52-0000691,completed,2026-03-30T08:47:33Z,400
ksanchez@crestviewinsurance.com,Board Deck Builder,Why did FP&A spend exceed budget in Feb?,"FP&A Feb variance was $1,211,898 vs plan",r52-0000692,completed,2026-03-30T11:49:24Z,67800
swilson@crestviewinsurance.com,Vendor Spend Analyzer,Build the board deck cash slide for Mar,"Ops Mar variance was $631,904 vs plan",r52-0000693,completed,2026-03-30T10:03:04Z,35900
jpatel@crestviewinsurance.com,Board Deck Builder,Build the board deck cash slide for Jun,"Treasury Jun variance was $3,737,035 vs plan",r52-0000694,completed,2026-03-30T14:56:40Z,43100
jjohnson@crestviewinsurance.com,Budget vs Actual,Draft flux commentary for the Apr close,"FP&A Apr variance was $4,556,873 vs plan",r52-0000695,completed,2026-03-30T11:45:45Z,64600
yrobinson@crestviewinsurance.com,AP Aging Analyst,Forecast Feb operating cash flow,"Ops Feb variance was $4,058,905 vs plan",r52-0000696,completed,2026-03-30T18:05:08Z,53700
jjohnson@crestviewinsurance.com,Headcount Planner,Check covenant compliance for the revolver,"Treasury Jun variance was $4,235,207 vs plan",r52-0000697,completed,2026-03-30T12:07:29Z,45600
jjohnson@crestviewinsurance.com,Budget vs Actual,Which cost centers are over budget YTD?,"FP&A Jun variance was $3,685,308 vs plan",r52-0000698,completed,2026-03-30T11:06:17Z,30900
mjones@crestviewinsurance.com,Budget vs Actual,Draft flux commentary for the Jun close,"FP&A Jun variance was $1,956,714 vs plan",r52-0000699,completed,2026-03-30T15:52:06Z,42900
jjohnson@crestviewinsurance.com,Flux Commentary,Build the board deck cash slide for Apr,"Accounting Apr variance was $185,119 vs plan",r52-0000700,completed,2026-03-30T17:58:27Z,16900
mjones@crestviewinsurance.com,Vendor Spend Analyzer,Reconcile AP aging over 90 days for MX-01,"Treasury Jan variance was $946,568 vs plan",r52-0000701,completed,2026-03-30T13:48:38Z,6300
lwilson@crestviewinsurance.com,Journal Entry Reviewer,Forecast Feb operating cash flow,"Ops Feb variance was $3,707,682 vs plan",r52-0000702,completed,2026-03-30T10:43:03Z,65300
mjones@crestviewinsurance.com,Flux Commentary,Reconcile AP aging over 90 days for CA-06,FAILED: null reference in aggregation step,r52-0000703,completed,2026-03-30T12:20:44Z,1900
jjohnson@crestviewinsurance.com,Covenant Checker,Explain the headcount variance vs plan,"Treasury Jun variance was $4,638,695 vs plan",r52-0000704,completed,2026-03-30T13:22:01Z,69900
yrobinson@crestviewinsurance.com,Journal Entry Reviewer,Which cost centers are over budget YTD?,Traceback (most recent call last): KeyError 'entity',r52-0000705,completed,2026-03-30T10:49:29Z,1900
mjones@crestviewinsurance.com,Journal Entry Reviewer,Why did Treasury spend exceed budget in May?,"Treasury May variance was $2,349,822 vs plan",r52-0000706,completed,2026-03-30T15:29:35Z,5400
jjohnson@crestviewinsurance.com,Flux Commentary,Draft flux commentary for the Feb close,"FP&A Feb variance was $3,801,130 vs plan",r52-0000707,completed,2026-03-30T12:36:13Z,14000
yrobinson@crestviewinsurance.com,AP Aging Analyst,Check covenant compliance for the revolver,"Ops Apr variance was $2,069,462 vs plan",r52-0000708,completed,2026-03-30T12:34:05Z,52000
swilson@crestviewinsurance.com,Close Checklist Bot,Draft flux commentary for the Feb close,"Treasury Feb variance was $772,825 vs plan",r52-0000709,completed,2026-03-30T08:03:40Z,16500
yrobinson@crestviewinsurance.com,Budget vs Actual,What drove the change in gross margin this quarter?,"Ops Jun variance was $4,376,361 vs plan",r52-0000710,completed,2026-03-30T11:06:03Z,36100
swilson@crestviewinsurance.com,AP Aging Analyst,Explain the headcount variance vs plan,Traceback (most recent call last): KeyError 'entity',r52-0000711,error,2026-03-30T12:11:04Z,3100
yrobinson@crestviewinsurance.com,Flux Commentary,Check covenant compliance for the revolver,"Accounting Jun variance was $1,347,905 vs plan",r52-0000712,completed,2026-03-30T10:03:09Z,4300
jjohnson@crestviewinsurance.com,Close Checklist Bot,Check covenant compliance for the revolver,"Ops Jun variance was $894,206 vs plan",r52-0000713,completed,2026-03-30T14:30:59Z,20100
mjones@crestviewinsurance.com,Budget vs Actual,Check covenant compliance for the revolver,"Ops Mar variance was $1,547,626 vs plan",r52-0000714,completed,2026-03-30T17:06:37Z,68000
jjohnson@crestviewinsurance.com,Cash Forecaster,Check covenant compliance for the revolver,"Treasury Jun variance was $813,561 vs plan",r52-0000715,completed,2026-03-30T12:21:43Z,18300
yrobinson@crestviewinsurance.com,Cash Forecaster,Why did Ops spend exceed budget in Apr?,"Ops Apr variance was $2,549,257 vs plan",r52-0000716,completed,2026-03-30T12:53:11Z,30500
jjohnson@crestviewinsurance.com,Headcount Planner,Reconcile AP aging over 90 days for CA-04,"Ops Jun variance was $3,406,625 vs plan",r52-0000717,completed,2026-03-30T16:22:47Z,17100
yrobinson@crestviewinsurance.com,Journal Entry Reviewer,Build the board deck cash slide for Jun,"Ops Jun variance was $2,697,529 vs plan",r52-0000718,completed,2026-03-30T15:19:30Z,68200
mjones@crestviewinsurance.com,Variance Explainer,Explain the headcount variance vs plan,FAILED: null reference in aggregation step,r52-0000719,error,2026-03-30T13:03:57Z,7600
dperez@crestviewinsurance.com,Budget vs Actual,Forecast Jun operating cash flow,"Ops Jun variance was $328,696 vs plan",r52-0000720,completed,2026-03-30T12:43:56Z,69100
kmiller@crestviewinsurance.com,Cash Forecaster,What drove the change in gross margin this quarter?,"Accounting Apr variance was $574,817 vs plan",r52-0000721,completed,2026-03-30T18:19:37Z,59900
mjones@crestviewinsurance.com,Revenue Recognizer,Summarize the Mar variance for entity CA-01,"Ops Mar variance was $2,100,657 vs plan",r52-0000722,completed,2026-03-30T14:44:56Z,52300
jjohnson@crestviewinsurance.com,Journal Entry Reviewer,Check covenant compliance for the revolver,FAILED: null reference in aggregation step,r52-0000723,completed,2026-03-30T14:26:48Z,1600
drodriguez@crestviewinsurance.com,Journal Entry Reviewer,Draft flux commentary for the May close,"Accounting May variance was $382,865 vs plan",r52-0000724,completed,2026-03-31T06:57:50Z,47100
ksanchez@crestviewinsurance.com,Flux Commentary,Which cost centers are over budget YTD?,error: connection reset by peer,r52-0000725,completed,2026-03-31T12:58:38Z,1700
yrobinson@crestviewinsurance.com,Covenant Checker,Why did FP&A spend exceed budget in May?,"FP&A May variance was $2,982,037 vs plan",r52-0000726,completed,2026-03-31T14:08:34Z,70800
swilson@crestviewinsurance.com,Revenue Recognizer,Forecast Apr operating cash flow,"Accounting Apr variance was $1,427,961 vs plan",r52-0000727,completed,2026-03-31T13:15:30Z,8300
jjohnson@crestviewinsurance.com,Covenant Checker,Why did Treasury spend exceed budget in May?,error: connection reset by peer,r52-0000728,completed,2026-03-31T14:36:17Z,600
mwalker@crestviewinsurance.com,Flux Commentary,Build the board deck cash slide for Mar,"Accounting Mar variance was $1,371,906 vs plan",r52-0000729,completed,2026-03-31T18:32:31Z,33900
yrobinson@crestviewinsurance.com,AP Aging Analyst,Summarize the May variance for entity US-05,"FP&A May variance was $301,331 vs plan",r52-0000730,completed,2026-03-31T15:26:42Z,29900
jjohnson@crestviewinsurance.com,Close Checklist Bot,Check covenant compliance for the revolver,"FP&A May variance was $734,479 vs plan",r52-0000731,completed,2026-03-31T12:48:36Z,69800
mjones@crestviewinsurance.com,Budget vs Actual,Which cost centers are over budget YTD?,"FP&A Jun variance was $1,820,834 vs plan",r52-0000732,completed,2026-03-31T15:53:23Z,21800
jjohnson@crestviewinsurance.com,Headcount Planner,Build the board deck cash slide for May,"Ops May variance was $2,103,942 vs plan",r52-0000733,completed,2026-03-31T16:20:10Z,72400
mjones@crestviewinsurance.com,Covenant Checker,Why did FP&A spend exceed budget in Apr?,"FP&A Apr variance was $3,936,629 vs plan",r52-0000734,completed,2026-03-31T11:25:05Z,48200
yrobinson@crestviewinsurance.com,Flux Commentary,Forecast May operating cash flow,error code 502 from model gateway,r52-0000735,completed,2026-03-31T10:10:31Z,300
mjones@crestviewinsurance.com,Close Checklist Bot,Summarize the Jun variance for entity MX-09,"Accounting Jun variance was $4,198,555 vs plan",r52-0000736,completed,2026-03-31T12:39:05Z,31700
jjohnson@crestviewinsurance.com,Vendor Spend Analyzer,Draft flux commentary for the Mar close,"Ops Mar variance was $3,230,740 vs plan",r52-0000737,completed,2026-03-31T12:04:31Z,22600
fjackson@crestviewinsurance.com,Journal Entry Reviewer,Forecast Apr operating cash flow,"Ops Apr variance was $2,773,963 vs plan",r52-0000738,completed,2026-03-31T15:28:06Z,3900
jpatel@crestviewinsurance.com,Flux Commentary,Check covenant compliance for the revolver,"Ops Mar variance was $2,648,522 vs plan",r52-0000739,completed,2026-03-31T08:30:35Z,10000
mjones@crestviewinsurance.com,Flux Commentary,Summarize the May variance for entity EU-09,"FP&A May variance was $1,033,061 vs plan",r52-0000740,completed,2026-03-31T12:59:24Z,9300
jnguyen@crestviewinsurance.com,Variance Explainer,Explain the headcount variance vs plan,"Ops Jun variance was $3,131,242 vs plan",r52-0000741,completed,2026-03-31T12:07:56Z,71800
jjohnson@crestviewinsurance.com,Covenant Checker,Draft flux commentary for the Feb close,"Accounting Feb variance was $3,585,307 vs plan",r52-0000742,completed,2026-03-31T07:56:57Z,54200
snguyen@crestviewinsurance.com,Journal Entry Reviewer,Which cost centers are over budget YTD?,"FP&A May variance was $546,384 vs plan",r52-0000743,completed,2026-03-31T20:06:50Z,46600
yrobinson@crestviewinsurance.com,Cash Forecaster,Draft flux commentary for the Jun close,"Treasury Jun variance was $4,498,703 vs plan",r52-0000744,completed,2026-03-31T11:10:35Z,15700
jjohnson@crestviewinsurance.com,Cash Forecaster,Forecast Jan operating cash flow,"Ops Jan variance was $3,917,589 vs plan",r52-0000745,completed,2026-03-31T14:39:35Z,50500
jjohnson@crestviewinsurance.com,Flux Commentary,Reconcile AP aging over 90 days for MX-07,"Ops Jun variance was $813,503 vs plan",r52-0000746,completed,2026-03-31T11:38:27Z,49500
jpatel@crestviewinsurance.com,Journal Entry Reviewer,Check covenant compliance for the revolver,"FP&A May variance was $3,704,809 vs plan",r52-0000747,completed,2026-03-31T14:26:38Z,19600
jnguyen@crestviewinsurance.com,Close Checklist Bot,Check covenant compliance for the revolver,"Treasury Jun variance was $265,045 vs plan",r52-0000748,completed,2026-03-31T11:51:16Z,29100
fjackson@crestviewinsurance.com,Board Deck Builder,Explain the headcount variance vs plan,"Treasury Jun variance was $729,578 vs plan",r52-0000749,completed,2026-03-31T15:00:45Z,40600
yrobinson@crestviewinsurance.com,Journal Entry Reviewer,Explain the headcount variance vs plan,"Ops Jan variance was $1,642,011 vs plan",r52-0000750,completed,2026-03-31T11:11:56Z,4900
mjones@crestviewinsurance.com,Vendor Spend Analyzer,Summarize the Jun variance for entity EU-07,"FP&A Jun variance was $3,182,486 vs plan",r52-0000751,completed,2026-03-31T10:00:04Z,52500
swilson@crestviewinsurance.com,AP Aging Analyst,Summarize the Jan variance for entity EU-07,"FP&A Jan variance was $262,243 vs plan",r52-0000752,completed,2026-04-01T12:33:56Z,70700
mjones@crestviewinsurance.com,AP Aging Analyst,Build the board deck cash slide for Feb,"Treasury Feb variance was $2,333,593 vs plan",r52-0000753,completed,2026-04-01T10:35:26Z,36300
mjones@crestviewinsurance.com,Revenue Recognizer,Summarize the May variance for entity US-06,"FP&A May variance was $3,275,542 vs plan",r52-0000754,completed,2026-04-01T17:46:57Z,34500
jjohnson@crestviewinsurance.com,Journal Entry Reviewer,Which cost centers are over budget YTD?,"Accounting Jan variance was $2,427,492 vs plan",r52-0000755,completed,2026-04-01T12:23:40Z,30200
sgonzalez@crestviewinsurance.com,Variance Explainer,Draft flux commentary for the Mar close,"Ops Mar variance was $2,816,830 vs plan",r52-0000756,completed,2026-04-01T11:54:36Z,31800
mjones@crestviewinsurance.com,Board Deck Builder,What drove the change in gross margin this quarter?,"Accounting Feb variance was $716,294 vs plan",r52-0000757,completed,2026-04-01T08:44:48Z,47800
jjohnson@crestviewinsurance.com,Covenant Checker,Build the board deck cash slide for Jun,"Ops Jun variance was $4,108,396 vs plan",r52-0000758,completed,2026-04-01T11:56:05Z,32600
yrobinson@crestviewinsurance.com,Close Checklist Bot,Reconcile AP aging over 90 days for EU-07,error: connection reset by peer,r52-0000759,error,2026-04-01T09:44:46Z,4500
jjohnson@crestviewinsurance.com,Headcount Planner,Explain the headcount variance vs plan,"Accounting May variance was $571,031 vs plan",r52-0000760,completed,2026-04-01T21:55:49Z,61700
jjohnson@crestviewinsurance.com,Cash Forecaster,Why did Treasury spend exceed budget in Feb?,ERROR: upstream request timed out,r52-0000761,error,2026-04-01T12:40:04Z,3900
jjohnson@crestviewinsurance.com,AP Aging Analyst,Check covenant compliance for the revolver,"FP&A May variance was $3,861,805 vs plan",r52-0000762,completed,2026-04-01T16:31:04Z,34300
jjohnson@crestviewinsurance.com,Headcount Planner,Forecast Jun operating cash flow,"FP&A Jun variance was $4,115,384 vs plan",r52-0000763,completed,2026-04-01T09:44:27Z,12000
jpatel@crestviewinsurance.com,Revenue Recognizer,Summarize the Apr variance for entity US-05,"FP&A Apr variance was $531,280 vs plan",r52-0000764,completed,2026-04-01T10:41:01Z,20700
mjones@crestviewinsurance.com,Cash Forecaster,What drove the change in gross margin this quarter?,"FP&A Jun variance was $1,011,330 vs plan",r52-0000765,completed,2026-04-01T14:55:21Z,36600
drodriguez@crestviewinsurance.com,Close Checklist Bot,Check covenant compliance for the revolver,"Accounting Mar variance was $1,211,929 vs plan",r52-0000766,completed,2026-04-01T12:13:27Z,27500
jjohnson@crestviewinsurance.com,Headcount Planner,Summarize the Jan variance for entity MX-03,"FP&A Jan variance was $1,132,099 vs plan",r52-0000767,completed,2026-04-01T16:29:55Z,22000
jjohnson@crestviewinsurance.com,Flux Commentary,Build the board deck cash slide for Feb,"Accounting Feb variance was $4,426,617 vs plan",r52-0000768,completed,2026-04-01T14:53:19Z,74000
mjones@crestviewinsurance.com,Cash Forecaster,Check covenant compliance for the revolver,"Accounting Feb variance was $1,076,972 vs plan",r52-0000769,completed,2026-04-01T12:44:56Z,22300
yrobinson@crestviewinsurance.com,Close Checklist Bot,Forecast Mar operating cash flow,FAILED: null reference in aggregation step,r52-0000770,completed,2026-04-01T15:29:26Z,1100
mjones@crestviewinsurance.com,Board Deck Builder,Draft flux commentary for the Apr close,"FP&A Apr variance was $1,626,126 vs plan",r52-0000771,completed,2026-04-01T13:22:48Z,61300
jrobinson@crestviewinsurance.com,Covenant Checker,Forecast May operating cash flow,"Accounting May variance was $3,964,386 vs plan",r52-0000772,completed,2026-04-01T07:32:12Z,27000
yrobinson@crestviewinsurance.com,Journal Entry Reviewer,What drove the change in gross margin this quarter?,"Treasury Mar variance was $3,474,644 vs plan",r52-0000773,completed,2026-04-01T11:16:21Z,64200
jjohnson@crestviewinsurance.com,Headcount Planner,What drove the change in gross margin this quarter?,"Ops May variance was $1,305,793 vs plan",r52-0000774,completed,2026-04-01T16:38:46Z,58700
kmiller@crestviewinsurance.com,Board Deck Builder,Explain the headcount variance vs plan,"FP&A Jun variance was $904,038 vs plan",r52-0000775,completed,2026-04-01T17:36:48Z,6600
jjohnson@crestviewinsurance.com,Variance Explainer,Check covenant compliance for the revolver,"Accounting Feb variance was $695,540 vs plan",r52-0000776,completed,2026-04-01T17:33:00Z,48500
kmiller@crestviewinsurance.com,Headcount Planner,Build the board deck cash slide for Apr,"Accounting Apr variance was $1,804,984 vs plan",r52-0000777,completed,2026-04-01T16:44:50Z,35100
mjones@crestviewinsurance.com,Revenue Recognizer,What drove the change in gross margin this quarter?,"FP&A Jan variance was $2,325,052 vs plan",r52-0000778,completed,2026-04-01T12:02:04Z,20100
jjohnson@crestviewinsurance.com,Board Deck Builder,Check covenant compliance for the revolver,"Treasury May variance was $3,680,325 vs plan",r52-0000779,completed,2026-04-01T16:01:14Z,70500
swilson@crestviewinsurance.com,Variance Explainer,Build the board deck cash slide for Feb,"Ops Feb variance was $248,319 vs plan",r52-0000780,completed,2026-04-01T11:45:27Z,10200
mjones@crestviewinsurance.com,Journal Entry Reviewer,Reconcile AP aging over 90 days for US-01,"Ops Mar variance was $3,585,472 vs plan",r52-0000781,completed,2026-04-01T12:06:15Z,6900
mwalker@crestviewinsurance.com,Headcount Planner,Forecast May operating cash flow,"Ops May variance was $2,439,341 vs plan",r52-0000782,completed,2026-04-01T10:19:58Z,72800
mwalker@crestviewinsurance.com,Variance Explainer,Forecast Apr operating cash flow,"Ops Apr variance was $2,153,478 vs plan",r52-0000783,completed,2026-04-01T15:37:33Z,39500
jjohnson@crestviewinsurance.com,Board Deck Builder,Draft flux commentary for the Mar close,"Ops Mar variance was $3,700,823 vs plan",r52-0000784,completed,2026-04-01T14:40:20Z,56200
dperez@crestviewinsurance.com,Headcount Planner,Summarize the Jun variance for entity US-01,"Treasury Jun variance was $3,268,654 vs plan",r52-0000785,completed,2026-04-01T06:59:53Z,62400
mjones@crestviewinsurance.com,Journal Entry Reviewer,What drove the change in gross margin this quarter?,"Treasury Jun variance was $3,129,221 vs plan",r52-0000786,completed,2026-04-01T12:10:43Z,28900
jrobinson@crestviewinsurance.com,Covenant Checker,Draft flux commentary for the May close,"Treasury May variance was $4,627,890 vs plan",r52-0000787,completed,2026-04-01T15:35:01Z,53000
mjones@crestviewinsurance.com,Headcount Planner,Forecast Jan operating cash flow,"Ops Jan variance was $3,984,396 vs plan",r52-0000788,completed,2026-04-01T09:53:42Z,15900
mjones@crestviewinsurance.com,Journal Entry Reviewer,Reconcile AP aging over 90 days for US-07,"Ops Apr variance was $390,743 vs plan",r52-0000789,completed,2026-04-01T10:58:34Z,71800
yrobinson@crestviewinsurance.com,Revenue Recognizer,What drove the change in gross margin this quarter?,"FP&A Jan variance was $4,154,628 vs plan",r52-0000790,completed,2026-04-01T06:09:57Z,32700
yrobinson@crestviewinsurance.com,Journal Entry Reviewer,Build the board deck cash slide for May,error code 502 from model gateway,r52-0000791,completed,2026-04-01T15:55:00Z,1900
jrobinson@crestviewinsurance.com,Vendor Spend Analyzer,Check covenant compliance for the revolver,"Accounting Jun variance was $3,037,884 vs plan",r52-0000792,completed,2026-04-02T15:49:43Z,55200
mjones@crestviewinsurance.com,Vendor Spend Analyzer,Summarize the Mar variance for entity US-01,"FP&A Mar variance was $3,280,424 vs plan",r52-0000793,completed,2026-04-02T12:01:47Z,46700
yrobinson@crestviewinsurance.com,Variance Explainer,Explain the headcount variance vs plan,error code 502 from model gateway,r52-0000794,error,2026-04-02T12:09:22Z,6200
jnguyen@crestviewinsurance.com,Flux Commentary,Reconcile AP aging over 90 days for EU-07,"Ops Jun variance was $2,425,555 vs plan",r52-0000795,completed,2026-04-02T13:32:18Z,39300
mjones@crestviewinsurance.com,Board Deck Builder,Draft flux commentary for the Feb close,"Ops Feb variance was $644,383 vs plan",r52-0000796,completed,2026-04-02T12:43:37Z,41300
mjones@crestviewinsurance.com,Board Deck Builder,Forecast May operating cash flow,"Treasury May variance was $4,046,544 vs plan",r52-0000797,completed,2026-04-02T14:31:17Z,41200
yrobinson@crestviewinsurance.com,Flux Commentary,What drove the change in gross margin this quarter?,"Ops Feb variance was $4,378,912 vs plan",r52-0000798,completed,2026-04-02T15:19:46Z,63800
yrobinson@crestviewinsurance.com,Covenant Checker,Reconcile AP aging over 90 days for EU-01,"Treasury Feb variance was $4,044,988 vs plan",r52-0000799,completed,2026-04-02T12:44:32Z,41600
yrobinson@crestviewinsurance.com,Variance Explainer,What drove the change in gross margin this quarter?,"FP&A Feb variance was $559,928 vs plan",r52-0000800,completed,2026-04-02T14:19:58Z,61100
mjones@crestviewinsurance.com,Covenant Checker,Reconcile AP aging over 90 days for EU-01,"Ops Feb variance was $1,283,274 vs plan",r52-0000801,completed,2026-04-02T12:17:49Z,60400
mjones@crestviewinsurance.com,Board Deck Builder,Check covenant compliance for the revolver,"Accounting Jan variance was $1,484,907 vs plan",r52-0000802,completed,2026-04-02T18:45:11Z,70000
jjohnson@crestviewinsurance.com,Budget vs Actual,Reconcile AP aging over 90 days for CA-09,"FP&A Feb variance was $4,764,373 vs plan",r52-0000803,completed,2026-04-02T09:52:16Z,28100
jjohnson@crestviewinsurance.com,Variance Explainer,Which cost centers are over budget YTD?,"Treasury Jan variance was $609,220 vs plan",r52-0000804,completed,2026-04-02T10:01:32Z,22700
mjones@crestviewinsurance.com,Flux Commentary,What drove the change in gross margin this quarter?,"Accounting Jan variance was $268,935 vs plan",r52-0000805,completed,2026-04-02T15:23:10Z,14500
jrobinson@crestviewinsurance.com,Vendor Spend Analyzer,Draft flux commentary for the Mar close,"Ops Mar variance was $89,788 vs plan",r52-0000806,completed,2026-04-02T08:01:31Z,73700
yrobinson@crestviewinsurance.com,Journal Entry Reviewer,What drove the change in gross margin this quarter?,"Ops Jun variance was $2,402,830 vs plan",r52-0000807,completed,2026-04-02T06:16:07Z,4300
swilson@crestviewinsurance.com,Covenant Checker,Reconcile AP aging over 90 days for EU-01,"FP&A Feb variance was $4,727,991 vs plan",r52-0000808,completed,2026-04-02T08:53:36Z,49800
jjohnson@crestviewinsurance.com,Headcount Planner,Reconcile AP aging over 90 days for EU-02,"FP&A Mar variance was $4,419,015 vs plan",r52-0000809,completed,2026-04-02T10:55:48Z,72600
dhaddad@crestviewinsurance.com,Flux Commentary,Which cost centers are over budget YTD?,"Ops May variance was $1,990,197 vs plan",r52-0000810,completed,2026-04-02T19:25:11Z,13800
jbrown@crestviewinsurance.com,Budget vs Actual,Which cost centers are over budget YTD?,"FP&A Jun variance was $4,603,762 vs plan",r52-0000811,completed,2026-04-02T13:11:33Z,52800
swilson@crestviewinsurance.com,AP Aging Analyst,Reconcile AP aging over 90 days for EU-02,"Ops May variance was $1,822,183 vs plan",r52-0000812,completed,2026-04-02T17:16:55Z,14900
jjohnson@crestviewinsurance.com,Headcount Planner,Which cost centers are over budget YTD?,"Treasury Jun variance was $983,000 vs plan",r52-0000813,completed,2026-04-02T11:06:22Z,28600
jjohnson@crestviewinsurance.com,Budget vs Actual,Explain the headcount variance vs plan,"Ops Apr variance was $3,401,448 vs plan",r52-0000814,completed,2026-04-02T11:34:51Z,62900
jlopez@crestviewinsurance.com,Cash Forecaster,Why did Accounting spend exceed budget in Mar?,"Accounting Mar variance was $2,157,202 vs plan",r52-0000815,completed,2026-04-02T14:58:17Z,17800
mjones@crestviewinsurance.com,Revenue Recognizer,Draft flux commentary for the Jun close,"Treasury Jun variance was $3,615,896 vs plan",r52-0000816,completed,2026-04-02T14:23:06Z,5600
jjohnson@crestviewinsurance.com,Cash Forecaster,Reconcile AP aging over 90 days for US-01,"Treasury Jun variance was $443,365 vs plan",r52-0000817,completed,2026-04-02T09:39:40Z,54900
yrobinson@crestviewinsurance.com,Covenant Checker,Which cost centers are over budget YTD?,"FP&A Jun variance was $4,125,723 vs plan",r52-0000818,completed,2026-04-02T15:48:01Z,62500
mjones@crestviewinsurance.com,Vendor Spend Analyzer,Explain the headcount variance vs plan,"Ops Jun variance was $3,462,469 vs plan",r52-0000819,completed,2026-04-02T13:04:45Z,38800
yrobinson@crestviewinsurance.com,Covenant Checker,What drove the change in gross margin this quarter?,error code 502 from model gateway,r52-0000820,completed,2026-04-02T13:07:08Z,500
sgonzalez@crestviewinsurance.com,Variance Explainer,Summarize the Jan variance for entity CA-04,"Accounting Jan variance was $1,196,187 vs plan",r52-0000821,completed,2026-04-02T17:31:47Z,34900
dperez@crestviewinsurance.com,Covenant Checker,Which cost centers are over budget YTD?,"Accounting Feb variance was $3,512,616 vs plan",r52-0000822,completed,2026-04-02T09:42:09Z,48300
jkim@crestviewinsurance.com,Revenue Recognizer,Reconcile AP aging over 90 days for US-04,"FP&A Apr variance was $241,649 vs plan",r52-0000823,completed,2026-04-02T14:00:14Z,54300
mjones@crestviewinsurance.com,Cash Forecaster,What drove the change in gross margin this quarter?,"Treasury Jun variance was $3,564,603 vs plan",r52-0000824,completed,2026-04-02T10:03:18Z,55700
jjohnson@crestviewinsurance.com,AP Aging Analyst,Why did FP&A spend exceed budget in Jun?,"FP&A Jun variance was $4,527,966 vs plan",r52-0000825,completed,2026-04-02T13:03:11Z,66800
yrobinson@crestviewinsurance.com,Vendor Spend Analyzer,Reconcile AP aging over 90 days for EU-01,"Treasury Jan variance was $859,169 vs plan",r52-0000826,completed,2026-04-02T09:43:22Z,59800
jjohnson@crestviewinsurance.com,Variance Explainer,Forecast Mar operating cash flow,error: connection reset by peer,r52-0000827,completed,2026-04-02T13:35:28Z,1200
mjones@crestviewinsurance.com,Close Checklist Bot,Explain the headcount variance vs plan,"Ops Mar variance was $3,581,716 vs plan",r52-0000828,completed,2026-04-03T12:48:01Z,72400
mjones@crestviewinsurance.com,Close Checklist Bot,Forecast Feb operating cash flow,"Accounting Feb variance was $1,188,707 vs plan",r52-0000829,completed,2026-04-03T15:48:54Z,74700
swilson@crestviewinsurance.com,Headcount Planner,What drove the change in gross margin this quarter?,"Accounting Feb variance was $2,053,572 vs plan",r52-0000830,completed,2026-04-03T09:35:48Z,18000
lwilson@crestviewinsurance.com,Close Checklist Bot,What drove the change in gross margin this quarter?,"Accounting May variance was $4,300,322 vs plan",r52-0000831,completed,2026-04-03T15:50:47Z,53300
kmiller@crestviewinsurance.com,Budget vs Actual,Forecast Feb operating cash flow,"Treasury Feb variance was $586,137 vs plan",r52-0000832,completed,2026-04-03T13:03:54Z,45100
yrobinson@crestviewinsurance.com,Headcount Planner,Why did Accounting spend exceed budget in Jan?,"Accounting Jan variance was $1,378,047 vs plan",r52-0000833,completed,2026-04-03T08:55:20Z,58000
kmiller@crestviewinsurance.com,Revenue Recognizer,Explain the headcount variance vs plan,"FP&A May variance was $3,850,709 vs plan",r52-0000834,completed,2026-04-03T18:42:55Z,9500
mjones@crestviewinsurance.com,Budget vs Actual,Why did Ops spend exceed budget in Apr?,"Ops Apr variance was $4,247,397 vs plan",r52-0000835,completed,2026-04-03T12:06:55Z,66100
jjohnson@crestviewinsurance.com,Flux Commentary,Build the board deck cash slide for Jun,"Ops Jun variance was $4,210,985 vs plan",r52-0000836,completed,2026-04-03T11:10:59Z,31700
jjohnson@crestviewinsurance.com,Journal Entry Reviewer,Check covenant compliance for the revolver,error: connection reset by peer,r52-0000837,error,2026-04-03T12:50:45Z,4800
jjohnson@crestviewinsurance.com,Board Deck Builder,What drove the change in gross margin this quarter?,"Treasury Apr variance was $1,111,776 vs plan",r52-0000838,completed,2026-04-03T14:14:02Z,71000
yrobinson@crestviewinsurance.com,Variance Explainer,Draft flux commentary for the Feb close,"Accounting Feb variance was $547,536 vs plan",r52-0000839,completed,2026-04-03T12:05:00Z,51200
jjohnson@crestviewinsurance.com,Cash Forecaster,What drove the change in gross margin this quarter?,Traceback (most recent call last): KeyError 'entity',r52-0000840,completed,2026-04-03T13:58:47Z,1900
mjones@crestviewinsurance.com,Cash Forecaster,Draft flux commentary for the Feb close,"Accounting Feb variance was $4,681,772 vs plan",r52-0000841,completed,2026-04-03T14:07:11Z,11000
dperez@crestviewinsurance.com,Cash Forecaster,Draft flux commentary for the May close,"Treasury May variance was $2,128,346 vs plan",r52-0000842,completed,2026-04-03T15:48:03Z,65900
jjohnson@crestviewinsurance.com,Journal Entry Reviewer,Which cost centers are over budget YTD?,"Ops May variance was $4,086,969 vs plan",r52-0000843,completed,2026-04-03T11:32:03Z,6200
mjones@crestviewinsurance.com,Variance Explainer,Why did Ops spend exceed budget in Feb?,"Ops Feb variance was $1,407,583 vs plan",r52-0000844,completed,2026-04-03T10:03:02Z,21100
mjones@crestviewinsurance.com,Budget vs Actual,Forecast Jun operating cash flow,"Treasury Jun variance was $3,419,887 vs plan",r52-0000845,completed,2026-04-03T13:00:50Z,12900
jjohnson@crestviewinsurance.com,Close Checklist Bot,Which cost centers are over budget YTD?,"Ops Apr variance was $3,318,296 vs plan",r52-0000846,completed,2026-04-03T18:28:28Z,28200
dperez@crestviewinsurance.com,Cash Forecaster,Build the board deck cash slide for Feb,"Ops Feb variance was $2,799,066 vs plan",r52-0000847,completed,2026-04-03T12:15:57Z,67200
mjones@crestviewinsurance.com,Close Checklist Bot,Forecast May operating cash flow,"Treasury May variance was $3,665,830 vs plan",r52-0000848,completed,2026-04-03T14:44:18Z,67000
jbrown@crestviewinsurance.com,Cash Forecaster,Build the board deck cash slide for Apr,"Treasury Apr variance was $1,706,595 vs plan",r52-0000849,completed,2026-04-03T18:12:02Z,11800
mjones@crestviewinsurance.com,Cash Forecaster,Why did Ops spend exceed budget in Apr?,"Ops Apr variance was $1,387,835 vs plan",r52-0000850,completed,2026-04-03T17:32:53Z,14800
kmiller@crestviewinsurance.com,Budget vs Actual,Build the board deck cash slide for Mar,"Treasury Mar variance was $345,308 vs plan",r52-0000851,completed,2026-04-03T10:46:13Z,34400
mjones@crestviewinsurance.com,Budget vs Actual,Forecast Mar operating cash flow,"FP&A Mar variance was $2,883,998 vs plan",r52-0000852,completed,2026-04-03T16:39:03Z,28700
jjohnson@crestviewinsurance.com,Close Checklist Bot,Summarize the Jan variance for entity MX-01,error: connection reset by peer,r52-0000853,completed,2026-04-03T13:59:36Z,500
mjones@crestviewinsurance.com,Flux Commentary,Which cost centers are over budget YTD?,"Ops Jan variance was $4,742,928 vs plan",r52-0000854,completed,2026-04-03T10:41:13Z,54800
jjohnson@crestviewinsurance.com,Close Checklist Bot,Summarize the May variance for entity MX-08,"Ops May variance was $2,807,327 vs plan",r52-0000855,completed,2026-04-04T11:44:14Z,35800
jjohnson@crestviewinsurance.com,Board Deck Builder,Reconcile AP aging over 90 days for US-08,"FP&A Mar variance was $3,407,171 vs plan",r52-0000856,completed,2026-04-04T15:38:47Z,4200
mjones@crestviewinsurance.com,Revenue Recognizer,Which cost centers are over budget YTD?,ERROR: upstream request timed out,r52-0000857,completed,2026-04-04T09:31:02Z,400
mwalker@crestviewinsurance.com,Variance Explainer,Draft flux commentary for the Apr close,"Ops Apr variance was $943,405 vs plan",r52-0000858,completed,2026-04-04T13:10:02Z,12100
jjohnson@crestviewinsurance.com,Board Deck Builder,What drove the change in gross margin this quarter?,"Treasury Mar variance was $4,607,493 vs plan",r52-0000859,completed,2026-04-04T07:43:10Z,6300
kmiller@crestviewinsurance.com,Flux Commentary,Summarize the Mar variance for entity CA-07,"Accounting Mar variance was $1,625,184 vs plan",r52-0000860,completed,2026-04-04T11:52:24Z,70100
dperez@crestviewinsurance.com,Covenant Checker,Draft flux commentary for the Jun close,Traceback (most recent call last): KeyError 'entity',r52-0000861,error,2026-04-04T09:43:49Z,7300
jjohnson@crestviewinsurance.com,Board Deck Builder,What drove the change in gross margin this quarter?,"Accounting May variance was $930,596 vs plan",r52-0000862,completed,2026-04-04T14:09:50Z,20400
mjones@crestviewinsurance.com,Board Deck Builder,Check covenant compliance for the revolver,"Treasury Jun variance was $1,195,206 vs plan",r52-0000863,completed,2026-04-04T09:15:55Z,24600
mjones@crestviewinsurance.com,AP Aging Analyst,Draft flux commentary for the Jan close,Traceback (most recent call last): KeyError 'entity',r52-0000864,completed,2026-04-05T13:21:45Z,1000
mjones@crestviewinsurance.com,Revenue Recognizer,Forecast Jan operating cash flow,"Ops Jan variance was $3,100,205 vs plan",r52-0000865,completed,2026-04-05T14:42:49Z,8300
jjohnson@crestviewinsurance.com,Close Checklist Bot,Build the board deck cash slide for May,"Treasury May variance was $3,918,301 vs plan",r52-0000866,completed,2026-04-05T12:46:16Z,7100
jjohnson@crestviewinsurance.com,Covenant Checker,Which cost centers are over budget YTD?,"Accounting Jan variance was $3,001,491 vs plan",r52-0000867,completed,2026-04-05T10:59:03Z,14300
jjohnson@crestviewinsurance.com,Flux Commentary,Draft flux commentary for the Jan close,"Ops Jan variance was $4,645,882 vs plan",r52-0000868,completed,2026-04-05T10:19:35Z,52400
swilson@crestviewinsurance.com,Close Checklist Bot,Summarize the Feb variance for entity US-04,ERROR: upstream request timed out,r52-0000869,completed,2026-04-05T10:16:52Z,800
jlopez@crestviewinsurance.com,Revenue Recognizer,Explain the headcount variance vs plan,Traceback (most recent call last): KeyError 'entity',r52-0000870,completed,2026-04-06T10:48:51Z,1500
mjones@crestviewinsurance.com,Covenant Checker,Forecast Feb operating cash flow,"FP&A Feb variance was $2,532,829 vs plan",r52-0000871,completed,2026-04-06T16:10:50Z,47800
yrobinson@crestviewinsurance.com,Vendor Spend Analyzer,Explain the headcount variance vs plan,"FP&A May variance was $3,946,484 vs plan",r52-0000872,completed,2026-04-06T15:10:04Z,48100
mjones@crestviewinsurance.com,Vendor Spend Analyzer,Explain the headcount variance vs plan,"Treasury Feb variance was $3,611,234 vs plan",r52-0000873,completed,2026-04-06T13:51:30Z,70200
mjones@crestviewinsurance.com,Board Deck Builder,What drove the change in gross margin this quarter?,"FP&A Mar variance was $1,156,034 vs plan",r52-0000874,completed,2026-04-06T14:01:42Z,9400
dhaddad@crestviewinsurance.com,Board Deck Builder,Summarize the Jun variance for entity EU-04,"Accounting Jun variance was $368,378 vs plan",r52-0000875,completed,2026-04-06T07:34:08Z,4500
jjohnson@crestviewinsurance.com,Cash Forecaster,Check covenant compliance for the revolver,"Treasury Jun variance was $1,211,262 vs plan",r52-0000876,completed,2026-04-06T12:40:32Z,12600
mjones@crestviewinsurance.com,Cash Forecaster,Summarize the Jan variance for entity US-05,"FP&A Jan variance was $3,793,348 vs plan",r52-0000877,completed,2026-04-06T12:54:36Z,13000
dhaddad@crestviewinsurance.com,Cash Forecaster,Reconcile AP aging over 90 days for EU-01,"Accounting Jan variance was $183,371 vs plan",r52-0000878,completed,2026-04-06T13:08:21Z,64100
mjones@crestviewinsurance.com,Revenue Recognizer,Build the board deck cash slide for Apr,"FP&A Apr variance was $2,107,333 vs plan",r52-0000879,completed,2026-04-06T09:07:03Z,64700
jjohnson@crestviewinsurance.com,Flux Commentary,Which cost centers are over budget YTD?,"FP&A Mar variance was $2,102,656 vs plan",r52-0000880,completed,2026-04-06T14:51:16Z,14300
bmiller@crestviewinsurance.com,Cash Forecaster,Which cost centers are over budget YTD?,"Ops Jan variance was $2,188,191 vs plan",r52-0000881,completed,2026-04-06T15:34:14Z,39600
mjones@crestviewinsurance.com,Board Deck Builder,Build the board deck cash slide for Apr,"Accounting Apr variance was $2,440,279 vs plan",r52-0000882,completed,2026-04-06T10:43:04Z,44000
jpatel@crestviewinsurance.com,Headcount Planner,Build the board deck cash slide for Jan,"FP&A Jan variance was $1,129,884 vs plan",r52-0000883,completed,2026-04-06T10:29:28Z,28700
jpatel@crestviewinsurance.com,Cash Forecaster,Which cost centers are over budget YTD?,"Ops Jun variance was $3,565,036 vs plan",r52-0000884,completed,2026-04-06T15:30:48Z,13400
jnguyen@crestviewinsurance.com,Headcount Planner,Explain the headcount variance vs plan,"Ops Jun variance was $1,218,415 vs plan",r52-0000885,completed,2026-04-06T12:58:07Z,46200
jbrown@crestviewinsurance.com,Covenant Checker,Check covenant compliance for the revolver,"Accounting Apr variance was $465,938 vs plan",r52-0000886,completed,2026-04-06T15:08:14Z,64800
djohnson@crestviewinsurance.com,Cash Forecaster,Draft flux commentary for the Mar close,"FP&A Mar variance was $146,082 vs plan",r52-0000887,completed,2026-04-06T13:42:10Z,18200
jjohnson@crestviewinsurance.com,Revenue Recognizer,Explain the headcount variance vs plan,"Accounting Mar variance was $356,277 vs plan",r52-0000888,completed,2026-04-06T14:05:47Z,24000
fjackson@crestviewinsurance.com,Covenant Checker,Why did Accounting spend exceed budget in May?,"Accounting May variance was $3,263,896 vs plan",r52-0000889,completed,2026-04-06T16:10:33Z,38400
jjohnson@crestviewinsurance.com,AP Aging Analyst,What drove the change in gross margin this quarter?,error: connection reset by peer,r52-0000890,completed,2026-04-06T12:46:44Z,700
yrobinson@crestviewinsurance.com,Close Checklist Bot,Explain the headcount variance vs plan,"Treasury Mar variance was $2,314,475 vs plan",r52-0000891,completed,2026-04-06T14:03:44Z,54900
jjohnson@crestviewinsurance.com,Budget vs Actual,Which cost centers are over budget YTD?,"FP&A Mar variance was $4,328,926 vs plan",r52-0000892,completed,2026-04-06T07:16:26Z,22300
jjohnson@crestviewinsurance.com,Headcount Planner,Summarize the Mar variance for entity MX-02,"Ops Mar variance was $3,346,170 vs plan",r52-0000893,completed,2026-04-06T12:19:17Z,38400
jlopez@crestviewinsurance.com,Cash Forecaster,Reconcile AP aging over 90 days for MX-09,"Treasury Jun variance was $3,514,247 vs plan",r52-0000894,completed,2026-04-06T16:52:49Z,19900
jjohnson@crestviewinsurance.com,Board Deck Builder,Why did Accounting spend exceed budget in May?,"Accounting May variance was $4,329,134 vs plan",r52-0000895,completed,2026-04-06T10:35:35Z,26500
swilson@crestviewinsurance.com,Budget vs Actual,Forecast May operating cash flow,"FP&A May variance was $4,203,704 vs plan",r52-0000896,completed,2026-04-06T16:13:42Z,37800
jjohnson@crestviewinsurance.com,Covenant Checker,Why did Ops spend exceed budget in Apr?,"Ops Apr variance was $4,499,126 vs plan",r52-0000897,completed,2026-04-06T13:04:20Z,60100
bmiller@crestviewinsurance.com,Journal Entry Reviewer,Build the board deck cash slide for Jan,"FP&A Jan variance was $3,617,502 vs plan",r52-0000898,completed,2026-04-06T13:01:25Z,19600
yrobinson@crestviewinsurance.com,Board Deck Builder,Check covenant compliance for the revolver,"Ops May variance was $3,121,531 vs plan",r52-0000899,completed,2026-04-06T12:43:26Z,6500
jjohnson@crestviewinsurance.com,Budget vs Actual,Why did FP&A spend exceed budget in May?,"FP&A May variance was $530,820 vs plan",r52-0000900,completed,2026-04-06T11:08:38Z,10700
mjones@crestviewinsurance.com,Flux Commentary,Check covenant compliance for the revolver,"FP&A Jun variance was $178,384 vs plan",r52-0000901,completed,2026-04-06T12:47:57Z,8000
jpatel@crestviewinsurance.com,AP Aging Analyst,Why did Accounting spend exceed budget in Feb?,"Accounting Feb variance was $2,684,496 vs plan",r52-0000902,completed,2026-04-06T10:31:47Z,48800
jnguyen@crestviewinsurance.com,Journal Entry Reviewer,Build the board deck cash slide for Mar,"FP&A Mar variance was $808,469 vs plan",r52-0000903,completed,2026-04-06T08:04:07Z,25200
dperez@crestviewinsurance.com,Revenue Recognizer,Draft flux commentary for the Apr close,"Ops Apr variance was $2,055,853 vs plan",r52-0000904,completed,2026-04-06T11:05:24Z,71600
mjones@crestviewinsurance.com,AP Aging Analyst,Which cost centers are over budget YTD?,FAILED: null reference in aggregation step,r52-0000905,error,2026-04-06T16:51:38Z,6200
jjohnson@crestviewinsurance.com,Cash Forecaster,Reconcile AP aging over 90 days for MX-08,"Ops May variance was $4,222,576 vs plan",r52-0000906,completed,2026-04-06T19:10:42Z,62900
mjones@crestviewinsurance.com,Budget vs Actual,Summarize the Apr variance for entity EU-07,FAILED: null reference in aggregation step,r52-0000907,completed,2026-04-06T15:54:12Z,1500
mjones@crestviewinsurance.com,Flux Commentary,Draft flux commentary for the Mar close,"FP&A Mar variance was $1,312,025 vs plan",r52-0000908,completed,2026-04-07T15:10:03Z,26700
mjones@crestviewinsurance.com,Board Deck Builder,Forecast Apr operating cash flow,"Treasury Apr variance was $2,004,866 vs plan",r52-0000909,completed,2026-04-07T12:22:53Z,37400
mjones@crestviewinsurance.com,Cash Forecaster,Build the board deck cash slide for Mar,"Treasury Mar variance was $3,618,210 vs plan",r52-0000910,completed,2026-04-07T16:55:38Z,44100
yrobinson@crestviewinsurance.com,Journal Entry Reviewer,Check covenant compliance for the revolver,"Treasury Apr variance was $3,934,381 vs plan",r52-0000911,completed,2026-04-07T11:51:31Z,70600
jjohnson@crestviewinsurance.com,Vendor Spend Analyzer,What drove the change in gross margin this quarter?,"Accounting Jun variance was $1,821,742 vs plan",r52-0000912,completed,2026-04-07T18:42:09Z,28800
dperez@crestviewinsurance.com,Flux Commentary,Explain the headcount variance vs plan,"Ops Apr variance was $2,054,204 vs plan",r52-0000913,completed,2026-04-07T12:05:03Z,30200
mjones@crestviewinsurance.com,Board Deck Builder,Check covenant compliance for the revolver,"Ops Feb variance was $4,498,647 vs plan",r52-0000914,completed,2026-04-07T11:05:36Z,29400
jpatel@crestviewinsurance.com,Vendor Spend Analyzer,Explain the headcount variance vs plan,"FP&A Apr variance was $2,958,732 vs plan",r52-0000915,completed,2026-04-07T14:31:44Z,48000
yrobinson@crestviewinsurance.com,Close Checklist Bot,Check covenant compliance for the revolver,"FP&A Jun variance was $34,491 vs plan",r52-0000916,completed,2026-04-07T11:02:21Z,32000
kmiller@crestviewinsurance.com,Journal Entry Reviewer,Reconcile AP aging over 90 days for US-01,FAILED: null reference in aggregation step,r52-0000917,completed,2026-04-07T09:35:17Z,1100
mjones@crestviewinsurance.com,Variance Explainer,Summarize the Jan variance for entity CA-08,"FP&A Jan variance was $694,299 vs plan",r52-0000918,completed,2026-04-07T14:11:08Z,54000
mjones@crestviewinsurance.com,Vendor Spend Analyzer,Build the board deck cash slide for May,FAILED: null reference in aggregation step,r52-0000919,completed,2026-04-07T15:45:48Z,1500
mjones@crestviewinsurance.com,Vendor Spend Analyzer,Reconcile AP aging over 90 days for EU-03,"Treasury Jun variance was $1,454,990 vs plan",r52-0000920,completed,2026-04-07T11:41:38Z,13700
jwilliams@crestviewinsurance.com,Board Deck Builder,Build the board deck cash slide for Jun,"Ops Jun variance was $4,006,570 vs plan",r52-0000921,completed,2026-04-07T08:54:19Z,63300
jjohnson@crestviewinsurance.com,AP Aging Analyst,Reconcile AP aging over 90 days for US-06,"FP&A May variance was $3,780,817 vs plan",r52-0000922,completed,2026-04-07T13:45:30Z,21000
jjohnson@crestviewinsurance.com,Variance Explainer,Summarize the Jun variance for entity CA-04,"FP&A Jun variance was $409,724 vs plan",r52-0000923,completed,2026-04-07T09:05:30Z,16800
yrobinson@crestviewinsurance.com,Headcount Planner,Summarize the Feb variance for entity EU-05,"Accounting Feb variance was $681,538 vs plan",r52-0000924,completed,2026-04-07T09:55:29Z,74700
kmiller@crestviewinsurance.com,Cash Forecaster,Forecast Mar operating cash flow,error: connection reset by peer,r52-0000925,error,2026-04-07T12:39:29Z,7600
jjohnson@crestviewinsurance.com,AP Aging Analyst,Which cost centers are over budget YTD?,"Ops Apr variance was $995,245 vs plan",r52-0000926,completed,2026-04-07T08:26:29Z,25000
jjohnson@crestviewinsurance.com,Covenant Checker,Reconcile AP aging over 90 days for US-01,"Ops Feb variance was $2,815,604 vs plan",r52-0000927,completed,2026-04-07T15:55:15Z,18600
yrobinson@crestviewinsurance.com,Journal Entry Reviewer,Why did Ops spend exceed budget in Apr?,"Ops Apr variance was $4,791,076 vs plan",r52-0000928,completed,2026-04-07T11:50:01Z,74000
mjones@crestviewinsurance.com,Flux Commentary,What drove the change in gross margin this quarter?,"Accounting Mar variance was $3,668,751 vs plan",r52-0000929,completed,2026-04-07T13:28:43Z,36100
mjones@crestviewinsurance.com,Budget vs Actual,Forecast Mar operating cash flow,"FP&A Mar variance was $121,253 vs plan",r52-0000930,completed,2026-04-08T10:20:30Z,9000
jjohnson@crestviewinsurance.com,Revenue Recognizer,Summarize the May variance for entity US-04,error code 502 from model gateway,r52-0000931,completed,2026-04-08T13:39:10Z,1300
jjohnson@crestviewinsurance.com,Budget vs Actual,Forecast Feb operating cash flow,"Treasury Feb variance was $4,014,403 vs plan",r52-0000932,completed,2026-04-08T10:13:48Z,41800
swilson@crestviewinsurance.com,Board Deck Builder,Reconcile AP aging over 90 days for EU-08,"Accounting Apr variance was $2,224,512 vs plan",r52-0000933,completed,2026-04-08T14:29:59Z,18100
jjohnson@crestviewinsurance.com,Revenue Recognizer,Forecast Feb operating cash flow,"Ops Feb variance was $4,369,600 vs plan",r52-0000934,completed,2026-04-08T19:12:11Z,25200
mjones@crestviewinsurance.com,AP Aging Analyst,Why did Accounting spend exceed budget in Jan?,"Accounting Jan variance was $719,347 vs plan",r52-0000935,completed,2026-04-08T15:40:50Z,62400
mjones@crestviewinsurance.com,Revenue Recognizer,Forecast Mar operating cash flow,"Accounting Mar variance was $688,716 vs plan",r52-0000936,completed,2026-04-08T14:40:47Z,24500
mjones@crestviewinsurance.com,Variance Explainer,Build the board deck cash slide for May,"Accounting May variance was $3,584,998 vs plan",r52-0000937,completed,2026-04-08T15:16:07Z,17000
dperez@crestviewinsurance.com,Close Checklist Bot,Forecast Mar operating cash flow,"FP&A Mar variance was $1,503,060 vs plan",r52-0000938,completed,2026-04-08T10:13:48Z,30100
jjohnson@crestviewinsurance.com,Cash Forecaster,Reconcile AP aging over 90 days for MX-06,"Accounting Jan variance was $3,913,681 vs plan",r52-0000939,completed,2026-04-08T11:33:36Z,65800
jrobinson@crestviewinsurance.com,Variance Explainer,What drove the change in gross margin this quarter?,"Ops Mar variance was $4,051,157 vs plan",r52-0000940,completed,2026-04-08T10:13:48Z,48300
mjones@crestviewinsurance.com,Budget vs Actual,Summarize the Jan variance for entity US-02,"Accounting Jan variance was $4,360,563 vs plan",r52-0000941,completed,2026-04-08T13:42:48Z,6800
jjohnson@crestviewinsurance.com,Close Checklist Bot,Explain the headcount variance vs plan,"Treasury Mar variance was $1,056,498 vs plan",r52-0000942,completed,2026-04-08T12:54:26Z,3900
djohnson@crestviewinsurance.com,AP Aging Analyst,Forecast Jun operating cash flow,"FP&A Jun variance was $47,975 vs plan",r52-0000943,completed,2026-04-08T10:54:17Z,12900
bmiller@crestviewinsurance.com,Covenant Checker,What drove the change in gross margin this quarter?,error code 502 from model gateway,r52-0000944,error,2026-04-08T15:38:08Z,6000
jjohnson@crestviewinsurance.com,AP Aging Analyst,Forecast Jun operating cash flow,"Ops Jun variance was $1,815,090 vs plan",r52-0000945,completed,2026-04-08T06:17:03Z,37000
mjones@crestviewinsurance.com,AP Aging Analyst,Explain the headcount variance vs plan,"Treasury Jun variance was $357,123 vs plan",r52-0000946,completed,2026-04-08T18:43:54Z,69700
jpatel@crestviewinsurance.com,Revenue Recognizer,What drove the change in gross margin this quarter?,"Treasury Apr variance was $279,328 vs plan",r52-0000947,completed,2026-04-08T12:36:54Z,16700
jjohnson@crestviewinsurance.com,Headcount Planner,Build the board deck cash slide for Apr,"FP&A Apr variance was $2,024,802 vs plan",r52-0000948,completed,2026-04-08T06:43:19Z,65400
jjohnson@crestviewinsurance.com,Flux Commentary,Why did FP&A spend exceed budget in May?,"FP&A May variance was $3,236,890 vs plan",r52-0000949,completed,2026-04-08T11:57:17Z,6300
jjohnson@crestviewinsurance.com,Board Deck Builder,Reconcile AP aging over 90 days for MX-08,"Treasury Jan variance was $2,468,177 vs plan",r52-0000950,completed,2026-04-08T13:57:35Z,31800
mjones@crestviewinsurance.com,AP Aging Analyst,Which cost centers are over budget YTD?,"Ops Mar variance was $1,178,186 vs plan",r52-0000951,completed,2026-04-08T14:14:45Z,46800
mjones@crestviewinsurance.com,AP Aging Analyst,What drove the change in gross margin this quarter?,"Ops May variance was $2,043,573 vs plan",r52-0000952,completed,2026-04-09T20:39:50Z,5900
mjones@crestviewinsurance.com,Budget vs Actual,Reconcile AP aging over 90 days for MX-05,"Treasury Mar variance was $3,803,753 vs plan",r52-0000953,completed,2026-04-09T13:54:07Z,34800
yrobinson@crestviewinsurance.com,Revenue Recognizer,Reconcile AP aging over 90 days for US-08,"Accounting Apr variance was $3,234,286 vs plan",r52-0000954,completed,2026-04-09T09:50:18Z,13300
mjones@crestviewinsurance.com,Headcount Planner,What drove the change in gross margin this quarter?,"Ops Jan variance was $3,434,596 vs plan",r52-0000955,completed,2026-04-09T12:04:54Z,31800
mjones@crestviewinsurance.com,Close Checklist Bot,Forecast Mar operating cash flow,"Accounting Mar variance was $2,197,827 vs plan",r52-0000956,completed,2026-04-09T18:40:28Z,26900
ksanchez@crestviewinsurance.com,Revenue Recognizer,Forecast Jun operating cash flow,"Accounting Jun variance was $2,077,517 vs plan",r52-0000957,completed,2026-04-09T12:02:57Z,30900
jjohnson@crestviewinsurance.com,Headcount Planner,Summarize the Apr variance for entity US-08,"Ops Apr variance was $303,890 vs plan",r52-0000958,completed,2026-04-09T12:51:46Z,22700
lwilson@crestviewinsurance.com,Budget vs Actual,Summarize the Feb variance for entity CA-08,"FP&A Feb variance was $615,230 vs plan",r52-0000959,completed,2026-04-09T09:35:55Z,10800
mwalker@crestviewinsurance.com,Headcount Planner,Summarize the Apr variance for entity EU-05,"FP&A Apr variance was $4,479,122 vs plan",r52-0000960,completed,2026-04-09T13:15:49Z,10000
jpatel@crestviewinsurance.com,Variance Explainer,Why did Treasury spend exceed budget in Apr?,"Treasury Apr variance was $2,584,999 vs plan",r52-0000961,completed,2026-04-09T13:20:16Z,24500
jjohnson@crestviewinsurance.com,Variance Explainer,Draft flux commentary for the May close,"Accounting May variance was $1,380,448 vs plan",r52-0000962,completed,2026-04-09T13:43:53Z,12500
jjohnson@crestviewinsurance.com,Headcount Planner,Reconcile AP aging over 90 days for MX-05,"Treasury May variance was $2,792,415 vs plan",r52-0000963,completed,2026-04-09T11:25:35Z,24600
yrobinson@crestviewinsurance.com,Board Deck Builder,Which cost centers are over budget YTD?,"FP&A Feb variance was $959,347 vs plan",r52-0000964,completed,2026-04-09T07:28:36Z,73900
mjones@crestviewinsurance.com,Headcount Planner,Check covenant compliance for the revolver,"Treasury Mar variance was $2,866,315 vs plan",r52-0000965,completed,2026-04-09T13:20:45Z,34600
mjones@crestviewinsurance.com,Revenue Recognizer,Reconcile AP aging over 90 days for EU-06,"Treasury Jan variance was $3,959,676 vs plan",r52-0000966,completed,2026-04-09T06:14:31Z,37700
mjones@crestviewinsurance.com,Cash Forecaster,Explain the headcount variance vs plan,"Accounting Jan variance was $1,582,494 vs plan",r52-0000967,completed,2026-04-09T13:17:13Z,16700
mjones@crestviewinsurance.com,Close Checklist Bot,Summarize the Mar variance for entity US-03,"Treasury Mar variance was $3,531,433 vs plan",r52-0000968,completed,2026-04-09T13:11:03Z,39600
mjones@crestviewinsurance.com,AP Aging Analyst,Why did Treasury spend exceed budget in Mar?,error: connection reset by peer,r52-0000969,completed,2026-04-09T12:18:19Z,600
jjohnson@crestviewinsurance.com,Headcount Planner,Build the board deck cash slide for May,"Treasury May variance was $1,430,833 vs plan",r52-0000970,completed,2026-04-09T12:43:58Z,25800
dhaddad@crestviewinsurance.com,Revenue Recognizer,Why did FP&A spend exceed budget in Feb?,"FP&A Feb variance was $549,204 vs plan",r52-0000971,completed,2026-04-09T14:21:13Z,31400
mjones@crestviewinsurance.com,Vendor Spend Analyzer,Build the board deck cash slide for Jun,"Treasury Jun variance was $2,967,249 vs plan",r52-0000972,completed,2026-04-09T09:55:42Z,5000
dperez@crestviewinsurance.com,Journal Entry Reviewer,Summarize the Jan variance for entity US-02,"Ops Jan variance was $2,274,861 vs plan",r52-0000973,completed,2026-04-09T08:17:52Z,8500
yrobinson@crestviewinsurance.com,Cash Forecaster,What drove the change in gross margin this quarter?,error: connection reset by peer,r52-0000974,completed,2026-04-09T17:52:54Z,1400
jjohnson@crestviewinsurance.com,Board Deck Builder,Forecast Feb operating cash flow,"Treasury Feb variance was $4,010,875 vs plan",r52-0000975,completed,2026-04-09T10:15:35Z,69200
mjones@crestviewinsurance.com,Revenue Recognizer,Explain the headcount variance vs plan,"Ops Mar variance was $827,805 vs plan",r52-0000976,completed,2026-04-09T18:00:55Z,39500
mjones@crestviewinsurance.com,Variance Explainer,Why did Treasury spend exceed budget in Jun?,"Treasury Jun variance was $4,065,010 vs plan",r52-0000977,completed,2026-04-09T12:20:49Z,17000
jpatel@crestviewinsurance.com,Variance Explainer,Explain the headcount variance vs plan,"Accounting Jun variance was $4,483,404 vs plan",r52-0000978,completed,2026-04-09T15:13:55Z,10000
mjones@crestviewinsurance.com,Flux Commentary,Draft flux commentary for the May close,"Accounting May variance was $2,282,452 vs plan",r52-0000979,completed,2026-04-09T16:22:29Z,52300
yrobinson@crestviewinsurance.com,Revenue Recognizer,Check covenant compliance for the revolver,ERROR: upstream request timed out,r52-0000980,completed,2026-04-09T19:20:52Z,1100
jwilliams@crestviewinsurance.com,Variance Explainer,Reconcile AP aging over 90 days for CA-04,"FP&A Jun variance was $2,082,324 vs plan",r52-0000981,completed,2026-04-10T10:26:16Z,54200
jjohnson@crestviewinsurance.com,Flux Commentary,Why did Treasury spend exceed budget in Mar?,"Treasury Mar variance was $579,917 vs plan",r52-0000982,completed,2026-04-10T10:12:46Z,47100
jjohnson@crestviewinsurance.com,Flux Commentary,Why did FP&A spend exceed budget in Apr?,Traceback (most recent call last): KeyError 'entity',r52-0000983,completed,2026-04-10T09:00:32Z,1500
jkim@crestviewinsurance.com,Variance Explainer,Draft flux commentary for the May close,"FP&A May variance was $4,692,241 vs plan",r52-0000984,completed,2026-04-10T07:52:20Z,25400
jpatel@crestviewinsurance.com,Flux Commentary,Draft flux commentary for the Jan close,"Accounting Jan variance was $1,952,255 vs plan",r52-0000985,completed,2026-04-10T10:48:52Z,50900
jkim@crestviewinsurance.com,Cash Forecaster,What drove the change in gross margin this quarter?,"Ops Jan variance was $3,316,737 vs plan",r52-0000986,completed,2026-04-10T12:04:29Z,49000
yrobinson@crestviewinsurance.com,Board Deck Builder,Forecast Apr operating cash flow,"Ops Apr variance was $2,351,759 vs plan",r52-0000987,completed,2026-04-10T19:44:39Z,62500
mjones@crestviewinsurance.com,AP Aging Analyst,What drove the change in gross margin this quarter?,"Ops Jun variance was $4,603,406 vs plan",r52-0000988,completed,2026-04-10T11:01:35Z,49100
mjones@crestviewinsurance.com,Cash Forecaster,Why did FP&A spend exceed budget in Feb?,"FP&A Feb variance was $3,789,994 vs plan",r52-0000989,completed,2026-04-10T09:02:27Z,45900
mjones@crestviewinsurance.com,Flux Commentary,Explain the headcount variance vs plan,FAILED: null reference in aggregation step,r52-0000990,completed,2026-04-10T19:12:05Z,1500
dperez@crestviewinsurance.com,Budget vs Actual,Draft flux commentary for the May close,"Ops May variance was $3,449,142 vs plan",r52-0000991,completed,2026-04-10T15:08:07Z,38400
lwilson@crestviewinsurance.com,Covenant Checker,Explain the headcount variance vs plan,"Accounting Jun variance was $1,784,285 vs plan",r52-0000992,completed,2026-04-10T18:44:02Z,50900
mjones@crestviewinsurance.com,Variance Explainer,What drove the change in gross margin this quarter?,error code 502 from model gateway,r52-0000993,error,2026-04-10T14:16:08Z,600
jpatel@crestviewinsurance.com,Covenant Checker,Summarize the Feb variance for entity MX-04,"Accounting Feb variance was $3,272,265 vs plan",r52-0000994,completed,2026-04-10T12:03:18Z,67300
kmiller@crestviewinsurance.com,Close Checklist Bot,Build the board deck cash slide for Jun,ERROR: upstream request timed out,r52-0000995,completed,2026-04-10T16:58:00Z,1600
yrobinson@crestviewinsurance.com,Cash Forecaster,Why did Accounting spend exceed budget in Feb?,"Accounting Feb variance was $522,518 vs plan",r52-0000996,completed,2026-04-10T10:06:10Z,21100
drodriguez@crestviewinsurance.com,Variance Explainer,Draft flux commentary for the May close,Traceback (most recent call last): KeyError 'entity',r52-0000997,error,2026-04-10T12:25:21Z,1300
kmiller@crestviewinsurance.com,Flux Commentary,Why did Treasury spend exceed budget in Feb?,"Treasury Feb variance was $1,792,493 vs plan",r52-0000998,completed,2026-04-10T08:54:36Z,74400
yrobinson@crestviewinsurance.com,AP Aging Analyst,Draft flux commentary for the Feb close,"Accounting Feb variance was $1,490,950 vs plan",r52-0000999,completed,2026-04-10T12:21:42Z,53700
yrobinson@crestviewinsurance.com,Revenue Recognizer,Summarize the Apr variance for entity CA-04,"Accounting Apr variance was $1,718,652 vs plan",r52-0001000,completed,2026-04-10T12:28:33Z,67200
yrobinson@crestviewinsurance.com,Vendor Spend Analyzer,What drove the change in gross margin this quarter?,"Ops Jun variance was $4,256,186 vs plan",r52-0001001,completed,2026-04-10T12:12:58Z,22600
bmiller@crestviewinsurance.com,Revenue Recognizer,Which cost centers are over budget YTD?,"Ops Jan variance was $2,778,231 vs plan",r52-0001002,completed,2026-04-10T11:07:27Z,73100
mjones@crestviewinsurance.com,Budget vs Actual,Why did Treasury spend exceed budget in Mar?,"Treasury Mar variance was $4,067,029 vs plan",r52-0001003,completed,2026-04-10T11:31:16Z,49400
jjohnson@crestviewinsurance.com,Vendor Spend Analyzer,Explain the headcount variance vs plan,"Ops May variance was $4,468,590 vs plan",r52-0001004,completed,2026-04-10T14:36:25Z,22800
bmiller@crestviewinsurance.com,Variance Explainer,What drove the change in gross margin this quarter?,"FP&A Apr variance was $3,251,996 vs plan",r52-0001005,completed,2026-04-10T11:27:34Z,54400
swilson@crestviewinsurance.com,Covenant Checker,Explain the headcount variance vs plan,error code 502 from model gateway,r52-0001006,completed,2026-04-10T13:19:09Z,1200
mjones@crestviewinsurance.com,AP Aging Analyst,Reconcile AP aging over 90 days for MX-07,"Treasury Mar variance was $1,014,227 vs plan",r52-0001007,completed,2026-04-10T11:16:49Z,37000
jjohnson@crestviewinsurance.com,Journal Entry Reviewer,Draft flux commentary for the Apr close,"Ops Apr variance was $936,594 vs plan",r52-0001008,completed,2026-04-10T17:48:30Z,34400
mjones@crestviewinsurance.com,AP Aging Analyst,Build the board deck cash slide for Jun,Traceback (most recent call last): KeyError 'entity',r52-0001009,completed,2026-04-10T15:12:22Z,500
jjohnson@crestviewinsurance.com,Cash Forecaster,Reconcile AP aging over 90 days for CA-08,"FP&A Mar variance was $2,416,857 vs plan",r52-0001010,completed,2026-04-10T11:22:42Z,3700
mjones@crestviewinsurance.com,Covenant Checker,What drove the change in gross margin this quarter?,"Ops Mar variance was $2,334,808 vs plan",r52-0001011,completed,2026-04-10T15:10:27Z,14200
swilson@crestviewinsurance.com,Journal Entry Reviewer,Draft flux commentary for the Jun close,"Ops Jun variance was $3,916,096 vs plan",r52-0001012,completed,2026-04-10T12:20:14Z,42900
jjohnson@crestviewinsurance.com,Vendor Spend Analyzer,What drove the change in gross margin this quarter?,"Ops Feb variance was $2,431,560 vs plan",r52-0001013,completed,2026-04-10T16:57:24Z,64400
kmiller@crestviewinsurance.com,Board Deck Builder,Forecast Apr operating cash flow,"Treasury Apr variance was $2,006,166 vs plan",r52-0001014,completed,2026-04-10T08:40:30Z,40500
mjones@crestviewinsurance.com,AP Aging Analyst,Check covenant compliance for the revolver,"Accounting Apr variance was $2,782,257 vs plan",r52-0001015,completed,2026-04-10T14:49:42Z,56000
mjones@crestviewinsurance.com,Vendor Spend Analyzer,Forecast Mar operating cash flow,"Treasury Mar variance was $4,754,555 vs plan",r52-0001016,completed,2026-04-10T09:02:11Z,22800
mjones@crestviewinsurance.com,Cash Forecaster,Draft flux commentary for the Mar close,"Ops Mar variance was $967,488 vs plan",r52-0001017,completed,2026-04-10T16:49:41Z,15000
mjones@crestviewinsurance.com,Vendor Spend Analyzer,Build the board deck cash slide for Mar,"Ops Mar variance was $3,509,179 vs plan",r52-0001018,completed,2026-04-11T12:46:23Z,48700
mjones@crestviewinsurance.com,Close Checklist Bot,Explain the headcount variance vs plan,"Treasury Jun variance was $3,576,033 vs plan",r52-0001019,completed,2026-04-11T13:05:59Z,13200
jjohnson@crestviewinsurance.com,Journal Entry Reviewer,Draft flux commentary for the Mar close,error: connection reset by peer,r52-0001020,error,2026-04-11T06:32:28Z,4100
jjohnson@crestviewinsurance.com,Covenant Checker,Reconcile AP aging over 90 days for US-04,"Treasury Jun variance was $1,459,829 vs plan",r52-0001021,completed,2026-04-11T13:41:58Z,18400
jwilliams@crestviewinsurance.com,Headcount Planner,Explain the headcount variance vs plan,Traceback (most recent call last): KeyError 'entity',r52-0001022,completed,2026-04-11T13:32:23Z,500
jjohnson@crestviewinsurance.com,Close Checklist Bot,Reconcile AP aging over 90 days for EU-05,"Treasury Mar variance was $2,957 vs plan",r52-0001023,completed,2026-04-11T16:05:16Z,29800
jjohnson@crestviewinsurance.com,Journal Entry Reviewer,Summarize the May variance for entity MX-03,"Ops May variance was $2,820,376 vs plan",r52-0001024,completed,2026-04-11T13:39:58Z,52200
jjohnson@crestviewinsurance.com,Flux Commentary,Which cost centers are over budget YTD?,"Ops Apr variance was $2,817,842 vs plan",r52-0001025,completed,2026-04-11T12:38:26Z,19400
yrobinson@crestviewinsurance.com,Budget vs Actual,Explain the headcount variance vs plan,"Ops Jan variance was $675,882 vs plan",r52-0001026,completed,2026-04-11T10:07:48Z,28700
yrobinson@crestviewinsurance.com,Revenue Recognizer,Summarize the Jun variance for entity US-03,"Accounting Jun variance was $2,108,492 vs plan",r52-0001027,completed,2026-04-11T11:00:57Z,24000
jrobinson@crestviewinsurance.com,Headcount Planner,Explain the headcount variance vs plan,"Ops Feb variance was $1,216,419 vs plan",r52-0001028,completed,2026-04-11T10:59:48Z,57400
jjohnson@crestviewinsurance.com,Variance Explainer,Summarize the Mar variance for entity CA-04,"Accounting Mar variance was $228,320 vs plan",r52-0001029,completed,2026-04-11T14:34:16Z,31200
swilson@crestviewinsurance.com,Close Checklist Bot,Build the board deck cash slide for Jan,"FP&A Jan variance was $3,841,163 vs plan",r52-0001030,completed,2026-04-11T15:22:52Z,62600
swilson@crestviewinsurance.com,Journal Entry Reviewer,What drove the change in gross margin this quarter?,"Treasury Mar variance was $730,554 vs plan",r52-0001031,completed,2026-04-12T16:07:37Z,29500
fjackson@crestviewinsurance.com,Cash Forecaster,Check covenant compliance for the revolver,"Ops Mar variance was $3,262,571 vs plan",r52-0001032,completed,2026-04-12T16:45:26Z,27000
jjohnson@crestviewinsurance.com,Flux Commentary,Check covenant compliance for the revolver,"Treasury Mar variance was $656,846 vs plan",r52-0001033,completed,2026-04-12T10:36:51Z,67100
mjones@crestviewinsurance.com,Headcount Planner,Draft flux commentary for the Jun close,"Accounting Jun variance was $3,892,755 vs plan",r52-0001034,completed,2026-04-12T07:34:54Z,71100
mjones@crestviewinsurance.com,Cash Forecaster,Build the board deck cash slide for Mar,"Ops Mar variance was $193,770 vs plan",r52-0001035,completed,2026-04-12T12:23:58Z,6800
jlopez@crestviewinsurance.com,Board Deck Builder,Explain the headcount variance vs plan,error: connection reset by peer,r52-0001036,error,2026-04-12T18:46:22Z,7300
mtaylor@crestviewinsurance.com,Budget vs Actual,Reconcile AP aging over 90 days for US-04,"Accounting Feb variance was $3,020,159 vs plan",r52-0001037,completed,2026-04-12T11:15:50Z,26000
mjones@crestviewinsurance.com,Flux Commentary,Reconcile AP aging over 90 days for CA-08,"Accounting Jan variance was $4,032,477 vs plan",r52-0001038,completed,2026-04-13T09:49:38Z,61700
yrobinson@crestviewinsurance.com,Covenant Checker,Draft flux commentary for the Apr close,"FP&A Apr variance was $3,114,223 vs plan",r52-0001039,completed,2026-04-13T14:51:11Z,35700
mjones@crestviewinsurance.com,Headcount Planner,Check covenant compliance for the revolver,"FP&A Feb variance was $4,450,799 vs plan",r52-0001040,completed,2026-04-13T15:12:51Z,20200
kmiller@crestviewinsurance.com,Cash Forecaster,Reconcile AP aging over 90 days for MX-08,"Treasury Jun variance was $1,591,929 vs plan",r52-0001041,completed,2026-04-13T13:55:55Z,55800
mjones@crestviewinsurance.com,AP Aging Analyst,Forecast Apr operating cash flow,"Ops Apr variance was $3,485,445 vs plan",r52-0001042,completed,2026-04-13T15:47:43Z,68600
mjones@crestviewinsurance.com,Flux Commentary,Check covenant compliance for the revolver,"Treasury May variance was $2,321,412 vs plan",r52-0001043,completed,2026-04-13T15:51:24Z,58000
mjones@crestviewinsurance.com,Close Checklist Bot,Explain the headcount variance vs plan,"Ops Jan variance was $2,392,295 vs plan",r52-0001044,completed,2026-04-13T11:49:06Z,22100
yrobinson@crestviewinsurance.com,Journal Entry Reviewer,Reconcile AP aging over 90 days for EU-06,Traceback (most recent call last): KeyError 'entity',r52-0001045,completed,2026-04-13T17:24:37Z,300
mjones@crestviewinsurance.com,Cash Forecaster,Build the board deck cash slide for May,"Accounting May variance was $3,719,146 vs plan",r52-0001046,completed,2026-04-13T06:20:06Z,41500
jnguyen@crestviewinsurance.com,Cash Forecaster,What drove the change in gross margin this quarter?,"Accounting Jun variance was $433,906 vs plan",r52-0001047,completed,2026-04-13T10:37:41Z,66900
mjones@crestviewinsurance.com,Close Checklist Bot,Reconcile AP aging over 90 days for US-05,"Treasury Mar variance was $2,475,844 vs plan",r52-0001048,completed,2026-04-13T11:04:01Z,70500
mjones@crestviewinsurance.com,Flux Commentary,Explain the headcount variance vs plan,"FP&A Jun variance was $4,247,824 vs plan",r52-0001049,completed,2026-04-13T13:21:16Z,61900
mjones@crestviewinsurance.com,Budget vs Actual,Summarize the Feb variance for entity US-04,"Treasury Feb variance was $3,094,193 vs plan",r52-0001050,completed,2026-04-13T14:58:15Z,37800
jlopez@crestviewinsurance.com,Board Deck Builder,Summarize the Mar variance for entity MX-03,"FP&A Mar variance was $3,404,871 vs plan",r52-0001051,completed,2026-04-13T10:41:14Z,5500
jjohnson@crestviewinsurance.com,Board Deck Builder,Summarize the Feb variance for entity US-01,"Treasury Feb variance was $2,808,347 vs plan",r52-0001052,completed,2026-04-13T12:38:40Z,19100
mjones@crestviewinsurance.com,Close Checklist Bot,Why did FP&A spend exceed budget in May?,"FP&A May variance was $2,026,042 vs plan",r52-0001053,completed,2026-04-13T11:54:25Z,21000
mtaylor@crestviewinsurance.com,Variance Explainer,Summarize the May variance for entity MX-01,"Accounting May variance was $4,252,919 vs plan",r52-0001054,completed,2026-04-13T15:56:18Z,72400
drodriguez@crestviewinsurance.com,Journal Entry Reviewer,Forecast Mar operating cash flow,"Treasury Mar variance was $4,670,793 vs plan",r52-0001055,completed,2026-04-13T09:00:33Z,41500
jjohnson@crestviewinsurance.com,Close Checklist Bot,Draft flux commentary for the May close,ERROR: upstream request timed out,r52-0001056,completed,2026-04-13T13:43:51Z,1200
lwilson@crestviewinsurance.com,Headcount Planner,Summarize the Jun variance for entity MX-08,"Ops Jun variance was $2,690,055 vs plan",r52-0001057,completed,2026-04-13T13:25:30Z,18900
mjones@crestviewinsurance.com,Headcount Planner,Build the board deck cash slide for May,"FP&A May variance was $3,100,280 vs plan",r52-0001058,completed,2026-04-13T12:06:57Z,49500
dperez@crestviewinsurance.com,Variance Explainer,Explain the headcount variance vs plan,"Treasury Mar variance was $1,752,080 vs plan",r52-0001059,completed,2026-04-13T14:20:43Z,44600
mjones@crestviewinsurance.com,Variance Explainer,Explain the headcount variance vs plan,"Accounting May variance was $2,784,217 vs plan",r52-0001060,completed,2026-04-13T07:40:37Z,48900
mjones@crestviewinsurance.com,Covenant Checker,Draft flux commentary for the Feb close,"Ops Feb variance was $4,491,141 vs plan",r52-0001061,completed,2026-04-13T15:11:24Z,28200
mtaylor@crestviewinsurance.com,Covenant Checker,Forecast Feb operating cash flow,"Treasury Feb variance was $2,842,316 vs plan",r52-0001062,completed,2026-04-13T14:39:12Z,60200
dperez@crestviewinsurance.com,Flux Commentary,Draft flux commentary for the Jan close,"Ops Jan variance was $2,272,140 vs plan",r52-0001063,completed,2026-04-13T13:15:25Z,30500
kmiller@crestviewinsurance.com,AP Aging Analyst,Check covenant compliance for the revolver,"Treasury Jun variance was $3,505,969 vs plan",r52-0001064,completed,2026-04-13T11:04:23Z,56600
mjones@crestviewinsurance.com,Vendor Spend Analyzer,Check covenant compliance for the revolver,"Accounting Mar variance was $3,591,744 vs plan",r52-0001065,completed,2026-04-13T08:57:24Z,21400
bmiller@crestviewinsurance.com,Cash Forecaster,Which cost centers are over budget YTD?,"FP&A Jun variance was $4,447,398 vs plan",r52-0001066,completed,2026-04-13T11:00:35Z,68900
sgonzalez@crestviewinsurance.com,Cash Forecaster,Build the board deck cash slide for May,"FP&A May variance was $1,560,227 vs plan",r52-0001067,completed,2026-04-13T10:56:04Z,55200
kmiller@crestviewinsurance.com,Covenant Checker,Why did Ops spend exceed budget in May?,"Ops May variance was $4,386,020 vs plan",r52-0001068,completed,2026-04-13T16:28:50Z,22100
yrobinson@crestviewinsurance.com,Budget vs Actual,Forecast Apr operating cash flow,"Accounting Apr variance was $2,147,082 vs plan",r52-0001069,completed,2026-04-13T12:29:50Z,48500
mjones@crestviewinsurance.com,AP Aging Analyst,Summarize the Jan variance for entity US-01,error: connection reset by peer,r52-0001070,completed,2026-04-13T10:23:51Z,1900
jjohnson@crestviewinsurance.com,AP Aging Analyst,What drove the change in gross margin this quarter?,"Accounting Apr variance was $2,862,258 vs plan",r52-0001071,completed,2026-04-13T14:14:34Z,56500
yrobinson@crestviewinsurance.com,Cash Forecaster,Draft flux commentary for the Apr close,"Accounting Apr variance was $2,053,341 vs plan",r52-0001072,completed,2026-04-13T11:37:18Z,8300
mjones@crestviewinsurance.com,Cash Forecaster,Reconcile AP aging over 90 days for CA-05,"FP&A Feb variance was $4,245,619 vs plan",r52-0001073,completed,2026-04-14T10:00:26Z,6500
mjones@crestviewinsurance.com,Flux Commentary,Which cost centers are over budget YTD?,"Treasury Feb variance was $1,133,151 vs plan",r52-0001074,completed,2026-04-14T14:56:35Z,18100
kmiller@crestviewinsurance.com,Revenue Recognizer,Reconcile AP aging over 90 days for US-08,"Treasury Apr variance was $1,011,021 vs plan",r52-0001075,completed,2026-04-14T13:37:50Z,72100
jjohnson@crestviewinsurance.com,Cash Forecaster,Summarize the May variance for entity MX-01,"Ops May variance was $3,619,517 vs plan",r52-0001076,completed,2026-04-14T07:46:42Z,59700
mjones@crestviewinsurance.com,Cash Forecaster,Check covenant compliance for the revolver,"Treasury Jun variance was $4,107,552 vs plan",r52-0001077,completed,2026-04-14T14:57:39Z,19100
mjones@crestviewinsurance.com,Budget vs Actual,Which cost centers are over budget YTD?,"FP&A Jun variance was $225,657 vs plan",r52-0001078,completed,2026-04-14T13:07:20Z,48600
snguyen@crestviewinsurance.com,Journal Entry Reviewer,Explain the headcount variance vs plan,Traceback (most recent call last): KeyError 'entity',r52-0001079,error,2026-04-14T12:12:42Z,3700
mjones@crestviewinsurance.com,Flux Commentary,Forecast Apr operating cash flow,"Treasury Apr variance was $4,690,604 vs plan",r52-0001080,completed,2026-04-14T12:21:11Z,4400
yrobinson@crestviewinsurance.com,Variance Explainer,Why did Treasury spend exceed budget in Apr?,"Treasury Apr variance was $4,358,020 vs plan",r52-0001081,completed,2026-04-14T19:10:56Z,5300
mjones@crestviewinsurance.com,Headcount Planner,Check covenant compliance for the revolver,"Accounting May variance was $210,755 vs plan",r52-0001082,completed,2026-04-14T13:46:41Z,53600
mjones@crestviewinsurance.com,Close Checklist Bot,Check covenant compliance for the revolver,Traceback (most recent call last): KeyError 'entity',r52-0001083,completed,2026-04-14T10:56:57Z,1400
jjohnson@crestviewinsurance.com,Revenue Recognizer,Explain the headcount variance vs plan,"Ops May variance was $22,454 vs plan",r52-0001084,completed,2026-04-14T12:42:22Z,15900
kmiller@crestviewinsurance.com,Covenant Checker,Build the board deck cash slide for Jan,ERROR: upstream request timed out,r52-0001085,completed,2026-04-14T09:31:01Z,600
yrobinson@crestviewinsurance.com,Cash Forecaster,Which cost centers are over budget YTD?,"Treasury Feb variance was $3,478,038 vs plan",r52-0001086,completed,2026-04-14T06:34:05Z,48300
mjones@crestviewinsurance.com,Journal Entry Reviewer,Reconcile AP aging over 90 days for CA-04,"Treasury May variance was $2,653,816 vs plan",r52-0001087,completed,2026-04-14T10:58:14Z,59300
jjohnson@crestviewinsurance.com,Close Checklist Bot,What drove the change in gross margin this quarter?,"Ops Mar variance was $2,937,975 vs plan",r52-0001088,completed,2026-04-14T09:22:56Z,44200
jjohnson@crestviewinsurance.com,Cash Forecaster,Reconcile AP aging over 90 days for CA-02,Traceback (most recent call last): KeyError 'entity',r52-0001089,completed,2026-04-14T10:12:58Z,1200
kmiller@crestviewinsurance.com,Revenue Recognizer,Build the board deck cash slide for Jan,"Treasury Jan variance was $3,258,131 vs plan",r52-0001090,completed,2026-04-14T08:30:06Z,45500
ksanchez@crestviewinsurance.com,Revenue Recognizer,Draft flux commentary for the Feb close,"Treasury Feb variance was $961,267 vs plan",r52-0001091,completed,2026-04-14T16:21:59Z,60800
mjones@crestviewinsurance.com,Flux Commentary,Build the board deck cash slide for Jan,"Ops Jan variance was $2,695,207 vs plan",r52-0001092,completed,2026-04-14T09:46:07Z,60500
sgonzalez@crestviewinsurance.com,Journal Entry Reviewer,What drove the change in gross margin this quarter?,"Accounting Jun variance was $779,349 vs plan",r52-0001093,completed,2026-04-14T20:30:51Z,43700
mjones@crestviewinsurance.com,Variance Explainer,Forecast Mar operating cash flow,"FP&A Mar variance was $3,343,945 vs plan",r52-0001094,completed,2026-04-14T11:18:38Z,55000
jnguyen@crestviewinsurance.com,Cash Forecaster,Reconcile AP aging over 90 days for MX-09,"Accounting May variance was $568,545 vs plan",r52-0001095,completed,2026-04-14T13:40:32Z,14200
jjohnson@crestviewinsurance.com,Revenue Recognizer,Reconcile AP aging over 90 days for EU-01,"Accounting Apr variance was $4,338,627 vs plan",r52-0001096,completed,2026-04-14T11:23:27Z,35300
jjohnson@crestviewinsurance.com,AP Aging Analyst,Check covenant compliance for the revolver,"Accounting Mar variance was $179,944 vs plan",r52-0001097,completed,2026-04-15T09:40:12Z,25200
yrobinson@crestviewinsurance.com,Close Checklist Bot,Summarize the Jan variance for entity MX-06,"Treasury Jan variance was $537,846 vs plan",r52-0001098,completed,2026-04-15T11:04:28Z,57600
mjones@crestviewinsurance.com,Board Deck Builder,Reconcile AP aging over 90 days for US-09,FAILED: null reference in aggregation step,r52-0001099,error,2026-04-15T14:37:58Z,1100
mjones@crestviewinsurance.com,Cash Forecaster,Draft flux commentary for the May close,"FP&A May variance was $525,858 vs plan",r52-0001100,completed,2026-04-15T07:15:48Z,53900
jrobinson@crestviewinsurance.com,Flux Commentary,Forecast Jun operating cash flow,"FP&A Jun variance was $1,634,252 vs plan",r52-0001101,completed,2026-04-15T15:22:02Z,73800
mjones@crestviewinsurance.com,AP Aging Analyst,Why did Ops spend exceed budget in Apr?,"Ops Apr variance was $3,354,292 vs plan",r52-0001102,completed,2026-04-15T16:58:57Z,42900
jjohnson@crestviewinsurance.com,Journal Entry Reviewer,What drove the change in gross margin this quarter?,"Ops Jun variance was $126,304 vs plan",r52-0001103,completed,2026-04-15T12:17:36Z,28800
yrobinson@crestviewinsurance.com,Budget vs Actual,Build the board deck cash slide for May,FAILED: null reference in aggregation step,r52-0001104,completed,2026-04-15T13:31:04Z,1600
mjones@crestviewinsurance.com,Cash Forecaster,Explain the headcount variance vs plan,FAILED: null reference in aggregation step,r52-0001105,error,2026-04-15T11:54:48Z,2600
fjackson@crestviewinsurance.com,Board Deck Builder,Explain the headcount variance vs plan,"Ops Apr variance was $3,890,565 vs plan",r52-0001106,completed,2026-04-15T12:24:18Z,69600
jjohnson@crestviewinsurance.com,Board Deck Builder,Reconcile AP aging over 90 days for EU-09,"Ops Jun variance was $4,528,626 vs plan",r52-0001107,completed,2026-04-15T11:05:36Z,11400
jjohnson@crestviewinsurance.com,Covenant Checker,Reconcile AP aging over 90 days for MX-05,"Accounting Jan variance was $2,744,606 vs plan",r52-0001108,completed,2026-04-15T14:57:05Z,14600
jjohnson@crestviewinsurance.com,Vendor Spend Analyzer,Explain the headcount variance vs plan,"Accounting May variance was $3,477,577 vs plan",r52-0001109,completed,2026-04-15T16:21:59Z,49200
rmartinez@crestviewinsurance.com,Flux Commentary,Check covenant compliance for the revolver,"Treasury Jan variance was $687,466 vs plan",r52-0001110,completed,2026-04-15T18:11:10Z,13000
djohnson@crestviewinsurance.com,Journal Entry Reviewer,Explain the headcount variance vs plan,"FP&A May variance was $4,624,952 vs plan",r52-0001111,completed,2026-04-15T18:16:18Z,44000
jkim@crestviewinsurance.com,AP Aging Analyst,Draft flux commentary for the Feb close,"Treasury Feb variance was $4,584,546 vs plan",r52-0001112,completed,2026-04-15T09:25:33Z,40000
mjones@crestviewinsurance.com,Journal Entry Reviewer,Explain the headcount variance vs plan,"FP&A Jan variance was $4,305,025 vs plan",r52-0001113,completed,2026-04-15T07:50:39Z,24200
mjones@crestviewinsurance.com,Vendor Spend Analyzer,Draft flux commentary for the Feb close,"FP&A Feb variance was $4,736,565 vs plan",r52-0001114,completed,2026-04-15T12:37:09Z,9600
mjones@crestviewinsurance.com,Revenue Recognizer,What drove the change in gross margin this quarter?,"Ops Feb variance was $2,164,437 vs plan",r52-0001115,completed,2026-04-15T15:09:26Z,9400
mjones@crestviewinsurance.com,Covenant Checker,Check covenant compliance for the revolver,"Treasury May variance was $633,106 vs plan",r52-0001116,completed,2026-04-15T11:20:20Z,25900
dhaddad@crestviewinsurance.com,Flux Commentary,Check covenant compliance for the revolver,"Treasury Feb variance was $996,576 vs plan",r52-0001117,completed,2026-04-15T12:22:20Z,33400
fjackson@crestviewinsurance.com,Budget vs Actual,Forecast Feb operating cash flow,"Ops Feb variance was $4,106,042 vs plan",r52-0001118,completed,2026-04-15T14:02:15Z,73400
mjones@crestviewinsurance.com,Flux Commentary,Forecast Mar operating cash flow,"Accounting Mar variance was $3,066,873 vs plan",r52-0001119,completed,2026-04-15T13:27:40Z,6900
mjones@crestviewinsurance.com,Covenant Checker,Reconcile AP aging over 90 days for MX-03,"Accounting Mar variance was $1,671,339 vs plan",r52-0001120,completed,2026-04-15T11:19:18Z,54800
jjohnson@crestviewinsurance.com,Flux Commentary,Draft flux commentary for the Apr close,"Ops Apr variance was $952,548 vs plan",r52-0001121,completed,2026-04-15T13:05:36Z,67800
dhaddad@crestviewinsurance.com,AP Aging Analyst,Reconcile AP aging over 90 days for EU-02,"Ops Feb variance was $3,870,348 vs plan",r52-0001122,completed,2026-04-16T12:53:12Z,35700
jlopez@crestviewinsurance.com,Flux Commentary,What drove the change in gross margin this quarter?,"FP&A Jan variance was $4,753,373 vs plan",r52-0001123,completed,2026-04-16T13:03:32Z,8100
kmiller@crestviewinsurance.com,Covenant Checker,Draft flux commentary for the May close,"FP&A May variance was $2,699,218 vs plan",r52-0001124,completed,2026-04-16T14:35:32Z,38700
yrobinson@crestviewinsurance.com,Vendor Spend Analyzer,Explain the headcount variance vs plan,"Treasury Apr variance was $323,614 vs plan",r52-0001125,completed,2026-04-16T14:31:30Z,26100
jjohnson@crestviewinsurance.com,Variance Explainer,Reconcile AP aging over 90 days for MX-06,"FP&A Apr variance was $3,828,975 vs plan",r52-0001126,completed,2026-04-16T14:00:43Z,26600
kperez@crestviewinsurance.com,Covenant Checker,Why did Accounting spend exceed budget in Mar?,"Accounting Mar variance was $3,285,470 vs plan",r52-0001127,completed,2026-04-16T13:47:44Z,40400
mjones@crestviewinsurance.com,Board Deck Builder,What drove the change in gross margin this quarter?,"Ops Feb variance was $2,831,703 vs plan",r52-0001128,completed,2026-04-16T13:15:47Z,28300
kmiller@crestviewinsurance.com,Journal Entry Reviewer,Draft flux commentary for the May close,"Treasury May variance was $1,044,114 vs plan",r52-0001129,completed,2026-04-16T11:27:04Z,74700
jjohnson@crestviewinsurance.com,Variance Explainer,Build the board deck cash slide for Apr,"Ops Apr variance was $822,052 vs plan",r52-0001130,completed,2026-04-16T10:55:56Z,54300
jjohnson@crestviewinsurance.com,Revenue Recognizer,Forecast Jan operating cash flow,"FP&A Jan variance was $1,458,232 vs plan",r52-0001131,completed,2026-04-16T06:45:29Z,29400
jjohnson@crestviewinsurance.com,Journal Entry Reviewer,Forecast Apr operating cash flow,"Treasury Apr variance was $1,380,753 vs plan",r52-0001132,completed,2026-04-16T15:12:14Z,6500
yrobinson@crestviewinsurance.com,Journal Entry Reviewer,What drove the change in gross margin this quarter?,"Treasury Jan variance was $3,106,147 vs plan",r52-0001133,completed,2026-04-16T12:33:53Z,69700
mjones@crestviewinsurance.com,Cash Forecaster,Why did Treasury spend exceed budget in Feb?,"Treasury Feb variance was $960,323 vs plan",r52-0001134,completed,2026-04-16T17:52:06Z,60000
dhaddad@crestviewinsurance.com,Vendor Spend Analyzer,Summarize the May variance for entity EU-05,"Accounting May variance was $1,981,643 vs plan",r52-0001135,completed,2026-04-16T06:30:05Z,72300
jlopez@crestviewinsurance.com,Variance Explainer,Build the board deck cash slide for Jun,"FP&A Jun variance was $446,332 vs plan",r52-0001136,completed,2026-04-16T12:32:49Z,38100
mjones@crestviewinsurance.com,Revenue Recognizer,Summarize the Feb variance for entity EU-07,"Ops Feb variance was $1,572,793 vs plan",r52-0001137,completed,2026-04-16T07:07:44Z,73700
jjohnson@crestviewinsurance.com,Journal Entry Reviewer,Build the board deck cash slide for May,Traceback (most recent call last): KeyError 'entity',r52-0001138,error,2026-04-16T12:00:34Z,6100
dhaddad@crestviewinsurance.com,Vendor Spend Analyzer,What drove the change in gross margin this quarter?,"FP&A Jun variance was $319,643 vs plan",r52-0001139,completed,2026-04-16T13:25:34Z,43700
jjohnson@crestviewinsurance.com,Cash Forecaster,Which cost centers are over budget YTD?,"Treasury Feb variance was $4,768,725 vs plan",r52-0001140,completed,2026-04-16T14:53:54Z,43600
yrobinson@crestviewinsurance.com,Vendor Spend Analyzer,Check covenant compliance for the revolver,"Treasury Jun variance was $3,313,095 vs plan",r52-0001141,completed,2026-04-16T11:37:35Z,50700
jjohnson@crestviewinsurance.com,Revenue Recognizer,Which cost centers are over budget YTD?,"FP&A Jun variance was $2,402,782 vs plan",r52-0001142,completed,2026-04-16T10:04:55Z,7600
mjones@crestviewinsurance.com,Cash Forecaster,Check covenant compliance for the revolver,"FP&A Mar variance was $2,161,463 vs plan",r52-0001143,completed,2026-04-16T13:26:19Z,18600
kmiller@crestviewinsurance.com,Journal Entry Reviewer,Build the board deck cash slide for Jun,"Ops Jun variance was $1,879,250 vs plan",r52-0001144,completed,2026-04-16T09:42:56Z,6600
mjones@crestviewinsurance.com,AP Aging Analyst,Reconcile AP aging over 90 days for CA-07,"FP&A May variance was $4,499,047 vs plan",r52-0001145,completed,2026-04-16T11:24:55Z,29000
yrobinson@crestviewinsurance.com,Budget vs Actual,Explain the headcount variance vs plan,"FP&A Mar variance was $2,736,967 vs plan",r52-0001146,completed,2026-04-16T13:41:22Z,47800
yrobinson@crestviewinsurance.com,Board Deck Builder,Draft flux commentary for the Feb close,"Ops Feb variance was $4,246,748 vs plan",r52-0001147,completed,2026-04-16T18:05:12Z,5400
jjohnson@crestviewinsurance.com,Covenant Checker,Forecast Apr operating cash flow,"Treasury Apr variance was $4,463,274 vs plan",r52-0001148,completed,2026-04-16T12:39:20Z,3500
mjones@crestviewinsurance.com,Covenant Checker,Build the board deck cash slide for Jun,"Treasury Jun variance was $688,901 vs plan",r52-0001149,completed,2026-04-16T06:44:04Z,72500
yrobinson@crestviewinsurance.com,Headcount Planner,Build the board deck cash slide for Jan,error code 502 from model gateway,r52-0001150,completed,2026-04-16T16:33:42Z,1300
jpatel@crestviewinsurance.com,Flux Commentary,Build the board deck cash slide for Feb,"Treasury Feb variance was $787,653 vs plan",r52-0001151,completed,2026-04-16T12:16:27Z,35100
jjohnson@crestviewinsurance.com,Headcount Planner,Draft flux commentary for the Mar close,"FP&A Mar variance was $4,690,295 vs plan",r52-0001152,completed,2026-04-16T08:00:38Z,70900
jwilliams@crestviewinsurance.com,AP Aging Analyst,Why did FP&A spend exceed budget in Mar?,ERROR: upstream request timed out,r52-0001153,completed,2026-04-16T14:25:55Z,1700
swilson@crestviewinsurance.com,Covenant Checker,Check covenant compliance for the revolver,"FP&A Feb variance was $3,674,183 vs plan",r52-0001154,completed,2026-04-16T12:27:11Z,52000
jjohnson@crestviewinsurance.com,Variance Explainer,Explain the headcount variance vs plan,"Ops Jun variance was $433,195 vs plan",r52-0001155,completed,2026-04-16T11:01:15Z,38700
jjohnson@crestviewinsurance.com,Headcount Planner,Build the board deck cash slide for Apr,"FP&A Apr variance was $2,761,479 vs plan",r52-0001156,completed,2026-04-16T09:49:13Z,35600
mjones@crestviewinsurance.com,Cash Forecaster,Which cost centers are over budget YTD?,"Ops Feb variance was $1,210,861 vs plan",r52-0001157,completed,2026-04-16T08:11:00Z,72300
djohnson@crestviewinsurance.com,Headcount Planner,Build the board deck cash slide for Jan,ERROR: upstream request timed out,r52-0001158,error,2026-04-16T13:20:37Z,7400
jjohnson@crestviewinsurance.com,Flux Commentary,Explain the headcount variance vs plan,"Accounting Jun variance was $3,433,430 vs plan",r52-0001159,completed,2026-04-16T11:37:29Z,36400
jjohnson@crestviewinsurance.com,Vendor Spend Analyzer,Forecast Jan operating cash flow,"Accounting Jan variance was $4,531,968 vs plan",r52-0001160,completed,2026-04-16T11:02:11Z,23100
jjohnson@crestviewinsurance.com,Vendor Spend Analyzer,Check covenant compliance for the revolver,"Treasury Jun variance was $2,101,000 vs plan",r52-0001161,completed,2026-04-16T16:02:36Z,12000
swilson@crestviewinsurance.com,Variance Explainer,Explain the headcount variance vs plan,"FP&A Mar variance was $1,583,147 vs plan",r52-0001162,completed,2026-04-16T13:38:11Z,69900
mjones@crestviewinsurance.com,Budget vs Actual,Build the board deck cash slide for Jun,"Treasury Jun variance was $2,178,581 vs plan",r52-0001163,completed,2026-04-17T12:44:25Z,33600
mjones@crestviewinsurance.com,Close Checklist Bot,Forecast Jun operating cash flow,error: connection reset by peer,r52-0001164,completed,2026-04-17T16:07:38Z,600
yrobinson@crestviewinsurance.com,Variance Explainer,What drove the change in gross margin this quarter?,"Ops Jan variance was $1,137,955 vs plan",r52-0001165,completed,2026-04-17T09:17:58Z,41100
jnguyen@crestviewinsurance.com,Budget vs Actual,Reconcile AP aging over 90 days for US-08,"Accounting Feb variance was $2,342,504 vs plan",r52-0001166,completed,2026-04-17T15:55:12Z,72400
mjones@crestviewinsurance.com,Covenant Checker,Which cost centers are over budget YTD?,Traceback (most recent call last): KeyError 'entity',r52-0001167,completed,2026-04-17T11:27:47Z,1000
ksanchez@crestviewinsurance.com,Variance Explainer,Reconcile AP aging over 90 days for MX-03,FAILED: null reference in aggregation step,r52-0001168,error,2026-04-17T13:40:38Z,5900
mjones@crestviewinsurance.com,Budget vs Actual,Build the board deck cash slide for Apr,"Accounting Apr variance was $4,602,435 vs plan",r52-0001169,completed,2026-04-17T15:01:47Z,42000
jjohnson@crestviewinsurance.com,Budget vs Actual,What drove the change in gross margin this quarter?,FAILED: null reference in aggregation step,r52-0001170,error,2026-04-17T13:51:01Z,7600
jjohnson@crestviewinsurance.com,Flux Commentary,Explain the headcount variance vs plan,"FP&A Jan variance was $3,997,587 vs plan",r52-0001171,completed,2026-04-17T16:03:55Z,67600
mjones@crestviewinsurance.com,Covenant Checker,Check covenant compliance for the revolver,error code 502 from model gateway,r52-0001172,error,2026-04-17T14:37:11Z,3600
swilson@crestviewinsurance.com,Close Checklist Bot,Reconcile AP aging over 90 days for EU-01,"Ops May variance was $4,757,734 vs plan",r52-0001173,completed,2026-04-17T17:56:08Z,74600
kmiller@crestviewinsurance.com,Revenue Recognizer,Draft flux commentary for the Mar close,"FP&A Mar variance was $1,280,367 vs plan",r52-0001174,completed,2026-04-17T16:55:03Z,68200
jjohnson@crestviewinsurance.com,Board Deck Builder,Forecast Apr operating cash flow,"FP&A Apr variance was $2,892,626 vs plan",r52-0001175,completed,2026-04-17T12:47:29Z,38900
jjohnson@crestviewinsurance.com,Board Deck Builder,Summarize the Mar variance for entity MX-05,"Accounting Mar variance was $1,317,382 vs plan",r52-0001176,completed,2026-04-17T16:41:51Z,19700
mjones@crestviewinsurance.com,Cash Forecaster,Explain the headcount variance vs plan,"FP&A May variance was $446,616 vs plan",r52-0001177,completed,2026-04-17T12:56:13Z,67000
mjones@crestviewinsurance.com,Budget vs Actual,Build the board deck cash slide for Jun,"Ops Jun variance was $2,821,427 vs plan",r52-0001178,completed,2026-04-17T08:31:30Z,38900
mjones@crestviewinsurance.com,Board Deck Builder,Draft flux commentary for the May close,FAILED: null reference in aggregation step,r52-0001179,completed,2026-04-17T15:59:23Z,1600
yrobinson@crestviewinsurance.com,Cash Forecaster,Explain the headcount variance vs plan,"Treasury Jan variance was $3,255,842 vs plan",r52-0001180,completed,2026-04-17T07:56:01Z,12100
jkim@crestviewinsurance.com,Journal Entry Reviewer,Explain the headcount variance vs plan,"Treasury Mar variance was $3,478,769 vs plan",r52-0001181,completed,2026-04-17T09:24:29Z,18800
mjones@crestviewinsurance.com,Variance Explainer,Build the board deck cash slide for Jun,"Ops Jun variance was $2,904,083 vs plan",r52-0001182,completed,2026-04-17T15:37:34Z,73900
yrobinson@crestviewinsurance.com,Variance Explainer,Reconcile AP aging over 90 days for EU-09,"Treasury Feb variance was $1,963,230 vs plan",r52-0001183,completed,2026-04-17T14:37:58Z,63400
mjones@crestviewinsurance.com,Close Checklist Bot,Build the board deck cash slide for May,"Ops May variance was $4,305,492 vs plan",r52-0001184,completed,2026-04-17T16:47:26Z,24000
jjohnson@crestviewinsurance.com,Board Deck Builder,Why did Treasury spend exceed budget in Jun?,"Treasury Jun variance was $3,257,955 vs plan",r52-0001185,completed,2026-04-17T16:53:25Z,27400
jjohnson@crestviewinsurance.com,Headcount Planner,Forecast Mar operating cash flow,"Ops Mar variance was $85,521 vs plan",r52-0001186,completed,2026-04-17T15:19:54Z,75000
mjones@crestviewinsurance.com,AP Aging Analyst,Summarize the Jan variance for entity EU-01,"Treasury Jan variance was $2,361,329 vs plan",r52-0001187,completed,2026-04-17T17:57:19Z,33500
jkim@crestviewinsurance.com,Journal Entry Reviewer,Forecast Jun operating cash flow,"Ops Jun variance was $3,274,455 vs plan",r52-0001188,completed,2026-04-17T06:35:33Z,4400
yrobinson@crestviewinsurance.com,Journal Entry Reviewer,Reconcile AP aging over 90 days for CA-02,"Accounting Jun variance was $1,512,495 vs plan",r52-0001189,completed,2026-04-17T13:23:36Z,40500
jbrown@crestviewinsurance.com,Budget vs Actual,Explain the headcount variance vs plan,"Ops May variance was $1,391,852 vs plan",r52-0001190,completed,2026-04-17T13:15:09Z,53800
jjohnson@crestviewinsurance.com,Journal Entry Reviewer,Draft flux commentary for the Jun close,"FP&A Jun variance was $1,655,655 vs plan",r52-0001191,completed,2026-04-18T11:24:40Z,6800
mjones@crestviewinsurance.com,Cash Forecaster,Build the board deck cash slide for Jun,"FP&A Jun variance was $1,599,310 vs plan",r52-0001192,completed,2026-04-18T11:15:13Z,72000
jjohnson@crestviewinsurance.com,Headcount Planner,Draft flux commentary for the Mar close,"FP&A Mar variance was $4,292,634 vs plan",r52-0001193,completed,2026-04-18T18:14:34Z,56300
sgonzalez@crestviewinsurance.com,AP Aging Analyst,Which cost centers are over budget YTD?,"Ops Apr variance was $389,016 vs plan",r52-0001194,completed,2026-04-18T13:03:59Z,26600
jpatel@crestviewinsurance.com,Cash Forecaster,Reconcile AP aging over 90 days for US-09,"Accounting Mar variance was $2,321,097 vs plan",r52-0001195,completed,2026-04-18T12:01:09Z,56300
jjohnson@crestviewinsurance.com,Covenant Checker,Explain the headcount variance vs plan,"FP&A Jan variance was $1,965,990 vs plan",r52-0001196,completed,2026-04-18T13:11:32Z,52400
jnguyen@crestviewinsurance.com,Budget vs Actual,Why did FP&A spend exceed budget in Feb?,"FP&A Feb variance was $106,483 vs plan",r52-0001197,completed,2026-04-18T15:06:53Z,71000
jpatel@crestviewinsurance.com,Headcount Planner,Reconcile AP aging over 90 days for EU-09,"Ops Apr variance was $2,189,620 vs plan",r52-0001198,completed,2026-04-18T14:17:20Z,46600
kmiller@crestviewinsurance.com,Flux Commentary,Draft flux commentary for the Jan close,"Ops Jan variance was $137,564 vs plan",r52-0001199,completed,2026-04-18T13:22:14Z,62000
mjones@crestviewinsurance.com,Cash Forecaster,Check covenant compliance for the revolver,"FP&A Jan variance was $961,771 vs plan",r52-0001200,completed,2026-04-18T08:33:55Z,31700
jpatel@crestviewinsurance.com,Journal Entry Reviewer,Reconcile AP aging over 90 days for EU-06,"Accounting Jan variance was $3,890,875 vs plan",r52-0001201,completed,2026-04-18T12:45:34Z,37700
jjohnson@crestviewinsurance.com,Close Checklist Bot,Build the board deck cash slide for May,"FP&A May variance was $2,050,622 vs plan",r52-0001202,completed,2026-04-18T15:36:24Z,55000
jjohnson@crestviewinsurance.com,AP Aging Analyst,Summarize the Feb variance for entity MX-05,"Accounting Feb variance was $2,593,003 vs plan",r52-0001203,completed,2026-04-18T15:19:36Z,73700
jlopez@crestviewinsurance.com,Variance Explainer,Which cost centers are over budget YTD?,"Treasury May variance was $1,986,893 vs plan",r52-0001204,completed,2026-04-18T16:30:33Z,37800
yrobinson@crestviewinsurance.com,Budget vs Actual,Build the board deck cash slide for Feb,"Accounting Feb variance was $3,406,602 vs plan",r52-0001205,completed,2026-04-18T11:08:33Z,17100
jlopez@crestviewinsurance.com,Variance Explainer,Summarize the Jan variance for entity CA-04,"Ops Jan variance was $4,723,325 vs plan",r52-0001206,completed,2026-04-19T13:39:26Z,36600
jjohnson@crestviewinsurance.com,Vendor Spend Analyzer,Check covenant compliance for the revolver,"Accounting Mar variance was $2,629,481 vs plan",r52-0001207,completed,2026-04-19T13:18:05Z,56600
jjohnson@crestviewinsurance.com,Vendor Spend Analyzer,Which cost centers are over budget YTD?,"Ops May variance was $1,623,315 vs plan",r52-0001208,completed,2026-04-19T10:35:56Z,33500
jjohnson@crestviewinsurance.com,Vendor Spend Analyzer,Why did Ops spend exceed budget in Jun?,"Ops Jun variance was $3,859,742 vs plan",r52-0001209,completed,2026-04-19T06:30:46Z,20900
swilson@crestviewinsurance.com,Journal Entry Reviewer,Check covenant compliance for the revolver,"FP&A Feb variance was $3,139,666 vs plan",r52-0001210,completed,2026-04-19T09:49:05Z,70200
fjackson@crestviewinsurance.com,Flux Commentary,Build the board deck cash slide for Jan,"Treasury Jan variance was $1,450,949 vs plan",r52-0001211,completed,2026-04-19T13:15:19Z,5700
mjones@crestviewinsurance.com,Revenue Recognizer,Draft flux commentary for the May close,"Treasury May variance was $884,511 vs plan",r52-0001212,completed,2026-04-19T15:52:35Z,3700
mjones@crestviewinsurance.com,Cash Forecaster,What drove the change in gross margin this quarter?,"FP&A Mar variance was $3,494,194 vs plan",r52-0001213,completed,2026-04-19T13:03:11Z,69900
dperez@crestviewinsurance.com,Covenant Checker,Check covenant compliance for the revolver,"Accounting Jun variance was $278,999 vs plan",r52-0001214,completed,2026-04-19T12:26:31Z,57900
mjones@crestviewinsurance.com,Headcount Planner,Summarize the Feb variance for entity EU-07,"Ops Feb variance was $884,821 vs plan",r52-0001215,completed,2026-04-19T11:11:48Z,11300
mjones@crestviewinsurance.com,AP Aging Analyst,Which cost centers are over budget YTD?,"Accounting Feb variance was $159,640 vs plan",r52-0001216,completed,2026-04-20T12:03:12Z,24100
jjohnson@crestviewinsurance.com,Revenue Recognizer,What drove the change in gross margin this quarter?,"Accounting Jun variance was $1,747,165 vs plan",r52-0001217,completed,2026-04-20T12:15:01Z,32600
jjohnson@crestviewinsurance.com,Cash Forecaster,Explain the headcount variance vs plan,"Ops Apr variance was $1,270,071 vs plan",r52-0001218,completed,2026-04-20T16:02:25Z,39200
jkim@crestviewinsurance.com,Board Deck Builder,Summarize the Mar variance for entity EU-02,"Accounting Mar variance was $3,386,633 vs plan",r52-0001219,completed,2026-04-20T12:51:18Z,57500
jjohnson@crestviewinsurance.com,Board Deck Builder,Which cost centers are over budget YTD?,"Treasury Jan variance was $4,221,234 vs plan",r52-0001220,completed,2026-04-20T14:26:17Z,4500
jjohnson@crestviewinsurance.com,Covenant Checker,Build the board deck cash slide for Apr,"Ops Apr variance was $2,083,433 vs plan",r52-0001221,completed,2026-04-20T16:31:28Z,20400
mjones@crestviewinsurance.com,Budget vs Actual,Check covenant compliance for the revolver,"Ops Apr variance was $1,977,401 vs plan",r52-0001222,completed,2026-04-20T10:49:21Z,11200
jjohnson@crestviewinsurance.com,Board Deck Builder,Forecast Feb operating cash flow,"Ops Feb variance was $222,710 vs plan",r52-0001223,completed,2026-04-20T16:20:41Z,46900
jkim@crestviewinsurance.com,Flux Commentary,What drove the change in gross margin this quarter?,"Ops Apr variance was $3,005,553 vs plan",r52-0001224,completed,2026-04-20T08:26:58Z,54300
yrobinson@crestviewinsurance.com,Cash Forecaster,Why did FP&A spend exceed budget in Mar?,"FP&A Mar variance was $1,551,316 vs plan",r52-0001225,completed,2026-04-20T15:39:14Z,67200
mjones@crestviewinsurance.com,Headcount Planner,Draft flux commentary for the Mar close,"Accounting Mar variance was $4,611,752 vs plan",r52-0001226,completed,2026-04-20T16:24:28Z,25000
jjohnson@crestviewinsurance.com,Vendor Spend Analyzer,Draft flux commentary for the Mar close,FAILED: null reference in aggregation step,r52-0001227,error,2026-04-20T10:54:13Z,3800
jjohnson@crestviewinsurance.com,Board Deck Builder,Why did Ops spend exceed budget in Feb?,"Ops Feb variance was $193,013 vs plan",r52-0001228,completed,2026-04-20T12:23:32Z,33000
kmiller@crestviewinsurance.com,Vendor Spend Analyzer,Draft flux commentary for the Feb close,"Treasury Feb variance was $1,899,831 vs plan",r52-0001229,completed,2026-04-20T11:50:00Z,5500
mjones@crestviewinsurance.com,Headcount Planner,Check covenant compliance for the revolver,"Accounting Apr variance was $2,089,186 vs plan",r52-0001230,completed,2026-04-20T11:27:42Z,66300
mjones@crestviewinsurance.com,Journal Entry Reviewer,What drove the change in gross margin this quarter?,"Treasury May variance was $33,905 vs plan",r52-0001231,completed,2026-04-20T15:19:14Z,65100
jnguyen@crestviewinsurance.com,Close Checklist Bot,What drove the change in gross margin this quarter?,"FP&A May variance was $4,743,809 vs plan",r52-0001232,completed,2026-04-20T11:01:13Z,47300
rmartinez@crestviewinsurance.com,Journal Entry Reviewer,What drove the change in gross margin this quarter?,"Treasury Feb variance was $1,032,527 vs plan",r52-0001233,completed,2026-04-20T12:50:05Z,22800
yrobinson@crestviewinsurance.com,Close Checklist Bot,Forecast Jun operating cash flow,"Ops Jun variance was $2,309,541 vs plan",r52-0001234,completed,2026-04-20T15:53:24Z,28200
dperez@crestviewinsurance.com,Variance Explainer,Why did FP&A spend exceed budget in Apr?,"FP&A Apr variance was $1,367,136 vs plan",r52-0001235,completed,2026-04-20T07:31:40Z,56600
yrobinson@crestviewinsurance.com,Board Deck Builder,Reconcile AP aging over 90 days for EU-03,"Accounting Feb variance was $1,198,053 vs plan",r52-0001236,completed,2026-04-20T06:22:38Z,41300
yrobinson@crestviewinsurance.com,Board Deck Builder,Reconcile AP aging over 90 days for CA-07,"Treasury Jan variance was $1,180,950 vs plan",r52-0001237,completed,2026-04-20T14:24:09Z,63700
kmiller@crestviewinsurance.com,Budget vs Actual,Which cost centers are over budget YTD?,"Treasury May variance was $3,082,168 vs plan",r52-0001238,completed,2026-04-20T09:34:16Z,70400
jjohnson@crestviewinsurance.com,Variance Explainer,Draft flux commentary for the Jan close,"Treasury Jan variance was $3,425,552 vs plan",r52-0001239,completed,2026-04-20T19:46:46Z,56100
mjones@crestviewinsurance.com,Close Checklist Bot,Explain the headcount variance vs plan,ERROR: upstream request timed out,r52-0001240,error,2026-04-20T08:59:48Z,500
jbrown@crestviewinsurance.com,AP Aging Analyst,Explain the headcount variance vs plan,"FP&A May variance was $2,268,070 vs plan",r52-0001241,completed,2026-04-20T08:19:55Z,13300
jjohnson@crestviewinsurance.com,Revenue Recognizer,Why did Treasury spend exceed budget in Apr?,"Treasury Apr variance was $1,145,710 vs plan",r52-0001242,completed,2026-04-20T15:16:36Z,39100
mjones@crestviewinsurance.com,Close Checklist Bot,Which cost centers are over budget YTD?,"Ops May variance was $208,857 vs plan",r52-0001243,completed,2026-04-20T06:12:42Z,25900
jjohnson@crestviewinsurance.com,Journal Entry Reviewer,Explain the headcount variance vs plan,"Accounting Jun variance was $740,994 vs plan",r52-0001244,completed,2026-04-20T07:35:06Z,58300
jjohnson@crestviewinsurance.com,Revenue Recognizer,Reconcile AP aging over 90 days for US-01,"Accounting Jun variance was $2,182,154 vs plan",r52-0001245,completed,2026-04-20T11:51:57Z,8600
jjohnson@crestviewinsurance.com,Budget vs Actual,Draft flux commentary for the Mar close,"Treasury Mar variance was $4,531,916 vs plan",r52-0001246,completed,2026-04-21T13:36:17Z,11400
jlopez@crestviewinsurance.com,Close Checklist Bot,What drove the change in gross margin this quarter?,"Accounting Feb variance was $1,532,627 vs plan",r52-0001247,completed,2026-04-21T11:25:18Z,28300
jjohnson@crestviewinsurance.com,Covenant Checker,Build the board deck cash slide for Apr,error code 502 from model gateway,r52-0001248,completed,2026-04-21T13:33:36Z,1200
jjohnson@crestviewinsurance.com,Revenue Recognizer,What drove the change in gross margin this quarter?,error code 502 from model gateway,r52-0001249,error,2026-04-21T11:27:39Z,2200
mjones@crestviewinsurance.com,Headcount Planner,Draft flux commentary for the May close,error code 502 from model gateway,r52-0001250,completed,2026-04-21T13:37:28Z,1900
yrobinson@crestviewinsurance.com,Covenant Checker,Build the board deck cash slide for Jan,"Ops Jan variance was $4,746,879 vs plan",r52-0001251,completed,2026-04-21T12:19:08Z,5100
mjones@crestviewinsurance.com,Board Deck Builder,Summarize the Jun variance for entity EU-07,FAILED: null reference in aggregation step,r52-0001252,completed,2026-04-21T13:01:02Z,1200
mtaylor@crestviewinsurance.com,Cash Forecaster,Reconcile AP aging over 90 days for MX-05,"Accounting Jun variance was $4,266,974 vs plan",r52-0001253,completed,2026-04-21T11:40:38Z,31200
mjones@crestviewinsurance.com,Variance Explainer,Reconcile AP aging over 90 days for MX-07,"Accounting Mar variance was $3,033,956 vs plan",r52-0001254,completed,2026-04-21T10:28:18Z,17300
mjones@crestviewinsurance.com,Cash Forecaster,Summarize the Jan variance for entity MX-02,"Treasury Jan variance was $1,509,913 vs plan",r52-0001255,completed,2026-04-21T11:26:13Z,67800
mjones@crestviewinsurance.com,Variance Explainer,Which cost centers are over budget YTD?,"Treasury Apr variance was $3,851,111 vs plan",r52-0001256,completed,2026-04-21T13:03:45Z,55100
mjones@crestviewinsurance.com,Vendor Spend Analyzer,Why did Treasury spend exceed budget in Mar?,"Treasury Mar variance was $3,493,729 vs plan",r52-0001257,completed,2026-04-21T16:49:03Z,23100
jjohnson@crestviewinsurance.com,Cash Forecaster,Forecast Apr operating cash flow,error: connection reset by peer,r52-0001258,completed,2026-04-21T13:44:54Z,400
mjones@crestviewinsurance.com,Budget vs Actual,Draft flux commentary for the Jun close,FAILED: null reference in aggregation step,r52-0001259,completed,2026-04-21T12:17:12Z,500
dperez@crestviewinsurance.com,AP Aging Analyst,Draft flux commentary for the Jun close,error code 502 from model gateway,r52-0001260,error,2026-04-21T13:10:27Z,700
dperez@crestviewinsurance.com,Flux Commentary,Build the board deck cash slide for May,"FP&A May variance was $4,725,778 vs plan",r52-0001261,completed,2026-04-21T12:25:24Z,44500
jjohnson@crestviewinsurance.com,Budget vs Actual,Draft flux commentary for the May close,"FP&A May variance was $2,367,670 vs plan",r52-0001262,completed,2026-04-21T13:31:12Z,34200
yrobinson@crestviewinsurance.com,Journal Entry Reviewer,Why did Ops spend exceed budget in Apr?,"Ops Apr variance was $333,396 vs plan",r52-0001263,completed,2026-04-21T10:41:27Z,73600
kmiller@crestviewinsurance.com,Covenant Checker,Check covenant compliance for the revolver,"Treasury May variance was $4,673,298 vs plan",r52-0001264,completed,2026-04-21T12:42:28Z,41900
mjones@crestviewinsurance.com,Close Checklist Bot,Check covenant compliance for the revolver,"Ops Jun variance was $4,093,710 vs plan",r52-0001265,completed,2026-04-21T09:12:28Z,21200
mjones@crestviewinsurance.com,Cash Forecaster,Draft flux commentary for the Apr close,"FP&A Apr variance was $1,858,397 vs plan",r52-0001266,completed,2026-04-21T11:31:24Z,21600
mjones@crestviewinsurance.com,Vendor Spend Analyzer,Draft flux commentary for the Jun close,"Ops Jun variance was $2,025,172 vs plan",r52-0001267,completed,2026-04-21T13:42:28Z,42300
mjones@crestviewinsurance.com,Vendor Spend Analyzer,Which cost centers are over budget YTD?,error: connection reset by peer,r52-0001268,error,2026-04-21T12:43:33Z,4400
yrobinson@crestviewinsurance.com,Close Checklist Bot,Reconcile AP aging over 90 days for US-01,"Accounting Jan variance was $4,313,253 vs plan",r52-0001269,completed,2026-04-21T15:00:35Z,56400
kmiller@crestviewinsurance.com,Cash Forecaster,Check covenant compliance for the revolver,"FP&A Apr variance was $2,427,361 vs plan",r52-0001270,completed,2026-04-21T13:13:06Z,74400
swilson@crestviewinsurance.com,Journal Entry Reviewer,Build the board deck cash slide for Jun,"Treasury Jun variance was $3,692,077 vs plan",r52-0001271,completed,2026-04-21T13:21:29Z,69800
kmiller@crestviewinsurance.com,Journal Entry Reviewer,Check covenant compliance for the revolver,"Treasury Feb variance was $4,158,394 vs plan",r52-0001272,completed,2026-04-21T10:28:26Z,58900
jjohnson@crestviewinsurance.com,AP Aging Analyst,Draft flux commentary for the Jan close,"Treasury Jan variance was $739,053 vs plan",r52-0001273,completed,2026-04-21T16:24:23Z,34300
yrobinson@crestviewinsurance.com,Variance Explainer,Draft flux commentary for the May close,"Treasury May variance was $3,048,263 vs plan",r52-0001274,completed,2026-04-22T18:59:11Z,29700
mjones@crestviewinsurance.com,Cash Forecaster,Build the board deck cash slide for Jan,"Ops Jan variance was $2,342,440 vs plan",r52-0001275,completed,2026-04-22T13:41:23Z,32200
yrobinson@crestviewinsurance.com,Revenue Recognizer,Which cost centers are over budget YTD?,"Treasury Feb variance was $16,106 vs plan",r52-0001276,completed,2026-04-22T14:29:08Z,38400
kperez@crestviewinsurance.com,Cash Forecaster,Check covenant compliance for the revolver,"FP&A Jun variance was $196,845 vs plan",r52-0001277,completed,2026-04-22T16:26:53Z,28300
mjones@crestviewinsurance.com,Journal Entry Reviewer,What drove the change in gross margin this quarter?,"Ops May variance was $3,830,946 vs plan",r52-0001278,completed,2026-04-22T17:47:45Z,63000
jjohnson@crestviewinsurance.com,Headcount Planner,What drove the change in gross margin this quarter?,"Ops Jan variance was $1,071,991 vs plan",r52-0001279,completed,2026-04-22T14:00:23Z,9400
jjohnson@crestviewinsurance.com,Revenue Recognizer,Explain the headcount variance vs plan,"Treasury Mar variance was $693,337 vs plan",r52-0001280,completed,2026-04-22T11:23:57Z,39700
jjohnson@crestviewinsurance.com,Flux Commentary,Check covenant compliance for the revolver,"FP&A Mar variance was $1,241,375 vs plan",r52-0001281,completed,2026-04-22T10:48:15Z,29200
mjones@crestviewinsurance.com,Budget vs Actual,Explain the headcount variance vs plan,"FP&A Mar variance was $1,075,332 vs plan",r52-0001282,completed,2026-04-22T12:37:56Z,12700
yrobinson@crestviewinsurance.com,Headcount Planner,Check covenant compliance for the revolver,"Ops Feb variance was $4,005,164 vs plan",r52-0001283,completed,2026-04-22T13:48:16Z,22100
yrobinson@crestviewinsurance.com,Cash Forecaster,Reconcile AP aging over 90 days for MX-05,"Ops Jun variance was $3,047,891 vs plan",r52-0001284,completed,2026-04-22T11:28:48Z,10600
dperez@crestviewinsurance.com,Board Deck Builder,Forecast Jun operating cash flow,"Accounting Jun variance was $2,709,556 vs plan",r52-0001285,completed,2026-04-22T14:51:54Z,28200
jlopez@crestviewinsurance.com,Board Deck Builder,Which cost centers are over budget YTD?,"Treasury May variance was $4,328,460 vs plan",r52-0001286,completed,2026-04-22T13:24:27Z,59700
jjohnson@crestviewinsurance.com,Journal Entry Reviewer,Explain the headcount variance vs plan,"FP&A Mar variance was $1,651,880 vs plan",r52-0001287,completed,2026-04-22T14:22:48Z,40200
kperez@crestviewinsurance.com,Headcount Planner,Explain the headcount variance vs plan,"FP&A Jan variance was $449,872 vs plan",r52-0001288,completed,2026-04-22T09:11:05Z,10800
jpatel@crestviewinsurance.com,Revenue Recognizer,What drove the change in gross margin this quarter?,"Accounting Mar variance was $2,288,187 vs plan",r52-0001289,completed,2026-04-22T17:39:45Z,52400
mjones@crestviewinsurance.com,Vendor Spend Analyzer,Check covenant compliance for the revolver,"Treasury May variance was $2,323,247 vs plan",r52-0001290,completed,2026-04-22T08:35:16Z,12100
jjohnson@crestviewinsurance.com,AP Aging Analyst,What drove the change in gross margin this quarter?,"Accounting Feb variance was $3,129,558 vs plan",r52-0001291,completed,2026-04-22T12:52:06Z,29300
kmiller@crestviewinsurance.com,Cash Forecaster,Forecast Feb operating cash flow,Traceback (most recent call last): KeyError 'entity',r52-0001292,completed,2026-04-22T16:12:45Z,600
yrobinson@crestviewinsurance.com,Vendor Spend Analyzer,Forecast Jun operating cash flow,"Accounting Jun variance was $1,175,836 vs plan",r52-0001293,completed,2026-04-22T12:28:55Z,64200
mjones@crestviewinsurance.com,Revenue Recognizer,Draft flux commentary for the Feb close,"FP&A Feb variance was $3,397,879 vs plan",r52-0001294,completed,2026-04-22T12:33:17Z,43400
jjohnson@crestviewinsurance.com,Covenant Checker,Which cost centers are over budget YTD?,"Accounting Apr variance was $4,084,484 vs plan",r52-0001295,completed,2026-04-22T17:01:22Z,69600
mjones@crestviewinsurance.com,Variance Explainer,Draft flux commentary for the Apr close,"FP&A Apr variance was $2,590,100 vs plan",r52-0001296,completed,2026-04-22T17:57:01Z,4500
mjones@crestviewinsurance.com,Variance Explainer,Explain the headcount variance vs plan,"Treasury Apr variance was $1,257,835 vs plan",r52-0001297,completed,2026-04-22T15:16:20Z,10800
rmartinez@crestviewinsurance.com,Vendor Spend Analyzer,Summarize the Feb variance for entity MX-09,"FP&A Feb variance was $3,600,425 vs plan",r52-0001298,completed,2026-04-22T18:48:32Z,30100
jjohnson@crestviewinsurance.com,Budget vs Actual,Summarize the Mar variance for entity EU-08,"FP&A Mar variance was $561,257 vs plan",r52-0001299,completed,2026-04-22T09:46:32Z,32200
dperez@crestviewinsurance.com,Variance Explainer,Build the board deck cash slide for Jan,"Treasury Jan variance was $3,040,442 vs plan",r52-0001300,completed,2026-04-22T13:27:47Z,26800
jpatel@crestviewinsurance.com,Flux Commentary,Explain the headcount variance vs plan,"FP&A Feb variance was $3,540,843 vs plan",r52-0001301,completed,2026-04-22T06:40:41Z,34600
jjohnson@crestviewinsurance.com,Board Deck Builder,Reconcile AP aging over 90 days for US-08,"Ops Jun variance was $3,831,895 vs plan",r52-0001302,completed,2026-04-22T09:41:37Z,72900
yrobinson@crestviewinsurance.com,Journal Entry Reviewer,Forecast Feb operating cash flow,"Ops Feb variance was $408,962 vs plan",r52-0001303,completed,2026-04-22T09:59:52Z,6900
mjones@crestviewinsurance.com,Revenue Recognizer,Forecast Mar operating cash flow,"Accounting Mar variance was $259,839 vs plan",r52-0001304,completed,2026-04-22T17:54:05Z,15000
dperez@crestviewinsurance.com,Cash Forecaster,Forecast Jan operating cash flow,"Accounting Jan variance was $3,316,804 vs plan",r52-0001305,completed,2026-04-22T14:40:42Z,26800
mjones@crestviewinsurance.com,Vendor Spend Analyzer,Draft flux commentary for the May close,"Accounting May variance was $4,581,989 vs plan",r52-0001306,completed,2026-04-22T13:33:21Z,52900
mjones@crestviewinsurance.com,Headcount Planner,Check covenant compliance for the revolver,"Accounting Mar variance was $4,668,519 vs plan",r52-0001307,completed,2026-04-23T09:33:47Z,50700
jjohnson@crestviewinsurance.com,Board Deck Builder,Reconcile AP aging over 90 days for EU-08,"FP&A Mar variance was $3,510,755 vs plan",r52-0001308,completed,2026-04-23T11:43:00Z,54200
jjohnson@crestviewinsurance.com,AP Aging Analyst,Why did Ops spend exceed budget in Feb?,Traceback (most recent call last): KeyError 'entity',r52-0001309,error,2026-04-23T11:59:15Z,7500
mjones@crestviewinsurance.com,Close Checklist Bot,Check covenant compliance for the revolver,"Accounting Jan variance was $2,380,527 vs plan",r52-0001310,completed,2026-04-23T11:55:07Z,42900
fjackson@crestviewinsurance.com,Flux Commentary,Explain the headcount variance vs plan,"Accounting Mar variance was $3,359,368 vs plan",r52-0001311,completed,2026-04-23T15:54:25Z,73900
jjohnson@crestviewinsurance.com,Flux Commentary,Explain the headcount variance vs plan,"Accounting Feb variance was $4,352,223 vs plan",r52-0001312,completed,2026-04-23T15:57:56Z,29600
jjohnson@crestviewinsurance.com,Cash Forecaster,Build the board deck cash slide for May,"Accounting May variance was $1,056,625 vs plan",r52-0001313,completed,2026-04-23T07:22:20Z,30000
jjohnson@crestviewinsurance.com,Cash Forecaster,Build the board deck cash slide for Jan,"Accounting Jan variance was $188,657 vs plan",r52-0001314,completed,2026-04-23T18:45:42Z,38100
yrobinson@crestviewinsurance.com,Revenue Recognizer,Which cost centers are over budget YTD?,"FP&A Jun variance was $4,388,782 vs plan",r52-0001315,completed,2026-04-23T06:54:11Z,31500
jjohnson@crestviewinsurance.com,Flux Commentary,Draft flux commentary for the Jan close,"Ops Jan variance was $2,869,094 vs plan",r52-0001316,completed,2026-04-23T13:12:34Z,32700
mjones@crestviewinsurance.com,Flux Commentary,What drove the change in gross margin this quarter?,"Treasury Mar variance was $3,472,450 vs plan",r52-0001317,completed,2026-04-23T14:23:18Z,18700
jkim@crestviewinsurance.com,Flux Commentary,Draft flux commentary for the May close,"Treasury May variance was $128,614 vs plan",r52-0001318,completed,2026-04-23T08:40:06Z,40100
dperez@crestviewinsurance.com,Variance Explainer,Build the board deck cash slide for Apr,"Accounting Apr variance was $3,400,289 vs plan",r52-0001319,completed,2026-04-23T23:48:56Z,66600
kmiller@crestviewinsurance.com,Covenant Checker,Forecast May operating cash flow,"Accounting May variance was $716,421 vs plan",r52-0001320,completed,2026-04-23T13:23:27Z,39300
snguyen@crestviewinsurance.com,Budget vs Actual,Build the board deck cash slide for Feb,"FP&A Feb variance was $1,591,108 vs plan",r52-0001321,completed,2026-04-23T11:56:09Z,8600
jpatel@crestviewinsurance.com,Variance Explainer,What drove the change in gross margin this quarter?,"FP&A Jan variance was $1,812,530 vs plan",r52-0001322,completed,2026-04-23T16:53:02Z,16000
jjohnson@crestviewinsurance.com,Close Checklist Bot,What drove the change in gross margin this quarter?,"Treasury Jan variance was $24,477 vs plan",r52-0001323,completed,2026-04-23T15:33:30Z,72800
jjohnson@crestviewinsurance.com,AP Aging Analyst,Build the board deck cash slide for Jun,"Accounting Jun variance was $32,563 vs plan",r52-0001324,completed,2026-04-23T14:59:54Z,8600
mjones@crestviewinsurance.com,Cash Forecaster,Draft flux commentary for the Jan close,"FP&A Jan variance was $2,583,642 vs plan",r52-0001325,completed,2026-04-23T06:13:33Z,56300
lwilson@crestviewinsurance.com,Revenue Recognizer,Forecast Feb operating cash flow,error: connection reset by peer,r52-0001326,error,2026-04-23T15:40:17Z,600
jjohnson@crestviewinsurance.com,Close Checklist Bot,Why did Accounting spend exceed budget in Jun?,"Accounting Jun variance was $3,224,939 vs plan",r52-0001327,completed,2026-04-23T09:02:22Z,5400
jjohnson@crestviewinsurance.com,Cash Forecaster,Reconcile AP aging over 90 days for EU-08,"Ops Feb variance was $2,481,226 vs plan",r52-0001328,completed,2026-04-23T10:40:27Z,57800
mjones@crestviewinsurance.com,Vendor Spend Analyzer,Explain the headcount variance vs plan,"FP&A Jan variance was $722,433 vs plan",r52-0001329,completed,2026-04-23T11:48:41Z,5900
jrobinson@crestviewinsurance.com,Headcount Planner,Check covenant compliance for the revolver,"Treasury May variance was $429,724 vs plan",r52-0001330,completed,2026-04-23T11:32:55Z,43500
dperez@crestviewinsurance.com,Close Checklist Bot,Why did Treasury spend exceed budget in Jan?,"Treasury Jan variance was $1,079,790 vs plan",r52-0001331,completed,2026-04-23T13:05:27Z,17000
jbrown@crestviewinsurance.com,Revenue Recognizer,Why did FP&A spend exceed budget in Apr?,"FP&A Apr variance was $4,567,392 vs plan",r52-0001332,completed,2026-04-23T12:15:32Z,31000
jjohnson@crestviewinsurance.com,AP Aging Analyst,Draft flux commentary for the Feb close,"Ops Feb variance was $2,081,820 vs plan",r52-0001333,completed,2026-04-23T14:15:47Z,68500
mjones@crestviewinsurance.com,Close Checklist Bot,Summarize the Apr variance for entity CA-05,"FP&A Apr variance was $3,187,849 vs plan",r52-0001334,completed,2026-04-23T13:51:41Z,16300
jjohnson@crestviewinsurance.com,AP Aging Analyst,Explain the headcount variance vs plan,"FP&A May variance was $1,124,362 vs plan",r52-0001335,completed,2026-04-23T14:14:33Z,3400
jlopez@crestviewinsurance.com,Board Deck Builder,Explain the headcount variance vs plan,"FP&A Jan variance was $1,432,283 vs plan",r52-0001336,completed,2026-04-23T12:20:10Z,49100
mjones@crestviewinsurance.com,Revenue Recognizer,Forecast Mar operating cash flow,ERROR: upstream request timed out,r52-0001337,error,2026-04-23T11:49:37Z,5000
dhaddad@crestviewinsurance.com,Revenue Recognizer,Reconcile AP aging over 90 days for CA-07,Traceback (most recent call last): KeyError 'entity',r52-0001338,error,2026-04-23T15:56:16Z,4100
mjones@crestviewinsurance.com,AP Aging Analyst,Why did Accounting spend exceed budget in Feb?,"Accounting Feb variance was $3,654,499 vs plan",r52-0001339,completed,2026-04-23T10:12:19Z,67500
fjackson@crestviewinsurance.com,Cash Forecaster,Build the board deck cash slide for Jan,"Ops Jan variance was $2,473,895 vs plan",r52-0001340,completed,2026-04-23T20:05:47Z,72300
yrobinson@crestviewinsurance.com,Journal Entry Reviewer,What drove the change in gross margin this quarter?,"Accounting Mar variance was $155,066 vs plan",r52-0001341,completed,2026-04-23T07:19:27Z,54600
jjohnson@crestviewinsurance.com,Vendor Spend Analyzer,Summarize the Apr variance for entity MX-08,"Accounting Apr variance was $2,027,863 vs plan",r52-0001342,completed,2026-04-24T12:04:53Z,66800
yrobinson@crestviewinsurance.com,Variance Explainer,Forecast Feb operating cash flow,"Treasury Feb variance was $3,648,597 vs plan",r52-0001343,completed,2026-04-24T13:17:49Z,49400
mjones@crestviewinsurance.com,Flux Commentary,Check covenant compliance for the revolver,"Ops Jan variance was $3,280,492 vs plan",r52-0001344,completed,2026-04-24T11:51:12Z,71200
mjones@crestviewinsurance.com,Journal Entry Reviewer,Explain the headcount variance vs plan,"Accounting Jun variance was $4,212,748 vs plan",r52-0001345,completed,2026-04-24T12:36:46Z,68800
mjones@crestviewinsurance.com,Vendor Spend Analyzer,Draft flux commentary for the Jun close,"Accounting Jun variance was $1,756,381 vs plan",r52-0001346,completed,2026-04-24T11:36:24Z,64600
jjohnson@crestviewinsurance.com,Flux Commentary,Forecast Apr operating cash flow,"Ops Apr variance was $2,591,384 vs plan",r52-0001347,completed,2026-04-24T06:26:53Z,34900
jbrown@crestviewinsurance.com,Board Deck Builder,Explain the headcount variance vs plan,"Accounting Jan variance was $578,048 vs plan",r52-0001348,completed,2026-04-24T15:42:25Z,67300
bmiller@crestviewinsurance.com,Board Deck Builder,What drove the change in gross margin this quarter?,"Ops Apr variance was $288,762 vs plan",r52-0001349,completed,2026-04-24T16:36:28Z,53800
mtaylor@crestviewinsurance.com,Covenant Checker,Reconcile AP aging over 90 days for EU-01,"Ops Apr variance was $2,877,496 vs plan",r52-0001350,completed,2026-04-24T14:11:49Z,38900
jjohnson@crestviewinsurance.com,Board Deck Builder,What drove the change in gross margin this quarter?,"Ops Feb variance was $2,913,302 vs plan",r52-0001351,completed,2026-04-24T13:21:38Z,72300
kmiller@crestviewinsurance.com,Close Checklist Bot,Explain the headcount variance vs plan,ERROR: upstream request timed out,r52-0001352,completed,2026-04-24T14:10:15Z,400
jjohnson@crestviewinsurance.com,Close Checklist Bot,What drove the change in gross margin this quarter?,"Treasury Jun variance was $924,731 vs plan",r52-0001353,completed,2026-04-24T13:10:48Z,41600
jnguyen@crestviewinsurance.com,Revenue Recognizer,Summarize the May variance for entity MX-08,"Ops May variance was $325,059 vs plan",r52-0001354,completed,2026-04-24T18:58:48Z,38100
fjackson@crestviewinsurance.com,Flux Commentary,Summarize the May variance for entity EU-02,"Accounting May variance was $4,632,451 vs plan",r52-0001355,completed,2026-04-24T12:58:13Z,27700
mjones@crestviewinsurance.com,Revenue Recognizer,Build the board deck cash slide for Jan,"FP&A Jan variance was $4,141,482 vs plan",r52-0001356,completed,2026-04-24T12:32:39Z,44500
mjones@crestviewinsurance.com,Close Checklist Bot,What drove the change in gross margin this quarter?,"FP&A Jun variance was $1,355,467 vs plan",r52-0001357,completed,2026-04-24T12:34:34Z,44700
yrobinson@crestviewinsurance.com,Budget vs Actual,Draft flux commentary for the Jun close,"Treasury Jun variance was $191,452 vs plan",r52-0001358,completed,2026-04-24T12:10:50Z,61600
kmiller@crestviewinsurance.com,Close Checklist Bot,What drove the change in gross margin this quarter?,"FP&A Jan variance was $107,534 vs plan",r52-0001359,completed,2026-04-24T16:44:37Z,46300
jjohnson@crestviewinsurance.com,Journal Entry Reviewer,Reconcile AP aging over 90 days for US-05,"FP&A May variance was $3,554,410 vs plan",r52-0001360,completed,2026-04-24T14:28:05Z,56500
jjohnson@crestviewinsurance.com,Budget vs Actual,What drove the change in gross margin this quarter?,"Accounting Feb variance was $4,105,923 vs plan",r52-0001361,completed,2026-04-24T15:36:18Z,4600
yrobinson@crestviewinsurance.com,AP Aging Analyst,Forecast Feb operating cash flow,"FP&A Feb variance was $2,569,034 vs plan",r52-0001362,completed,2026-04-24T14:33:29Z,13600
yrobinson@crestviewinsurance.com,Vendor Spend Analyzer,Why did Accounting spend exceed budget in Jan?,"Accounting Jan variance was $3,239,293 vs plan",r52-0001363,completed,2026-04-24T12:17:02Z,45000
sgonzalez@crestviewinsurance.com,Vendor Spend Analyzer,What drove the change in gross margin this quarter?,"Accounting Jan variance was $2,382,437 vs plan",r52-0001364,completed,2026-04-24T13:43:57Z,23000
mjones@crestviewinsurance.com,Covenant Checker,Check covenant compliance for the revolver,error code 502 from model gateway,r52-0001365,error,2026-04-25T13:48:34Z,1600
dperez@crestviewinsurance.com,Covenant Checker,Explain the headcount variance vs plan,"FP&A Mar variance was $2,334,362 vs plan",r52-0001366,completed,2026-04-25T14:20:50Z,33600
jjohnson@crestviewinsurance.com,Headcount Planner,Build the board deck cash slide for May,FAILED: null reference in aggregation step,r52-0001367,error,2026-04-25T13:32:09Z,2300
dperez@crestviewinsurance.com,Headcount Planner,Check covenant compliance for the revolver,"Accounting Apr variance was $3,720,759 vs plan",r52-0001368,completed,2026-04-25T16:15:18Z,36000
ksanchez@crestviewinsurance.com,Budget vs Actual,Why did Ops spend exceed budget in May?,"Ops May variance was $1,042,926 vs plan",r52-0001369,completed,2026-04-25T12:06:34Z,23300
mjones@crestviewinsurance.com,Variance Explainer,What drove the change in gross margin this quarter?,"Treasury May variance was $739,303 vs plan",r52-0001370,completed,2026-04-25T12:11:23Z,30000
mjones@crestviewinsurance.com,Vendor Spend Analyzer,Summarize the Apr variance for entity US-04,"Treasury Apr variance was $2,579,448 vs plan",r52-0001371,completed,2026-04-25T13:21:39Z,73500
mjones@crestviewinsurance.com,Headcount Planner,Draft flux commentary for the Apr close,"Ops Apr variance was $1,285,361 vs plan",r52-0001372,completed,2026-04-25T15:37:54Z,71800
lwilson@crestviewinsurance.com,Budget vs Actual,Why did Ops spend exceed budget in Apr?,"Ops Apr variance was $2,688,059 vs plan",r52-0001373,completed,2026-04-25T11:26:52Z,45900
mjones@crestviewinsurance.com,Revenue Recognizer,Forecast Mar operating cash flow,"Treasury Mar variance was $551,944 vs plan",r52-0001374,completed,2026-04-25T16:43:55Z,62600
mjones@crestviewinsurance.com,Board Deck Builder,Reconcile AP aging over 90 days for US-09,"FP&A May variance was $321,936 vs plan",r52-0001375,completed,2026-04-26T14:04:01Z,29300
kmiller@crestviewinsurance.com,Headcount Planner,Summarize the Jun variance for entity CA-06,"Accounting Jun variance was $176,993 vs plan",r52-0001376,completed,2026-04-26T16:39:22Z,30500
yrobinson@crestviewinsurance.com,Headcount Planner,Check covenant compliance for the revolver,error code 502 from model gateway,r52-0001377,completed,2026-04-26T11:12:56Z,1900
jjohnson@crestviewinsurance.com,Variance Explainer,Summarize the Feb variance for entity MX-07,"Treasury Feb variance was $854,897 vs plan",r52-0001378,completed,2026-04-26T17:47:14Z,11100
jrobinson@crestviewinsurance.com,Revenue Recognizer,Check covenant compliance for the revolver,"Ops May variance was $3,771,358 vs plan",r52-0001379,completed,2026-04-26T14:28:20Z,26700
jpatel@crestviewinsurance.com,Variance Explainer,Summarize the Apr variance for entity CA-04,error: connection reset by peer,r52-0001380,completed,2026-04-26T10:39:30Z,800
mjones@crestviewinsurance.com,Close Checklist Bot,Reconcile AP aging over 90 days for MX-09,"Accounting Feb variance was $2,423,390 vs plan",r52-0001381,completed,2026-04-26T11:19:13Z,64400
kmiller@crestviewinsurance.com,Board Deck Builder,Reconcile AP aging over 90 days for US-08,"Ops Feb variance was $1,155,985 vs plan",r52-0001382,completed,2026-04-26T13:21:14Z,35000
jjohnson@crestviewinsurance.com,Revenue Recognizer,Check covenant compliance for the revolver,"Ops Jun variance was $1,286,442 vs plan",r52-0001383,completed,2026-04-26T10:31:07Z,19200
mjones@crestviewinsurance.com,Headcount Planner,Draft flux commentary for the May close,"FP&A May variance was $2,077,791 vs plan",r52-0001384,completed,2026-04-26T08:02:06Z,57100
jjohnson@crestviewinsurance.com,Headcount Planner,Forecast Apr operating cash flow,"Accounting Apr variance was $3,065,367 vs plan",r52-0001385,completed,2026-04-26T10:31:35Z,55900
jjohnson@crestviewinsurance.com,Covenant Checker,Check covenant compliance for the revolver,"FP&A Jan variance was $226,079 vs plan",r52-0001386,completed,2026-04-26T15:42:33Z,65800
mjones@crestviewinsurance.com,Flux Commentary,Summarize the Mar variance for entity CA-02,"Treasury Mar variance was $4,756,382 vs plan",r52-0001387,completed,2026-04-26T11:33:11Z,12200
mjones@crestviewinsurance.com,AP Aging Analyst,Why did Accounting spend exceed budget in Jan?,"Accounting Jan variance was $2,396,426 vs plan",r52-0001388,completed,2026-04-26T16:15:51Z,21600
mjones@crestviewinsurance.com,Variance Explainer,Summarize the May variance for entity CA-06,ERROR: upstream request timed out,r52-0001389,completed,2026-04-26T12:03:43Z,400
mjones@crestviewinsurance.com,Close Checklist Bot,Summarize the Mar variance for entity MX-08,"Accounting Mar variance was $2,291,561 vs plan",r52-0001390,completed,2026-04-26T12:31:56Z,18800
jjohnson@crestviewinsurance.com,Revenue Recognizer,What drove the change in gross margin this quarter?,"Accounting Apr variance was $4,741,649 vs plan",r52-0001391,completed,2026-04-26T12:41:44Z,29800
kmiller@crestviewinsurance.com,Vendor Spend Analyzer,Summarize the Mar variance for entity CA-06,"FP&A Mar variance was $1,805,894 vs plan",r52-0001392,completed,2026-04-26T12:07:38Z,75000
jkim@crestviewinsurance.com,Close Checklist Bot,Reconcile AP aging over 90 days for MX-03,Traceback (most recent call last): KeyError 'entity',r52-0001393,completed,2026-04-27T10:25:01Z,1100
jjohnson@crestviewinsurance.com,Cash Forecaster,Check covenant compliance for the revolver,"Ops Jan variance was $2,346,177 vs plan",r52-0001394,completed,2026-04-27T13:04:49Z,73800
mjones@crestviewinsurance.com,Revenue Recognizer,Forecast Jan operating cash flow,"FP&A Jan variance was $7,534 vs plan",r52-0001395,completed,2026-04-27T11:49:17Z,59500
jjohnson@crestviewinsurance.com,Cash Forecaster,Forecast May operating cash flow,"Ops May variance was $4,321,817 vs plan",r52-0001396,completed,2026-04-27T14:11:50Z,7300
jjohnson@crestviewinsurance.com,Variance Explainer,Check covenant compliance for the revolver,Traceback (most recent call last): KeyError 'entity',r52-0001397,completed,2026-04-27T11:48:41Z,1700
sgonzalez@crestviewinsurance.com,AP Aging Analyst,Explain the headcount variance vs plan,"Ops Jun variance was $1,592,463 vs plan",r52-0001398,completed,2026-04-27T08:38:20Z,46800
dperez@crestviewinsurance.com,AP Aging Analyst,Why did Ops spend exceed budget in Apr?,"Ops Apr variance was $131,651 vs plan",r52-0001399,completed,2026-04-27T12:03:01Z,15500
mjones@crestviewinsurance.com,Board Deck Builder,Which cost centers are over budget YTD?,"Accounting Apr variance was $2,133,299 vs plan",r52-0001400,completed,2026-04-27T16:45:10Z,53800
yrobinson@crestviewinsurance.com,Vendor Spend Analyzer,Which cost centers are over budget YTD?,"Treasury Jun variance was $1,747,819 vs plan",r52-0001401,completed,2026-04-27T15:43:53Z,37200
jjohnson@crestviewinsurance.com,Revenue Recognizer,Explain the headcount variance vs plan,"Ops Feb variance was $1,012,764 vs plan",r52-0001402,completed,2026-04-27T13:18:25Z,37000
jjohnson@crestviewinsurance.com,Budget vs Actual,Why did Accounting spend exceed budget in Jun?,FAILED: null reference in aggregation step,r52-0001403,completed,2026-04-27T14:49:09Z,1400
mjones@crestviewinsurance.com,Journal Entry Reviewer,Build the board deck cash slide for Feb,"Ops Feb variance was $278,832 vs plan",r52-0001404,completed,2026-04-27T14:49:42Z,5500
mjones@crestviewinsurance.com,AP Aging Analyst,Build the board deck cash slide for Apr,"Treasury Apr variance was $2,945,533 vs plan",r52-0001405,completed,2026-04-27T14:49:48Z,16300
mjones@crestviewinsurance.com,Variance Explainer,Forecast Jan operating cash flow,"Ops Jan variance was $1,416,539 vs plan",r52-0001406,completed,2026-04-27T12:48:52Z,13100
jjohnson@crestviewinsurance.com,Flux Commentary,Summarize the Jan variance for entity EU-01,Traceback (most recent call last): KeyError 'entity',r52-0001407,error,2026-04-27T06:13:13Z,2300
jpatel@crestviewinsurance.com,Close Checklist Bot,Build the board deck cash slide for May,"Accounting May variance was $1,080,407 vs plan",r52-0001408,completed,2026-04-27T10:17:05Z,66600
jbrown@crestviewinsurance.com,Revenue Recognizer,Reconcile AP aging over 90 days for CA-08,"Accounting Mar variance was $3,797,227 vs plan",r52-0001409,completed,2026-04-27T13:01:48Z,18400
mjones@crestviewinsurance.com,AP Aging Analyst,Which cost centers are over budget YTD?,"Accounting Apr variance was $2,836,834 vs plan",r52-0001410,completed,2026-04-27T17:12:37Z,65800
jlopez@crestviewinsurance.com,Vendor Spend Analyzer,Build the board deck cash slide for Mar,"Accounting Mar variance was $1,662,982 vs plan",r52-0001411,completed,2026-04-27T13:08:03Z,10000
jjohnson@crestviewinsurance.com,Budget vs Actual,Reconcile AP aging over 90 days for CA-06,"Ops May variance was $4,232,567 vs plan",r52-0001412,completed,2026-04-27T15:35:01Z,48900
yrobinson@crestviewinsurance.com,Cash Forecaster,Explain the headcount variance vs plan,ERROR: upstream request timed out,r52-0001413,error,2026-04-27T16:00:36Z,6400
mjones@crestviewinsurance.com,Headcount Planner,Draft flux commentary for the Jun close,"Treasury Jun variance was $4,299,707 vs plan",r52-0001414,completed,2026-04-27T11:01:40Z,32500
jjohnson@crestviewinsurance.com,Headcount Planner,Check covenant compliance for the revolver,"Treasury May variance was $300,875 vs plan",r52-0001415,completed,2026-04-28T11:40:31Z,19100
mjones@crestviewinsurance.com,Flux Commentary,Summarize the Jan variance for entity US-09,"Treasury Jan variance was $4,243,654 vs plan",r52-0001416,completed,2026-04-28T11:20:08Z,27300
yrobinson@crestviewinsurance.com,Covenant Checker,What drove the change in gross margin this quarter?,"FP&A May variance was $4,444,924 vs plan",r52-0001417,completed,2026-04-28T13:42:57Z,15000
kmiller@crestviewinsurance.com,Headcount Planner,What drove the change in gross margin this quarter?,FAILED: null reference in aggregation step,r52-0001418,completed,2026-04-28T17:17:33Z,300
mjones@crestviewinsurance.com,Variance Explainer,What drove the change in gross margin this quarter?,"Ops Jan variance was $2,462,357 vs plan",r52-0001419,completed,2026-04-28T14:34:55Z,61100
mjones@crestviewinsurance.com,Variance Explainer,Reconcile AP aging over 90 days for EU-04,"Treasury May variance was $4,496,325 vs plan",r52-0001420,completed,2026-04-28T06:47:26Z,56800
mjones@crestviewinsurance.com,Journal Entry Reviewer,Reconcile AP aging over 90 days for US-01,"Accounting Jun variance was $274,381 vs plan",r52-0001421,completed,2026-04-28T15:26:07Z,58500
kmiller@crestviewinsurance.com,AP Aging Analyst,Summarize the Apr variance for entity CA-05,"FP&A Apr variance was $3,208,284 vs plan",r52-0001422,completed,2026-04-28T07:53:39Z,9800
jbrown@crestviewinsurance.com,Variance Explainer,Forecast Apr operating cash flow,"Ops Apr variance was $1,874,400 vs plan",r52-0001423,completed,2026-04-28T12:02:22Z,34600
jwilliams@crestviewinsurance.com,Journal Entry Reviewer,Summarize the Apr variance for entity EU-07,Traceback (most recent call last): KeyError 'entity',r52-0001424,error,2026-04-28T14:46:15Z,6200
kperez@crestviewinsurance.com,Cash Forecaster,Check covenant compliance for the revolver,"Treasury Jan variance was $1,825,401 vs plan",r52-0001425,completed,2026-04-28T12:15:23Z,52600
yrobinson@crestviewinsurance.com,Revenue Recognizer,Draft flux commentary for the Jun close,"FP&A Jun variance was $4,472,493 vs plan",r52-0001426,completed,2026-04-28T12:26:42Z,10800
jjohnson@crestviewinsurance.com,Board Deck Builder,Check covenant compliance for the revolver,"FP&A Apr variance was $17,370 vs plan",r52-0001427,completed,2026-04-28T13:42:47Z,33200
dperez@crestviewinsurance.com,Headcount Planner,Reconcile AP aging over 90 days for CA-02,"FP&A Jun variance was $468,037 vs plan",r52-0001428,completed,2026-04-28T08:02:28Z,66700
drodriguez@crestviewinsurance.com,Journal Entry Reviewer,Forecast Feb operating cash flow,"Treasury Feb variance was $2,415,547 vs plan",r52-0001429,completed,2026-04-28T09:01:03Z,44100
kmiller@crestviewinsurance.com,Headcount Planner,Summarize the Jun variance for entity EU-03,"Accounting Jun variance was $1,709,036 vs plan",r52-0001430,completed,2026-04-28T13:38:49Z,70800
dperez@crestviewinsurance.com,Revenue Recognizer,Reconcile AP aging over 90 days for MX-07,"FP&A May variance was $1,847,019 vs plan",r52-0001431,completed,2026-04-28T12:47:14Z,23300
swilson@crestviewinsurance.com,AP Aging Analyst,Forecast Jan operating cash flow,"Accounting Jan variance was $2,572,603 vs plan",r52-0001432,completed,2026-04-28T16:42:24Z,47500
mjones@crestviewinsurance.com,Covenant Checker,Reconcile AP aging over 90 days for US-01,"Treasury Jun variance was $4,491,870 vs plan",r52-0001433,completed,2026-04-28T16:55:32Z,39000
ksanchez@crestviewinsurance.com,Flux Commentary,Summarize the Feb variance for entity US-02,"Treasury Feb variance was $2,531,932 vs plan",r52-0001434,completed,2026-04-28T10:03:13Z,13700
jjohnson@crestviewinsurance.com,Headcount Planner,Why did Treasury spend exceed budget in Jun?,"Treasury Jun variance was $4,750,319 vs plan",r52-0001435,completed,2026-04-28T14:43:59Z,68400
ksanchez@crestviewinsurance.com,Budget vs Actual,Which cost centers are over budget YTD?,"Treasury May variance was $1,149,767 vs plan",r52-0001436,completed,2026-04-28T13:09:51Z,47900
yrobinson@crestviewinsurance.com,AP Aging Analyst,Which cost centers are over budget YTD?,"Treasury Jun variance was $4,174,377 vs plan",r52-0001437,completed,2026-04-28T10:19:21Z,14200
dperez@crestviewinsurance.com,Board Deck Builder,Draft flux commentary for the Jan close,Traceback (most recent call last): KeyError 'entity',r52-0001438,completed,2026-04-28T13:58:14Z,500
mjones@crestviewinsurance.com,Budget vs Actual,Check covenant compliance for the revolver,"Treasury Mar variance was $2,530,407 vs plan",r52-0001439,completed,2026-04-28T06:43:15Z,13100
jjohnson@crestviewinsurance.com,AP Aging Analyst,Reconcile AP aging over 90 days for EU-02,"Treasury May variance was $290,071 vs plan",r52-0001440,completed,2026-04-28T14:18:45Z,53300
sgonzalez@crestviewinsurance.com,Covenant Checker,Reconcile AP aging over 90 days for MX-09,"FP&A Jan variance was $1,970,976 vs plan",r52-0001441,completed,2026-04-28T11:57:14Z,70700
kmiller@crestviewinsurance.com,Covenant Checker,Summarize the Apr variance for entity EU-06,"Treasury Apr variance was $4,533,556 vs plan",r52-0001442,completed,2026-04-28T14:56:23Z,50100
dperez@crestviewinsurance.com,Flux Commentary,Draft flux commentary for the Feb close,error: connection reset by peer,r52-0001443,completed,2026-04-28T21:42:31Z,1300
mjones@crestviewinsurance.com,Close Checklist Bot,Reconcile AP aging over 90 days for MX-09,error code 502 from model gateway,r52-0001444,completed,2026-04-28T13:32:21Z,1900
jjohnson@crestviewinsurance.com,Covenant Checker,Which cost centers are over budget YTD?,ERROR: upstream request timed out,r52-0001445,completed,2026-04-28T15:27:30Z,1300
mjones@crestviewinsurance.com,Budget vs Actual,Which cost centers are over budget YTD?,"Treasury Apr variance was $1,827,188 vs plan",r52-0001446,completed,2026-04-28T08:20:43Z,46800
dhaddad@crestviewinsurance.com,Revenue Recognizer,Reconcile AP aging over 90 days for EU-09,"Ops Jun variance was $1,736,167 vs plan",r52-0001447,completed,2026-04-28T16:46:16Z,36400
yrobinson@crestviewinsurance.com,Covenant Checker,Draft flux commentary for the May close,"Accounting May variance was $2,332,151 vs plan",r52-0001448,completed,2026-04-28T10:21:06Z,35100
mjones@crestviewinsurance.com,Cash Forecaster,Reconcile AP aging over 90 days for US-07,"Accounting Jan variance was $2,190,835 vs plan",r52-0001449,completed,2026-04-28T15:49:37Z,37800
jjohnson@crestviewinsurance.com,Variance Explainer,What drove the change in gross margin this quarter?,"Treasury May variance was $998,269 vs plan",r52-0001450,completed,2026-04-28T16:03:47Z,13000
mjones@crestviewinsurance.com,Flux Commentary,Summarize the Jun variance for entity EU-09,"FP&A Jun variance was $2,883,473 vs plan",r52-0001451,completed,2026-04-28T13:31:39Z,56500
jjohnson@crestviewinsurance.com,Variance Explainer,Build the board deck cash slide for Apr,"Accounting Apr variance was $3,248,455 vs plan",r52-0001452,completed,2026-04-28T14:54:33Z,21300
mtaylor@crestviewinsurance.com,Board Deck Builder,Which cost centers are over budget YTD?,Traceback (most recent call last): KeyError 'entity',r52-0001453,completed,2026-04-29T14:32:21Z,900
jbrown@crestviewinsurance.com,AP Aging Analyst,Build the board deck cash slide for May,"Accounting May variance was $3,501,497 vs plan",r52-0001454,completed,2026-04-29T10:53:52Z,50400
mjones@crestviewinsurance.com,Covenant Checker,Summarize the May variance for entity US-04,"Accounting May variance was $2,171,440 vs plan",r52-0001455,completed,2026-04-29T16:54:48Z,27800
mjones@crestviewinsurance.com,AP Aging Analyst,Why did Treasury spend exceed budget in Jun?,"Treasury Jun variance was $4,602,938 vs plan",r52-0001456,completed,2026-04-29T14:52:13Z,41700
drodriguez@crestviewinsurance.com,Close Checklist Bot,Explain the headcount variance vs plan,"Treasury Jun variance was $2,864,212 vs plan",r52-0001457,completed,2026-04-29T08:09:18Z,45300
mjones@crestviewinsurance.com,Revenue Recognizer,Summarize the Apr variance for entity EU-01,"FP&A Apr variance was $2,369,480 vs plan",r52-0001458,completed,2026-04-29T13:46:04Z,64300
yrobinson@crestviewinsurance.com,Cash Forecaster,Forecast Mar operating cash flow,"Ops Mar variance was $728,229 vs plan",r52-0001459,completed,2026-04-29T12:57:58Z,51600
jjohnson@crestviewinsurance.com,Variance Explainer,Check covenant compliance for the revolver,"Accounting Jun variance was $4,228,517 vs plan",r52-0001460,completed,2026-04-29T10:24:52Z,40900
mjones@crestviewinsurance.com,Flux Commentary,Which cost centers are over budget YTD?,Traceback (most recent call last): KeyError 'entity',r52-0001461,completed,2026-04-29T14:04:33Z,300
djohnson@crestviewinsurance.com,Variance Explainer,Reconcile AP aging over 90 days for EU-01,Traceback (most recent call last): KeyError 'entity',r52-0001462,completed,2026-04-29T11:01:02Z,1900
yrobinson@crestviewinsurance.com,Cash Forecaster,Summarize the Jan variance for entity CA-06,ERROR: upstream request timed out,r52-0001463,completed,2026-04-29T13:14:12Z,1400
mjones@crestviewinsurance.com,Cash Forecaster,Summarize the Jun variance for entity EU-06,"Treasury Jun variance was $1,702,628 vs plan",r52-0001464,completed,2026-04-29T15:23:55Z,57500
mjones@crestviewinsurance.com,Vendor Spend Analyzer,Check covenant compliance for the revolver,"Ops Apr variance was $2,847,721 vs plan",r52-0001465,completed,2026-04-29T06:18:02Z,48800
yrobinson@crestviewinsurance.com,Headcount Planner,Why did Treasury spend exceed budget in May?,ERROR: upstream request timed out,r52-0001466,completed,2026-04-29T08:35:23Z,1900
jbrown@crestviewinsurance.com,Covenant Checker,Reconcile AP aging over 90 days for MX-01,"FP&A Jun variance was $680,125 vs plan",r52-0001467,completed,2026-04-29T14:52:44Z,70400
jjohnson@crestviewinsurance.com,Covenant Checker,Reconcile AP aging over 90 days for MX-07,error code 502 from model gateway,r52-0001468,completed,2026-04-29T06:34:49Z,800
mjones@crestviewinsurance.com,Close Checklist Bot,What drove the change in gross margin this quarter?,"Accounting May variance was $4,271,436 vs plan",r52-0001469,completed,2026-04-29T13:03:04Z,69800
jrobinson@crestviewinsurance.com,Close Checklist Bot,Build the board deck cash slide for Apr,"FP&A Apr variance was $397,361 vs plan",r52-0001470,completed,2026-04-29T13:11:07Z,25900
mtaylor@crestviewinsurance.com,Board Deck Builder,Forecast Jan operating cash flow,error: connection reset by peer,r52-0001471,error,2026-04-29T07:59:05Z,5100
jjohnson@crestviewinsurance.com,AP Aging Analyst,Build the board deck cash slide for Mar,"FP&A Mar variance was $865,164 vs plan",r52-0001472,completed,2026-04-29T18:25:22Z,44600
mjones@crestviewinsurance.com,Headcount Planner,What drove the change in gross margin this quarter?,"Treasury May variance was $2,745,440 vs plan",r52-0001473,completed,2026-04-29T16:09:33Z,17400
kmiller@crestviewinsurance.com,Revenue Recognizer,Forecast Apr operating cash flow,"Treasury Apr variance was $4,686,654 vs plan",r52-0001474,completed,2026-04-29T13:13:39Z,51700
jjohnson@crestviewinsurance.com,Flux Commentary,Why did Treasury spend exceed budget in Jan?,"Treasury Jan variance was $3,471,572 vs plan",r52-0001475,completed,2026-04-29T13:48:11Z,32900
jjohnson@crestviewinsurance.com,Revenue Recognizer,Summarize the Jan variance for entity CA-06,"Treasury Jan variance was $4,645,488 vs plan",r52-0001476,completed,2026-04-29T16:26:53Z,65600
kmiller@crestviewinsurance.com,Board Deck Builder,Explain the headcount variance vs plan,"Treasury Mar variance was $2,248,994 vs plan",r52-0001477,completed,2026-04-29T08:13:30Z,35600
mjones@crestviewinsurance.com,Vendor Spend Analyzer,Reconcile AP aging over 90 days for US-05,"Ops May variance was $2,721,862 vs plan",r52-0001478,completed,2026-04-29T13:15:11Z,48100
mjones@crestviewinsurance.com,AP Aging Analyst,Reconcile AP aging over 90 days for US-06,ERROR: upstream request timed out,r52-0001479,completed,2026-04-29T12:24:02Z,1900
jjohnson@crestviewinsurance.com,Headcount Planner,Explain the headcount variance vs plan,"FP&A Mar variance was $1,580,142 vs plan",r52-0001480,completed,2026-04-30T11:33:47Z,4400
mjones@crestviewinsurance.com,Board Deck Builder,Build the board deck cash slide for Jun,"Ops Jun variance was $346,671 vs plan",r52-0001481,completed,2026-04-30T13:23:57Z,61600
mjones@crestviewinsurance.com,Vendor Spend Analyzer,Draft flux commentary for the Mar close,"Ops Mar variance was $1,999,649 vs plan",r52-0001482,completed,2026-04-30T11:01:18Z,5000
mjones@crestviewinsurance.com,AP Aging Analyst,Forecast Jan operating cash flow,"Ops Jan variance was $4,758,889 vs plan",r52-0001483,completed,2026-04-30T16:27:14Z,59100
kmiller@crestviewinsurance.com,Budget vs Actual,Which cost centers are over budget YTD?,"Ops May variance was $637,128 vs plan",r52-0001484,completed,2026-04-30T11:45:48Z,40600
kmiller@crestviewinsurance.com,Cash Forecaster,Reconcile AP aging over 90 days for EU-05,"Ops Jan variance was $1,190,909 vs plan",r52-0001485,completed,2026-04-30T12:10:18Z,6600
drodriguez@crestviewinsurance.com,Headcount Planner,Forecast Feb operating cash flow,error: connection reset by peer,r52-0001486,error,2026-04-30T11:13:19Z,500
dhaddad@crestviewinsurance.com,Variance Explainer,What drove the change in gross margin this quarter?,"Treasury Feb variance was $3,679,026 vs plan",r52-0001487,completed,2026-04-30T13:35:47Z,33300
sgonzalez@crestviewinsurance.com,Variance Explainer,Which cost centers are over budget YTD?,"Ops Mar variance was $3,332,582 vs plan",r52-0001488,completed,2026-04-30T12:58:20Z,36300
mjones@crestviewinsurance.com,Journal Entry Reviewer,What drove the change in gross margin this quarter?,"Treasury May variance was $2,414,775 vs plan",r52-0001489,completed,2026-04-30T13:42:36Z,27500
mjones@crestviewinsurance.com,Revenue Recognizer,Build the board deck cash slide for Jan,"Ops Jan variance was $4,462,502 vs plan",r52-0001490,completed,2026-04-30T10:42:57Z,5100
dperez@crestviewinsurance.com,Cash Forecaster,Forecast Jan operating cash flow,"Accounting Jan variance was $435,015 vs plan",r52-0001491,completed,2026-04-30T10:28:23Z,28800
mjones@crestviewinsurance.com,Covenant Checker,Reconcile AP aging over 90 days for US-01,"Accounting Apr variance was $3,412,461 vs plan",r52-0001492,completed,2026-04-30T12:10:47Z,23100
mjones@crestviewinsurance.com,Cash Forecaster,Which cost centers are over budget YTD?,"FP&A Apr variance was $3,526,322 vs plan",r52-0001493,completed,2026-04-30T16:45:50Z,32600
jpatel@crestviewinsurance.com,Journal Entry Reviewer,Summarize the Apr variance for entity CA-01,error: connection reset by peer,r52-0001494,error,2026-04-30T10:12:09Z,4900
mjones@crestviewinsurance.com,Flux Commentary,Build the board deck cash slide for Jan,"Ops Jan variance was $1,655,421 vs plan",r52-0001495,completed,2026-04-30T12:10:48Z,29500
jjohnson@crestviewinsurance.com,Vendor Spend Analyzer,Reconcile AP aging over 90 days for CA-05,"Ops Apr variance was $4,124,425 vs plan",r52-0001496,completed,2026-04-30T09:40:09Z,45800
swilson@crestviewinsurance.com,Close Checklist Bot,Draft flux commentary for the Apr close,"Accounting Apr variance was $4,537,409 vs plan",r52-0001497,completed,2026-04-30T09:53:19Z,56400
fjackson@crestviewinsurance.com,Close Checklist Bot,Summarize the Jun variance for entity EU-07,FAILED: null reference in aggregation step,r52-0001498,completed,2026-04-30T17:24:53Z,800
swilson@crestviewinsurance.com,AP Aging Analyst,Check covenant compliance for the revolver,"Treasury Apr variance was $133,642 vs plan",r52-0001499,completed,2026-04-30T12:10:59Z,51900
jjohnson@crestviewinsurance.com,AP Aging Analyst,What drove the change in gross margin this quarter?,"Ops Mar variance was $2,627,920 vs plan",r52-0001500,completed,2026-04-30T16:06:44Z,60700
yrobinson@crestviewinsurance.com,Vendor Spend Analyzer,What drove the change in gross margin this quarter?,error code 502 from model gateway,r52-0001501,completed,2026-04-30T10:02:03Z,500
yrobinson@crestviewinsurance.com,AP Aging Analyst,Which cost centers are over budget YTD?,"Accounting Jun variance was $3,581,339 vs plan",r52-0001502,completed,2026-04-30T09:51:39Z,27700
yrobinson@crestviewinsurance.com,AP Aging Analyst,Explain the headcount variance vs plan,"Ops Jun variance was $1,849,834 vs plan",r52-0001503,completed,2026-04-30T08:18:22Z,49800
jjohnson@crestviewinsurance.com,Covenant Checker,Explain the headcount variance vs plan,"Treasury Feb variance was $2,125,454 vs plan",r52-0001504,completed,2026-04-30T16:51:22Z,6500
dperez@crestviewinsurance.com,Covenant Checker,Explain the headcount variance vs plan,"Treasury Apr variance was $1,085,406 vs plan",r52-0001505,completed,2026-04-30T10:51:31Z,58800
ksanchez@crestviewinsurance.com,Board Deck Builder,Forecast May operating cash flow,"Ops May variance was $3,264,081 vs plan",r52-0001506,completed,2026-04-30T12:15:37Z,15800
swilson@crestviewinsurance.com,Close Checklist Bot,Forecast Jan operating cash flow,"Treasury Jan variance was $1,219,159 vs plan",r52-0001507,completed,2026-04-30T12:16:07Z,4700
jjohnson@crestviewinsurance.com,Close Checklist Bot,Summarize the Feb variance for entity US-06,"Treasury Feb variance was $1,370,839 vs plan",r52-0001508,completed,2026-04-30T13:41:38Z,65800
mjones@crestviewinsurance.com,Board Deck Builder,Build the board deck cash slide for Feb,"Ops Feb variance was $3,901,285 vs plan",r52-0001509,completed,2026-04-30T15:51:29Z,3600
jlopez@crestviewinsurance.com,Vendor Spend Analyzer,What drove the change in gross margin this quarter?,"Treasury May variance was $4,091,749 vs plan",r52-0001510,completed,2026-04-30T12:43:27Z,24300
jpatel@crestviewinsurance.com,AP Aging Analyst,Which cost centers are over budget YTD?,"Ops Jan variance was $2,657,459 vs plan",r52-0001511,completed,2026-04-30T16:20:26Z,9200
mjones@crestviewinsurance.com,Budget vs Actual,Check covenant compliance for the revolver,"Ops Feb variance was $1,140,318 vs plan",r52-0001512,completed,2026-04-30T15:17:21Z,46800
jjohnson@crestviewinsurance.com,AP Aging Analyst,Reconcile AP aging over 90 days for CA-08,FAILED: null reference in aggregation step,r52-0001513,completed,2026-04-30T17:10:34Z,900
mjones@crestviewinsurance.com,Headcount Planner,Summarize the Feb variance for entity EU-09,"Treasury Feb variance was $2,628,363 vs plan",r52-0001514,completed,2026-04-30T14:04:13Z,51000
mjones@crestviewinsurance.com,AP Aging Analyst,What drove the change in gross margin this quarter?,"Accounting Feb variance was $2,471,456 vs plan",r52-0001515,completed,2026-04-30T15:26:31Z,61500
yrobinson@crestviewinsurance.com,Variance Explainer,Which cost centers are over budget YTD?,"Treasury Mar variance was $2,093,523 vs plan",r52-0001516,completed,2026-04-30T15:13:38Z,48800
lwilson@crestviewinsurance.com,Headcount Planner,Which cost centers are over budget YTD?,"Treasury May variance was $1,332,632 vs plan",r52-0001517,completed,2026-04-30T12:40:58Z,67700
mjones@crestviewinsurance.com,Close Checklist Bot,Check covenant compliance for the revolver,"Treasury Mar variance was $3,428,145 vs plan",r52-0001518,completed,2026-04-30T12:46:41Z,38800
jjohnson@crestviewinsurance.com,Flux Commentary,Draft flux commentary for the Jun close,"Ops Jun variance was $4,601,128 vs plan",r52-0001519,completed,2026-05-01T14:39:17Z,68400
jjohnson@crestviewinsurance.com,Flux Commentary,Explain the headcount variance vs plan,"Accounting Jun variance was $3,693,182 vs plan",r52-0001520,completed,2026-05-01T06:07:00Z,73200
jjohnson@crestviewinsurance.com,Vendor Spend Analyzer,Reconcile AP aging over 90 days for MX-08,"FP&A Mar variance was $1,606,781 vs plan",r52-0001521,completed,2026-05-01T13:33:59Z,48500
mjones@crestviewinsurance.com,Variance Explainer,Which cost centers are over budget YTD?,"Treasury Jun variance was $402,507 vs plan",r52-0001522,completed,2026-05-01T15:47:30Z,24900
mjones@crestviewinsurance.com,Journal Entry Reviewer,Which cost centers are over budget YTD?,"Accounting Apr variance was $3,806,999 vs plan",r52-0001523,completed,2026-05-01T13:59:51Z,14600
mjones@crestviewinsurance.com,Close Checklist Bot,What drove the change in gross margin this quarter?,"Accounting May variance was $3,713,806 vs plan",r52-0001524,completed,2026-05-01T09:55:26Z,51300
lwilson@crestviewinsurance.com,Flux Commentary,Build the board deck cash slide for Jun,"Ops Jun variance was $2,611,972 vs plan",r52-0001525,completed,2026-05-01T13:39:20Z,19400
mjones@crestviewinsurance.com,Flux Commentary,Forecast Jan operating cash flow,"FP&A Jan variance was $1,360,369 vs plan",r52-0001526,completed,2026-05-01T07:20:43Z,64100
jjohnson@crestviewinsurance.com,Flux Commentary,Forecast Jun operating cash flow,"FP&A Jun variance was $1,678,758 vs plan",r52-0001527,completed,2026-05-01T14:02:54Z,22600
yrobinson@crestviewinsurance.com,Variance Explainer,Check covenant compliance for the revolver,"Treasury May variance was $4,662,255 vs plan",r52-0001528,completed,2026-05-01T14:21:19Z,14700
jjohnson@crestviewinsurance.com,Flux Commentary,Check covenant compliance for the revolver,"Ops Feb variance was $2,758,716 vs plan",r52-0001529,completed,2026-05-01T12:53:46Z,73400
mjones@crestviewinsurance.com,Journal Entry Reviewer,Check covenant compliance for the revolver,"Treasury Mar variance was $640,039 vs plan",r52-0001530,completed,2026-05-01T06:25:54Z,65200
mjones@crestviewinsurance.com,Budget vs Actual,Check covenant compliance for the revolver,FAILED: null reference in aggregation step,r52-0001531,error,2026-05-01T10:30:22Z,4000
mjones@crestviewinsurance.com,Headcount Planner,Forecast Feb operating cash flow,FAILED: null reference in aggregation step,r52-0001532,error,2026-05-01T12:33:43Z,4100
jjohnson@crestviewinsurance.com,Covenant Checker,What drove the change in gross margin this quarter?,error code 502 from model gateway,r52-0001533,error,2026-05-01T16:57:54Z,2800
mjones@crestviewinsurance.com,Revenue Recognizer,Which cost centers are over budget YTD?,"FP&A Mar variance was $1,394,016 vs plan",r52-0001534,completed,2026-05-01T15:51:56Z,28500
jpatel@crestviewinsurance.com,Flux Commentary,What drove the change in gross margin this quarter?,"Ops Jan variance was $4,595,657 vs plan",r52-0001535,completed,2026-05-01T14:58:04Z,53400
mjones@crestviewinsurance.com,Vendor Spend Analyzer,Reconcile AP aging over 90 days for US-02,"Ops Apr variance was $1,670,296 vs plan",r52-0001536,completed,2026-05-01T16:15:51Z,51100
yrobinson@crestviewinsurance.com,Cash Forecaster,Why did Accounting spend exceed budget in Jun?,"Accounting Jun variance was $419,784 vs plan",r52-0001537,completed,2026-05-01T07:25:28Z,3700
dhaddad@crestviewinsurance.com,Variance Explainer,Which cost centers are over budget YTD?,"Treasury Jan variance was $4,121,442 vs plan",r52-0001538,completed,2026-05-01T14:33:18Z,4300
jlopez@crestviewinsurance.com,AP Aging Analyst,Summarize the Jun variance for entity CA-06,"Ops Jun variance was $1,046,053 vs plan",r52-0001539,completed,2026-05-01T11:22:00Z,44000
dperez@crestviewinsurance.com,Revenue Recognizer,Why did Treasury spend exceed budget in Jun?,"Treasury Jun variance was $1,176,982 vs plan",r52-0001540,completed,2026-05-01T06:00:42Z,44400
yrobinson@crestviewinsurance.com,Journal Entry Reviewer,Forecast Mar operating cash flow,"Treasury Mar variance was $4,155,639 vs plan",r52-0001541,completed,2026-05-02T12:37:36Z,38900
yrobinson@crestviewinsurance.com,Journal Entry Reviewer,What drove the change in gross margin this quarter?,error: connection reset by peer,r52-0001542,completed,2026-05-02T15:25:44Z,1100
yrobinson@crestviewinsurance.com,Variance Explainer,Build the board deck cash slide for Mar,Traceback (most recent call last): KeyError 'entity',r52-0001543,error,2026-05-02T17:44:19Z,2300
mjones@crestviewinsurance.com,Revenue Recognizer,Draft flux commentary for the May close,"FP&A May variance was $546,328 vs plan",r52-0001544,completed,2026-05-02T14:43:35Z,74100
jjohnson@crestviewinsurance.com,Headcount Planner,What drove the change in gross margin this quarter?,"Accounting Feb variance was $2,606,898 vs plan",r52-0001545,completed,2026-05-02T13:39:05Z,55300
jjohnson@crestviewinsurance.com,Variance Explainer,Build the board deck cash slide for Jun,FAILED: null reference in aggregation step,r52-0001546,completed,2026-05-02T11:22:58Z,700
dperez@crestviewinsurance.com,Variance Explainer,Reconcile AP aging over 90 days for EU-08,"Ops Apr variance was $3,667,802 vs plan",r52-0001547,completed,2026-05-02T17:57:56Z,3100
jjohnson@crestviewinsurance.com,Covenant Checker,Draft flux commentary for the Apr close,error code 502 from model gateway,r52-0001548,completed,2026-05-02T16:46:55Z,600
jjohnson@crestviewinsurance.com,Variance Explainer,Explain the headcount variance vs plan,ERROR: upstream request timed out,r52-0001549,error,2026-05-02T11:17:59Z,2100
yrobinson@crestviewinsurance.com,AP Aging Analyst,Draft flux commentary for the Jan close,"FP&A Jan variance was $2,382,447 vs plan",r52-0001550,completed,2026-05-02T12:34:51Z,17800
swilson@crestviewinsurance.com,Vendor Spend Analyzer,Reconcile AP aging over 90 days for US-01,"Ops May variance was $1,050,327 vs plan",r52-0001551,completed,2026-05-02T08:50:32Z,50600
mjones@crestviewinsurance.com,Revenue Recognizer,Build the board deck cash slide for Feb,"Ops Feb variance was $2,540,053 vs plan",r52-0001552,completed,2026-05-02T09:43:25Z,11200
jjohnson@crestviewinsurance.com,Headcount Planner,Draft flux commentary for the Apr close,"Accounting Apr variance was $37,535 vs plan",r52-0001553,completed,2026-05-03T14:52:56Z,24000
yrobinson@crestviewinsurance.com,Revenue Recognizer,Forecast Feb operating cash flow,"Ops Feb variance was $3,978,923 vs plan",r52-0001554,completed,2026-05-03T10:13:48Z,46200
jjohnson@crestviewinsurance.com,Board Deck Builder,Summarize the Feb variance for entity EU-05,"Accounting Feb variance was $1,101,399 vs plan",r52-0001555,completed,2026-05-03T11:47:20Z,23000
jjohnson@crestviewinsurance.com,Close Checklist Bot,What drove the change in gross margin this quarter?,"Ops Mar variance was $1,015,592 vs plan",r52-0001556,completed,2026-05-03T11:08:49Z,51100
yrobinson@crestviewinsurance.com,Board Deck Builder,Reconcile AP aging over 90 days for EU-08,"Treasury May variance was $661,474 vs plan",r52-0001557,completed,2026-05-03T14:55:51Z,51700
yrobinson@crestviewinsurance.com,Covenant Checker,Check covenant compliance for the revolver,"Ops Jan variance was $4,065,313 vs plan",r52-0001558,completed,2026-05-03T13:54:44Z,10700
jrobinson@crestviewinsurance.com,Covenant Checker,Draft flux commentary for the Mar close,"Accounting Mar variance was $1,552 vs plan",r52-0001559,completed,2026-05-03T10:32:38Z,58500
dperez@crestviewinsurance.com,Revenue Recognizer,Explain the headcount variance vs plan,"Ops Mar variance was $3,303,669 vs plan",r52-0001560,completed,2026-05-03T17:50:54Z,63200
jjohnson@crestviewinsurance.com,AP Aging Analyst,Explain the headcount variance vs plan,"Accounting Mar variance was $3,734,136 vs plan",r52-0001561,completed,2026-05-03T10:44:12Z,9500
jjohnson@crestviewinsurance.com,AP Aging Analyst,Reconcile AP aging over 90 days for MX-03,"Accounting May variance was $2,005,528 vs plan",r52-0001562,completed,2026-05-04T13:10:13Z,41100
mjones@crestviewinsurance.com,Revenue Recognizer,Build the board deck cash slide for Mar,"Treasury Mar variance was $2,472,813 vs plan",r52-0001563,completed,2026-05-04T16:04:12Z,74200
kperez@crestviewinsurance.com,Board Deck Builder,Which cost centers are over budget YTD?,"Ops May variance was $507,093 vs plan",r52-0001564,completed,2026-05-04T15:27:44Z,19300
mjones@crestviewinsurance.com,Cash Forecaster,Which cost centers are over budget YTD?,"FP&A Feb variance was $669,021 vs plan",r52-0001565,completed,2026-05-04T17:54:56Z,21800
jpatel@crestviewinsurance.com,Board Deck Builder,Which cost centers are over budget YTD?,"Ops May variance was $3,953,851 vs plan",r52-0001566,completed,2026-05-04T11:26:21Z,12300
mjones@crestviewinsurance.com,Cash Forecaster,Which cost centers are over budget YTD?,error: connection reset by peer,r52-0001567,error,2026-05-04T11:41:01Z,2100
mjones@crestviewinsurance.com,Close Checklist Bot,Build the board deck cash slide for Feb,"Treasury Feb variance was $2,940,865 vs plan",r52-0001568,completed,2026-05-04T09:52:45Z,26500
kmiller@crestviewinsurance.com,Covenant Checker,Forecast Jun operating cash flow,"Treasury Jun variance was $4,507,726 vs plan",r52-0001569,completed,2026-05-04T08:34:24Z,42000
jjohnson@crestviewinsurance.com,Board Deck Builder,Summarize the Apr variance for entity US-07,"Accounting Apr variance was $1,174,332 vs plan",r52-0001570,completed,2026-05-04T11:26:19Z,44100
yrobinson@crestviewinsurance.com,Close Checklist Bot,Summarize the May variance for entity CA-03,"FP&A May variance was $2,621,786 vs plan",r52-0001571,completed,2026-05-04T15:28:22Z,48500
jjohnson@crestviewinsurance.com,Close Checklist Bot,Why did FP&A spend exceed budget in Jun?,"FP&A Jun variance was $2,501,678 vs plan",r52-0001572,completed,2026-05-04T12:37:07Z,32300
dhaddad@crestviewinsurance.com,Variance Explainer,Check covenant compliance for the revolver,"Accounting Jun variance was $1,440,786 vs plan",r52-0001573,completed,2026-05-04T10:41:54Z,51900
yrobinson@crestviewinsurance.com,Flux Commentary,Explain the headcount variance vs plan,error code 502 from model gateway,r52-0001574,error,2026-05-04T13:11:10Z,3900
jjohnson@crestviewinsurance.com,Variance Explainer,Build the board deck cash slide for Apr,"Treasury Apr variance was $3,122,780 vs plan",r52-0001575,completed,2026-05-04T10:34:33Z,41400
yrobinson@crestviewinsurance.com,AP Aging Analyst,Check covenant compliance for the revolver,"Ops Jun variance was $296,445 vs plan",r52-0001576,completed,2026-05-04T14:45:48Z,6500
yrobinson@crestviewinsurance.com,Covenant Checker,What drove the change in gross margin this quarter?,"Accounting Feb variance was $334,047 vs plan",r52-0001577,completed,2026-05-04T18:18:18Z,73200
jnguyen@crestviewinsurance.com,Journal Entry Reviewer,Reconcile AP aging over 90 days for CA-08,error: connection reset by peer,r52-0001578,completed,2026-05-04T14:08:47Z,1000
jjohnson@crestviewinsurance.com,Close Checklist Bot,Reconcile AP aging over 90 days for CA-08,"Accounting Feb variance was $1,259,631 vs plan",r52-0001579,completed,2026-05-04T11:27:47Z,15300
jnguyen@crestviewinsurance.com,Revenue Recognizer,Draft flux commentary for the May close,"Accounting May variance was $4,259,253 vs plan",r52-0001580,completed,2026-05-04T10:44:58Z,50300
jjohnson@crestviewinsurance.com,Journal Entry Reviewer,Check covenant compliance for the revolver,"Ops Jan variance was $4,094,130 vs plan",r52-0001581,completed,2026-05-04T10:15:47Z,21700
mwalker@crestviewinsurance.com,AP Aging Analyst,Why did FP&A spend exceed budget in Mar?,"FP&A Mar variance was $1,399,593 vs plan",r52-0001582,completed,2026-05-04T13:13:26Z,29500
jjohnson@crestviewinsurance.com,Cash Forecaster,What drove the change in gross margin this quarter?,"FP&A Feb variance was $1,513,975 vs plan",r52-0001583,completed,2026-05-04T16:41:26Z,28000
jbrown@crestviewinsurance.com,Budget vs Actual,Which cost centers are over budget YTD?,"Ops Jan variance was $3,306,397 vs plan",r52-0001584,completed,2026-05-04T11:32:18Z,67800
mjones@crestviewinsurance.com,Close Checklist Bot,Draft flux commentary for the Jun close,FAILED: null reference in aggregation step,r52-0001585,error,2026-05-04T14:07:57Z,600
mjones@crestviewinsurance.com,AP Aging Analyst,Draft flux commentary for the Feb close,"Accounting Feb variance was $3,806,578 vs plan",r52-0001586,completed,2026-05-04T14:03:36Z,45600
jbrown@crestviewinsurance.com,Headcount Planner,Check covenant compliance for the revolver,"FP&A Jun variance was $4,773,068 vs plan",r52-0001587,completed,2026-05-04T16:49:24Z,55700
jlopez@crestviewinsurance.com,Journal Entry Reviewer,Why did FP&A spend exceed budget in Mar?,"FP&A Mar variance was $312,538 vs plan",r52-0001588,completed,2026-05-04T17:15:13Z,22400
mjones@crestviewinsurance.com,AP Aging Analyst,Summarize the Apr variance for entity CA-08,Traceback (most recent call last): KeyError 'entity',r52-0001589,completed,2026-05-04T11:36:57Z,1500
jjohnson@crestviewinsurance.com,Covenant Checker,Explain the headcount variance vs plan,error code 502 from model gateway,r52-0001590,error,2026-05-04T11:41:04Z,5800
jjohnson@crestviewinsurance.com,Cash Forecaster,Draft flux commentary for the Jan close,"Accounting Jan variance was $4,049,581 vs plan",r52-0001591,completed,2026-05-04T10:07:06Z,51100
jjohnson@crestviewinsurance.com,Flux Commentary,Draft flux commentary for the Feb close,"Treasury Feb variance was $4,243,182 vs plan",r52-0001592,completed,2026-05-04T19:54:51Z,65300
mjones@crestviewinsurance.com,Headcount Planner,Why did FP&A spend exceed budget in Feb?,"FP&A Feb variance was $4,328,110 vs plan",r52-0001593,completed,2026-05-04T10:19:32Z,19700
dhaddad@crestviewinsurance.com,Cash Forecaster,What drove the change in gross margin this quarter?,"FP&A Feb variance was $1,495,032 vs plan",r52-0001594,completed,2026-05-04T08:37:56Z,19200
kmiller@crestviewinsurance.com,Revenue Recognizer,Which cost centers are over budget YTD?,"Accounting Jun variance was $99,830 vs plan",r52-0001595,completed,2026-05-04T08:20:58Z,63200
mjones@crestviewinsurance.com,AP Aging Analyst,Which cost centers are over budget YTD?,"FP&A Feb variance was $87,696 vs plan",r52-0001596,completed,2026-05-04T07:44:31Z,59200
mjones@crestviewinsurance.com,Vendor Spend Analyzer,Reconcile AP aging over 90 days for US-07,"Treasury Jun variance was $4,520,847 vs plan",r52-0001597,completed,2026-05-04T12:55:01Z,20000
mjones@crestviewinsurance.com,Headcount Planner,Which cost centers are over budget YTD?,Traceback (most recent call last): KeyError 'entity',r52-0001598,completed,2026-05-04T14:14:01Z,1700
mjones@crestviewinsurance.com,Flux Commentary,Check covenant compliance for the revolver,"Accounting Apr variance was $4,014,273 vs plan",r52-0001599,completed,2026-05-04T09:19:33Z,48600
yrobinson@crestviewinsurance.com,AP Aging Analyst,Why did Ops spend exceed budget in Jun?,error code 502 from model gateway,r52-0001600,completed,2026-05-05T11:56:57Z,500
yrobinson@crestviewinsurance.com,Variance Explainer,Draft flux commentary for the Mar close,"FP&A Mar variance was $4,564,617 vs plan",r52-0001601,completed,2026-05-05T11:03:22Z,70300
kmiller@crestviewinsurance.com,AP Aging Analyst,Draft flux commentary for the Mar close,"Accounting Mar variance was $1,739,507 vs plan",r52-0001602,completed,2026-05-05T13:53:50Z,9100
drodriguez@crestviewinsurance.com,Cash Forecaster,Reconcile AP aging over 90 days for US-01,"Accounting Mar variance was $3,402,746 vs plan",r52-0001603,completed,2026-05-05T10:01:54Z,45400
mjones@crestviewinsurance.com,Variance Explainer,Build the board deck cash slide for Mar,"Ops Mar variance was $1,103,229 vs plan",r52-0001604,completed,2026-05-05T13:29:55Z,48000
jjohnson@crestviewinsurance.com,Revenue Recognizer,Forecast Mar operating cash flow,error: connection reset by peer,r52-0001605,error,2026-05-05T17:34:11Z,1900
jpatel@crestviewinsurance.com,Covenant Checker,Which cost centers are over budget YTD?,"Ops Mar variance was $1,117,244 vs plan",r52-0001606,completed,2026-05-05T12:10:47Z,42400
mjones@crestviewinsurance.com,Variance Explainer,Why did FP&A spend exceed budget in Mar?,"FP&A Mar variance was $3,106,377 vs plan",r52-0001607,completed,2026-05-05T07:08:32Z,59200
jjohnson@crestviewinsurance.com,Variance Explainer,Forecast Apr operating cash flow,"Accounting Apr variance was $798,881 vs plan",r52-0001608,completed,2026-05-05T14:34:52Z,16600
mjones@crestviewinsurance.com,AP Aging Analyst,What drove the change in gross margin this quarter?,"Ops Feb variance was $4,101,714 vs plan",r52-0001609,completed,2026-05-05T12:38:50Z,3900
jjohnson@crestviewinsurance.com,Budget vs Actual,Which cost centers are over budget YTD?,"Accounting Feb variance was $4,475,129 vs plan",r52-0001610,completed,2026-05-05T16:28:31Z,70400
jbrown@crestviewinsurance.com,Board Deck Builder,Explain the headcount variance vs plan,"FP&A Jan variance was $4,456,729 vs plan",r52-0001611,completed,2026-05-05T09:02:09Z,34300
jjohnson@crestviewinsurance.com,Vendor Spend Analyzer,Summarize the Feb variance for entity CA-05,"Accounting Feb variance was $306,491 vs plan",r52-0001612,completed,2026-05-05T15:40:03Z,19900
yrobinson@crestviewinsurance.com,Journal Entry Reviewer,Check covenant compliance for the revolver,"FP&A Feb variance was $4,430,167 vs plan",r52-0001613,completed,2026-05-05T12:55:15Z,5900
jnguyen@crestviewinsurance.com,Revenue Recognizer,Explain the headcount variance vs plan,"Ops Jan variance was $2,878,319 vs plan",r52-0001614,completed,2026-05-05T10:12:40Z,20400
mjones@crestviewinsurance.com,Revenue Recognizer,Why did Accounting spend exceed budget in Mar?,error: connection reset by peer,r52-0001615,completed,2026-05-05T16:59:41Z,1300
mjones@crestviewinsurance.com,Close Checklist Bot,Reconcile AP aging over 90 days for MX-07,"FP&A May variance was $2,693,379 vs plan",r52-0001616,completed,2026-05-05T19:47:22Z,25400
yrobinson@crestviewinsurance.com,Variance Explainer,Explain the headcount variance vs plan,"Treasury Jun variance was $2,826,639 vs plan",r52-0001617,completed,2026-05-05T10:49:22Z,62400
mjones@crestviewinsurance.com,Journal Entry Reviewer,Draft flux commentary for the Feb close,"FP&A Feb variance was $2,231,593 vs plan",r52-0001618,completed,2026-05-05T12:40:52Z,10200
jjohnson@crestviewinsurance.com,Cash Forecaster,Build the board deck cash slide for Jan,Traceback (most recent call last): KeyError 'entity',r52-0001619,error,2026-05-05T18:00:35Z,2300
jjohnson@crestviewinsurance.com,Headcount Planner,Why did Ops spend exceed budget in Feb?,"Ops Feb variance was $609,009 vs plan",r52-0001620,completed,2026-05-05T11:35:55Z,71900
swilson@crestviewinsurance.com,Budget vs Actual,Which cost centers are over budget YTD?,"FP&A May variance was $677,351 vs plan",r52-0001621,completed,2026-05-05T14:34:27Z,27100
fjackson@crestviewinsurance.com,Close Checklist Bot,Build the board deck cash slide for Apr,"Ops Apr variance was $2,285,650 vs plan",r52-0001622,completed,2026-05-05T13:18:56Z,59100
jjohnson@crestviewinsurance.com,Close Checklist Bot,Summarize the Jun variance for entity EU-06,"Accounting Jun variance was $3,888,981 vs plan",r52-0001623,completed,2026-05-05T10:18:29Z,23300
mjones@crestviewinsurance.com,Cash Forecaster,What drove the change in gross margin this quarter?,"Treasury May variance was $800,861 vs plan",r52-0001624,completed,2026-05-05T12:31:08Z,63400
yrobinson@crestviewinsurance.com,Variance Explainer,Check covenant compliance for the revolver,"Treasury Jan variance was $2,916,245 vs plan",r52-0001625,completed,2026-05-05T15:47:24Z,6100
jjohnson@crestviewinsurance.com,AP Aging Analyst,Forecast Mar operating cash flow,"FP&A Mar variance was $873,912 vs plan",r52-0001626,completed,2026-05-05T16:22:25Z,50600
mjones@crestviewinsurance.com,Headcount Planner,Explain the headcount variance vs plan,"Accounting Jan variance was $1,727,822 vs plan",r52-0001627,completed,2026-05-05T08:26:04Z,68800
kmiller@crestviewinsurance.com,Variance Explainer,Reconcile AP aging over 90 days for CA-04,"FP&A Jan variance was $3,382,244 vs plan",r52-0001628,completed,2026-05-05T15:31:24Z,15800
yrobinson@crestviewinsurance.com,Board Deck Builder,Summarize the Mar variance for entity EU-07,"FP&A Mar variance was $3,445,556 vs plan",r52-0001629,completed,2026-05-05T11:34:03Z,36700
mjones@crestviewinsurance.com,Headcount Planner,Forecast Jun operating cash flow,"FP&A Jun variance was $2,547,156 vs plan",r52-0001630,completed,2026-05-05T13:26:06Z,7300
jjohnson@crestviewinsurance.com,Headcount Planner,Explain the headcount variance vs plan,"Accounting Jan variance was $3,260,357 vs plan",r52-0001631,completed,2026-05-05T18:28:34Z,6100
mjones@crestviewinsurance.com,Variance Explainer,Reconcile AP aging over 90 days for US-03,"FP&A May variance was $3,911,296 vs plan",r52-0001632,completed,2026-05-05T11:06:58Z,16300
kperez@crestviewinsurance.com,Budget vs Actual,Forecast Jun operating cash flow,error: connection reset by peer,r52-0001633,completed,2026-05-05T11:44:31Z,1000
jjohnson@crestviewinsurance.com,AP Aging Analyst,Reconcile AP aging over 90 days for EU-05,"FP&A Feb variance was $483,517 vs plan",r52-0001634,completed,2026-05-05T11:52:30Z,35500
jnguyen@crestviewinsurance.com,Variance Explainer,Draft flux commentary for the Apr close,"FP&A Apr variance was $170,957 vs plan",r52-0001635,completed,2026-05-06T14:24:01Z,32100
kmiller@crestviewinsurance.com,Close Checklist Bot,Build the board deck cash slide for Feb,FAILED: null reference in aggregation step,r52-0001636,error,2026-05-06T13:59:13Z,7700
mjones@crestviewinsurance.com,Flux Commentary,Which cost centers are over budget YTD?,"Accounting Jun variance was $2,571,615 vs plan",r52-0001637,completed,2026-05-06T11:15:30Z,58200
mjones@crestviewinsurance.com,Variance Explainer,Why did FP&A spend exceed budget in May?,"FP&A May variance was $2,091,063 vs plan",r52-0001638,completed,2026-05-06T12:05:08Z,60900
sgonzalez@crestviewinsurance.com,Board Deck Builder,Forecast Apr operating cash flow,"Ops Apr variance was $4,093,311 vs plan",r52-0001639,completed,2026-05-06T10:26:10Z,25300
fjackson@crestviewinsurance.com,Covenant Checker,Explain the headcount variance vs plan,"Ops May variance was $1,736,400 vs plan",r52-0001640,completed,2026-05-06T11:27:40Z,12200
mjones@crestviewinsurance.com,Covenant Checker,Summarize the Jan variance for entity MX-06,FAILED: null reference in aggregation step,r52-0001641,completed,2026-05-06T11:54:16Z,1800
mjones@crestviewinsurance.com,Budget vs Actual,Build the board deck cash slide for Jan,"FP&A Jan variance was $4,313,624 vs plan",r52-0001642,completed,2026-05-06T10:31:30Z,10200
jjohnson@crestviewinsurance.com,Cash Forecaster,Reconcile AP aging over 90 days for US-03,"Accounting Jan variance was $1,744,338 vs plan",r52-0001643,completed,2026-05-06T14:24:02Z,40900
jjohnson@crestviewinsurance.com,Revenue Recognizer,Build the board deck cash slide for Mar,"Accounting Mar variance was $3,184,016 vs plan",r52-0001644,completed,2026-05-06T12:29:20Z,28900
yrobinson@crestviewinsurance.com,Headcount Planner,Summarize the Apr variance for entity EU-05,"FP&A Apr variance was $4,003,024 vs plan",r52-0001645,completed,2026-05-06T15:55:18Z,12600
jrobinson@crestviewinsurance.com,Flux Commentary,Reconcile AP aging over 90 days for CA-06,"Ops May variance was $168,299 vs plan",r52-0001646,completed,2026-05-06T13:05:46Z,44300
jjohnson@crestviewinsurance.com,Headcount Planner,Forecast Jun operating cash flow,"Ops Jun variance was $2,252,506 vs plan",r52-0001647,completed,2026-05-06T14:31:54Z,38700
mjones@crestviewinsurance.com,Covenant Checker,Check covenant compliance for the revolver,"Treasury May variance was $2,835,957 vs plan",r52-0001648,completed,2026-05-06T08:48:50Z,26300
mjones@crestviewinsurance.com,AP Aging Analyst,What drove the change in gross margin this quarter?,"Ops Feb variance was $4,694,106 vs plan",r52-0001649,completed,2026-05-06T11:03:15Z,51500
dperez@crestviewinsurance.com,Cash Forecaster,Check covenant compliance for the revolver,"Ops Jan variance was $2,967,218 vs plan",r52-0001650,completed,2026-05-06T10:17:26Z,35300
mjones@crestviewinsurance.com,Variance Explainer,Why did FP&A spend exceed budget in May?,"FP&A May variance was $2,420,723 vs plan",r52-0001651,completed,2026-05-06T12:40:32Z,24200
dhaddad@crestviewinsurance.com,Cash Forecaster,Build the board deck cash slide for Feb,"FP&A Feb variance was $2,024,751 vs plan",r52-0001652,completed,2026-05-06T15:07:33Z,35000
bmiller@crestviewinsurance.com,Covenant Checker,Why did FP&A spend exceed budget in Mar?,"FP&A Mar variance was $2,582,364 vs plan",r52-0001653,completed,2026-05-06T12:37:03Z,25100
yrobinson@crestviewinsurance.com,Headcount Planner,Which cost centers are over budget YTD?,"FP&A Jan variance was $2,863,650 vs plan",r52-0001654,completed,2026-05-06T10:28:16Z,23000
mjones@crestviewinsurance.com,Revenue Recognizer,What drove the change in gross margin this quarter?,"Treasury Feb variance was $3,241,202 vs plan",r52-0001655,completed,2026-05-06T13:03:24Z,10700
kmiller@crestviewinsurance.com,Headcount Planner,Forecast Jun operating cash flow,"Ops Jun variance was $2,004,680 vs plan",r52-0001656,completed,2026-05-06T11:44:30Z,46300
mjones@crestviewinsurance.com,Revenue Recognizer,What drove the change in gross margin this quarter?,"FP&A Feb variance was $89,002 vs plan",r52-0001657,completed,2026-05-06T15:34:57Z,37400
dperez@crestviewinsurance.com,Headcount Planner,Why did FP&A spend exceed budget in Mar?,"FP&A Mar variance was $31,392 vs plan",r52-0001658,completed,2026-05-06T15:10:16Z,19000
swilson@crestviewinsurance.com,Journal Entry Reviewer,Reconcile AP aging over 90 days for EU-04,"Ops Feb variance was $4,138,795 vs plan",r52-0001659,completed,2026-05-06T15:03:50Z,6800
yrobinson@crestviewinsurance.com,Flux Commentary,Build the board deck cash slide for Apr,"Accounting Apr variance was $3,837,995 vs plan",r52-0001660,completed,2026-05-06T21:38:33Z,64200
sgonzalez@crestviewinsurance.com,Journal Entry Reviewer,Why did Treasury spend exceed budget in May?,"Treasury May variance was $3,517,269 vs plan",r52-0001661,completed,2026-05-06T15:25:40Z,42700
snguyen@crestviewinsurance.com,Covenant Checker,Why did Treasury spend exceed budget in Mar?,"Treasury Mar variance was $646,665 vs plan",r52-0001662,completed,2026-05-06T06:54:34Z,58300
mjones@crestviewinsurance.com,AP Aging Analyst,Forecast Mar operating cash flow,"Ops Mar variance was $4,654,958 vs plan",r52-0001663,completed,2026-05-06T15:46:24Z,30600
yrobinson@crestviewinsurance.com,Close Checklist Bot,Reconcile AP aging over 90 days for MX-08,"Treasury Feb variance was $656,715 vs plan",r52-0001664,completed,2026-05-06T07:06:20Z,52900
jnguyen@crestviewinsurance.com,Board Deck Builder,Summarize the Apr variance for entity EU-05,"Accounting Apr variance was $842,094 vs plan",r52-0001665,completed,2026-05-06T15:28:57Z,51000
yrobinson@crestviewinsurance.com,Board Deck Builder,Build the board deck cash slide for Jun,"Accounting Jun variance was $3,270,804 vs plan",r52-0001666,completed,2026-05-06T10:49:56Z,72000
yrobinson@crestviewinsurance.com,Variance Explainer,Summarize the Mar variance for entity MX-04,error code 502 from model gateway,r52-0001667,error,2026-05-06T18:39:06Z,4100
mjones@crestviewinsurance.com,Flux Commentary,Summarize the Apr variance for entity CA-08,"Treasury Apr variance was $1,402,210 vs plan",r52-0001668,completed,2026-05-06T10:38:46Z,30500
mjones@crestviewinsurance.com,Budget vs Actual,Why did Ops spend exceed budget in Jun?,"Ops Jun variance was $1,595,459 vs plan",r52-0001669,completed,2026-05-06T08:03:00Z,43200
yrobinson@crestviewinsurance.com,Flux Commentary,What drove the change in gross margin this quarter?,"Ops Feb variance was $4,517,375 vs plan",r52-0001670,completed,2026-05-06T13:44:24Z,5800
sgonzalez@crestviewinsurance.com,AP Aging Analyst,Which cost centers are over budget YTD?,error: connection reset by peer,r52-0001671,error,2026-05-06T14:08:16Z,3100
yrobinson@crestviewinsurance.com,Variance Explainer,Check covenant compliance for the revolver,"Ops Jan variance was $1,241,322 vs plan",r52-0001672,completed,2026-05-07T13:34:12Z,14500
djohnson@crestviewinsurance.com,Journal Entry Reviewer,What drove the change in gross margin this quarter?,"Accounting Jun variance was $925,778 vs plan",r52-0001673,completed,2026-05-07T10:02:43Z,10700
mjones@crestviewinsurance.com,Vendor Spend Analyzer,Reconcile AP aging over 90 days for MX-05,"Treasury May variance was $1,303,833 vs plan",r52-0001674,completed,2026-05-07T18:08:44Z,20600
mjones@crestviewinsurance.com,Revenue Recognizer,What drove the change in gross margin this quarter?,"Accounting May variance was $3,891,215 vs plan",r52-0001675,completed,2026-05-07T08:08:03Z,73900
kmiller@crestviewinsurance.com,Close Checklist Bot,Check covenant compliance for the revolver,error code 502 from model gateway,r52-0001676,completed,2026-05-07T15:32:04Z,500
jjohnson@crestviewinsurance.com,Headcount Planner,Draft flux commentary for the Jan close,"Accounting Jan variance was $4,463,521 vs plan",r52-0001677,completed,2026-05-07T17:36:37Z,38400
jjohnson@crestviewinsurance.com,Revenue Recognizer,Summarize the Jan variance for entity CA-05,"Ops Jan variance was $2,646,261 vs plan",r52-0001678,completed,2026-05-07T18:19:13Z,70900
mjones@crestviewinsurance.com,Cash Forecaster,Explain the headcount variance vs plan,"Accounting Jun variance was $3,489,796 vs plan",r52-0001679,completed,2026-05-07T10:10:07Z,61100
mjones@crestviewinsurance.com,Vendor Spend Analyzer,Build the board deck cash slide for May,"FP&A May variance was $4,694,518 vs plan",r52-0001680,completed,2026-05-07T16:27:29Z,38100
mjones@crestviewinsurance.com,Headcount Planner,Check covenant compliance for the revolver,"Accounting Jun variance was $1,753,846 vs plan",r52-0001681,completed,2026-05-07T15:29:36Z,67900
jjohnson@crestviewinsurance.com,Vendor Spend Analyzer,Forecast Apr operating cash flow,"Accounting Apr variance was $1,077,644 vs plan",r52-0001682,completed,2026-05-07T12:05:50Z,7900
jjohnson@crestviewinsurance.com,Variance Explainer,Build the board deck cash slide for Jan,"FP&A Jan variance was $2,170,954 vs plan",r52-0001683,completed,2026-05-07T12:25:41Z,74300
mjones@crestviewinsurance.com,Board Deck Builder,Which cost centers are over budget YTD?,"Accounting Feb variance was $1,992,919 vs plan",r52-0001684,completed,2026-05-07T15:52:17Z,45300
kmiller@crestviewinsurance.com,Headcount Planner,Reconcile AP aging over 90 days for EU-01,FAILED: null reference in aggregation step,r52-0001685,error,2026-05-07T09:29:16Z,1800
jjohnson@crestviewinsurance.com,Headcount Planner,Why did Accounting spend exceed budget in Apr?,error code 502 from model gateway,r52-0001686,error,2026-05-07T14:22:19Z,7000
jpatel@crestviewinsurance.com,Vendor Spend Analyzer,What drove the change in gross margin this quarter?,"Treasury Mar variance was $2,343,103 vs plan",r52-0001687,completed,2026-05-07T13:01:24Z,19800
jpatel@crestviewinsurance.com,Vendor Spend Analyzer,Why did Treasury spend exceed budget in Feb?,"Treasury Feb variance was $1,685,964 vs plan",r52-0001688,completed,2026-05-07T14:52:41Z,16400
jjohnson@crestviewinsurance.com,Close Checklist Bot,Summarize the Feb variance for entity EU-01,"Treasury Feb variance was $3,027,825 vs plan",r52-0001689,completed,2026-05-07T09:19:52Z,18600
dperez@crestviewinsurance.com,Headcount Planner,Draft flux commentary for the Jun close,"FP&A Jun variance was $3,248,406 vs plan",r52-0001690,completed,2026-05-07T16:02:13Z,61800
jnguyen@crestviewinsurance.com,Journal Entry Reviewer,Reconcile AP aging over 90 days for MX-02,"Treasury Jun variance was $3,814,817 vs plan",r52-0001691,completed,2026-05-07T12:17:27Z,6100
yrobinson@crestviewinsurance.com,Journal Entry Reviewer,Check covenant compliance for the revolver,"FP&A Apr variance was $4,758,242 vs plan",r52-0001692,completed,2026-05-07T10:13:31Z,35200
mjones@crestviewinsurance.com,Journal Entry Reviewer,Explain the headcount variance vs plan,"Accounting Jun variance was $3,630,013 vs plan",r52-0001693,completed,2026-05-07T15:38:21Z,61600
kmiller@crestviewinsurance.com,Board Deck Builder,Explain the headcount variance vs plan,Traceback (most recent call last): KeyError 'entity',r52-0001694,error,2026-05-07T07:01:44Z,2200
jjohnson@crestviewinsurance.com,Journal Entry Reviewer,Summarize the Jan variance for entity US-09,"Accounting Jan variance was $1,002,691 vs plan",r52-0001695,completed,2026-05-07T17:07:38Z,58400
jjohnson@crestviewinsurance.com,Vendor Spend Analyzer,Reconcile AP aging over 90 days for MX-06,"Treasury Feb variance was $3,465,586 vs plan",r52-0001696,completed,2026-05-07T06:55:58Z,23600
jjohnson@crestviewinsurance.com,AP Aging Analyst,Why did Treasury spend exceed budget in Apr?,"Treasury Apr variance was $4,571,938 vs plan",r52-0001697,completed,2026-05-07T16:14:01Z,66600
mjones@crestviewinsurance.com,Budget vs Actual,Draft flux commentary for the Jun close,"Ops Jun variance was $2,440,567 vs plan",r52-0001698,completed,2026-05-07T15:26:39Z,20700
yrobinson@crestviewinsurance.com,Revenue Recognizer,Check covenant compliance for the revolver,"Accounting Apr variance was $1,260,414 vs plan",r52-0001699,completed,2026-05-07T09:00:35Z,47200
yrobinson@crestviewinsurance.com,Budget vs Actual,Which cost centers are over budget YTD?,"FP&A Feb variance was $1,032,261 vs plan",r52-0001700,completed,2026-05-07T11:06:32Z,54500
dperez@crestviewinsurance.com,Journal Entry Reviewer,Why did Accounting spend exceed budget in Mar?,"Accounting Mar variance was $2,377,294 vs plan",r52-0001701,completed,2026-05-07T13:43:35Z,72300
mjones@crestviewinsurance.com,Close Checklist Bot,Reconcile AP aging over 90 days for US-03,"Ops May variance was $3,191,657 vs plan",r52-0001702,completed,2026-05-07T11:04:02Z,35700
jlopez@crestviewinsurance.com,Cash Forecaster,Reconcile AP aging over 90 days for US-02,"Accounting May variance was $747,622 vs plan",r52-0001703,completed,2026-05-07T09:12:16Z,41800
sgonzalez@crestviewinsurance.com,Close Checklist Bot,Forecast Jun operating cash flow,"Ops Jun variance was $3,543,115 vs plan",r52-0001704,completed,2026-05-08T09:56:04Z,26700
swilson@crestviewinsurance.com,AP Aging Analyst,Build the board deck cash slide for Jun,"Ops Jun variance was $188,490 vs plan",r52-0001705,completed,2026-05-08T13:10:54Z,49700
jjohnson@crestviewinsurance.com,Headcount Planner,Check covenant compliance for the revolver,"Ops Feb variance was $3,928,874 vs plan",r52-0001706,completed,2026-05-08T10:59:08Z,35900
drodriguez@crestviewinsurance.com,Variance Explainer,Build the board deck cash slide for May,"Ops May variance was $435,963 vs plan",r52-0001707,completed,2026-05-08T09:57:01Z,3700
jjohnson@crestviewinsurance.com,Revenue Recognizer,Explain the headcount variance vs plan,"Ops May variance was $1,008,628 vs plan",r52-0001708,completed,2026-05-08T11:14:49Z,43700
jwilliams@crestviewinsurance.com,Headcount Planner,Draft flux commentary for the Apr close,"Treasury Apr variance was $925,915 vs plan",r52-0001709,completed,2026-05-08T10:11:45Z,42100
jjohnson@crestviewinsurance.com,Variance Explainer,Summarize the Apr variance for entity CA-02,"Accounting Apr variance was $419,000 vs plan",r52-0001710,completed,2026-05-08T12:27:29Z,8400
mjones@crestviewinsurance.com,Budget vs Actual,Check covenant compliance for the revolver,"Treasury Apr variance was $3,876,727 vs plan",r52-0001711,completed,2026-05-08T09:36:59Z,60400
mjones@crestviewinsurance.com,Vendor Spend Analyzer,Build the board deck cash slide for Jan,"Accounting Jan variance was $3,875,249 vs plan",r52-0001712,completed,2026-05-08T11:53:26Z,51900
yrobinson@crestviewinsurance.com,Flux Commentary,Which cost centers are over budget YTD?,FAILED: null reference in aggregation step,r52-0001713,error,2026-05-08T15:11:52Z,5700
jjohnson@crestviewinsurance.com,Flux Commentary,Which cost centers are over budget YTD?,"FP&A Jan variance was $807,392 vs plan",r52-0001714,completed,2026-05-08T17:20:47Z,72900
jlopez@crestviewinsurance.com,Flux Commentary,Build the board deck cash slide for Feb,"Accounting Feb variance was $4,242,813 vs plan",r52-0001715,completed,2026-05-08T18:40:43Z,59200
ksanchez@crestviewinsurance.com,Journal Entry Reviewer,Which cost centers are over budget YTD?,"Accounting Feb variance was $881,442 vs plan",r52-0001716,completed,2026-05-08T07:24:05Z,21800
jjohnson@crestviewinsurance.com,Variance Explainer,Which cost centers are over budget YTD?,"Accounting Apr variance was $2,377,752 vs plan",r52-0001717,completed,2026-05-08T16:23:51Z,24500
jwilliams@crestviewinsurance.com,Variance Explainer,What drove the change in gross margin this quarter?,"Accounting Feb variance was $4,415,736 vs plan",r52-0001718,completed,2026-05-08T12:48:45Z,59100
mjones@crestviewinsurance.com,Budget vs Actual,What drove the change in gross margin this quarter?,FAILED: null reference in aggregation step,r52-0001719,error,2026-05-08T10:41:05Z,2300
kmiller@crestviewinsurance.com,Vendor Spend Analyzer,Draft flux commentary for the Jun close,ERROR: upstream request timed out,r52-0001720,error,2026-05-08T10:41:17Z,2500
jjohnson@crestviewinsurance.com,Covenant Checker,Why did Treasury spend exceed budget in Jan?,"Treasury Jan variance was $2,040,694 vs plan",r52-0001721,completed,2026-05-08T12:48:26Z,21600
jjohnson@crestviewinsurance.com,AP Aging Analyst,Reconcile AP aging over 90 days for MX-09,"Accounting Jan variance was $1,692,855 vs plan",r52-0001722,completed,2026-05-08T18:03:49Z,12500
jjohnson@crestviewinsurance.com,Budget vs Actual,Summarize the Feb variance for entity US-04,"FP&A Feb variance was $3,411,112 vs plan",r52-0001723,completed,2026-05-08T09:52:42Z,63900
drodriguez@crestviewinsurance.com,Headcount Planner,Draft flux commentary for the Jan close,"Treasury Jan variance was $89,344 vs plan",r52-0001724,completed,2026-05-08T11:13:45Z,74100
rmartinez@crestviewinsurance.com,Covenant Checker,What drove the change in gross margin this quarter?,"Treasury Apr variance was $1,307,755 vs plan",r52-0001725,completed,2026-05-08T12:10:21Z,7800
dperez@crestviewinsurance.com,Variance Explainer,Check covenant compliance for the revolver,"FP&A Jan variance was $1,067,359 vs plan",r52-0001726,completed,2026-05-08T11:49:00Z,7200
mjones@crestviewinsurance.com,Journal Entry Reviewer,What drove the change in gross margin this quarter?,"Ops Mar variance was $4,368,642 vs plan",r52-0001727,completed,2026-05-08T13:03:49Z,6900
mjones@crestviewinsurance.com,Board Deck Builder,Which cost centers are over budget YTD?,"Ops Apr variance was $4,058,237 vs plan",r52-0001728,completed,2026-05-08T08:00:42Z,53300
mjones@crestviewinsurance.com,Variance Explainer,Why did FP&A spend exceed budget in Jun?,"FP&A Jun variance was $173,645 vs plan",r52-0001729,completed,2026-05-08T06:01:38Z,52900
mjones@crestviewinsurance.com,AP Aging Analyst,Which cost centers are over budget YTD?,"FP&A Mar variance was $1,034,381 vs plan",r52-0001730,completed,2026-05-08T16:13:54Z,50100
mjones@crestviewinsurance.com,Vendor Spend Analyzer,Build the board deck cash slide for Jun,ERROR: upstream request timed out,r52-0001731,error,2026-05-08T16:20:08Z,2700
jpatel@crestviewinsurance.com,Covenant Checker,Summarize the Jan variance for entity US-02,"Ops Jan variance was $2,937,624 vs plan",r52-0001732,completed,2026-05-08T15:08:23Z,43900
mjones@crestviewinsurance.com,Cash Forecaster,Reconcile AP aging over 90 days for US-03,"Treasury Jan variance was $3,956,020 vs plan",r52-0001733,completed,2026-05-08T13:45:53Z,68300
mjones@crestviewinsurance.com,AP Aging Analyst,Draft flux commentary for the Apr close,"Accounting Apr variance was $33,809 vs plan",r52-0001734,completed,2026-05-08T12:10:33Z,65500
dhaddad@crestviewinsurance.com,Board Deck Builder,Forecast Jan operating cash flow,ERROR: upstream request timed out,r52-0001735,error,2026-05-08T12:46:09Z,4800
mjones@crestviewinsurance.com,Budget vs Actual,What drove the change in gross margin this quarter?,"FP&A Feb variance was $2,873,945 vs plan",r52-0001736,completed,2026-05-08T10:48:54Z,27900
jjohnson@crestviewinsurance.com,Close Checklist Bot,Reconcile AP aging over 90 days for CA-03,"Ops Jan variance was $4,228,426 vs plan",r52-0001737,completed,2026-05-08T14:06:07Z,24500
drodriguez@crestviewinsurance.com,Headcount Planner,Why did Accounting spend exceed budget in Jun?,"Accounting Jun variance was $4,097,435 vs plan",r52-0001738,completed,2026-05-08T15:37:02Z,67100
jjohnson@crestviewinsurance.com,Revenue Recognizer,What drove the change in gross margin this quarter?,"Treasury Jun variance was $83,897 vs plan",r52-0001739,completed,2026-05-08T13:58:52Z,20000
jjohnson@crestviewinsurance.com,Variance Explainer,Draft flux commentary for the May close,"Treasury May variance was $2,982,593 vs plan",r52-0001740,completed,2026-05-08T14:33:50Z,13300
ksanchez@crestviewinsurance.com,Cash Forecaster,Why did Accounting spend exceed budget in Jun?,"Accounting Jun variance was $1,113,475 vs plan",r52-0001741,completed,2026-05-09T16:19:48Z,25600
yrobinson@crestviewinsurance.com,Journal Entry Reviewer,Which cost centers are over budget YTD?,"Treasury May variance was $3,471,329 vs plan",r52-0001742,completed,2026-05-09T14:46:49Z,60000
mjones@crestviewinsurance.com,Revenue Recognizer,Build the board deck cash slide for Jan,"Treasury Jan variance was $1,421,406 vs plan",r52-0001743,completed,2026-05-09T11:23:54Z,33100
fjackson@crestviewinsurance.com,Close Checklist Bot,Build the board deck cash slide for Jan,"Treasury Jan variance was $39,269 vs plan",r52-0001744,completed,2026-05-09T11:47:46Z,73100
mjones@crestviewinsurance.com,Flux Commentary,Summarize the Jun variance for entity MX-05,"Treasury Jun variance was $3,838,143 vs plan",r52-0001745,completed,2026-05-09T13:30:48Z,69600
kmiller@crestviewinsurance.com,Cash Forecaster,Check covenant compliance for the revolver,"Treasury Mar variance was $4,169,655 vs plan",r52-0001746,completed,2026-05-09T12:19:36Z,57800
mjones@crestviewinsurance.com,Revenue Recognizer,Which cost centers are over budget YTD?,error code 502 from model gateway,r52-0001747,completed,2026-05-09T12:19:37Z,1500
drodriguez@crestviewinsurance.com,Flux Commentary,Check covenant compliance for the revolver,"Ops Apr variance was $1,716,057 vs plan",r52-0001748,completed,2026-05-09T14:51:20Z,28400
mjones@crestviewinsurance.com,Journal Entry Reviewer,Reconcile AP aging over 90 days for CA-09,"Ops Apr variance was $3,304,748 vs plan",r52-0001749,completed,2026-05-09T11:25:44Z,45100
yrobinson@crestviewinsurance.com,Revenue Recognizer,Forecast Jan operating cash flow,"Treasury Jan variance was $2,268,324 vs plan",r52-0001750,completed,2026-05-09T12:21:01Z,37100
yrobinson@crestviewinsurance.com,Board Deck Builder,What drove the change in gross margin this quarter?,"Accounting May variance was $1,240,938 vs plan",r52-0001751,completed,2026-05-10T18:13:58Z,74200
jjohnson@crestviewinsurance.com,Covenant Checker,Which cost centers are over budget YTD?,"Accounting Apr variance was $1,314,546 vs plan",r52-0001752,completed,2026-05-10T13:09:21Z,14100
yrobinson@crestviewinsurance.com,Vendor Spend Analyzer,Why did Treasury spend exceed budget in Apr?,"Treasury Apr variance was $1,091,595 vs plan",r52-0001753,completed,2026-05-10T11:25:23Z,63000
mjones@crestviewinsurance.com,Board Deck Builder,Build the board deck cash slide for Jun,"Ops Jun variance was $61,619 vs plan",r52-0001754,completed,2026-05-10T11:54:33Z,40200
mjones@crestviewinsurance.com,Budget vs Actual,Summarize the Apr variance for entity CA-01,"Treasury Apr variance was $2,129,215 vs plan",r52-0001755,completed,2026-05-10T06:24:51Z,14300
kmiller@crestviewinsurance.com,AP Aging Analyst,Summarize the Feb variance for entity EU-09,"Ops Feb variance was $4,102,077 vs plan",r52-0001756,completed,2026-05-10T15:22:55Z,27600
mjones@crestviewinsurance.com,Cash Forecaster,Forecast May operating cash flow,"Treasury May variance was $3,014,939 vs plan",r52-0001757,completed,2026-05-10T16:15:23Z,64300
jjohnson@crestviewinsurance.com,Cash Forecaster,Forecast Mar operating cash flow,"Treasury Mar variance was $1,676,769 vs plan",r52-0001758,completed,2026-05-11T13:44:49Z,5800
mjones@crestviewinsurance.com,Headcount Planner,Forecast Feb operating cash flow,error code 502 from model gateway,r52-0001759,error,2026-05-11T15:32:29Z,2700
mjones@crestviewinsurance.com,Headcount Planner,Why did Accounting spend exceed budget in May?,error: connection reset by peer,r52-0001760,error,2026-05-11T18:11:49Z,1400
jwilliams@crestviewinsurance.com,Covenant Checker,Check covenant compliance for the revolver,"FP&A Jan variance was $1,134,712 vs plan",r52-0001761,completed,2026-05-11T10:53:30Z,72800
jnguyen@crestviewinsurance.com,Variance Explainer,What drove the change in gross margin this quarter?,"Treasury Mar variance was $2,261,226 vs plan",r52-0001762,completed,2026-05-11T13:46:51Z,43300
jwilliams@crestviewinsurance.com,Journal Entry Reviewer,Check covenant compliance for the revolver,"Ops Feb variance was $4,489,923 vs plan",r52-0001763,completed,2026-05-11T06:25:53Z,17000
mjones@crestviewinsurance.com,Covenant Checker,Explain the headcount variance vs plan,error code 502 from model gateway,r52-0001764,completed,2026-05-11T16:00:54Z,1800
bmiller@crestviewinsurance.com,Revenue Recognizer,Build the board deck cash slide for May,ERROR: upstream request timed out,r52-0001765,completed,2026-05-11T10:10:30Z,1400
mjones@crestviewinsurance.com,Covenant Checker,Forecast May operating cash flow,"Accounting May variance was $3,582,921 vs plan",r52-0001766,completed,2026-05-11T11:54:17Z,58400
mjones@crestviewinsurance.com,Flux Commentary,Explain the headcount variance vs plan,Traceback (most recent call last): KeyError 'entity',r52-0001767,completed,2026-05-11T11:04:05Z,1800
jjohnson@crestviewinsurance.com,Covenant Checker,Forecast Apr operating cash flow,"Accounting Apr variance was $2,055,643 vs plan",r52-0001768,completed,2026-05-11T10:53:24Z,65500
jjohnson@crestviewinsurance.com,Flux Commentary,Why did Accounting spend exceed budget in Jun?,"Accounting Jun variance was $3,684,825 vs plan",r52-0001769,completed,2026-05-11T12:39:12Z,43500
snguyen@crestviewinsurance.com,Covenant Checker,Why did Treasury spend exceed budget in May?,"Treasury May variance was $3,744,130 vs plan",r52-0001770,completed,2026-05-11T15:37:43Z,62100
jjohnson@crestviewinsurance.com,Cash Forecaster,Reconcile AP aging over 90 days for EU-02,"Treasury May variance was $1,641,572 vs plan",r52-0001771,completed,2026-05-11T14:33:09Z,17100
fjackson@crestviewinsurance.com,Close Checklist Bot,Draft flux commentary for the Jan close,"Treasury Jan variance was $4,353,642 vs plan",r52-0001772,completed,2026-05-11T10:24:03Z,41600
jjohnson@crestviewinsurance.com,Revenue Recognizer,Forecast Feb operating cash flow,"FP&A Feb variance was $972,498 vs plan",r52-0001773,completed,2026-05-11T17:16:04Z,45100
dperez@crestviewinsurance.com,Journal Entry Reviewer,Build the board deck cash slide for Jan,"FP&A Jan variance was $1,948,545 vs plan",r52-0001774,completed,2026-05-11T17:35:28Z,38800
swilson@crestviewinsurance.com,Board Deck Builder,Build the board deck cash slide for Jan,"Ops Jan variance was $4,499,474 vs plan",r52-0001775,completed,2026-05-11T09:16:16Z,73500
yrobinson@crestviewinsurance.com,Revenue Recognizer,Draft flux commentary for the Mar close,"Ops Mar variance was $3,008,080 vs plan",r52-0001776,completed,2026-05-11T15:14:03Z,24300
mjones@crestviewinsurance.com,AP Aging Analyst,Build the board deck cash slide for May,"Treasury May variance was $4,571,315 vs plan",r52-0001777,completed,2026-05-11T11:33:00Z,65900
jlopez@crestviewinsurance.com,Revenue Recognizer,Why did FP&A spend exceed budget in Jun?,"FP&A Jun variance was $1,176,939 vs plan",r52-0001778,completed,2026-05-11T14:56:09Z,24500
swilson@crestviewinsurance.com,Board Deck Builder,Which cost centers are over budget YTD?,"Ops Apr variance was $3,492,792 vs plan",r52-0001779,completed,2026-05-11T08:22:20Z,42300
kmiller@crestviewinsurance.com,Journal Entry Reviewer,Forecast May operating cash flow,"FP&A May variance was $2,377,725 vs plan",r52-0001780,completed,2026-05-11T06:24:09Z,25100
mjones@crestviewinsurance.com,Cash Forecaster,Explain the headcount variance vs plan,"Accounting Mar variance was $886,841 vs plan",r52-0001781,completed,2026-05-11T10:54:41Z,32800
mjones@crestviewinsurance.com,Close Checklist Bot,Summarize the Jan variance for entity EU-05,"Ops Jan variance was $1,800,824 vs plan",r52-0001782,completed,2026-05-11T12:05:00Z,39600
sgonzalez@crestviewinsurance.com,Vendor Spend Analyzer,Check covenant compliance for the revolver,"Ops Mar variance was $311,804 vs plan",r52-0001783,completed,2026-05-11T13:45:10Z,26300
mjones@crestviewinsurance.com,Revenue Recognizer,Why did Ops spend exceed budget in Feb?,"Ops Feb variance was $3,321,013 vs plan",r52-0001784,completed,2026-05-12T15:57:12Z,19400
jwilliams@crestviewinsurance.com,Flux Commentary,Explain the headcount variance vs plan,"Ops Jan variance was $1,261,174 vs plan",r52-0001785,completed,2026-05-12T13:02:30Z,56100
mjones@crestviewinsurance.com,Board Deck Builder,Summarize the Jan variance for entity MX-04,"Treasury Jan variance was $2,885,236 vs plan",r52-0001786,completed,2026-05-12T13:53:10Z,43100
jpatel@crestviewinsurance.com,Covenant Checker,What drove the change in gross margin this quarter?,"Ops May variance was $3,052,398 vs plan",r52-0001787,completed,2026-05-12T13:50:55Z,51500
kmiller@crestviewinsurance.com,Headcount Planner,Which cost centers are over budget YTD?,"Treasury Jun variance was $4,426,521 vs plan",r52-0001788,completed,2026-05-12T16:34:45Z,35700
jjohnson@crestviewinsurance.com,Vendor Spend Analyzer,What drove the change in gross margin this quarter?,"FP&A Apr variance was $3,200,192 vs plan",r52-0001789,completed,2026-05-12T11:04:13Z,58800
jjohnson@crestviewinsurance.com,AP Aging Analyst,What drove the change in gross margin this quarter?,"Treasury Jun variance was $1,013,857 vs plan",r52-0001790,completed,2026-05-12T14:54:23Z,67500
drodriguez@crestviewinsurance.com,Board Deck Builder,Explain the headcount variance vs plan,ERROR: upstream request timed out,r52-0001791,error,2026-05-12T12:08:55Z,3900
yrobinson@crestviewinsurance.com,Vendor Spend Analyzer,Summarize the Jan variance for entity US-08,"Treasury Jan variance was $3,365,550 vs plan",r52-0001792,completed,2026-05-12T09:59:23Z,24600
swilson@crestviewinsurance.com,Vendor Spend Analyzer,Why did Accounting spend exceed budget in May?,error code 502 from model gateway,r52-0001793,completed,2026-05-12T15:15:24Z,600
drodriguez@crestviewinsurance.com,Board Deck Builder,Why did Accounting spend exceed budget in Feb?,"Accounting Feb variance was $2,835,482 vs plan",r52-0001794,completed,2026-05-12T06:10:04Z,55400
mjones@crestviewinsurance.com,Close Checklist Bot,Reconcile AP aging over 90 days for MX-07,"Ops May variance was $4,002,432 vs plan",r52-0001795,completed,2026-05-12T12:21:41Z,72200
jbrown@crestviewinsurance.com,AP Aging Analyst,Build the board deck cash slide for Jun,"Treasury Jun variance was $2,587,723 vs plan",r52-0001796,completed,2026-05-12T07:21:09Z,69300
dhaddad@crestviewinsurance.com,Headcount Planner,Why did Treasury spend exceed budget in Apr?,"Treasury Apr variance was $777,701 vs plan",r52-0001797,completed,2026-05-12T16:03:21Z,30400
jjohnson@crestviewinsurance.com,Journal Entry Reviewer,What drove the change in gross margin this quarter?,"Treasury Jun variance was $2,894,433 vs plan",r52-0001798,completed,2026-05-12T14:26:17Z,35000
mjones@crestviewinsurance.com,Journal Entry Reviewer,Why did FP&A spend exceed budget in Jan?,"FP&A Jan variance was $4,318,029 vs plan",r52-0001799,completed,2026-05-12T07:16:52Z,26300
kmiller@crestviewinsurance.com,Variance Explainer,Why did Accounting spend exceed budget in Jun?,"Accounting Jun variance was $3,620,689 vs plan",r52-0001800,completed,2026-05-12T16:00:34Z,46300
jjohnson@crestviewinsurance.com,Cash Forecaster,Build the board deck cash slide for Apr,"Treasury Apr variance was $4,100,029 vs plan",r52-0001801,completed,2026-05-12T13:15:00Z,54600
jlopez@crestviewinsurance.com,Board Deck Builder,Reconcile AP aging over 90 days for MX-07,"FP&A Jan variance was $4,369,957 vs plan",r52-0001802,completed,2026-05-12T10:22:04Z,20200
swilson@crestviewinsurance.com,Vendor Spend Analyzer,Check covenant compliance for the revolver,"Treasury Apr variance was $302,935 vs plan",r52-0001803,completed,2026-05-12T13:25:46Z,58200
mjones@crestviewinsurance.com,Flux Commentary,Which cost centers are over budget YTD?,"Ops Mar variance was $217,976 vs plan",r52-0001804,completed,2026-05-12T07:55:08Z,17300
jjohnson@crestviewinsurance.com,Headcount Planner,Why did Treasury spend exceed budget in Jan?,"Treasury Jan variance was $4,613,432 vs plan",r52-0001805,completed,2026-05-12T11:38:02Z,50700
mjones@crestviewinsurance.com,Headcount Planner,Draft flux commentary for the May close,"Treasury May variance was $800,618 vs plan",r52-0001806,completed,2026-05-12T18:57:59Z,37200
dhaddad@crestviewinsurance.com,Revenue Recognizer,Draft flux commentary for the Mar close,"Ops Mar variance was $2,698,843 vs plan",r52-0001807,completed,2026-05-12T13:33:09Z,8600
dperez@crestviewinsurance.com,Variance Explainer,Which cost centers are over budget YTD?,"Accounting Feb variance was $67,116 vs plan",r52-0001808,completed,2026-05-12T13:35:27Z,65100
sgonzalez@crestviewinsurance.com,Board Deck Builder,Check covenant compliance for the revolver,error code 502 from model gateway,r52-0001809,completed,2026-05-13T15:11:42Z,1000
kmiller@crestviewinsurance.com,Variance Explainer,Reconcile AP aging over 90 days for MX-03,error code 502 from model gateway,r52-0001810,error,2026-05-13T14:44:52Z,1100
kmiller@crestviewinsurance.com,Revenue Recognizer,Summarize the Jan variance for entity US-08,"FP&A Jan variance was $1,756,223 vs plan",r52-0001811,completed,2026-05-13T19:43:22Z,57000
jjohnson@crestviewinsurance.com,Flux Commentary,Forecast Mar operating cash flow,"FP&A Mar variance was $4,294,858 vs plan",r52-0001812,completed,2026-05-13T13:17:08Z,15000
jlopez@crestviewinsurance.com,Headcount Planner,Draft flux commentary for the Jun close,"Treasury Jun variance was $4,269,497 vs plan",r52-0001813,completed,2026-05-13T14:44:24Z,52100
jjohnson@crestviewinsurance.com,Flux Commentary,Forecast Jun operating cash flow,FAILED: null reference in aggregation step,r52-0001814,error,2026-05-13T14:53:34Z,6200
yrobinson@crestviewinsurance.com,Close Checklist Bot,Why did FP&A spend exceed budget in Feb?,"FP&A Feb variance was $916,139 vs plan",r52-0001815,completed,2026-05-13T08:52:07Z,58100
yrobinson@crestviewinsurance.com,AP Aging Analyst,Draft flux commentary for the Jun close,"Accounting Jun variance was $2,846,412 vs plan",r52-0001816,completed,2026-05-13T12:18:14Z,63900
mjones@crestviewinsurance.com,Variance Explainer,What drove the change in gross margin this quarter?,"Accounting Mar variance was $4,164,529 vs plan",r52-0001817,completed,2026-05-13T21:50:48Z,9600
mjones@crestviewinsurance.com,Journal Entry Reviewer,What drove the change in gross margin this quarter?,"Treasury May variance was $1,537,951 vs plan",r52-0001818,completed,2026-05-13T11:47:50Z,16600
jjohnson@crestviewinsurance.com,Journal Entry Reviewer,What drove the change in gross margin this quarter?,error code 502 from model gateway,r52-0001819,error,2026-05-13T09:05:03Z,2300
kmiller@crestviewinsurance.com,Board Deck Builder,What drove the change in gross margin this quarter?,"Accounting May variance was $1,371,550 vs plan",r52-0001820,completed,2026-05-13T12:21:12Z,48000
yrobinson@crestviewinsurance.com,Covenant Checker,Which cost centers are over budget YTD?,"FP&A Jun variance was $2,500,835 vs plan",r52-0001821,completed,2026-05-13T14:26:28Z,61100
yrobinson@crestviewinsurance.com,Close Checklist Bot,Build the board deck cash slide for Feb,"Treasury Feb variance was $373,615 vs plan",r52-0001822,completed,2026-05-13T07:32:49Z,69000
mjones@crestviewinsurance.com,Cash Forecaster,Build the board deck cash slide for Feb,"FP&A Feb variance was $2,280,562 vs plan",r52-0001823,completed,2026-05-13T11:17:52Z,50100
jnguyen@crestviewinsurance.com,Revenue Recognizer,Which cost centers are over budget YTD?,"Treasury Jun variance was $3,311,219 vs plan",r52-0001824,completed,2026-05-13T15:42:21Z,43600
jjohnson@crestviewinsurance.com,Close Checklist Bot,What drove the change in gross margin this quarter?,"Ops Feb variance was $1,780,163 vs plan",r52-0001825,completed,2026-05-13T15:12:03Z,46300
yrobinson@crestviewinsurance.com,Vendor Spend Analyzer,Forecast Jan operating cash flow,"Ops Jan variance was $633,000 vs plan",r52-0001826,completed,2026-05-13T13:30:33Z,58300
jjohnson@crestviewinsurance.com,Covenant Checker,Check covenant compliance for the revolver,"Ops Feb variance was $498,328 vs plan",r52-0001827,completed,2026-05-13T09:57:13Z,22200
jjohnson@crestviewinsurance.com,Budget vs Actual,What drove the change in gross margin this quarter?,"FP&A Feb variance was $2,520,678 vs plan",r52-0001828,completed,2026-05-13T14:56:28Z,26900
mjones@crestviewinsurance.com,Board Deck Builder,Summarize the Jun variance for entity EU-02,"Treasury Jun variance was $1,936,142 vs plan",r52-0001829,completed,2026-05-13T14:56:57Z,60700
dhaddad@crestviewinsurance.com,Journal Entry Reviewer,Which cost centers are over budget YTD?,"Accounting May variance was $298,200 vs plan",r52-0001830,completed,2026-05-13T11:21:06Z,8200
jpatel@crestviewinsurance.com,Board Deck Builder,Summarize the Apr variance for entity EU-05,Traceback (most recent call last): KeyError 'entity',r52-0001831,completed,2026-05-13T10:27:05Z,1700
jpatel@crestviewinsurance.com,Covenant Checker,What drove the change in gross margin this quarter?,"Treasury Apr variance was $4,126,626 vs plan",r52-0001832,completed,2026-05-13T12:07:28Z,68700
mjones@crestviewinsurance.com,Covenant Checker,Check covenant compliance for the revolver,"Ops Apr variance was $2,671,894 vs plan",r52-0001833,completed,2026-05-13T12:10:05Z,69100
jjohnson@crestviewinsurance.com,Covenant Checker,Reconcile AP aging over 90 days for EU-03,"Ops Mar variance was $3,214,347 vs plan",r52-0001834,completed,2026-05-13T11:01:53Z,57200
drodriguez@crestviewinsurance.com,Vendor Spend Analyzer,Which cost centers are over budget YTD?,"Accounting Mar variance was $3,230,994 vs plan",r52-0001835,completed,2026-05-13T14:53:59Z,38600
yrobinson@crestviewinsurance.com,Covenant Checker,Explain the headcount variance vs plan,"Treasury Jun variance was $4,027,089 vs plan",r52-0001836,completed,2026-05-14T12:36:29Z,55800
mjones@crestviewinsurance.com,Variance Explainer,Check covenant compliance for the revolver,"Treasury May variance was $1,767,465 vs plan",r52-0001837,completed,2026-05-14T11:04:14Z,33100
kmiller@crestviewinsurance.com,Vendor Spend Analyzer,Explain the headcount variance vs plan,"Ops Feb variance was $2,504,423 vs plan",r52-0001838,completed,2026-05-14T13:00:07Z,18200
jjohnson@crestviewinsurance.com,Cash Forecaster,Reconcile AP aging over 90 days for EU-02,"Treasury Feb variance was $4,568,750 vs plan",r52-0001839,completed,2026-05-14T12:05:02Z,62000
mjones@crestviewinsurance.com,Journal Entry Reviewer,What drove the change in gross margin this quarter?,"Accounting Jan variance was $2,187,624 vs plan",r52-0001840,completed,2026-05-14T06:03:34Z,39400
jpatel@crestviewinsurance.com,Close Checklist Bot,Draft flux commentary for the Mar close,"Ops Mar variance was $2,400,092 vs plan",r52-0001841,completed,2026-05-14T11:36:52Z,30800
mjones@crestviewinsurance.com,Journal Entry Reviewer,What drove the change in gross margin this quarter?,"Ops Mar variance was $797,389 vs plan",r52-0001842,completed,2026-05-14T15:22:25Z,69200
mjones@crestviewinsurance.com,Journal Entry Reviewer,Reconcile AP aging over 90 days for MX-01,"Treasury Feb variance was $2,957,798 vs plan",r52-0001843,completed,2026-05-14T16:16:11Z,18700
mjones@crestviewinsurance.com,Flux Commentary,Explain the headcount variance vs plan,"FP&A Mar variance was $565,792 vs plan",r52-0001844,completed,2026-05-14T17:52:00Z,67200
swilson@crestviewinsurance.com,Board Deck Builder,Summarize the Feb variance for entity CA-06,"Ops Feb variance was $1,310,992 vs plan",r52-0001845,completed,2026-05-14T13:00:21Z,8400
jrobinson@crestviewinsurance.com,Revenue Recognizer,Build the board deck cash slide for Mar,"Ops Mar variance was $2,215,163 vs plan",r52-0001846,completed,2026-05-14T13:47:20Z,60800
yrobinson@crestviewinsurance.com,Close Checklist Bot,Reconcile AP aging over 90 days for MX-05,"Treasury Jun variance was $2,042,138 vs plan",r52-0001847,completed,2026-05-14T16:21:10Z,74900
mjones@crestviewinsurance.com,Headcount Planner,Forecast Mar operating cash flow,"Accounting Mar variance was $2,443,030 vs plan",r52-0001848,completed,2026-05-14T15:21:17Z,30200
mjones@crestviewinsurance.com,Close Checklist Bot,Build the board deck cash slide for Apr,"Treasury Apr variance was $3,468,556 vs plan",r52-0001849,completed,2026-05-14T14:27:41Z,31500
jnguyen@crestviewinsurance.com,Vendor Spend Analyzer,Draft flux commentary for the Feb close,"Ops Feb variance was $1,783,008 vs plan",r52-0001850,completed,2026-05-14T12:15:40Z,51100
jnguyen@crestviewinsurance.com,Budget vs Actual,Why did FP&A spend exceed budget in Mar?,"FP&A Mar variance was $2,452,146 vs plan",r52-0001851,completed,2026-05-14T06:39:16Z,35200
swilson@crestviewinsurance.com,AP Aging Analyst,Draft flux commentary for the Jan close,"Ops Jan variance was $947,973 vs plan",r52-0001852,completed,2026-05-14T12:09:44Z,36800
jjohnson@crestviewinsurance.com,Variance Explainer,Explain the headcount variance vs plan,"Accounting Feb variance was $1,872,297 vs plan",r52-0001853,completed,2026-05-14T14:11:43Z,46900
jkim@crestviewinsurance.com,Board Deck Builder,What drove the change in gross margin this quarter?,"Ops May variance was $3,121,543 vs plan",r52-0001854,completed,2026-05-14T19:14:03Z,66700
yrobinson@crestviewinsurance.com,Revenue Recognizer,Summarize the Feb variance for entity US-02,"FP&A Feb variance was $3,694,058 vs plan",r52-0001855,completed,2026-05-14T11:09:20Z,52300
yrobinson@crestviewinsurance.com,Covenant Checker,Reconcile AP aging over 90 days for US-01,"Treasury Jan variance was $2,928,556 vs plan",r52-0001856,completed,2026-05-14T12:48:44Z,35700
mjones@crestviewinsurance.com,Revenue Recognizer,Explain the headcount variance vs plan,"Accounting Mar variance was $373,038 vs plan",r52-0001857,completed,2026-05-14T13:08:06Z,40200
jjohnson@crestviewinsurance.com,Revenue Recognizer,Explain the headcount variance vs plan,"FP&A Feb variance was $4,108,617 vs plan",r52-0001858,completed,2026-05-14T12:14:30Z,43800
mjones@crestviewinsurance.com,Cash Forecaster,Forecast May operating cash flow,"Accounting May variance was $4,354,562 vs plan",r52-0001859,completed,2026-05-14T14:50:18Z,28300
jjohnson@crestviewinsurance.com,Covenant Checker,Explain the headcount variance vs plan,"Treasury Apr variance was $4,121,500 vs plan",r52-0001860,completed,2026-05-14T17:28:13Z,23100
mjones@crestviewinsurance.com,Board Deck Builder,What drove the change in gross margin this quarter?,Traceback (most recent call last): KeyError 'entity',r52-0001861,completed,2026-05-14T14:38:59Z,1700
yrobinson@crestviewinsurance.com,Board Deck Builder,Draft flux commentary for the Mar close,"Treasury Mar variance was $3,996,541 vs plan",r52-0001862,completed,2026-05-14T15:29:18Z,28100
jjohnson@crestviewinsurance.com,Headcount Planner,Reconcile AP aging over 90 days for CA-05,Traceback (most recent call last): KeyError 'entity',r52-0001863,error,2026-05-15T14:11:26Z,7300
mjones@crestviewinsurance.com,Variance Explainer,Summarize the Mar variance for entity EU-08,"FP&A Mar variance was $63,916 vs plan",r52-0001864,completed,2026-05-15T14:42:59Z,19000
dperez@crestviewinsurance.com,Board Deck Builder,Explain the headcount variance vs plan,"Ops Jun variance was $3,120,779 vs plan",r52-0001865,completed,2026-05-15T09:59:55Z,8400
jjohnson@crestviewinsurance.com,AP Aging Analyst,Summarize the May variance for entity MX-01,"Treasury May variance was $1,245,893 vs plan",r52-0001866,completed,2026-05-15T10:04:43Z,72400
jjohnson@crestviewinsurance.com,Covenant Checker,Which cost centers are over budget YTD?,"Ops May variance was $1,585,288 vs plan",r52-0001867,completed,2026-05-15T09:04:30Z,39300
dperez@crestviewinsurance.com,Covenant Checker,Forecast Apr operating cash flow,"Accounting Apr variance was $2,313,363 vs plan",r52-0001868,completed,2026-05-15T15:44:45Z,62500
jjohnson@crestviewinsurance.com,Vendor Spend Analyzer,Explain the headcount variance vs plan,"Ops Jun variance was $3,148,466 vs plan",r52-0001869,completed,2026-05-15T13:37:16Z,25500
mjones@crestviewinsurance.com,Budget vs Actual,Check covenant compliance for the revolver,"FP&A Apr variance was $4,229,490 vs plan",r52-0001870,completed,2026-05-15T06:08:49Z,3300
mjones@crestviewinsurance.com,Headcount Planner,Reconcile AP aging over 90 days for EU-01,"FP&A Apr variance was $1,667,357 vs plan",r52-0001871,completed,2026-05-15T11:27:44Z,19500
mjones@crestviewinsurance.com,Covenant Checker,Reconcile AP aging over 90 days for US-01,"Ops Mar variance was $2,710,588 vs plan",r52-0001872,completed,2026-05-15T16:23:19Z,58200
mjones@crestviewinsurance.com,AP Aging Analyst,Build the board deck cash slide for May,"Treasury May variance was $4,789,612 vs plan",r52-0001873,completed,2026-05-15T11:00:42Z,27600
jpatel@crestviewinsurance.com,Vendor Spend Analyzer,Draft flux commentary for the Mar close,"Accounting Mar variance was $1,814,313 vs plan",r52-0001874,completed,2026-05-15T16:08:33Z,20300
mjones@crestviewinsurance.com,Vendor Spend Analyzer,Check covenant compliance for the revolver,"Treasury Mar variance was $1,606,597 vs plan",r52-0001875,completed,2026-05-15T06:44:42Z,41800
mjones@crestviewinsurance.com,Budget vs Actual,Build the board deck cash slide for May,"Ops May variance was $365,656 vs plan",r52-0001876,completed,2026-05-15T15:16:39Z,35500
jjohnson@crestviewinsurance.com,Covenant Checker,Explain the headcount variance vs plan,"FP&A Apr variance was $3,481,378 vs plan",r52-0001877,completed,2026-05-15T12:08:50Z,3200
jjohnson@crestviewinsurance.com,Journal Entry Reviewer,Explain the headcount variance vs plan,"FP&A May variance was $1,971,543 vs plan",r52-0001878,completed,2026-05-15T12:20:57Z,44800
swilson@crestviewinsurance.com,Journal Entry Reviewer,Which cost centers are over budget YTD?,"FP&A Jan variance was $1,589,714 vs plan",r52-0001879,completed,2026-05-15T10:18:54Z,7900
jpatel@crestviewinsurance.com,Cash Forecaster,Draft flux commentary for the May close,"FP&A May variance was $3,403,679 vs plan",r52-0001880,completed,2026-05-15T10:18:56Z,52400
jnguyen@crestviewinsurance.com,Close Checklist Bot,What drove the change in gross margin this quarter?,"Ops May variance was $1,977,218 vs plan",r52-0001881,completed,2026-05-15T07:12:22Z,32700
yrobinson@crestviewinsurance.com,AP Aging Analyst,Which cost centers are over budget YTD?,"FP&A Jun variance was $2,111,090 vs plan",r52-0001882,completed,2026-05-15T12:03:56Z,35900
mjones@crestviewinsurance.com,Budget vs Actual,Forecast Feb operating cash flow,"Ops Feb variance was $490,128 vs plan",r52-0001883,completed,2026-05-15T13:09:57Z,54900
jjohnson@crestviewinsurance.com,Revenue Recognizer,Explain the headcount variance vs plan,"Ops Jun variance was $157,569 vs plan",r52-0001884,completed,2026-05-15T10:56:00Z,17000
mjones@crestviewinsurance.com,Board Deck Builder,Explain the headcount variance vs plan,ERROR: upstream request timed out,r52-0001885,error,2026-05-15T18:17:58Z,5100
mjones@crestviewinsurance.com,Flux Commentary,What drove the change in gross margin this quarter?,"Treasury Feb variance was $4,750,898 vs plan",r52-0001886,completed,2026-05-15T13:35:25Z,33700
yrobinson@crestviewinsurance.com,Covenant Checker,Check covenant compliance for the revolver,"Treasury Jan variance was $716,020 vs plan",r52-0001887,completed,2026-05-15T16:58:53Z,64100
jjohnson@crestviewinsurance.com,Revenue Recognizer,Summarize the Jun variance for entity US-05,"Ops Jun variance was $2,074,875 vs plan",r52-0001888,completed,2026-05-15T16:26:52Z,56800
kmiller@crestviewinsurance.com,Journal Entry Reviewer,Summarize the Jan variance for entity MX-03,Traceback (most recent call last): KeyError 'entity',r52-0001889,error,2026-05-15T10:10:09Z,2300
mwalker@crestviewinsurance.com,Cash Forecaster,Draft flux commentary for the Mar close,"Treasury Mar variance was $3,049,692 vs plan",r52-0001890,completed,2026-05-16T13:44:16Z,46100
mjones@crestviewinsurance.com,Variance Explainer,Which cost centers are over budget YTD?,"Ops Feb variance was $1,448,800 vs plan",r52-0001891,completed,2026-05-16T09:00:08Z,22700
jwilliams@crestviewinsurance.com,Cash Forecaster,What drove the change in gross margin this quarter?,"Accounting Jun variance was $3,130,069 vs plan",r52-0001892,completed,2026-05-16T15:39:32Z,6200
mjones@crestviewinsurance.com,Vendor Spend Analyzer,Reconcile AP aging over 90 days for CA-05,"Ops Jan variance was $820,384 vs plan",r52-0001893,completed,2026-05-16T14:57:21Z,4400
jjohnson@crestviewinsurance.com,Board Deck Builder,Summarize the May variance for entity CA-03,"Treasury May variance was $1,110,841 vs plan",r52-0001894,completed,2026-05-16T14:24:48Z,4000
drodriguez@crestviewinsurance.com,Revenue Recognizer,Draft flux commentary for the May close,"Ops May variance was $1,125,092 vs plan",r52-0001895,completed,2026-05-16T08:44:39Z,60000
jjohnson@crestviewinsurance.com,Variance Explainer,Forecast Mar operating cash flow,"Ops Mar variance was $578,225 vs plan",r52-0001896,completed,2026-05-16T14:27:44Z,34700
mwalker@crestviewinsurance.com,Close Checklist Bot,What drove the change in gross margin this quarter?,"Accounting Jun variance was $1,587,700 vs plan",r52-0001897,completed,2026-05-16T11:06:03Z,55000
swilson@crestviewinsurance.com,Cash Forecaster,Explain the headcount variance vs plan,"Accounting Jun variance was $4,708,445 vs plan",r52-0001898,completed,2026-05-17T07:42:11Z,74500
jjohnson@crestviewinsurance.com,Variance Explainer,Explain the headcount variance vs plan,"Treasury Jan variance was $1,457,304 vs plan",r52-0001899,completed,2026-05-17T12:57:28Z,64400
kmiller@crestviewinsurance.com,Variance Explainer,Explain the headcount variance vs plan,"FP&A Feb variance was $1,630,046 vs plan",r52-0001900,completed,2026-05-17T12:23:16Z,54900
dperez@crestviewinsurance.com,AP Aging Analyst,Build the board deck cash slide for Feb,"Accounting Feb variance was $4,561,830 vs plan",r52-0001901,completed,2026-05-17T12:44:43Z,48400
kmiller@crestviewinsurance.com,Budget vs Actual,Reconcile AP aging over 90 days for CA-02,"Ops Jan variance was $4,349,869 vs plan",r52-0001902,completed,2026-05-17T16:31:47Z,41200
yrobinson@crestviewinsurance.com,Variance Explainer,Which cost centers are over budget YTD?,Traceback (most recent call last): KeyError 'entity',r52-0001903,completed,2026-05-18T19:29:50Z,1900
jjohnson@crestviewinsurance.com,Headcount Planner,Build the board deck cash slide for Feb,"Treasury Feb variance was $432,554 vs plan",r52-0001904,completed,2026-05-18T09:28:09Z,18500
mjones@crestviewinsurance.com,Board Deck Builder,Check covenant compliance for the revolver,"Accounting Jan variance was $1,759,139 vs plan",r52-0001905,completed,2026-05-18T08:27:20Z,24800
dperez@crestviewinsurance.com,Cash Forecaster,Reconcile AP aging over 90 days for CA-09,"Ops Jan variance was $2,519,242 vs plan",r52-0001906,completed,2026-05-18T12:42:55Z,43300
jjohnson@crestviewinsurance.com,Budget vs Actual,Explain the headcount variance vs plan,"Treasury Jan variance was $2,968,043 vs plan",r52-0001907,completed,2026-05-18T08:45:15Z,50000
yrobinson@crestviewinsurance.com,Flux Commentary,Forecast Apr operating cash flow,"Ops Apr variance was $140,440 vs plan",r52-0001908,completed,2026-05-18T10:53:12Z,50900
yrobinson@crestviewinsurance.com,Cash Forecaster,Forecast May operating cash flow,"FP&A May variance was $820,227 vs plan",r52-0001909,completed,2026-05-18T10:02:10Z,22300
mwalker@crestviewinsurance.com,Journal Entry Reviewer,Reconcile AP aging over 90 days for CA-05,error: connection reset by peer,r52-0001910,error,2026-05-18T15:24:17Z,1300
mjones@crestviewinsurance.com,Covenant Checker,Which cost centers are over budget YTD?,"FP&A Jan variance was $388,889 vs plan",r52-0001911,completed,2026-05-18T10:47:48Z,3600
jjohnson@crestviewinsurance.com,Board Deck Builder,Forecast Apr operating cash flow,"Treasury Apr variance was $2,356,226 vs plan",r52-0001912,completed,2026-05-18T13:36:52Z,10800
snguyen@crestviewinsurance.com,Revenue Recognizer,Summarize the Jun variance for entity MX-06,"Treasury Jun variance was $4,363,098 vs plan",r52-0001913,completed,2026-05-18T10:08:34Z,28200
jjohnson@crestviewinsurance.com,Close Checklist Bot,Explain the headcount variance vs plan,Traceback (most recent call last): KeyError 'entity',r52-0001914,error,2026-05-18T16:34:53Z,6700
jlopez@crestviewinsurance.com,Revenue Recognizer,Reconcile AP aging over 90 days for MX-03,"FP&A Mar variance was $1,443,606 vs plan",r52-0001915,completed,2026-05-18T14:09:00Z,45400
kmiller@crestviewinsurance.com,Headcount Planner,Reconcile AP aging over 90 days for MX-04,FAILED: null reference in aggregation step,r52-0001916,completed,2026-05-18T11:53:12Z,500
mjones@crestviewinsurance.com,Covenant Checker,Why did Ops spend exceed budget in May?,"Ops May variance was $691,451 vs plan",r52-0001917,completed,2026-05-18T13:34:24Z,30300
dperez@crestviewinsurance.com,Covenant Checker,Draft flux commentary for the Mar close,"FP&A Mar variance was $2,944,884 vs plan",r52-0001918,completed,2026-05-18T14:56:24Z,43100
jjohnson@crestviewinsurance.com,Variance Explainer,Why did Accounting spend exceed budget in Apr?,"Accounting Apr variance was $1,693,567 vs plan",r52-0001919,completed,2026-05-18T15:27:12Z,34000
sgonzalez@crestviewinsurance.com,Variance Explainer,Forecast Jun operating cash flow,"FP&A Jun variance was $4,495,216 vs plan",r52-0001920,completed,2026-05-18T16:05:30Z,70100
jjohnson@crestviewinsurance.com,Board Deck Builder,What drove the change in gross margin this quarter?,"Ops Apr variance was $108,945 vs plan",r52-0001921,completed,2026-05-18T10:16:58Z,49000
mjones@crestviewinsurance.com,AP Aging Analyst,Explain the headcount variance vs plan,"Ops Apr variance was $1,340,171 vs plan",r52-0001922,completed,2026-05-18T15:53:21Z,4300
jjohnson@crestviewinsurance.com,Vendor Spend Analyzer,Which cost centers are over budget YTD?,"Accounting Apr variance was $3,324,412 vs plan",r52-0001923,completed,2026-05-18T08:06:43Z,37800
jkim@crestviewinsurance.com,Headcount Planner,Forecast Feb operating cash flow,"Treasury Feb variance was $632,220 vs plan",r52-0001924,completed,2026-05-18T13:39:13Z,40900
dperez@crestviewinsurance.com,Flux Commentary,Which cost centers are over budget YTD?,"FP&A Jan variance was $2,134,790 vs plan",r52-0001925,completed,2026-05-18T06:03:29Z,57500
jnguyen@crestviewinsurance.com,Cash Forecaster,Why did Ops spend exceed budget in Jan?,"Ops Jan variance was $1,948,385 vs plan",r52-0001926,completed,2026-05-19T16:18:52Z,62400
jjohnson@crestviewinsurance.com,Vendor Spend Analyzer,Explain the headcount variance vs plan,"Accounting Jun variance was $3,065,566 vs plan",r52-0001927,completed,2026-05-19T13:26:00Z,6100
jjohnson@crestviewinsurance.com,Board Deck Builder,Which cost centers are over budget YTD?,"Accounting Feb variance was $4,067,574 vs plan",r52-0001928,completed,2026-05-19T11:57:02Z,61200
jjohnson@crestviewinsurance.com,Cash Forecaster,Reconcile AP aging over 90 days for CA-02,error code 502 from model gateway,r52-0001929,completed,2026-05-19T10:10:47Z,1800
mjones@crestviewinsurance.com,Cash Forecaster,Explain the headcount variance vs plan,"Ops Feb variance was $1,248,822 vs plan",r52-0001930,completed,2026-05-19T15:01:20Z,59100
kmiller@crestviewinsurance.com,Variance Explainer,Draft flux commentary for the May close,"Treasury May variance was $1,913,154 vs plan",r52-0001931,completed,2026-05-19T17:40:51Z,23800
jbrown@crestviewinsurance.com,Cash Forecaster,What drove the change in gross margin this quarter?,"Ops Jun variance was $3,565,044 vs plan",r52-0001932,completed,2026-05-19T15:24:22Z,60200
jjohnson@crestviewinsurance.com,Variance Explainer,Reconcile AP aging over 90 days for MX-08,"Treasury Jan variance was $467,758 vs plan",r52-0001933,completed,2026-05-19T08:46:17Z,43400
sgonzalez@crestviewinsurance.com,Covenant Checker,Explain the headcount variance vs plan,"Treasury Jan variance was $4,058,822 vs plan",r52-0001934,completed,2026-05-19T12:39:12Z,73200
mjones@crestviewinsurance.com,Board Deck Builder,Which cost centers are over budget YTD?,"Ops Jun variance was $783,358 vs plan",r52-0001935,completed,2026-05-19T15:33:09Z,36200
jjohnson@crestviewinsurance.com,Budget vs Actual,What drove the change in gross margin this quarter?,"Ops Mar variance was $35,102 vs plan",r52-0001936,completed,2026-05-19T11:33:46Z,63400
jjohnson@crestviewinsurance.com,Vendor Spend Analyzer,Draft flux commentary for the Jan close,error: connection reset by peer,r52-0001937,completed,2026-05-19T11:44:51Z,1800
mjones@crestviewinsurance.com,Board Deck Builder,Which cost centers are over budget YTD?,"Ops Jan variance was $2,119,729 vs plan",r52-0001938,completed,2026-05-19T10:07:18Z,59000
mwalker@crestviewinsurance.com,Revenue Recognizer,Explain the headcount variance vs plan,"Ops Jun variance was $3,755,984 vs plan",r52-0001939,completed,2026-05-19T15:00:41Z,28900
jjohnson@crestviewinsurance.com,Vendor Spend Analyzer,Check covenant compliance for the revolver,"Ops Mar variance was $2,424,492 vs plan",r52-0001940,completed,2026-05-19T11:09:32Z,3100
jjohnson@crestviewinsurance.com,Vendor Spend Analyzer,Reconcile AP aging over 90 days for US-09,"Treasury May variance was $655,346 vs plan",r52-0001941,completed,2026-05-19T13:15:25Z,55200
mjones@crestviewinsurance.com,Flux Commentary,Summarize the Mar variance for entity EU-09,"FP&A Mar variance was $191,239 vs plan",r52-0001942,completed,2026-05-19T10:45:20Z,57700
kmiller@crestviewinsurance.com,Headcount Planner,What drove the change in gross margin this quarter?,error code 502 from model gateway,r52-0001943,completed,2026-05-19T09:41:17Z,900
yrobinson@crestviewinsurance.com,Vendor Spend Analyzer,Explain the headcount variance vs plan,"Accounting May variance was $160,124 vs plan",r52-0001944,completed,2026-05-19T14:32:37Z,20000
mjones@crestviewinsurance.com,Budget vs Actual,Why did FP&A spend exceed budget in Feb?,"FP&A Feb variance was $2,962,242 vs plan",r52-0001945,completed,2026-05-19T10:13:45Z,22300
yrobinson@crestviewinsurance.com,Budget vs Actual,Draft flux commentary for the Feb close,error: connection reset by peer,r52-0001946,completed,2026-05-19T13:34:38Z,400
djohnson@crestviewinsurance.com,Flux Commentary,Explain the headcount variance vs plan,"Ops Apr variance was $1,800,698 vs plan",r52-0001947,completed,2026-05-19T11:12:22Z,48100
mjones@crestviewinsurance.com,Close Checklist Bot,Why did FP&A spend exceed budget in Feb?,error: connection reset by peer,r52-0001948,error,2026-05-19T11:27:04Z,4900
swilson@crestviewinsurance.com,Cash Forecaster,Which cost centers are over budget YTD?,"FP&A Jan variance was $1,898,457 vs plan",r52-0001949,completed,2026-05-19T06:17:10Z,49500
mjones@crestviewinsurance.com,Headcount Planner,Why did Accounting spend exceed budget in Jan?,"Accounting Jan variance was $1,354,863 vs plan",r52-0001950,completed,2026-05-19T06:26:34Z,49100
mjones@crestviewinsurance.com,AP Aging Analyst,Explain the headcount variance vs plan,"FP&A Apr variance was $4,392,671 vs plan",r52-0001951,completed,2026-05-19T15:29:32Z,61400
mjones@crestviewinsurance.com,Journal Entry Reviewer,Which cost centers are over budget YTD?,"Treasury Feb variance was $2,088,066 vs plan",r52-0001952,completed,2026-05-19T08:46:33Z,18200
yrobinson@crestviewinsurance.com,Headcount Planner,Summarize the Jan variance for entity EU-01,"FP&A Jan variance was $2,188,295 vs plan",r52-0001953,completed,2026-05-19T12:05:21Z,42800
kmiller@crestviewinsurance.com,Cash Forecaster,Build the board deck cash slide for May,"FP&A May variance was $3,472,378 vs plan",r52-0001954,completed,2026-05-20T09:58:49Z,43200
drodriguez@crestviewinsurance.com,Board Deck Builder,Explain the headcount variance vs plan,"FP&A Apr variance was $4,577,372 vs plan",r52-0001955,completed,2026-05-20T11:34:25Z,26600
jjohnson@crestviewinsurance.com,Vendor Spend Analyzer,Draft flux commentary for the Mar close,"Ops Mar variance was $3,305,914 vs plan",r52-0001956,completed,2026-05-20T15:38:30Z,5000
mjones@crestviewinsurance.com,Revenue Recognizer,Draft flux commentary for the Jun close,"Accounting Jun variance was $2,087,060 vs plan",r52-0001957,completed,2026-05-20T14:38:41Z,72600
jjohnson@crestviewinsurance.com,Cash Forecaster,Why did FP&A spend exceed budget in Jan?,"FP&A Jan variance was $1,358,287 vs plan",r52-0001958,completed,2026-05-20T12:33:59Z,40800
jjohnson@crestviewinsurance.com,Covenant Checker,Why did FP&A spend exceed budget in Jan?,"FP&A Jan variance was $2,586,357 vs plan",r52-0001959,completed,2026-05-20T12:47:51Z,20400
jjohnson@crestviewinsurance.com,Variance Explainer,Why did Accounting spend exceed budget in May?,error code 502 from model gateway,r52-0001960,completed,2026-05-20T11:23:33Z,1000
mjones@crestviewinsurance.com,AP Aging Analyst,Summarize the Mar variance for entity US-02,"FP&A Mar variance was $817,274 vs plan",r52-0001961,completed,2026-05-20T12:03:03Z,11700
mjones@crestviewinsurance.com,Headcount Planner,What drove the change in gross margin this quarter?,"Treasury Apr variance was $3,518,843 vs plan",r52-0001962,completed,2026-05-20T16:21:03Z,41000
snguyen@crestviewinsurance.com,Headcount Planner,Reconcile AP aging over 90 days for EU-05,"Ops Mar variance was $409,535 vs plan",r52-0001963,completed,2026-05-20T08:11:15Z,32400
mjones@crestviewinsurance.com,Journal Entry Reviewer,Explain the headcount variance vs plan,"Treasury Jan variance was $1,581,653 vs plan",r52-0001964,completed,2026-05-20T13:26:56Z,43100
jlopez@crestviewinsurance.com,Close Checklist Bot,Summarize the May variance for entity MX-03,"Treasury May variance was $3,187,782 vs plan",r52-0001965,completed,2026-05-20T10:23:04Z,8300
mjones@crestviewinsurance.com,Board Deck Builder,Why did Accounting spend exceed budget in Mar?,"Accounting Mar variance was $4,476,119 vs plan",r52-0001966,completed,2026-05-20T06:00:42Z,23500
jkim@crestviewinsurance.com,Revenue Recognizer,What drove the change in gross margin this quarter?,"Treasury Feb variance was $2,721,178 vs plan",r52-0001967,completed,2026-05-20T11:14:43Z,61400
yrobinson@crestviewinsurance.com,AP Aging Analyst,Draft flux commentary for the Mar close,"FP&A Mar variance was $2,034,007 vs plan",r52-0001968,completed,2026-05-20T14:32:18Z,38800
mjones@crestviewinsurance.com,Journal Entry Reviewer,Which cost centers are over budget YTD?,"Treasury Jun variance was $4,413,830 vs plan",r52-0001969,completed,2026-05-20T14:57:12Z,50600
mjones@crestviewinsurance.com,Variance Explainer,Why did Accounting spend exceed budget in Jun?,"Accounting Jun variance was $3,936,158 vs plan",r52-0001970,completed,2026-05-20T10:53:09Z,53500
jjohnson@crestviewinsurance.com,Revenue Recognizer,Summarize the Jun variance for entity EU-03,error code 502 from model gateway,r52-0001971,completed,2026-05-20T13:32:07Z,1100
jjohnson@crestviewinsurance.com,Journal Entry Reviewer,Reconcile AP aging over 90 days for CA-09,"Treasury Jan variance was $4,519,563 vs plan",r52-0001972,completed,2026-05-20T14:38:25Z,66100
jpatel@crestviewinsurance.com,Flux Commentary,Reconcile AP aging over 90 days for EU-01,"Treasury Feb variance was $2,735,108 vs plan",r52-0001973,completed,2026-05-20T07:32:06Z,16700
jjohnson@crestviewinsurance.com,Journal Entry Reviewer,Check covenant compliance for the revolver,"Treasury Apr variance was $850,415 vs plan",r52-0001974,completed,2026-05-20T14:14:43Z,70600
jjohnson@crestviewinsurance.com,Close Checklist Bot,Which cost centers are over budget YTD?,"Ops Jan variance was $115,826 vs plan",r52-0001975,completed,2026-05-20T18:19:37Z,9000
mjones@crestviewinsurance.com,Variance Explainer,Reconcile AP aging over 90 days for EU-08,"Ops Mar variance was $4,516,305 vs plan",r52-0001976,completed,2026-05-20T08:45:54Z,61800
kmiller@crestviewinsurance.com,Journal Entry Reviewer,Forecast Feb operating cash flow,"Treasury Feb variance was $3,803,558 vs plan",r52-0001977,completed,2026-05-20T12:15:37Z,32800
kmiller@crestviewinsurance.com,Flux Commentary,Summarize the Apr variance for entity US-04,"Ops Apr variance was $3,144,127 vs plan",r52-0001978,completed,2026-05-20T19:43:47Z,60900
swilson@crestviewinsurance.com,Headcount Planner,Reconcile AP aging over 90 days for MX-04,"Ops Feb variance was $4,282,354 vs plan",r52-0001979,completed,2026-05-20T13:05:56Z,70400
mjones@crestviewinsurance.com,Variance Explainer,Why did FP&A spend exceed budget in Feb?,"FP&A Feb variance was $2,639,239 vs plan",r52-0001980,completed,2026-05-20T14:02:03Z,44000
yrobinson@crestviewinsurance.com,Headcount Planner,Explain the headcount variance vs plan,"Treasury Apr variance was $3,360,563 vs plan",r52-0001981,completed,2026-05-20T11:56:28Z,74300
jjohnson@crestviewinsurance.com,Headcount Planner,Build the board deck cash slide for May,"Accounting May variance was $89,940 vs plan",r52-0001982,completed,2026-05-20T09:06:38Z,40500
jjohnson@crestviewinsurance.com,Variance Explainer,Check covenant compliance for the revolver,"Accounting Feb variance was $3,756,160 vs plan",r52-0001983,completed,2026-05-20T11:37:56Z,63200
jjohnson@crestviewinsurance.com,Journal Entry Reviewer,Why did Treasury spend exceed budget in May?,"Treasury May variance was $3,955,739 vs plan",r52-0001984,completed,2026-05-21T12:28:35Z,34800
dhaddad@crestviewinsurance.com,Cash Forecaster,Summarize the Feb variance for entity MX-04,"Accounting Feb variance was $4,724,802 vs plan",r52-0001985,completed,2026-05-21T11:52:27Z,70500
jpatel@crestviewinsurance.com,Covenant Checker,Forecast Feb operating cash flow,"FP&A Feb variance was $342,008 vs plan",r52-0001986,completed,2026-05-21T11:50:19Z,44200
mjones@crestviewinsurance.com,Close Checklist Bot,Draft flux commentary for the Mar close,"FP&A Mar variance was $156,335 vs plan",r52-0001987,completed,2026-05-21T16:54:25Z,67300
lwilson@crestviewinsurance.com,Vendor Spend Analyzer,Draft flux commentary for the Jun close,"FP&A Jun variance was $3,428,363 vs plan",r52-0001988,completed,2026-05-21T12:01:24Z,37600
mjones@crestviewinsurance.com,AP Aging Analyst,Which cost centers are over budget YTD?,"Ops Apr variance was $4,200,553 vs plan",r52-0001989,completed,2026-05-21T11:33:25Z,22000
mtaylor@crestviewinsurance.com,Cash Forecaster,Why did FP&A spend exceed budget in May?,Traceback (most recent call last): KeyError 'entity',r52-0001990,error,2026-05-21T14:35:45Z,4700
yrobinson@crestviewinsurance.com,Revenue Recognizer,Reconcile AP aging over 90 days for MX-05,Traceback (most recent call last): KeyError 'entity',r52-0001991,completed,2026-05-21T17:56:05Z,700
jjohnson@crestviewinsurance.com,Close Checklist Bot,Summarize the May variance for entity CA-07,"Ops May variance was $1,550,459 vs plan",r52-0001992,completed,2026-05-21T10:31:28Z,3300
dperez@crestviewinsurance.com,Vendor Spend Analyzer,Summarize the May variance for entity CA-08,"FP&A May variance was $24,262 vs plan",r52-0001993,completed,2026-05-21T16:44:32Z,3700
mjones@crestviewinsurance.com,Journal Entry Reviewer,Check covenant compliance for the revolver,"Treasury May variance was $4,240,477 vs plan",r52-0001994,completed,2026-05-21T09:05:56Z,16100
djohnson@crestviewinsurance.com,Covenant Checker,Why did Accounting spend exceed budget in Jun?,"Accounting Jun variance was $2,981,107 vs plan",r52-0001995,completed,2026-05-21T06:41:26Z,50700
yrobinson@crestviewinsurance.com,Close Checklist Bot,Why did Treasury spend exceed budget in Mar?,"Treasury Mar variance was $3,523,042 vs plan",r52-0001996,completed,2026-05-21T08:17:08Z,49600
jjohnson@crestviewinsurance.com,Budget vs Actual,Reconcile AP aging over 90 days for US-04,"Treasury Jun variance was $1,097,506 vs plan",r52-0001997,completed,2026-05-21T14:54:27Z,30900
swilson@crestviewinsurance.com,Board Deck Builder,Check covenant compliance for the revolver,"FP&A May variance was $1,642,361 vs plan",r52-0001998,completed,2026-05-21T14:33:59Z,51700
swilson@crestviewinsurance.com,Flux Commentary,Summarize the May variance for entity CA-03,"Ops May variance was $4,653,787 vs plan",r52-0001999,completed,2026-05-21T13:49:27Z,61400
jjohnson@crestviewinsurance.com,Flux Commentary,Forecast Apr operating cash flow,"FP&A Apr variance was $2,100,216 vs plan",r52-0002000,completed,2026-05-21T08:35:43Z,60900
djohnson@crestviewinsurance.com,AP Aging Analyst,Forecast Jun operating cash flow,error: connection reset by peer,r52-0002001,completed,2026-05-21T11:14:27Z,1800
kmiller@crestviewinsurance.com,Revenue Recognizer,Which cost centers are over budget YTD?,"Accounting Jun variance was $2,675,784 vs plan",r52-0002002,completed,2026-05-21T16:28:32Z,65400
yrobinson@crestviewinsurance.com,Covenant Checker,Build the board deck cash slide for Jun,"FP&A Jun variance was $523,397 vs plan",r52-0002003,completed,2026-05-21T17:47:42Z,15700
mjones@crestviewinsurance.com,Vendor Spend Analyzer,Draft flux commentary for the Mar close,"Accounting Mar variance was $123,063 vs plan",r52-0002004,completed,2026-05-21T09:57:29Z,22300
fjackson@crestviewinsurance.com,Revenue Recognizer,What drove the change in gross margin this quarter?,"Accounting Mar variance was $2,957,128 vs plan",r52-0002005,completed,2026-05-21T14:28:22Z,57100
jlopez@crestviewinsurance.com,Vendor Spend Analyzer,Which cost centers are over budget YTD?,"Accounting Jun variance was $283,528 vs plan",r52-0002006,completed,2026-05-21T12:02:45Z,25100
jjohnson@crestviewinsurance.com,Budget vs Actual,Forecast Jan operating cash flow,ERROR: upstream request timed out,r52-0002007,completed,2026-05-21T13:57:30Z,1100
dperez@crestviewinsurance.com,Revenue Recognizer,Why did Treasury spend exceed budget in Feb?,"Treasury Feb variance was $342,528 vs plan",r52-0002008,completed,2026-05-21T12:11:02Z,57900
kmiller@crestviewinsurance.com,Board Deck Builder,Explain the headcount variance vs plan,"Treasury Jun variance was $823,921 vs plan",r52-0002009,completed,2026-05-21T06:54:48Z,61400
swilson@crestviewinsurance.com,Close Checklist Bot,Forecast Jan operating cash flow,"Treasury Jan variance was $184,575 vs plan",r52-0002010,completed,2026-05-21T13:43:22Z,60700
mjones@crestviewinsurance.com,Cash Forecaster,Why did Treasury spend exceed budget in Jan?,"Treasury Jan variance was $4,682,446 vs plan",r52-0002011,completed,2026-05-21T15:11:57Z,71400
yrobinson@crestviewinsurance.com,Revenue Recognizer,Which cost centers are over budget YTD?,ERROR: upstream request timed out,r52-0002012,completed,2026-05-21T18:53:00Z,1600
jjohnson@crestviewinsurance.com,Journal Entry Reviewer,What drove the change in gross margin this quarter?,"Ops Jun variance was $2,363,465 vs plan",r52-0002013,completed,2026-05-21T12:38:15Z,69400
mjones@crestviewinsurance.com,Vendor Spend Analyzer,Forecast Jun operating cash flow,"FP&A Jun variance was $3,313,483 vs plan",r52-0002014,completed,2026-05-21T17:04:47Z,29500
swilson@crestviewinsurance.com,Close Checklist Bot,Which cost centers are over budget YTD?,"Ops Jun variance was $1,686,257 vs plan",r52-0002015,completed,2026-05-22T08:47:24Z,74800
mjones@crestviewinsurance.com,Board Deck Builder,What drove the change in gross margin this quarter?,ERROR: upstream request timed out,r52-0002016,error,2026-05-22T11:10:06Z,7400
mjones@crestviewinsurance.com,Cash Forecaster,Reconcile AP aging over 90 days for MX-05,"Ops Mar variance was $1,116,192 vs plan",r52-0002017,completed,2026-05-22T09:47:25Z,22400
mjones@crestviewinsurance.com,Board Deck Builder,What drove the change in gross margin this quarter?,ERROR: upstream request timed out,r52-0002018,error,2026-05-22T06:23:57Z,3600
yrobinson@crestviewinsurance.com,Flux Commentary,Which cost centers are over budget YTD?,"FP&A May variance was $2,274,018 vs plan",r52-0002019,completed,2026-05-22T06:48:41Z,34700
mjones@crestviewinsurance.com,Cash Forecaster,Which cost centers are over budget YTD?,"Accounting Feb variance was $2,551,860 vs plan",r52-0002020,completed,2026-05-22T14:35:21Z,13300
kmiller@crestviewinsurance.com,Headcount Planner,Forecast Feb operating cash flow,"FP&A Feb variance was $970,145 vs plan",r52-0002021,completed,2026-05-22T20:33:32Z,14700
jjohnson@crestviewinsurance.com,Close Checklist Bot,Why did Ops spend exceed budget in Apr?,"Ops Apr variance was $3,557,718 vs plan",r52-0002022,completed,2026-05-22T11:49:08Z,74200
jjohnson@crestviewinsurance.com,Board Deck Builder,Check covenant compliance for the revolver,"Accounting Feb variance was $707,315 vs plan",r52-0002023,completed,2026-05-22T17:49:11Z,7300
mjones@crestviewinsurance.com,Board Deck Builder,Reconcile AP aging over 90 days for CA-07,"Ops Apr variance was $699,660 vs plan",r52-0002024,completed,2026-05-22T12:43:17Z,32700
mjones@crestviewinsurance.com,Journal Entry Reviewer,Which cost centers are over budget YTD?,"Accounting Jan variance was $2,164,101 vs plan",r52-0002025,completed,2026-05-22T07:35:07Z,59900
dperez@crestviewinsurance.com,Revenue Recognizer,Explain the headcount variance vs plan,"Ops Jun variance was $2,772,054 vs plan",r52-0002026,completed,2026-05-22T14:38:47Z,49400
jjohnson@crestviewinsurance.com,Vendor Spend Analyzer,Which cost centers are over budget YTD?,"Ops Jan variance was $4,782,506 vs plan",r52-0002027,completed,2026-05-22T15:32:15Z,30700
mjones@crestviewinsurance.com,Variance Explainer,Build the board deck cash slide for Jan,"Treasury Jan variance was $3,009,172 vs plan",r52-0002028,completed,2026-05-22T12:09:39Z,62800
kperez@crestviewinsurance.com,Close Checklist Bot,Reconcile AP aging over 90 days for US-06,"FP&A Jan variance was $1,682,208 vs plan",r52-0002029,completed,2026-05-22T14:46:10Z,7800
dperez@crestviewinsurance.com,Headcount Planner,Summarize the May variance for entity CA-02,"FP&A May variance was $1,000,038 vs plan",r52-0002030,completed,2026-05-22T17:01:42Z,59100
jjohnson@crestviewinsurance.com,Vendor Spend Analyzer,Reconcile AP aging over 90 days for CA-01,"Ops May variance was $3,400,709 vs plan",r52-0002031,completed,2026-05-22T11:33:30Z,55200
swilson@crestviewinsurance.com,Budget vs Actual,What drove the change in gross margin this quarter?,error code 502 from model gateway,r52-0002032,completed,2026-05-22T11:11:40Z,1600
mjones@crestviewinsurance.com,Flux Commentary,Check covenant compliance for the revolver,"FP&A Apr variance was $1,453,877 vs plan",r52-0002033,completed,2026-05-22T12:22:11Z,25900
mjones@crestviewinsurance.com,Revenue Recognizer,Forecast Jan operating cash flow,"Ops Jan variance was $2,493,706 vs plan",r52-0002034,completed,2026-05-22T13:16:43Z,13000
swilson@crestviewinsurance.com,Journal Entry Reviewer,Check covenant compliance for the revolver,"Ops Feb variance was $3,067,609 vs plan",r52-0002035,completed,2026-05-22T16:01:36Z,59800
mjones@crestviewinsurance.com,Journal Entry Reviewer,Why did Ops spend exceed budget in Jun?,"Ops Jun variance was $1,210,621 vs plan",r52-0002036,completed,2026-05-22T14:19:01Z,73100
mjones@crestviewinsurance.com,AP Aging Analyst,Summarize the May variance for entity CA-05,"Ops May variance was $1,693,382 vs plan",r52-0002037,completed,2026-05-22T12:50:21Z,62600
jnguyen@crestviewinsurance.com,Variance Explainer,Summarize the Jun variance for entity US-06,"Treasury Jun variance was $2,730,684 vs plan",r52-0002038,completed,2026-05-22T14:52:48Z,62000
jjohnson@crestviewinsurance.com,Board Deck Builder,Forecast Jun operating cash flow,"Accounting Jun variance was $3,032,292 vs plan",r52-0002039,completed,2026-05-22T07:19:24Z,16300
yrobinson@crestviewinsurance.com,Revenue Recognizer,Which cost centers are over budget YTD?,"Accounting May variance was $1,712,871 vs plan",r52-0002040,completed,2026-05-22T15:37:30Z,47600
lwilson@crestviewinsurance.com,Flux Commentary,Explain the headcount variance vs plan,"Accounting Apr variance was $1,246,405 vs plan",r52-0002041,completed,2026-05-22T11:38:28Z,15100
jjohnson@crestviewinsurance.com,Board Deck Builder,Why did Ops spend exceed budget in Jan?,"Ops Jan variance was $4,782,398 vs plan",r52-0002042,completed,2026-05-22T09:56:08Z,66300
dperez@crestviewinsurance.com,AP Aging Analyst,What drove the change in gross margin this quarter?,error code 502 from model gateway,r52-0002043,completed,2026-05-22T15:02:18Z,1500
yrobinson@crestviewinsurance.com,Vendor Spend Analyzer,Summarize the Apr variance for entity CA-08,"FP&A Apr variance was $243,179 vs plan",r52-0002044,completed,2026-05-22T08:43:07Z,46000
jjohnson@crestviewinsurance.com,Variance Explainer,Summarize the Jan variance for entity EU-08,"Accounting Jan variance was $2,797,375 vs plan",r52-0002045,completed,2026-05-22T11:46:39Z,36500
jjohnson@crestviewinsurance.com,Budget vs Actual,Summarize the Feb variance for entity MX-08,"Ops Feb variance was $3,479,885 vs plan",r52-0002046,completed,2026-05-22T12:18:38Z,41000
yrobinson@crestviewinsurance.com,Journal Entry Reviewer,Check covenant compliance for the revolver,error: connection reset by peer,r52-0002047,completed,2026-05-22T18:58:28Z,200
mjones@crestviewinsurance.com,Vendor Spend Analyzer,Which cost centers are over budget YTD?,"FP&A May variance was $3,459,124 vs plan",r52-0002048,completed,2026-05-22T12:12:15Z,5000
mjones@crestviewinsurance.com,Variance Explainer,Which cost centers are over budget YTD?,"Accounting Feb variance was $4,148,533 vs plan",r52-0002049,completed,2026-05-22T14:05:52Z,46600
jjohnson@crestviewinsurance.com,Flux Commentary,Build the board deck cash slide for May,"Treasury May variance was $1,322,042 vs plan",r52-0002050,completed,2026-05-22T10:02:19Z,71900
mjones@crestviewinsurance.com,Vendor Spend Analyzer,Why did Treasury spend exceed budget in Apr?,"Treasury Apr variance was $4,640,632 vs plan",r52-0002051,completed,2026-05-22T17:08:17Z,37300
sgonzalez@crestviewinsurance.com,Journal Entry Reviewer,What drove the change in gross margin this quarter?,error: connection reset by peer,r52-0002052,error,2026-05-22T15:56:23Z,6300
yrobinson@crestviewinsurance.com,Revenue Recognizer,What drove the change in gross margin this quarter?,"FP&A Jan variance was $2,641,597 vs plan",r52-0002053,completed,2026-05-23T11:37:27Z,57900
jjohnson@crestviewinsurance.com,Cash Forecaster,Forecast Feb operating cash flow,"Ops Feb variance was $4,049,888 vs plan",r52-0002054,completed,2026-05-23T16:03:43Z,40900
mwalker@crestviewinsurance.com,Revenue Recognizer,Check covenant compliance for the revolver,"FP&A Jan variance was $2,553,528 vs plan",r52-0002055,completed,2026-05-23T13:09:48Z,49000
jjohnson@crestviewinsurance.com,Covenant Checker,Check covenant compliance for the revolver,"Accounting Feb variance was $2,297,345 vs plan",r52-0002056,completed,2026-05-23T14:42:52Z,42900
jjohnson@crestviewinsurance.com,Close Checklist Bot,Explain the headcount variance vs plan,"FP&A Jun variance was $3,131,717 vs plan",r52-0002057,completed,2026-05-23T12:26:40Z,72400
yrobinson@crestviewinsurance.com,Covenant Checker,Which cost centers are over budget YTD?,"Ops Jun variance was $3,912,790 vs plan",r52-0002058,completed,2026-05-23T11:57:30Z,55200
mjones@crestviewinsurance.com,Revenue Recognizer,What drove the change in gross margin this quarter?,error: connection reset by peer,r52-0002059,completed,2026-05-23T12:31:12Z,400
yrobinson@crestviewinsurance.com,Close Checklist Bot,Forecast Feb operating cash flow,"Accounting Feb variance was $774,598 vs plan",r52-0002060,completed,2026-05-23T13:20:39Z,27800
ksanchez@crestviewinsurance.com,AP Aging Analyst,Check covenant compliance for the revolver,"Ops Jun variance was $300,913 vs plan",r52-0002061,completed,2026-05-23T16:27:24Z,26000
mjones@crestviewinsurance.com,Budget vs Actual,Check covenant compliance for the revolver,"FP&A Apr variance was $1,762,026 vs plan",r52-0002062,completed,2026-05-23T18:22:13Z,44200
kmiller@crestviewinsurance.com,AP Aging Analyst,Forecast May operating cash flow,"Ops May variance was $3,361,313 vs plan",r52-0002063,completed,2026-05-23T08:24:05Z,53000
jjohnson@crestviewinsurance.com,Board Deck Builder,Explain the headcount variance vs plan,"Accounting Apr variance was $2,455,415 vs plan",r52-0002064,completed,2026-05-23T18:02:56Z,68100
jbrown@crestviewinsurance.com,Close Checklist Bot,Forecast Mar operating cash flow,"FP&A Mar variance was $4,150,232 vs plan",r52-0002065,completed,2026-05-23T16:35:09Z,33700
dhaddad@crestviewinsurance.com,AP Aging Analyst,Which cost centers are over budget YTD?,"Ops Apr variance was $4,117,626 vs plan",r52-0002066,completed,2026-05-23T12:40:45Z,53000
mjones@crestviewinsurance.com,Variance Explainer,Summarize the Jan variance for entity CA-04,"Accounting Jan variance was $3,823,405 vs plan",r52-0002067,completed,2026-05-23T17:35:17Z,62400
mjones@crestviewinsurance.com,Budget vs Actual,What drove the change in gross margin this quarter?,"Ops Jun variance was $2,876,285 vs plan",r52-0002068,completed,2026-05-23T14:06:49Z,56600
mjones@crestviewinsurance.com,Cash Forecaster,Summarize the Jun variance for entity CA-05,error code 502 from model gateway,r52-0002069,completed,2026-05-24T13:14:19Z,1700
yrobinson@crestviewinsurance.com,Journal Entry Reviewer,Why did Ops spend exceed budget in Jun?,"Ops Jun variance was $1,079,255 vs plan",r52-0002070,completed,2026-05-24T15:15:00Z,40100
jjohnson@crestviewinsurance.com,Journal Entry Reviewer,Summarize the Feb variance for entity CA-05,"FP&A Feb variance was $1,330,347 vs plan",r52-0002071,completed,2026-05-24T13:38:58Z,12900
drodriguez@crestviewinsurance.com,Headcount Planner,Summarize the Jun variance for entity US-06,ERROR: upstream request timed out,r52-0002072,error,2026-05-24T11:59:54Z,1200
dhaddad@crestviewinsurance.com,Revenue Recognizer,Why did FP&A spend exceed budget in Jun?,"FP&A Jun variance was $511,787 vs plan",r52-0002073,completed,2026-05-24T13:45:05Z,7000
jjohnson@crestviewinsurance.com,Covenant Checker,Summarize the Apr variance for entity EU-05,"Treasury Apr variance was $380,881 vs plan",r52-0002074,completed,2026-05-24T13:34:01Z,29200
mjones@crestviewinsurance.com,Close Checklist Bot,Check covenant compliance for the revolver,"Ops Jan variance was $751,860 vs plan",r52-0002075,completed,2026-05-24T16:52:46Z,30900
jjohnson@crestviewinsurance.com,Headcount Planner,Reconcile AP aging over 90 days for MX-03,"Treasury Jan variance was $2,302,658 vs plan",r52-0002076,completed,2026-05-24T13:00:33Z,6900
mjones@crestviewinsurance.com,Vendor Spend Analyzer,Explain the headcount variance vs plan,"Treasury Jan variance was $1,880,277 vs plan",r52-0002077,completed,2026-05-24T11:34:05Z,6100
mjones@crestviewinsurance.com,Board Deck Builder,Forecast Jun operating cash flow,"FP&A Jun variance was $3,066,123 vs plan",r52-0002078,completed,2026-05-24T16:05:38Z,22500
mjones@crestviewinsurance.com,Variance Explainer,Check covenant compliance for the revolver,error: connection reset by peer,r52-0002079,error,2026-05-24T14:30:27Z,7600
jjohnson@crestviewinsurance.com,Headcount Planner,Forecast Mar operating cash flow,"Treasury Mar variance was $398,147 vs plan",r52-0002080,completed,2026-05-24T12:54:00Z,33500
jlopez@crestviewinsurance.com,Headcount Planner,Forecast May operating cash flow,"Treasury May variance was $2,757,019 vs plan",r52-0002081,completed,2026-05-25T13:44:42Z,51000
mwalker@crestviewinsurance.com,Covenant Checker,What drove the change in gross margin this quarter?,"Ops Jan variance was $2,002,614 vs plan",r52-0002082,completed,2026-05-25T13:05:58Z,8300
jjohnson@crestviewinsurance.com,Flux Commentary,Explain the headcount variance vs plan,"Ops May variance was $1,794,551 vs plan",r52-0002083,completed,2026-05-25T10:33:31Z,66100
yrobinson@crestviewinsurance.com,Vendor Spend Analyzer,Summarize the Feb variance for entity MX-05,"Treasury Feb variance was $453,358 vs plan",r52-0002084,completed,2026-05-25T12:54:04Z,58400
mjones@crestviewinsurance.com,Board Deck Builder,Check covenant compliance for the revolver,"FP&A Feb variance was $1,358,532 vs plan",r52-0002085,completed,2026-05-25T08:27:14Z,4300
mjones@crestviewinsurance.com,Revenue Recognizer,Build the board deck cash slide for Mar,"Ops Mar variance was $4,104,284 vs plan",r52-0002086,completed,2026-05-25T18:57:43Z,45200
yrobinson@crestviewinsurance.com,AP Aging Analyst,What drove the change in gross margin this quarter?,"Ops Apr variance was $79,678 vs plan",r52-0002087,completed,2026-05-25T17:46:34Z,48600
mjones@crestviewinsurance.com,Vendor Spend Analyzer,Check covenant compliance for the revolver,"FP&A Feb variance was $2,743,929 vs plan",r52-0002088,completed,2026-05-25T15:44:20Z,74500
jwilliams@crestviewinsurance.com,Covenant Checker,Why did FP&A spend exceed budget in Mar?,"FP&A Mar variance was $17,584 vs plan",r52-0002089,completed,2026-05-25T16:32:01Z,56900
fjackson@crestviewinsurance.com,Revenue Recognizer,What drove the change in gross margin this quarter?,Traceback (most recent call last): KeyError 'entity',r52-0002090,error,2026-05-25T15:00:36Z,6500
jnguyen@crestviewinsurance.com,Board Deck Builder,Build the board deck cash slide for Jun,"FP&A Jun variance was $1,151,726 vs plan",r52-0002091,completed,2026-05-25T13:03:16Z,55300
mjones@crestviewinsurance.com,Cash Forecaster,Which cost centers are over budget YTD?,"Treasury Mar variance was $898,821 vs plan",r52-0002092,completed,2026-05-25T11:14:54Z,13800
jjohnson@crestviewinsurance.com,Variance Explainer,Build the board deck cash slide for Jun,"FP&A Jun variance was $2,495,174 vs plan",r52-0002093,completed,2026-05-25T10:47:53Z,24400
mjones@crestviewinsurance.com,Flux Commentary,What drove the change in gross margin this quarter?,error: connection reset by peer,r52-0002094,error,2026-05-25T11:46:47Z,1400
yrobinson@crestviewinsurance.com,Cash Forecaster,Draft flux commentary for the Apr close,error: connection reset by peer,r52-0002095,completed,2026-05-25T13:19:31Z,1000
kmiller@crestviewinsurance.com,Journal Entry Reviewer,Forecast Jan operating cash flow,"Accounting Jan variance was $550,588 vs plan",r52-0002096,completed,2026-05-25T14:02:31Z,73900
swilson@crestviewinsurance.com,Variance Explainer,What drove the change in gross margin this quarter?,"Treasury May variance was $3,659,897 vs plan",r52-0002097,completed,2026-05-25T07:58:40Z,5300
kmiller@crestviewinsurance.com,Covenant Checker,Build the board deck cash slide for Feb,"Treasury Feb variance was $1,428,476 vs plan",r52-0002098,completed,2026-05-25T15:17:03Z,24500
yrobinson@crestviewinsurance.com,Journal Entry Reviewer,Draft flux commentary for the Apr close,"Accounting Apr variance was $1,663,422 vs plan",r52-0002099,completed,2026-05-25T13:32:30Z,62100
yrobinson@crestviewinsurance.com,Vendor Spend Analyzer,Forecast Apr operating cash flow,"Treasury Apr variance was $927,062 vs plan",r52-0002100,completed,2026-05-25T08:53:28Z,26500
mjones@crestviewinsurance.com,Covenant Checker,Why did Accounting spend exceed budget in Jan?,"Accounting Jan variance was $2,262,893 vs plan",r52-0002101,completed,2026-05-26T16:37:04Z,42600
mjones@crestviewinsurance.com,Cash Forecaster,Forecast Apr operating cash flow,"Treasury Apr variance was $3,457,144 vs plan",r52-0002102,completed,2026-05-26T10:07:36Z,54500
jjohnson@crestviewinsurance.com,Journal Entry Reviewer,Check covenant compliance for the revolver,"Ops Jun variance was $3,519,834 vs plan",r52-0002103,completed,2026-05-26T14:59:35Z,19200
fjackson@crestviewinsurance.com,Covenant Checker,Which cost centers are over budget YTD?,"Accounting Apr variance was $4,622,592 vs plan",r52-0002104,completed,2026-05-26T12:27:37Z,17300
jjohnson@crestviewinsurance.com,Close Checklist Bot,What drove the change in gross margin this quarter?,"Accounting Feb variance was $1,540,838 vs plan",r52-0002105,completed,2026-05-26T14:39:29Z,13100
yrobinson@crestviewinsurance.com,Covenant Checker,What drove the change in gross margin this quarter?,"Treasury Apr variance was $2,690,608 vs plan",r52-0002106,completed,2026-05-26T21:16:20Z,37200
mjones@crestviewinsurance.com,Journal Entry Reviewer,Why did FP&A spend exceed budget in Jun?,"FP&A Jun variance was $2,369,783 vs plan",r52-0002107,completed,2026-05-26T14:59:23Z,69100
bmiller@crestviewinsurance.com,Budget vs Actual,Build the board deck cash slide for Feb,"Ops Feb variance was $1,035,868 vs plan",r52-0002108,completed,2026-05-26T10:51:10Z,63400
yrobinson@crestviewinsurance.com,Board Deck Builder,Why did Accounting spend exceed budget in May?,"Accounting May variance was $2,543,667 vs plan",r52-0002109,completed,2026-05-26T13:28:53Z,29400
yrobinson@crestviewinsurance.com,Revenue Recognizer,Explain the headcount variance vs plan,error: connection reset by peer,r52-0002110,error,2026-05-26T11:51:59Z,7100
yrobinson@crestviewinsurance.com,Close Checklist Bot,What drove the change in gross margin this quarter?,"Treasury Mar variance was $3,561,993 vs plan",r52-0002111,completed,2026-05-26T09:18:30Z,39500
jkim@crestviewinsurance.com,Covenant Checker,Draft flux commentary for the Jun close,"FP&A Jun variance was $4,494,335 vs plan",r52-0002112,completed,2026-05-26T12:20:49Z,28500
mjones@crestviewinsurance.com,Headcount Planner,Forecast Jun operating cash flow,"FP&A Jun variance was $4,089,542 vs plan",r52-0002113,completed,2026-05-26T14:21:26Z,39400
fjackson@crestviewinsurance.com,AP Aging Analyst,Forecast Feb operating cash flow,"Treasury Feb variance was $8,738 vs plan",r52-0002114,completed,2026-05-26T14:23:26Z,7300
mjones@crestviewinsurance.com,Close Checklist Bot,What drove the change in gross margin this quarter?,"FP&A Mar variance was $1,676,182 vs plan",r52-0002115,completed,2026-05-26T12:52:50Z,74900
jjohnson@crestviewinsurance.com,Vendor Spend Analyzer,Why did FP&A spend exceed budget in Apr?,"FP&A Apr variance was $788,685 vs plan",r52-0002116,completed,2026-05-26T12:09:02Z,39900
jjohnson@crestviewinsurance.com,Cash Forecaster,Forecast Apr operating cash flow,"Ops Apr variance was $1,576,894 vs plan",r52-0002117,completed,2026-05-26T09:40:02Z,74700
yrobinson@crestviewinsurance.com,Revenue Recognizer,Build the board deck cash slide for Jun,"FP&A Jun variance was $1,473,229 vs plan",r52-0002118,completed,2026-05-26T14:20:15Z,71800
mjones@crestviewinsurance.com,Flux Commentary,Why did Ops spend exceed budget in Jun?,"Ops Jun variance was $135,902 vs plan",r52-0002119,completed,2026-05-26T15:14:48Z,37500
mjones@crestviewinsurance.com,Headcount Planner,Check covenant compliance for the revolver,"FP&A Apr variance was $1,876,896 vs plan",r52-0002120,completed,2026-05-26T07:42:40Z,37100
yrobinson@crestviewinsurance.com,Headcount Planner,Forecast May operating cash flow,"Ops May variance was $3,432,491 vs plan",r52-0002121,completed,2026-05-26T12:16:25Z,25500
mjones@crestviewinsurance.com,Cash Forecaster,Build the board deck cash slide for Feb,"FP&A Feb variance was $402,445 vs plan",r52-0002122,completed,2026-05-26T11:36:08Z,54500
jjohnson@crestviewinsurance.com,Close Checklist Bot,Explain the headcount variance vs plan,"Treasury Jun variance was $192,303 vs plan",r52-0002123,completed,2026-05-26T15:26:59Z,71700
mjones@crestviewinsurance.com,Headcount Planner,Build the board deck cash slide for Jan,"Accounting Jan variance was $174,817 vs plan",r52-0002124,completed,2026-05-26T08:20:28Z,44200
kmiller@crestviewinsurance.com,Flux Commentary,Which cost centers are over budget YTD?,"Treasury May variance was $1,599,434 vs plan",r52-0002125,completed,2026-05-26T11:43:25Z,68900
yrobinson@crestviewinsurance.com,Cash Forecaster,Forecast Jun operating cash flow,error: connection reset by peer,r52-0002126,error,2026-05-26T12:03:10Z,7700
mjones@crestviewinsurance.com,Board Deck Builder,Why did FP&A spend exceed budget in Mar?,"FP&A Mar variance was $3,899,164 vs plan",r52-0002127,completed,2026-05-26T15:02:15Z,56600
mjones@crestviewinsurance.com,AP Aging Analyst,What drove the change in gross margin this quarter?,FAILED: null reference in aggregation step,r52-0002128,completed,2026-05-26T13:22:53Z,1500
yrobinson@crestviewinsurance.com,Journal Entry Reviewer,Reconcile AP aging over 90 days for MX-08,"Ops Mar variance was $189,755 vs plan",r52-0002129,completed,2026-05-26T15:32:42Z,70900
jjohnson@crestviewinsurance.com,Journal Entry Reviewer,Summarize the Feb variance for entity EU-01,"FP&A Feb variance was $3,450,602 vs plan",r52-0002130,completed,2026-05-26T06:06:48Z,46600
mjones@crestviewinsurance.com,Journal Entry Reviewer,Draft flux commentary for the Feb close,"FP&A Feb variance was $3,971,225 vs plan",r52-0002131,completed,2026-05-26T12:10:06Z,58900
mjones@crestviewinsurance.com,Revenue Recognizer,Forecast Apr operating cash flow,"FP&A Apr variance was $686,274 vs plan",r52-0002132,completed,2026-05-26T09:13:21Z,53100
dperez@crestviewinsurance.com,Flux Commentary,Which cost centers are over budget YTD?,"FP&A May variance was $4,377,109 vs plan",r52-0002133,completed,2026-05-26T12:08:14Z,55800
jjohnson@crestviewinsurance.com,Variance Explainer,What drove the change in gross margin this quarter?,"Ops Feb variance was $3,018,721 vs plan",r52-0002134,completed,2026-05-26T18:27:38Z,39800
mjones@crestviewinsurance.com,Vendor Spend Analyzer,Explain the headcount variance vs plan,"Ops Jun variance was $4,603,367 vs plan",r52-0002135,completed,2026-05-26T15:01:39Z,23800
jkim@crestviewinsurance.com,Headcount Planner,Build the board deck cash slide for Jun,"Treasury Jun variance was $2,143,885 vs plan",r52-0002136,completed,2026-05-26T15:46:22Z,56200
jjohnson@crestviewinsurance.com,Vendor Spend Analyzer,Why did Ops spend exceed budget in Apr?,"Ops Apr variance was $3,278,897 vs plan",r52-0002137,completed,2026-05-26T17:48:39Z,34300
lwilson@crestviewinsurance.com,Close Checklist Bot,Why did Treasury spend exceed budget in Apr?,error code 502 from model gateway,r52-0002138,completed,2026-05-26T19:01:59Z,700
jjohnson@crestviewinsurance.com,Close Checklist Bot,What drove the change in gross margin this quarter?,"Accounting May variance was $1,888,919 vs plan",r52-0002139,completed,2026-05-26T12:46:14Z,57900
mjones@crestviewinsurance.com,Variance Explainer,Forecast Apr operating cash flow,"FP&A Apr variance was $4,039,026 vs plan",r52-0002140,completed,2026-05-26T13:20:46Z,32300
drodriguez@crestviewinsurance.com,Vendor Spend Analyzer,What drove the change in gross margin this quarter?,"Ops Mar variance was $4,326,225 vs plan",r52-0002141,completed,2026-05-26T18:17:18Z,6300
jjohnson@crestviewinsurance.com,Covenant Checker,Explain the headcount variance vs plan,"Ops May variance was $1,721,697 vs plan",r52-0002142,completed,2026-05-26T13:47:56Z,60500
yrobinson@crestviewinsurance.com,Revenue Recognizer,Which cost centers are over budget YTD?,"Ops Jan variance was $2,523,752 vs plan",r52-0002143,completed,2026-05-26T10:05:39Z,47900
mjones@crestviewinsurance.com,Variance Explainer,Summarize the Jun variance for entity EU-05,"Accounting Jun variance was $2,462,488 vs plan",r52-0002144,completed,2026-05-26T07:03:05Z,58400
jjohnson@crestviewinsurance.com,Variance Explainer,Reconcile AP aging over 90 days for CA-04,"Accounting Mar variance was $986,544 vs plan",r52-0002145,completed,2026-05-26T09:21:27Z,58500
jjohnson@crestviewinsurance.com,Variance Explainer,Summarize the Jan variance for entity EU-04,error: connection reset by peer,r52-0002146,error,2026-05-27T10:04:46Z,4700
jjohnson@crestviewinsurance.com,Close Checklist Bot,Draft flux commentary for the May close,"Accounting May variance was $1,523,327 vs plan",r52-0002147,completed,2026-05-27T10:24:40Z,63700
jjohnson@crestviewinsurance.com,Close Checklist Bot,Check covenant compliance for the revolver,"Treasury Mar variance was $1,322,669 vs plan",r52-0002148,completed,2026-05-27T15:24:53Z,4100
dhaddad@crestviewinsurance.com,Vendor Spend Analyzer,Why did Accounting spend exceed budget in May?,ERROR: upstream request timed out,r52-0002149,error,2026-05-27T09:23:49Z,2200
mjones@crestviewinsurance.com,Cash Forecaster,Summarize the Mar variance for entity EU-08,"Treasury Mar variance was $1,615,490 vs plan",r52-0002150,completed,2026-05-27T10:10:24Z,52700
mjones@crestviewinsurance.com,Budget vs Actual,Reconcile AP aging over 90 days for CA-08,"FP&A Jan variance was $4,667,910 vs plan",r52-0002151,completed,2026-05-27T15:27:52Z,21500
sgonzalez@crestviewinsurance.com,Flux Commentary,Forecast Mar operating cash flow,"Treasury Mar variance was $1,039,754 vs plan",r52-0002152,completed,2026-05-27T13:09:08Z,54800
jjohnson@crestviewinsurance.com,Revenue Recognizer,Which cost centers are over budget YTD?,"Accounting Jun variance was $4,367,203 vs plan",r52-0002153,completed,2026-05-27T13:55:03Z,15300
swilson@crestviewinsurance.com,Variance Explainer,Forecast Apr operating cash flow,"Ops Apr variance was $586,257 vs plan",r52-0002154,completed,2026-05-27T13:13:35Z,33700
drodriguez@crestviewinsurance.com,AP Aging Analyst,Summarize the May variance for entity EU-06,"FP&A May variance was $143,411 vs plan",r52-0002155,completed,2026-05-27T13:29:31Z,20600
kmiller@crestviewinsurance.com,Covenant Checker,Summarize the Mar variance for entity MX-03,"Ops Mar variance was $2,824,410 vs plan",r52-0002156,completed,2026-05-27T18:43:41Z,50700
kmiller@crestviewinsurance.com,Covenant Checker,Forecast Jan operating cash flow,"FP&A Jan variance was $1,513,188 vs plan",r52-0002157,completed,2026-05-27T10:53:35Z,6300
mwalker@crestviewinsurance.com,Journal Entry Reviewer,Which cost centers are over budget YTD?,"Ops Jun variance was $1,610,208 vs plan",r52-0002158,completed,2026-05-27T12:11:33Z,19600
mjones@crestviewinsurance.com,Cash Forecaster,Explain the headcount variance vs plan,"Accounting Mar variance was $3,007,473 vs plan",r52-0002159,completed,2026-05-27T12:04:01Z,59900
mjones@crestviewinsurance.com,Vendor Spend Analyzer,Reconcile AP aging over 90 days for EU-03,"Treasury Jan variance was $1,859,982 vs plan",r52-0002160,completed,2026-05-27T14:11:06Z,3600
jjohnson@crestviewinsurance.com,Cash Forecaster,Reconcile AP aging over 90 days for US-03,"FP&A Feb variance was $3,570,872 vs plan",r52-0002161,completed,2026-05-27T14:29:58Z,60500
yrobinson@crestviewinsurance.com,Flux Commentary,Explain the headcount variance vs plan,"Accounting Mar variance was $2,579,275 vs plan",r52-0002162,completed,2026-05-27T16:45:33Z,43600
mjones@crestviewinsurance.com,Covenant Checker,Forecast Apr operating cash flow,"FP&A Apr variance was $452,980 vs plan",r52-0002163,completed,2026-05-27T15:49:35Z,39900
mjones@crestviewinsurance.com,AP Aging Analyst,Why did Ops spend exceed budget in Jan?,"Ops Jan variance was $3,593,908 vs plan",r52-0002164,completed,2026-05-27T16:11:30Z,32400
drodriguez@crestviewinsurance.com,AP Aging Analyst,Forecast May operating cash flow,"Treasury May variance was $2,338,003 vs plan",r52-0002165,completed,2026-05-27T12:13:49Z,16300
jjohnson@crestviewinsurance.com,Board Deck Builder,Check covenant compliance for the revolver,"Accounting Jun variance was $3,087,760 vs plan",r52-0002166,completed,2026-05-27T07:37:23Z,7400
mtaylor@crestviewinsurance.com,Flux Commentary,Build the board deck cash slide for Jan,"Accounting Jan variance was $1,999,021 vs plan",r52-0002167,completed,2026-05-27T17:59:26Z,17000
kmiller@crestviewinsurance.com,Cash Forecaster,Explain the headcount variance vs plan,Traceback (most recent call last): KeyError 'entity',r52-0002168,completed,2026-05-27T07:51:58Z,1400
jjohnson@crestviewinsurance.com,Flux Commentary,Draft flux commentary for the Apr close,"Accounting Apr variance was $4,683,917 vs plan",r52-0002169,completed,2026-05-27T13:59:39Z,50900
kmiller@crestviewinsurance.com,Budget vs Actual,What drove the change in gross margin this quarter?,"Accounting Jun variance was $1,511,881 vs plan",r52-0002170,completed,2026-05-27T15:58:58Z,70700
jjohnson@crestviewinsurance.com,Close Checklist Bot,What drove the change in gross margin this quarter?,"Treasury Jun variance was $2,587,197 vs plan",r52-0002171,completed,2026-05-27T16:57:01Z,18700
mjones@crestviewinsurance.com,Close Checklist Bot,Which cost centers are over budget YTD?,"Accounting May variance was $1,250,381 vs plan",r52-0002172,completed,2026-05-27T16:09:32Z,55000
mjones@crestviewinsurance.com,Variance Explainer,Check covenant compliance for the revolver,"Accounting Apr variance was $3,286,414 vs plan",r52-0002173,completed,2026-05-27T17:18:10Z,28500
mjones@crestviewinsurance.com,Budget vs Actual,Draft flux commentary for the Feb close,"Treasury Feb variance was $3,111,902 vs plan",r52-0002174,completed,2026-05-27T15:16:59Z,65500
jpatel@crestviewinsurance.com,Vendor Spend Analyzer,Draft flux commentary for the May close,"Ops May variance was $1,514,699 vs plan",r52-0002175,completed,2026-05-27T14:06:25Z,16600
jjohnson@crestviewinsurance.com,Cash Forecaster,Which cost centers are over budget YTD?,"FP&A May variance was $397,137 vs plan",r52-0002176,completed,2026-05-27T14:55:39Z,8700
mjones@crestviewinsurance.com,Journal Entry Reviewer,Draft flux commentary for the Feb close,"Ops Feb variance was $3,228,381 vs plan",r52-0002177,completed,2026-05-27T16:26:05Z,56100
jjohnson@crestviewinsurance.com,AP Aging Analyst,Which cost centers are over budget YTD?,"FP&A May variance was $2,579,298 vs plan",r52-0002178,completed,2026-05-27T14:53:35Z,68200
mjones@crestviewinsurance.com,Journal Entry Reviewer,Summarize the Jun variance for entity MX-03,"FP&A Jun variance was $2,452,748 vs plan",r52-0002179,completed,2026-05-27T18:40:27Z,54400
fjackson@crestviewinsurance.com,Covenant Checker,Reconcile AP aging over 90 days for US-08,"Accounting Jan variance was $4,690,904 vs plan",r52-0002180,completed,2026-05-27T15:01:52Z,44900
kmiller@crestviewinsurance.com,AP Aging Analyst,Build the board deck cash slide for Apr,"Treasury Apr variance was $1,195,308 vs plan",r52-0002181,completed,2026-05-27T09:10:27Z,20200
yrobinson@crestviewinsurance.com,Flux Commentary,Forecast Apr operating cash flow,"FP&A Apr variance was $659,709 vs plan",r52-0002182,completed,2026-05-27T13:20:23Z,33000
kmiller@crestviewinsurance.com,AP Aging Analyst,Explain the headcount variance vs plan,"Treasury Mar variance was $269,634 vs plan",r52-0002183,completed,2026-05-28T13:24:30Z,50000
jjohnson@crestviewinsurance.com,Journal Entry Reviewer,Why did Ops spend exceed budget in Apr?,"Ops Apr variance was $784,948 vs plan",r52-0002184,completed,2026-05-28T19:59:40Z,60900
mjones@crestviewinsurance.com,Headcount Planner,Build the board deck cash slide for Feb,"Treasury Feb variance was $2,747,847 vs plan",r52-0002185,completed,2026-05-28T09:30:33Z,51600
mjones@crestviewinsurance.com,Flux Commentary,What drove the change in gross margin this quarter?,"FP&A Jan variance was $3,810,993 vs plan",r52-0002186,completed,2026-05-28T16:36:30Z,37600
jrobinson@crestviewinsurance.com,AP Aging Analyst,Which cost centers are over budget YTD?,"Accounting Jun variance was $442,646 vs plan",r52-0002187,completed,2026-05-28T15:32:39Z,66300
swilson@crestviewinsurance.com,Budget vs Actual,Why did Ops spend exceed budget in May?,Traceback (most recent call last): KeyError 'entity',r52-0002188,error,2026-05-28T09:43:03Z,7500
jnguyen@crestviewinsurance.com,AP Aging Analyst,Explain the headcount variance vs plan,"Ops Apr variance was $208,440 vs plan",r52-0002189,completed,2026-05-28T18:37:45Z,4600
yrobinson@crestviewinsurance.com,Vendor Spend Analyzer,Draft flux commentary for the May close,"Treasury May variance was $2,733,341 vs plan",r52-0002190,completed,2026-05-28T09:14:03Z,9000
jjohnson@crestviewinsurance.com,Headcount Planner,Why did Ops spend exceed budget in Jan?,"Ops Jan variance was $4,127,461 vs plan",r52-0002191,completed,2026-05-28T15:47:51Z,40200
jbrown@crestviewinsurance.com,Journal Entry Reviewer,Summarize the Apr variance for entity MX-04,"Accounting Apr variance was $2,272,482 vs plan",r52-0002192,completed,2026-05-28T13:34:39Z,51700
jbrown@crestviewinsurance.com,Board Deck Builder,Forecast Mar operating cash flow,"Treasury Mar variance was $765,789 vs plan",r52-0002193,completed,2026-05-28T08:23:44Z,5900
jjohnson@crestviewinsurance.com,Vendor Spend Analyzer,Reconcile AP aging over 90 days for US-08,"FP&A Apr variance was $298,517 vs plan",r52-0002194,completed,2026-05-28T14:38:42Z,74500
jjohnson@crestviewinsurance.com,AP Aging Analyst,Forecast Mar operating cash flow,"Accounting Mar variance was $1,241,577 vs plan",r52-0002195,completed,2026-05-28T16:22:32Z,14400
drodriguez@crestviewinsurance.com,Covenant Checker,Reconcile AP aging over 90 days for US-01,"Ops Jan variance was $2,499,054 vs plan",r52-0002196,completed,2026-05-28T10:21:46Z,16000
dperez@crestviewinsurance.com,Cash Forecaster,Check covenant compliance for the revolver,"FP&A Mar variance was $2,869,157 vs plan",r52-0002197,completed,2026-05-28T10:24:05Z,22400
mjones@crestviewinsurance.com,Cash Forecaster,Explain the headcount variance vs plan,"Accounting Jun variance was $301,902 vs plan",r52-0002198,completed,2026-05-28T10:22:46Z,28800
jjohnson@crestviewinsurance.com,Board Deck Builder,What drove the change in gross margin this quarter?,"Accounting Feb variance was $1,629,749 vs plan",r52-0002199,completed,2026-05-28T15:20:27Z,52400
jlopez@crestviewinsurance.com,Cash Forecaster,Reconcile AP aging over 90 days for US-03,"Accounting Jan variance was $3,389,057 vs plan",r52-0002200,completed,2026-05-28T11:00:28Z,45700
mjones@crestviewinsurance.com,Variance Explainer,Reconcile AP aging over 90 days for EU-01,"FP&A Mar variance was $3,472,110 vs plan",r52-0002201,completed,2026-05-28T11:01:14Z,21900
mjones@crestviewinsurance.com,Covenant Checker,Which cost centers are over budget YTD?,error: connection reset by peer,r52-0002202,completed,2026-05-29T15:14:48Z,900
jnguyen@crestviewinsurance.com,Covenant Checker,Which cost centers are over budget YTD?,"Accounting Feb variance was $3,630,768 vs plan",r52-0002203,completed,2026-05-29T18:03:51Z,54300
mjones@crestviewinsurance.com,Revenue Recognizer,Summarize the Jan variance for entity EU-05,"Treasury Jan variance was $1,385,710 vs plan",r52-0002204,completed,2026-05-29T09:33:13Z,17800
jjohnson@crestviewinsurance.com,Vendor Spend Analyzer,Draft flux commentary for the Jun close,"Treasury Jun variance was $796,344 vs plan",r52-0002205,completed,2026-05-29T13:25:54Z,51900
kmiller@crestviewinsurance.com,Budget vs Actual,What drove the change in gross margin this quarter?,"Treasury Feb variance was $1,992,445 vs plan",r52-0002206,completed,2026-05-29T17:57:24Z,54800
kmiller@crestviewinsurance.com,Close Checklist Bot,What drove the change in gross margin this quarter?,error: connection reset by peer,r52-0002207,completed,2026-05-29T12:47:12Z,800
jjohnson@crestviewinsurance.com,Flux Commentary,Check covenant compliance for the revolver,"FP&A Feb variance was $232,252 vs plan",r52-0002208,completed,2026-05-29T12:32:47Z,54100
mjones@crestviewinsurance.com,Close Checklist Bot,Reconcile AP aging over 90 days for CA-08,"Ops May variance was $4,356,444 vs plan",r52-0002209,completed,2026-05-29T13:36:43Z,62500
swilson@crestviewinsurance.com,Headcount Planner,Summarize the Jun variance for entity MX-09,"Treasury Jun variance was $1,438,908 vs plan",r52-0002210,completed,2026-05-29T13:05:52Z,43300
jnguyen@crestviewinsurance.com,AP Aging Analyst,What drove the change in gross margin this quarter?,"FP&A May variance was $1,808,383 vs plan",r52-0002211,completed,2026-05-29T12:42:47Z,34300
mjones@crestviewinsurance.com,Flux Commentary,Build the board deck cash slide for May,"Accounting May variance was $2,645,028 vs plan",r52-0002212,completed,2026-05-29T11:04:04Z,42500
jjohnson@crestviewinsurance.com,AP Aging Analyst,What drove the change in gross margin this quarter?,"Accounting Jan variance was $2,357,235 vs plan",r52-0002213,completed,2026-05-29T16:41:29Z,6100
dperez@crestviewinsurance.com,Journal Entry Reviewer,Explain the headcount variance vs plan,"Accounting Jun variance was $3,097,833 vs plan",r52-0002214,completed,2026-05-29T15:11:00Z,43500
mjones@crestviewinsurance.com,Close Checklist Bot,Forecast May operating cash flow,"Accounting May variance was $2,713,188 vs plan",r52-0002215,completed,2026-05-29T16:24:16Z,62500
kmiller@crestviewinsurance.com,Variance Explainer,Why did Ops spend exceed budget in Mar?,"Ops Mar variance was $2,193,623 vs plan",r52-0002216,completed,2026-05-29T16:17:14Z,49700
mjones@crestviewinsurance.com,Flux Commentary,Check covenant compliance for the revolver,"Accounting Jan variance was $4,057,765 vs plan",r52-0002217,completed,2026-05-29T14:14:39Z,35600
swilson@crestviewinsurance.com,Journal Entry Reviewer,Summarize the Feb variance for entity CA-08,"Accounting Feb variance was $3,158,946 vs plan",r52-0002218,completed,2026-05-29T15:37:17Z,24400
mjones@crestviewinsurance.com,Close Checklist Bot,Draft flux commentary for the Jan close,"Ops Jan variance was $4,618,773 vs plan",r52-0002219,completed,2026-05-29T06:00:08Z,48700
kmiller@crestviewinsurance.com,Cash Forecaster,Which cost centers are over budget YTD?,"Treasury Feb variance was $2,411,465 vs plan",r52-0002220,completed,2026-05-29T07:14:47Z,51500
jjohnson@crestviewinsurance.com,Close Checklist Bot,Why did Ops spend exceed budget in Feb?,error code 502 from model gateway,r52-0002221,completed,2026-05-29T10:41:19Z,1400
mjones@crestviewinsurance.com,Close Checklist Bot,Why did Ops spend exceed budget in Jun?,"Ops Jun variance was $1,842,752 vs plan",r52-0002222,completed,2026-05-29T11:03:05Z,19900
mjones@crestviewinsurance.com,Close Checklist Bot,Summarize the May variance for entity US-01,"Accounting May variance was $4,334,708 vs plan",r52-0002223,completed,2026-05-29T12:06:06Z,53700
mjones@crestviewinsurance.com,Budget vs Actual,Draft flux commentary for the May close,"FP&A May variance was $3,793,608 vs plan",r52-0002224,completed,2026-05-30T12:49:11Z,11200
swilson@crestviewinsurance.com,Flux Commentary,Why did Treasury spend exceed budget in Mar?,"Treasury Mar variance was $1,773,497 vs plan",r52-0002225,completed,2026-05-30T15:42:24Z,33200
mjones@crestviewinsurance.com,Budget vs Actual,Reconcile AP aging over 90 days for US-08,"FP&A Mar variance was $3,573,289 vs plan",r52-0002226,completed,2026-05-30T11:00:06Z,61900
fjackson@crestviewinsurance.com,Covenant Checker,Reconcile AP aging over 90 days for US-02,"Treasury Feb variance was $2,971,026 vs plan",r52-0002227,completed,2026-05-30T13:58:23Z,46300
jjohnson@crestviewinsurance.com,Close Checklist Bot,Check covenant compliance for the revolver,"Accounting Apr variance was $2,042,018 vs plan",r52-0002228,completed,2026-05-30T12:03:15Z,39400
dhaddad@crestviewinsurance.com,Flux Commentary,Which cost centers are over budget YTD?,"FP&A Jun variance was $130,375 vs plan",r52-0002229,completed,2026-05-30T14:17:06Z,39600
dperez@crestviewinsurance.com,Cash Forecaster,Check covenant compliance for the revolver,"FP&A Jun variance was $2,159,423 vs plan",r52-0002230,completed,2026-05-30T14:47:01Z,51900
mjones@crestviewinsurance.com,Board Deck Builder,Forecast May operating cash flow,"Ops May variance was $513,486 vs plan",r52-0002231,completed,2026-05-30T15:56:03Z,48900
mjones@crestviewinsurance.com,Journal Entry Reviewer,Check covenant compliance for the revolver,"Accounting May variance was $3,393,885 vs plan",r52-0002232,completed,2026-05-31T12:25:53Z,49700
yrobinson@crestviewinsurance.com,AP Aging Analyst,Draft flux commentary for the May close,"Treasury May variance was $947,285 vs plan",r52-0002233,completed,2026-05-31T09:43:45Z,11900
jjohnson@crestviewinsurance.com,Budget vs Actual,Reconcile AP aging over 90 days for MX-09,"FP&A Apr variance was $2,634,335 vs plan",r52-0002234,completed,2026-05-31T11:15:20Z,71600
mjones@crestviewinsurance.com,Cash Forecaster,Check covenant compliance for the revolver,"Accounting Mar variance was $2,840,257 vs plan",r52-0002235,completed,2026-05-31T15:12:29Z,25200
jlopez@crestviewinsurance.com,Journal Entry Reviewer,Explain the headcount variance vs plan,ERROR: upstream request timed out,r52-0002236,completed,2026-05-31T19:13:26Z,1300
kmiller@crestviewinsurance.com,Budget vs Actual,Check covenant compliance for the revolver,Traceback (most recent call last): KeyError 'entity',r52-0002237,completed,2026-06-01T12:22:28Z,1700
jjohnson@crestviewinsurance.com,Flux Commentary,Reconcile AP aging over 90 days for EU-06,"Accounting Mar variance was $397,121 vs plan",r52-0002238,completed,2026-06-01T13:21:18Z,53700
mjones@crestviewinsurance.com,Revenue Recognizer,Check covenant compliance for the revolver,"Treasury May variance was $4,525,107 vs plan",r52-0002239,completed,2026-06-01T16:14:23Z,70400
jjohnson@crestviewinsurance.com,Variance Explainer,Forecast Jun operating cash flow,Traceback (most recent call last): KeyError 'entity',r52-0002240,error,2026-06-01T11:55:13Z,7500
jjohnson@crestviewinsurance.com,Cash Forecaster,Which cost centers are over budget YTD?,"Treasury Jan variance was $3,475,171 vs plan",r52-0002241,completed,2026-06-01T12:54:41Z,42000
mjones@crestviewinsurance.com,Budget vs Actual,Forecast May operating cash flow,"FP&A May variance was $3,075,739 vs plan",r52-0002242,completed,2026-06-01T09:18:29Z,56500
jjohnson@crestviewinsurance.com,Revenue Recognizer,Explain the headcount variance vs plan,"Ops May variance was $2,580,641 vs plan",r52-0002243,completed,2026-06-01T19:28:17Z,4600
mjones@crestviewinsurance.com,AP Aging Analyst,Forecast Jun operating cash flow,"Accounting Jun variance was $302,945 vs plan",r52-0002244,completed,2026-06-01T13:26:42Z,20900
mjones@crestviewinsurance.com,Revenue Recognizer,Why did FP&A spend exceed budget in Jan?,"FP&A Jan variance was $1,813,517 vs plan",r52-0002245,completed,2026-06-01T15:18:49Z,43100
jjohnson@crestviewinsurance.com,Cash Forecaster,Why did FP&A spend exceed budget in May?,"FP&A May variance was $1,923,322 vs plan",r52-0002246,completed,2026-06-01T12:26:38Z,49000
jjohnson@crestviewinsurance.com,Vendor Spend Analyzer,Check covenant compliance for the revolver,"Ops May variance was $3,094,501 vs plan",r52-0002247,completed,2026-06-01T17:57:50Z,74800
mjones@crestviewinsurance.com,Revenue Recognizer,Reconcile AP aging over 90 days for US-09,"Treasury Jun variance was $942,437 vs plan",r52-0002248,completed,2026-06-01T12:06:55Z,39100
jjohnson@crestviewinsurance.com,Headcount Planner,Draft flux commentary for the Apr close,"Treasury Apr variance was $3,662,502 vs plan",r52-0002249,completed,2026-06-01T17:24:34Z,6500
kmiller@crestviewinsurance.com,Board Deck Builder,Build the board deck cash slide for Mar,"Ops Mar variance was $3,370,811 vs plan",r52-0002250,completed,2026-06-01T16:10:00Z,64100
yrobinson@crestviewinsurance.com,Board Deck Builder,What drove the change in gross margin this quarter?,"Ops Apr variance was $4,052,875 vs plan",r52-0002251,completed,2026-06-01T18:00:03Z,23000
mjones@crestviewinsurance.com,Headcount Planner,Draft flux commentary for the Apr close,"Accounting Apr variance was $3,904,682 vs plan",r52-0002252,completed,2026-06-01T12:46:34Z,53800
mtaylor@crestviewinsurance.com,Covenant Checker,Why did Ops spend exceed budget in May?,"Ops May variance was $69,960 vs plan",r52-0002253,completed,2026-06-01T11:00:36Z,7900
mjones@crestviewinsurance.com,Close Checklist Bot,Draft flux commentary for the Feb close,error: connection reset by peer,r52-0002254,error,2026-06-01T15:57:37Z,7900
jjohnson@crestviewinsurance.com,Budget vs Actual,Why did Accounting spend exceed budget in May?,"Accounting May variance was $1,772,678 vs plan",r52-0002255,completed,2026-06-01T11:29:58Z,25400
yrobinson@crestviewinsurance.com,Covenant Checker,Draft flux commentary for the Apr close,"FP&A Apr variance was $1,857,442 vs plan",r52-0002256,completed,2026-06-01T13:42:56Z,69400
jkim@crestviewinsurance.com,Vendor Spend Analyzer,Why did Accounting spend exceed budget in Feb?,"Accounting Feb variance was $860,758 vs plan",r52-0002257,completed,2026-06-01T15:08:59Z,6600
kmiller@crestviewinsurance.com,Revenue Recognizer,Reconcile AP aging over 90 days for EU-09,"FP&A Mar variance was $640,890 vs plan",r52-0002258,completed,2026-06-01T19:56:18Z,15800
mjones@crestviewinsurance.com,Headcount Planner,What drove the change in gross margin this quarter?,"Accounting May variance was $1,144,932 vs plan",r52-0002259,completed,2026-06-01T09:28:34Z,26000
kmiller@crestviewinsurance.com,Budget vs Actual,Reconcile AP aging over 90 days for MX-03,"Accounting May variance was $1,136,442 vs plan",r52-0002260,completed,2026-06-01T15:20:57Z,67900
mjones@crestviewinsurance.com,Flux Commentary,Check covenant compliance for the revolver,"Ops Feb variance was $2,244,323 vs plan",r52-0002261,completed,2026-06-01T13:32:08Z,6700
sgonzalez@crestviewinsurance.com,Flux Commentary,Draft flux commentary for the Jun close,"Accounting Jun variance was $246,610 vs plan",r52-0002262,completed,2026-06-01T14:38:59Z,38900
mjones@crestviewinsurance.com,Journal Entry Reviewer,Why did Ops spend exceed budget in Jun?,"Ops Jun variance was $2,099,568 vs plan",r52-0002263,completed,2026-06-01T13:08:47Z,16400
yrobinson@crestviewinsurance.com,Revenue Recognizer,Which cost centers are over budget YTD?,"Accounting Mar variance was $4,339,491 vs plan",r52-0002264,completed,2026-06-01T13:02:04Z,26600
yrobinson@crestviewinsurance.com,Headcount Planner,Forecast Mar operating cash flow,"Treasury Mar variance was $3,214,573 vs plan",r52-0002265,completed,2026-06-01T14:41:26Z,3400
kmiller@crestviewinsurance.com,Flux Commentary,Summarize the Jan variance for entity US-02,"Treasury Jan variance was $4,424,656 vs plan",r52-0002266,completed,2026-06-01T15:24:13Z,56200
mjones@crestviewinsurance.com,Variance Explainer,Explain the headcount variance vs plan,"Ops Jun variance was $2,102,530 vs plan",r52-0002267,completed,2026-06-01T12:44:36Z,26300
jjohnson@crestviewinsurance.com,Vendor Spend Analyzer,Why did Accounting spend exceed budget in Jan?,"Accounting Jan variance was $4,256,467 vs plan",r52-0002268,completed,2026-06-01T11:20:19Z,29000
jjohnson@crestviewinsurance.com,Flux Commentary,Which cost centers are over budget YTD?,"Ops Feb variance was $748,775 vs plan",r52-0002269,completed,2026-06-01T13:29:32Z,51800
mjones@crestviewinsurance.com,Board Deck Builder,What drove the change in gross margin this quarter?,"FP&A Jan variance was $667,703 vs plan",r52-0002270,completed,2026-06-01T15:18:49Z,29100
jjohnson@crestviewinsurance.com,Variance Explainer,Reconcile AP aging over 90 days for MX-02,"FP&A Feb variance was $2,071,034 vs plan",r52-0002271,completed,2026-06-01T13:15:14Z,51400
mjones@crestviewinsurance.com,Vendor Spend Analyzer,Which cost centers are over budget YTD?,"Treasury Jun variance was $2,430,204 vs plan",r52-0002272,completed,2026-06-01T09:09:37Z,23200
jjohnson@crestviewinsurance.com,Vendor Spend Analyzer,Why did Accounting spend exceed budget in Jan?,"Accounting Jan variance was $1,289,428 vs plan",r52-0002273,completed,2026-06-02T09:31:06Z,39200
yrobinson@crestviewinsurance.com,Headcount Planner,Reconcile AP aging over 90 days for MX-09,"Accounting Jan variance was $3,238,020 vs plan",r52-0002274,completed,2026-06-02T11:27:43Z,16600
sgonzalez@crestviewinsurance.com,Revenue Recognizer,Draft flux commentary for the Feb close,"Ops Feb variance was $4,399,120 vs plan",r52-0002275,completed,2026-06-02T12:16:00Z,41000
drodriguez@crestviewinsurance.com,Journal Entry Reviewer,Reconcile AP aging over 90 days for CA-08,"FP&A May variance was $1,102,618 vs plan",r52-0002276,completed,2026-06-02T11:08:00Z,44800
yrobinson@crestviewinsurance.com,Close Checklist Bot,Build the board deck cash slide for Feb,"FP&A Feb variance was $3,182,276 vs plan",r52-0002277,completed,2026-06-02T15:44:07Z,70100
ksanchez@crestviewinsurance.com,Budget vs Actual,Why did Accounting spend exceed budget in Apr?,"Accounting Apr variance was $892,215 vs plan",r52-0002278,completed,2026-06-02T11:37:19Z,64000
jjohnson@crestviewinsurance.com,Revenue Recognizer,Check covenant compliance for the revolver,"FP&A Mar variance was $655,280 vs plan",r52-0002279,completed,2026-06-02T10:43:26Z,12000
yrobinson@crestviewinsurance.com,Covenant Checker,Summarize the May variance for entity MX-06,"FP&A May variance was $4,309,876 vs plan",r52-0002280,completed,2026-06-02T13:16:27Z,45400
snguyen@crestviewinsurance.com,Journal Entry Reviewer,Forecast Apr operating cash flow,"Ops Apr variance was $671,134 vs plan",r52-0002281,completed,2026-06-02T15:58:44Z,12300
kmiller@crestviewinsurance.com,Variance Explainer,Forecast Feb operating cash flow,"Ops Feb variance was $1,309,085 vs plan",r52-0002282,completed,2026-06-02T15:12:03Z,33400
djohnson@crestviewinsurance.com,Journal Entry Reviewer,Explain the headcount variance vs plan,"FP&A Mar variance was $4,766,375 vs plan",r52-0002283,completed,2026-06-02T21:14:23Z,41600
jjohnson@crestviewinsurance.com,Variance Explainer,Check covenant compliance for the revolver,"Ops Feb variance was $4,758,934 vs plan",r52-0002284,completed,2026-06-02T14:43:20Z,18900
jjohnson@crestviewinsurance.com,Headcount Planner,What drove the change in gross margin this quarter?,"Accounting Mar variance was $2,056,274 vs plan",r52-0002285,completed,2026-06-02T11:15:57Z,30300
kmiller@crestviewinsurance.com,Revenue Recognizer,What drove the change in gross margin this quarter?,error code 502 from model gateway,r52-0002286,error,2026-06-02T13:31:45Z,3500
kperez@crestviewinsurance.com,Journal Entry Reviewer,Check covenant compliance for the revolver,"Accounting Jun variance was $2,633,082 vs plan",r52-0002287,completed,2026-06-02T13:03:21Z,19300
dperez@crestviewinsurance.com,Vendor Spend Analyzer,Draft flux commentary for the Jun close,"Accounting Jun variance was $1,709,905 vs plan",r52-0002288,completed,2026-06-02T11:30:19Z,53900
mjones@crestviewinsurance.com,Covenant Checker,Explain the headcount variance vs plan,"Treasury Jun variance was $3,902,783 vs plan",r52-0002289,completed,2026-06-02T08:48:53Z,55300
swilson@crestviewinsurance.com,Budget vs Actual,Summarize the Jan variance for entity MX-04,"FP&A Jan variance was $2,797,724 vs plan",r52-0002290,completed,2026-06-02T11:33:24Z,41500
mjones@crestviewinsurance.com,Journal Entry Reviewer,Check covenant compliance for the revolver,"Accounting Apr variance was $913,404 vs plan",r52-0002291,completed,2026-06-02T17:27:58Z,70200
jnguyen@crestviewinsurance.com,Variance Explainer,Build the board deck cash slide for May,"FP&A May variance was $3,338,524 vs plan",r52-0002292,completed,2026-06-02T11:42:58Z,31400
djohnson@crestviewinsurance.com,Close Checklist Bot,Forecast Feb operating cash flow,error code 502 from model gateway,r52-0002293,completed,2026-06-02T13:42:34Z,1400
dhaddad@crestviewinsurance.com,Headcount Planner,What drove the change in gross margin this quarter?,"Accounting Jun variance was $2,662,169 vs plan",r52-0002294,completed,2026-06-02T08:14:53Z,44900
jwilliams@crestviewinsurance.com,Board Deck Builder,Which cost centers are over budget YTD?,"Accounting May variance was $4,516,271 vs plan",r52-0002295,completed,2026-06-02T13:13:35Z,48400
mjones@crestviewinsurance.com,Vendor Spend Analyzer,Check covenant compliance for the revolver,"Accounting Jan variance was $1,043,389 vs plan",r52-0002296,completed,2026-06-02T11:35:20Z,40000
mjones@crestviewinsurance.com,Revenue Recognizer,Check covenant compliance for the revolver,"Ops Jun variance was $4,276,734 vs plan",r52-0002297,completed,2026-06-03T13:10:02Z,35100
jjohnson@crestviewinsurance.com,Close Checklist Bot,Check covenant compliance for the revolver,"FP&A Mar variance was $3,751,099 vs plan",r52-0002298,completed,2026-06-03T11:13:10Z,40800
mjones@crestviewinsurance.com,Budget vs Actual,Explain the headcount variance vs plan,"Ops Mar variance was $639,997 vs plan",r52-0002299,completed,2026-06-03T11:24:01Z,27900
dperez@crestviewinsurance.com,AP Aging Analyst,Summarize the Apr variance for entity CA-02,"Ops Apr variance was $859,979 vs plan",r52-0002300,completed,2026-06-03T11:05:26Z,11400
yrobinson@crestviewinsurance.com,Vendor Spend Analyzer,Reconcile AP aging over 90 days for CA-01,"FP&A Jun variance was $4,430,663 vs plan",r52-0002301,completed,2026-06-03T13:44:37Z,40300
jjohnson@crestviewinsurance.com,Journal Entry Reviewer,Forecast May operating cash flow,"Treasury May variance was $3,164,556 vs plan",r52-0002302,completed,2026-06-03T09:27:18Z,3900
jjohnson@crestviewinsurance.com,Close Checklist Bot,Draft flux commentary for the Mar close,"Treasury Mar variance was $1,669,201 vs plan",r52-0002303,completed,2026-06-03T16:00:49Z,15800
mjones@crestviewinsurance.com,Close Checklist Bot,Explain the headcount variance vs plan,"FP&A Jun variance was $2,431,549 vs plan",r52-0002304,completed,2026-06-03T14:14:38Z,60600
mjones@crestviewinsurance.com,Close Checklist Bot,Draft flux commentary for the May close,"Ops May variance was $1,746,514 vs plan",r52-0002305,completed,2026-06-03T09:23:07Z,36700
mjones@crestviewinsurance.com,Headcount Planner,Explain the headcount variance vs plan,"FP&A Jun variance was $1,863,357 vs plan",r52-0002306,completed,2026-06-03T16:26:12Z,49700
mjones@crestviewinsurance.com,Headcount Planner,What drove the change in gross margin this quarter?,"Ops Feb variance was $1,981,490 vs plan",r52-0002307,completed,2026-06-03T09:55:10Z,18800
jjohnson@crestviewinsurance.com,Variance Explainer,Why did Ops spend exceed budget in Apr?,"Ops Apr variance was $2,787,161 vs plan",r52-0002308,completed,2026-06-03T13:55:58Z,40800
fjackson@crestviewinsurance.com,Close Checklist Bot,Forecast Jun operating cash flow,"FP&A Jun variance was $2,041,886 vs plan",r52-0002309,completed,2026-06-03T11:15:21Z,58800
ksanchez@crestviewinsurance.com,Journal Entry Reviewer,Check covenant compliance for the revolver,"Treasury Apr variance was $4,620,876 vs plan",r52-0002310,completed,2026-06-03T07:12:56Z,30700
jnguyen@crestviewinsurance.com,Board Deck Builder,Forecast Feb operating cash flow,ERROR: upstream request timed out,r52-0002311,completed,2026-06-03T11:15:56Z,400
dperez@crestviewinsurance.com,Cash Forecaster,Which cost centers are over budget YTD?,"FP&A Mar variance was $2,159,000 vs plan",r52-0002312,completed,2026-06-03T14:02:52Z,15600
mjones@crestviewinsurance.com,Journal Entry Reviewer,Draft flux commentary for the Mar close,"Accounting Mar variance was $4,450,389 vs plan",r52-0002313,completed,2026-06-03T13:10:25Z,33400
yrobinson@crestviewinsurance.com,Close Checklist Bot,Why did FP&A spend exceed budget in May?,"FP&A May variance was $745,214 vs plan",r52-0002314,completed,2026-06-03T11:16:44Z,13000
ksanchez@crestviewinsurance.com,Cash Forecaster,Reconcile AP aging over 90 days for MX-07,"Ops Mar variance was $3,708,006 vs plan",r52-0002315,completed,2026-06-03T10:05:50Z,61000
mjones@crestviewinsurance.com,Board Deck Builder,Build the board deck cash slide for Feb,"Ops Feb variance was $2,473,766 vs plan",r52-0002316,completed,2026-06-03T15:08:29Z,73200
jjohnson@crestviewinsurance.com,Journal Entry Reviewer,Why did Ops spend exceed budget in Jun?,"Ops Jun variance was $681,834 vs plan",r52-0002317,completed,2026-06-03T15:46:42Z,61100
lwilson@crestviewinsurance.com,Covenant Checker,Forecast Jan operating cash flow,"Ops Jan variance was $3,144,689 vs plan",r52-0002318,completed,2026-06-03T18:47:48Z,69100
yrobinson@crestviewinsurance.com,Covenant Checker,Why did FP&A spend exceed budget in Jun?,"FP&A Jun variance was $2,717,555 vs plan",r52-0002319,completed,2026-06-03T14:39:23Z,54600
jlopez@crestviewinsurance.com,Budget vs Actual,Forecast Mar operating cash flow,"Treasury Mar variance was $4,095,044 vs plan",r52-0002320,completed,2026-06-03T11:46:18Z,54900
swilson@crestviewinsurance.com,Budget vs Actual,Why did Ops spend exceed budget in Jan?,"Ops Jan variance was $863,376 vs plan",r52-0002321,completed,2026-06-03T18:18:00Z,15300
yrobinson@crestviewinsurance.com,Variance Explainer,Draft flux commentary for the Apr close,"Treasury Apr variance was $2,929,948 vs plan",r52-0002322,completed,2026-06-03T14:26:54Z,30500
jkim@crestviewinsurance.com,Covenant Checker,Forecast Apr operating cash flow,"Accounting Apr variance was $3,085,611 vs plan",r52-0002323,completed,2026-06-03T14:32:49Z,21800
mjones@crestviewinsurance.com,AP Aging Analyst,Why did Ops spend exceed budget in Apr?,"Ops Apr variance was $3,718,732 vs plan",r52-0002324,completed,2026-06-04T15:19:30Z,56700
mjones@crestviewinsurance.com,Variance Explainer,Build the board deck cash slide for Mar,"FP&A Mar variance was $120,899 vs plan",r52-0002325,completed,2026-06-04T14:23:11Z,23900
mjones@crestviewinsurance.com,Board Deck Builder,Reconcile AP aging over 90 days for MX-05,"Treasury Apr variance was $396,619 vs plan",r52-0002326,completed,2026-06-04T08:36:47Z,35800
mjones@crestviewinsurance.com,Revenue Recognizer,What drove the change in gross margin this quarter?,"Treasury Apr variance was $3,850,122 vs plan",r52-0002327,completed,2026-06-04T06:30:28Z,40000
yrobinson@crestviewinsurance.com,Vendor Spend Analyzer,Forecast Jun operating cash flow,"FP&A Jun variance was $1,157,894 vs plan",r52-0002328,completed,2026-06-04T14:23:29Z,66000
mjones@crestviewinsurance.com,Revenue Recognizer,What drove the change in gross margin this quarter?,"Accounting Jun variance was $1,720,184 vs plan",r52-0002329,completed,2026-06-04T14:48:51Z,37400
rmartinez@crestviewinsurance.com,Vendor Spend Analyzer,Build the board deck cash slide for Jan,error code 502 from model gateway,r52-0002330,error,2026-06-04T08:57:48Z,5400
yrobinson@crestviewinsurance.com,Board Deck Builder,Why did Treasury spend exceed budget in Jun?,"Treasury Jun variance was $902,935 vs plan",r52-0002331,completed,2026-06-04T09:14:06Z,14000
bmiller@crestviewinsurance.com,Flux Commentary,Summarize the May variance for entity CA-01,"Accounting May variance was $1,239,095 vs plan",r52-0002332,completed,2026-06-04T14:29:09Z,37700
yrobinson@crestviewinsurance.com,Variance Explainer,What drove the change in gross margin this quarter?,"Accounting May variance was $415,448 vs plan",r52-0002333,completed,2026-06-04T15:13:04Z,74600
jjohnson@crestviewinsurance.com,Board Deck Builder,Build the board deck cash slide for Mar,"Treasury Mar variance was $2,016,223 vs plan",r52-0002334,completed,2026-06-04T14:25:00Z,12700
kmiller@crestviewinsurance.com,Revenue Recognizer,What drove the change in gross margin this quarter?,"FP&A Apr variance was $65,125 vs plan",r52-0002335,completed,2026-06-04T10:02:33Z,29600
yrobinson@crestviewinsurance.com,Covenant Checker,Explain the headcount variance vs plan,error code 502 from model gateway,r52-0002336,error,2026-06-04T10:08:25Z,3700
kmiller@crestviewinsurance.com,Flux Commentary,Which cost centers are over budget YTD?,"Accounting Jun variance was $1,869,305 vs plan",r52-0002337,completed,2026-06-04T11:29:23Z,46200
jjohnson@crestviewinsurance.com,Vendor Spend Analyzer,Summarize the Jan variance for entity EU-03,"Ops Jan variance was $2,840,533 vs plan",r52-0002338,completed,2026-06-04T13:02:28Z,62000
mjones@crestviewinsurance.com,Vendor Spend Analyzer,Summarize the Feb variance for entity CA-08,"Accounting Feb variance was $1,753,353 vs plan",r52-0002339,completed,2026-06-04T14:06:51Z,68400
lwilson@crestviewinsurance.com,Variance Explainer,Forecast Mar operating cash flow,"Ops Mar variance was $4,645,437 vs plan",r52-0002340,completed,2026-06-04T11:29:26Z,57900
jkim@crestviewinsurance.com,Cash Forecaster,Reconcile AP aging over 90 days for CA-08,"Treasury Jan variance was $3,195,023 vs plan",r52-0002341,completed,2026-06-04T11:59:17Z,25700
jjohnson@crestviewinsurance.com,Revenue Recognizer,Build the board deck cash slide for Feb,"Ops Feb variance was $387,291 vs plan",r52-0002342,completed,2026-06-04T12:37:34Z,36300
swilson@crestviewinsurance.com,Vendor Spend Analyzer,Build the board deck cash slide for Mar,"Treasury Mar variance was $4,346,290 vs plan",r52-0002343,completed,2026-06-04T08:37:47Z,21500
dhaddad@crestviewinsurance.com,AP Aging Analyst,Summarize the Mar variance for entity CA-01,error code 502 from model gateway,r52-0002344,error,2026-06-04T14:28:37Z,6200
mjones@crestviewinsurance.com,Close Checklist Bot,What drove the change in gross margin this quarter?,"Accounting Apr variance was $2,867,570 vs plan",r52-0002345,completed,2026-06-04T14:09:21Z,55800
mjones@crestviewinsurance.com,Budget vs Actual,What drove the change in gross margin this quarter?,"Ops Jan variance was $31,017 vs plan",r52-0002346,completed,2026-06-04T10:26:30Z,8300
mjones@crestviewinsurance.com,Board Deck Builder,Reconcile AP aging over 90 days for MX-03,"FP&A Jan variance was $1,132,330 vs plan",r52-0002347,completed,2026-06-04T12:09:50Z,17600
kmiller@crestviewinsurance.com,Variance Explainer,Reconcile AP aging over 90 days for MX-04,"Ops Feb variance was $2,223,581 vs plan",r52-0002348,completed,2026-06-05T18:29:32Z,4500
jjohnson@crestviewinsurance.com,Variance Explainer,Build the board deck cash slide for Jun,"FP&A Jun variance was $3,203,199 vs plan",r52-0002349,completed,2026-06-05T13:37:18Z,15000
mjones@crestviewinsurance.com,Flux Commentary,What drove the change in gross margin this quarter?,"Accounting May variance was $84,579 vs plan",r52-0002350,completed,2026-06-05T11:14:52Z,26100
kmiller@crestviewinsurance.com,Flux Commentary,Forecast May operating cash flow,"FP&A May variance was $60,768 vs plan",r52-0002351,completed,2026-06-05T12:54:55Z,53000
mjones@crestviewinsurance.com,Journal Entry Reviewer,Draft flux commentary for the Jun close,"Treasury Jun variance was $3,996,002 vs plan",r52-0002352,completed,2026-06-05T18:55:01Z,32400
dperez@crestviewinsurance.com,Cash Forecaster,Explain the headcount variance vs plan,"Treasury Mar variance was $1,200,041 vs plan",r52-0002353,completed,2026-06-05T17:02:32Z,13300
mjones@crestviewinsurance.com,Board Deck Builder,What drove the change in gross margin this quarter?,"Accounting Apr variance was $2,086,774 vs plan",r52-0002354,completed,2026-06-05T16:01:29Z,35300
mjones@crestviewinsurance.com,Vendor Spend Analyzer,What drove the change in gross margin this quarter?,"FP&A Jan variance was $4,707,051 vs plan",r52-0002355,completed,2026-06-05T13:06:36Z,18900
yrobinson@crestviewinsurance.com,Budget vs Actual,What drove the change in gross margin this quarter?,"Accounting Jun variance was $3,364,568 vs plan",r52-0002356,completed,2026-06-05T13:35:40Z,54600
jjohnson@crestviewinsurance.com,Cash Forecaster,Forecast Feb operating cash flow,"Accounting Feb variance was $3,966,078 vs plan",r52-0002357,completed,2026-06-05T18:33:40Z,54400
yrobinson@crestviewinsurance.com,Flux Commentary,Check covenant compliance for the revolver,"Accounting Apr variance was $1,882,658 vs plan",r52-0002358,completed,2026-06-05T15:12:42Z,47700
jjohnson@crestviewinsurance.com,Journal Entry Reviewer,Forecast Jun operating cash flow,"Treasury Jun variance was $543,489 vs plan",r52-0002359,completed,2026-06-05T11:49:23Z,60600
jnguyen@crestviewinsurance.com,Close Checklist Bot,Explain the headcount variance vs plan,"Ops May variance was $3,366,315 vs plan",r52-0002360,completed,2026-06-05T13:41:38Z,9900
jjohnson@crestviewinsurance.com,AP Aging Analyst,What drove the change in gross margin this quarter?,"Accounting Jun variance was $4,789,713 vs plan",r52-0002361,completed,2026-06-05T15:08:09Z,40500
mjones@crestviewinsurance.com,Variance Explainer,Forecast Jan operating cash flow,"FP&A Jan variance was $3,209,124 vs plan",r52-0002362,completed,2026-06-05T14:39:21Z,7500
jjohnson@crestviewinsurance.com,Flux Commentary,Forecast Feb operating cash flow,"Accounting Feb variance was $118,925 vs plan",r52-0002363,completed,2026-06-05T12:06:41Z,51900
jjohnson@crestviewinsurance.com,Close Checklist Bot,Summarize the May variance for entity CA-07,"FP&A May variance was $1,624,960 vs plan",r52-0002364,completed,2026-06-05T10:22:45Z,10100
yrobinson@crestviewinsurance.com,Close Checklist Bot,Which cost centers are over budget YTD?,error code 502 from model gateway,r52-0002365,completed,2026-06-05T13:02:03Z,700
kmiller@crestviewinsurance.com,Budget vs Actual,Which cost centers are over budget YTD?,Traceback (most recent call last): KeyError 'entity',r52-0002366,error,2026-06-05T14:03:37Z,7100
kmiller@crestviewinsurance.com,Covenant Checker,Which cost centers are over budget YTD?,"Treasury Apr variance was $2,321,945 vs plan",r52-0002367,completed,2026-06-06T10:01:52Z,21000
jjohnson@crestviewinsurance.com,Revenue Recognizer,Build the board deck cash slide for Feb,"FP&A Feb variance was $3,735,383 vs plan",r52-0002368,completed,2026-06-06T12:35:10Z,10400
jjohnson@crestviewinsurance.com,Cash Forecaster,What drove the change in gross margin this quarter?,"Accounting Apr variance was $4,070,176 vs plan",r52-0002369,completed,2026-06-06T10:11:22Z,36900
jkim@crestviewinsurance.com,Board Deck Builder,What drove the change in gross margin this quarter?,"Accounting Jan variance was $2,369,888 vs plan",r52-0002370,completed,2026-06-06T17:47:50Z,4500
yrobinson@crestviewinsurance.com,Variance Explainer,Explain the headcount variance vs plan,"Treasury Apr variance was $172,506 vs plan",r52-0002371,completed,2026-06-06T12:31:51Z,51300
mjones@crestviewinsurance.com,Revenue Recognizer,Which cost centers are over budget YTD?,"Ops Feb variance was $966,278 vs plan",r52-0002372,completed,2026-06-06T12:34:19Z,47700
kmiller@crestviewinsurance.com,Headcount Planner,Forecast Feb operating cash flow,"Treasury Feb variance was $3,288,770 vs plan",r52-0002373,completed,2026-06-06T09:21:48Z,42800
jjohnson@crestviewinsurance.com,Covenant Checker,Build the board deck cash slide for Apr,"Ops Apr variance was $2,519,580 vs plan",r52-0002374,completed,2026-06-06T10:17:19Z,38800
kmiller@crestviewinsurance.com,Cash Forecaster,Why did Ops spend exceed budget in Feb?,"Ops Feb variance was $4,498,791 vs plan",r52-0002375,completed,2026-06-06T14:09:56Z,59400
mjones@crestviewinsurance.com,Close Checklist Bot,Check covenant compliance for the revolver,"Treasury Apr variance was $1,985,073 vs plan",r52-0002376,completed,2026-06-06T11:01:26Z,39000
drodriguez@crestviewinsurance.com,Revenue Recognizer,What drove the change in gross margin this quarter?,"Accounting May variance was $3,151,139 vs plan",r52-0002377,completed,2026-06-07T15:51:19Z,69400
jjohnson@crestviewinsurance.com,Board Deck Builder,Build the board deck cash slide for May,"Accounting May variance was $2,436,848 vs plan",r52-0002378,completed,2026-06-07T13:27:32Z,41500
jjohnson@crestviewinsurance.com,Board Deck Builder,Draft flux commentary for the May close,"Accounting May variance was $4,467,997 vs plan",r52-0002379,completed,2026-06-07T12:10:48Z,42900
jjohnson@crestviewinsurance.com,Headcount Planner,Draft flux commentary for the Apr close,"Treasury Apr variance was $960,897 vs plan",r52-0002380,completed,2026-06-07T13:14:59Z,11200
jjohnson@crestviewinsurance.com,Variance Explainer,Draft flux commentary for the Apr close,Traceback (most recent call last): KeyError 'entity',r52-0002381,error,2026-06-07T14:29:50Z,1200
fjackson@crestviewinsurance.com,Revenue Recognizer,Check covenant compliance for the revolver,"Treasury Mar variance was $111,388 vs plan",r52-0002382,completed,2026-06-07T12:34:44Z,33300
jjohnson@crestviewinsurance.com,Revenue Recognizer,Why did Treasury spend exceed budget in May?,"Treasury May variance was $3,158,697 vs plan",r52-0002383,completed,2026-06-07T14:34:20Z,37800
jrobinson@crestviewinsurance.com,Headcount Planner,Reconcile AP aging over 90 days for US-07,"Accounting Feb variance was $366,153 vs plan",r52-0002384,completed,2026-06-07T14:15:25Z,10100
mjones@crestviewinsurance.com,AP Aging Analyst,Summarize the Apr variance for entity MX-02,"FP&A Apr variance was $501,092 vs plan",r52-0002385,completed,2026-06-07T12:25:25Z,73500
jjohnson@crestviewinsurance.com,Board Deck Builder,Which cost centers are over budget YTD?,"Accounting Jan variance was $1,978,429 vs plan",r52-0002386,completed,2026-06-07T12:39:29Z,72700
mjones@crestviewinsurance.com,Headcount Planner,Why did FP&A spend exceed budget in Jan?,"FP&A Jan variance was $3,849,161 vs plan",r52-0002387,completed,2026-06-07T12:49:35Z,38100
yrobinson@crestviewinsurance.com,Budget vs Actual,Forecast Jan operating cash flow,"Accounting Jan variance was $4,260,544 vs plan",r52-0002388,completed,2026-06-07T12:53:20Z,55300
fjackson@crestviewinsurance.com,Variance Explainer,Check covenant compliance for the revolver,"Accounting Jun variance was $1,183,090 vs plan",r52-0002389,completed,2026-06-08T06:17:22Z,36300
mjones@crestviewinsurance.com,Vendor Spend Analyzer,Why did FP&A spend exceed budget in Feb?,Traceback (most recent call last): KeyError 'entity',r52-0002390,error,2026-06-08T14:37:59Z,3800
kmiller@crestviewinsurance.com,Cash Forecaster,Forecast Feb operating cash flow,"Accounting Feb variance was $1,144,364 vs plan",r52-0002391,completed,2026-06-08T12:52:36Z,40000
mjones@crestviewinsurance.com,Variance Explainer,Summarize the Apr variance for entity CA-01,"FP&A Apr variance was $3,732,598 vs plan",r52-0002392,completed,2026-06-08T10:47:59Z,29100
jpatel@crestviewinsurance.com,AP Aging Analyst,Forecast Mar operating cash flow,"Ops Mar variance was $2,116,140 vs plan",r52-0002393,completed,2026-06-08T10:02:23Z,26600
yrobinson@crestviewinsurance.com,Variance Explainer,Why did Accounting spend exceed budget in Apr?,"Accounting Apr variance was $90,176 vs plan",r52-0002394,completed,2026-06-08T22:03:06Z,39900
jpatel@crestviewinsurance.com,Cash Forecaster,Summarize the May variance for entity MX-08,"Accounting May variance was $2,302,018 vs plan",r52-0002395,completed,2026-06-08T18:27:40Z,52700
mjones@crestviewinsurance.com,Flux Commentary,Why did Accounting spend exceed budget in Apr?,"Accounting Apr variance was $3,273,824 vs plan",r52-0002396,completed,2026-06-08T11:12:54Z,59100
dperez@crestviewinsurance.com,Revenue Recognizer,Draft flux commentary for the May close,"Accounting May variance was $3,670,760 vs plan",r52-0002397,completed,2026-06-08T10:24:59Z,16800
mjones@crestviewinsurance.com,Revenue Recognizer,Which cost centers are over budget YTD?,"Treasury May variance was $2,176,165 vs plan",r52-0002398,completed,2026-06-08T17:15:39Z,40700
mjones@crestviewinsurance.com,Variance Explainer,Explain the headcount variance vs plan,"Accounting Mar variance was $2,930,394 vs plan",r52-0002399,completed,2026-06-08T13:53:48Z,43800
jjohnson@crestviewinsurance.com,Close Checklist Bot,Draft flux commentary for the Apr close,"FP&A Apr variance was $775,933 vs plan",r52-0002400,completed,2026-06-08T20:34:06Z,43700
kmiller@crestviewinsurance.com,Headcount Planner,Draft flux commentary for the Mar close,"Accounting Mar variance was $4,723,404 vs plan",r52-0002401,completed,2026-06-08T17:36:37Z,56800
jjohnson@crestviewinsurance.com,Headcount Planner,Which cost centers are over budget YTD?,"FP&A Mar variance was $4,071,055 vs plan",r52-0002402,completed,2026-06-08T18:37:54Z,35300
yrobinson@crestviewinsurance.com,Flux Commentary,What drove the change in gross margin this quarter?,error: connection reset by peer,r52-0002403,completed,2026-06-08T12:52:22Z,1600
kmiller@crestviewinsurance.com,Journal Entry Reviewer,Build the board deck cash slide for Feb,"Treasury Feb variance was $1,643,938 vs plan",r52-0002404,completed,2026-06-08T10:19:36Z,16000
fjackson@crestviewinsurance.com,Vendor Spend Analyzer,Summarize the Jan variance for entity CA-01,error: connection reset by peer,r52-0002405,completed,2026-06-08T13:01:30Z,700
dhaddad@crestviewinsurance.com,AP Aging Analyst,Which cost centers are over budget YTD?,"FP&A Feb variance was $3,661,369 vs plan",r52-0002406,completed,2026-06-08T09:00:04Z,37400
jjohnson@crestviewinsurance.com,Budget vs Actual,Why did Ops spend exceed budget in Apr?,"Ops Apr variance was $1,242,744 vs plan",r52-0002407,completed,2026-06-08T09:30:36Z,71900
jjohnson@crestviewinsurance.com,AP Aging Analyst,Which cost centers are over budget YTD?,"Accounting Feb variance was $4,088,512 vs plan",r52-0002408,completed,2026-06-08T06:21:25Z,14100
mjones@crestviewinsurance.com,Cash Forecaster,Reconcile AP aging over 90 days for US-09,"Treasury Feb variance was $692,760 vs plan",r52-0002409,completed,2026-06-08T15:47:06Z,41500
mjones@crestviewinsurance.com,Covenant Checker,Draft flux commentary for the Jun close,"Accounting Jun variance was $1,802,715 vs plan",r52-0002410,completed,2026-06-08T18:28:24Z,51200
mjones@crestviewinsurance.com,Revenue Recognizer,Why did Accounting spend exceed budget in Jun?,"Accounting Jun variance was $1,374,808 vs plan",r52-0002411,completed,2026-06-08T13:12:56Z,58200
mjones@crestviewinsurance.com,Cash Forecaster,Build the board deck cash slide for May,error: connection reset by peer,r52-0002412,completed,2026-06-09T12:21:35Z,600
swilson@crestviewinsurance.com,Close Checklist Bot,Why did FP&A spend exceed budget in Mar?,"FP&A Mar variance was $3,800,604 vs plan",r52-0002413,completed,2026-06-09T16:37:56Z,30700
jjohnson@crestviewinsurance.com,Close Checklist Bot,What drove the change in gross margin this quarter?,"Treasury Mar variance was $2,761,321 vs plan",r52-0002414,completed,2026-06-09T13:57:21Z,22500
mjones@crestviewinsurance.com,Close Checklist Bot,Reconcile AP aging over 90 days for EU-05,"Ops Jan variance was $4,708,143 vs plan",r52-0002415,completed,2026-06-09T08:52:45Z,61600
jjohnson@crestviewinsurance.com,Budget vs Actual,Forecast Apr operating cash flow,"Ops Apr variance was $1,156,950 vs plan",r52-0002416,completed,2026-06-09T12:58:28Z,59800
jjohnson@crestviewinsurance.com,Vendor Spend Analyzer,Build the board deck cash slide for Apr,"Treasury Apr variance was $172,246 vs plan",r52-0002417,completed,2026-06-09T16:22:41Z,42300
drodriguez@crestviewinsurance.com,Flux Commentary,Why did Accounting spend exceed budget in Jan?,"Accounting Jan variance was $2,036,313 vs plan",r52-0002418,completed,2026-06-09T10:50:53Z,25300
mjones@crestviewinsurance.com,Covenant Checker,What drove the change in gross margin this quarter?,"Treasury Feb variance was $3,097,866 vs plan",r52-0002419,completed,2026-06-09T10:20:17Z,12800
mjones@crestviewinsurance.com,Cash Forecaster,Explain the headcount variance vs plan,"Treasury Feb variance was $860,181 vs plan",r52-0002420,completed,2026-06-09T19:23:10Z,51600
jjohnson@crestviewinsurance.com,Vendor Spend Analyzer,Summarize the May variance for entity EU-02,"Treasury May variance was $3,195,325 vs plan",r52-0002421,completed,2026-06-09T11:08:05Z,34800
ksanchez@crestviewinsurance.com,Vendor Spend Analyzer,Explain the headcount variance vs plan,"Ops Mar variance was $3,094,680 vs plan",r52-0002422,completed,2026-06-09T07:28:53Z,60300
dperez@crestviewinsurance.com,Journal Entry Reviewer,Reconcile AP aging over 90 days for EU-08,"FP&A May variance was $4,356,428 vs plan",r52-0002423,completed,2026-06-09T14:48:03Z,29200
dhaddad@crestviewinsurance.com,Revenue Recognizer,Reconcile AP aging over 90 days for US-02,"FP&A Jun variance was $11,076 vs plan",r52-0002424,completed,2026-06-09T15:56:27Z,35800
yrobinson@crestviewinsurance.com,AP Aging Analyst,Explain the headcount variance vs plan,error code 502 from model gateway,r52-0002425,error,2026-06-09T08:03:29Z,7900
jbrown@crestviewinsurance.com,AP Aging Analyst,What drove the change in gross margin this quarter?,"FP&A Jun variance was $2,353,602 vs plan",r52-0002426,completed,2026-06-09T14:25:21Z,22900
mjones@crestviewinsurance.com,Board Deck Builder,Explain the headcount variance vs plan,"Treasury Jun variance was $4,463,570 vs plan",r52-0002427,completed,2026-06-09T08:18:21Z,40300
yrobinson@crestviewinsurance.com,Close Checklist Bot,Reconcile AP aging over 90 days for EU-01,"FP&A May variance was $1,985,202 vs plan",r52-0002428,completed,2026-06-09T09:08:23Z,39000
fjackson@crestviewinsurance.com,Flux Commentary,Forecast Jun operating cash flow,"Treasury Jun variance was $4,577,322 vs plan",r52-0002429,completed,2026-06-09T13:13:44Z,32800
jjohnson@crestviewinsurance.com,Vendor Spend Analyzer,Which cost centers are over budget YTD?,"Treasury Feb variance was $998,600 vs plan",r52-0002430,completed,2026-06-09T14:06:20Z,10500
mjones@crestviewinsurance.com,Headcount Planner,Reconcile AP aging over 90 days for EU-05,Traceback (most recent call last): KeyError 'entity',r52-0002431,completed,2026-06-09T13:43:31Z,400
bmiller@crestviewinsurance.com,Vendor Spend Analyzer,What drove the change in gross margin this quarter?,"Accounting Feb variance was $3,015,046 vs plan",r52-0002432,completed,2026-06-09T15:16:24Z,44900
mwalker@crestviewinsurance.com,Budget vs Actual,Check covenant compliance for the revolver,"Ops Jan variance was $3,741,091 vs plan",r52-0002433,completed,2026-06-09T13:56:57Z,8500
jjohnson@crestviewinsurance.com,Board Deck Builder,Explain the headcount variance vs plan,"Treasury Apr variance was $4,335,047 vs plan",r52-0002434,completed,2026-06-09T07:14:07Z,52100
kmiller@crestviewinsurance.com,Revenue Recognizer,Summarize the May variance for entity CA-05,"Ops May variance was $2,755,684 vs plan",r52-0002435,completed,2026-06-09T14:29:16Z,37900
mtaylor@crestviewinsurance.com,Vendor Spend Analyzer,Explain the headcount variance vs plan,"Accounting Feb variance was $4,238,868 vs plan",r52-0002436,completed,2026-06-09T16:31:58Z,47800
snguyen@crestviewinsurance.com,Variance Explainer,Build the board deck cash slide for May,"Accounting May variance was $3,224,959 vs plan",r52-0002437,completed,2026-06-09T10:00:14Z,39900
jjohnson@crestviewinsurance.com,Headcount Planner,Check covenant compliance for the revolver,"FP&A Jun variance was $2,220,931 vs plan",r52-0002438,completed,2026-06-09T15:55:11Z,63700
jjohnson@crestviewinsurance.com,Budget vs Actual,Which cost centers are over budget YTD?,"Ops Mar variance was $1,661,051 vs plan",r52-0002439,completed,2026-06-09T07:57:47Z,43900
jjohnson@crestviewinsurance.com,Budget vs Actual,Reconcile AP aging over 90 days for EU-07,error code 502 from model gateway,r52-0002440,completed,2026-06-09T08:28:02Z,1100
ksanchez@crestviewinsurance.com,Headcount Planner,Draft flux commentary for the Feb close,"Accounting Feb variance was $3,938,652 vs plan",r52-0002441,completed,2026-06-09T13:47:28Z,39900
mjones@crestviewinsurance.com,Board Deck Builder,Summarize the Jun variance for entity US-01,FAILED: null reference in aggregation step,r52-0002442,completed,2026-06-09T07:02:01Z,400
fjackson@crestviewinsurance.com,Board Deck Builder,Draft flux commentary for the Mar close,"Accounting Mar variance was $2,039,572 vs plan",r52-0002443,completed,2026-06-09T10:50:43Z,27200
yrobinson@crestviewinsurance.com,Vendor Spend Analyzer,Forecast Feb operating cash flow,"Ops Feb variance was $4,552,039 vs plan",r52-0002444,completed,2026-06-09T16:02:31Z,42400
mjones@crestviewinsurance.com,Budget vs Actual,Reconcile AP aging over 90 days for MX-09,ERROR: upstream request timed out,r52-0002445,completed,2026-06-10T14:00:29Z,1400
jkim@crestviewinsurance.com,Covenant Checker,Check covenant compliance for the revolver,"Accounting Jun variance was $1,951,477 vs plan",r52-0002446,completed,2026-06-10T10:15:50Z,29600
jwilliams@crestviewinsurance.com,Journal Entry Reviewer,Summarize the Jun variance for entity US-02,error: connection reset by peer,r52-0002447,completed,2026-06-10T09:16:58Z,1300
mjones@crestviewinsurance.com,Covenant Checker,Build the board deck cash slide for Jun,"Ops Jun variance was $4,265,230 vs plan",r52-0002448,completed,2026-06-10T09:06:40Z,48600
mjones@crestviewinsurance.com,Flux Commentary,Reconcile AP aging over 90 days for CA-04,"Ops May variance was $1,826,434 vs plan",r52-0002449,completed,2026-06-10T20:33:08Z,60400
swilson@crestviewinsurance.com,Board Deck Builder,Which cost centers are over budget YTD?,"Ops Apr variance was $4,691,831 vs plan",r52-0002450,completed,2026-06-10T14:18:45Z,10000
mjones@crestviewinsurance.com,Cash Forecaster,Forecast Jun operating cash flow,"Accounting Jun variance was $3,368,151 vs plan",r52-0002451,completed,2026-06-10T06:54:35Z,38500
dperez@crestviewinsurance.com,Board Deck Builder,Build the board deck cash slide for Mar,"Accounting Mar variance was $1,087,815 vs plan",r52-0002452,completed,2026-06-10T11:47:19Z,59600
jjohnson@crestviewinsurance.com,Flux Commentary,Explain the headcount variance vs plan,"Accounting Feb variance was $1,355,767 vs plan",r52-0002453,completed,2026-06-10T13:42:20Z,50800
mjones@crestviewinsurance.com,Flux Commentary,Build the board deck cash slide for Mar,"Ops Mar variance was $2,805,663 vs plan",r52-0002454,completed,2026-06-10T10:29:18Z,34400
jjohnson@crestviewinsurance.com,Variance Explainer,Draft flux commentary for the Mar close,"Accounting Mar variance was $3,056,554 vs plan",r52-0002455,completed,2026-06-10T17:42:57Z,31100
jjohnson@crestviewinsurance.com,Budget vs Actual,Why did Accounting spend exceed budget in Mar?,"Accounting Mar variance was $3,544,009 vs plan",r52-0002456,completed,2026-06-10T09:45:43Z,48900
mjones@crestviewinsurance.com,Close Checklist Bot,Build the board deck cash slide for Apr,"Treasury Apr variance was $75,633 vs plan",r52-0002457,completed,2026-06-10T11:52:22Z,42500
mjones@crestviewinsurance.com,Close Checklist Bot,Forecast Feb operating cash flow,"Ops Feb variance was $1,228,184 vs plan",r52-0002458,completed,2026-06-10T14:35:32Z,46100
yrobinson@crestviewinsurance.com,Covenant Checker,Explain the headcount variance vs plan,"FP&A Mar variance was $2,107,799 vs plan",r52-0002459,completed,2026-06-10T16:53:29Z,61600
dperez@crestviewinsurance.com,Journal Entry Reviewer,What drove the change in gross margin this quarter?,"Accounting Jun variance was $1,090,302 vs plan",r52-0002460,completed,2026-06-10T15:24:17Z,74300
kmiller@crestviewinsurance.com,Headcount Planner,Why did Treasury spend exceed budget in Feb?,"Treasury Feb variance was $3,788,210 vs plan",r52-0002461,completed,2026-06-10T14:56:18Z,38200
jjohnson@crestviewinsurance.com,Close Checklist Bot,What drove the change in gross margin this quarter?,"FP&A Mar variance was $820,766 vs plan",r52-0002462,completed,2026-06-10T17:56:30Z,69500
jjohnson@crestviewinsurance.com,Revenue Recognizer,Summarize the Apr variance for entity MX-09,"FP&A Apr variance was $2,579,438 vs plan",r52-0002463,completed,2026-06-10T16:31:30Z,17800
mjones@crestviewinsurance.com,Headcount Planner,What drove the change in gross margin this quarter?,"Ops Apr variance was $2,558,476 vs plan",r52-0002464,completed,2026-06-10T18:40:19Z,22400
mjones@crestviewinsurance.com,Revenue Recognizer,Explain the headcount variance vs plan,"Accounting May variance was $129,313 vs plan",r52-0002465,completed,2026-06-10T12:20:38Z,39100
yrobinson@crestviewinsurance.com,Revenue Recognizer,Build the board deck cash slide for Mar,Traceback (most recent call last): KeyError 'entity',r52-0002466,error,2026-06-10T15:51:03Z,3400
jjohnson@crestviewinsurance.com,Close Checklist Bot,Summarize the Mar variance for entity CA-06,"Accounting Mar variance was $1,594,911 vs plan",r52-0002467,completed,2026-06-10T13:24:09Z,48500
dhaddad@crestviewinsurance.com,Flux Commentary,Forecast Jun operating cash flow,"FP&A Jun variance was $355,378 vs plan",r52-0002468,completed,2026-06-10T09:11:01Z,38200
mjones@crestviewinsurance.com,Flux Commentary,Check covenant compliance for the revolver,"Treasury Feb variance was $2,736,882 vs plan",r52-0002469,completed,2026-06-10T16:46:37Z,52800
jjohnson@crestviewinsurance.com,Vendor Spend Analyzer,Which cost centers are over budget YTD?,"Ops Mar variance was $3,241,203 vs plan",r52-0002470,completed,2026-06-10T17:52:57Z,28800
kmiller@crestviewinsurance.com,Revenue Recognizer,Which cost centers are over budget YTD?,"FP&A Feb variance was $3,234,210 vs plan",r52-0002471,completed,2026-06-10T11:39:28Z,18100
jjohnson@crestviewinsurance.com,Cash Forecaster,Which cost centers are over budget YTD?,"Ops May variance was $1,343,034 vs plan",r52-0002472,completed,2026-06-10T11:55:40Z,4900
mjones@crestviewinsurance.com,Revenue Recognizer,Build the board deck cash slide for Mar,"Accounting Mar variance was $378,970 vs plan",r52-0002473,completed,2026-06-10T15:03:02Z,20900
jjohnson@crestviewinsurance.com,Budget vs Actual,Why did Ops spend exceed budget in Jun?,"Ops Jun variance was $4,583,344 vs plan",r52-0002474,completed,2026-06-10T10:02:12Z,4700
jjohnson@crestviewinsurance.com,Close Checklist Bot,Why did Accounting spend exceed budget in Jun?,"Accounting Jun variance was $1,137,566 vs plan",r52-0002475,completed,2026-06-10T13:48:22Z,27700
mjones@crestviewinsurance.com,Cash Forecaster,Check covenant compliance for the revolver,"FP&A Mar variance was $2,548,431 vs plan",r52-0002476,completed,2026-06-10T13:37:03Z,71000
mjones@crestviewinsurance.com,Revenue Recognizer,Build the board deck cash slide for Mar,error code 502 from model gateway,r52-0002477,error,2026-06-10T14:33:50Z,7800
mjones@crestviewinsurance.com,Journal Entry Reviewer,Reconcile AP aging over 90 days for MX-09,"Accounting Jan variance was $3,121,704 vs plan",r52-0002478,completed,2026-06-10T13:40:26Z,53200
jjohnson@crestviewinsurance.com,Board Deck Builder,Reconcile AP aging over 90 days for US-01,"Treasury Apr variance was $199,841 vs plan",r52-0002479,completed,2026-06-10T16:46:41Z,55300
yrobinson@crestviewinsurance.com,AP Aging Analyst,Why did Treasury spend exceed budget in Feb?,"Treasury Feb variance was $4,460,344 vs plan",r52-0002480,completed,2026-06-10T15:04:03Z,42600
mjones@crestviewinsurance.com,Journal Entry Reviewer,Which cost centers are over budget YTD?,error code 502 from model gateway,r52-0002481,completed,2026-06-10T14:55:07Z,300
yrobinson@crestviewinsurance.com,Variance Explainer,Check covenant compliance for the revolver,"Accounting Jun variance was $4,709,277 vs plan",r52-0002482,completed,2026-06-10T14:03:58Z,19200
jrobinson@crestviewinsurance.com,Revenue Recognizer,What drove the change in gross margin this quarter?,"FP&A Jan variance was $721,013 vs plan",r52-0002483,completed,2026-06-10T12:12:13Z,44200
jjohnson@crestviewinsurance.com,Variance Explainer,Forecast Jun operating cash flow,"Treasury Jun variance was $1,611,274 vs plan",r52-0002484,completed,2026-06-10T17:25:40Z,15200
dperez@crestviewinsurance.com,Variance Explainer,Reconcile AP aging over 90 days for EU-06,"Ops Jun variance was $4,722,133 vs plan",r52-0002485,completed,2026-06-11T14:49:37Z,18900
jjohnson@crestviewinsurance.com,Journal Entry Reviewer,Why did FP&A spend exceed budget in Jun?,"FP&A Jun variance was $4,149,338 vs plan",r52-0002486,completed,2026-06-11T13:29:40Z,21400
yrobinson@crestviewinsurance.com,Covenant Checker,Build the board deck cash slide for Feb,error code 502 from model gateway,r52-0002487,completed,2026-06-11T13:21:53Z,1500
yrobinson@crestviewinsurance.com,Revenue Recognizer,Which cost centers are over budget YTD?,"Accounting Jan variance was $3,858,038 vs plan",r52-0002488,completed,2026-06-11T11:02:21Z,31600
kmiller@crestviewinsurance.com,AP Aging Analyst,Explain the headcount variance vs plan,"Treasury Jun variance was $235,801 vs plan",r52-0002489,completed,2026-06-11T18:53:56Z,31000
jjohnson@crestviewinsurance.com,Revenue Recognizer,Summarize the Apr variance for entity EU-08,"Treasury Apr variance was $1,205,965 vs plan",r52-0002490,completed,2026-06-11T09:56:58Z,35000
jjohnson@crestviewinsurance.com,Cash Forecaster,Summarize the May variance for entity MX-05,"Accounting May variance was $3,366,174 vs plan",r52-0002491,completed,2026-06-11T09:58:07Z,31000
yrobinson@crestviewinsurance.com,Covenant Checker,Build the board deck cash slide for Feb,"Ops Feb variance was $1,279,422 vs plan",r52-0002492,completed,2026-06-11T19:46:18Z,10100
jjohnson@crestviewinsurance.com,Flux Commentary,Summarize the Jan variance for entity EU-04,"Accounting Jan variance was $2,811,298 vs plan",r52-0002493,completed,2026-06-11T14:51:12Z,34200
jlopez@crestviewinsurance.com,Revenue Recognizer,Draft flux commentary for the Jan close,"Treasury Jan variance was $1,032,276 vs plan",r52-0002494,completed,2026-06-11T17:34:58Z,34200
yrobinson@crestviewinsurance.com,Flux Commentary,Explain the headcount variance vs plan,"Accounting Jun variance was $1,429,756 vs plan",r52-0002495,completed,2026-06-11T13:39:29Z,42600
djohnson@crestviewinsurance.com,Flux Commentary,Check covenant compliance for the revolver,"Accounting Jun variance was $773,257 vs plan",r52-0002496,completed,2026-06-11T09:37:51Z,27500
mjones@crestviewinsurance.com,Budget vs Actual,Which cost centers are over budget YTD?,"Ops Jan variance was $1,557,272 vs plan",r52-0002497,completed,2026-06-11T09:21:13Z,23800
yrobinson@crestviewinsurance.com,Covenant Checker,Reconcile AP aging over 90 days for EU-09,"FP&A Jan variance was $2,322,891 vs plan",r52-0002498,completed,2026-06-11T13:57:17Z,20600
jnguyen@crestviewinsurance.com,Headcount Planner,Draft flux commentary for the Apr close,"FP&A Apr variance was $2,389,649 vs plan",r52-0002499,completed,2026-06-11T13:35:30Z,62300
mjones@crestviewinsurance.com,Revenue Recognizer,Which cost centers are over budget YTD?,"Ops Feb variance was $4,456,239 vs plan",r52-0002500,completed,2026-06-11T07:00:11Z,23900
mjones@crestviewinsurance.com,Flux Commentary,Which cost centers are over budget YTD?,"Treasury Apr variance was $3,808,311 vs plan",r52-0002501,completed,2026-06-11T18:56:26Z,7800
jnguyen@crestviewinsurance.com,Cash Forecaster,Explain the headcount variance vs plan,"Ops Jan variance was $2,395,803 vs plan",r52-0002502,completed,2026-06-11T14:28:32Z,18300
yrobinson@crestviewinsurance.com,Board Deck Builder,Draft flux commentary for the May close,"Accounting May variance was $2,285,670 vs plan",r52-0002503,completed,2026-06-11T12:37:57Z,23500
mjones@crestviewinsurance.com,Revenue Recognizer,Which cost centers are over budget YTD?,"FP&A Apr variance was $46,696 vs plan",r52-0002504,completed,2026-06-11T10:51:36Z,6700
snguyen@crestviewinsurance.com,Board Deck Builder,Draft flux commentary for the May close,"Ops May variance was $3,657,033 vs plan",r52-0002505,completed,2026-06-11T10:54:18Z,10100
mjones@crestviewinsurance.com,Covenant Checker,Check covenant compliance for the revolver,"Treasury Feb variance was $2,394,335 vs plan",r52-0002506,completed,2026-06-11T08:04:16Z,45500
yrobinson@crestviewinsurance.com,Journal Entry Reviewer,Forecast Mar operating cash flow,"Treasury Mar variance was $1,509,887 vs plan",r52-0002507,completed,2026-06-11T17:29:09Z,59200
mjones@crestviewinsurance.com,Cash Forecaster,Summarize the May variance for entity EU-01,"Ops May variance was $529,516 vs plan",r52-0002508,completed,2026-06-12T14:11:41Z,27300
jjohnson@crestviewinsurance.com,Cash Forecaster,Forecast Apr operating cash flow,error: connection reset by peer,r52-0002509,completed,2026-06-12T13:59:18Z,300
jjohnson@crestviewinsurance.com,Budget vs Actual,Reconcile AP aging over 90 days for EU-05,"Ops May variance was $4,178,093 vs plan",r52-0002510,completed,2026-06-12T11:47:36Z,26800
kmiller@crestviewinsurance.com,Budget vs Actual,Build the board deck cash slide for Mar,"Treasury Mar variance was $1,253,684 vs plan",r52-0002511,completed,2026-06-12T13:35:56Z,25800
dperez@crestviewinsurance.com,Revenue Recognizer,Which cost centers are over budget YTD?,"Treasury May variance was $4,528,140 vs plan",r52-0002512,completed,2026-06-12T13:42:54Z,40800
mjones@crestviewinsurance.com,Budget vs Actual,Which cost centers are over budget YTD?,"Ops May variance was $2,974,457 vs plan",r52-0002513,completed,2026-06-12T16:37:42Z,8200
jjohnson@crestviewinsurance.com,Budget vs Actual,Why did Treasury spend exceed budget in May?,"Treasury May variance was $741,652 vs plan",r52-0002514,completed,2026-06-12T14:54:02Z,21700
jjohnson@crestviewinsurance.com,Close Checklist Bot,Reconcile AP aging over 90 days for EU-04,"Accounting May variance was $568,232 vs plan",r52-0002515,completed,2026-06-12T09:31:16Z,7900
mjones@crestviewinsurance.com,Cash Forecaster,Summarize the Mar variance for entity MX-01,"Ops Mar variance was $4,594,268 vs plan",r52-0002516,completed,2026-06-12T13:02:11Z,36900
jjohnson@crestviewinsurance.com,Flux Commentary,Explain the headcount variance vs plan,FAILED: null reference in aggregation step,r52-0002517,completed,2026-06-12T14:14:12Z,1100
dperez@crestviewinsurance.com,Covenant Checker,Reconcile AP aging over 90 days for MX-08,"Treasury May variance was $4,252,280 vs plan",r52-0002518,completed,2026-06-12T18:37:24Z,60600
mjones@crestviewinsurance.com,Vendor Spend Analyzer,What drove the change in gross margin this quarter?,"Ops Mar variance was $1,907,283 vs plan",r52-0002519,completed,2026-06-12T15:16:01Z,51400
kmiller@crestviewinsurance.com,Covenant Checker,Which cost centers are over budget YTD?,"Ops Apr variance was $3,931,183 vs plan",r52-0002520,completed,2026-06-12T15:55:24Z,21700
yrobinson@crestviewinsurance.com,Variance Explainer,Build the board deck cash slide for May,error: connection reset by peer,r52-0002521,error,2026-06-12T13:40:04Z,2500
jjohnson@crestviewinsurance.com,Budget vs Actual,Forecast Jan operating cash flow,"Treasury Jan variance was $1,192,910 vs plan",r52-0002522,completed,2026-06-12T11:01:24Z,17300
jjohnson@crestviewinsurance.com,Flux Commentary,Forecast May operating cash flow,"Ops May variance was $4,569,750 vs plan",r52-0002523,completed,2026-06-12T16:55:36Z,10700
jjohnson@crestviewinsurance.com,Revenue Recognizer,Draft flux commentary for the May close,"Accounting May variance was $2,072,988 vs plan",r52-0002524,completed,2026-06-12T10:22:24Z,27100
jjohnson@crestviewinsurance.com,Vendor Spend Analyzer,Which cost centers are over budget YTD?,"Treasury Mar variance was $537,000 vs plan",r52-0002525,completed,2026-06-12T09:33:27Z,20900
jjohnson@crestviewinsurance.com,Variance Explainer,What drove the change in gross margin this quarter?,"Ops Jan variance was $4,061,296 vs plan",r52-0002526,completed,2026-06-12T14:36:21Z,23700
jjohnson@crestviewinsurance.com,Flux Commentary,Reconcile AP aging over 90 days for US-03,"FP&A Mar variance was $1,870,954 vs plan",r52-0002527,completed,2026-06-12T11:14:32Z,11200
yrobinson@crestviewinsurance.com,Vendor Spend Analyzer,Summarize the Mar variance for entity CA-08,"Ops Mar variance was $855,442 vs plan",r52-0002528,completed,2026-06-12T14:31:19Z,48900
jjohnson@crestviewinsurance.com,Journal Entry Reviewer,Which cost centers are over budget YTD?,"Accounting Feb variance was $483,239 vs plan",r52-0002529,completed,2026-06-12T11:08:23Z,47800
jjohnson@crestviewinsurance.com,Journal Entry Reviewer,Why did Accounting spend exceed budget in Feb?,"Accounting Feb variance was $4,183,051 vs plan",r52-0002530,completed,2026-06-12T10:08:26Z,11100
jjohnson@crestviewinsurance.com,AP Aging Analyst,Forecast Apr operating cash flow,"FP&A Apr variance was $3,710,975 vs plan",r52-0002531,completed,2026-06-12T12:39:36Z,3000
jjohnson@crestviewinsurance.com,Covenant Checker,Reconcile AP aging over 90 days for CA-01,"Treasury Mar variance was $3,811,560 vs plan",r52-0002532,completed,2026-06-12T17:57:08Z,26000
jjohnson@crestviewinsurance.com,Cash Forecaster,Summarize the Mar variance for entity US-01,"Ops Mar variance was $3,135,919 vs plan",r52-0002533,completed,2026-06-12T11:00:53Z,55400
kmiller@crestviewinsurance.com,Variance Explainer,Build the board deck cash slide for Jun,"Ops Jun variance was $3,816,623 vs plan",r52-0002534,completed,2026-06-12T13:36:55Z,68400
yrobinson@crestviewinsurance.com,Covenant Checker,Explain the headcount variance vs plan,"Ops Mar variance was $4,202,012 vs plan",r52-0002535,completed,2026-06-12T10:02:17Z,7500
jjohnson@crestviewinsurance.com,Flux Commentary,Reconcile AP aging over 90 days for CA-08,"FP&A Jan variance was $4,433,366 vs plan",r52-0002536,completed,2026-06-12T14:31:28Z,18800
jjohnson@crestviewinsurance.com,Headcount Planner,Summarize the Jan variance for entity US-03,"Ops Jan variance was $2,168,915 vs plan",r52-0002537,completed,2026-06-12T15:20:45Z,11900
jjohnson@crestviewinsurance.com,Vendor Spend Analyzer,Why did Treasury spend exceed budget in Mar?,Traceback (most recent call last): KeyError 'entity',r52-0002538,completed,2026-06-13T14:21:17Z,800
jjohnson@crestviewinsurance.com,Cash Forecaster,Build the board deck cash slide for Mar,"Ops Mar variance was $2,205,635 vs plan",r52-0002539,completed,2026-06-13T15:31:58Z,41400
mjones@crestviewinsurance.com,Budget vs Actual,Summarize the Jan variance for entity MX-05,"Ops Jan variance was $312,821 vs plan",r52-0002540,completed,2026-06-13T18:24:14Z,43100
mjones@crestviewinsurance.com,Board Deck Builder,Draft flux commentary for the May close,"Treasury May variance was $2,015,934 vs plan",r52-0002541,completed,2026-06-13T13:25:48Z,35200
mjones@crestviewinsurance.com,Revenue Recognizer,Reconcile AP aging over 90 days for US-08,"FP&A Apr variance was $2,452,950 vs plan",r52-0002542,completed,2026-06-13T08:20:44Z,17300
dhaddad@crestviewinsurance.com,Journal Entry Reviewer,Check covenant compliance for the revolver,"Treasury Mar variance was $3,739,874 vs plan",r52-0002543,completed,2026-06-13T15:29:33Z,41000
jlopez@crestviewinsurance.com,Vendor Spend Analyzer,Build the board deck cash slide for Feb,"Treasury Feb variance was $4,489,768 vs plan",r52-0002544,completed,2026-06-14T08:01:21Z,24100
yrobinson@crestviewinsurance.com,Board Deck Builder,Why did Ops spend exceed budget in Apr?,"Ops Apr variance was $3,385,444 vs plan",r52-0002545,completed,2026-06-14T12:05:19Z,18400
yrobinson@crestviewinsurance.com,Revenue Recognizer,Check covenant compliance for the revolver,FAILED: null reference in aggregation step,r52-0002546,error,2026-06-14T13:39:05Z,4400
kmiller@crestviewinsurance.com,Variance Explainer,Build the board deck cash slide for Jan,"Accounting Jan variance was $4,556,447 vs plan",r52-0002547,completed,2026-06-14T16:29:05Z,64200
swilson@crestviewinsurance.com,AP Aging Analyst,Build the board deck cash slide for Jan,"Accounting Jan variance was $1,817,976 vs plan",r52-0002548,completed,2026-06-14T18:24:38Z,31600
dhaddad@crestviewinsurance.com,Board Deck Builder,Summarize the Jan variance for entity EU-09,"FP&A Jan variance was $2,325,241 vs plan",r52-0002549,completed,2026-06-14T09:22:00Z,67300
mjones@crestviewinsurance.com,Flux Commentary,Reconcile AP aging over 90 days for CA-08,error: connection reset by peer,r52-0002550,completed,2026-06-14T07:29:50Z,900
dperez@crestviewinsurance.com,Journal Entry Reviewer,What drove the change in gross margin this quarter?,"Ops May variance was $2,547,999 vs plan",r52-0002551,completed,2026-06-14T10:05:07Z,20600
mjones@crestviewinsurance.com,Budget vs Actual,Forecast Jun operating cash flow,error code 502 from model gateway,r52-0002552,completed,2026-06-14T16:29:14Z,600
jnguyen@crestviewinsurance.com,Budget vs Actual,Explain the headcount variance vs plan,"FP&A Jun variance was $912,660 vs plan",r52-0002553,completed,2026-06-14T13:08:15Z,58400
dperez@crestviewinsurance.com,Flux Commentary,Which cost centers are over budget YTD?,"Ops Jun variance was $2,563,693 vs plan",r52-0002554,completed,2026-06-14T10:03:07Z,46500
jjohnson@crestviewinsurance.com,Flux Commentary,Forecast Feb operating cash flow,"Ops Feb variance was $3,116,844 vs plan",r52-0002555,completed,2026-06-14T15:29:44Z,9400
mjones@crestviewinsurance.com,Flux Commentary,Draft flux commentary for the Apr close,"FP&A Apr variance was $1,105,420 vs plan",r52-0002556,completed,2026-06-15T12:01:20Z,19600
mjones@crestviewinsurance.com,Journal Entry Reviewer,What drove the change in gross margin this quarter?,"Ops Jun variance was $1,874,033 vs plan",r52-0002557,completed,2026-06-15T14:48:55Z,12400
jjohnson@crestviewinsurance.com,Headcount Planner,Check covenant compliance for the revolver,"Accounting Jun variance was $4,030,620 vs plan",r52-0002558,completed,2026-06-15T13:53:35Z,46900
jjohnson@crestviewinsurance.com,Close Checklist Bot,Summarize the Jan variance for entity CA-09,"Accounting Jan variance was $1,107,792 vs plan",r52-0002559,completed,2026-06-15T13:29:54Z,42800
kperez@crestviewinsurance.com,Variance Explainer,Reconcile AP aging over 90 days for CA-05,"Treasury Mar variance was $4,756,809 vs plan",r52-0002560,completed,2026-06-15T10:58:03Z,40900
dperez@crestviewinsurance.com,AP Aging Analyst,Why did Ops spend exceed budget in Jan?,"Ops Jan variance was $4,514,469 vs plan",r52-0002561,completed,2026-06-15T11:33:11Z,6300
mjones@crestviewinsurance.com,Revenue Recognizer,Check covenant compliance for the revolver,"Accounting Jun variance was $2,106,201 vs plan",r52-0002562,completed,2026-06-15T13:23:39Z,59700
jjohnson@crestviewinsurance.com,Revenue Recognizer,What drove the change in gross margin this quarter?,"Accounting May variance was $2,986,079 vs plan",r52-0002563,completed,2026-06-15T12:08:56Z,36000
yrobinson@crestviewinsurance.com,Revenue Recognizer,Which cost centers are over budget YTD?,"Ops Jan variance was $1,858,866 vs plan",r52-0002564,completed,2026-06-15T13:05:56Z,56800
yrobinson@crestviewinsurance.com,Cash Forecaster,Check covenant compliance for the revolver,"Ops Apr variance was $3,256,898 vs plan",r52-0002565,completed,2026-06-15T08:41:45Z,5900
kmiller@crestviewinsurance.com,Cash Forecaster,Explain the headcount variance vs plan,"Ops Jun variance was $378,378 vs plan",r52-0002566,completed,2026-06-15T12:54:26Z,35500
bmiller@crestviewinsurance.com,Vendor Spend Analyzer,Forecast Feb operating cash flow,"Ops Feb variance was $4,319,760 vs plan",r52-0002567,completed,2026-06-15T10:49:21Z,8300
yrobinson@crestviewinsurance.com,AP Aging Analyst,Reconcile AP aging over 90 days for EU-04,"Accounting Jan variance was $3,905,397 vs plan",r52-0002568,completed,2026-06-15T09:41:17Z,37700
jpatel@crestviewinsurance.com,Board Deck Builder,Forecast Jan operating cash flow,"Accounting Jan variance was $3,689,550 vs plan",r52-0002569,completed,2026-06-15T14:00:51Z,50800
swilson@crestviewinsurance.com,Cash Forecaster,Explain the headcount variance vs plan,"Accounting Jun variance was $2,212,117 vs plan",r52-0002570,completed,2026-06-15T13:02:15Z,12400
mjones@crestviewinsurance.com,Board Deck Builder,Draft flux commentary for the Apr close,"Ops Apr variance was $1,896,274 vs plan",r52-0002571,completed,2026-06-15T07:53:50Z,9700
mjones@crestviewinsurance.com,Vendor Spend Analyzer,Why did Accounting spend exceed budget in Jun?,"Accounting Jun variance was $1,358,350 vs plan",r52-0002572,completed,2026-06-15T12:36:04Z,49700
mjones@crestviewinsurance.com,AP Aging Analyst,Check covenant compliance for the revolver,"Treasury Mar variance was $1,324,619 vs plan",r52-0002573,completed,2026-06-15T11:01:00Z,64700
jlopez@crestviewinsurance.com,Revenue Recognizer,Draft flux commentary for the Mar close,"Accounting Mar variance was $264,788 vs plan",r52-0002574,completed,2026-06-15T11:49:44Z,12500
jpatel@crestviewinsurance.com,Close Checklist Bot,Forecast May operating cash flow,"FP&A May variance was $3,572,729 vs plan",r52-0002575,completed,2026-06-15T17:39:15Z,57500
mjones@crestviewinsurance.com,Variance Explainer,Build the board deck cash slide for Apr,"FP&A Apr variance was $994,849 vs plan",r52-0002576,completed,2026-06-15T09:11:23Z,25100
jjohnson@crestviewinsurance.com,Revenue Recognizer,Summarize the Jan variance for entity MX-09,"Accounting Jan variance was $2,121,301 vs plan",r52-0002577,completed,2026-06-15T11:53:10Z,23600
dperez@crestviewinsurance.com,Flux Commentary,Explain the headcount variance vs plan,"Ops May variance was $1,651,868 vs plan",r52-0002578,completed,2026-06-15T07:55:18Z,27000
jjohnson@crestviewinsurance.com,AP Aging Analyst,Why did Accounting spend exceed budget in May?,"Accounting May variance was $567,525 vs plan",r52-0002579,completed,2026-06-15T15:50:14Z,57800
jlopez@crestviewinsurance.com,Journal Entry Reviewer,Which cost centers are over budget YTD?,"Treasury Mar variance was $1,828,649 vs plan",r52-0002580,completed,2026-06-15T16:34:58Z,39000
kmiller@crestviewinsurance.com,Variance Explainer,Reconcile AP aging over 90 days for MX-05,"Ops Jun variance was $1,514,113 vs plan",r52-0002581,completed,2026-06-15T14:30:07Z,7400
jjohnson@crestviewinsurance.com,Cash Forecaster,Summarize the Feb variance for entity MX-08,"Ops Feb variance was $3,325,083 vs plan",r52-0002582,completed,2026-06-15T13:46:43Z,11800
jjohnson@crestviewinsurance.com,Flux Commentary,Build the board deck cash slide for Jun,ERROR: upstream request timed out,r52-0002583,error,2026-06-15T12:57:07Z,5100
kmiller@crestviewinsurance.com,Budget vs Actual,Reconcile AP aging over 90 days for MX-06,"FP&A May variance was $445,359 vs plan",r52-0002584,completed,2026-06-15T11:55:32Z,74400
jjohnson@crestviewinsurance.com,Close Checklist Bot,Summarize the Jun variance for entity MX-02,"Accounting Jun variance was $3,678,057 vs plan",r52-0002585,completed,2026-06-15T10:06:48Z,15300
kmiller@crestviewinsurance.com,Board Deck Builder,Forecast Mar operating cash flow,"Treasury Mar variance was $4,189,296 vs plan",r52-0002586,completed,2026-06-15T12:59:22Z,53500
swilson@crestviewinsurance.com,Variance Explainer,Build the board deck cash slide for Jan,"Ops Jan variance was $1,755,936 vs plan",r52-0002587,completed,2026-06-15T08:38:54Z,40300
jjohnson@crestviewinsurance.com,Variance Explainer,What drove the change in gross margin this quarter?,"Treasury Apr variance was $532,002 vs plan",r52-0002588,completed,2026-06-15T11:02:18Z,44000
jjohnson@crestviewinsurance.com,Revenue Recognizer,Reconcile AP aging over 90 days for CA-07,"FP&A Feb variance was $1,185,437 vs plan",r52-0002589,completed,2026-06-15T10:46:54Z,55300
mjones@crestviewinsurance.com,Covenant Checker,Reconcile AP aging over 90 days for EU-08,"Accounting Mar variance was $352,444 vs plan",r52-0002590,completed,2026-06-15T12:33:05Z,24500
mjones@crestviewinsurance.com,Variance Explainer,Why did Ops spend exceed budget in Mar?,"Ops Mar variance was $3,793,431 vs plan",r52-0002591,completed,2026-06-15T15:02:38Z,49600
jjohnson@crestviewinsurance.com,Flux Commentary,Which cost centers are over budget YTD?,FAILED: null reference in aggregation step,r52-0002592,completed,2026-06-16T16:27:27Z,400
yrobinson@crestviewinsurance.com,AP Aging Analyst,Draft flux commentary for the Jan close,"FP&A Jan variance was $4,060,361 vs plan",r52-0002593,completed,2026-06-16T13:27:51Z,5800
jjohnson@crestviewinsurance.com,Revenue Recognizer,Forecast Jan operating cash flow,"FP&A Jan variance was $4,202,235 vs plan",r52-0002594,completed,2026-06-16T15:36:41Z,23500
mjones@crestviewinsurance.com,Covenant Checker,What drove the change in gross margin this quarter?,"Ops Mar variance was $3,883,373 vs plan",r52-0002595,completed,2026-06-16T10:09:59Z,9500
jjohnson@crestviewinsurance.com,Covenant Checker,Summarize the Jan variance for entity CA-06,"Treasury Jan variance was $1,139,002 vs plan",r52-0002596,completed,2026-06-16T14:53:53Z,52500
mjones@crestviewinsurance.com,Revenue Recognizer,Which cost centers are over budget YTD?,"Accounting Mar variance was $3,571,631 vs plan",r52-0002597,completed,2026-06-16T17:58:27Z,55900
sgonzalez@crestviewinsurance.com,Covenant Checker,Summarize the Feb variance for entity US-01,"Accounting Feb variance was $898,225 vs plan",r52-0002598,completed,2026-06-16T09:15:24Z,63400
yrobinson@crestviewinsurance.com,Cash Forecaster,What drove the change in gross margin this quarter?,"FP&A Feb variance was $4,767,736 vs plan",r52-0002599,completed,2026-06-16T14:34:23Z,66700
jjohnson@crestviewinsurance.com,Budget vs Actual,Reconcile AP aging over 90 days for US-02,"FP&A Jun variance was $4,383,926 vs plan",r52-0002600,completed,2026-06-16T10:31:27Z,29000
mjones@crestviewinsurance.com,Budget vs Actual,Summarize the May variance for entity MX-08,FAILED: null reference in aggregation step,r52-0002601,error,2026-06-16T11:56:06Z,5600
mjones@crestviewinsurance.com,Flux Commentary,Draft flux commentary for the Jun close,"Ops Jun variance was $275,608 vs plan",r52-0002602,completed,2026-06-16T15:06:47Z,29600
jjohnson@crestviewinsurance.com,Flux Commentary,Reconcile AP aging over 90 days for EU-01,"Ops Feb variance was $1,608,540 vs plan",r52-0002603,completed,2026-06-16T10:06:21Z,46000
jjohnson@crestviewinsurance.com,Covenant Checker,Draft flux commentary for the Feb close,"Ops Feb variance was $2,715,297 vs plan",r52-0002604,completed,2026-06-16T11:33:28Z,30400
dhaddad@crestviewinsurance.com,Journal Entry Reviewer,What drove the change in gross margin this quarter?,"Treasury Mar variance was $1,558,608 vs plan",r52-0002605,completed,2026-06-16T13:43:06Z,30400
jjohnson@crestviewinsurance.com,Vendor Spend Analyzer,Forecast Jan operating cash flow,"Ops Jan variance was $4,331,531 vs plan",r52-0002606,completed,2026-06-16T15:30:38Z,38100
mjones@crestviewinsurance.com,Cash Forecaster,Reconcile AP aging over 90 days for CA-08,"Ops May variance was $201,270 vs plan",r52-0002607,completed,2026-06-16T12:22:02Z,13700
yrobinson@crestviewinsurance.com,Covenant Checker,Which cost centers are over budget YTD?,"Ops Apr variance was $1,171,108 vs plan",r52-0002608,completed,2026-06-16T12:08:26Z,67100
jjohnson@crestviewinsurance.com,Close Checklist Bot,Summarize the Jun variance for entity CA-06,"Accounting Jun variance was $4,565,043 vs plan",r52-0002609,completed,2026-06-16T14:15:02Z,24000
mjones@crestviewinsurance.com,Headcount Planner,Summarize the Apr variance for entity MX-01,"Treasury Apr variance was $3,329,110 vs plan",r52-0002610,completed,2026-06-16T08:30:08Z,23100
jlopez@crestviewinsurance.com,Variance Explainer,What drove the change in gross margin this quarter?,error code 502 from model gateway,r52-0002611,error,2026-06-16T12:31:48Z,2700
mjones@crestviewinsurance.com,Vendor Spend Analyzer,Explain the headcount variance vs plan,"Treasury Jan variance was $4,721,498 vs plan",r52-0002612,completed,2026-06-16T14:58:29Z,16300
dhaddad@crestviewinsurance.com,Flux Commentary,Draft flux commentary for the Jun close,"FP&A Jun variance was $1,699,828 vs plan",r52-0002613,completed,2026-06-16T14:00:08Z,74300
jjohnson@crestviewinsurance.com,Revenue Recognizer,Forecast May operating cash flow,"FP&A May variance was $4,212,635 vs plan",r52-0002614,completed,2026-06-16T11:23:08Z,69700
yrobinson@crestviewinsurance.com,Budget vs Actual,Explain the headcount variance vs plan,"Ops May variance was $2,042,131 vs plan",r52-0002615,completed,2026-06-16T12:01:06Z,12700
jkim@crestviewinsurance.com,Vendor Spend Analyzer,Forecast Jan operating cash flow,"FP&A Jan variance was $103,971 vs plan",r52-0002616,completed,2026-06-16T12:52:50Z,35600
snguyen@crestviewinsurance.com,Headcount Planner,What drove the change in gross margin this quarter?,"FP&A Feb variance was $4,648,389 vs plan",r52-0002617,completed,2026-06-16T08:34:15Z,67700
mjones@crestviewinsurance.com,Journal Entry Reviewer,Check covenant compliance for the revolver,"Accounting Jun variance was $2,947,635 vs plan",r52-0002618,completed,2026-06-16T06:19:56Z,36600
mjones@crestviewinsurance.com,AP Aging Analyst,Forecast Apr operating cash flow,"Accounting Apr variance was $1,212,362 vs plan",r52-0002619,completed,2026-06-16T14:53:59Z,30200
jwilliams@crestviewinsurance.com,Close Checklist Bot,Reconcile AP aging over 90 days for US-07,"FP&A Jan variance was $1,340,412 vs plan",r52-0002620,completed,2026-06-16T14:45:10Z,58000
djohnson@crestviewinsurance.com,Variance Explainer,Reconcile AP aging over 90 days for MX-08,"Treasury Feb variance was $4,598,716 vs plan",r52-0002621,completed,2026-06-16T11:56:04Z,17000
jjohnson@crestviewinsurance.com,Headcount Planner,Reconcile AP aging over 90 days for CA-03,"Accounting Apr variance was $3,166,666 vs plan",r52-0002622,completed,2026-06-16T14:42:00Z,59100
jrobinson@crestviewinsurance.com,Budget vs Actual,What drove the change in gross margin this quarter?,"Accounting Mar variance was $2,683,952 vs plan",r52-0002623,completed,2026-06-16T15:23:26Z,16900
yrobinson@crestviewinsurance.com,Vendor Spend Analyzer,Explain the headcount variance vs plan,"FP&A May variance was $4,774,336 vs plan",r52-0002624,completed,2026-06-16T16:40:48Z,7500
kmiller@crestviewinsurance.com,Headcount Planner,Why did Ops spend exceed budget in Jun?,"Ops Jun variance was $4,216,215 vs plan",r52-0002625,completed,2026-06-16T07:02:14Z,5500
yrobinson@crestviewinsurance.com,Journal Entry Reviewer,Check covenant compliance for the revolver,error code 502 from model gateway,r52-0002626,error,2026-06-17T15:44:32Z,1900
jrobinson@crestviewinsurance.com,Flux Commentary,Explain the headcount variance vs plan,"Ops May variance was $3,723,372 vs plan",r52-0002627,completed,2026-06-17T07:11:31Z,53500
kmiller@crestviewinsurance.com,Variance Explainer,Forecast Jan operating cash flow,"Treasury Jan variance was $4,214,118 vs plan",r52-0002628,completed,2026-06-17T15:04:35Z,44400
jjohnson@crestviewinsurance.com,Cash Forecaster,What drove the change in gross margin this quarter?,error code 502 from model gateway,r52-0002629,error,2026-06-17T16:42:14Z,6100
mjones@crestviewinsurance.com,Cash Forecaster,Draft flux commentary for the Jun close,error code 502 from model gateway,r52-0002630,error,2026-06-17T10:35:59Z,7200
jjohnson@crestviewinsurance.com,Vendor Spend Analyzer,Which cost centers are over budget YTD?,"Accounting Jan variance was $4,612,935 vs plan",r52-0002631,completed,2026-06-17T11:54:52Z,54900
jjohnson@crestviewinsurance.com,AP Aging Analyst,Draft flux commentary for the May close,"Accounting May variance was $3,732,473 vs plan",r52-0002632,completed,2026-06-17T18:29:32Z,37500
mjones@crestviewinsurance.com,Vendor Spend Analyzer,Forecast May operating cash flow,"Treasury May variance was $677,923 vs plan",r52-0002633,completed,2026-06-17T11:21:29Z,61800
fjackson@crestviewinsurance.com,AP Aging Analyst,What drove the change in gross margin this quarter?,"Ops Apr variance was $298,412 vs plan",r52-0002634,completed,2026-06-17T07:28:31Z,55700
jjohnson@crestviewinsurance.com,Cash Forecaster,Check covenant compliance for the revolver,"Treasury Jun variance was $1,723,796 vs plan",r52-0002635,completed,2026-06-17T11:34:42Z,41900
djohnson@crestviewinsurance.com,Variance Explainer,Why did FP&A spend exceed budget in Jan?,"FP&A Jan variance was $1,068,408 vs plan",r52-0002636,completed,2026-06-17T10:56:34Z,18800
jjohnson@crestviewinsurance.com,Close Checklist Bot,Summarize the Feb variance for entity US-01,"Treasury Feb variance was $1,453,846 vs plan",r52-0002637,completed,2026-06-17T13:22:56Z,40100
jjohnson@crestviewinsurance.com,Flux Commentary,Why did FP&A spend exceed budget in Mar?,ERROR: upstream request timed out,r52-0002638,error,2026-06-17T06:16:44Z,7400
mjones@crestviewinsurance.com,Budget vs Actual,Which cost centers are over budget YTD?,"Treasury Feb variance was $4,710,272 vs plan",r52-0002639,completed,2026-06-17T10:50:42Z,34100
snguyen@crestviewinsurance.com,Variance Explainer,Draft flux commentary for the Apr close,"FP&A Apr variance was $3,074,802 vs plan",r52-0002640,completed,2026-06-17T16:03:07Z,58900
yrobinson@crestviewinsurance.com,Journal Entry Reviewer,Reconcile AP aging over 90 days for CA-02,FAILED: null reference in aggregation step,r52-0002641,completed,2026-06-17T11:55:09Z,1900
jjohnson@crestviewinsurance.com,AP Aging Analyst,Build the board deck cash slide for Mar,"FP&A Mar variance was $2,860,104 vs plan",r52-0002642,completed,2026-06-17T12:03:59Z,46800
jjohnson@crestviewinsurance.com,AP Aging Analyst,Reconcile AP aging over 90 days for CA-06,"Treasury Apr variance was $597,618 vs plan",r52-0002643,completed,2026-06-17T13:08:26Z,15400
jlopez@crestviewinsurance.com,Variance Explainer,Summarize the Feb variance for entity US-03,ERROR: upstream request timed out,r52-0002644,completed,2026-06-17T12:59:12Z,800
jjohnson@crestviewinsurance.com,Headcount Planner,Forecast Jun operating cash flow,"Treasury Jun variance was $3,251,400 vs plan",r52-0002645,completed,2026-06-17T08:28:15Z,60200
mjones@crestviewinsurance.com,Revenue Recognizer,Draft flux commentary for the Apr close,"Treasury Apr variance was $3,926,618 vs plan",r52-0002646,completed,2026-06-17T13:18:27Z,74400
mjones@crestviewinsurance.com,Board Deck Builder,Explain the headcount variance vs plan,"Treasury Jun variance was $2,565,009 vs plan",r52-0002647,completed,2026-06-17T11:31:11Z,17800
mjones@crestviewinsurance.com,Revenue Recognizer,Reconcile AP aging over 90 days for US-09,"FP&A Jan variance was $89,370 vs plan",r52-0002648,completed,2026-06-17T14:43:09Z,69900
dperez@crestviewinsurance.com,Board Deck Builder,Why did FP&A spend exceed budget in Jan?,ERROR: upstream request timed out,r52-0002649,error,2026-06-17T16:24:46Z,1300
yrobinson@crestviewinsurance.com,AP Aging Analyst,Build the board deck cash slide for Apr,"FP&A Apr variance was $4,733,724 vs plan",r52-0002650,completed,2026-06-17T13:16:48Z,54800
jjohnson@crestviewinsurance.com,Variance Explainer,Why did Accounting spend exceed budget in Jan?,"Accounting Jan variance was $4,762,394 vs plan",r52-0002651,completed,2026-06-17T15:18:36Z,5900
mjones@crestviewinsurance.com,Variance Explainer,Build the board deck cash slide for Feb,"FP&A Feb variance was $2,234,987 vs plan",r52-0002652,completed,2026-06-17T13:19:08Z,13800
jkim@crestviewinsurance.com,Vendor Spend Analyzer,Draft flux commentary for the Jun close,"FP&A Jun variance was $836,118 vs plan",r52-0002653,completed,2026-06-17T14:39:40Z,45000
jjohnson@crestviewinsurance.com,Variance Explainer,Explain the headcount variance vs plan,"Treasury Jun variance was $1,515,823 vs plan",r52-0002654,completed,2026-06-17T17:31:06Z,45600
jjohnson@crestviewinsurance.com,Headcount Planner,Summarize the Apr variance for entity MX-04,"FP&A Apr variance was $4,732,633 vs plan",r52-0002655,completed,2026-06-17T10:14:42Z,26000
lwilson@crestviewinsurance.com,Cash Forecaster,What drove the change in gross margin this quarter?,"Ops May variance was $1,626,869 vs plan",r52-0002656,completed,2026-06-18T08:49:18Z,51100
yrobinson@crestviewinsurance.com,AP Aging Analyst,Draft flux commentary for the Jan close,"Accounting Jan variance was $793,227 vs plan",r52-0002657,completed,2026-06-18T14:53:41Z,26200
mjones@crestviewinsurance.com,Budget vs Actual,Reconcile AP aging over 90 days for US-05,"Treasury Jan variance was $1,457,047 vs plan",r52-0002658,completed,2026-06-18T15:47:39Z,54900
dperez@crestviewinsurance.com,Flux Commentary,Reconcile AP aging over 90 days for CA-08,"Ops Mar variance was $1,401,054 vs plan",r52-0002659,completed,2026-06-18T10:18:06Z,20500
jjohnson@crestviewinsurance.com,Journal Entry Reviewer,Forecast May operating cash flow,"Ops May variance was $4,139,328 vs plan",r52-0002660,completed,2026-06-18T09:01:35Z,33200
jjohnson@crestviewinsurance.com,Journal Entry Reviewer,Explain the headcount variance vs plan,"Treasury May variance was $2,923,301 vs plan",r52-0002661,completed,2026-06-18T15:12:36Z,51400
yrobinson@crestviewinsurance.com,Flux Commentary,Draft flux commentary for the Apr close,"Ops Apr variance was $1,688,808 vs plan",r52-0002662,completed,2026-06-18T13:55:55Z,59600
jjohnson@crestviewinsurance.com,Journal Entry Reviewer,Why did FP&A spend exceed budget in Feb?,"FP&A Feb variance was $62,988 vs plan",r52-0002663,completed,2026-06-18T18:12:03Z,74000
jjohnson@crestviewinsurance.com,AP Aging Analyst,Reconcile AP aging over 90 days for MX-01,"Accounting Feb variance was $1,294,942 vs plan",r52-0002664,completed,2026-06-18T15:21:06Z,37500
sgonzalez@crestviewinsurance.com,Budget vs Actual,Summarize the Feb variance for entity EU-02,"Accounting Feb variance was $4,205,670 vs plan",r52-0002665,completed,2026-06-18T11:00:41Z,14600
jbrown@crestviewinsurance.com,Board Deck Builder,What drove the change in gross margin this quarter?,"Treasury Jan variance was $1,509,359 vs plan",r52-0002666,completed,2026-06-18T09:33:16Z,43400
mjones@crestviewinsurance.com,AP Aging Analyst,Explain the headcount variance vs plan,"Treasury Jan variance was $4,372,363 vs plan",r52-0002667,completed,2026-06-18T15:59:03Z,66500
mjones@crestviewinsurance.com,Variance Explainer,Check covenant compliance for the revolver,"Treasury Feb variance was $3,969,718 vs plan",r52-0002668,completed,2026-06-18T16:47:01Z,18000
mwalker@crestviewinsurance.com,Revenue Recognizer,What drove the change in gross margin this quarter?,"Treasury Mar variance was $3,859,035 vs plan",r52-0002669,completed,2026-06-18T16:57:33Z,42200
jjohnson@crestviewinsurance.com,Close Checklist Bot,Check covenant compliance for the revolver,"Ops Jun variance was $2,759,426 vs plan",r52-0002670,completed,2026-06-18T14:13:59Z,17300
ksanchez@crestviewinsurance.com,Journal Entry Reviewer,Build the board deck cash slide for Jun,"Treasury Jun variance was $1,393,530 vs plan",r52-0002671,completed,2026-06-18T08:14:49Z,43900
jjohnson@crestviewinsurance.com,Flux Commentary,Which cost centers are over budget YTD?,"Ops Feb variance was $2,130,575 vs plan",r52-0002672,completed,2026-06-18T15:51:58Z,7000
jjohnson@crestviewinsurance.com,AP Aging Analyst,Forecast Jun operating cash flow,"FP&A Jun variance was $4,470,002 vs plan",r52-0002673,completed,2026-06-18T13:07:27Z,33100
jjohnson@crestviewinsurance.com,Board Deck Builder,Which cost centers are over budget YTD?,"Ops Jan variance was $3,461,354 vs plan",r52-0002674,completed,2026-06-18T19:12:35Z,9100
djohnson@crestviewinsurance.com,AP Aging Analyst,What drove the change in gross margin this quarter?,"Accounting Mar variance was $910,953 vs plan",r52-0002675,completed,2026-06-18T14:39:06Z,33400
fjackson@crestviewinsurance.com,Vendor Spend Analyzer,Why did Accounting spend exceed budget in Feb?,Traceback (most recent call last): KeyError 'entity',r52-0002676,error,2026-06-18T10:16:06Z,6400
jwilliams@crestviewinsurance.com,Cash Forecaster,Reconcile AP aging over 90 days for CA-06,"Treasury May variance was $2,087,865 vs plan",r52-0002677,completed,2026-06-18T11:53:49Z,60400
mjones@crestviewinsurance.com,Budget vs Actual,Summarize the Jan variance for entity EU-06,"FP&A Jan variance was $778,198 vs plan",r52-0002678,completed,2026-06-18T12:42:23Z,35600
fjackson@crestviewinsurance.com,Headcount Planner,Forecast Apr operating cash flow,"Treasury Apr variance was $1,418,686 vs plan",r52-0002679,completed,2026-06-18T16:02:11Z,74900
jjohnson@crestviewinsurance.com,Headcount Planner,Check covenant compliance for the revolver,"Accounting May variance was $1,930,994 vs plan",r52-0002680,completed,2026-06-18T10:32:45Z,9900
dperez@crestviewinsurance.com,AP Aging Analyst,Summarize the Jan variance for entity CA-04,"Accounting Jan variance was $504,701 vs plan",r52-0002681,completed,2026-06-18T12:30:55Z,25900
swilson@crestviewinsurance.com,Board Deck Builder,Check covenant compliance for the revolver,"Treasury Apr variance was $4,706,021 vs plan",r52-0002682,completed,2026-06-18T11:06:45Z,15100
kmiller@crestviewinsurance.com,Variance Explainer,Reconcile AP aging over 90 days for MX-08,"Ops Feb variance was $2,559,682 vs plan",r52-0002683,completed,2026-06-18T11:27:16Z,36800
yrobinson@crestviewinsurance.com,Covenant Checker,Reconcile AP aging over 90 days for EU-08,"Ops Jan variance was $4,262,593 vs plan",r52-0002684,completed,2026-06-18T12:16:10Z,62100
mjones@crestviewinsurance.com,Headcount Planner,Which cost centers are over budget YTD?,"FP&A May variance was $2,408,778 vs plan",r52-0002685,completed,2026-06-18T12:01:07Z,64100
jpatel@crestviewinsurance.com,Journal Entry Reviewer,Build the board deck cash slide for Mar,"FP&A Mar variance was $1,793,459 vs plan",r52-0002686,completed,2026-06-18T08:40:54Z,57500
mjones@crestviewinsurance.com,Flux Commentary,Explain the headcount variance vs plan,"Treasury Jan variance was $3,752,414 vs plan",r52-0002687,completed,2026-06-19T21:06:22Z,16400
jjohnson@crestviewinsurance.com,Budget vs Actual,Forecast Apr operating cash flow,"Accounting Apr variance was $511,985 vs plan",r52-0002688,completed,2026-06-19T17:40:49Z,72600
swilson@crestviewinsurance.com,Headcount Planner,Why did Accounting spend exceed budget in Jun?,"Accounting Jun variance was $2,853,630 vs plan",r52-0002689,completed,2026-06-19T07:47:45Z,6400
dperez@crestviewinsurance.com,Revenue Recognizer,Summarize the Feb variance for entity MX-07,"Treasury Feb variance was $2,166,549 vs plan",r52-0002690,completed,2026-06-19T11:51:34Z,19600
drodriguez@crestviewinsurance.com,Journal Entry Reviewer,Check covenant compliance for the revolver,"Ops Jun variance was $4,400,263 vs plan",r52-0002691,completed,2026-06-19T09:17:49Z,46700
mjones@crestviewinsurance.com,Revenue Recognizer,Summarize the Jun variance for entity EU-04,"Ops Jun variance was $2,626,615 vs plan",r52-0002692,completed,2026-06-19T11:14:22Z,73600
jjohnson@crestviewinsurance.com,Flux Commentary,Forecast Mar operating cash flow,"Ops Mar variance was $3,797,497 vs plan",r52-0002693,completed,2026-06-19T16:32:11Z,50900
jrobinson@crestviewinsurance.com,Vendor Spend Analyzer,Check covenant compliance for the revolver,"Ops Mar variance was $2,241,382 vs plan",r52-0002694,completed,2026-06-19T12:33:45Z,42200
lwilson@crestviewinsurance.com,Close Checklist Bot,Check covenant compliance for the revolver,"Treasury Apr variance was $1,387,347 vs plan",r52-0002695,completed,2026-06-19T18:31:35Z,12600
jjohnson@crestviewinsurance.com,Flux Commentary,Check covenant compliance for the revolver,"Accounting Jan variance was $614,478 vs plan",r52-0002696,completed,2026-06-19T11:41:00Z,6000
jbrown@crestviewinsurance.com,Revenue Recognizer,Why did Treasury spend exceed budget in Mar?,"Treasury Mar variance was $2,804,273 vs plan",r52-0002697,completed,2026-06-19T13:30:54Z,43400
mjones@crestviewinsurance.com,Journal Entry Reviewer,Draft flux commentary for the Jan close,"Accounting Jan variance was $1,068,234 vs plan",r52-0002698,completed,2026-06-19T11:43:08Z,21800
jjohnson@crestviewinsurance.com,Headcount Planner,Explain the headcount variance vs plan,Traceback (most recent call last): KeyError 'entity',r52-0002699,error,2026-06-19T09:08:50Z,1400
yrobinson@crestviewinsurance.com,Variance Explainer,Which cost centers are over budget YTD?,"Ops Jun variance was $3,915,741 vs plan",r52-0002700,completed,2026-06-19T13:12:11Z,72200
jjohnson@crestviewinsurance.com,Headcount Planner,Why did FP&A spend exceed budget in Jan?,"FP&A Jan variance was $4,758,093 vs plan",r52-0002701,completed,2026-06-19T17:32:14Z,32500
rmartinez@crestviewinsurance.com,Board Deck Builder,Reconcile AP aging over 90 days for US-08,Traceback (most recent call last): KeyError 'entity',r52-0002702,error,2026-06-19T12:57:21Z,1800
mjones@crestviewinsurance.com,Journal Entry Reviewer,Which cost centers are over budget YTD?,"FP&A Feb variance was $4,603,486 vs plan",r52-0002703,completed,2026-06-19T08:50:29Z,61400
jpatel@crestviewinsurance.com,Flux Commentary,Reconcile AP aging over 90 days for MX-03,"FP&A May variance was $4,224,060 vs plan",r52-0002704,completed,2026-06-19T17:13:13Z,68800
jjohnson@crestviewinsurance.com,Vendor Spend Analyzer,Reconcile AP aging over 90 days for EU-08,"Accounting Apr variance was $2,901,092 vs plan",r52-0002705,completed,2026-06-19T10:34:05Z,65200
mjones@crestviewinsurance.com,Revenue Recognizer,Forecast Feb operating cash flow,"Treasury Feb variance was $2,689,291 vs plan",r52-0002706,completed,2026-06-19T10:10:05Z,25500
yrobinson@crestviewinsurance.com,Budget vs Actual,Which cost centers are over budget YTD?,"FP&A Mar variance was $2,282,552 vs plan",r52-0002707,completed,2026-06-19T16:59:59Z,47900
mjones@crestviewinsurance.com,Flux Commentary,Reconcile AP aging over 90 days for CA-06,"FP&A Mar variance was $2,161,722 vs plan",r52-0002708,completed,2026-06-19T10:12:53Z,38100
mjones@crestviewinsurance.com,Headcount Planner,Why did Accounting spend exceed budget in Jan?,error: connection reset by peer,r52-0002709,completed,2026-06-19T12:31:19Z,900
yrobinson@crestviewinsurance.com,Flux Commentary,Build the board deck cash slide for Mar,"Ops Mar variance was $3,048,294 vs plan",r52-0002710,completed,2026-06-19T09:19:42Z,43200
kmiller@crestviewinsurance.com,Variance Explainer,Which cost centers are over budget YTD?,"Accounting Mar variance was $2,131,558 vs plan",r52-0002711,completed,2026-06-19T10:33:32Z,31200
mjones@crestviewinsurance.com,Board Deck Builder,Explain the headcount variance vs plan,"Accounting May variance was $503,176 vs plan",r52-0002712,completed,2026-06-19T18:46:19Z,19200
jnguyen@crestviewinsurance.com,Journal Entry Reviewer,Summarize the Mar variance for entity CA-05,"Treasury Mar variance was $532,674 vs plan",r52-0002713,completed,2026-06-19T17:52:21Z,3700
mjones@crestviewinsurance.com,Variance Explainer,Summarize the May variance for entity MX-09,"Treasury May variance was $4,056,036 vs plan",r52-0002714,completed,2026-06-19T14:11:21Z,37700
jjohnson@crestviewinsurance.com,Budget vs Actual,Check covenant compliance for the revolver,"Accounting Jun variance was $3,351,704 vs plan",r52-0002715,completed,2026-06-19T13:18:24Z,37200
jjohnson@crestviewinsurance.com,Covenant Checker,Build the board deck cash slide for Mar,"Ops Mar variance was $1,533,546 vs plan",r52-0002716,completed,2026-06-19T07:31:50Z,32400
jlopez@crestviewinsurance.com,AP Aging Analyst,Which cost centers are over budget YTD?,"Ops Jun variance was $2,799,942 vs plan",r52-0002717,completed,2026-06-19T09:23:12Z,29800
mjones@crestviewinsurance.com,Revenue Recognizer,Check covenant compliance for the revolver,"Accounting Mar variance was $704,825 vs plan",r52-0002718,completed,2026-06-19T13:02:54Z,48500
jjohnson@crestviewinsurance.com,AP Aging Analyst,Check covenant compliance for the revolver,"Accounting Feb variance was $3,670,975 vs plan",r52-0002719,completed,2026-06-19T07:21:22Z,23100
mjones@crestviewinsurance.com,Headcount Planner,Which cost centers are over budget YTD?,"Treasury May variance was $3,623,682 vs plan",r52-0002720,completed,2026-06-19T11:10:57Z,4500
jjohnson@crestviewinsurance.com,Flux Commentary,Why did Treasury spend exceed budget in Jan?,"Treasury Jan variance was $4,722,470 vs plan",r52-0002721,completed,2026-06-19T17:30:08Z,15800
yrobinson@crestviewinsurance.com,Revenue Recognizer,Reconcile AP aging over 90 days for US-08,"Treasury Apr variance was $3,124,450 vs plan",r52-0002722,completed,2026-06-19T21:57:12Z,45600
fjackson@crestviewinsurance.com,Vendor Spend Analyzer,Build the board deck cash slide for Apr,"Treasury Apr variance was $4,351,201 vs plan",r52-0002723,completed,2026-06-20T15:17:18Z,68600
mjones@crestviewinsurance.com,Headcount Planner,Check covenant compliance for the revolver,"Treasury Jun variance was $4,229,357 vs plan",r52-0002724,completed,2026-06-20T13:59:44Z,32800
jjohnson@crestviewinsurance.com,Journal Entry Reviewer,Build the board deck cash slide for Mar,"Ops Mar variance was $2,670,830 vs plan",r52-0002725,completed,2026-06-20T13:20:44Z,18300
mjones@crestviewinsurance.com,Headcount Planner,Explain the headcount variance vs plan,"FP&A Apr variance was $4,167,412 vs plan",r52-0002726,completed,2026-06-20T12:19:27Z,11400
swilson@crestviewinsurance.com,Board Deck Builder,Explain the headcount variance vs plan,ERROR: upstream request timed out,r52-0002727,completed,2026-06-20T07:20:38Z,1500
mjones@crestviewinsurance.com,Board Deck Builder,Why did Ops spend exceed budget in Feb?,"Ops Feb variance was $2,555,242 vs plan",r52-0002728,completed,2026-06-20T11:54:36Z,27500
yrobinson@crestviewinsurance.com,Budget vs Actual,Summarize the Mar variance for entity MX-06,"Accounting Mar variance was $4,338,743 vs plan",r52-0002729,completed,2026-06-20T09:53:37Z,31000
mjones@crestviewinsurance.com,Cash Forecaster,Reconcile AP aging over 90 days for EU-07,"FP&A Jan variance was $3,275,929 vs plan",r52-0002730,completed,2026-06-20T11:50:33Z,34800
mjones@crestviewinsurance.com,Flux Commentary,Summarize the Apr variance for entity CA-04,"Accounting Apr variance was $488,423 vs plan",r52-0002731,completed,2026-06-20T15:48:35Z,54600
mjones@crestviewinsurance.com,Close Checklist Bot,Reconcile AP aging over 90 days for CA-06,"Ops May variance was $4,485,063 vs plan",r52-0002732,completed,2026-06-20T09:02:07Z,10900
yrobinson@crestviewinsurance.com,Board Deck Builder,Summarize the May variance for entity MX-06,"Accounting May variance was $4,197,877 vs plan",r52-0002733,completed,2026-06-20T10:05:30Z,7500
mjones@crestviewinsurance.com,Variance Explainer,What drove the change in gross margin this quarter?,"Accounting Jan variance was $4,246,991 vs plan",r52-0002734,completed,2026-06-21T13:07:27Z,61500
mjones@crestviewinsurance.com,Board Deck Builder,Why did FP&A spend exceed budget in Feb?,"FP&A Feb variance was $1,345,581 vs plan",r52-0002735,completed,2026-06-21T17:39:47Z,5400
jjohnson@crestviewinsurance.com,Headcount Planner,Why did Treasury spend exceed budget in Feb?,"Treasury Feb variance was $2,303,085 vs plan",r52-0002736,completed,2026-06-21T14:29:17Z,26100
jjohnson@crestviewinsurance.com,AP Aging Analyst,Which cost centers are over budget YTD?,"Ops Jun variance was $3,645,078 vs plan",r52-0002737,completed,2026-06-21T16:33:05Z,43600
yrobinson@crestviewinsurance.com,Flux Commentary,Reconcile AP aging over 90 days for EU-02,"Treasury Apr variance was $4,284,355 vs plan",r52-0002738,completed,2026-06-21T13:45:46Z,63000
swilson@crestviewinsurance.com,Flux Commentary,Build the board deck cash slide for May,"FP&A May variance was $2,066,898 vs plan",r52-0002739,completed,2026-06-21T12:04:22Z,30800
jjohnson@crestviewinsurance.com,Close Checklist Bot,Reconcile AP aging over 90 days for US-03,"Treasury May variance was $1,158,820 vs plan",r52-0002740,completed,2026-06-21T16:18:03Z,37800
jjohnson@crestviewinsurance.com,Cash Forecaster,Summarize the Jan variance for entity MX-08,"Accounting Jan variance was $1,600,927 vs plan",r52-0002741,completed,2026-06-21T13:25:14Z,16000
jjohnson@crestviewinsurance.com,Variance Explainer,Forecast Feb operating cash flow,"Ops Feb variance was $3,604,998 vs plan",r52-0002742,completed,2026-06-21T16:50:00Z,57000
yrobinson@crestviewinsurance.com,AP Aging Analyst,Why did FP&A spend exceed budget in Jan?,"FP&A Jan variance was $4,730,186 vs plan",r52-0002743,completed,2026-06-21T10:32:11Z,26300
jjohnson@crestviewinsurance.com,Headcount Planner,Summarize the May variance for entity EU-05,"Accounting May variance was $977,347 vs plan",r52-0002744,completed,2026-06-21T19:39:13Z,57700
jjohnson@crestviewinsurance.com,Journal Entry Reviewer,Why did Ops spend exceed budget in Feb?,error: connection reset by peer,r52-0002745,completed,2026-06-21T17:58:25Z,1900
fjackson@crestviewinsurance.com,Headcount Planner,Why did Ops spend exceed budget in Feb?,"Ops Feb variance was $2,706,717 vs plan",r52-0002746,completed,2026-06-22T13:21:16Z,54500
mjones@crestviewinsurance.com,Board Deck Builder,Build the board deck cash slide for Mar,"FP&A Mar variance was $1,234,916 vs plan",r52-0002747,completed,2026-06-22T13:13:24Z,21000
jjohnson@crestviewinsurance.com,Revenue Recognizer,Why did Treasury spend exceed budget in Jun?,"Treasury Jun variance was $4,416,912 vs plan",r52-0002748,completed,2026-06-22T10:41:15Z,54400
jjohnson@crestviewinsurance.com,Budget vs Actual,Forecast Feb operating cash flow,"Accounting Feb variance was $3,345,342 vs plan",r52-0002749,completed,2026-06-22T10:17:59Z,37100
jpatel@crestviewinsurance.com,Headcount Planner,Which cost centers are over budget YTD?,"Accounting Jun variance was $2,740,228 vs plan",r52-0002750,completed,2026-06-22T13:40:15Z,44700
jwilliams@crestviewinsurance.com,Journal Entry Reviewer,Build the board deck cash slide for Apr,"Ops Apr variance was $3,225,756 vs plan",r52-0002751,completed,2026-06-22T15:50:58Z,3600
jjohnson@crestviewinsurance.com,Vendor Spend Analyzer,Why did Treasury spend exceed budget in Jun?,Traceback (most recent call last): KeyError 'entity',r52-0002752,error,2026-06-22T12:39:27Z,1200
lwilson@crestviewinsurance.com,Budget vs Actual,Reconcile AP aging over 90 days for CA-05,"Accounting Feb variance was $2,968,790 vs plan",r52-0002753,completed,2026-06-22T12:13:19Z,71900
yrobinson@crestviewinsurance.com,Revenue Recognizer,Check covenant compliance for the revolver,Traceback (most recent call last): KeyError 'entity',r52-0002754,completed,2026-06-22T11:41:22Z,1200
mjones@crestviewinsurance.com,AP Aging Analyst,Check covenant compliance for the revolver,"FP&A May variance was $286,990 vs plan",r52-0002755,completed,2026-06-22T12:59:33Z,17700
jjohnson@crestviewinsurance.com,Journal Entry Reviewer,Reconcile AP aging over 90 days for US-05,"Accounting Mar variance was $1,820,194 vs plan",r52-0002756,completed,2026-06-22T13:18:32Z,4300
dperez@crestviewinsurance.com,Revenue Recognizer,Check covenant compliance for the revolver,"Ops Jun variance was $1,421,537 vs plan",r52-0002757,completed,2026-06-22T13:36:59Z,73200
djohnson@crestviewinsurance.com,Cash Forecaster,What drove the change in gross margin this quarter?,"Ops Jun variance was $4,148,351 vs plan",r52-0002758,completed,2026-06-22T14:38:49Z,33700
yrobinson@crestviewinsurance.com,AP Aging Analyst,Forecast Apr operating cash flow,FAILED: null reference in aggregation step,r52-0002759,error,2026-06-22T08:36:51Z,3000
jjohnson@crestviewinsurance.com,Cash Forecaster,What drove the change in gross margin this quarter?,"Ops Jun variance was $3,694,010 vs plan",r52-0002760,completed,2026-06-22T15:57:33Z,74100
mjones@crestviewinsurance.com,Cash Forecaster,Which cost centers are over budget YTD?,"Treasury Jan variance was $3,266,149 vs plan",r52-0002761,completed,2026-06-22T13:46:17Z,32200
jpatel@crestviewinsurance.com,Journal Entry Reviewer,Which cost centers are over budget YTD?,ERROR: upstream request timed out,r52-0002762,error,2026-06-22T11:54:54Z,700
mjones@crestviewinsurance.com,Revenue Recognizer,Draft flux commentary for the Jun close,"FP&A Jun variance was $2,435,823 vs plan",r52-0002763,completed,2026-06-22T13:07:54Z,56700
kmiller@crestviewinsurance.com,Revenue Recognizer,Why did Ops spend exceed budget in Jan?,"Ops Jan variance was $798,360 vs plan",r52-0002764,completed,2026-06-22T11:10:13Z,10800
jjohnson@crestviewinsurance.com,Cash Forecaster,What drove the change in gross margin this quarter?,"Ops Feb variance was $3,757,514 vs plan",r52-0002765,completed,2026-06-22T10:01:05Z,55600
yrobinson@crestviewinsurance.com,Headcount Planner,Forecast Jan operating cash flow,"Treasury Jan variance was $4,115,080 vs plan",r52-0002766,completed,2026-06-22T15:10:07Z,9200
lwilson@crestviewinsurance.com,Board Deck Builder,Draft flux commentary for the Jun close,"Ops Jun variance was $65,902 vs plan",r52-0002767,completed,2026-06-22T12:33:02Z,7700
mjones@crestviewinsurance.com,Covenant Checker,Summarize the May variance for entity US-02,"FP&A May variance was $3,338,629 vs plan",r52-0002768,completed,2026-06-22T09:42:47Z,10500
mjones@crestviewinsurance.com,Headcount Planner,Draft flux commentary for the Jan close,error: connection reset by peer,r52-0002769,completed,2026-06-22T15:58:12Z,400
kmiller@crestviewinsurance.com,Board Deck Builder,Build the board deck cash slide for Jun,"Treasury Jun variance was $4,234,460 vs plan",r52-0002770,completed,2026-06-22T10:16:15Z,49200
mjones@crestviewinsurance.com,Cash Forecaster,Reconcile AP aging over 90 days for US-06,"Treasury Mar variance was $4,677,946 vs plan",r52-0002771,completed,2026-06-22T12:18:26Z,56900
mjones@crestviewinsurance.com,Covenant Checker,Draft flux commentary for the May close,"Treasury May variance was $1,744,001 vs plan",r52-0002772,completed,2026-06-22T11:56:11Z,3900
mjones@crestviewinsurance.com,Covenant Checker,Which cost centers are over budget YTD?,"FP&A May variance was $1,928,031 vs plan",r52-0002773,completed,2026-06-22T06:34:28Z,65200
yrobinson@crestviewinsurance.com,Close Checklist Bot,Summarize the Jun variance for entity CA-05,"Treasury Jun variance was $259,997 vs plan",r52-0002774,completed,2026-06-22T15:42:43Z,12800
jnguyen@crestviewinsurance.com,Headcount Planner,Forecast Jan operating cash flow,"Treasury Jan variance was $2,898,626 vs plan",r52-0002775,completed,2026-06-22T11:09:13Z,35300
jjohnson@crestviewinsurance.com,Close Checklist Bot,Reconcile AP aging over 90 days for MX-07,Traceback (most recent call last): KeyError 'entity',r52-0002776,error,2026-06-22T11:25:04Z,3100
fjackson@crestviewinsurance.com,Vendor Spend Analyzer,Summarize the Feb variance for entity EU-02,"Ops Feb variance was $2,640,888 vs plan",r52-0002777,completed,2026-06-22T10:08:57Z,45700
yrobinson@crestviewinsurance.com,Flux Commentary,What drove the change in gross margin this quarter?,"Treasury May variance was $616,775 vs plan",r52-0002778,completed,2026-06-22T14:57:18Z,7800
mjones@crestviewinsurance.com,Vendor Spend Analyzer,What drove the change in gross margin this quarter?,Traceback (most recent call last): KeyError 'entity',r52-0002779,completed,2026-06-22T07:22:39Z,500
mjones@crestviewinsurance.com,Flux Commentary,Reconcile AP aging over 90 days for MX-07,"Accounting Apr variance was $2,023,730 vs plan",r52-0002780,completed,2026-06-22T10:37:48Z,73200
jnguyen@crestviewinsurance.com,Flux Commentary,Explain the headcount variance vs plan,ERROR: upstream request timed out,r52-0002781,completed,2026-06-22T15:42:41Z,900
mwalker@crestviewinsurance.com,Close Checklist Bot,Explain the headcount variance vs plan,"FP&A Jun variance was $3,784,826 vs plan",r52-0002782,completed,2026-06-22T13:19:06Z,5000
mtaylor@crestviewinsurance.com,Covenant Checker,Why did Accounting spend exceed budget in May?,"Accounting May variance was $4,190,385 vs plan",r52-0002783,completed,2026-06-22T14:18:03Z,51400
mjones@crestviewinsurance.com,Board Deck Builder,Check covenant compliance for the revolver,"Accounting Apr variance was $3,823,233 vs plan",r52-0002784,completed,2026-06-22T14:53:48Z,30300
mjones@crestviewinsurance.com,Headcount Planner,What drove the change in gross margin this quarter?,"Treasury Feb variance was $1,962,622 vs plan",r52-0002785,completed,2026-06-22T10:36:52Z,57600
jjohnson@crestviewinsurance.com,Journal Entry Reviewer,Forecast May operating cash flow,error code 502 from model gateway,r52-0002786,completed,2026-06-22T10:39:03Z,1700
kmiller@crestviewinsurance.com,Revenue Recognizer,What drove the change in gross margin this quarter?,"Ops Jan variance was $2,053,961 vs plan",r52-0002787,completed,2026-06-23T10:07:19Z,7100
swilson@crestviewinsurance.com,Revenue Recognizer,Draft flux commentary for the May close,FAILED: null reference in aggregation step,r52-0002788,completed,2026-06-23T08:47:09Z,1300
mjones@crestviewinsurance.com,Board Deck Builder,Check covenant compliance for the revolver,"Accounting Mar variance was $3,240,663 vs plan",r52-0002789,completed,2026-06-23T12:03:30Z,67100
yrobinson@crestviewinsurance.com,Variance Explainer,Summarize the Feb variance for entity US-07,"Ops Feb variance was $1,397,649 vs plan",r52-0002790,completed,2026-06-23T06:54:33Z,20200
jjohnson@crestviewinsurance.com,Revenue Recognizer,Why did Treasury spend exceed budget in Feb?,"Treasury Feb variance was $1,595,916 vs plan",r52-0002791,completed,2026-06-23T12:48:16Z,43400
jpatel@crestviewinsurance.com,AP Aging Analyst,Check covenant compliance for the revolver,"Accounting Apr variance was $1,009,493 vs plan",r52-0002792,completed,2026-06-23T11:44:47Z,56300
mjones@crestviewinsurance.com,Variance Explainer,Summarize the Feb variance for entity MX-09,"Accounting Feb variance was $3,838,411 vs plan",r52-0002793,completed,2026-06-23T17:34:25Z,29900
mjones@crestviewinsurance.com,Headcount Planner,Draft flux commentary for the Feb close,"FP&A Feb variance was $2,684,777 vs plan",r52-0002794,completed,2026-06-23T15:48:01Z,48200
yrobinson@crestviewinsurance.com,Budget vs Actual,Build the board deck cash slide for Jan,"Accounting Jan variance was $2,825,016 vs plan",r52-0002795,completed,2026-06-23T14:17:04Z,42500
jkim@crestviewinsurance.com,Variance Explainer,Draft flux commentary for the Jun close,"Treasury Jun variance was $3,677,861 vs plan",r52-0002796,completed,2026-06-23T17:59:42Z,7100
jjohnson@crestviewinsurance.com,Vendor Spend Analyzer,Which cost centers are over budget YTD?,"Accounting Mar variance was $3,128,334 vs plan",r52-0002797,completed,2026-06-23T14:16:10Z,72900
jjohnson@crestviewinsurance.com,Variance Explainer,Draft flux commentary for the Jun close,"Ops Jun variance was $3,012,165 vs plan",r52-0002798,completed,2026-06-23T16:29:24Z,30100
dhaddad@crestviewinsurance.com,Journal Entry Reviewer,Summarize the Jun variance for entity EU-01,"FP&A Jun variance was $1,794,183 vs plan",r52-0002799,completed,2026-06-23T14:01:13Z,51400
mjones@crestviewinsurance.com,Journal Entry Reviewer,What drove the change in gross margin this quarter?,"Ops Mar variance was $2,136,569 vs plan",r52-0002800,completed,2026-06-23T13:23:32Z,19000
kmiller@crestviewinsurance.com,Vendor Spend Analyzer,Summarize the May variance for entity CA-08,"Treasury May variance was $3,256,298 vs plan",r52-0002801,completed,2026-06-23T14:55:42Z,47700
jjohnson@crestviewinsurance.com,Journal Entry Reviewer,Check covenant compliance for the revolver,"Ops Feb variance was $461,866 vs plan",r52-0002802,completed,2026-06-23T14:47:18Z,68900
lwilson@crestviewinsurance.com,Vendor Spend Analyzer,Build the board deck cash slide for May,"Ops May variance was $2,271,170 vs plan",r52-0002803,completed,2026-06-23T20:45:28Z,33100
mjones@crestviewinsurance.com,Headcount Planner,Why did FP&A spend exceed budget in May?,"FP&A May variance was $2,773,563 vs plan",r52-0002804,completed,2026-06-23T10:25:44Z,48200
mtaylor@crestviewinsurance.com,Revenue Recognizer,Summarize the Feb variance for entity EU-02,"Accounting Feb variance was $3,915,608 vs plan",r52-0002805,completed,2026-06-23T13:25:55Z,36300
mjones@crestviewinsurance.com,Cash Forecaster,Reconcile AP aging over 90 days for MX-09,"Ops May variance was $3,923,999 vs plan",r52-0002806,completed,2026-06-23T13:43:40Z,68500
jjohnson@crestviewinsurance.com,Budget vs Actual,Build the board deck cash slide for Apr,error: connection reset by peer,r52-0002807,completed,2026-06-23T11:19:37Z,500
dhaddad@crestviewinsurance.com,Vendor Spend Analyzer,Why did Ops spend exceed budget in Feb?,"Ops Feb variance was $2,708,567 vs plan",r52-0002808,completed,2026-06-23T11:02:56Z,27000
mjones@crestviewinsurance.com,Revenue Recognizer,Forecast Mar operating cash flow,"Ops Mar variance was $4,797,245 vs plan",r52-0002809,completed,2026-06-23T12:06:42Z,73900
dperez@crestviewinsurance.com,Cash Forecaster,Summarize the Apr variance for entity MX-03,"Treasury Apr variance was $365,805 vs plan",r52-0002810,completed,2026-06-23T13:16:36Z,29200
djohnson@crestviewinsurance.com,Flux Commentary,Explain the headcount variance vs plan,"Accounting Mar variance was $26,901 vs plan",r52-0002811,completed,2026-06-23T12:51:45Z,29300
jjohnson@crestviewinsurance.com,Cash Forecaster,Summarize the Jun variance for entity MX-03,"Ops Jun variance was $4,265,384 vs plan",r52-0002812,completed,2026-06-23T15:25:51Z,59600
drodriguez@crestviewinsurance.com,Vendor Spend Analyzer,Why did FP&A spend exceed budget in Mar?,"FP&A Mar variance was $3,678,536 vs plan",r52-0002813,completed,2026-06-23T14:35:58Z,37900
kmiller@crestviewinsurance.com,Vendor Spend Analyzer,Reconcile AP aging over 90 days for CA-09,"FP&A Jun variance was $729,357 vs plan",r52-0002814,completed,2026-06-24T14:52:10Z,54300
jwilliams@crestviewinsurance.com,Flux Commentary,Draft flux commentary for the Jun close,"Accounting Jun variance was $1,890,060 vs plan",r52-0002815,completed,2026-06-24T13:36:54Z,20200
mjones@crestviewinsurance.com,Variance Explainer,Reconcile AP aging over 90 days for US-04,"FP&A Jun variance was $1,593,874 vs plan",r52-0002816,completed,2026-06-24T16:11:20Z,18100
jnguyen@crestviewinsurance.com,Board Deck Builder,Forecast Jan operating cash flow,"Ops Jan variance was $638,076 vs plan",r52-0002817,completed,2026-06-24T07:44:45Z,14900
mjones@crestviewinsurance.com,Vendor Spend Analyzer,Reconcile AP aging over 90 days for US-07,ERROR: upstream request timed out,r52-0002818,completed,2026-06-24T18:38:20Z,1100
jjohnson@crestviewinsurance.com,Budget vs Actual,What drove the change in gross margin this quarter?,FAILED: null reference in aggregation step,r52-0002819,completed,2026-06-24T17:27:42Z,1400
jjohnson@crestviewinsurance.com,Vendor Spend Analyzer,Which cost centers are over budget YTD?,"FP&A Jan variance was $1,390,359 vs plan",r52-0002820,completed,2026-06-24T16:33:20Z,31000
dperez@crestviewinsurance.com,Revenue Recognizer,Forecast Apr operating cash flow,"FP&A Apr variance was $1,368,359 vs plan",r52-0002821,completed,2026-06-24T12:47:58Z,41900
jjohnson@crestviewinsurance.com,Headcount Planner,Build the board deck cash slide for Jun,"FP&A Jun variance was $3,918,519 vs plan",r52-0002822,completed,2026-06-24T10:43:13Z,14200
dperez@crestviewinsurance.com,Covenant Checker,Why did Accounting spend exceed budget in Jun?,"Accounting Jun variance was $1,548,040 vs plan",r52-0002823,completed,2026-06-24T12:24:21Z,12800
yrobinson@crestviewinsurance.com,AP Aging Analyst,Summarize the Feb variance for entity EU-08,"Ops Feb variance was $206,217 vs plan",r52-0002824,completed,2026-06-24T13:36:12Z,29200
mjones@crestviewinsurance.com,Variance Explainer,Forecast Jan operating cash flow,"Ops Jan variance was $1,747,238 vs plan",r52-0002825,completed,2026-06-24T16:17:11Z,19800
mjones@crestviewinsurance.com,Board Deck Builder,Check covenant compliance for the revolver,"Accounting Mar variance was $73,911 vs plan",r52-0002826,completed,2026-06-24T11:17:46Z,26000
dperez@crestviewinsurance.com,Board Deck Builder,Forecast Apr operating cash flow,"FP&A Apr variance was $925,317 vs plan",r52-0002827,completed,2026-06-24T10:33:52Z,11400
mjones@crestviewinsurance.com,Revenue Recognizer,Why did Accounting spend exceed budget in Jan?,"Accounting Jan variance was $159,369 vs plan",r52-0002828,completed,2026-06-24T14:45:13Z,73000
dperez@crestviewinsurance.com,Revenue Recognizer,Check covenant compliance for the revolver,"FP&A Jan variance was $3,796,957 vs plan",r52-0002829,completed,2026-06-24T10:30:26Z,27500
yrobinson@crestviewinsurance.com,Flux Commentary,Which cost centers are over budget YTD?,"FP&A May variance was $1,911,696 vs plan",r52-0002830,completed,2026-06-24T09:26:56Z,59700
jrobinson@crestviewinsurance.com,Close Checklist Bot,Draft flux commentary for the Feb close,"Accounting Feb variance was $2,408,297 vs plan",r52-0002831,completed,2026-06-24T17:00:47Z,60000
swilson@crestviewinsurance.com,Headcount Planner,Check covenant compliance for the revolver,"Treasury Feb variance was $1,490,533 vs plan",r52-0002832,completed,2026-06-24T09:57:51Z,10400
jjohnson@crestviewinsurance.com,Journal Entry Reviewer,Which cost centers are over budget YTD?,"Treasury May variance was $2,287,487 vs plan",r52-0002833,completed,2026-06-24T12:45:32Z,58200
dperez@crestviewinsurance.com,AP Aging Analyst,What drove the change in gross margin this quarter?,"FP&A Jun variance was $2,638,768 vs plan",r52-0002834,completed,2026-06-24T19:31:55Z,11600
jjohnson@crestviewinsurance.com,Headcount Planner,Explain the headcount variance vs plan,"Treasury Apr variance was $3,654,341 vs plan",r52-0002835,completed,2026-06-24T11:38:58Z,70900
mjones@crestviewinsurance.com,Close Checklist Bot,Which cost centers are over budget YTD?,"Accounting May variance was $3,708,437 vs plan",r52-0002836,completed,2026-06-24T14:51:48Z,66000
jbrown@crestviewinsurance.com,Revenue Recognizer,Forecast Mar operating cash flow,"Ops Mar variance was $1,974,676 vs plan",r52-0002837,completed,2026-06-24T12:01:37Z,70200
mjones@crestviewinsurance.com,Journal Entry Reviewer,What drove the change in gross margin this quarter?,"Ops May variance was $3,104,610 vs plan",r52-0002838,completed,2026-06-24T13:38:47Z,72400
jjohnson@crestviewinsurance.com,Close Checklist Bot,Check covenant compliance for the revolver,"Ops Jan variance was $3,290,077 vs plan",r52-0002839,completed,2026-06-24T15:58:15Z,52300
mjones@crestviewinsurance.com,Headcount Planner,Forecast Feb operating cash flow,"Ops Feb variance was $2,864,683 vs plan",r52-0002840,completed,2026-06-24T15:21:09Z,74900
jjohnson@crestviewinsurance.com,Budget vs Actual,Build the board deck cash slide for Feb,"Ops Feb variance was $426,837 vs plan",r52-0002841,completed,2026-06-25T13:50:18Z,61100
jrobinson@crestviewinsurance.com,Cash Forecaster,What drove the change in gross margin this quarter?,error code 502 from model gateway,r52-0002842,completed,2026-06-25T11:04:08Z,500
jjohnson@crestviewinsurance.com,AP Aging Analyst,Forecast Jun operating cash flow,"FP&A Jun variance was $3,611,330 vs plan",r52-0002843,completed,2026-06-25T15:34:58Z,70300
mjones@crestviewinsurance.com,Vendor Spend Analyzer,Reconcile AP aging over 90 days for MX-07,"Treasury Jan variance was $3,904,632 vs plan",r52-0002844,completed,2026-06-25T13:12:49Z,50300
yrobinson@crestviewinsurance.com,Flux Commentary,Summarize the Jun variance for entity EU-08,FAILED: null reference in aggregation step,r52-0002845,completed,2026-06-25T12:27:52Z,1800
dperez@crestviewinsurance.com,Covenant Checker,Build the board deck cash slide for Feb,FAILED: null reference in aggregation step,r52-0002846,completed,2026-06-25T17:25:04Z,400
mjones@crestviewinsurance.com,Vendor Spend Analyzer,Check covenant compliance for the revolver,"FP&A Jun variance was $21,024 vs plan",r52-0002847,completed,2026-06-25T06:06:43Z,12500
jjohnson@crestviewinsurance.com,Revenue Recognizer,Summarize the Apr variance for entity CA-08,"Treasury Apr variance was $3,454,793 vs plan",r52-0002848,completed,2026-06-25T08:44:23Z,45300
drodriguez@crestviewinsurance.com,Variance Explainer,Reconcile AP aging over 90 days for CA-08,"Accounting May variance was $4,347,204 vs plan",r52-0002849,completed,2026-06-25T15:26:51Z,65500
kmiller@crestviewinsurance.com,Budget vs Actual,Explain the headcount variance vs plan,"Treasury Jun variance was $1,954,246 vs plan",r52-0002850,completed,2026-06-25T12:18:34Z,12500
dperez@crestviewinsurance.com,Covenant Checker,Draft flux commentary for the Jun close,ERROR: upstream request timed out,r52-0002851,completed,2026-06-25T12:21:38Z,1100
jjohnson@crestviewinsurance.com,Close Checklist Bot,Draft flux commentary for the Jun close,error: connection reset by peer,r52-0002852,error,2026-06-25T13:49:28Z,8000
yrobinson@crestviewinsurance.com,Journal Entry Reviewer,Check covenant compliance for the revolver,"Accounting Jun variance was $3,155,504 vs plan",r52-0002853,completed,2026-06-25T14:36:55Z,47400
jjohnson@crestviewinsurance.com,Cash Forecaster,Reconcile AP aging over 90 days for EU-05,"Accounting Jun variance was $1,394,800 vs plan",r52-0002854,completed,2026-06-25T10:50:30Z,59700
jjohnson@crestviewinsurance.com,Board Deck Builder,Check covenant compliance for the revolver,"Accounting Mar variance was $3,945,424 vs plan",r52-0002855,completed,2026-06-25T11:48:29Z,6000
jjohnson@crestviewinsurance.com,Variance Explainer,Which cost centers are over budget YTD?,"Treasury May variance was $293,064 vs plan",r52-0002856,completed,2026-06-25T15:50:53Z,73700
mjones@crestviewinsurance.com,Revenue Recognizer,Forecast May operating cash flow,"Ops May variance was $2,439,261 vs plan",r52-0002857,completed,2026-06-25T10:49:41Z,37300
jjohnson@crestviewinsurance.com,Cash Forecaster,Reconcile AP aging over 90 days for MX-04,"Accounting May variance was $1,944,962 vs plan",r52-0002858,completed,2026-06-25T14:34:30Z,61300
mjones@crestviewinsurance.com,Board Deck Builder,Explain the headcount variance vs plan,"FP&A Jan variance was $4,245,073 vs plan",r52-0002859,completed,2026-06-25T11:53:00Z,22400
mjones@crestviewinsurance.com,Journal Entry Reviewer,Reconcile AP aging over 90 days for EU-07,"FP&A Jun variance was $2,521,092 vs plan",r52-0002860,completed,2026-06-25T14:20:54Z,13900
sgonzalez@crestviewinsurance.com,Board Deck Builder,Summarize the May variance for entity US-04,"Accounting May variance was $3,028,066 vs plan",r52-0002861,completed,2026-06-25T09:58:24Z,5900
yrobinson@crestviewinsurance.com,AP Aging Analyst,Forecast Jan operating cash flow,"FP&A Jan variance was $4,188,708 vs plan",r52-0002862,completed,2026-06-25T12:02:38Z,32700
mjones@crestviewinsurance.com,Revenue Recognizer,Draft flux commentary for the Apr close,"FP&A Apr variance was $1,562,568 vs plan",r52-0002863,completed,2026-06-25T12:18:28Z,46800
jjohnson@crestviewinsurance.com,Variance Explainer,Why did Ops spend exceed budget in Jun?,"Ops Jun variance was $1,847,749 vs plan",r52-0002864,completed,2026-06-25T14:35:17Z,13100
jjohnson@crestviewinsurance.com,Journal Entry Reviewer,Check covenant compliance for the revolver,"Accounting May variance was $882,465 vs plan",r52-0002865,completed,2026-06-25T16:00:17Z,26100
jjohnson@crestviewinsurance.com,AP Aging Analyst,Explain the headcount variance vs plan,"Ops Jan variance was $2,572,789 vs plan",r52-0002866,completed,2026-06-26T17:33:39Z,44100
yrobinson@crestviewinsurance.com,Vendor Spend Analyzer,Which cost centers are over budget YTD?,"Ops Mar variance was $3,504,342 vs plan",r52-0002867,completed,2026-06-26T13:51:54Z,19500
mjones@crestviewinsurance.com,Budget vs Actual,Summarize the Jun variance for entity MX-05,"Ops Jun variance was $3,102,039 vs plan",r52-0002868,completed,2026-06-26T18:54:30Z,58800
jrobinson@crestviewinsurance.com,Cash Forecaster,Forecast Jun operating cash flow,Traceback (most recent call last): KeyError 'entity',r52-0002869,completed,2026-06-26T06:44:22Z,1600
jjohnson@crestviewinsurance.com,Board Deck Builder,Which cost centers are over budget YTD?,"Accounting Apr variance was $4,704,380 vs plan",r52-0002870,completed,2026-06-26T10:13:07Z,53000
jjohnson@crestviewinsurance.com,Flux Commentary,Build the board deck cash slide for Jan,"Ops Jan variance was $972,556 vs plan",r52-0002871,completed,2026-06-26T12:11:38Z,59800
jjohnson@crestviewinsurance.com,Budget vs Actual,Why did Treasury spend exceed budget in Feb?,"Treasury Feb variance was $4,462,940 vs plan",r52-0002872,completed,2026-06-26T11:46:10Z,23700
jbrown@crestviewinsurance.com,Headcount Planner,Forecast Apr operating cash flow,"FP&A Apr variance was $1,031,447 vs plan",r52-0002873,completed,2026-06-26T07:24:25Z,13600
jpatel@crestviewinsurance.com,Revenue Recognizer,Which cost centers are over budget YTD?,"FP&A Apr variance was $2,550,087 vs plan",r52-0002874,completed,2026-06-26T08:42:44Z,62500
dperez@crestviewinsurance.com,Budget vs Actual,Forecast Jan operating cash flow,"Treasury Jan variance was $2,211,189 vs plan",r52-0002875,completed,2026-06-26T10:26:35Z,47300
jjohnson@crestviewinsurance.com,Revenue Recognizer,Forecast Apr operating cash flow,"FP&A Apr variance was $3,669,809 vs plan",r52-0002876,completed,2026-06-26T16:40:48Z,61900
yrobinson@crestviewinsurance.com,Revenue Recognizer,What drove the change in gross margin this quarter?,"Ops Feb variance was $1,655,317 vs plan",r52-0002877,completed,2026-06-26T12:06:15Z,40000
yrobinson@crestviewinsurance.com,Covenant Checker,Forecast Mar operating cash flow,"Ops Mar variance was $3,584,422 vs plan",r52-0002878,completed,2026-06-26T12:23:34Z,61200
dperez@crestviewinsurance.com,Revenue Recognizer,Summarize the Jun variance for entity MX-08,"Accounting Jun variance was $3,715,209 vs plan",r52-0002879,completed,2026-06-26T11:35:45Z,55800
jjohnson@crestviewinsurance.com,Budget vs Actual,Draft flux commentary for the Apr close,"Ops Apr variance was $2,303,956 vs plan",r52-0002880,completed,2026-06-26T11:17:42Z,40600
mjones@crestviewinsurance.com,Headcount Planner,Build the board deck cash slide for Jan,"FP&A Jan variance was $1,377,767 vs plan",r52-0002881,completed,2026-06-26T14:29:42Z,57300
kmiller@crestviewinsurance.com,Flux Commentary,Reconcile AP aging over 90 days for EU-01,"Ops Jan variance was $2,600,009 vs plan",r52-0002882,completed,2026-06-26T10:45:58Z,32200
mjones@crestviewinsurance.com,Variance Explainer,Explain the headcount variance vs plan,"Accounting Jan variance was $3,082,969 vs plan",r52-0002883,completed,2026-06-26T15:30:13Z,70600
mjones@crestviewinsurance.com,AP Aging Analyst,Draft flux commentary for the Apr close,"Ops Apr variance was $4,250,582 vs plan",r52-0002884,completed,2026-06-26T16:44:45Z,31100
jjohnson@crestviewinsurance.com,Budget vs Actual,Check covenant compliance for the revolver,"Ops Mar variance was $3,855,591 vs plan",r52-0002885,completed,2026-06-26T11:55:09Z,47400
jjohnson@crestviewinsurance.com,Revenue Recognizer,Check covenant compliance for the revolver,"FP&A Feb variance was $3,657,251 vs plan",r52-0002886,completed,2026-06-26T15:48:43Z,3400
mjones@crestviewinsurance.com,Budget vs Actual,Summarize the May variance for entity MX-04,"Ops May variance was $4,747,413 vs plan",r52-0002887,completed,2026-06-26T16:53:44Z,47600
jrobinson@crestviewinsurance.com,Covenant Checker,What drove the change in gross margin this quarter?,"Accounting Mar variance was $4,416,708 vs plan",r52-0002888,completed,2026-06-27T09:21:35Z,55200
swilson@crestviewinsurance.com,Flux Commentary,Draft flux commentary for the Apr close,"Ops Apr variance was $2,622,157 vs plan",r52-0002889,completed,2026-06-27T13:13:28Z,31600
jjohnson@crestviewinsurance.com,Covenant Checker,Why did FP&A spend exceed budget in Feb?,"FP&A Feb variance was $4,339,440 vs plan",r52-0002890,completed,2026-06-27T08:27:54Z,62300
mjones@crestviewinsurance.com,Variance Explainer,Check covenant compliance for the revolver,"Treasury Jun variance was $4,505,485 vs plan",r52-0002891,completed,2026-06-27T09:27:01Z,6000
swilson@crestviewinsurance.com,Flux Commentary,Draft flux commentary for the Mar close,"Ops Mar variance was $4,676,234 vs plan",r52-0002892,completed,2026-06-27T13:12:09Z,70600
mjones@crestviewinsurance.com,Cash Forecaster,Reconcile AP aging over 90 days for EU-08,"Ops Jan variance was $267,194 vs plan",r52-0002893,completed,2026-06-27T13:11:47Z,70200
mjones@crestviewinsurance.com,Board Deck Builder,What drove the change in gross margin this quarter?,"Accounting Mar variance was $2,520 vs plan",r52-0002894,completed,2026-06-27T11:48:23Z,71300
drodriguez@crestviewinsurance.com,Covenant Checker,Summarize the Jun variance for entity MX-09,"Accounting Jun variance was $1,674,685 vs plan",r52-0002895,completed,2026-06-27T13:11:03Z,9300
jjohnson@crestviewinsurance.com,Close Checklist Bot,Reconcile AP aging over 90 days for MX-06,"Ops Apr variance was $4,344,011 vs plan",r52-0002896,completed,2026-06-27T14:58:45Z,18000
yrobinson@crestviewinsurance.com,Covenant Checker,Draft flux commentary for the May close,"Accounting May variance was $4,314,572 vs plan",r52-0002897,completed,2026-06-28T11:31:15Z,7100
mjones@crestviewinsurance.com,Revenue Recognizer,Reconcile AP aging over 90 days for CA-04,"Treasury Feb variance was $338,371 vs plan",r52-0002898,completed,2026-06-28T14:02:21Z,44400
mjones@crestviewinsurance.com,Close Checklist Bot,Forecast Feb operating cash flow,"Ops Feb variance was $1,537,704 vs plan",r52-0002899,completed,2026-06-28T10:59:16Z,11700
jjohnson@crestviewinsurance.com,AP Aging Analyst,Explain the headcount variance vs plan,"Treasury Mar variance was $1,680,227 vs plan",r52-0002900,completed,2026-06-28T14:41:43Z,32000
swilson@crestviewinsurance.com,AP Aging Analyst,Forecast Jan operating cash flow,FAILED: null reference in aggregation step,r52-0002901,error,2026-06-28T11:20:18Z,4000
jjohnson@crestviewinsurance.com,Journal Entry Reviewer,Check covenant compliance for the revolver,"Treasury Feb variance was $1,238,055 vs plan",r52-0002902,completed,2026-06-28T18:29:45Z,16900
mjones@crestviewinsurance.com,Headcount Planner,Check covenant compliance for the revolver,error code 502 from model gateway,r52-0002903,completed,2026-06-28T11:15:27Z,600
jjohnson@crestviewinsurance.com,Board Deck Builder,Why did Treasury spend exceed budget in Jun?,"Treasury Jun variance was $2,797,488 vs plan",r52-0002904,completed,2026-06-28T09:21:05Z,15100
jjohnson@crestviewinsurance.com,Close Checklist Bot,What drove the change in gross margin this quarter?,"Ops Jan variance was $502,884 vs plan",r52-0002905,completed,2026-06-28T09:00:56Z,75000
yrobinson@crestviewinsurance.com,Revenue Recognizer,Forecast Feb operating cash flow,"Treasury Feb variance was $4,007,300 vs plan",r52-0002906,completed,2026-06-28T09:07:19Z,57700
jrobinson@crestviewinsurance.com,Flux Commentary,Forecast Feb operating cash flow,error: connection reset by peer,r52-0002907,completed,2026-06-29T15:48:38Z,1700
mjones@crestviewinsurance.com,AP Aging Analyst,Build the board deck cash slide for Mar,"Treasury Mar variance was $2,984,665 vs plan",r52-0002908,completed,2026-06-29T17:02:46Z,48700
dhaddad@crestviewinsurance.com,Budget vs Actual,What drove the change in gross margin this quarter?,"Treasury Jan variance was $2,727,784 vs plan",r52-0002909,completed,2026-06-29T11:01:55Z,25700
mjones@crestviewinsurance.com,Board Deck Builder,What drove the change in gross margin this quarter?,"Accounting Apr variance was $4,438,686 vs plan",r52-0002910,completed,2026-06-29T15:38:05Z,54600
mjones@crestviewinsurance.com,Cash Forecaster,Draft flux commentary for the Feb close,"Accounting Feb variance was $3,917,533 vs plan",r52-0002911,completed,2026-06-29T17:05:35Z,15800
kmiller@crestviewinsurance.com,Headcount Planner,Which cost centers are over budget YTD?,"Treasury Feb variance was $3,716,952 vs plan",r52-0002912,completed,2026-06-29T12:51:33Z,60300
mjones@crestviewinsurance.com,Covenant Checker,Draft flux commentary for the May close,"Ops May variance was $2,303,684 vs plan",r52-0002913,completed,2026-06-29T13:41:09Z,47700
mjones@crestviewinsurance.com,Board Deck Builder,Which cost centers are over budget YTD?,"Ops May variance was $1,798,185 vs plan",r52-0002914,completed,2026-06-29T12:19:34Z,54300
dperez@crestviewinsurance.com,Cash Forecaster,Reconcile AP aging over 90 days for EU-06,"Accounting Jan variance was $555,268 vs plan",r52-0002915,completed,2026-06-29T14:03:52Z,56100
yrobinson@crestviewinsurance.com,AP Aging Analyst,Why did FP&A spend exceed budget in Jun?,"FP&A Jun variance was $3,037,452 vs plan",r52-0002916,completed,2026-06-29T16:44:01Z,34100
mjones@crestviewinsurance.com,Revenue Recognizer,Which cost centers are over budget YTD?,"Treasury May variance was $2,933,664 vs plan",r52-0002917,completed,2026-06-29T17:26:57Z,64600
kmiller@crestviewinsurance.com,Budget vs Actual,Why did Ops spend exceed budget in Jun?,"Ops Jun variance was $2,843,253 vs plan",r52-0002918,completed,2026-06-29T12:41:21Z,22400
jjohnson@crestviewinsurance.com,Budget vs Actual,What drove the change in gross margin this quarter?,"Accounting May variance was $4,096,584 vs plan",r52-0002919,completed,2026-06-29T13:12:06Z,18300
jjohnson@crestviewinsurance.com,Headcount Planner,Check covenant compliance for the revolver,"Ops Jun variance was $79,855 vs plan",r52-0002920,completed,2026-06-29T13:55:58Z,46600
mjones@crestviewinsurance.com,Close Checklist Bot,Forecast Apr operating cash flow,"Ops Apr variance was $4,049,521 vs plan",r52-0002921,completed,2026-06-29T06:53:43Z,64700
yrobinson@crestviewinsurance.com,Budget vs Actual,Explain the headcount variance vs plan,"Accounting Apr variance was $1,661,271 vs plan",r52-0002922,completed,2026-06-29T08:15:46Z,37200
jjohnson@crestviewinsurance.com,Headcount Planner,Why did Treasury spend exceed budget in Apr?,"Treasury Apr variance was $328,012 vs plan",r52-0002923,completed,2026-06-29T14:44:58Z,74000
mjones@crestviewinsurance.com,Board Deck Builder,What drove the change in gross margin this quarter?,"Treasury Jan variance was $4,709,050 vs plan",r52-0002924,completed,2026-06-29T16:05:03Z,50400
snguyen@crestviewinsurance.com,Headcount Planner,Which cost centers are over budget YTD?,"Ops Mar variance was $2,164,717 vs plan",r52-0002925,completed,2026-06-29T13:22:46Z,68600
mjones@crestviewinsurance.com,Revenue Recognizer,Why did FP&A spend exceed budget in Apr?,"FP&A Apr variance was $29,375 vs plan",r52-0002926,completed,2026-06-29T06:55:15Z,28700
jjohnson@crestviewinsurance.com,Close Checklist Bot,Reconcile AP aging over 90 days for US-08,"Treasury May variance was $296,667 vs plan",r52-0002927,completed,2026-06-29T13:13:39Z,70700
mjones@crestviewinsurance.com,Vendor Spend Analyzer,Draft flux commentary for the Jun close,"Treasury Jun variance was $4,345,813 vs plan",r52-0002928,completed,2026-06-29T12:16:05Z,28200
mjones@crestviewinsurance.com,Board Deck Builder,Explain the headcount variance vs plan,"Ops Mar variance was $1,560,321 vs plan",r52-0002929,completed,2026-06-29T16:22:10Z,73000
kmiller@crestviewinsurance.com,Close Checklist Bot,Draft flux commentary for the May close,"Treasury May variance was $1,740,976 vs plan",r52-0002930,completed,2026-06-29T16:14:59Z,55100
jjohnson@crestviewinsurance.com,Flux Commentary,Reconcile AP aging over 90 days for CA-07,"Accounting Apr variance was $217,108 vs plan",r52-0002931,completed,2026-06-29T20:44:29Z,25600
jbrown@crestviewinsurance.com,AP Aging Analyst,Check covenant compliance for the revolver,"Ops Apr variance was $3,429,788 vs plan",r52-0002932,completed,2026-06-30T13:49:39Z,30800
jjohnson@crestviewinsurance.com,Revenue Recognizer,Check covenant compliance for the revolver,"FP&A Jun variance was $3,906,380 vs plan",r52-0002933,completed,2026-06-30T11:42:38Z,24700
swilson@crestviewinsurance.com,Cash Forecaster,Draft flux commentary for the Jun close,"Ops Jun variance was $2,391,958 vs plan",r52-0002934,completed,2026-06-30T11:41:28Z,63200
jwilliams@crestviewinsurance.com,Budget vs Actual,Explain the headcount variance vs plan,"Treasury Jun variance was $1,098,574 vs plan",r52-0002935,completed,2026-06-30T11:57:31Z,39000
jjohnson@crestviewinsurance.com,Board Deck Builder,Forecast Mar operating cash flow,"FP&A Mar variance was $1,648,514 vs plan",r52-0002936,completed,2026-06-30T13:32:27Z,73700
mwalker@crestviewinsurance.com,Flux Commentary,Summarize the Feb variance for entity EU-04,error code 502 from model gateway,r52-0002937,error,2026-06-30T13:53:27Z,7300
jjohnson@crestviewinsurance.com,AP Aging Analyst,Build the board deck cash slide for Feb,"Accounting Feb variance was $497,678 vs plan",r52-0002938,completed,2026-06-30T12:51:47Z,62500
jlopez@crestviewinsurance.com,Journal Entry Reviewer,Build the board deck cash slide for Jun,"Treasury Jun variance was $1,708,712 vs plan",r52-0002939,completed,2026-06-30T14:53:44Z,31400
mjones@crestviewinsurance.com,Close Checklist Bot,Check covenant compliance for the revolver,"Treasury Jun variance was $3,122,741 vs plan",r52-0002940,completed,2026-06-30T20:29:15Z,27700
jjohnson@crestviewinsurance.com,Revenue Recognizer,Why did Accounting spend exceed budget in Jun?,"Accounting Jun variance was $1,156,871 vs plan",r52-0002941,completed,2026-06-30T12:27:02Z,3200
jnguyen@crestviewinsurance.com,Cash Forecaster,Reconcile AP aging over 90 days for CA-09,"Ops Mar variance was $4,495,505 vs plan",r52-0002942,completed,2026-06-30T14:13:42Z,36400
fjackson@crestviewinsurance.com,Variance Explainer,Which cost centers are over budget YTD?,"FP&A Mar variance was $3,149,231 vs plan",r52-0002943,completed,2026-06-30T11:13:17Z,28200
jwilliams@crestviewinsurance.com,Revenue Recognizer,Which cost centers are over budget YTD?,"FP&A Jun variance was $1,773,639 vs plan",r52-0002944,completed,2026-06-30T14:10:18Z,28800
swilson@crestviewinsurance.com,Board Deck Builder,Forecast Jun operating cash flow,"Ops Jun variance was $4,651,245 vs plan",r52-0002945,completed,2026-06-30T08:24:16Z,9400
jkim@crestviewinsurance.com,Close Checklist Bot,Reconcile AP aging over 90 days for EU-04,"Treasury Apr variance was $2,481,186 vs plan",r52-0002946,completed,2026-06-30T12:16:36Z,16500
ksanchez@crestviewinsurance.com,Flux Commentary,Why did FP&A spend exceed budget in Mar?,"FP&A Mar variance was $735,657 vs plan",r52-0002947,completed,2026-06-30T15:20:41Z,19700
jjohnson@crestviewinsurance.com,Board Deck Builder,Why did Accounting spend exceed budget in May?,"Accounting May variance was $4,549,484 vs plan",r52-0002948,completed,2026-06-30T15:06:03Z,4700
jjohnson@crestviewinsurance.com,Vendor Spend Analyzer,Which cost centers are over budget YTD?,"Ops Jan variance was $2,593,316 vs plan",r52-0002949,completed,2026-06-30T12:39:38Z,68100
yrobinson@crestviewinsurance.com,Vendor Spend Analyzer,Build the board deck cash slide for Jun,error code 502 from model gateway,r52-0002950,completed,2026-06-30T11:13:39Z,700
mtaylor@crestviewinsurance.com,Cash Forecaster,Reconcile AP aging over 90 days for US-04,"Accounting Feb variance was $2,092,536 vs plan",r52-0002951,completed,2026-06-30T12:24:08Z,6400
jlopez@crestviewinsurance.com,Cash Forecaster,Reconcile AP aging over 90 days for MX-03,"Accounting Mar variance was $1,287,582 vs plan",r52-0002952,completed,2026-06-30T09:58:20Z,59600
yrobinson@crestviewinsurance.com,Board Deck Builder,Check covenant compliance for the revolver,"Ops Apr variance was $2,298,791 vs plan",r52-0002953,completed,2026-06-30T14:35:30Z,43600
ksanchez@crestviewinsurance.com,Vendor Spend Analyzer,Which cost centers are over budget YTD?,"Ops May variance was $4,528,991 vs plan",r52-0002954,completed,2026-06-30T08:20:34Z,30700
jnguyen@crestviewinsurance.com,Board Deck Builder,Summarize the Apr variance for entity EU-05,"Accounting Apr variance was $842,094 vs plan",r52-0001665,completed,2026-05-06T15:28:57Z,51000
yrobinson@crestviewinsurance.com,Close Checklist Bot,Build the board deck cash slide for Feb,"FP&A Feb variance was $3,182,276 vs plan",r52-0002277,completed,2026-06-02T15:44:07Z,70100
fjackson@crestviewinsurance.com,Board Deck Builder,Explain the headcount variance vs plan,"Treasury Jun variance was $729,578 vs plan",r52-0000749,completed,2026-03-31T15:00:45Z,40600
jjohnson@crestviewinsurance.com,Close Checklist Bot,Why did Ops spend exceed budget in Feb?,error code 502 from model gateway,r52-0002221,completed,2026-05-29T10:41:19Z,1400
yrobinson@crestviewinsurance.com,Board Deck Builder,Reconcile AP aging over 90 days for CA-07,"Treasury Jan variance was $1,180,950 vs plan",r52-0001237,completed,2026-04-20T14:24:09Z,63700
mjones@crestviewinsurance.com,AP Aging Analyst,What drove the change in gross margin this quarter?,"Ops Jun variance was $4,603,406 vs plan",r52-0000988,completed,2026-04-10T11:01:35Z,49100
mjones@crestviewinsurance.com,Covenant Checker,Forecast May operating cash flow,"Accounting May variance was $3,582,921 vs plan",r52-0001766,completed,2026-05-11T11:54:17Z,58400
mjones@crestviewinsurance.com,Journal Entry Reviewer,Why did Accounting spend exceed budget in Apr?,"Accounting Apr variance was $1,995,512 vs plan",r52-0000136,completed,2026-03-06T11:34:59Z,23700
yrobinson@crestviewinsurance.com,Board Deck Builder,Draft flux commentary for the May close,"Accounting May variance was $2,285,670 vs plan",r52-0002503,completed,2026-06-11T12:37:57Z,23500
jrobinson@crestviewinsurance.com,Cash Forecaster,What drove the change in gross margin this quarter?,error code 502 from model gateway,r52-0002842,completed,2026-06-25T11:04:08Z,500
jpatel@crestviewinsurance.com,Flux Commentary,Build the board deck cash slide for Feb,"Treasury Feb variance was $787,653 vs plan",r52-0001151,completed,2026-04-16T12:16:27Z,35100
mjones@crestviewinsurance.com,Variance Explainer,Explain the headcount variance vs plan,"Ops Jun variance was $2,102,530 vs plan",r52-0002267,completed,2026-06-01T12:44:36Z,26300
jjohnson@crestviewinsurance.com,AP Aging Analyst,Check covenant compliance for the revolver,"Treasury Apr variance was $3,125,667 vs plan",r52-0000311,completed,2026-03-13T14:42:56Z,9000
jbrown@crestviewinsurance.com,Budget vs Actual,Which cost centers are over budget YTD?,"Ops Jan variance was $3,306,397 vs plan",r52-0001584,completed,2026-05-04T11:32:18Z,67800
mjones@crestviewinsurance.com,Vendor Spend Analyzer,Reconcile AP aging over 90 days for MX-07,"Treasury Jan variance was $3,904,632 vs plan",r52-0002844,completed,2026-06-25T13:12:49Z,50300
jnguyen@crestviewinsurance.com,Cash Forecaster,Explain the headcount variance vs plan,"Ops Jan variance was $2,395,803 vs plan",r52-0002502,completed,2026-06-11T14:28:32Z,18300
yrobinson@crestviewinsurance.com,Close Checklist Bot,What drove the change in gross margin this quarter?,"FP&A May variance was $764,859 vs plan",r52-0000515,completed,2026-03-23T18:18:53Z,51300
mjones@crestviewinsurance.com,Vendor Spend Analyzer,Check covenant compliance for the revolver,"Treasury Mar variance was $1,606,597 vs plan",r52-0001875,completed,2026-05-15T06:44:42Z,41800
jjohnson@crestviewinsurance.com,AP Aging Analyst,Reconcile AP aging over 90 days for MX-09,"Accounting Jan variance was $1,692,855 vs plan",r52-0001722,completed,2026-05-08T18:03:49Z,12500
mjones@crestviewinsurance.com,Revenue Recognizer,Why did FP&A spend exceed budget in Apr?,"FP&A Apr variance was $29,375 vs plan",r52-0002926,completed,2026-06-29T06:55:15Z,28700
yrobinson@crestviewinsurance.com,Covenant Checker,Reconcile AP aging over 90 days for MX-01,"FP&A Jan variance was $1,199,504 vs plan",r52-0000457,completed,2026-03-20T11:36:24Z,36600
kmiller@crestviewinsurance.com,Journal Entry Reviewer,Summarize the May variance for entity US-06,"Ops May variance was $327,882 vs plan",r52-0000291,completed,2026-03-13T12:06:50Z,55900
jjohnson@crestviewinsurance.com,Journal Entry Reviewer,What drove the change in gross margin this quarter?,"Accounting May variance was $3,869,371 vs plan",r52-0000081,completed,2026-03-04T11:25:15Z,68100
jjohnson@crestviewinsurance.com,Vendor Spend Analyzer,Forecast Jan operating cash flow,"Ops Jan variance was $4,331,531 vs plan",r52-0002606,completed,2026-06-16T15:30:38Z,38100
jjohnson@crestviewinsurance.com,Journal Entry Reviewer,Forecast Feb operating cash flow,"Accounting Feb variance was $305,727 vs plan",r52-0000537,completed,2026-03-24T12:30:03Z,58700
jpatel@crestviewinsurance.com,Vendor Spend Analyzer,Why did Treasury spend exceed budget in Feb?,"Treasury Feb variance was $1,685,964 vs plan",r52-0001688,completed,2026-05-07T14:52:41Z,16400
jlopez@crestviewinsurance.com,Vendor Spend Analyzer,Build the board deck cash slide for Feb,"Treasury Feb variance was $4,489,768 vs plan",r52-0002544,completed,2026-06-14T08:01:21Z,24100
mjones@crestviewinsurance.com,Close Checklist Bot,What drove the change in gross margin this quarter?,"FP&A Mar variance was $839,329 vs plan",r52-0000523,completed,2026-03-23T10:07:16Z,7500
mjones@crestviewinsurance.com,Cash Forecaster,Check covenant compliance for the revolver,"Treasury Jun variance was $4,107,552 vs plan",r52-0001077,completed,2026-04-14T14:57:39Z,19100
mjones@crestviewinsurance.com,AP Aging Analyst,Build the board deck cash slide for May,"Treasury May variance was $4,571,315 vs plan",r52-0001777,completed,2026-05-11T11:33:00Z,65900
kmiller@crestviewinsurance.com,Vendor Spend Analyzer,Draft flux commentary for the Feb close,"Treasury Feb variance was $1,899,831 vs plan",r52-0001229,completed,2026-04-20T11:50:00Z,5500
jjohnson@crestviewinsurance.com,Journal Entry Reviewer,Draft flux commentary for the Mar close,error: connection reset by peer,r52-0001020,error,2026-04-11T06:32:28Z,4100
yrobinson@crestviewinsurance.com,Covenant Checker,What drove the change in gross margin this quarter?,"FP&A May variance was $4,444,924 vs plan",r52-0001417,completed,2026-04-28T13:42:57Z,15000
yrobinson@crestviewinsurance.com,Revenue Recognizer,Which cost centers are over budget YTD?,"Accounting Jan variance was $3,858,038 vs plan",r52-0002488,completed,2026-06-11T11:02:21Z,31600
jjohnson@crestviewinsurance.com,Journal Entry Reviewer,Check covenant compliance for the revolver,"Ops May variance was $2,592,075 vs plan",r52-0000254,completed,2026-03-12T16:38:17Z,7300
mjones@crestviewinsurance.com,Cash Forecaster,Forecast Apr operating cash flow,"Treasury Apr variance was $3,457,144 vs plan",r52-0002102,completed,2026-05-26T10:07:36Z,54500
mjones@crestviewinsurance.com,Flux Commentary,What drove the change in gross margin this quarter?,ERROR: upstream request timed out,r52-0000147,error,2026-03-06T13:16:12Z,4600
jnguyen@crestviewinsurance.com,Flux Commentary,Explain the headcount variance vs plan,ERROR: upstream request timed out,r52-0002781,completed,2026-06-22T15:42:41Z,900
jjohnson@crestviewinsurance.com,Journal Entry Reviewer,What drove the change in gross margin this quarter?,error code 502 from model gateway,r52-0001819,error,2026-05-13T09:05:03Z,2300
yrobinson@crestviewinsurance.com,AP Aging Analyst,Forecast Feb operating cash flow,"FP&A Feb variance was $2,569,034 vs plan",r52-0001362,completed,2026-04-24T14:33:29Z,13600
mjones@crestviewinsurance.com,AP Aging Analyst,Which cost centers are over budget YTD?,"Accounting Feb variance was $159,640 vs plan",r52-0001216,completed,2026-04-20T12:03:12Z,24100
jjohnson@crestviewinsurance.com,Close Checklist Bot,What drove the change in gross margin this quarter?,"Treasury Jan variance was $24,477 vs plan",r52-0001323,completed,2026-04-23T15:33:30Z,72800
mjones@crestviewinsurance.com,Cash Forecaster,Forecast May operating cash flow,"Treasury May variance was $3,014,939 vs plan",r52-0001757,completed,2026-05-10T16:15:23Z,64300
jjohnson@crestviewinsurance.com,Vendor Spend Analyzer,Which cost centers are over budget YTD?,"Treasury Feb variance was $998,600 vs plan",r52-0002430,completed,2026-06-09T14:06:20Z,10500
jjohnson@crestviewinsurance.com,Board Deck Builder,Summarize the Apr variance for entity CA-09,FAILED: null reference in aggregation step,r52-0000452,error,2026-03-20T16:36:33Z,1200
dhaddad@crestviewinsurance.com,Vendor Spend Analyzer,Why did Accounting spend exceed budget in May?,ERROR: upstream request timed out,r52-0002149,error,2026-05-27T09:23:49Z,2200
jwilliams@crestviewinsurance.com,Journal Entry Reviewer,Build the board deck cash slide for Apr,"Ops Apr variance was $3,225,756 vs plan",r52-0002751,completed,2026-06-22T15:50:58Z,3600
djohnson@crestviewinsurance.com,Journal Entry Reviewer,Explain the headcount variance vs plan,"FP&A May variance was $4,624,952 vs plan",r52-0001111,completed,2026-04-15T18:16:18Z,44000
mjones@crestviewinsurance.com,Variance Explainer,Explain the headcount variance vs plan,"FP&A May variance was $3,875,487 vs plan",r52-0000548,completed,2026-03-24T12:55:07Z,13100
jjohnson@crestviewinsurance.com,Budget vs Actual,Check covenant compliance for the revolver,"Treasury Apr variance was $3,116,550 vs plan",r52-0000318,completed,2026-03-14T12:06:38Z,52600
jjohnson@crestviewinsurance.com,Variance Explainer,Forecast Mar operating cash flow,"Accounting Mar variance was $4,485,227 vs plan",r52-0000544,completed,2026-03-24T08:36:59Z,34800
mjones@crestviewinsurance.com,AP Aging Analyst,Which cost centers are over budget YTD?,"Accounting Feb variance was $159,640 vs plan",r52-0001216,completed,2026-04-20T12:03:12Z,24100
kmiller@crestviewinsurance.com,Covenant Checker,Summarize the Apr variance for entity EU-06,"Treasury Apr variance was $4,533,556 vs plan",r52-0001442,completed,2026-04-28T14:56:23Z,50100
kmiller@crestviewinsurance.com,Budget vs Actual,Build the board deck cash slide for May,"Ops May variance was $2,279,450 vs plan",r52-0000227,completed,2026-03-11T12:54:24Z,73700
yrobinson@crestviewinsurance.com,Budget vs Actual,Draft flux commentary for the Jun close,"Treasury Jun variance was $191,452 vs plan",r52-0001358,completed,2026-04-24T12:10:50Z,61600
kmiller@crestviewinsurance.com,Covenant Checker,Which cost centers are over budget YTD?,"Treasury Apr variance was $2,321,945 vs plan",r52-0002367,completed,2026-06-06T10:01:52Z,21000
jjohnson@crestviewinsurance.com,Revenue Recognizer,Forecast Feb operating cash flow,"Accounting Feb variance was $4,563,131 vs plan",r52-0000386,completed,2026-03-18T14:03:30Z,36900
jpatel@crestviewinsurance.com,Variance Explainer,Which cost centers are over budget YTD?,"FP&A May variance was $3,299,481 vs plan",r52-0000206,completed,2026-03-10T17:31:54Z,21600
jrobinson@crestviewinsurance.com,AP Aging Analyst,Which cost centers are over budget YTD?,"Accounting Jun variance was $442,646 vs plan",r52-0002187,completed,2026-05-28T15:32:39Z,66300
jjohnson@crestviewinsurance.com,Journal Entry Reviewer,What drove the change in gross margin this quarter?,"Accounting Jun variance was $4,182,832 vs plan",r52-0000415,completed,2026-03-18T14:24:46Z,38700
jjohnson@crestviewinsurance.com,Covenant Checker,Check covenant compliance for the revolver,"Ops Feb variance was $498,328 vs plan",r52-0001827,completed,2026-05-13T09:57:13Z,22200
sgonzalez@crestviewinsurance.com,Journal Entry Reviewer,Explain the headcount variance vs plan,"Ops Feb variance was $3,906,207 vs plan",r52-0000356,completed,2026-03-16T14:58:17Z,48800
jpatel@crestviewinsurance.com,Journal Entry Reviewer,Explain the headcount variance vs plan,"Ops May variance was $887,930 vs plan",r52-0000494,completed,2026-03-22T17:16:28Z,63600
kmiller@crestviewinsurance.com,Variance Explainer,Check covenant compliance for the revolver,"FP&A Feb variance was $3,182,606 vs plan",r52-0000233,completed,2026-03-11T11:06:38Z,24700
mjones@crestviewinsurance.com,Cash Forecaster,Summarize the Apr variance for entity EU-08,"Ops Apr variance was $3,744,333 vs plan",r52-0000500,completed,2026-03-23T17:14:40Z,35000
mjones@crestviewinsurance.com,AP Aging Analyst,Explain the headcount variance vs plan,"Treasury Jan variance was $4,372,363 vs plan",r52-0002667,completed,2026-06-18T15:59:03Z,66500
jjohnson@crestviewinsurance.com,Close Checklist Bot,Draft flux commentary for the Jun close,"Ops Jun variance was $4,561,387 vs plan",r52-0000479,completed,2026-03-21T12:28:34Z,41000
mjones@crestviewinsurance.com,Cash Forecaster,Which cost centers are over budget YTD?,"FP&A Feb variance was $3,513,862 vs plan",r52-0000387,completed,2026-03-18T15:05:50Z,74100
mtaylor@crestviewinsurance.com,Flux Commentary,Build the board deck cash slide for Jan,"Accounting Jan variance was $1,999,021 vs plan",r52-0002167,completed,2026-05-27T17:59:26Z,17000
jjohnson@crestviewinsurance.com,Vendor Spend Analyzer,Which cost centers are over budget YTD?,"Treasury Feb variance was $998,600 vs plan",r52-0002430,completed,2026-06-09T14:06:20Z,10500
kmiller@crestviewinsurance.com,Headcount Planner,What drove the change in gross margin this quarter?,error code 502 from model gateway,r52-0001943,completed,2026-05-19T09:41:17Z,900
mjones@crestviewinsurance.com,Revenue Recognizer,Check covenant compliance for the revolver,"FP&A Mar variance was $3,107,263 vs plan",r52-0000557,completed,2026-03-24T14:28:58Z,56600
jjohnson@crestviewinsurance.com,AP Aging Analyst,Explain the headcount variance vs plan,"Accounting Mar variance was $3,734,136 vs plan",r52-0001561,completed,2026-05-03T10:44:12Z,9500
jjohnson@crestviewinsurance.com,Journal Entry Reviewer,Forecast May operating cash flow,"Ops May variance was $4,139,328 vs plan",r52-0002660,completed,2026-06-18T09:01:35Z,33200
jjohnson@crestviewinsurance.com,Vendor Spend Analyzer,Reconcile AP aging over 90 days for CA-05,"Ops Apr variance was $4,124,425 vs plan",r52-0001496,completed,2026-04-30T09:40:09Z,45800
sgonzalez@crestviewinsurance.com,Journal Entry Reviewer,What drove the change in gross margin this quarter?,error: connection reset by peer,r52-0002052,error,2026-05-22T15:56:23Z,6300
dperez@crestviewinsurance.com,Revenue Recognizer,Draft flux commentary for the May close,"Accounting May variance was $3,670,760 vs plan",r52-0002397,completed,2026-06-08T10:24:59Z,16800
snguyen@crestviewinsurance.com,Variance Explainer,Build the board deck cash slide for May,"Accounting May variance was $3,224,959 vs plan",r52-0002437,completed,2026-06-09T10:00:14Z,39900
jjohnson@crestviewinsurance.com,Close Checklist Bot,Explain the headcount variance vs plan,"Treasury Jun variance was $192,303 vs plan",r52-0002123,completed,2026-05-26T15:26:59Z,71700
mjones@crestviewinsurance.com,Headcount Planner,Forecast Jun operating cash flow,"FP&A Jun variance was $4,089,542 vs plan",r52-0002113,completed,2026-05-26T14:21:26Z,39400
fjackson@crestviewinsurance.com,Flux Commentary,Forecast Jun operating cash flow,"Treasury Jun variance was $4,577,322 vs plan",r52-0002429,completed,2026-06-09T13:13:44Z,32800
mjones@crestviewinsurance.com,Variance Explainer,Build the board deck cash slide for May,"Accounting May variance was $3,584,998 vs plan",r52-0000937,completed,2026-04-08T15:16:07Z,17000
jjohnson@crestviewinsurance.com,Board Deck Builder,Reconcile AP aging over 90 days for EU-08,"FP&A Mar variance was $3,510,755 vs plan",r52-0001308,completed,2026-04-23T11:43:00Z,54200
mjones@crestviewinsurance.com,Headcount Planner,Forecast Feb operating cash flow,error code 502 from model gateway,r52-0001759,error,2026-05-11T15:32:29Z,2700
jbrown@crestviewinsurance.com,Revenue Recognizer,Forecast Mar operating cash flow,"Ops Mar variance was $1,974,676 vs plan",r52-0002837,completed,2026-06-24T12:01:37Z,70200
kmiller@crestviewinsurance.com,Headcount Planner,Build the board deck cash slide for Apr,"Accounting Apr variance was $1,804,984 vs plan",r52-0000777,completed,2026-04-01T16:44:50Z,35100
jnguyen@crestviewinsurance.com,Close Checklist Bot,What drove the change in gross margin this quarter?,"Ops May variance was $1,977,218 vs plan",r52-0001881,completed,2026-05-15T07:12:22Z,32700
mjones@crestviewinsurance.com,Vendor Spend Analyzer,Why did Treasury spend exceed budget in Apr?,"Treasury Apr variance was $4,640,632 vs plan",r52-0002051,completed,2026-05-22T17:08:17Z,37300
jpatel@crestviewinsurance.com,Variance Explainer,Explain the headcount variance vs plan,"Accounting Jun variance was $4,483,404 vs plan",r52-0000978,completed,2026-04-09T15:13:55Z,10000
mjones@crestviewinsurance.com,Journal Entry Reviewer,Why did Accounting spend exceed budget in Apr?,"Accounting Apr variance was $1,995,512 vs plan",r52-0000136,completed,2026-03-06T11:34:59Z,23700
mjones@crestviewinsurance.com,Close Checklist Bot,Summarize the Jun variance for entity MX-09,"Accounting Jun variance was $4,198,555 vs plan",r52-0000736,completed,2026-03-31T12:39:05Z,31700
jjohnson@crestviewinsurance.com,Variance Explainer,Forecast Jun operating cash flow,Traceback (most recent call last): KeyError 'entity',r52-0002240,error,2026-06-01T11:55:13Z,7500
mjones@crestviewinsurance.com,Revenue Recognizer,Check covenant compliance for the revolver,"Accounting Mar variance was $704,825 vs plan",r52-0002718,completed,2026-06-19T13:02:54Z,48500
jjohnson@crestviewinsurance.com,Variance Explainer,Forecast Apr operating cash flow,"Ops Apr variance was $2,560,688 vs plan",r52-0000669,completed,2026-03-29T14:05:34Z,4800
