run_id,user_email,agent_name,question_text,run_status,run_duration_sec,output_snippet,timestamp
r44-0000001,pmartin@summithealthpartners.com,Board Deck Builder,Summarize the Jan variance for entity EU-09,SUCCESS,4.3,"Ops Jan variance was $74,713 vs plan",2026-03-01T14:09:33Z
r44-0000002,jwilson@summithealthpartners.com,Cash Forecaster,Reconcile AP aging over 90 days for EU-04,SUCCESS,52.0,"Accounting Jun variance was $269,068 vs plan",2026-03-01T13:46:32Z
r44-0000003,pmartin@summithealthpartners.com,AP Aging Analyst,Reconcile AP aging over 90 days for CA-05,SUCCESS,10.1,"Ops Jun variance was $3,611,887 vs plan",2026-03-01T11:08:22Z
r44-0000004,bjones@summithealthpartners.com,Cash Forecaster,Reconcile AP aging over 90 days for CA-07,SUCCESS,67.4,"FP&A Jun variance was $3,415,495 vs plan",2026-03-01T10:38:57Z
r44-0000005,pmartin@summithealthpartners.com,AP Aging Analyst,Build the board deck cash slide for Feb,SUCCESS,43.8,"Ops Feb variance was $3,772,764 vs plan",2026-03-01T10:19:48Z
r44-0000006,mlewis@summithealthpartners.com,Cash Forecaster,Build the board deck cash slide for Jan,SUCCESS,1.7,Traceback (most recent call last): KeyError 'entity',2026-03-01T16:31:06Z
r44-0000007,pmartin@summithealthpartners.com,Cash Forecaster,Draft flux commentary for the Feb close,SUCCESS,56.4,"Ops Feb variance was $1,452,298 vs plan",2026-03-01T11:15:42Z
r44-0000008,pmartin@summithealthpartners.com,Vendor Spend Analyzer,Draft flux commentary for the Apr close,SUCCESS,50.0,"Treasury Apr variance was $3,752,502 vs plan",2026-03-01T08:01:07Z
r44-0000009,nhaddad@summithealthpartners.com,Vendor Spend Analyzer,Which cost centers are over budget YTD?,SUCCESS,0.3,ERROR: upstream request timed out,2026-03-01T12:25:37Z
r44-0000010,nhaddad@summithealthpartners.com,AP Aging Analyst,Why did Treasury spend exceed budget in Jun?,SUCCESS,22.6,"Treasury Jun variance was $3,722,667 vs plan",2026-03-01T13:08:39Z
r44-0000011,amoore@summithealthpartners.com,Variance Explainer,Why did Ops spend exceed budget in Apr?,SUCCESS,57.0,"Ops Apr variance was $220,970 vs plan",2026-03-01T07:49:19Z
r44-0000012,pmartin@summithealthpartners.com,AP Aging Analyst,Check covenant compliance for the revolver,SUCCESS,32.7,"Accounting Jun variance was $4,054,234 vs plan",2026-03-01T06:07:29Z
r44-0000013,pmartin@summithealthpartners.com,Budget vs Actual,Reconcile AP aging over 90 days for CA-02,SUCCESS,24.5,"FP&A Mar variance was $1,874,596 vs plan",2026-03-01T11:40:52Z
r44-0000014,amoore@summithealthpartners.com,Board Deck Builder,Draft flux commentary for the Apr close,SUCCESS,48.0,"Ops Apr variance was $3,723,856 vs plan",2026-03-01T13:53:47Z
r44-0000015,amoore@summithealthpartners.com,Headcount Planner,Draft flux commentary for the Jun close,SUCCESS,12.0,"Treasury Jun variance was $4,064,468 vs plan",2026-03-01T09:35:51Z
r44-0000016,amoore@summithealthpartners.com,Vendor Spend Analyzer,Summarize the Mar variance for entity EU-05,SUCCESS,74.1,"Accounting Mar variance was $2,058,521 vs plan",2026-03-01T16:43:12Z
r44-0000017,amoore@summithealthpartners.com,Board Deck Builder,What drove the change in gross margin this quarter?,SUCCESS,1.9,error code 502 from model gateway,2026-03-01T08:57:28Z
r44-0000018,bjones@summithealthpartners.com,Cash Forecaster,What drove the change in gross margin this quarter?,SUCCESS,72.5,"FP&A Jun variance was $3,560,011 vs plan",2026-03-01T14:00:20Z
r44-0000019,pmartin@summithealthpartners.com,Close Checklist Bot,Draft flux commentary for the May close,SUCCESS,43.9,"Treasury May variance was $910,308 vs plan",2026-03-01T14:08:59Z
r44-0000020,amoore@summithealthpartners.com,Vendor Spend Analyzer,Check covenant compliance for the revolver,SUCCESS,13.8,"Treasury Mar variance was $3,897,734 vs plan",2026-03-01T12:28:41Z
r44-0000021,pmartin@summithealthpartners.com,Covenant Checker,Forecast May operating cash flow,SUCCESS,29.9,"Treasury May variance was $1,475,114 vs plan",2026-03-01T14:00:26Z
r44-0000022,bjones@summithealthpartners.com,Flux Commentary,Why did Ops spend exceed budget in Jun?,SUCCESS,6.3,"Ops Jun variance was $2,489,144 vs plan",2026-03-01T16:41:39Z
r44-0000023,pmartin@summithealthpartners.com,Variance Explainer,Check covenant compliance for the revolver,SUCCESS,20.1,"Treasury Apr variance was $2,751,002 vs plan",2026-03-01T16:38:21Z
r44-0000024,pmartin@summithealthpartners.com,Close Checklist Bot,Summarize the Mar variance for entity US-09,SUCCESS,58.2,"Ops Mar variance was $3,693,986 vs plan",2026-03-02T18:44:24Z
r44-0000025,amoore@summithealthpartners.com,Variance Explainer,Forecast Mar operating cash flow,SUCCESS,65.3,"FP&A Mar variance was $4,575,705 vs plan",2026-03-02T16:23:58Z
r44-0000026,jlewis@summithealthpartners.com,Budget vs Actual,What drove the change in gross margin this quarter?,SUCCESS,23.3,"Treasury Apr variance was $1,001,535 vs plan",2026-03-02T11:30:17Z
r44-0000027,pmartin@summithealthpartners.com,Close Checklist Bot,Draft flux commentary for the Jan close,SUCCESS,61.1,"Accounting Jan variance was $4,179,427 vs plan",2026-03-02T10:28:04Z
r44-0000028,pmartin@summithealthpartners.com,Flux Commentary,Build the board deck cash slide for Feb,SUCCESS,5.8,"FP&A Feb variance was $4,311,266 vs plan",2026-03-02T12:05:40Z
r44-0000029,jjohnson@summithealthpartners.com,AP Aging Analyst,Why did Treasury spend exceed budget in Jan?,SUCCESS,67.4,"Treasury Jan variance was $3,084,316 vs plan",2026-03-02T08:44:17Z
r44-0000030,pmartin@summithealthpartners.com,Journal Entry Reviewer,Which cost centers are over budget YTD?,SUCCESS,57.9,"Treasury Mar variance was $4,341,197 vs plan",2026-03-02T07:03:22Z
r44-0000031,prodriguez@summithealthpartners.com,Headcount Planner,Why did Accounting spend exceed budget in Apr?,SUCCESS,31.5,"Accounting Apr variance was $2,757,072 vs plan",2026-03-02T12:27:13Z
r44-0000032,amoore@summithealthpartners.com,Journal Entry Reviewer,What drove the change in gross margin this quarter?,SUCCESS,39.2,"Treasury May variance was $963,614 vs plan",2026-03-02T13:37:42Z
r44-0000033,jnguyen@summithealthpartners.com,Budget vs Actual,What drove the change in gross margin this quarter?,SUCCESS,52.0,"FP&A May variance was $1,284,829 vs plan",2026-03-02T11:38:16Z
r44-0000034,pmartin@summithealthpartners.com,Covenant Checker,Forecast Jun operating cash flow,SUCCESS,17.8,"Ops Jun variance was $3,787,074 vs plan",2026-03-02T12:33:19Z
r44-0000035,amoore@summithealthpartners.com,Close Checklist Bot,Check covenant compliance for the revolver,SUCCESS,33.3,"Ops Apr variance was $4,638,999 vs plan",2026-03-02T13:49:17Z
r44-0000036,amoore@summithealthpartners.com,Close Checklist Bot,Why did Ops spend exceed budget in Mar?,PARTIAL,27.8,"Ops Mar variance was $1,893,047 vs plan",2026-03-02T13:55:39Z
r44-0000037,jwilliams@summithealthpartners.com,Flux Commentary,Build the board deck cash slide for Jan,SUCCESS,64.8,"Treasury Jan variance was $944,911 vs plan",2026-03-02T13:21:00Z
r44-0000038,mlewis@summithealthpartners.com,Headcount Planner,Which cost centers are over budget YTD?,SUCCESS,25.8,"Accounting Apr variance was $4,686,034 vs plan",2026-03-02T19:20:08Z
r44-0000039,jjohnson@summithealthpartners.com,Revenue Recognizer,Draft flux commentary for the Mar close,SUCCESS,21.5,"Ops Mar variance was $940,988 vs plan",2026-03-02T10:35:50Z
r44-0000040,amoore@summithealthpartners.com,Close Checklist Bot,Which cost centers are over budget YTD?,SUCCESS,21.0,"Ops Apr variance was $4,569,317 vs plan",2026-03-02T08:01:07Z
r44-0000041,amoore@summithealthpartners.com,Vendor Spend Analyzer,Summarize the Apr variance for entity EU-08,SUCCESS,30.4,"Accounting Apr variance was $4,441,861 vs plan",2026-03-02T11:31:50Z
r44-0000042,pmartin@summithealthpartners.com,Cash Forecaster,Why did Treasury spend exceed budget in Feb?,SUCCESS,39.4,"Treasury Feb variance was $192,009 vs plan",2026-03-02T12:30:37Z
r44-0000043,bjones@summithealthpartners.com,AP Aging Analyst,Which cost centers are over budget YTD?,SUCCESS,6.3,"FP&A May variance was $1,816,319 vs plan",2026-03-02T11:56:23Z
r44-0000044,nnguyen@summithealthpartners.com,Budget vs Actual,Why did Accounting spend exceed budget in Apr?,FAIL,2.2,ERROR: upstream request timed out,2026-03-02T15:51:59Z
r44-0000045,amoore@summithealthpartners.com,Covenant Checker,What drove the change in gross margin this quarter?,SUCCESS,33.1,"FP&A Feb variance was $1,243,947 vs plan",2026-03-02T18:21:19Z
r44-0000046,pmartin@summithealthpartners.com,Close Checklist Bot,Reconcile AP aging over 90 days for US-02,SUCCESS,29.7,"Accounting Jan variance was $3,112,588 vs plan",2026-03-02T11:27:36Z
r44-0000047,pmartin@summithealthpartners.com,Headcount Planner,Summarize the Jun variance for entity EU-07,SUCCESS,1.6,error: connection reset by peer,2026-03-02T09:47:05Z
r44-0000048,pmartin@summithealthpartners.com,Variance Explainer,Reconcile AP aging over 90 days for MX-03,SUCCESS,21.2,"Treasury Mar variance was $1,946,551 vs plan",2026-03-02T13:15:52Z
r44-0000049,pmartin@summithealthpartners.com,Close Checklist Bot,Explain the headcount variance vs plan,SUCCESS,59.7,"FP&A Jan variance was $3,937,859 vs plan",2026-03-02T08:57:55Z
r44-0000050,jlewis@summithealthpartners.com,Board Deck Builder,Build the board deck cash slide for Apr,SUCCESS,62.0,"Ops Apr variance was $1,044,855 vs plan",2026-03-02T13:50:35Z
r44-0000051,mharris@summithealthpartners.com,Vendor Spend Analyzer,Explain the headcount variance vs plan,SUCCESS,46.4,"FP&A Mar variance was $2,123,928 vs plan",2026-03-02T10:38:49Z
r44-0000052,pmartin@summithealthpartners.com,Flux Commentary,Check covenant compliance for the revolver,SUCCESS,28.8,"Treasury May variance was $854,503 vs plan",2026-03-02T12:21:37Z
r44-0000053,pmartin@summithealthpartners.com,Close Checklist Bot,Check covenant compliance for the revolver,SUCCESS,12.6,"Treasury May variance was $4,016,446 vs plan",2026-03-02T12:05:06Z
r44-0000054,pmartin@summithealthpartners.com,Covenant Checker,Build the board deck cash slide for Feb,SUCCESS,71.4,"Treasury Feb variance was $26,977 vs plan",2026-03-02T13:08:25Z
r44-0000055,jdavis@summithealthpartners.com,AP Aging Analyst,Build the board deck cash slide for Jun,SUCCESS,54.6,"Treasury Jun variance was $319,661 vs plan",2026-03-02T11:39:00Z
r44-0000056,jwilliams@summithealthpartners.com,Journal Entry Reviewer,Build the board deck cash slide for Jan,SUCCESS,55.6,"FP&A Jan variance was $91,920 vs plan",2026-03-02T15:59:59Z
r44-0000057,mharris@summithealthpartners.com,Covenant Checker,Check covenant compliance for the revolver,SUCCESS,27.8,"Treasury May variance was $1,677,948 vs plan",2026-03-02T15:08:36Z
r44-0000058,jjohnson@summithealthpartners.com,Board Deck Builder,Forecast Jan operating cash flow,SUCCESS,15.8,"FP&A Jan variance was $2,900,389 vs plan",2026-03-02T14:45:20Z
r44-0000059,jwilson@summithealthpartners.com,Vendor Spend Analyzer,Explain the headcount variance vs plan,SUCCESS,47.5,"Ops May variance was $4,174,505 vs plan",2026-03-02T16:17:19Z
r44-0000060,jnguyen@summithealthpartners.com,Variance Explainer,Summarize the Mar variance for entity CA-08,SUCCESS,47.1,"Treasury Mar variance was $2,889,501 vs plan",2026-03-02T10:53:03Z
r44-0000061,pmartin@summithealthpartners.com,Revenue Recognizer,Reconcile AP aging over 90 days for US-04,SUCCESS,16.7,"Treasury Jan variance was $854,089 vs plan",2026-03-02T18:24:54Z
r44-0000062,pmartin@summithealthpartners.com,Covenant Checker,Which cost centers are over budget YTD?,SUCCESS,63.1,"Treasury Mar variance was $1,575,574 vs plan",2026-03-02T13:36:19Z
r44-0000063,pmartin@summithealthpartners.com,AP Aging Analyst,Explain the headcount variance vs plan,PARTIAL,8.5,"Treasury Jan variance was $1,244,878 vs plan",2026-03-02T19:13:32Z
r44-0000064,amoore@summithealthpartners.com,Budget vs Actual,Draft flux commentary for the Feb close,SUCCESS,16.5,"Accounting Feb variance was $2,732,769 vs plan",2026-03-02T11:46:45Z
r44-0000065,pmartin@summithealthpartners.com,Covenant Checker,Summarize the Feb variance for entity US-09,SUCCESS,68.6,"Ops Feb variance was $1,877,095 vs plan",2026-03-02T14:57:41Z
r44-0000066,amoore@summithealthpartners.com,AP Aging Analyst,Reconcile AP aging over 90 days for CA-03,SUCCESS,67.3,"FP&A May variance was $1,893,549 vs plan",2026-03-02T12:02:18Z
r44-0000067,bjones@summithealthpartners.com,Covenant Checker,Summarize the Jun variance for entity US-06,FAIL,7.1,Traceback (most recent call last): KeyError 'entity',2026-03-02T08:45:22Z
r44-0000068,amoore@summithealthpartners.com,Budget vs Actual,Why did FP&A spend exceed budget in May?,SUCCESS,69.5,"FP&A May variance was $468,285 vs plan",2026-03-02T18:25:22Z
r44-0000069,nhaddad@summithealthpartners.com,Flux Commentary,Explain the headcount variance vs plan,SUCCESS,22.9,"Treasury Jun variance was $3,222,311 vs plan",2026-03-02T08:43:17Z
r44-0000070,mharris@summithealthpartners.com,Close Checklist Bot,Reconcile AP aging over 90 days for US-01,SUCCESS,54.1,"Treasury May variance was $2,578,005 vs plan",2026-03-02T15:18:40Z
r44-0000071,jdavis@summithealthpartners.com,Board Deck Builder,Forecast Feb operating cash flow,SUCCESS,31.0,"FP&A Feb variance was $1,957,355 vs plan",2026-03-02T11:43:31Z
r44-0000072,pmartin@summithealthpartners.com,Close Checklist Bot,Forecast Jun operating cash flow,FAIL,7.6,error code 502 from model gateway,2026-03-02T14:06:13Z
r44-0000073,jwilson@summithealthpartners.com,Journal Entry Reviewer,What drove the change in gross margin this quarter?,SUCCESS,32.0,"FP&A Apr variance was $1,008,598 vs plan",2026-03-02T10:44:59Z
r44-0000074,pmartin@summithealthpartners.com,Journal Entry Reviewer,Build the board deck cash slide for Mar,SUCCESS,6.6,"Accounting Mar variance was $4,189,033 vs plan",2026-03-02T14:14:19Z
r44-0000075,jnguyen@summithealthpartners.com,Flux Commentary,Which cost centers are over budget YTD?,SUCCESS,65.5,"Accounting Jan variance was $4,545,145 vs plan",2026-03-02T12:15:22Z
r44-0000076,kperez@summithealthpartners.com,Headcount Planner,Forecast Mar operating cash flow,SUCCESS,5.8,"Accounting Mar variance was $1,384,268 vs plan",2026-03-02T10:16:38Z
r44-0000077,bjones@summithealthpartners.com,Close Checklist Bot,Draft flux commentary for the Jun close,SUCCESS,47.5,"Ops Jun variance was $4,669,639 vs plan",2026-03-02T14:26:26Z
r44-0000078,amoore@summithealthpartners.com,Covenant Checker,Why did Treasury spend exceed budget in May?,SUCCESS,55.3,"Treasury May variance was $3,437,804 vs plan",2026-03-02T13:33:55Z
r44-0000079,pmartin@summithealthpartners.com,AP Aging Analyst,Which cost centers are over budget YTD?,SUCCESS,61.3,"Ops Feb variance was $667,162 vs plan",2026-03-02T13:29:46Z
r44-0000080,jjohnson@summithealthpartners.com,Headcount Planner,Draft flux commentary for the Jan close,SUCCESS,39.1,"Accounting Jan variance was $3,476,166 vs plan",2026-03-02T13:12:48Z
r44-0000081,mlewis@summithealthpartners.com,Board Deck Builder,Summarize the May variance for entity CA-01,SUCCESS,68.0,"FP&A May variance was $2,725,524 vs plan",2026-03-03T15:44:29Z
r44-0000082,bjones@summithealthpartners.com,Journal Entry Reviewer,Explain the headcount variance vs plan,PARTIAL,61.1,"FP&A Feb variance was $3,088,663 vs plan",2026-03-03T12:46:25Z
r44-0000083,bjones@summithealthpartners.com,Revenue Recognizer,What drove the change in gross margin this quarter?,SUCCESS,40.1,"Ops Feb variance was $192,530 vs plan",2026-03-03T12:34:07Z
r44-0000084,sbrown@summithealthpartners.com,Headcount Planner,Check covenant compliance for the revolver,SUCCESS,1.2,error: connection reset by peer,2026-03-03T16:08:29Z
r44-0000085,mharris@summithealthpartners.com,Variance Explainer,Reconcile AP aging over 90 days for CA-09,SUCCESS,1.0,Traceback (most recent call last): KeyError 'entity',2026-03-03T08:42:03Z
r44-0000086,jdavis@summithealthpartners.com,Headcount Planner,What drove the change in gross margin this quarter?,SUCCESS,47.5,"Treasury May variance was $3,102,463 vs plan",2026-03-03T10:45:05Z
r44-0000087,amoore@summithealthpartners.com,Flux Commentary,Reconcile AP aging over 90 days for MX-08,SUCCESS,40.6,"FP&A May variance was $1,498,010 vs plan",2026-03-03T11:20:51Z
r44-0000088,jnguyen@summithealthpartners.com,Journal Entry Reviewer,Reconcile AP aging over 90 days for MX-09,SUCCESS,26.8,"Accounting Feb variance was $2,526,182 vs plan",2026-03-03T13:43:32Z
r44-0000089,pmartin@summithealthpartners.com,Cash Forecaster,Summarize the Jan variance for entity EU-02,SUCCESS,45.4,"FP&A Jan variance was $4,484,999 vs plan",2026-03-03T10:03:38Z
r44-0000090,pmartin@summithealthpartners.com,AP Aging Analyst,Why did Treasury spend exceed budget in Jun?,SUCCESS,26.2,"Treasury Jun variance was $3,133,001 vs plan",2026-03-03T06:48:15Z
r44-0000091,bjones@summithealthpartners.com,Revenue Recognizer,What drove the change in gross margin this quarter?,SUCCESS,18.8,"Treasury Feb variance was $2,054,580 vs plan",2026-03-03T17:33:22Z
r44-0000092,pmartin@summithealthpartners.com,Headcount Planner,Why did Ops spend exceed budget in Apr?,FAIL,4.8,ERROR: upstream request timed out,2026-03-03T14:44:46Z
r44-0000093,pmartin@summithealthpartners.com,AP Aging Analyst,Which cost centers are over budget YTD?,SUCCESS,51.4,"Accounting May variance was $3,038,010 vs plan",2026-03-03T09:59:32Z
r44-0000094,pmartin@summithealthpartners.com,Variance Explainer,Which cost centers are over budget YTD?,SUCCESS,52.3,"FP&A Jun variance was $4,628,885 vs plan",2026-03-03T08:02:45Z
r44-0000095,pmartin@summithealthpartners.com,Headcount Planner,Check covenant compliance for the revolver,SUCCESS,12.2,"FP&A Jun variance was $862,238 vs plan",2026-03-03T12:34:42Z
r44-0000096,bjones@summithealthpartners.com,Covenant Checker,Why did Accounting spend exceed budget in Jun?,SUCCESS,68.4,"Accounting Jun variance was $1,575,107 vs plan",2026-03-03T17:27:52Z
r44-0000097,amoore@summithealthpartners.com,Variance Explainer,Check covenant compliance for the revolver,SUCCESS,53.1,"Accounting Jan variance was $2,092,057 vs plan",2026-03-03T08:41:59Z
r44-0000098,amoore@summithealthpartners.com,Cash Forecaster,Summarize the Mar variance for entity MX-04,SUCCESS,14.8,"Treasury Mar variance was $2,583,384 vs plan",2026-03-03T14:13:17Z
r44-0000099,jdavis@summithealthpartners.com,Close Checklist Bot,Why did FP&A spend exceed budget in Mar?,SUCCESS,50.5,"FP&A Mar variance was $1,119,185 vs plan",2026-03-03T06:44:39Z
r44-0000100,amoore@summithealthpartners.com,Variance Explainer,Forecast May operating cash flow,SUCCESS,17.5,"Accounting May variance was $38,562 vs plan",2026-03-03T08:33:16Z
r44-0000101,jjohnson@summithealthpartners.com,Budget vs Actual,Why did FP&A spend exceed budget in Apr?,SUCCESS,70.0,"FP&A Apr variance was $4,067,863 vs plan",2026-03-03T13:42:50Z
r44-0000102,bjones@summithealthpartners.com,AP Aging Analyst,Draft flux commentary for the Jan close,SUCCESS,54.5,"FP&A Jan variance was $2,088,394 vs plan",2026-03-03T08:48:25Z
r44-0000103,jwilliams@summithealthpartners.com,Cash Forecaster,Reconcile AP aging over 90 days for EU-08,FAIL,2.9,Traceback (most recent call last): KeyError 'entity',2026-03-03T12:39:47Z
r44-0000104,amoore@summithealthpartners.com,Cash Forecaster,Why did Accounting spend exceed budget in May?,SUCCESS,54.9,"Accounting May variance was $2,324,799 vs plan",2026-03-03T11:41:54Z
r44-0000105,sdavis@summithealthpartners.com,Variance Explainer,Explain the headcount variance vs plan,PARTIAL,64.3,"Ops May variance was $2,667,818 vs plan",2026-03-03T11:48:49Z
r44-0000106,amoore@summithealthpartners.com,Budget vs Actual,Check covenant compliance for the revolver,SUCCESS,40.6,"Treasury Mar variance was $4,533,605 vs plan",2026-03-03T12:52:51Z
r44-0000107,mlewis@summithealthpartners.com,Board Deck Builder,Which cost centers are over budget YTD?,SUCCESS,4.1,"Ops Feb variance was $1,835,866 vs plan",2026-03-03T09:20:55Z
r44-0000108,amoore@summithealthpartners.com,Vendor Spend Analyzer,Check covenant compliance for the revolver,SUCCESS,42.7,"Accounting Mar variance was $1,249,644 vs plan",2026-03-03T15:33:10Z
r44-0000109,amoore@summithealthpartners.com,Headcount Planner,Summarize the Jun variance for entity EU-03,SUCCESS,40.4,"FP&A Jun variance was $1,596,839 vs plan",2026-03-03T16:14:49Z
r44-0000110,pmartin@summithealthpartners.com,Vendor Spend Analyzer,Reconcile AP aging over 90 days for CA-01,SUCCESS,4.6,"Ops Apr variance was $1,112,095 vs plan",2026-03-03T14:19:47Z
r44-0000111,jjohnson@summithealthpartners.com,Board Deck Builder,What drove the change in gross margin this quarter?,SUCCESS,7.3,"FP&A Mar variance was $2,571,590 vs plan",2026-03-03T08:58:07Z
r44-0000112,pmartin@summithealthpartners.com,Covenant Checker,Which cost centers are over budget YTD?,SUCCESS,11.1,"FP&A Jun variance was $4,124,177 vs plan",2026-03-03T20:37:42Z
r44-0000113,amoore@summithealthpartners.com,Board Deck Builder,Summarize the May variance for entity MX-08,SUCCESS,16.0,"Ops May variance was $870,430 vs plan",2026-03-03T08:32:14Z
r44-0000114,amoore@summithealthpartners.com,Covenant Checker,Forecast Jun operating cash flow,SUCCESS,17.1,"Ops Jun variance was $66,447 vs plan",2026-03-03T16:47:32Z
r44-0000115,amoore@summithealthpartners.com,Budget vs Actual,What drove the change in gross margin this quarter?,SUCCESS,0.7,Traceback (most recent call last): KeyError 'entity',2026-03-03T16:19:07Z
r44-0000116,pmartin@summithealthpartners.com,Vendor Spend Analyzer,Build the board deck cash slide for Feb,SUCCESS,67.3,"Treasury Feb variance was $4,171,878 vs plan",2026-03-03T11:59:03Z
r44-0000117,amoore@summithealthpartners.com,Journal Entry Reviewer,What drove the change in gross margin this quarter?,SUCCESS,58.9,"FP&A Jan variance was $1,371,132 vs plan",2026-03-03T13:15:44Z
r44-0000118,pmartin@summithealthpartners.com,Flux Commentary,Which cost centers are over budget YTD?,SUCCESS,33.2,"Accounting Jan variance was $413,409 vs plan",2026-03-03T08:57:48Z
r44-0000119,pmartin@summithealthpartners.com,Cash Forecaster,Why did Ops spend exceed budget in May?,SUCCESS,59.8,"Ops May variance was $3,115,685 vs plan",2026-03-03T11:02:36Z
r44-0000120,pmartin@summithealthpartners.com,Flux Commentary,Which cost centers are over budget YTD?,SUCCESS,27.8,"Accounting Jun variance was $1,267,474 vs plan",2026-03-03T13:21:18Z
r44-0000121,amoore@summithealthpartners.com,Variance Explainer,Explain the headcount variance vs plan,SUCCESS,27.8,"Accounting Apr variance was $2,040,734 vs plan",2026-03-03T13:30:51Z
r44-0000122,amoore@summithealthpartners.com,Close Checklist Bot,Why did Ops spend exceed budget in Mar?,SUCCESS,17.5,"Ops Mar variance was $980,071 vs plan",2026-03-03T13:15:54Z
r44-0000123,pmartin@summithealthpartners.com,AP Aging Analyst,Forecast Feb operating cash flow,SUCCESS,69.0,"Treasury Feb variance was $1,578,953 vs plan",2026-03-03T10:18:20Z
r44-0000124,amoore@summithealthpartners.com,Close Checklist Bot,What drove the change in gross margin this quarter?,PARTIAL,34.2,"FP&A Jun variance was $3,590,990 vs plan",2026-03-03T07:34:48Z
r44-0000125,mlewis@summithealthpartners.com,Vendor Spend Analyzer,Explain the headcount variance vs plan,SUCCESS,10.4,"Accounting Apr variance was $3,307,433 vs plan",2026-03-03T12:06:27Z
r44-0000126,pmartin@summithealthpartners.com,Vendor Spend Analyzer,Reconcile AP aging over 90 days for EU-05,SUCCESS,8.2,"FP&A Apr variance was $1,156,918 vs plan",2026-03-03T14:13:44Z
r44-0000127,amoore@summithealthpartners.com,Variance Explainer,Summarize the Feb variance for entity EU-07,PARTIAL,3.9,"Ops Feb variance was $4,550,449 vs plan",2026-03-03T14:44:12Z
r44-0000128,amoore@summithealthpartners.com,Variance Explainer,Summarize the Mar variance for entity MX-01,SUCCESS,44.7,"FP&A Mar variance was $3,488,388 vs plan",2026-03-03T15:56:51Z
r44-0000129,bjones@summithealthpartners.com,Covenant Checker,Forecast Apr operating cash flow,SUCCESS,38.7,"Treasury Apr variance was $1,847,843 vs plan",2026-03-03T11:49:27Z
r44-0000130,bjones@summithealthpartners.com,Budget vs Actual,Reconcile AP aging over 90 days for CA-05,SUCCESS,20.1,"FP&A May variance was $4,460,597 vs plan",2026-03-04T10:00:26Z
r44-0000131,jjohnson@summithealthpartners.com,Covenant Checker,Summarize the Jun variance for entity EU-06,SUCCESS,7.7,"Accounting Jun variance was $1,192,443 vs plan",2026-03-04T12:56:30Z
r44-0000132,pmartin@summithealthpartners.com,Vendor Spend Analyzer,Explain the headcount variance vs plan,SUCCESS,11.1,"Accounting May variance was $261,658 vs plan",2026-03-04T13:31:28Z
r44-0000133,pmartin@summithealthpartners.com,AP Aging Analyst,Build the board deck cash slide for Jan,PARTIAL,46.6,"FP&A Jan variance was $661,382 vs plan",2026-03-04T12:31:10Z
r44-0000134,pmartin@summithealthpartners.com,Board Deck Builder,Summarize the Jan variance for entity CA-08,PARTIAL,46.4,"FP&A Jan variance was $1,931,051 vs plan",2026-03-04T10:13:05Z
r44-0000135,jnguyen@summithealthpartners.com,Budget vs Actual,Build the board deck cash slide for May,SUCCESS,21.8,"Ops May variance was $1,327,582 vs plan",2026-03-04T13:20:51Z
r44-0000136,mlewis@summithealthpartners.com,Covenant Checker,What drove the change in gross margin this quarter?,SUCCESS,59.3,"Treasury May variance was $4,470,511 vs plan",2026-03-04T11:21:06Z
r44-0000137,sbrown@summithealthpartners.com,Budget vs Actual,Explain the headcount variance vs plan,SUCCESS,61.8,"Ops Apr variance was $3,168,606 vs plan",2026-03-04T18:46:35Z
r44-0000138,jdavis@summithealthpartners.com,Variance Explainer,What drove the change in gross margin this quarter?,SUCCESS,68.6,"Accounting Apr variance was $268,545 vs plan",2026-03-04T11:20:15Z
r44-0000139,pmartin@summithealthpartners.com,Close Checklist Bot,What drove the change in gross margin this quarter?,SUCCESS,36.3,"Treasury May variance was $1,462,268 vs plan",2026-03-04T16:34:56Z
r44-0000140,nnguyen@summithealthpartners.com,Headcount Planner,Which cost centers are over budget YTD?,SUCCESS,70.0,"Accounting May variance was $2,524,448 vs plan",2026-03-04T18:42:15Z
r44-0000141,bjones@summithealthpartners.com,Journal Entry Reviewer,Draft flux commentary for the Mar close,SUCCESS,11.4,"Accounting Mar variance was $1,382,720 vs plan",2026-03-04T11:00:19Z
r44-0000142,pmartin@summithealthpartners.com,Variance Explainer,Build the board deck cash slide for Feb,SUCCESS,44.3,"Ops Feb variance was $4,607,481 vs plan",2026-03-04T18:55:31Z
r44-0000143,pmartin@summithealthpartners.com,AP Aging Analyst,Reconcile AP aging over 90 days for US-02,SUCCESS,10.1,"Treasury Jan variance was $624,617 vs plan",2026-03-04T15:48:10Z
r44-0000144,amoore@summithealthpartners.com,Vendor Spend Analyzer,Explain the headcount variance vs plan,SUCCESS,69.1,"FP&A Mar variance was $3,870,503 vs plan",2026-03-04T10:00:46Z
r44-0000145,bjones@summithealthpartners.com,Cash Forecaster,Build the board deck cash slide for Jan,SUCCESS,49.6,"FP&A Jan variance was $280,723 vs plan",2026-03-04T08:51:45Z
r44-0000146,pmartin@summithealthpartners.com,Variance Explainer,Draft flux commentary for the Mar close,SUCCESS,65.9,"FP&A Mar variance was $56,083 vs plan",2026-03-04T13:53:31Z
r44-0000147,mharris@summithealthpartners.com,Flux Commentary,Summarize the Jan variance for entity EU-03,SUCCESS,56.3,"Ops Jan variance was $4,484,269 vs plan",2026-03-04T08:36:51Z
r44-0000148,pmartin@summithealthpartners.com,Flux Commentary,Forecast May operating cash flow,SUCCESS,75.0,"FP&A May variance was $3,511,191 vs plan",2026-03-04T06:45:12Z
r44-0000149,amoore@summithealthpartners.com,AP Aging Analyst,Draft flux commentary for the Jan close,SUCCESS,64.0,"Ops Jan variance was $2,938,343 vs plan",2026-03-04T09:31:46Z
r44-0000150,amoore@summithealthpartners.com,Journal Entry Reviewer,Build the board deck cash slide for May,SUCCESS,18.1,"Accounting May variance was $685,142 vs plan",2026-03-04T18:02:51Z
r44-0000151,amoore@summithealthpartners.com,Variance Explainer,What drove the change in gross margin this quarter?,FAIL,4.2,error code 502 from model gateway,2026-03-04T13:26:40Z
r44-0000152,pmartin@summithealthpartners.com,Headcount Planner,Build the board deck cash slide for Feb,SUCCESS,51.3,"FP&A Feb variance was $1,581,603 vs plan",2026-03-04T14:39:58Z
r44-0000153,amoore@summithealthpartners.com,Budget vs Actual,Draft flux commentary for the Jan close,SUCCESS,46.4,"Ops Jan variance was $3,598,710 vs plan",2026-03-04T09:13:29Z
r44-0000154,jjohnson@summithealthpartners.com,Budget vs Actual,Explain the headcount variance vs plan,SUCCESS,47.4,"Accounting May variance was $715,757 vs plan",2026-03-04T18:20:52Z
r44-0000155,pmartin@summithealthpartners.com,Covenant Checker,Build the board deck cash slide for May,SUCCESS,38.3,"Accounting May variance was $4,249,047 vs plan",2026-03-04T12:36:48Z
r44-0000156,sdavis@summithealthpartners.com,Journal Entry Reviewer,Which cost centers are over budget YTD?,PARTIAL,52.1,"Accounting May variance was $3,362,892 vs plan",2026-03-04T13:41:02Z
r44-0000157,pmartin@summithealthpartners.com,Revenue Recognizer,Summarize the May variance for entity EU-09,SUCCESS,71.5,"Ops May variance was $473,278 vs plan",2026-03-04T15:12:37Z
r44-0000158,pmartin@summithealthpartners.com,Budget vs Actual,What drove the change in gross margin this quarter?,SUCCESS,49.8,"Accounting Feb variance was $4,668,173 vs plan",2026-03-04T16:05:47Z
r44-0000159,amoore@summithealthpartners.com,Flux Commentary,Which cost centers are over budget YTD?,SUCCESS,68.9,"FP&A Feb variance was $408,942 vs plan",2026-03-04T15:46:21Z
r44-0000160,pmartin@summithealthpartners.com,Budget vs Actual,Forecast Feb operating cash flow,SUCCESS,23.3,"FP&A Feb variance was $898,663 vs plan",2026-03-04T14:14:19Z
r44-0000161,sdavis@summithealthpartners.com,Budget vs Actual,Reconcile AP aging over 90 days for MX-03,SUCCESS,9.6,"Ops Feb variance was $2,733,251 vs plan",2026-03-04T13:22:53Z
r44-0000162,pmartin@summithealthpartners.com,Cash Forecaster,Explain the headcount variance vs plan,SUCCESS,34.5,"FP&A Feb variance was $152,229 vs plan",2026-03-04T17:15:57Z
r44-0000163,mlewis@summithealthpartners.com,Variance Explainer,What drove the change in gross margin this quarter?,FAIL,5.5,Traceback (most recent call last): KeyError 'entity',2026-03-04T17:34:50Z
r44-0000164,jlewis@summithealthpartners.com,Journal Entry Reviewer,Draft flux commentary for the Feb close,SUCCESS,47.3,"FP&A Feb variance was $2,117,878 vs plan",2026-03-04T10:18:58Z
r44-0000165,pmartin@summithealthpartners.com,Close Checklist Bot,Why did Accounting spend exceed budget in Apr?,FAIL,4.7,Traceback (most recent call last): KeyError 'entity',2026-03-04T08:53:48Z
r44-0000166,pmartin@summithealthpartners.com,Budget vs Actual,Why did Ops spend exceed budget in May?,SUCCESS,43.9,"Ops May variance was $509,702 vs plan",2026-03-04T09:56:09Z
r44-0000167,amoore@summithealthpartners.com,Close Checklist Bot,What drove the change in gross margin this quarter?,SUCCESS,46.0,"Treasury Apr variance was $1,780,172 vs plan",2026-03-04T14:45:09Z
r44-0000168,amoore@summithealthpartners.com,Journal Entry Reviewer,Draft flux commentary for the Jun close,PARTIAL,18.0,"FP&A Jun variance was $598,263 vs plan",2026-03-04T18:34:14Z
r44-0000169,dlopez2@summithealthpartners.com,Board Deck Builder,Summarize the May variance for entity MX-04,SUCCESS,57.6,"Ops May variance was $4,197,933 vs plan",2026-03-04T13:16:04Z
r44-0000170,amoore@summithealthpartners.com,Budget vs Actual,Forecast Feb operating cash flow,SUCCESS,10.0,"Treasury Feb variance was $115,489 vs plan",2026-03-04T10:08:04Z
r44-0000171,bjones@summithealthpartners.com,Budget vs Actual,Forecast Jun operating cash flow,SUCCESS,16.4,"FP&A Jun variance was $4,568,211 vs plan",2026-03-04T12:44:12Z
r44-0000172,nnguyen@summithealthpartners.com,Covenant Checker,Reconcile AP aging over 90 days for CA-03,SUCCESS,32.6,"Ops May variance was $4,093,950 vs plan",2026-03-04T13:45:36Z
r44-0000173,amoore@summithealthpartners.com,Variance Explainer,Which cost centers are over budget YTD?,SUCCESS,5.5,"Treasury Mar variance was $2,247,790 vs plan",2026-03-04T14:33:56Z
r44-0000174,pmartin@summithealthpartners.com,Flux Commentary,What drove the change in gross margin this quarter?,SUCCESS,34.1,"Accounting Jun variance was $57,566 vs plan",2026-03-04T12:29:05Z
r44-0000175,jwilliams@summithealthpartners.com,Headcount Planner,Reconcile AP aging over 90 days for CA-09,SUCCESS,58.7,"Treasury Apr variance was $2,743,151 vs plan",2026-03-04T10:39:08Z
r44-0000176,pmartin@summithealthpartners.com,Covenant Checker,Summarize the Mar variance for entity EU-05,SUCCESS,26.3,"Treasury Mar variance was $1,614,131 vs plan",2026-03-04T07:15:43Z
r44-0000177,dlopez2@summithealthpartners.com,Board Deck Builder,Which cost centers are over budget YTD?,SUCCESS,1.4,error code 502 from model gateway,2026-03-04T11:12:33Z
r44-0000178,pmartin@summithealthpartners.com,Revenue Recognizer,Summarize the Feb variance for entity US-01,SUCCESS,68.1,"Accounting Feb variance was $118,829 vs plan",2026-03-04T09:03:04Z
r44-0000179,mlewis@summithealthpartners.com,Close Checklist Bot,Explain the headcount variance vs plan,SUCCESS,19.1,"Accounting Mar variance was $4,393,824 vs plan",2026-03-04T14:06:19Z
r44-0000180,bjones@summithealthpartners.com,Revenue Recognizer,Which cost centers are over budget YTD?,SUCCESS,69.7,"FP&A Jan variance was $1,442,205 vs plan",2026-03-05T14:48:26Z
r44-0000181,jwilson@summithealthpartners.com,Flux Commentary,Reconcile AP aging over 90 days for EU-05,SUCCESS,27.1,"Accounting May variance was $2,526,489 vs plan",2026-03-05T14:52:10Z
r44-0000182,pmartin@summithealthpartners.com,Close Checklist Bot,Check covenant compliance for the revolver,SUCCESS,64.5,"Accounting Mar variance was $4,773,888 vs plan",2026-03-05T12:36:26Z
r44-0000183,amoore@summithealthpartners.com,Headcount Planner,Draft flux commentary for the May close,SUCCESS,32.7,"FP&A May variance was $127,608 vs plan",2026-03-05T11:06:43Z
r44-0000184,pmartin@summithealthpartners.com,Close Checklist Bot,Summarize the Jun variance for entity CA-04,SUCCESS,70.8,"Accounting Jun variance was $3,555,557 vs plan",2026-03-05T12:30:29Z
r44-0000185,pmartin@summithealthpartners.com,AP Aging Analyst,Which cost centers are over budget YTD?,SUCCESS,17.3,"Accounting May variance was $3,317,457 vs plan",2026-03-05T13:51:15Z
r44-0000186,pmartin@summithealthpartners.com,Covenant Checker,Explain the headcount variance vs plan,PARTIAL,37.7,"Accounting May variance was $405,854 vs plan",2026-03-05T10:45:39Z
r44-0000187,amoore@summithealthpartners.com,Close Checklist Bot,Check covenant compliance for the revolver,SUCCESS,42.4,"FP&A May variance was $362,197 vs plan",2026-03-05T14:01:40Z
r44-0000188,amoore@summithealthpartners.com,Close Checklist Bot,Summarize the Mar variance for entity EU-04,SUCCESS,24.8,"Ops Mar variance was $1,888,064 vs plan",2026-03-05T09:05:59Z
r44-0000189,bjones@summithealthpartners.com,Journal Entry Reviewer,Explain the headcount variance vs plan,SUCCESS,8.7,"Accounting May variance was $4,467,440 vs plan",2026-03-05T19:04:39Z
r44-0000190,pmartin@summithealthpartners.com,Board Deck Builder,Build the board deck cash slide for Jun,SUCCESS,0.4,ERROR: upstream request timed out,2026-03-05T13:48:21Z
r44-0000191,jjohnson@summithealthpartners.com,Journal Entry Reviewer,What drove the change in gross margin this quarter?,SUCCESS,64.9,"FP&A Jun variance was $665,836 vs plan",2026-03-05T13:16:44Z
r44-0000192,mharris@summithealthpartners.com,Variance Explainer,What drove the change in gross margin this quarter?,SUCCESS,12.7,"Ops Apr variance was $831,791 vs plan",2026-03-05T16:39:25Z
r44-0000193,jwilliams@summithealthpartners.com,Headcount Planner,Check covenant compliance for the revolver,SUCCESS,29.1,"FP&A Jun variance was $265,174 vs plan",2026-03-05T11:31:04Z
r44-0000194,mlewis@summithealthpartners.com,Vendor Spend Analyzer,Why did Ops spend exceed budget in Jan?,SUCCESS,17.5,"Ops Jan variance was $427,726 vs plan",2026-03-05T14:56:21Z
r44-0000195,jnguyen@summithealthpartners.com,Revenue Recognizer,Which cost centers are over budget YTD?,SUCCESS,13.9,"Ops May variance was $1,755,531 vs plan",2026-03-05T09:19:36Z
r44-0000196,bjones@summithealthpartners.com,Revenue Recognizer,Which cost centers are over budget YTD?,SUCCESS,47.5,"Ops Jan variance was $1,987,185 vs plan",2026-03-05T11:20:48Z
r44-0000197,pmartin@summithealthpartners.com,Covenant Checker,Which cost centers are over budget YTD?,SUCCESS,50.3,"FP&A Mar variance was $848,331 vs plan",2026-03-05T08:06:22Z
r44-0000198,pmartin@summithealthpartners.com,Vendor Spend Analyzer,Forecast Feb operating cash flow,SUCCESS,52.9,"FP&A Feb variance was $4,496,714 vs plan",2026-03-05T07:24:30Z
r44-0000199,jnguyen@summithealthpartners.com,AP Aging Analyst,What drove the change in gross margin this quarter?,SUCCESS,23.5,"FP&A Feb variance was $2,584,044 vs plan",2026-03-05T15:38:24Z
r44-0000200,dlopez2@summithealthpartners.com,Variance Explainer,Reconcile AP aging over 90 days for MX-02,SUCCESS,13.9,"Ops Jan variance was $3,419,473 vs plan",2026-03-05T11:46:37Z
r44-0000201,bjones@summithealthpartners.com,Covenant Checker,Check covenant compliance for the revolver,SUCCESS,68.5,"Treasury Jun variance was $4,424,652 vs plan",2026-03-05T14:24:52Z
r44-0000202,pmartin@summithealthpartners.com,Cash Forecaster,Draft flux commentary for the Feb close,FAIL,3.3,error code 502 from model gateway,2026-03-05T14:23:37Z
r44-0000203,bjones@summithealthpartners.com,Variance Explainer,Which cost centers are over budget YTD?,SUCCESS,11.4,"Accounting Jan variance was $4,105,625 vs plan",2026-03-05T11:52:36Z
r44-0000204,amoore@summithealthpartners.com,Flux Commentary,Draft flux commentary for the Feb close,SUCCESS,43.6,"Ops Feb variance was $1,962,120 vs plan",2026-03-05T15:36:56Z
r44-0000205,kperez@summithealthpartners.com,Cash Forecaster,Draft flux commentary for the Jan close,SUCCESS,43.7,"Treasury Jan variance was $936,641 vs plan",2026-03-05T16:56:36Z
r44-0000206,amoore@summithealthpartners.com,AP Aging Analyst,Build the board deck cash slide for Feb,PARTIAL,60.5,"FP&A Feb variance was $320,510 vs plan",2026-03-05T16:22:13Z
r44-0000207,mharris@summithealthpartners.com,Close Checklist Bot,Summarize the Jan variance for entity CA-04,SUCCESS,21.3,"Treasury Jan variance was $2,535,582 vs plan",2026-03-05T18:12:13Z
r44-0000208,pmartin@summithealthpartners.com,Headcount Planner,Draft flux commentary for the Jan close,SUCCESS,9.3,"Accounting Jan variance was $1,227,166 vs plan",2026-03-05T13:23:54Z
r44-0000209,jjohnson@summithealthpartners.com,Close Checklist Bot,Why did Accounting spend exceed budget in Apr?,SUCCESS,65.5,"Accounting Apr variance was $1,613,952 vs plan",2026-03-05T12:33:58Z
r44-0000210,bjones@summithealthpartners.com,Vendor Spend Analyzer,Summarize the Jun variance for entity MX-03,SUCCESS,50.6,"Treasury Jun variance was $2,235,314 vs plan",2026-03-05T15:39:54Z
r44-0000211,jwilson@summithealthpartners.com,Flux Commentary,Build the board deck cash slide for Jun,SUCCESS,46.4,"FP&A Jun variance was $2,821,486 vs plan",2026-03-05T10:58:09Z
r44-0000212,prodriguez@summithealthpartners.com,Flux Commentary,Which cost centers are over budget YTD?,SUCCESS,46.4,"Treasury Mar variance was $288,592 vs plan",2026-03-05T12:13:31Z
r44-0000213,prodriguez@summithealthpartners.com,Covenant Checker,Forecast May operating cash flow,SUCCESS,61.1,"Accounting May variance was $1,922,095 vs plan",2026-03-05T14:33:44Z
r44-0000214,pmartin@summithealthpartners.com,Vendor Spend Analyzer,Check covenant compliance for the revolver,SUCCESS,39.3,"Accounting Mar variance was $736,305 vs plan",2026-03-05T11:18:50Z
r44-0000215,kperez@summithealthpartners.com,AP Aging Analyst,Draft flux commentary for the May close,SUCCESS,10.6,"FP&A May variance was $1,966,222 vs plan",2026-03-05T14:24:14Z
r44-0000216,mharris@summithealthpartners.com,Headcount Planner,Forecast May operating cash flow,PARTIAL,73.0,"Accounting May variance was $1,647,289 vs plan",2026-03-05T12:53:48Z
r44-0000217,amoore@summithealthpartners.com,Cash Forecaster,Why did Treasury spend exceed budget in Feb?,PARTIAL,40.0,"Treasury Feb variance was $1,235,457 vs plan",2026-03-05T14:24:31Z
r44-0000218,pmartin@summithealthpartners.com,Headcount Planner,What drove the change in gross margin this quarter?,PARTIAL,37.8,"Accounting Jan variance was $3,524,580 vs plan",2026-03-05T17:08:23Z
r44-0000219,amoore@summithealthpartners.com,Flux Commentary,Reconcile AP aging over 90 days for EU-05,SUCCESS,18.3,"FP&A Apr variance was $1,543,560 vs plan",2026-03-05T08:07:37Z
r44-0000220,mlewis@summithealthpartners.com,Headcount Planner,Draft flux commentary for the Mar close,SUCCESS,17.5,"Accounting Mar variance was $3,211,437 vs plan",2026-03-05T14:50:50Z
r44-0000221,bjones@summithealthpartners.com,Board Deck Builder,Summarize the Jan variance for entity CA-05,SUCCESS,58.8,"Ops Jan variance was $1,491,862 vs plan",2026-03-05T10:24:28Z
r44-0000222,pmartin@summithealthpartners.com,Variance Explainer,What drove the change in gross margin this quarter?,SUCCESS,26.3,"FP&A Mar variance was $374,351 vs plan",2026-03-05T07:00:45Z
r44-0000223,pmartin@summithealthpartners.com,AP Aging Analyst,Explain the headcount variance vs plan,SUCCESS,28.5,"Ops Jun variance was $2,097,091 vs plan",2026-03-05T11:09:28Z
r44-0000224,jjohnson@summithealthpartners.com,Budget vs Actual,What drove the change in gross margin this quarter?,SUCCESS,41.9,"FP&A May variance was $3,268,501 vs plan",2026-03-05T13:59:26Z
r44-0000225,pmartin@summithealthpartners.com,Headcount Planner,Draft flux commentary for the Jan close,SUCCESS,15.6,"Ops Jan variance was $4,643,759 vs plan",2026-03-05T12:58:12Z
r44-0000226,pmartin@summithealthpartners.com,Covenant Checker,Which cost centers are over budget YTD?,SUCCESS,65.5,"Ops Jan variance was $3,924,563 vs plan",2026-03-05T12:31:23Z
r44-0000227,pmartin@summithealthpartners.com,Flux Commentary,Reconcile AP aging over 90 days for EU-08,SUCCESS,40.7,"Ops Feb variance was $376,993 vs plan",2026-03-06T13:22:27Z
r44-0000228,dlopez2@summithealthpartners.com,Cash Forecaster,Reconcile AP aging over 90 days for EU-04,SUCCESS,1.3,error: connection reset by peer,2026-03-06T17:04:36Z
r44-0000229,jjohnson@summithealthpartners.com,Flux Commentary,Draft flux commentary for the Feb close,SUCCESS,47.3,"FP&A Feb variance was $84,163 vs plan",2026-03-06T16:56:16Z
r44-0000230,prodriguez@summithealthpartners.com,Covenant Checker,Forecast Feb operating cash flow,SUCCESS,30.2,"FP&A Feb variance was $3,814,615 vs plan",2026-03-06T19:06:48Z
r44-0000231,pmartin@summithealthpartners.com,Budget vs Actual,Draft flux commentary for the Jun close,SUCCESS,65.0,"Accounting Jun variance was $1,817,556 vs plan",2026-03-06T17:58:06Z
r44-0000232,sbrown@summithealthpartners.com,Board Deck Builder,Explain the headcount variance vs plan,SUCCESS,0.7,error code 502 from model gateway,2026-03-06T16:30:48Z
r44-0000233,jlewis@summithealthpartners.com,Variance Explainer,Explain the headcount variance vs plan,SUCCESS,0.4,error: connection reset by peer,2026-03-06T10:32:30Z
r44-0000234,jjohnson@summithealthpartners.com,Covenant Checker,Explain the headcount variance vs plan,SUCCESS,23.5,"Accounting Apr variance was $4,672,397 vs plan",2026-03-06T12:41:09Z
r44-0000235,bjones@summithealthpartners.com,Cash Forecaster,Reconcile AP aging over 90 days for US-05,SUCCESS,62.5,"Ops Feb variance was $4,268,011 vs plan",2026-03-06T12:44:23Z
r44-0000236,pmartin@summithealthpartners.com,Budget vs Actual,Which cost centers are over budget YTD?,SUCCESS,44.9,"Ops May variance was $2,207,358 vs plan",2026-03-06T12:03:26Z
r44-0000237,amoore@summithealthpartners.com,AP Aging Analyst,Why did Ops spend exceed budget in Jun?,SUCCESS,16.7,"Ops Jun variance was $2,882,378 vs plan",2026-03-06T16:10:21Z
r44-0000238,sbrown@summithealthpartners.com,Covenant Checker,Why did Treasury spend exceed budget in Feb?,SUCCESS,6.8,"Treasury Feb variance was $2,759,151 vs plan",2026-03-06T14:39:42Z
r44-0000239,jwilliams@summithealthpartners.com,Flux Commentary,Draft flux commentary for the Feb close,PARTIAL,35.3,"Treasury Feb variance was $3,207,082 vs plan",2026-03-06T14:53:51Z
r44-0000240,jjohnson@summithealthpartners.com,Journal Entry Reviewer,Check covenant compliance for the revolver,SUCCESS,17.9,"Treasury May variance was $601,288 vs plan",2026-03-06T10:38:44Z
r44-0000241,nhaddad@summithealthpartners.com,Covenant Checker,Reconcile AP aging over 90 days for US-09,SUCCESS,45.5,"FP&A May variance was $4,430,004 vs plan",2026-03-06T16:31:24Z
r44-0000242,amoore@summithealthpartners.com,Board Deck Builder,What drove the change in gross margin this quarter?,SUCCESS,47.5,"FP&A Feb variance was $3,401,276 vs plan",2026-03-06T08:17:53Z
r44-0000243,pmartin@summithealthpartners.com,Cash Forecaster,Forecast May operating cash flow,SUCCESS,42.0,"FP&A May variance was $3,511,509 vs plan",2026-03-06T11:18:39Z
r44-0000244,jnguyen@summithealthpartners.com,AP Aging Analyst,Which cost centers are over budget YTD?,SUCCESS,45.6,"Treasury Jan variance was $3,231,506 vs plan",2026-03-06T14:42:12Z
r44-0000245,sdavis@summithealthpartners.com,Close Checklist Bot,Forecast Jun operating cash flow,SUCCESS,46.6,"Treasury Jun variance was $1,269,489 vs plan",2026-03-06T10:31:10Z
r44-0000246,jnguyen@summithealthpartners.com,Board Deck Builder,Build the board deck cash slide for Jan,SUCCESS,9.0,"Ops Jan variance was $4,776,056 vs plan",2026-03-06T11:01:32Z
r44-0000247,pmartin@summithealthpartners.com,Revenue Recognizer,Build the board deck cash slide for Mar,SUCCESS,37.8,"Ops Mar variance was $865,775 vs plan",2026-03-06T12:08:14Z
r44-0000248,amoore@summithealthpartners.com,Headcount Planner,Explain the headcount variance vs plan,SUCCESS,11.8,"Ops Jun variance was $1,202,378 vs plan",2026-03-06T19:36:18Z
r44-0000249,jnguyen@summithealthpartners.com,Budget vs Actual,Build the board deck cash slide for May,SUCCESS,12.8,"Treasury May variance was $1,932,689 vs plan",2026-03-06T06:02:32Z
r44-0000250,pmartin@summithealthpartners.com,Close Checklist Bot,What drove the change in gross margin this quarter?,SUCCESS,6.0,"Treasury May variance was $3,162,080 vs plan",2026-03-06T13:25:21Z
r44-0000251,jjohnson@summithealthpartners.com,AP Aging Analyst,Why did FP&A spend exceed budget in May?,FAIL,5.0,error code 502 from model gateway,2026-03-06T10:53:47Z
r44-0000252,amoore@summithealthpartners.com,Budget vs Actual,Reconcile AP aging over 90 days for MX-06,SUCCESS,24.6,"Ops Apr variance was $1,823,939 vs plan",2026-03-06T13:18:21Z
r44-0000253,mharris@summithealthpartners.com,Headcount Planner,Why did Treasury spend exceed budget in Jun?,SUCCESS,31.8,"Treasury Jun variance was $4,090,370 vs plan",2026-03-06T11:32:20Z
r44-0000254,pmartin@summithealthpartners.com,Close Checklist Bot,Reconcile AP aging over 90 days for MX-03,SUCCESS,24.2,"FP&A Jan variance was $3,048,382 vs plan",2026-03-06T12:13:00Z
r44-0000255,kperez@summithealthpartners.com,Board Deck Builder,Forecast May operating cash flow,SUCCESS,39.6,"Accounting May variance was $156,499 vs plan",2026-03-06T12:09:07Z
r44-0000256,amoore@summithealthpartners.com,Budget vs Actual,Which cost centers are over budget YTD?,SUCCESS,8.3,"Treasury Feb variance was $4,609,841 vs plan",2026-03-06T13:50:58Z
r44-0000257,jlewis@summithealthpartners.com,Close Checklist Bot,Explain the headcount variance vs plan,PARTIAL,8.8,"Accounting Jan variance was $2,520,761 vs plan",2026-03-06T12:53:41Z
r44-0000258,sdavis@summithealthpartners.com,Board Deck Builder,What drove the change in gross margin this quarter?,SUCCESS,44.0,"Ops Feb variance was $3,839,159 vs plan",2026-03-06T11:37:30Z
r44-0000259,amoore@summithealthpartners.com,Flux Commentary,Draft flux commentary for the Feb close,SUCCESS,27.9,"Treasury Feb variance was $2,183,750 vs plan",2026-03-06T13:50:05Z
r44-0000260,mharris@summithealthpartners.com,Vendor Spend Analyzer,Draft flux commentary for the May close,SUCCESS,13.5,"FP&A May variance was $437,989 vs plan",2026-03-06T10:41:18Z
r44-0000261,pmartin@summithealthpartners.com,Flux Commentary,Which cost centers are over budget YTD?,SUCCESS,6.8,"Treasury Jun variance was $1,268,079 vs plan",2026-03-06T06:36:12Z
r44-0000262,amoore@summithealthpartners.com,Flux Commentary,Which cost centers are over budget YTD?,SUCCESS,42.5,"Accounting Apr variance was $2,723,086 vs plan",2026-03-06T13:58:14Z
r44-0000263,mharris@summithealthpartners.com,Vendor Spend Analyzer,Explain the headcount variance vs plan,SUCCESS,67.6,"Ops Jan variance was $172,179 vs plan",2026-03-06T12:57:24Z
r44-0000264,amoore@summithealthpartners.com,Budget vs Actual,Forecast May operating cash flow,SUCCESS,27.1,"Treasury May variance was $583,137 vs plan",2026-03-06T14:48:53Z
r44-0000265,pmartin@summithealthpartners.com,Headcount Planner,Forecast Apr operating cash flow,PARTIAL,47.1,"Treasury Apr variance was $2,730,315 vs plan",2026-03-06T17:57:14Z
r44-0000266,amoore@summithealthpartners.com,Revenue Recognizer,Build the board deck cash slide for Apr,SUCCESS,47.7,"Ops Apr variance was $2,058,038 vs plan",2026-03-06T12:32:34Z
r44-0000267,amoore@summithealthpartners.com,Journal Entry Reviewer,Forecast May operating cash flow,SUCCESS,31.0,"Accounting May variance was $1,484,068 vs plan",2026-03-06T11:17:46Z
r44-0000268,pmartin@summithealthpartners.com,Covenant Checker,Why did FP&A spend exceed budget in Jan?,SUCCESS,50.6,"FP&A Jan variance was $840,320 vs plan",2026-03-06T09:24:20Z
r44-0000269,pmartin@summithealthpartners.com,Revenue Recognizer,Summarize the Jan variance for entity EU-02,SUCCESS,52.2,"Accounting Jan variance was $3,023,800 vs plan",2026-03-06T11:12:51Z
r44-0000270,kperez@summithealthpartners.com,Close Checklist Bot,Draft flux commentary for the Jan close,PARTIAL,59.5,"Treasury Jan variance was $1,405,063 vs plan",2026-03-06T14:28:00Z
r44-0000271,pmartin@summithealthpartners.com,Budget vs Actual,Summarize the Jun variance for entity EU-07,SUCCESS,33.7,"Accounting Jun variance was $4,765,810 vs plan",2026-03-06T11:44:33Z
r44-0000272,jnguyen@summithealthpartners.com,Budget vs Actual,Check covenant compliance for the revolver,PARTIAL,66.7,"Ops Apr variance was $894,821 vs plan",2026-03-06T16:29:10Z
r44-0000273,pmartin@summithealthpartners.com,Close Checklist Bot,Summarize the Jun variance for entity CA-09,SUCCESS,41.9,"Treasury Jun variance was $2,789,521 vs plan",2026-03-06T11:01:38Z
r44-0000274,jwilliams@summithealthpartners.com,Headcount Planner,What drove the change in gross margin this quarter?,SUCCESS,32.6,"FP&A Jan variance was $200,840 vs plan",2026-03-06T12:36:02Z
r44-0000275,pmartin@summithealthpartners.com,Vendor Spend Analyzer,What drove the change in gross margin this quarter?,SUCCESS,48.7,"Treasury Jun variance was $3,284,422 vs plan",2026-03-06T10:18:43Z
r44-0000276,bjones@summithealthpartners.com,Covenant Checker,Which cost centers are over budget YTD?,SUCCESS,18.5,"Accounting Mar variance was $3,278,337 vs plan",2026-03-06T12:24:39Z
r44-0000277,pmartin@summithealthpartners.com,Cash Forecaster,Forecast May operating cash flow,SUCCESS,42.4,"FP&A May variance was $148,756 vs plan",2026-03-06T14:40:59Z
r44-0000278,mlewis@summithealthpartners.com,AP Aging Analyst,Explain the headcount variance vs plan,SUCCESS,39.2,"Treasury Jan variance was $3,070,244 vs plan",2026-03-06T13:35:53Z
r44-0000279,pmartin@summithealthpartners.com,Cash Forecaster,Check covenant compliance for the revolver,SUCCESS,0.8,Traceback (most recent call last): KeyError 'entity',2026-03-06T12:36:07Z
r44-0000280,amoore@summithealthpartners.com,Board Deck Builder,Why did Treasury spend exceed budget in May?,SUCCESS,13.4,"Treasury May variance was $2,105,418 vs plan",2026-03-06T10:57:51Z
r44-0000281,jnguyen@summithealthpartners.com,Vendor Spend Analyzer,Check covenant compliance for the revolver,SUCCESS,1.0,Traceback (most recent call last): KeyError 'entity',2026-03-06T17:40:30Z
r44-0000282,jdavis@summithealthpartners.com,Board Deck Builder,Forecast Feb operating cash flow,PARTIAL,57.9,"Accounting Feb variance was $3,243,308 vs plan",2026-03-06T12:10:00Z
r44-0000283,jnguyen@summithealthpartners.com,Covenant Checker,Summarize the May variance for entity CA-01,SUCCESS,17.5,"Ops May variance was $2,679,909 vs plan",2026-03-06T14:47:45Z
r44-0000284,jnguyen@summithealthpartners.com,Vendor Spend Analyzer,Forecast Feb operating cash flow,SUCCESS,65.8,"Treasury Feb variance was $4,623,807 vs plan",2026-03-06T17:30:56Z
r44-0000285,amoore@summithealthpartners.com,Budget vs Actual,Which cost centers are over budget YTD?,SUCCESS,15.4,"Treasury May variance was $1,969,775 vs plan",2026-03-06T14:38:48Z
r44-0000286,pmartin@summithealthpartners.com,Flux Commentary,Which cost centers are over budget YTD?,SUCCESS,23.6,"Accounting Mar variance was $1,604,785 vs plan",2026-03-06T08:36:09Z
r44-0000287,pmartin@summithealthpartners.com,Budget vs Actual,Summarize the Mar variance for entity MX-09,SUCCESS,0.9,error: connection reset by peer,2026-03-06T13:36:24Z
r44-0000288,pmartin@summithealthpartners.com,Journal Entry Reviewer,Explain the headcount variance vs plan,SUCCESS,20.0,"Treasury May variance was $4,471,137 vs plan",2026-03-06T12:31:26Z
r44-0000289,pmartin@summithealthpartners.com,Covenant Checker,Check covenant compliance for the revolver,SUCCESS,55.1,"Treasury Jun variance was $4,103,740 vs plan",2026-03-06T09:20:07Z
r44-0000290,jnguyen@summithealthpartners.com,Covenant Checker,Build the board deck cash slide for May,SUCCESS,64.8,"Ops May variance was $2,970,198 vs plan",2026-03-06T11:41:50Z
r44-0000291,pmartin@summithealthpartners.com,Journal Entry Reviewer,Build the board deck cash slide for Jun,PARTIAL,14.6,"Treasury Jun variance was $3,010,300 vs plan",2026-03-06T14:37:24Z
r44-0000292,jnguyen@summithealthpartners.com,AP Aging Analyst,What drove the change in gross margin this quarter?,SUCCESS,10.7,"FP&A Jan variance was $2,217,456 vs plan",2026-03-06T15:38:03Z
r44-0000293,jlewis@summithealthpartners.com,Vendor Spend Analyzer,Build the board deck cash slide for Mar,SUCCESS,23.2,"Ops Mar variance was $3,063,422 vs plan",2026-03-06T13:11:29Z
r44-0000294,pmartin@summithealthpartners.com,Budget vs Actual,What drove the change in gross margin this quarter?,SUCCESS,12.0,"Treasury Jan variance was $2,295,176 vs plan",2026-03-06T08:22:34Z
r44-0000295,pmartin@summithealthpartners.com,Revenue Recognizer,Reconcile AP aging over 90 days for EU-02,SUCCESS,56.1,"Ops May variance was $48,943 vs plan",2026-03-06T14:01:15Z
r44-0000296,jnguyen@summithealthpartners.com,Covenant Checker,Which cost centers are over budget YTD?,SUCCESS,1.5,error code 502 from model gateway,2026-03-06T11:18:18Z
r44-0000297,pmartin@summithealthpartners.com,AP Aging Analyst,Check covenant compliance for the revolver,SUCCESS,47.1,"FP&A Feb variance was $2,485,665 vs plan",2026-03-07T13:00:07Z
r44-0000298,jdavis@summithealthpartners.com,Close Checklist Bot,Forecast May operating cash flow,SUCCESS,44.3,"Accounting May variance was $3,607,440 vs plan",2026-03-07T09:34:25Z
r44-0000299,pmartin@summithealthpartners.com,Covenant Checker,Reconcile AP aging over 90 days for US-07,PARTIAL,57.3,"Accounting Jan variance was $283,561 vs plan",2026-03-07T12:51:53Z
r44-0000300,pmartin@summithealthpartners.com,Covenant Checker,Draft flux commentary for the Feb close,SUCCESS,0.9,FAILED: null reference in aggregation step,2026-03-07T14:52:02Z
r44-0000301,pmartin@summithealthpartners.com,Variance Explainer,Which cost centers are over budget YTD?,SUCCESS,32.7,"Accounting Jan variance was $4,624,478 vs plan",2026-03-07T12:17:43Z
r44-0000302,pmartin@summithealthpartners.com,Headcount Planner,What drove the change in gross margin this quarter?,SUCCESS,11.4,"FP&A May variance was $3,454,122 vs plan",2026-03-07T14:14:34Z
r44-0000303,bjones@summithealthpartners.com,Close Checklist Bot,Draft flux commentary for the May close,SUCCESS,22.6,"Ops May variance was $4,398,702 vs plan",2026-03-07T12:18:46Z
r44-0000304,jnguyen@summithealthpartners.com,Budget vs Actual,Summarize the May variance for entity US-02,SUCCESS,36.3,"FP&A May variance was $11,756 vs plan",2026-03-07T16:44:19Z
r44-0000305,pmartin@summithealthpartners.com,Headcount Planner,What drove the change in gross margin this quarter?,FAIL,1.8,Traceback (most recent call last): KeyError 'entity',2026-03-07T11:10:55Z
r44-0000306,dlopez2@summithealthpartners.com,Covenant Checker,Check covenant compliance for the revolver,SUCCESS,1.8,Traceback (most recent call last): KeyError 'entity',2026-03-07T11:32:48Z
r44-0000307,mharris@summithealthpartners.com,Cash Forecaster,Check covenant compliance for the revolver,SUCCESS,47.0,"FP&A Mar variance was $3,329,020 vs plan",2026-03-07T10:33:13Z
r44-0000308,jlewis@summithealthpartners.com,Board Deck Builder,Check covenant compliance for the revolver,PARTIAL,70.9,"FP&A Mar variance was $3,466,189 vs plan",2026-03-07T20:37:24Z
r44-0000309,pmartin@summithealthpartners.com,Variance Explainer,What drove the change in gross margin this quarter?,SUCCESS,74.7,"FP&A Jun variance was $4,354,565 vs plan",2026-03-07T12:06:24Z
r44-0000310,amoore@summithealthpartners.com,Board Deck Builder,Draft flux commentary for the Jan close,SUCCESS,47.5,"Treasury Jan variance was $807,826 vs plan",2026-03-07T15:27:15Z
r44-0000311,amoore@summithealthpartners.com,Close Checklist Bot,What drove the change in gross margin this quarter?,SUCCESS,67.2,"FP&A Apr variance was $1,580,587 vs plan",2026-03-07T14:09:39Z
r44-0000312,jjohnson@summithealthpartners.com,Variance Explainer,Check covenant compliance for the revolver,SUCCESS,58.7,"Ops May variance was $274,211 vs plan",2026-03-07T12:19:21Z
r44-0000313,pmartin@summithealthpartners.com,Cash Forecaster,Summarize the Jun variance for entity MX-07,SUCCESS,54.0,"Treasury Jun variance was $976,534 vs plan",2026-03-07T14:22:17Z
r44-0000314,pmartin@summithealthpartners.com,Flux Commentary,Forecast May operating cash flow,SUCCESS,42.0,"Treasury May variance was $4,515,132 vs plan",2026-03-07T16:52:12Z
r44-0000315,bjones@summithealthpartners.com,Close Checklist Bot,What drove the change in gross margin this quarter?,SUCCESS,31.1,"Ops Jun variance was $2,650,243 vs plan",2026-03-07T13:12:04Z
r44-0000316,pmartin@summithealthpartners.com,Headcount Planner,Reconcile AP aging over 90 days for EU-05,SUCCESS,53.5,"Accounting Mar variance was $2,599,360 vs plan",2026-03-07T17:41:40Z
r44-0000317,pmartin@summithealthpartners.com,Variance Explainer,Summarize the Jan variance for entity MX-06,SUCCESS,42.9,"Treasury Jan variance was $4,304,575 vs plan",2026-03-07T10:51:05Z
r44-0000318,bjones@summithealthpartners.com,Headcount Planner,Check covenant compliance for the revolver,SUCCESS,36.2,"Treasury Feb variance was $3,442,452 vs plan",2026-03-07T11:29:54Z
r44-0000319,amoore@summithealthpartners.com,Variance Explainer,Reconcile AP aging over 90 days for MX-01,SUCCESS,44.3,"Accounting Jun variance was $1,634,951 vs plan",2026-03-07T14:49:17Z
r44-0000320,mlewis@summithealthpartners.com,Covenant Checker,Check covenant compliance for the revolver,SUCCESS,8.6,"FP&A Jan variance was $4,441,096 vs plan",2026-03-07T11:02:08Z
r44-0000321,amoore@summithealthpartners.com,Covenant Checker,Build the board deck cash slide for Jun,SUCCESS,29.1,"Treasury Jun variance was $3,752,215 vs plan",2026-03-08T14:37:56Z
r44-0000322,pmartin@summithealthpartners.com,Flux Commentary,Draft flux commentary for the May close,SUCCESS,30.8,"Treasury May variance was $4,161,893 vs plan",2026-03-08T15:04:47Z
r44-0000323,amoore@summithealthpartners.com,Flux Commentary,Explain the headcount variance vs plan,SUCCESS,54.0,"Ops May variance was $2,471,350 vs plan",2026-03-08T13:55:53Z
r44-0000324,jdavis@summithealthpartners.com,Covenant Checker,Build the board deck cash slide for Jan,SUCCESS,46.2,"Accounting Jan variance was $2,432,468 vs plan",2026-03-08T06:00:10Z
r44-0000325,amoore@summithealthpartners.com,Vendor Spend Analyzer,What drove the change in gross margin this quarter?,SUCCESS,7.3,"Ops Feb variance was $1,338,387 vs plan",2026-03-08T12:24:45Z
r44-0000326,pmartin@summithealthpartners.com,Covenant Checker,Summarize the May variance for entity US-03,SUCCESS,41.9,"FP&A May variance was $855,410 vs plan",2026-03-08T15:48:35Z
r44-0000327,pmartin@summithealthpartners.com,Covenant Checker,Why did FP&A spend exceed budget in Apr?,SUCCESS,11.8,"FP&A Apr variance was $700,962 vs plan",2026-03-08T15:39:19Z
r44-0000328,bjones@summithealthpartners.com,Revenue Recognizer,Reconcile AP aging over 90 days for CA-06,SUCCESS,43.2,"Treasury Jun variance was $2,129,173 vs plan",2026-03-08T16:18:40Z
r44-0000329,jnguyen@summithealthpartners.com,Flux Commentary,Draft flux commentary for the Jan close,SUCCESS,38.9,"Accounting Jan variance was $1,463,981 vs plan",2026-03-08T09:42:31Z
r44-0000330,pmartin@summithealthpartners.com,Budget vs Actual,Explain the headcount variance vs plan,SUCCESS,9.6,"Ops May variance was $442,626 vs plan",2026-03-08T15:00:24Z
r44-0000331,jlewis@summithealthpartners.com,Flux Commentary,Explain the headcount variance vs plan,SUCCESS,0.2,ERROR: upstream request timed out,2026-03-08T18:32:24Z
r44-0000332,amoore@summithealthpartners.com,Close Checklist Bot,What drove the change in gross margin this quarter?,PARTIAL,44.8,"Accounting Jan variance was $400,598 vs plan",2026-03-08T13:26:16Z
r44-0000333,jjohnson@summithealthpartners.com,Revenue Recognizer,What drove the change in gross margin this quarter?,SUCCESS,41.8,"FP&A Mar variance was $4,597,302 vs plan",2026-03-08T12:05:38Z
r44-0000334,amoore@summithealthpartners.com,Covenant Checker,Draft flux commentary for the May close,SUCCESS,22.6,"FP&A May variance was $3,954,008 vs plan",2026-03-08T10:57:11Z
r44-0000335,pmartin@summithealthpartners.com,Cash Forecaster,Check covenant compliance for the revolver,SUCCESS,5.8,"Treasury Jun variance was $1,297,618 vs plan",2026-03-08T16:44:14Z
r44-0000336,pmartin@summithealthpartners.com,Journal Entry Reviewer,Which cost centers are over budget YTD?,SUCCESS,64.9,"Ops Apr variance was $812,040 vs plan",2026-03-08T15:32:46Z
r44-0000337,amoore@summithealthpartners.com,Covenant Checker,Summarize the May variance for entity US-09,SUCCESS,0.7,error code 502 from model gateway,2026-03-08T18:44:21Z
r44-0000338,bjones@summithealthpartners.com,Board Deck Builder,Summarize the Feb variance for entity US-09,PARTIAL,15.7,"FP&A Feb variance was $1,059,931 vs plan",2026-03-08T15:41:59Z
r44-0000339,pmartin@summithealthpartners.com,Vendor Spend Analyzer,What drove the change in gross margin this quarter?,SUCCESS,38.5,"Ops Jun variance was $2,607,558 vs plan",2026-03-09T15:02:41Z
r44-0000340,jwilliams@summithealthpartners.com,Journal Entry Reviewer,Check covenant compliance for the revolver,SUCCESS,52.6,"FP&A May variance was $1,651,007 vs plan",2026-03-09T13:17:10Z
r44-0000341,amoore@summithealthpartners.com,Vendor Spend Analyzer,Forecast Mar operating cash flow,SUCCESS,0.6,ERROR: upstream request timed out,2026-03-09T14:34:03Z
r44-0000342,pmartin@summithealthpartners.com,Flux Commentary,Draft flux commentary for the Apr close,SUCCESS,27.6,"Ops Apr variance was $3,709,362 vs plan",2026-03-09T10:46:48Z
r44-0000343,amoore@summithealthpartners.com,Board Deck Builder,Draft flux commentary for the Jan close,SUCCESS,18.7,"Ops Jan variance was $1,822,208 vs plan",2026-03-09T09:42:45Z
r44-0000344,amoore@summithealthpartners.com,Revenue Recognizer,Explain the headcount variance vs plan,SUCCESS,44.1,"Ops Mar variance was $1,059,240 vs plan",2026-03-09T13:55:16Z
r44-0000345,pmartin@summithealthpartners.com,Covenant Checker,Why did Ops spend exceed budget in Jan?,SUCCESS,57.4,"Ops Jan variance was $3,109,208 vs plan",2026-03-09T12:48:18Z
r44-0000346,jjohnson@summithealthpartners.com,Board Deck Builder,Explain the headcount variance vs plan,SUCCESS,60.2,"Treasury Apr variance was $3,695,293 vs plan",2026-03-09T09:05:30Z
r44-0000347,nnguyen@summithealthpartners.com,AP Aging Analyst,What drove the change in gross margin this quarter?,SUCCESS,11.0,"Treasury Jan variance was $1,481,147 vs plan",2026-03-09T13:06:29Z
r44-0000348,pmartin@summithealthpartners.com,Close Checklist Bot,Reconcile AP aging over 90 days for CA-07,SUCCESS,47.9,"Ops Jun variance was $3,234,564 vs plan",2026-03-09T13:22:41Z
r44-0000349,pmartin@summithealthpartners.com,Budget vs Actual,Explain the headcount variance vs plan,PARTIAL,13.5,"Ops May variance was $2,646,041 vs plan",2026-03-09T12:47:10Z
r44-0000350,pmartin@summithealthpartners.com,Journal Entry Reviewer,Draft flux commentary for the Jun close,SUCCESS,26.5,"Treasury Jun variance was $2,282,073 vs plan",2026-03-09T13:48:21Z
r44-0000351,pmartin@summithealthpartners.com,Variance Explainer,Reconcile AP aging over 90 days for US-04,SUCCESS,1.4,error: connection reset by peer,2026-03-09T10:48:09Z
r44-0000352,dlopez2@summithealthpartners.com,Flux Commentary,Reconcile AP aging over 90 days for CA-09,SUCCESS,42.3,"Accounting Jan variance was $500,791 vs plan",2026-03-09T07:34:57Z
r44-0000353,mlewis@summithealthpartners.com,Budget vs Actual,Explain the headcount variance vs plan,FAIL,7.4,ERROR: upstream request timed out,2026-03-09T15:34:43Z
r44-0000354,amoore@summithealthpartners.com,Board Deck Builder,Explain the headcount variance vs plan,PARTIAL,26.2,"Treasury Jan variance was $4,658,788 vs plan",2026-03-09T11:33:10Z
r44-0000355,pmartin@summithealthpartners.com,Cash Forecaster,Explain the headcount variance vs plan,SUCCESS,37.5,"FP&A May variance was $1,312,124 vs plan",2026-03-09T10:01:15Z
r44-0000356,bjones@summithealthpartners.com,Variance Explainer,Summarize the Feb variance for entity CA-02,SUCCESS,3.6,"FP&A Feb variance was $3,013,287 vs plan",2026-03-09T13:27:13Z
r44-0000357,pmartin@summithealthpartners.com,Close Checklist Bot,Why did Accounting spend exceed budget in May?,PARTIAL,53.4,"Accounting May variance was $2,731,755 vs plan",2026-03-09T11:10:47Z
r44-0000358,pmartin@summithealthpartners.com,AP Aging Analyst,Why did Treasury spend exceed budget in Feb?,SUCCESS,69.6,"Treasury Feb variance was $3,636,805 vs plan",2026-03-09T13:54:51Z
r44-0000359,pmartin@summithealthpartners.com,Variance Explainer,What drove the change in gross margin this quarter?,SUCCESS,29.7,"Accounting Feb variance was $2,642,972 vs plan",2026-03-09T10:42:49Z
r44-0000360,mharris@summithealthpartners.com,Budget vs Actual,Why did Treasury spend exceed budget in Jan?,SUCCESS,28.4,"Treasury Jan variance was $3,229,432 vs plan",2026-03-09T14:19:15Z
r44-0000361,bjones@summithealthpartners.com,Vendor Spend Analyzer,Forecast Apr operating cash flow,SUCCESS,62.0,"Ops Apr variance was $1,778,632 vs plan",2026-03-09T13:19:39Z
r44-0000362,mharris@summithealthpartners.com,Vendor Spend Analyzer,Why did FP&A spend exceed budget in Jun?,SUCCESS,0.6,error code 502 from model gateway,2026-03-09T12:47:03Z
r44-0000363,pmartin@summithealthpartners.com,Board Deck Builder,Which cost centers are over budget YTD?,SUCCESS,25.3,"Accounting Feb variance was $639,624 vs plan",2026-03-09T10:50:22Z
r44-0000364,jwilliams@summithealthpartners.com,Flux Commentary,Check covenant compliance for the revolver,SUCCESS,47.7,"Accounting Feb variance was $1,872,656 vs plan",2026-03-09T11:44:13Z
r44-0000365,bjones@summithealthpartners.com,Board Deck Builder,What drove the change in gross margin this quarter?,SUCCESS,1.7,error code 502 from model gateway,2026-03-09T08:04:00Z
r44-0000366,amoore@summithealthpartners.com,Covenant Checker,Check covenant compliance for the revolver,SUCCESS,32.8,"Accounting Jun variance was $2,325,702 vs plan",2026-03-09T06:13:25Z
r44-0000367,pmartin@summithealthpartners.com,Board Deck Builder,Draft flux commentary for the Jun close,PARTIAL,32.9,"Ops Jun variance was $817,206 vs plan",2026-03-09T15:56:31Z
r44-0000368,pmartin@summithealthpartners.com,Board Deck Builder,Which cost centers are over budget YTD?,SUCCESS,20.8,"Accounting Mar variance was $1,842,398 vs plan",2026-03-09T10:20:26Z
r44-0000369,bjones@summithealthpartners.com,Headcount Planner,Check covenant compliance for the revolver,SUCCESS,51.4,"Treasury May variance was $3,021,093 vs plan",2026-03-09T16:22:08Z
r44-0000370,bjones@summithealthpartners.com,Headcount Planner,Which cost centers are over budget YTD?,SUCCESS,40.6,"Ops Mar variance was $4,596,040 vs plan",2026-03-09T17:48:41Z
r44-0000371,amoore@summithealthpartners.com,Journal Entry Reviewer,Summarize the Feb variance for entity US-03,PARTIAL,42.6,"Ops Feb variance was $762,257 vs plan",2026-03-09T10:25:59Z
r44-0000372,bjones@summithealthpartners.com,Covenant Checker,What drove the change in gross margin this quarter?,SUCCESS,60.4,"Ops May variance was $1,694,434 vs plan",2026-03-09T19:43:18Z
r44-0000373,mharris@summithealthpartners.com,Journal Entry Reviewer,What drove the change in gross margin this quarter?,SUCCESS,3.8,"Treasury Jan variance was $1,141,783 vs plan",2026-03-09T11:22:06Z
r44-0000374,sdavis@summithealthpartners.com,Revenue Recognizer,Which cost centers are over budget YTD?,SUCCESS,62.6,"Ops Apr variance was $687,309 vs plan",2026-03-09T14:16:27Z
r44-0000375,jlewis@summithealthpartners.com,Revenue Recognizer,Forecast Mar operating cash flow,PARTIAL,14.1,"Ops Mar variance was $436,787 vs plan",2026-03-09T11:53:21Z
r44-0000376,kperez@summithealthpartners.com,Revenue Recognizer,What drove the change in gross margin this quarter?,SUCCESS,72.9,"Accounting Feb variance was $2,188,989 vs plan",2026-03-09T18:47:35Z
r44-0000377,amoore@summithealthpartners.com,Budget vs Actual,Why did FP&A spend exceed budget in May?,FAIL,2.5,Traceback (most recent call last): KeyError 'entity',2026-03-09T15:18:43Z
r44-0000378,jlewis@summithealthpartners.com,Budget vs Actual,Check covenant compliance for the revolver,SUCCESS,15.4,"FP&A Jan variance was $3,981,961 vs plan",2026-03-09T11:31:52Z
r44-0000379,jnguyen@summithealthpartners.com,Flux Commentary,Forecast Apr operating cash flow,SUCCESS,0.9,error: connection reset by peer,2026-03-09T11:15:44Z
r44-0000380,amoore@summithealthpartners.com,Cash Forecaster,Why did Accounting spend exceed budget in Jun?,SUCCESS,58.1,"Accounting Jun variance was $4,244,958 vs plan",2026-03-09T13:41:41Z
r44-0000381,amoore@summithealthpartners.com,Budget vs Actual,Check covenant compliance for the revolver,SUCCESS,35.6,"Ops Jan variance was $2,631,922 vs plan",2026-03-09T11:31:43Z
r44-0000382,bjones@summithealthpartners.com,AP Aging Analyst,Forecast Feb operating cash flow,SUCCESS,15.0,"Ops Feb variance was $2,285,423 vs plan",2026-03-09T16:26:50Z
r44-0000383,mharris@summithealthpartners.com,Vendor Spend Analyzer,Forecast Mar operating cash flow,SUCCESS,45.4,"FP&A Mar variance was $686,243 vs plan",2026-03-09T15:08:49Z
r44-0000384,bjones@summithealthpartners.com,Close Checklist Bot,Build the board deck cash slide for Feb,SUCCESS,17.5,"Treasury Feb variance was $3,260,876 vs plan",2026-03-09T14:15:42Z
r44-0000385,bjones@summithealthpartners.com,Cash Forecaster,Draft flux commentary for the Jan close,SUCCESS,0.7,error: connection reset by peer,2026-03-09T14:32:23Z
r44-0000386,amoore@summithealthpartners.com,Headcount Planner,Summarize the Apr variance for entity EU-02,SUCCESS,31.1,"Accounting Apr variance was $4,529,996 vs plan",2026-03-09T10:04:50Z
r44-0000387,bjones@summithealthpartners.com,Board Deck Builder,Forecast Jun operating cash flow,FAIL,0.7,error code 502 from model gateway,2026-03-09T16:00:14Z
r44-0000388,amoore@summithealthpartners.com,Flux Commentary,Draft flux commentary for the Mar close,SUCCESS,14.5,"FP&A Mar variance was $989,980 vs plan",2026-03-09T13:01:19Z
r44-0000389,pmartin@summithealthpartners.com,Headcount Planner,Check covenant compliance for the revolver,SUCCESS,56.0,"Treasury Apr variance was $2,181,342 vs plan",2026-03-09T13:23:12Z
r44-0000390,bjones@summithealthpartners.com,Vendor Spend Analyzer,Summarize the Apr variance for entity EU-04,FAIL,5.0,ERROR: upstream request timed out,2026-03-09T15:30:45Z
r44-0000391,pmartin@summithealthpartners.com,Journal Entry Reviewer,Draft flux commentary for the May close,SUCCESS,3.1,"Treasury May variance was $2,120,453 vs plan",2026-03-09T12:15:39Z
r44-0000392,jdavis@summithealthpartners.com,Journal Entry Reviewer,Reconcile AP aging over 90 days for MX-03,PARTIAL,57.3,"Accounting Jun variance was $3,106,856 vs plan",2026-03-09T10:23:51Z
r44-0000393,pmartin@summithealthpartners.com,AP Aging Analyst,Explain the headcount variance vs plan,SUCCESS,33.5,"Ops Feb variance was $4,690,213 vs plan",2026-03-09T11:35:43Z
r44-0000394,pmartin@summithealthpartners.com,Vendor Spend Analyzer,Explain the headcount variance vs plan,SUCCESS,42.8,"Treasury Mar variance was $3,829,769 vs plan",2026-03-09T10:21:55Z
r44-0000395,amoore@summithealthpartners.com,Revenue Recognizer,Build the board deck cash slide for May,PARTIAL,53.2,"Ops May variance was $4,208,983 vs plan",2026-03-09T14:06:16Z
r44-0000396,jdavis@summithealthpartners.com,Cash Forecaster,Explain the headcount variance vs plan,SUCCESS,64.4,"Ops Feb variance was $2,624,474 vs plan",2026-03-09T10:08:36Z
r44-0000397,jjohnson@summithealthpartners.com,Budget vs Actual,Explain the headcount variance vs plan,SUCCESS,45.9,"Ops Mar variance was $1,055,802 vs plan",2026-03-09T17:49:11Z
r44-0000398,pmartin@summithealthpartners.com,Covenant Checker,Check covenant compliance for the revolver,SUCCESS,11.0,"FP&A Feb variance was $1,757,946 vs plan",2026-03-09T15:02:15Z
r44-0000399,jwilson@summithealthpartners.com,Headcount Planner,Reconcile AP aging over 90 days for CA-08,PARTIAL,18.3,"Accounting Jun variance was $1,827,486 vs plan",2026-03-09T14:48:45Z
r44-0000400,mharris@summithealthpartners.com,Board Deck Builder,Summarize the Jan variance for entity EU-02,SUCCESS,24.1,"FP&A Jan variance was $2,797,404 vs plan",2026-03-09T12:26:53Z
r44-0000401,jlewis@summithealthpartners.com,Board Deck Builder,Check covenant compliance for the revolver,SUCCESS,1.0,error code 502 from model gateway,2026-03-09T13:13:03Z
r44-0000402,nhaddad@summithealthpartners.com,Revenue Recognizer,Why did Ops spend exceed budget in May?,SUCCESS,47.3,"Ops May variance was $1,872,220 vs plan",2026-03-09T15:25:59Z
r44-0000403,pmartin@summithealthpartners.com,Vendor Spend Analyzer,Reconcile AP aging over 90 days for CA-02,SUCCESS,73.1,"FP&A Jun variance was $1,895,869 vs plan",2026-03-10T13:08:12Z
r44-0000404,amoore@summithealthpartners.com,Board Deck Builder,Forecast Jun operating cash flow,SUCCESS,70.7,"Accounting Jun variance was $1,092,681 vs plan",2026-03-10T10:37:12Z
r44-0000405,pmartin@summithealthpartners.com,Flux Commentary,Why did Treasury spend exceed budget in Apr?,SUCCESS,67.5,"Treasury Apr variance was $1,828,794 vs plan",2026-03-10T13:30:24Z
r44-0000406,pmartin@summithealthpartners.com,Budget vs Actual,Build the board deck cash slide for Jan,SUCCESS,70.2,"FP&A Jan variance was $165,236 vs plan",2026-03-10T14:19:46Z
r44-0000407,jjohnson@summithealthpartners.com,Headcount Planner,Reconcile AP aging over 90 days for CA-08,SUCCESS,56.6,"Accounting Feb variance was $234,137 vs plan",2026-03-10T16:38:12Z
r44-0000408,bjones@summithealthpartners.com,Board Deck Builder,Build the board deck cash slide for Apr,SUCCESS,18.8,"Ops Apr variance was $1,864,362 vs plan",2026-03-10T10:57:13Z
r44-0000409,pmartin@summithealthpartners.com,Journal Entry Reviewer,Why did FP&A spend exceed budget in Jan?,SUCCESS,41.2,"FP&A Jan variance was $1,754,514 vs plan",2026-03-10T14:09:26Z
r44-0000410,jlewis@summithealthpartners.com,Revenue Recognizer,Explain the headcount variance vs plan,SUCCESS,72.1,"Treasury Jun variance was $1,000,216 vs plan",2026-03-10T16:43:50Z
r44-0000411,bjones@summithealthpartners.com,Flux Commentary,Explain the headcount variance vs plan,SUCCESS,0.8,error code 502 from model gateway,2026-03-10T16:10:55Z
r44-0000412,pmartin@summithealthpartners.com,AP Aging Analyst,Summarize the May variance for entity CA-06,SUCCESS,0.5,error code 502 from model gateway,2026-03-10T11:54:35Z
r44-0000413,amoore@summithealthpartners.com,Cash Forecaster,Forecast May operating cash flow,SUCCESS,33.0,"Treasury May variance was $4,154,418 vs plan",2026-03-10T09:01:49Z
r44-0000414,pmartin@summithealthpartners.com,Revenue Recognizer,Why did FP&A spend exceed budget in Jun?,SUCCESS,1.3,FAILED: null reference in aggregation step,2026-03-10T13:53:34Z
r44-0000415,pmartin@summithealthpartners.com,Vendor Spend Analyzer,Which cost centers are over budget YTD?,SUCCESS,35.8,"FP&A Apr variance was $521,660 vs plan",2026-03-10T16:21:06Z
r44-0000416,jjohnson@summithealthpartners.com,Headcount Planner,Build the board deck cash slide for Jun,SUCCESS,71.7,"Treasury Jun variance was $3,537,652 vs plan",2026-03-10T14:31:08Z
r44-0000417,pmartin@summithealthpartners.com,Cash Forecaster,Why did Treasury spend exceed budget in May?,PARTIAL,63.4,"Treasury May variance was $1,537,618 vs plan",2026-03-10T09:47:48Z
r44-0000418,pmartin@summithealthpartners.com,Journal Entry Reviewer,What drove the change in gross margin this quarter?,SUCCESS,1.9,error code 502 from model gateway,2026-03-10T16:53:03Z
r44-0000419,pmartin@summithealthpartners.com,Covenant Checker,Summarize the Jan variance for entity MX-03,PARTIAL,55.3,"Accounting Jan variance was $4,158,774 vs plan",2026-03-10T10:35:34Z
r44-0000420,bjones@summithealthpartners.com,Close Checklist Bot,Summarize the Jan variance for entity CA-01,SUCCESS,18.7,"FP&A Jan variance was $2,604,439 vs plan",2026-03-10T11:45:44Z
r44-0000421,pmartin@summithealthpartners.com,Cash Forecaster,Reconcile AP aging over 90 days for CA-09,PARTIAL,37.1,"Accounting May variance was $3,014,534 vs plan",2026-03-10T14:22:14Z
r44-0000422,pmartin@summithealthpartners.com,Headcount Planner,Which cost centers are over budget YTD?,SUCCESS,16.7,"Treasury Jun variance was $2,996,783 vs plan",2026-03-10T18:31:20Z
r44-0000423,pmartin@summithealthpartners.com,Covenant Checker,What drove the change in gross margin this quarter?,SUCCESS,55.5,"FP&A Mar variance was $948,057 vs plan",2026-03-10T15:46:28Z
r44-0000424,nhaddad@summithealthpartners.com,Covenant Checker,Summarize the May variance for entity CA-03,SUCCESS,26.9,"Accounting May variance was $342,688 vs plan",2026-03-10T13:22:28Z
r44-0000425,pmartin@summithealthpartners.com,Close Checklist Bot,Build the board deck cash slide for Feb,SUCCESS,46.7,"Accounting Feb variance was $4,302,042 vs plan",2026-03-10T13:50:18Z
r44-0000426,amoore@summithealthpartners.com,AP Aging Analyst,Explain the headcount variance vs plan,SUCCESS,49.7,"Ops Feb variance was $2,954,558 vs plan",2026-03-10T13:44:14Z
r44-0000427,pmartin@summithealthpartners.com,Vendor Spend Analyzer,Draft flux commentary for the Mar close,SUCCESS,69.8,"Accounting Mar variance was $4,317,203 vs plan",2026-03-10T13:47:33Z
r44-0000428,amoore@summithealthpartners.com,Revenue Recognizer,Draft flux commentary for the Mar close,SUCCESS,58.2,"Accounting Mar variance was $1,145,537 vs plan",2026-03-10T14:16:50Z
r44-0000429,pmartin@summithealthpartners.com,Close Checklist Bot,What drove the change in gross margin this quarter?,SUCCESS,1.5,FAILED: null reference in aggregation step,2026-03-10T06:21:11Z
r44-0000430,pmartin@summithealthpartners.com,Headcount Planner,Build the board deck cash slide for Jan,SUCCESS,57.7,"FP&A Jan variance was $3,609,278 vs plan",2026-03-10T16:22:55Z
r44-0000431,mlewis@summithealthpartners.com,Budget vs Actual,Summarize the Feb variance for entity MX-09,SUCCESS,7.4,"Ops Feb variance was $2,414,305 vs plan",2026-03-10T13:48:22Z
r44-0000432,amoore@summithealthpartners.com,Close Checklist Bot,Forecast Jun operating cash flow,SUCCESS,16.9,"FP&A Jun variance was $1,318,808 vs plan",2026-03-10T09:42:29Z
r44-0000433,pmartin@summithealthpartners.com,Revenue Recognizer,Summarize the Apr variance for entity CA-06,SUCCESS,16.0,"Treasury Apr variance was $3,530,809 vs plan",2026-03-10T13:47:11Z
r44-0000434,amoore@summithealthpartners.com,Budget vs Actual,Reconcile AP aging over 90 days for CA-02,SUCCESS,1.2,FAILED: null reference in aggregation step,2026-03-10T11:03:18Z
r44-0000435,jnguyen@summithealthpartners.com,Covenant Checker,Draft flux commentary for the Mar close,SUCCESS,1.7,FAILED: null reference in aggregation step,2026-03-10T13:56:10Z
r44-0000436,nhaddad@summithealthpartners.com,Variance Explainer,Which cost centers are over budget YTD?,PARTIAL,19.9,"Treasury Apr variance was $1,613,288 vs plan",2026-03-10T09:09:21Z
r44-0000437,jjohnson@summithealthpartners.com,Cash Forecaster,Why did Accounting spend exceed budget in Mar?,PARTIAL,49.9,"Accounting Mar variance was $4,256,297 vs plan",2026-03-10T15:56:06Z
r44-0000438,dlopez2@summithealthpartners.com,Headcount Planner,Explain the headcount variance vs plan,SUCCESS,32.2,"Ops Jun variance was $3,739,542 vs plan",2026-03-10T11:39:27Z
r44-0000439,bjones@summithealthpartners.com,Flux Commentary,Explain the headcount variance vs plan,SUCCESS,74.6,"Ops Feb variance was $1,535,248 vs plan",2026-03-10T15:51:41Z
r44-0000440,pmartin@summithealthpartners.com,Budget vs Actual,What drove the change in gross margin this quarter?,SUCCESS,61.9,"FP&A May variance was $1,804,608 vs plan",2026-03-10T07:48:31Z
r44-0000441,nnguyen@summithealthpartners.com,AP Aging Analyst,Summarize the Apr variance for entity CA-01,SUCCESS,37.5,"FP&A Apr variance was $1,738,370 vs plan",2026-03-10T11:18:25Z
r44-0000442,jnguyen@summithealthpartners.com,Budget vs Actual,Forecast Mar operating cash flow,SUCCESS,66.9,"Accounting Mar variance was $1,573,987 vs plan",2026-03-10T13:20:57Z
r44-0000443,nhaddad@summithealthpartners.com,Journal Entry Reviewer,Check covenant compliance for the revolver,SUCCESS,65.5,"Ops May variance was $4,138,202 vs plan",2026-03-10T14:53:46Z
r44-0000444,pmartin@summithealthpartners.com,Budget vs Actual,Forecast Feb operating cash flow,FAIL,1.3,error: connection reset by peer,2026-03-10T14:12:34Z
r44-0000445,pmartin@summithealthpartners.com,Close Checklist Bot,Build the board deck cash slide for Apr,SUCCESS,64.1,"Ops Apr variance was $3,348,033 vs plan",2026-03-10T13:02:57Z
r44-0000446,amoore@summithealthpartners.com,Revenue Recognizer,Reconcile AP aging over 90 days for MX-07,SUCCESS,71.4,"Treasury Feb variance was $491,767 vs plan",2026-03-10T07:08:34Z
r44-0000447,sdavis@summithealthpartners.com,Vendor Spend Analyzer,Reconcile AP aging over 90 days for MX-03,SUCCESS,74.4,"FP&A May variance was $4,609,334 vs plan",2026-03-10T10:36:56Z
r44-0000448,pmartin@summithealthpartners.com,Close Checklist Bot,Forecast Jan operating cash flow,FAIL,4.2,error: connection reset by peer,2026-03-10T12:15:35Z
r44-0000449,prodriguez@summithealthpartners.com,Vendor Spend Analyzer,Which cost centers are over budget YTD?,SUCCESS,59.4,"Ops Feb variance was $4,718,637 vs plan",2026-03-10T13:39:33Z
r44-0000450,amoore@summithealthpartners.com,Flux Commentary,Which cost centers are over budget YTD?,FAIL,0.6,ERROR: upstream request timed out,2026-03-10T16:31:12Z
r44-0000451,bjones@summithealthpartners.com,Revenue Recognizer,Explain the headcount variance vs plan,FAIL,3.5,FAILED: null reference in aggregation step,2026-03-10T14:36:19Z
r44-0000452,jwilliams@summithealthpartners.com,Journal Entry Reviewer,Summarize the Feb variance for entity EU-08,SUCCESS,67.2,"Ops Feb variance was $444,473 vs plan",2026-03-10T17:21:22Z
r44-0000453,nnguyen@summithealthpartners.com,Headcount Planner,Which cost centers are over budget YTD?,SUCCESS,30.9,"Accounting Jan variance was $2,648,097 vs plan",2026-03-11T14:08:12Z
r44-0000454,nhaddad@summithealthpartners.com,Board Deck Builder,Which cost centers are over budget YTD?,PARTIAL,47.8,"Ops Jan variance was $3,289,767 vs plan",2026-03-11T10:58:52Z
r44-0000455,jlewis@summithealthpartners.com,Budget vs Actual,Explain the headcount variance vs plan,SUCCESS,30.3,"FP&A Mar variance was $1,359,217 vs plan",2026-03-11T15:55:47Z
r44-0000456,kperez@summithealthpartners.com,Variance Explainer,Which cost centers are over budget YTD?,SUCCESS,54.0,"Accounting Apr variance was $2,326,487 vs plan",2026-03-11T14:34:39Z
r44-0000457,jnguyen@summithealthpartners.com,Board Deck Builder,Summarize the May variance for entity US-02,SUCCESS,61.9,"Accounting May variance was $973,571 vs plan",2026-03-11T09:51:58Z
r44-0000458,mharris@summithealthpartners.com,Budget vs Actual,Build the board deck cash slide for Feb,PARTIAL,15.3,"Accounting Feb variance was $2,095,891 vs plan",2026-03-11T14:53:14Z
r44-0000459,amoore@summithealthpartners.com,Variance Explainer,Explain the headcount variance vs plan,SUCCESS,17.9,"Ops Apr variance was $3,932,818 vs plan",2026-03-11T12:49:24Z
r44-0000460,pmartin@summithealthpartners.com,AP Aging Analyst,Reconcile AP aging over 90 days for MX-09,SUCCESS,21.8,"Accounting Jan variance was $3,262,199 vs plan",2026-03-11T11:45:16Z
r44-0000461,dlopez2@summithealthpartners.com,Budget vs Actual,Draft flux commentary for the Jan close,SUCCESS,59.6,"FP&A Jan variance was $4,229,618 vs plan",2026-03-11T11:15:13Z
r44-0000462,pmartin@summithealthpartners.com,Board Deck Builder,Why did Treasury spend exceed budget in Jun?,SUCCESS,68.0,"Treasury Jun variance was $471,136 vs plan",2026-03-11T14:32:40Z
r44-0000463,dlopez2@summithealthpartners.com,Headcount Planner,Forecast Mar operating cash flow,SUCCESS,53.2,"Treasury Mar variance was $4,577,858 vs plan",2026-03-11T17:16:47Z
r44-0000464,amoore@summithealthpartners.com,Variance Explainer,Why did Accounting spend exceed budget in Apr?,SUCCESS,63.4,"Accounting Apr variance was $1,867,135 vs plan",2026-03-11T13:50:50Z
r44-0000465,jwilliams@summithealthpartners.com,Vendor Spend Analyzer,Summarize the Apr variance for entity US-02,SUCCESS,28.2,"FP&A Apr variance was $2,221,582 vs plan",2026-03-11T17:01:35Z
r44-0000466,amoore@summithealthpartners.com,Vendor Spend Analyzer,Summarize the May variance for entity MX-05,SUCCESS,28.6,"Accounting May variance was $1,692,065 vs plan",2026-03-11T10:55:29Z
r44-0000467,pmartin@summithealthpartners.com,Covenant Checker,Reconcile AP aging over 90 days for US-07,SUCCESS,36.8,"Ops Mar variance was $1,466,011 vs plan",2026-03-11T15:34:32Z
r44-0000468,nhaddad@summithealthpartners.com,Variance Explainer,Build the board deck cash slide for May,SUCCESS,24.1,"Accounting May variance was $1,233,084 vs plan",2026-03-11T11:10:50Z
r44-0000469,nhaddad@summithealthpartners.com,Variance Explainer,Reconcile AP aging over 90 days for EU-08,SUCCESS,0.6,error code 502 from model gateway,2026-03-11T08:08:40Z
r44-0000470,jdavis@summithealthpartners.com,AP Aging Analyst,Summarize the Apr variance for entity MX-08,SUCCESS,70.7,"FP&A Apr variance was $4,740,717 vs plan",2026-03-11T15:58:18Z
r44-0000471,pmartin@summithealthpartners.com,Budget vs Actual,Forecast Jan operating cash flow,SUCCESS,67.5,"Ops Jan variance was $3,400,115 vs plan",2026-03-11T13:50:53Z
r44-0000472,kperez@summithealthpartners.com,Cash Forecaster,Which cost centers are over budget YTD?,SUCCESS,15.3,"FP&A May variance was $3,389,893 vs plan",2026-03-11T15:50:12Z
r44-0000473,pmartin@summithealthpartners.com,Headcount Planner,Explain the headcount variance vs plan,SUCCESS,12.6,"Treasury Mar variance was $1,119,407 vs plan",2026-03-11T12:08:56Z
r44-0000474,bjones@summithealthpartners.com,Flux Commentary,Forecast Feb operating cash flow,SUCCESS,53.6,"FP&A Feb variance was $3,626,236 vs plan",2026-03-11T13:26:52Z
r44-0000475,pmartin@summithealthpartners.com,Vendor Spend Analyzer,Summarize the Mar variance for entity EU-05,SUCCESS,43.0,"FP&A Mar variance was $3,772,325 vs plan",2026-03-11T16:47:58Z
r44-0000476,jlewis@summithealthpartners.com,Headcount Planner,Why did Treasury spend exceed budget in Feb?,SUCCESS,63.3,"Treasury Feb variance was $2,800,761 vs plan",2026-03-11T11:08:51Z
r44-0000477,jlewis@summithealthpartners.com,Headcount Planner,Reconcile AP aging over 90 days for MX-04,SUCCESS,46.0,"FP&A May variance was $3,774,109 vs plan",2026-03-11T10:29:53Z
r44-0000478,pmartin@summithealthpartners.com,Flux Commentary,Summarize the Apr variance for entity CA-09,SUCCESS,22.0,"Ops Apr variance was $3,504,031 vs plan",2026-03-11T10:08:25Z
r44-0000479,nhaddad@summithealthpartners.com,Headcount Planner,Draft flux commentary for the Mar close,SUCCESS,61.7,"Accounting Mar variance was $2,709,855 vs plan",2026-03-11T13:26:14Z
r44-0000480,bjones@summithealthpartners.com,Close Checklist Bot,Check covenant compliance for the revolver,SUCCESS,23.3,"Treasury Mar variance was $294,877 vs plan",2026-03-11T10:55:29Z
r44-0000481,pmartin@summithealthpartners.com,Cash Forecaster,Summarize the Feb variance for entity MX-08,SUCCESS,0.5,FAILED: null reference in aggregation step,2026-03-11T10:52:14Z
r44-0000482,amoore@summithealthpartners.com,Journal Entry Reviewer,Which cost centers are over budget YTD?,SUCCESS,57.7,"FP&A Apr variance was $3,140,316 vs plan",2026-03-11T12:22:33Z
r44-0000483,amoore@summithealthpartners.com,Board Deck Builder,Which cost centers are over budget YTD?,SUCCESS,60.8,"Ops Jan variance was $745,966 vs plan",2026-03-11T10:21:39Z
r44-0000484,jnguyen@summithealthpartners.com,Revenue Recognizer,Explain the headcount variance vs plan,SUCCESS,36.5,"Treasury Feb variance was $1,973,677 vs plan",2026-03-11T15:26:30Z
r44-0000485,mharris@summithealthpartners.com,Headcount Planner,Check covenant compliance for the revolver,SUCCESS,14.6,"Ops May variance was $2,412,951 vs plan",2026-03-11T08:50:07Z
r44-0000486,pmartin@summithealthpartners.com,Variance Explainer,Why did Treasury spend exceed budget in Jun?,SUCCESS,32.7,"Treasury Jun variance was $2,096,855 vs plan",2026-03-11T11:01:38Z
r44-0000487,jnguyen@summithealthpartners.com,Covenant Checker,Which cost centers are over budget YTD?,SUCCESS,61.5,"Ops May variance was $3,613,178 vs plan",2026-03-11T16:43:01Z
r44-0000488,jjohnson@summithealthpartners.com,Revenue Recognizer,Check covenant compliance for the revolver,SUCCESS,71.0,"Accounting May variance was $3,745,188 vs plan",2026-03-11T07:44:26Z
r44-0000489,jnguyen@summithealthpartners.com,Board Deck Builder,Forecast Mar operating cash flow,PARTIAL,16.1,"FP&A Mar variance was $2,774,620 vs plan",2026-03-11T06:24:45Z
r44-0000490,amoore@summithealthpartners.com,Revenue Recognizer,Explain the headcount variance vs plan,SUCCESS,39.4,"Accounting Apr variance was $870,654 vs plan",2026-03-11T13:06:05Z
r44-0000491,mharris@summithealthpartners.com,Revenue Recognizer,Explain the headcount variance vs plan,SUCCESS,1.6,error: connection reset by peer,2026-03-11T14:38:51Z
r44-0000492,bjones@summithealthpartners.com,Cash Forecaster,Build the board deck cash slide for Jan,SUCCESS,27.4,"Accounting Jan variance was $3,599,928 vs plan",2026-03-11T13:13:08Z
r44-0000493,jnguyen@summithealthpartners.com,Cash Forecaster,Draft flux commentary for the May close,SUCCESS,36.4,"Ops May variance was $1,305,945 vs plan",2026-03-11T07:43:30Z
r44-0000494,amoore@summithealthpartners.com,Cash Forecaster,Summarize the Jun variance for entity MX-03,SUCCESS,15.2,"Ops Jun variance was $1,806,411 vs plan",2026-03-11T15:07:50Z
r44-0000495,pmartin@summithealthpartners.com,Covenant Checker,Which cost centers are over budget YTD?,PARTIAL,17.4,"Treasury Mar variance was $3,868,612 vs plan",2026-03-11T11:39:15Z
r44-0000496,mlewis@summithealthpartners.com,Flux Commentary,Why did FP&A spend exceed budget in Jun?,SUCCESS,69.2,"FP&A Jun variance was $1,723,052 vs plan",2026-03-11T14:06:49Z
r44-0000497,amoore@summithealthpartners.com,Close Checklist Bot,Why did FP&A spend exceed budget in Mar?,SUCCESS,60.1,"FP&A Mar variance was $3,249,031 vs plan",2026-03-11T12:55:00Z
r44-0000498,pmartin@summithealthpartners.com,Vendor Spend Analyzer,Build the board deck cash slide for May,PARTIAL,31.2,"Accounting May variance was $1,437,596 vs plan",2026-03-11T18:21:31Z
r44-0000499,pmartin@summithealthpartners.com,AP Aging Analyst,Which cost centers are over budget YTD?,SUCCESS,29.4,"FP&A Mar variance was $2,295,676 vs plan",2026-03-11T13:58:39Z
r44-0000500,mlewis@summithealthpartners.com,Close Checklist Bot,Explain the headcount variance vs plan,SUCCESS,42.8,"FP&A Jan variance was $1,472,069 vs plan",2026-03-11T14:44:33Z
r44-0000501,amoore@summithealthpartners.com,Revenue Recognizer,Summarize the Feb variance for entity MX-01,SUCCESS,23.0,"Accounting Feb variance was $3,601,411 vs plan",2026-03-11T19:26:05Z
r44-0000502,pmartin@summithealthpartners.com,Cash Forecaster,Which cost centers are over budget YTD?,SUCCESS,45.3,"FP&A Apr variance was $1,013,979 vs plan",2026-03-11T13:40:56Z
r44-0000503,amoore@summithealthpartners.com,Flux Commentary,Build the board deck cash slide for Apr,SUCCESS,59.1,"Treasury Apr variance was $1,985,266 vs plan",2026-03-11T11:01:09Z
r44-0000504,bjones@summithealthpartners.com,Close Checklist Bot,Build the board deck cash slide for Jan,SUCCESS,0.4,error: connection reset by peer,2026-03-11T10:31:22Z
r44-0000505,jjohnson@summithealthpartners.com,Vendor Spend Analyzer,Draft flux commentary for the Mar close,SUCCESS,15.2,"Accounting Mar variance was $1,426,264 vs plan",2026-03-11T14:53:43Z
r44-0000506,pmartin@summithealthpartners.com,Journal Entry Reviewer,Forecast Apr operating cash flow,SUCCESS,68.5,"Accounting Apr variance was $139,319 vs plan",2026-03-11T18:55:03Z
r44-0000507,amoore@summithealthpartners.com,Headcount Planner,Forecast Mar operating cash flow,SUCCESS,29.5,"Accounting Mar variance was $193,647 vs plan",2026-03-11T12:10:51Z
r44-0000508,pmartin@summithealthpartners.com,Revenue Recognizer,Which cost centers are over budget YTD?,SUCCESS,6.1,"FP&A Jan variance was $4,036,634 vs plan",2026-03-11T06:07:27Z
r44-0000509,bjones@summithealthpartners.com,AP Aging Analyst,Summarize the May variance for entity CA-03,SUCCESS,1.5,error code 502 from model gateway,2026-03-11T10:37:03Z
r44-0000510,bjones@summithealthpartners.com,Journal Entry Reviewer,Summarize the Mar variance for entity EU-08,SUCCESS,68.9,"Ops Mar variance was $2,399,995 vs plan",2026-03-11T13:16:05Z
r44-0000511,pmartin@summithealthpartners.com,Covenant Checker,Build the board deck cash slide for Jan,SUCCESS,39.1,"Ops Jan variance was $3,105,896 vs plan",2026-03-11T16:24:03Z
r44-0000512,pmartin@summithealthpartners.com,AP Aging Analyst,Forecast Apr operating cash flow,SUCCESS,7.3,"Accounting Apr variance was $4,050,109 vs plan",2026-03-11T13:58:19Z
r44-0000513,amoore@summithealthpartners.com,Headcount Planner,What drove the change in gross margin this quarter?,SUCCESS,56.8,"Ops Jan variance was $3,281,115 vs plan",2026-03-11T10:13:25Z
r44-0000514,bjones@summithealthpartners.com,Flux Commentary,Reconcile AP aging over 90 days for EU-07,PARTIAL,60.0,"FP&A Jan variance was $2,445,399 vs plan",2026-03-11T11:09:00Z
r44-0000515,jjohnson@summithealthpartners.com,Variance Explainer,Summarize the Apr variance for entity EU-04,SUCCESS,59.5,"Ops Apr variance was $4,723,332 vs plan",2026-03-12T10:02:14Z
r44-0000516,pmartin@summithealthpartners.com,Journal Entry Reviewer,What drove the change in gross margin this quarter?,SUCCESS,12.6,"FP&A Jan variance was $2,625,133 vs plan",2026-03-12T11:41:46Z
r44-0000517,pmartin@summithealthpartners.com,Close Checklist Bot,Why did Ops spend exceed budget in May?,SUCCESS,13.3,"Ops May variance was $280,424 vs plan",2026-03-12T14:48:52Z
r44-0000518,dlopez2@summithealthpartners.com,Board Deck Builder,Forecast Jan operating cash flow,FAIL,0.7,error code 502 from model gateway,2026-03-12T10:19:06Z
r44-0000519,amoore@summithealthpartners.com,Flux Commentary,Explain the headcount variance vs plan,SUCCESS,56.4,"FP&A Mar variance was $3,736,604 vs plan",2026-03-12T14:06:35Z
r44-0000520,amoore@summithealthpartners.com,Flux Commentary,Explain the headcount variance vs plan,SUCCESS,62.6,"Treasury May variance was $3,682,131 vs plan",2026-03-12T10:13:25Z
r44-0000521,pmartin@summithealthpartners.com,Flux Commentary,Build the board deck cash slide for Jun,SUCCESS,22.1,"FP&A Jun variance was $2,665,775 vs plan",2026-03-12T17:28:03Z
r44-0000522,pmartin@summithealthpartners.com,Covenant Checker,Check covenant compliance for the revolver,SUCCESS,49.2,"Treasury Feb variance was $542,151 vs plan",2026-03-12T14:45:59Z
r44-0000523,sbrown@summithealthpartners.com,Headcount Planner,Forecast Jun operating cash flow,SUCCESS,65.3,"FP&A Jun variance was $2,307,705 vs plan",2026-03-12T14:32:43Z
r44-0000524,amoore@summithealthpartners.com,Revenue Recognizer,Which cost centers are over budget YTD?,SUCCESS,60.5,"Accounting Apr variance was $3,655,024 vs plan",2026-03-12T15:06:44Z
r44-0000525,mharris@summithealthpartners.com,Flux Commentary,Why did Ops spend exceed budget in Feb?,FAIL,6.6,ERROR: upstream request timed out,2026-03-12T11:27:30Z
r44-0000526,pmartin@summithealthpartners.com,Revenue Recognizer,Reconcile AP aging over 90 days for US-07,SUCCESS,72.0,"FP&A Feb variance was $1,489,138 vs plan",2026-03-12T11:55:00Z
r44-0000527,amoore@summithealthpartners.com,Variance Explainer,Which cost centers are over budget YTD?,SUCCESS,35.2,"Ops Jun variance was $4,003,212 vs plan",2026-03-12T15:42:40Z
r44-0000528,amoore@summithealthpartners.com,AP Aging Analyst,What drove the change in gross margin this quarter?,SUCCESS,64.3,"FP&A Jun variance was $4,079,752 vs plan",2026-03-12T11:39:19Z
r44-0000529,pmartin@summithealthpartners.com,Revenue Recognizer,Check covenant compliance for the revolver,SUCCESS,14.6,"Treasury Mar variance was $2,824,942 vs plan",2026-03-12T07:39:12Z
r44-0000530,mlewis@summithealthpartners.com,Variance Explainer,Check covenant compliance for the revolver,PARTIAL,17.3,"Treasury Feb variance was $1,796,810 vs plan",2026-03-12T10:03:33Z
r44-0000531,pmartin@summithealthpartners.com,Board Deck Builder,Forecast Feb operating cash flow,SUCCESS,68.8,"Ops Feb variance was $1,421,749 vs plan",2026-03-12T15:34:46Z
r44-0000532,nhaddad@summithealthpartners.com,Revenue Recognizer,Explain the headcount variance vs plan,SUCCESS,1.6,error code 502 from model gateway,2026-03-12T14:57:07Z
r44-0000533,amoore@summithealthpartners.com,Revenue Recognizer,Reconcile AP aging over 90 days for MX-03,SUCCESS,68.3,"Treasury Jun variance was $3,500,971 vs plan",2026-03-12T13:21:38Z
r44-0000534,pmartin@summithealthpartners.com,Cash Forecaster,Summarize the Jun variance for entity EU-05,SUCCESS,45.8,"FP&A Jun variance was $19,179 vs plan",2026-03-12T11:27:17Z
r44-0000535,prodriguez@summithealthpartners.com,Board Deck Builder,Draft flux commentary for the Jun close,SUCCESS,11.9,"Treasury Jun variance was $814,785 vs plan",2026-03-12T10:04:30Z
r44-0000536,bjones@summithealthpartners.com,Variance Explainer,Summarize the May variance for entity CA-08,SUCCESS,44.9,"FP&A May variance was $637,419 vs plan",2026-03-12T10:19:13Z
r44-0000537,bjones@summithealthpartners.com,Board Deck Builder,Build the board deck cash slide for Mar,SUCCESS,26.7,"Treasury Mar variance was $2,080,721 vs plan",2026-03-12T07:04:46Z
r44-0000538,jnguyen@summithealthpartners.com,AP Aging Analyst,Why did Treasury spend exceed budget in Mar?,SUCCESS,13.5,"Treasury Mar variance was $799,362 vs plan",2026-03-12T12:25:10Z
r44-0000539,pmartin@summithealthpartners.com,Board Deck Builder,Which cost centers are over budget YTD?,SUCCESS,39.4,"FP&A Mar variance was $1,852,724 vs plan",2026-03-12T15:43:09Z
r44-0000540,pmartin@summithealthpartners.com,Covenant Checker,Reconcile AP aging over 90 days for CA-08,FAIL,1.8,Traceback (most recent call last): KeyError 'entity',2026-03-12T12:20:37Z
r44-0000541,jdavis@summithealthpartners.com,Budget vs Actual,Why did Treasury spend exceed budget in Feb?,SUCCESS,1.5,FAILED: null reference in aggregation step,2026-03-12T11:05:55Z
r44-0000542,pmartin@summithealthpartners.com,AP Aging Analyst,Reconcile AP aging over 90 days for US-05,SUCCESS,22.4,"Accounting Jun variance was $4,770,757 vs plan",2026-03-12T14:43:36Z
r44-0000543,pmartin@summithealthpartners.com,Board Deck Builder,Draft flux commentary for the Jun close,SUCCESS,72.3,"Ops Jun variance was $3,003,525 vs plan",2026-03-12T09:07:02Z
r44-0000544,amoore@summithealthpartners.com,AP Aging Analyst,Build the board deck cash slide for Mar,SUCCESS,65.9,"Treasury Mar variance was $2,170,564 vs plan",2026-03-12T06:41:04Z
r44-0000545,jnguyen@summithealthpartners.com,AP Aging Analyst,Explain the headcount variance vs plan,SUCCESS,67.4,"Accounting Mar variance was $3,215,810 vs plan",2026-03-12T09:11:48Z
r44-0000546,pmartin@summithealthpartners.com,AP Aging Analyst,Which cost centers are over budget YTD?,SUCCESS,41.7,"Treasury May variance was $2,852,921 vs plan",2026-03-12T10:43:03Z
r44-0000547,pmartin@summithealthpartners.com,Revenue Recognizer,Check covenant compliance for the revolver,SUCCESS,74.1,"Treasury Mar variance was $2,296,217 vs plan",2026-03-12T09:15:05Z
r44-0000548,pmartin@summithealthpartners.com,Covenant Checker,Explain the headcount variance vs plan,SUCCESS,11.4,"Ops Mar variance was $3,408,422 vs plan",2026-03-12T06:19:17Z
r44-0000549,prodriguez@summithealthpartners.com,Cash Forecaster,Draft flux commentary for the May close,SUCCESS,4.5,"Accounting May variance was $3,338,713 vs plan",2026-03-12T12:02:45Z
r44-0000550,amoore@summithealthpartners.com,Variance Explainer,Reconcile AP aging over 90 days for US-09,SUCCESS,44.9,"FP&A Feb variance was $599,612 vs plan",2026-03-12T12:46:25Z
r44-0000551,bjones@summithealthpartners.com,Journal Entry Reviewer,Check covenant compliance for the revolver,SUCCESS,17.0,"Accounting Feb variance was $3,205,426 vs plan",2026-03-12T21:12:38Z
r44-0000552,jwilliams@summithealthpartners.com,Journal Entry Reviewer,Reconcile AP aging over 90 days for MX-01,SUCCESS,5.6,"Accounting Jan variance was $4,299,273 vs plan",2026-03-12T12:17:38Z
r44-0000553,mlewis@summithealthpartners.com,AP Aging Analyst,Explain the headcount variance vs plan,SUCCESS,7.9,"Treasury Apr variance was $3,967,937 vs plan",2026-03-12T09:35:24Z
r44-0000554,mlewis@summithealthpartners.com,Covenant Checker,What drove the change in gross margin this quarter?,PARTIAL,10.7,"FP&A Apr variance was $4,769,000 vs plan",2026-03-12T10:56:08Z
r44-0000555,kperez@summithealthpartners.com,Vendor Spend Analyzer,Summarize the Jan variance for entity MX-06,SUCCESS,69.6,"Accounting Jan variance was $165,562 vs plan",2026-03-12T15:52:52Z
r44-0000556,pmartin@summithealthpartners.com,Flux Commentary,Check covenant compliance for the revolver,SUCCESS,22.8,"FP&A May variance was $1,321,135 vs plan",2026-03-12T12:46:58Z
r44-0000557,prodriguez@summithealthpartners.com,Headcount Planner,Summarize the Mar variance for entity CA-06,SUCCESS,58.6,"Accounting Mar variance was $4,074,597 vs plan",2026-03-12T09:53:33Z
r44-0000558,pmartin@summithealthpartners.com,Journal Entry Reviewer,Which cost centers are over budget YTD?,SUCCESS,12.4,"FP&A Mar variance was $3,297,097 vs plan",2026-03-12T07:04:58Z
r44-0000559,pmartin@summithealthpartners.com,Close Checklist Bot,Explain the headcount variance vs plan,SUCCESS,62.5,"Accounting Jan variance was $1,860,587 vs plan",2026-03-12T13:08:34Z
r44-0000560,prodriguez@summithealthpartners.com,Covenant Checker,Forecast Feb operating cash flow,SUCCESS,62.9,"FP&A Feb variance was $2,742,416 vs plan",2026-03-12T12:27:44Z
r44-0000561,nhaddad@summithealthpartners.com,Flux Commentary,Which cost centers are over budget YTD?,SUCCESS,31.3,"Accounting Feb variance was $4,586,973 vs plan",2026-03-12T14:22:59Z
r44-0000562,pmartin@summithealthpartners.com,Vendor Spend Analyzer,Which cost centers are over budget YTD?,SUCCESS,24.8,"Ops Jun variance was $4,301,700 vs plan",2026-03-12T13:32:41Z
r44-0000563,jwilliams@summithealthpartners.com,Cash Forecaster,Draft flux commentary for the Apr close,SUCCESS,37.7,"FP&A Apr variance was $3,677,808 vs plan",2026-03-12T15:17:20Z
r44-0000564,jjohnson@summithealthpartners.com,Budget vs Actual,Draft flux commentary for the May close,SUCCESS,32.5,"Treasury May variance was $2,531,651 vs plan",2026-03-12T08:00:37Z
r44-0000565,bjones@summithealthpartners.com,Covenant Checker,Forecast Feb operating cash flow,SUCCESS,71.1,"Ops Feb variance was $3,481,988 vs plan",2026-03-13T12:02:55Z
r44-0000566,prodriguez@summithealthpartners.com,AP Aging Analyst,Which cost centers are over budget YTD?,SUCCESS,26.7,"Treasury Mar variance was $172,041 vs plan",2026-03-13T09:06:27Z
r44-0000567,amoore@summithealthpartners.com,Cash Forecaster,Check covenant compliance for the revolver,SUCCESS,33.5,"Ops Feb variance was $888,590 vs plan",2026-03-13T16:18:35Z
r44-0000568,pmartin@summithealthpartners.com,Board Deck Builder,Reconcile AP aging over 90 days for EU-09,PARTIAL,42.6,"FP&A Apr variance was $1,231,330 vs plan",2026-03-13T11:10:41Z
r44-0000569,dlopez2@summithealthpartners.com,Journal Entry Reviewer,Which cost centers are over budget YTD?,SUCCESS,11.7,"Ops Jun variance was $3,184,994 vs plan",2026-03-13T11:57:44Z
r44-0000570,pmartin@summithealthpartners.com,Variance Explainer,What drove the change in gross margin this quarter?,SUCCESS,1.5,Traceback (most recent call last): KeyError 'entity',2026-03-13T13:09:24Z
r44-0000571,pmartin@summithealthpartners.com,Headcount Planner,Check covenant compliance for the revolver,SUCCESS,4.7,"Accounting Jun variance was $944,004 vs plan",2026-03-13T15:14:35Z
r44-0000572,jwilliams@summithealthpartners.com,Board Deck Builder,Draft flux commentary for the May close,SUCCESS,12.7,"FP&A May variance was $3,362,350 vs plan",2026-03-13T12:06:37Z
r44-0000573,amoore@summithealthpartners.com,Covenant Checker,What drove the change in gross margin this quarter?,SUCCESS,17.5,"Treasury Jun variance was $1,134,959 vs plan",2026-03-13T10:56:34Z
r44-0000574,amoore@summithealthpartners.com,Journal Entry Reviewer,Draft flux commentary for the Jan close,SUCCESS,3.5,"Accounting Jan variance was $1,098,641 vs plan",2026-03-13T09:02:24Z
r44-0000575,amoore@summithealthpartners.com,Headcount Planner,Why did Ops spend exceed budget in Jan?,SUCCESS,64.3,"Ops Jan variance was $2,370,625 vs plan",2026-03-13T16:49:44Z
r44-0000576,pmartin@summithealthpartners.com,Close Checklist Bot,Explain the headcount variance vs plan,SUCCESS,15.1,"FP&A Jun variance was $73,521 vs plan",2026-03-13T11:37:07Z
r44-0000577,amoore@summithealthpartners.com,Headcount Planner,Which cost centers are over budget YTD?,SUCCESS,61.3,"FP&A Apr variance was $695,852 vs plan",2026-03-13T22:50:44Z
r44-0000578,amoore@summithealthpartners.com,Close Checklist Bot,Build the board deck cash slide for Jan,SUCCESS,58.3,"Ops Jan variance was $59,744 vs plan",2026-03-13T12:15:36Z
r44-0000579,jjohnson@summithealthpartners.com,Budget vs Actual,What drove the change in gross margin this quarter?,SUCCESS,8.8,"Accounting Jun variance was $375,418 vs plan",2026-03-13T11:29:56Z
r44-0000580,mlewis@summithealthpartners.com,Variance Explainer,Why did Treasury spend exceed budget in Feb?,FAIL,6.1,ERROR: upstream request timed out,2026-03-13T15:32:48Z
r44-0000581,jnguyen@summithealthpartners.com,Budget vs Actual,Draft flux commentary for the Jan close,SUCCESS,43.2,"Accounting Jan variance was $4,527,990 vs plan",2026-03-13T09:25:58Z
r44-0000582,pmartin@summithealthpartners.com,Close Checklist Bot,Explain the headcount variance vs plan,SUCCESS,31.9,"Accounting Jan variance was $1,185,594 vs plan",2026-03-13T08:46:28Z
r44-0000583,kperez@summithealthpartners.com,Revenue Recognizer,Draft flux commentary for the Jan close,FAIL,6.3,error: connection reset by peer,2026-03-13T18:02:15Z
r44-0000584,pmartin@summithealthpartners.com,Vendor Spend Analyzer,Which cost centers are over budget YTD?,PARTIAL,22.4,"FP&A Jan variance was $1,293,464 vs plan",2026-03-13T16:16:01Z
r44-0000585,pmartin@summithealthpartners.com,AP Aging Analyst,Explain the headcount variance vs plan,PARTIAL,7.5,"Ops Jan variance was $3,524,018 vs plan",2026-03-13T10:00:51Z
r44-0000586,jlewis@summithealthpartners.com,Covenant Checker,Build the board deck cash slide for May,PARTIAL,38.8,"Accounting May variance was $186,645 vs plan",2026-03-13T15:17:07Z
r44-0000587,kperez@summithealthpartners.com,Cash Forecaster,Check covenant compliance for the revolver,SUCCESS,39.2,"Ops Mar variance was $3,209,045 vs plan",2026-03-13T08:47:42Z
r44-0000588,jjohnson@summithealthpartners.com,Board Deck Builder,Why did FP&A spend exceed budget in Jun?,SUCCESS,51.5,"FP&A Jun variance was $2,386,163 vs plan",2026-03-13T10:15:09Z
r44-0000589,bjones@summithealthpartners.com,Budget vs Actual,What drove the change in gross margin this quarter?,FAIL,2.3,ERROR: upstream request timed out,2026-03-13T10:56:33Z
r44-0000590,amoore@summithealthpartners.com,Revenue Recognizer,Draft flux commentary for the Feb close,SUCCESS,54.6,"FP&A Feb variance was $4,307,835 vs plan",2026-03-13T08:47:06Z
r44-0000591,jnguyen@summithealthpartners.com,Vendor Spend Analyzer,Why did Accounting spend exceed budget in Jan?,SUCCESS,55.1,"Accounting Jan variance was $3,155,401 vs plan",2026-03-13T12:19:13Z
r44-0000592,pmartin@summithealthpartners.com,Close Checklist Bot,What drove the change in gross margin this quarter?,SUCCESS,69.8,"Accounting Feb variance was $2,450,031 vs plan",2026-03-13T13:32:41Z
r44-0000593,pmartin@summithealthpartners.com,Vendor Spend Analyzer,Which cost centers are over budget YTD?,SUCCESS,9.8,"Accounting Feb variance was $8,605 vs plan",2026-03-13T11:34:30Z
r44-0000594,pmartin@summithealthpartners.com,Close Checklist Bot,Build the board deck cash slide for May,SUCCESS,50.5,"Treasury May variance was $3,783,398 vs plan",2026-03-13T13:52:22Z
r44-0000595,amoore@summithealthpartners.com,AP Aging Analyst,Build the board deck cash slide for Jun,PARTIAL,49.6,"Accounting Jun variance was $3,593,203 vs plan",2026-03-13T14:24:26Z
r44-0000596,jjohnson@summithealthpartners.com,Close Checklist Bot,Why did FP&A spend exceed budget in Mar?,SUCCESS,27.4,"FP&A Mar variance was $4,150,789 vs plan",2026-03-13T11:36:02Z
r44-0000597,pmartin@summithealthpartners.com,Vendor Spend Analyzer,Explain the headcount variance vs plan,SUCCESS,38.7,"FP&A Mar variance was $1,183,526 vs plan",2026-03-13T15:16:06Z
r44-0000598,pmartin@summithealthpartners.com,Journal Entry Reviewer,Draft flux commentary for the Jun close,SUCCESS,40.9,"Treasury Jun variance was $332,510 vs plan",2026-03-13T16:09:06Z
r44-0000599,amoore@summithealthpartners.com,Variance Explainer,Build the board deck cash slide for Jun,FAIL,7.1,ERROR: upstream request timed out,2026-03-13T18:38:19Z
r44-0000600,bjones@summithealthpartners.com,Board Deck Builder,Reconcile AP aging over 90 days for CA-05,SUCCESS,39.4,"Accounting Jan variance was $3,958,606 vs plan",2026-03-13T14:02:03Z
r44-0000601,amoore@summithealthpartners.com,Variance Explainer,What drove the change in gross margin this quarter?,SUCCESS,33.2,"Accounting Jan variance was $3,838,875 vs plan",2026-03-13T17:23:59Z
r44-0000602,amoore@summithealthpartners.com,Budget vs Actual,Reconcile AP aging over 90 days for US-06,SUCCESS,7.0,"Treasury Jun variance was $1,798,813 vs plan",2026-03-13T15:27:14Z
r44-0000603,amoore@summithealthpartners.com,Revenue Recognizer,Forecast Feb operating cash flow,SUCCESS,71.0,"Ops Feb variance was $4,604,181 vs plan",2026-03-13T11:02:32Z
r44-0000604,pmartin@summithealthpartners.com,AP Aging Analyst,Build the board deck cash slide for Apr,SUCCESS,12.6,"Treasury Apr variance was $553,454 vs plan",2026-03-13T10:18:50Z
r44-0000605,pmartin@summithealthpartners.com,Close Checklist Bot,Which cost centers are over budget YTD?,SUCCESS,31.5,"FP&A Feb variance was $4,792,542 vs plan",2026-03-13T12:49:09Z
r44-0000606,jlewis@summithealthpartners.com,Headcount Planner,Which cost centers are over budget YTD?,SUCCESS,57.2,"Ops May variance was $3,115,504 vs plan",2026-03-13T09:21:33Z
r44-0000607,mlewis@summithealthpartners.com,Revenue Recognizer,Build the board deck cash slide for Mar,SUCCESS,62.4,"Accounting Mar variance was $524,808 vs plan",2026-03-13T15:54:32Z
r44-0000608,bjones@summithealthpartners.com,AP Aging Analyst,Which cost centers are over budget YTD?,FAIL,1.3,error: connection reset by peer,2026-03-13T12:03:55Z
r44-0000609,pmartin@summithealthpartners.com,Headcount Planner,Which cost centers are over budget YTD?,SUCCESS,57.1,"FP&A Jun variance was $930,261 vs plan",2026-03-13T14:27:47Z
r44-0000610,bjones@summithealthpartners.com,Vendor Spend Analyzer,Build the board deck cash slide for Feb,SUCCESS,43.1,"Accounting Feb variance was $3,099,086 vs plan",2026-03-13T08:27:03Z
r44-0000611,pmartin@summithealthpartners.com,Board Deck Builder,Forecast Jan operating cash flow,SUCCESS,10.1,"Ops Jan variance was $3,414,234 vs plan",2026-03-13T13:25:12Z
r44-0000612,pmartin@summithealthpartners.com,Cash Forecaster,Check covenant compliance for the revolver,SUCCESS,32.0,"Ops Jun variance was $1,285,544 vs plan",2026-03-13T12:49:00Z
r44-0000613,pmartin@summithealthpartners.com,Variance Explainer,Why did FP&A spend exceed budget in Feb?,SUCCESS,42.1,"FP&A Feb variance was $2,605,834 vs plan",2026-03-13T12:05:27Z
r44-0000614,prodriguez@summithealthpartners.com,Cash Forecaster,Build the board deck cash slide for Jan,SUCCESS,55.0,"Accounting Jan variance was $244,356 vs plan",2026-03-13T13:43:14Z
r44-0000615,pmartin@summithealthpartners.com,Revenue Recognizer,Why did Ops spend exceed budget in Jun?,SUCCESS,38.9,"Ops Jun variance was $4,554,005 vs plan",2026-03-13T18:34:30Z
r44-0000616,amoore@summithealthpartners.com,Headcount Planner,Forecast Jun operating cash flow,PARTIAL,21.6,"Ops Jun variance was $4,403,823 vs plan",2026-03-13T17:34:03Z
r44-0000617,jlewis@summithealthpartners.com,Variance Explainer,Summarize the Apr variance for entity US-09,SUCCESS,7.9,"FP&A Apr variance was $2,237,527 vs plan",2026-03-13T10:12:12Z
r44-0000618,mharris@summithealthpartners.com,Journal Entry Reviewer,Summarize the Apr variance for entity MX-06,SUCCESS,63.8,"Ops Apr variance was $4,409,894 vs plan",2026-03-13T06:29:38Z
r44-0000619,bjones@summithealthpartners.com,Journal Entry Reviewer,Which cost centers are over budget YTD?,FAIL,1.5,error: connection reset by peer,2026-03-13T13:38:51Z
r44-0000620,bjones@summithealthpartners.com,Variance Explainer,Why did FP&A spend exceed budget in May?,SUCCESS,67.4,"FP&A May variance was $2,081,258 vs plan",2026-03-13T14:48:05Z
r44-0000621,jnguyen@summithealthpartners.com,AP Aging Analyst,Summarize the Jan variance for entity EU-03,SUCCESS,63.8,"Accounting Jan variance was $4,378,352 vs plan",2026-03-13T15:50:47Z
r44-0000622,jjohnson@summithealthpartners.com,Board Deck Builder,Build the board deck cash slide for Mar,SUCCESS,21.4,"Accounting Mar variance was $3,300,100 vs plan",2026-03-13T14:43:04Z
r44-0000623,amoore@summithealthpartners.com,Board Deck Builder,Draft flux commentary for the Jan close,SUCCESS,8.2,"Treasury Jan variance was $1,787,661 vs plan",2026-03-13T13:19:37Z
r44-0000624,amoore@summithealthpartners.com,Board Deck Builder,Reconcile AP aging over 90 days for CA-01,PARTIAL,58.2,"Ops Jun variance was $2,157,049 vs plan",2026-03-13T13:25:51Z
r44-0000625,amoore@summithealthpartners.com,Budget vs Actual,Summarize the Jun variance for entity MX-02,SUCCESS,47.7,"Accounting Jun variance was $52,713 vs plan",2026-03-13T11:25:14Z
r44-0000626,mlewis@summithealthpartners.com,Close Checklist Bot,Summarize the May variance for entity CA-09,SUCCESS,70.3,"Treasury May variance was $4,796,223 vs plan",2026-03-13T08:53:45Z
r44-0000627,mharris@summithealthpartners.com,Revenue Recognizer,Reconcile AP aging over 90 days for US-02,SUCCESS,0.6,FAILED: null reference in aggregation step,2026-03-13T15:09:31Z
r44-0000628,pmartin@summithealthpartners.com,Budget vs Actual,Why did FP&A spend exceed budget in Mar?,FAIL,3.4,error code 502 from model gateway,2026-03-13T12:19:46Z
r44-0000629,pmartin@summithealthpartners.com,Covenant Checker,Forecast Mar operating cash flow,SUCCESS,55.9,"Accounting Mar variance was $4,225,109 vs plan",2026-03-13T14:58:43Z
r44-0000630,jjohnson@summithealthpartners.com,Revenue Recognizer,Which cost centers are over budget YTD?,SUCCESS,67.0,"Accounting Jan variance was $3,362,478 vs plan",2026-03-13T17:55:11Z
r44-0000631,pmartin@summithealthpartners.com,Headcount Planner,Which cost centers are over budget YTD?,PARTIAL,12.4,"Ops Jun variance was $1,191,602 vs plan",2026-03-13T10:41:32Z
r44-0000632,mharris@summithealthpartners.com,Covenant Checker,Build the board deck cash slide for Mar,SUCCESS,6.3,"Ops Mar variance was $2,018,309 vs plan",2026-03-13T16:46:17Z
r44-0000633,pmartin@summithealthpartners.com,Journal Entry Reviewer,Forecast Feb operating cash flow,SUCCESS,1.3,FAILED: null reference in aggregation step,2026-03-13T20:07:11Z
r44-0000634,amoore@summithealthpartners.com,Revenue Recognizer,Explain the headcount variance vs plan,SUCCESS,50.7,"Accounting Jan variance was $2,173,417 vs plan",2026-03-13T15:08:05Z
r44-0000635,amoore@summithealthpartners.com,Cash Forecaster,Build the board deck cash slide for Jan,PARTIAL,64.2,"Accounting Jan variance was $3,589,818 vs plan",2026-03-14T20:03:51Z
r44-0000636,pmartin@summithealthpartners.com,Budget vs Actual,Why did Ops spend exceed budget in Apr?,PARTIAL,36.0,"Ops Apr variance was $4,172,351 vs plan",2026-03-14T12:37:20Z
r44-0000637,mlewis@summithealthpartners.com,Covenant Checker,What drove the change in gross margin this quarter?,SUCCESS,71.0,"FP&A May variance was $1,546,667 vs plan",2026-03-14T15:55:39Z
r44-0000638,pmartin@summithealthpartners.com,Vendor Spend Analyzer,Draft flux commentary for the Feb close,SUCCESS,0.2,ERROR: upstream request timed out,2026-03-14T10:49:06Z
r44-0000639,pmartin@summithealthpartners.com,Close Checklist Bot,Reconcile AP aging over 90 days for CA-02,SUCCESS,60.5,"Ops Feb variance was $3,214,500 vs plan",2026-03-14T14:10:37Z
r44-0000640,pmartin@summithealthpartners.com,Vendor Spend Analyzer,Summarize the Feb variance for entity US-05,SUCCESS,45.8,"FP&A Feb variance was $3,860,190 vs plan",2026-03-14T13:39:27Z
r44-0000641,mharris@summithealthpartners.com,Variance Explainer,Build the board deck cash slide for Apr,SUCCESS,11.1,"Ops Apr variance was $55,182 vs plan",2026-03-14T10:30:11Z
r44-0000642,pmartin@summithealthpartners.com,AP Aging Analyst,Summarize the Jan variance for entity MX-05,SUCCESS,41.5,"Ops Jan variance was $303,581 vs plan",2026-03-14T16:02:09Z
r44-0000643,jjohnson@summithealthpartners.com,Vendor Spend Analyzer,Reconcile AP aging over 90 days for MX-09,SUCCESS,48.7,"FP&A Feb variance was $2,478,992 vs plan",2026-03-14T11:34:59Z
r44-0000644,mlewis@summithealthpartners.com,Journal Entry Reviewer,Forecast May operating cash flow,SUCCESS,13.3,"Treasury May variance was $4,392,036 vs plan",2026-03-14T16:57:24Z
r44-0000645,mlewis@summithealthpartners.com,Flux Commentary,What drove the change in gross margin this quarter?,SUCCESS,24.8,"Ops Feb variance was $486,790 vs plan",2026-03-14T16:13:40Z
r44-0000646,amoore@summithealthpartners.com,Vendor Spend Analyzer,Which cost centers are over budget YTD?,SUCCESS,42.3,"FP&A Jun variance was $3,353,933 vs plan",2026-03-14T15:02:49Z
r44-0000647,pmartin@summithealthpartners.com,Variance Explainer,Summarize the Jun variance for entity EU-06,SUCCESS,0.6,error code 502 from model gateway,2026-03-14T17:54:52Z
r44-0000648,jjohnson@summithealthpartners.com,Board Deck Builder,What drove the change in gross margin this quarter?,SUCCESS,20.9,"Ops May variance was $3,219,092 vs plan",2026-03-14T12:14:36Z
r44-0000649,mlewis@summithealthpartners.com,Flux Commentary,Explain the headcount variance vs plan,SUCCESS,54.7,"Treasury Feb variance was $2,371,214 vs plan",2026-03-14T16:45:24Z
r44-0000650,jdavis@summithealthpartners.com,Revenue Recognizer,Explain the headcount variance vs plan,SUCCESS,1.7,error code 502 from model gateway,2026-03-14T10:35:38Z
r44-0000651,amoore@summithealthpartners.com,Budget vs Actual,Forecast Apr operating cash flow,SUCCESS,8.5,"Treasury Apr variance was $1,905,344 vs plan",2026-03-14T15:44:19Z
r44-0000652,pmartin@summithealthpartners.com,Revenue Recognizer,Reconcile AP aging over 90 days for CA-02,SUCCESS,33.4,"Accounting Apr variance was $4,016,123 vs plan",2026-03-15T18:18:02Z
r44-0000653,pmartin@summithealthpartners.com,Flux Commentary,Draft flux commentary for the Jun close,SUCCESS,65.6,"FP&A Jun variance was $1,404,248 vs plan",2026-03-15T14:00:42Z
r44-0000654,amoore@summithealthpartners.com,Flux Commentary,Draft flux commentary for the Jun close,SUCCESS,7.5,"Accounting Jun variance was $4,497,061 vs plan",2026-03-15T14:39:23Z
r44-0000655,bjones@summithealthpartners.com,Journal Entry Reviewer,Build the board deck cash slide for May,SUCCESS,63.1,"Treasury May variance was $1,718,605 vs plan",2026-03-15T14:21:11Z
r44-0000656,pmartin@summithealthpartners.com,Cash Forecaster,Check covenant compliance for the revolver,SUCCESS,0.7,Traceback (most recent call last): KeyError 'entity',2026-03-15T12:15:52Z
r44-0000657,jnguyen@summithealthpartners.com,Budget vs Actual,Which cost centers are over budget YTD?,SUCCESS,42.1,"FP&A Jan variance was $4,481,776 vs plan",2026-03-15T16:27:44Z
r44-0000658,pmartin@summithealthpartners.com,Revenue Recognizer,Reconcile AP aging over 90 days for CA-04,SUCCESS,66.5,"Ops Apr variance was $3,870,318 vs plan",2026-03-15T16:14:20Z
r44-0000659,bjones@summithealthpartners.com,Journal Entry Reviewer,Draft flux commentary for the Mar close,PARTIAL,5.9,"Ops Mar variance was $4,421,570 vs plan",2026-03-15T06:26:52Z
r44-0000660,amoore@summithealthpartners.com,Flux Commentary,Draft flux commentary for the Apr close,SUCCESS,57.8,"Treasury Apr variance was $362,623 vs plan",2026-03-15T12:39:09Z
r44-0000661,jwilson@summithealthpartners.com,Close Checklist Bot,Explain the headcount variance vs plan,SUCCESS,22.7,"Treasury May variance was $1,628,218 vs plan",2026-03-15T10:18:33Z
r44-0000662,nhaddad@summithealthpartners.com,Close Checklist Bot,Summarize the May variance for entity MX-05,PARTIAL,29.0,"Accounting May variance was $2,456,413 vs plan",2026-03-15T12:42:41Z
r44-0000663,jwilliams@summithealthpartners.com,Variance Explainer,Which cost centers are over budget YTD?,SUCCESS,5.7,"FP&A Jan variance was $4,712,799 vs plan",2026-03-15T11:26:20Z
r44-0000664,jnguyen@summithealthpartners.com,Flux Commentary,Check covenant compliance for the revolver,SUCCESS,6.7,"Ops May variance was $19,855 vs plan",2026-03-15T10:05:24Z
r44-0000665,pmartin@summithealthpartners.com,Journal Entry Reviewer,Explain the headcount variance vs plan,SUCCESS,7.8,"FP&A Jun variance was $2,771,792 vs plan",2026-03-15T12:56:44Z
r44-0000666,pmartin@summithealthpartners.com,Close Checklist Bot,What drove the change in gross margin this quarter?,SUCCESS,39.0,"Accounting May variance was $4,570,331 vs plan",2026-03-15T17:33:29Z
r44-0000667,bjones@summithealthpartners.com,Covenant Checker,Why did Accounting spend exceed budget in Feb?,PARTIAL,9.1,"Accounting Feb variance was $1,139,550 vs plan",2026-03-15T09:51:36Z
r44-0000668,kperez@summithealthpartners.com,Budget vs Actual,What drove the change in gross margin this quarter?,SUCCESS,40.6,"Treasury Feb variance was $557,411 vs plan",2026-03-16T17:39:27Z
r44-0000669,mlewis@summithealthpartners.com,Revenue Recognizer,Reconcile AP aging over 90 days for MX-08,SUCCESS,57.9,"Ops Mar variance was $1,777,607 vs plan",2026-03-16T13:28:26Z
r44-0000670,bjones@summithealthpartners.com,Cash Forecaster,What drove the change in gross margin this quarter?,SUCCESS,71.7,"Accounting Apr variance was $1,884,115 vs plan",2026-03-16T19:46:41Z
r44-0000671,prodriguez@summithealthpartners.com,Budget vs Actual,Explain the headcount variance vs plan,SUCCESS,17.2,"Ops Mar variance was $2,826,718 vs plan",2026-03-16T12:08:07Z
r44-0000672,pmartin@summithealthpartners.com,Variance Explainer,Explain the headcount variance vs plan,SUCCESS,37.8,"FP&A Mar variance was $4,422,406 vs plan",2026-03-16T12:25:20Z
r44-0000673,jwilliams@summithealthpartners.com,Cash Forecaster,Summarize the Jun variance for entity US-07,FAIL,4.5,ERROR: upstream request timed out,2026-03-16T12:56:46Z
r44-0000674,bjones@summithealthpartners.com,Revenue Recognizer,Explain the headcount variance vs plan,SUCCESS,4.0,"Accounting Feb variance was $4,203,979 vs plan",2026-03-16T13:27:51Z
r44-0000675,pmartin@summithealthpartners.com,Cash Forecaster,Forecast Apr operating cash flow,SUCCESS,23.0,"FP&A Apr variance was $654,034 vs plan",2026-03-16T10:02:19Z
r44-0000676,jwilson@summithealthpartners.com,AP Aging Analyst,Build the board deck cash slide for Jan,SUCCESS,65.2,"FP&A Jan variance was $834,520 vs plan",2026-03-16T13:23:35Z
r44-0000677,amoore@summithealthpartners.com,Cash Forecaster,Build the board deck cash slide for May,SUCCESS,32.8,"Treasury May variance was $3,148,339 vs plan",2026-03-16T09:57:36Z
r44-0000678,pmartin@summithealthpartners.com,Cash Forecaster,What drove the change in gross margin this quarter?,PARTIAL,42.2,"Treasury Apr variance was $967,640 vs plan",2026-03-16T11:13:33Z
r44-0000679,bjones@summithealthpartners.com,Budget vs Actual,Which cost centers are over budget YTD?,SUCCESS,62.9,"FP&A Mar variance was $3,933,385 vs plan",2026-03-16T12:41:01Z
r44-0000680,amoore@summithealthpartners.com,Covenant Checker,Which cost centers are over budget YTD?,SUCCESS,62.7,"Accounting Jun variance was $4,735,956 vs plan",2026-03-16T09:08:56Z
r44-0000681,dlopez2@summithealthpartners.com,Variance Explainer,Build the board deck cash slide for Apr,SUCCESS,55.0,"Treasury Apr variance was $3,379,128 vs plan",2026-03-16T14:15:10Z
r44-0000682,jjohnson@summithealthpartners.com,Flux Commentary,Build the board deck cash slide for Mar,SUCCESS,28.9,"Ops Mar variance was $121,424 vs plan",2026-03-16T13:58:15Z
r44-0000683,pmartin@summithealthpartners.com,Cash Forecaster,Build the board deck cash slide for Mar,SUCCESS,54.0,"Accounting Mar variance was $1,481,280 vs plan",2026-03-16T13:18:20Z
r44-0000684,pmartin@summithealthpartners.com,Budget vs Actual,Summarize the Jan variance for entity EU-08,PARTIAL,32.1,"FP&A Jan variance was $820,312 vs plan",2026-03-16T17:07:18Z
r44-0000685,pmartin@summithealthpartners.com,Headcount Planner,Draft flux commentary for the Jun close,SUCCESS,66.6,"Accounting Jun variance was $3,334,882 vs plan",2026-03-16T14:02:28Z
r44-0000686,pmartin@summithealthpartners.com,AP Aging Analyst,Forecast Apr operating cash flow,SUCCESS,38.8,"Treasury Apr variance was $3,430,629 vs plan",2026-03-16T17:59:05Z
r44-0000687,nhaddad@summithealthpartners.com,Budget vs Actual,Forecast Jan operating cash flow,SUCCESS,62.9,"Ops Jan variance was $3,613,277 vs plan",2026-03-16T06:10:51Z
r44-0000688,sdavis@summithealthpartners.com,Covenant Checker,Draft flux commentary for the Feb close,SUCCESS,15.8,"Treasury Feb variance was $2,602,823 vs plan",2026-03-16T14:41:05Z
r44-0000689,pmartin@summithealthpartners.com,Board Deck Builder,Reconcile AP aging over 90 days for EU-05,SUCCESS,30.9,"Ops May variance was $3,703,366 vs plan",2026-03-16T18:49:48Z
r44-0000690,amoore@summithealthpartners.com,Close Checklist Bot,Forecast Mar operating cash flow,SUCCESS,20.2,"Ops Mar variance was $1,400,516 vs plan",2026-03-16T14:51:38Z
r44-0000691,pmartin@summithealthpartners.com,Variance Explainer,Build the board deck cash slide for Mar,SUCCESS,35.5,"Treasury Mar variance was $2,546,670 vs plan",2026-03-16T10:27:15Z
r44-0000692,bjones@summithealthpartners.com,Close Checklist Bot,Draft flux commentary for the May close,SUCCESS,12.7,"Accounting May variance was $357,688 vs plan",2026-03-16T11:50:01Z
r44-0000693,jnguyen@summithealthpartners.com,Variance Explainer,Reconcile AP aging over 90 days for EU-09,FAIL,6.1,Traceback (most recent call last): KeyError 'entity',2026-03-16T13:07:29Z
r44-0000694,pmartin@summithealthpartners.com,Flux Commentary,Draft flux commentary for the Apr close,SUCCESS,15.5,"Accounting Apr variance was $4,628,063 vs plan",2026-03-16T11:35:18Z
r44-0000695,jnguyen@summithealthpartners.com,Revenue Recognizer,Explain the headcount variance vs plan,SUCCESS,51.2,"FP&A May variance was $1,541,745 vs plan",2026-03-16T11:24:36Z
r44-0000696,amoore@summithealthpartners.com,AP Aging Analyst,Why did Accounting spend exceed budget in Apr?,SUCCESS,70.9,"Accounting Apr variance was $1,876,843 vs plan",2026-03-16T11:12:04Z
r44-0000697,amoore@summithealthpartners.com,Vendor Spend Analyzer,Explain the headcount variance vs plan,SUCCESS,41.7,"Ops Jan variance was $4,489,469 vs plan",2026-03-16T08:11:18Z
r44-0000698,jnguyen@summithealthpartners.com,Board Deck Builder,Explain the headcount variance vs plan,SUCCESS,1.4,ERROR: upstream request timed out,2026-03-16T11:20:22Z
r44-0000699,jlewis@summithealthpartners.com,Board Deck Builder,Explain the headcount variance vs plan,SUCCESS,40.1,"Treasury Jan variance was $4,160,729 vs plan",2026-03-16T11:33:45Z
r44-0000700,pmartin@summithealthpartners.com,Journal Entry Reviewer,Why did Accounting spend exceed budget in Apr?,SUCCESS,7.1,"Accounting Apr variance was $608,970 vs plan",2026-03-16T07:34:10Z
r44-0000701,jwilliams@summithealthpartners.com,Board Deck Builder,What drove the change in gross margin this quarter?,SUCCESS,7.7,"Accounting Jun variance was $864,603 vs plan",2026-03-16T09:35:07Z
r44-0000702,pmartin@summithealthpartners.com,Budget vs Actual,Forecast Jan operating cash flow,PARTIAL,45.8,"Ops Jan variance was $2,653,699 vs plan",2026-03-16T14:58:32Z
r44-0000703,pmartin@summithealthpartners.com,Flux Commentary,Forecast Mar operating cash flow,SUCCESS,4.2,"Ops Mar variance was $327,391 vs plan",2026-03-16T15:34:58Z
r44-0000704,amoore@summithealthpartners.com,Headcount Planner,Build the board deck cash slide for Apr,SUCCESS,43.0,"Treasury Apr variance was $1,922,709 vs plan",2026-03-16T09:39:29Z
r44-0000705,nhaddad@summithealthpartners.com,Headcount Planner,Which cost centers are over budget YTD?,SUCCESS,59.1,"Accounting Jan variance was $2,865,720 vs plan",2026-03-16T06:47:11Z
r44-0000706,jjohnson@summithealthpartners.com,Covenant Checker,Forecast May operating cash flow,SUCCESS,34.9,"Accounting May variance was $4,487,509 vs plan",2026-03-16T15:29:17Z
r44-0000707,pmartin@summithealthpartners.com,Cash Forecaster,What drove the change in gross margin this quarter?,SUCCESS,58.1,"Ops Feb variance was $825,951 vs plan",2026-03-16T11:14:02Z
r44-0000708,amoore@summithealthpartners.com,Journal Entry Reviewer,Which cost centers are over budget YTD?,SUCCESS,14.9,"Treasury Jun variance was $3,350,561 vs plan",2026-03-16T11:52:50Z
r44-0000709,pmartin@summithealthpartners.com,Close Checklist Bot,Why did Ops spend exceed budget in Mar?,FAIL,2.9,Traceback (most recent call last): KeyError 'entity',2026-03-16T16:26:16Z
r44-0000710,nnguyen@summithealthpartners.com,Journal Entry Reviewer,Why did Ops spend exceed budget in Jan?,SUCCESS,50.7,"Ops Jan variance was $4,554,215 vs plan",2026-03-16T11:47:22Z
r44-0000711,amoore@summithealthpartners.com,Journal Entry Reviewer,Forecast Jun operating cash flow,PARTIAL,65.0,"Treasury Jun variance was $4,360,146 vs plan",2026-03-16T13:33:24Z
r44-0000712,jlewis@summithealthpartners.com,Flux Commentary,Forecast Jan operating cash flow,SUCCESS,10.2,"FP&A Jan variance was $3,691,445 vs plan",2026-03-16T12:35:18Z
r44-0000713,jdavis@summithealthpartners.com,Variance Explainer,Which cost centers are over budget YTD?,SUCCESS,42.0,"Accounting Jan variance was $4,086,452 vs plan",2026-03-16T15:40:06Z
r44-0000714,nhaddad@summithealthpartners.com,Revenue Recognizer,Check covenant compliance for the revolver,SUCCESS,45.1,"Accounting Feb variance was $3,980,926 vs plan",2026-03-16T18:24:30Z
r44-0000715,pmartin@summithealthpartners.com,Vendor Spend Analyzer,Draft flux commentary for the Jun close,SUCCESS,51.6,"Accounting Jun variance was $142,470 vs plan",2026-03-16T11:47:19Z
r44-0000716,amoore@summithealthpartners.com,Revenue Recognizer,Draft flux commentary for the Mar close,SUCCESS,17.6,"Ops Mar variance was $451,048 vs plan",2026-03-16T14:27:01Z
r44-0000717,pmartin@summithealthpartners.com,Cash Forecaster,Check covenant compliance for the revolver,SUCCESS,23.1,"Accounting Mar variance was $3,451,443 vs plan",2026-03-16T09:11:44Z
r44-0000718,pmartin@summithealthpartners.com,Flux Commentary,Explain the headcount variance vs plan,SUCCESS,71.9,"Ops May variance was $4,784,386 vs plan",2026-03-16T13:56:46Z
r44-0000719,pmartin@summithealthpartners.com,Revenue Recognizer,Check covenant compliance for the revolver,SUCCESS,57.4,"Accounting Apr variance was $3,272,322 vs plan",2026-03-16T14:25:55Z
r44-0000720,pmartin@summithealthpartners.com,Budget vs Actual,Reconcile AP aging over 90 days for EU-07,SUCCESS,56.8,"Ops Apr variance was $4,054,927 vs plan",2026-03-16T12:36:19Z
r44-0000721,jjohnson@summithealthpartners.com,AP Aging Analyst,Which cost centers are over budget YTD?,SUCCESS,18.8,"Ops May variance was $1,069,434 vs plan",2026-03-16T10:49:34Z
r44-0000722,pmartin@summithealthpartners.com,Flux Commentary,What drove the change in gross margin this quarter?,SUCCESS,39.8,"Accounting Jan variance was $2,052,136 vs plan",2026-03-16T07:00:36Z
r44-0000723,pmartin@summithealthpartners.com,Headcount Planner,Summarize the Feb variance for entity CA-04,SUCCESS,72.4,"Treasury Feb variance was $3,547,038 vs plan",2026-03-16T16:00:10Z
r44-0000724,amoore@summithealthpartners.com,Flux Commentary,Reconcile AP aging over 90 days for EU-09,FAIL,3.0,error code 502 from model gateway,2026-03-16T13:16:43Z
r44-0000725,nnguyen@summithealthpartners.com,Variance Explainer,Build the board deck cash slide for May,SUCCESS,34.0,"Ops May variance was $120,002 vs plan",2026-03-16T08:07:51Z
r44-0000726,amoore@summithealthpartners.com,Vendor Spend Analyzer,Summarize the Jan variance for entity MX-07,SUCCESS,54.7,"Accounting Jan variance was $4,668,650 vs plan",2026-03-16T14:44:59Z
r44-0000727,nnguyen@summithealthpartners.com,Journal Entry Reviewer,Summarize the Feb variance for entity EU-09,SUCCESS,29.4,"FP&A Feb variance was $2,725,657 vs plan",2026-03-16T08:38:19Z
r44-0000728,bjones@summithealthpartners.com,Journal Entry Reviewer,Check covenant compliance for the revolver,SUCCESS,13.0,"Treasury Apr variance was $1,761,422 vs plan",2026-03-16T12:38:27Z
r44-0000729,bjones@summithealthpartners.com,Journal Entry Reviewer,Build the board deck cash slide for Apr,SUCCESS,14.1,"Ops Apr variance was $2,241,945 vs plan",2026-03-16T16:33:45Z
r44-0000730,dlopez2@summithealthpartners.com,Board Deck Builder,Forecast Jan operating cash flow,SUCCESS,56.9,"Ops Jan variance was $2,320,692 vs plan",2026-03-16T13:55:08Z
r44-0000731,mlewis@summithealthpartners.com,Board Deck Builder,Why did Accounting spend exceed budget in Mar?,SUCCESS,46.4,"Accounting Mar variance was $2,228,434 vs plan",2026-03-16T06:50:53Z
r44-0000732,pmartin@summithealthpartners.com,Board Deck Builder,Check covenant compliance for the revolver,SUCCESS,1.8,error code 502 from model gateway,2026-03-17T19:53:05Z
r44-0000733,amoore@summithealthpartners.com,AP Aging Analyst,Draft flux commentary for the May close,SUCCESS,14.8,"Accounting May variance was $327,598 vs plan",2026-03-17T15:58:06Z
r44-0000734,pmartin@summithealthpartners.com,Journal Entry Reviewer,Explain the headcount variance vs plan,SUCCESS,22.2,"Ops Jun variance was $3,354,370 vs plan",2026-03-17T16:37:31Z
r44-0000735,jjohnson@summithealthpartners.com,Headcount Planner,Reconcile AP aging over 90 days for EU-04,SUCCESS,29.5,"FP&A Jun variance was $2,390,058 vs plan",2026-03-17T07:56:33Z
r44-0000736,jwilliams@summithealthpartners.com,Flux Commentary,Forecast Jan operating cash flow,SUCCESS,32.3,"FP&A Jan variance was $1,870,380 vs plan",2026-03-17T07:00:06Z
r44-0000737,jdavis@summithealthpartners.com,Vendor Spend Analyzer,Build the board deck cash slide for Jan,SUCCESS,1.3,error: connection reset by peer,2026-03-17T12:16:52Z
r44-0000738,amoore@summithealthpartners.com,Headcount Planner,What drove the change in gross margin this quarter?,SUCCESS,27.8,"FP&A Mar variance was $1,335,299 vs plan",2026-03-17T12:17:50Z
r44-0000739,pmartin@summithealthpartners.com,Budget vs Actual,Build the board deck cash slide for Mar,PARTIAL,21.3,"Treasury Mar variance was $3,060,649 vs plan",2026-03-17T13:19:40Z
r44-0000740,jjohnson@summithealthpartners.com,Variance Explainer,Check covenant compliance for the revolver,SUCCESS,25.3,"Treasury Feb variance was $1,684,422 vs plan",2026-03-17T06:02:05Z
r44-0000741,pmartin@summithealthpartners.com,Board Deck Builder,Check covenant compliance for the revolver,SUCCESS,56.6,"Accounting Apr variance was $1,398,659 vs plan",2026-03-17T11:26:27Z
r44-0000742,jlewis@summithealthpartners.com,Cash Forecaster,Check covenant compliance for the revolver,SUCCESS,70.3,"Accounting Jan variance was $3,496,725 vs plan",2026-03-17T15:47:54Z
r44-0000743,pmartin@summithealthpartners.com,Headcount Planner,Build the board deck cash slide for Jun,SUCCESS,46.4,"Treasury Jun variance was $1,171,835 vs plan",2026-03-17T13:53:38Z
r44-0000744,nnguyen@summithealthpartners.com,Flux Commentary,Draft flux commentary for the Jan close,SUCCESS,1.5,ERROR: upstream request timed out,2026-03-17T13:02:40Z
r44-0000745,pmartin@summithealthpartners.com,Headcount Planner,What drove the change in gross margin this quarter?,SUCCESS,27.9,"Treasury Jun variance was $3,156,629 vs plan",2026-03-17T09:59:10Z
r44-0000746,pmartin@summithealthpartners.com,Vendor Spend Analyzer,Draft flux commentary for the Apr close,SUCCESS,26.8,"Ops Apr variance was $3,873,041 vs plan",2026-03-17T11:38:34Z
r44-0000747,amoore@summithealthpartners.com,Budget vs Actual,Build the board deck cash slide for Feb,PARTIAL,42.3,"Ops Feb variance was $212,790 vs plan",2026-03-17T15:10:46Z
r44-0000748,pmartin@summithealthpartners.com,Board Deck Builder,Forecast Jun operating cash flow,SUCCESS,62.9,"Treasury Jun variance was $180,778 vs plan",2026-03-17T12:18:03Z
r44-0000749,jwilson@summithealthpartners.com,Covenant Checker,Why did FP&A spend exceed budget in Apr?,SUCCESS,28.3,"FP&A Apr variance was $4,178,717 vs plan",2026-03-17T17:36:33Z
r44-0000750,jwilson@summithealthpartners.com,Close Checklist Bot,Draft flux commentary for the Jan close,SUCCESS,5.5,"Treasury Jan variance was $1,759,941 vs plan",2026-03-17T10:07:25Z
r44-0000751,pmartin@summithealthpartners.com,Journal Entry Reviewer,Which cost centers are over budget YTD?,SUCCESS,49.1,"FP&A May variance was $2,605,822 vs plan",2026-03-17T13:01:07Z
r44-0000752,pmartin@summithealthpartners.com,Close Checklist Bot,Which cost centers are over budget YTD?,SUCCESS,7.6,"FP&A Jan variance was $4,049,251 vs plan",2026-03-17T16:43:55Z
r44-0000753,prodriguez@summithealthpartners.com,Variance Explainer,Draft flux commentary for the Apr close,SUCCESS,29.7,"Treasury Apr variance was $2,430,397 vs plan",2026-03-17T09:40:16Z
r44-0000754,pmartin@summithealthpartners.com,Flux Commentary,What drove the change in gross margin this quarter?,SUCCESS,35.2,"FP&A Mar variance was $787,196 vs plan",2026-03-17T19:03:44Z
r44-0000755,mharris@summithealthpartners.com,Revenue Recognizer,Forecast May operating cash flow,PARTIAL,18.1,"Accounting May variance was $4,531,371 vs plan",2026-03-17T10:51:43Z
r44-0000756,mlewis@summithealthpartners.com,Budget vs Actual,Check covenant compliance for the revolver,PARTIAL,64.7,"Treasury Feb variance was $423,679 vs plan",2026-03-17T09:46:01Z
r44-0000757,amoore@summithealthpartners.com,Vendor Spend Analyzer,Build the board deck cash slide for Jan,SUCCESS,60.2,"FP&A Jan variance was $3,329,100 vs plan",2026-03-17T11:55:55Z
r44-0000758,pmartin@summithealthpartners.com,Board Deck Builder,Explain the headcount variance vs plan,SUCCESS,74.7,"Ops Jun variance was $3,434,900 vs plan",2026-03-17T12:42:55Z
r44-0000759,amoore@summithealthpartners.com,Vendor Spend Analyzer,Forecast Jun operating cash flow,PARTIAL,21.9,"Treasury Jun variance was $2,861,524 vs plan",2026-03-17T11:58:36Z
r44-0000760,amoore@summithealthpartners.com,Budget vs Actual,Draft flux commentary for the Jun close,SUCCESS,64.1,"Treasury Jun variance was $2,466,288 vs plan",2026-03-17T11:05:20Z
r44-0000761,pmartin@summithealthpartners.com,Vendor Spend Analyzer,Build the board deck cash slide for Apr,SUCCESS,35.2,"Treasury Apr variance was $801,415 vs plan",2026-03-17T15:37:46Z
r44-0000762,amoore@summithealthpartners.com,AP Aging Analyst,Which cost centers are over budget YTD?,SUCCESS,21.2,"Accounting May variance was $2,803,100 vs plan",2026-03-17T11:10:33Z
r44-0000763,amoore@summithealthpartners.com,AP Aging Analyst,Explain the headcount variance vs plan,SUCCESS,11.7,"Ops Mar variance was $4,024,188 vs plan",2026-03-17T14:25:14Z
r44-0000764,pmartin@summithealthpartners.com,Covenant Checker,What drove the change in gross margin this quarter?,SUCCESS,0.8,ERROR: upstream request timed out,2026-03-17T11:09:45Z
r44-0000765,pmartin@summithealthpartners.com,Close Checklist Bot,Reconcile AP aging over 90 days for EU-02,SUCCESS,13.7,"Ops May variance was $148,462 vs plan",2026-03-17T14:21:25Z
r44-0000766,bjones@summithealthpartners.com,Board Deck Builder,Which cost centers are over budget YTD?,SUCCESS,49.6,"Accounting Apr variance was $1,513,125 vs plan",2026-03-17T13:53:20Z
r44-0000767,bjones@summithealthpartners.com,Covenant Checker,Summarize the May variance for entity MX-01,PARTIAL,56.9,"Accounting May variance was $1,783,339 vs plan",2026-03-17T15:01:34Z
r44-0000768,pmartin@summithealthpartners.com,Covenant Checker,Which cost centers are over budget YTD?,SUCCESS,69.1,"Accounting Feb variance was $2,141,744 vs plan",2026-03-17T17:42:55Z
r44-0000769,prodriguez@summithealthpartners.com,Budget vs Actual,Why did Treasury spend exceed budget in Jun?,SUCCESS,10.6,"Treasury Jun variance was $1,852,788 vs plan",2026-03-17T14:11:12Z
r44-0000770,jnguyen@summithealthpartners.com,Headcount Planner,What drove the change in gross margin this quarter?,SUCCESS,6.9,"Accounting Apr variance was $3,368,730 vs plan",2026-03-17T18:16:48Z
r44-0000771,bjones@summithealthpartners.com,Flux Commentary,Forecast Mar operating cash flow,SUCCESS,16.4,"Ops Mar variance was $2,539,669 vs plan",2026-03-17T13:22:26Z
r44-0000772,jnguyen@summithealthpartners.com,AP Aging Analyst,Check covenant compliance for the revolver,PARTIAL,61.0,"Ops May variance was $3,758,894 vs plan",2026-03-17T14:59:29Z
r44-0000773,pmartin@summithealthpartners.com,Vendor Spend Analyzer,What drove the change in gross margin this quarter?,SUCCESS,50.2,"FP&A Feb variance was $2,895,772 vs plan",2026-03-17T12:47:26Z
r44-0000774,bjones@summithealthpartners.com,Journal Entry Reviewer,Explain the headcount variance vs plan,SUCCESS,29.6,"Accounting Apr variance was $806,473 vs plan",2026-03-17T07:45:02Z
r44-0000775,bjones@summithealthpartners.com,Variance Explainer,Forecast May operating cash flow,SUCCESS,27.6,"Accounting May variance was $4,249,006 vs plan",2026-03-17T11:22:01Z
r44-0000776,dlopez2@summithealthpartners.com,Vendor Spend Analyzer,Reconcile AP aging over 90 days for EU-02,SUCCESS,6.9,"Accounting Mar variance was $165,968 vs plan",2026-03-17T11:23:06Z
r44-0000777,bjones@summithealthpartners.com,Headcount Planner,Reconcile AP aging over 90 days for US-07,SUCCESS,14.2,"Ops Apr variance was $4,631,123 vs plan",2026-03-17T13:53:24Z
r44-0000778,jdavis@summithealthpartners.com,Variance Explainer,Summarize the Apr variance for entity US-03,SUCCESS,8.0,"Accounting Apr variance was $1,682,327 vs plan",2026-03-18T12:55:32Z
r44-0000779,amoore@summithealthpartners.com,AP Aging Analyst,What drove the change in gross margin this quarter?,PARTIAL,57.5,"Ops Feb variance was $418,689 vs plan",2026-03-18T14:19:17Z
r44-0000780,bjones@summithealthpartners.com,Revenue Recognizer,Which cost centers are over budget YTD?,SUCCESS,73.6,"FP&A Feb variance was $178,085 vs plan",2026-03-18T06:27:29Z
r44-0000781,jwilliams@summithealthpartners.com,Journal Entry Reviewer,Why did Ops spend exceed budget in May?,SUCCESS,16.6,"Ops May variance was $3,392,584 vs plan",2026-03-18T15:43:49Z
r44-0000782,pmartin@summithealthpartners.com,Cash Forecaster,Forecast Jun operating cash flow,SUCCESS,1.7,error: connection reset by peer,2026-03-18T15:42:04Z
r44-0000783,bjones@summithealthpartners.com,Cash Forecaster,Explain the headcount variance vs plan,SUCCESS,21.2,"Ops Apr variance was $3,102,281 vs plan",2026-03-18T12:43:45Z
r44-0000784,amoore@summithealthpartners.com,Revenue Recognizer,Forecast Jun operating cash flow,SUCCESS,0.9,Traceback (most recent call last): KeyError 'entity',2026-03-18T15:17:19Z
r44-0000785,bjones@summithealthpartners.com,Close Checklist Bot,Which cost centers are over budget YTD?,SUCCESS,51.8,"Accounting Apr variance was $2,215,574 vs plan",2026-03-18T15:05:40Z
r44-0000786,pmartin@summithealthpartners.com,Variance Explainer,Summarize the Jun variance for entity CA-01,SUCCESS,46.3,"FP&A Jun variance was $4,768,262 vs plan",2026-03-18T10:50:18Z
r44-0000787,jjohnson@summithealthpartners.com,Close Checklist Bot,Which cost centers are over budget YTD?,PARTIAL,12.6,"Accounting Apr variance was $1,066,266 vs plan",2026-03-18T09:46:58Z
r44-0000788,bjones@summithealthpartners.com,Vendor Spend Analyzer,Draft flux commentary for the Mar close,PARTIAL,42.6,"Treasury Mar variance was $2,698,277 vs plan",2026-03-18T09:23:25Z
r44-0000789,pmartin@summithealthpartners.com,Variance Explainer,Which cost centers are over budget YTD?,SUCCESS,72.6,"Ops Feb variance was $770,178 vs plan",2026-03-18T11:38:24Z
r44-0000790,pmartin@summithealthpartners.com,Headcount Planner,Build the board deck cash slide for Mar,PARTIAL,10.9,"Accounting Mar variance was $1,835,311 vs plan",2026-03-18T13:11:48Z
r44-0000791,kperez@summithealthpartners.com,Journal Entry Reviewer,Summarize the Feb variance for entity MX-04,SUCCESS,12.1,"FP&A Feb variance was $1,915,495 vs plan",2026-03-18T07:05:49Z
r44-0000792,jjohnson@summithealthpartners.com,Flux Commentary,Reconcile AP aging over 90 days for US-07,SUCCESS,32.7,"Ops Mar variance was $4,182,972 vs plan",2026-03-18T10:40:21Z
r44-0000793,jnguyen@summithealthpartners.com,Close Checklist Bot,Why did Ops spend exceed budget in Jan?,PARTIAL,35.7,"Ops Jan variance was $1,532,028 vs plan",2026-03-18T08:28:20Z
r44-0000794,sdavis@summithealthpartners.com,Budget vs Actual,Why did FP&A spend exceed budget in Apr?,SUCCESS,67.9,"FP&A Apr variance was $1,057,231 vs plan",2026-03-18T09:38:58Z
r44-0000795,kperez@summithealthpartners.com,Headcount Planner,Explain the headcount variance vs plan,SUCCESS,37.4,"Accounting May variance was $828,848 vs plan",2026-03-18T13:56:14Z
r44-0000796,pmartin@summithealthpartners.com,Cash Forecaster,Build the board deck cash slide for Mar,SUCCESS,7.4,"Treasury Mar variance was $441,977 vs plan",2026-03-18T11:32:23Z
r44-0000797,jnguyen@summithealthpartners.com,Flux Commentary,Summarize the Mar variance for entity MX-01,PARTIAL,49.3,"Treasury Mar variance was $1,857,286 vs plan",2026-03-18T13:04:58Z
r44-0000798,pmartin@summithealthpartners.com,Close Checklist Bot,Why did FP&A spend exceed budget in May?,PARTIAL,34.7,"FP&A May variance was $1,233,683 vs plan",2026-03-18T14:40:37Z
r44-0000799,mlewis@summithealthpartners.com,Cash Forecaster,Reconcile AP aging over 90 days for EU-07,SUCCESS,68.6,"Treasury May variance was $222,598 vs plan",2026-03-18T13:23:56Z
r44-0000800,jwilson@summithealthpartners.com,Budget vs Actual,Explain the headcount variance vs plan,SUCCESS,10.9,"Treasury May variance was $3,256,226 vs plan",2026-03-18T12:06:14Z
r44-0000801,pmartin@summithealthpartners.com,Board Deck Builder,Draft flux commentary for the Mar close,FAIL,1.4,FAILED: null reference in aggregation step,2026-03-18T17:42:38Z
r44-0000802,jnguyen@summithealthpartners.com,Vendor Spend Analyzer,Why did FP&A spend exceed budget in Jan?,SUCCESS,62.7,"FP&A Jan variance was $2,350,075 vs plan",2026-03-18T13:18:38Z
r44-0000803,jnguyen@summithealthpartners.com,AP Aging Analyst,Explain the headcount variance vs plan,PARTIAL,55.5,"Accounting Jan variance was $3,568,902 vs plan",2026-03-18T12:12:43Z
r44-0000804,pmartin@summithealthpartners.com,Journal Entry Reviewer,Forecast May operating cash flow,SUCCESS,74.2,"Accounting May variance was $3,441,031 vs plan",2026-03-18T12:22:21Z
r44-0000805,mlewis@summithealthpartners.com,Budget vs Actual,Summarize the May variance for entity EU-05,SUCCESS,21.6,"FP&A May variance was $1,892,117 vs plan",2026-03-18T15:59:19Z
r44-0000806,pmartin@summithealthpartners.com,Vendor Spend Analyzer,What drove the change in gross margin this quarter?,SUCCESS,20.2,"FP&A Jun variance was $1,866,347 vs plan",2026-03-18T17:46:55Z
r44-0000807,amoore@summithealthpartners.com,Variance Explainer,Build the board deck cash slide for Jun,SUCCESS,20.5,"Treasury Jun variance was $3,762,832 vs plan",2026-03-18T15:35:49Z
r44-0000808,pmartin@summithealthpartners.com,Covenant Checker,Draft flux commentary for the Apr close,FAIL,6.3,FAILED: null reference in aggregation step,2026-03-18T11:17:19Z
r44-0000809,jjohnson@summithealthpartners.com,Journal Entry Reviewer,Check covenant compliance for the revolver,SUCCESS,54.8,"Treasury Apr variance was $1,023,959 vs plan",2026-03-18T09:17:43Z
r44-0000810,pmartin@summithealthpartners.com,Journal Entry Reviewer,Why did Accounting spend exceed budget in Jun?,SUCCESS,29.1,"Accounting Jun variance was $990,841 vs plan",2026-03-18T14:49:56Z
r44-0000811,pmartin@summithealthpartners.com,Board Deck Builder,What drove the change in gross margin this quarter?,SUCCESS,26.1,"FP&A Jan variance was $2,134,782 vs plan",2026-03-18T18:11:48Z
r44-0000812,sbrown@summithealthpartners.com,Close Checklist Bot,Forecast Jan operating cash flow,SUCCESS,22.3,"Ops Jan variance was $1,022,186 vs plan",2026-03-18T16:33:22Z
r44-0000813,bjones@summithealthpartners.com,Cash Forecaster,Summarize the Mar variance for entity MX-04,SUCCESS,21.1,"Ops Mar variance was $3,106,832 vs plan",2026-03-18T12:20:44Z
r44-0000814,amoore@summithealthpartners.com,Board Deck Builder,Check covenant compliance for the revolver,SUCCESS,49.0,"FP&A Jan variance was $1,740,657 vs plan",2026-03-18T13:45:31Z
r44-0000815,prodriguez@summithealthpartners.com,Revenue Recognizer,Which cost centers are over budget YTD?,SUCCESS,34.0,"Accounting Jan variance was $157,242 vs plan",2026-03-18T17:19:05Z
r44-0000816,pmartin@summithealthpartners.com,AP Aging Analyst,Build the board deck cash slide for Feb,SUCCESS,42.4,"FP&A Feb variance was $1,930,136 vs plan",2026-03-18T11:56:11Z
r44-0000817,amoore@summithealthpartners.com,Budget vs Actual,Summarize the Jan variance for entity CA-08,SUCCESS,11.8,"Accounting Jan variance was $3,418,658 vs plan",2026-03-18T13:10:29Z
r44-0000818,pmartin@summithealthpartners.com,Close Checklist Bot,Forecast Jan operating cash flow,SUCCESS,0.8,error: connection reset by peer,2026-03-18T14:16:36Z
r44-0000819,pmartin@summithealthpartners.com,Close Checklist Bot,Check covenant compliance for the revolver,SUCCESS,40.3,"FP&A Jan variance was $4,635,181 vs plan",2026-03-18T13:31:05Z
r44-0000820,pmartin@summithealthpartners.com,Board Deck Builder,Which cost centers are over budget YTD?,SUCCESS,73.3,"FP&A May variance was $1,011,442 vs plan",2026-03-18T17:01:42Z
r44-0000821,amoore@summithealthpartners.com,Variance Explainer,Draft flux commentary for the Feb close,SUCCESS,9.4,"FP&A Feb variance was $461,245 vs plan",2026-03-18T10:51:57Z
r44-0000822,pmartin@summithealthpartners.com,AP Aging Analyst,Why did Ops spend exceed budget in May?,SUCCESS,6.9,"Ops May variance was $656,330 vs plan",2026-03-19T16:48:34Z
r44-0000823,pmartin@summithealthpartners.com,AP Aging Analyst,Check covenant compliance for the revolver,SUCCESS,47.8,"Treasury Apr variance was $1,539,957 vs plan",2026-03-19T19:08:48Z
r44-0000824,pmartin@summithealthpartners.com,Journal Entry Reviewer,Which cost centers are over budget YTD?,SUCCESS,58.6,"Ops May variance was $3,372,795 vs plan",2026-03-19T13:18:42Z
r44-0000825,sdavis@summithealthpartners.com,Journal Entry Reviewer,Draft flux commentary for the Feb close,SUCCESS,22.0,"Ops Feb variance was $1,537,720 vs plan",2026-03-19T10:43:28Z
r44-0000826,jlewis@summithealthpartners.com,Flux Commentary,Build the board deck cash slide for Mar,SUCCESS,59.1,"Accounting Mar variance was $4,209,016 vs plan",2026-03-19T17:01:38Z
r44-0000827,jdavis@summithealthpartners.com,Budget vs Actual,Which cost centers are over budget YTD?,SUCCESS,4.9,"Treasury Jun variance was $2,515,101 vs plan",2026-03-19T12:26:51Z
r44-0000828,amoore@summithealthpartners.com,Flux Commentary,Which cost centers are over budget YTD?,SUCCESS,72.5,"Treasury Apr variance was $2,122,038 vs plan",2026-03-19T11:57:37Z
r44-0000829,amoore@summithealthpartners.com,Vendor Spend Analyzer,Which cost centers are over budget YTD?,SUCCESS,6.6,"Accounting Jan variance was $3,976,776 vs plan",2026-03-19T15:53:56Z
r44-0000830,jnguyen@summithealthpartners.com,Budget vs Actual,Forecast Mar operating cash flow,SUCCESS,65.7,"Ops Mar variance was $846,610 vs plan",2026-03-19T11:35:16Z
r44-0000831,amoore@summithealthpartners.com,Revenue Recognizer,Explain the headcount variance vs plan,SUCCESS,55.5,"Treasury Apr variance was $2,479,834 vs plan",2026-03-19T14:08:37Z
r44-0000832,pmartin@summithealthpartners.com,Board Deck Builder,Why did FP&A spend exceed budget in May?,SUCCESS,39.7,"FP&A May variance was $1,161,720 vs plan",2026-03-19T14:09:21Z
r44-0000833,jlewis@summithealthpartners.com,Journal Entry Reviewer,Which cost centers are over budget YTD?,SUCCESS,3.6,"FP&A Feb variance was $3,658,718 vs plan",2026-03-19T07:38:42Z
r44-0000834,pmartin@summithealthpartners.com,Vendor Spend Analyzer,Build the board deck cash slide for Mar,SUCCESS,24.8,"Treasury Mar variance was $3,851,408 vs plan",2026-03-19T14:10:33Z
r44-0000835,pmartin@summithealthpartners.com,Journal Entry Reviewer,Reconcile AP aging over 90 days for CA-07,SUCCESS,65.5,"Ops Jan variance was $1,802,790 vs plan",2026-03-19T09:49:50Z
r44-0000836,nhaddad@summithealthpartners.com,Budget vs Actual,Why did Ops spend exceed budget in Feb?,SUCCESS,30.6,"Ops Feb variance was $3,413,661 vs plan",2026-03-19T14:25:13Z
r44-0000837,jwilliams@summithealthpartners.com,Headcount Planner,Check covenant compliance for the revolver,SUCCESS,67.5,"Treasury Feb variance was $4,197,233 vs plan",2026-03-19T10:07:53Z
r44-0000838,sdavis@summithealthpartners.com,Revenue Recognizer,Forecast Feb operating cash flow,SUCCESS,16.7,"Accounting Feb variance was $3,720,665 vs plan",2026-03-19T15:48:04Z
r44-0000839,pmartin@summithealthpartners.com,Vendor Spend Analyzer,What drove the change in gross margin this quarter?,FAIL,6.5,ERROR: upstream request timed out,2026-03-19T11:22:29Z
r44-0000840,pmartin@summithealthpartners.com,Journal Entry Reviewer,Why did Ops spend exceed budget in May?,SUCCESS,26.8,"Ops May variance was $445,234 vs plan",2026-03-19T12:28:35Z
r44-0000841,kperez@summithealthpartners.com,Vendor Spend Analyzer,Forecast May operating cash flow,SUCCESS,23.5,"Ops May variance was $3,256,147 vs plan",2026-03-19T13:08:08Z
r44-0000842,jjohnson@summithealthpartners.com,Revenue Recognizer,Draft flux commentary for the Jun close,SUCCESS,39.7,"Treasury Jun variance was $1,554,764 vs plan",2026-03-19T13:16:55Z
r44-0000843,jnguyen@summithealthpartners.com,Flux Commentary,Why did Treasury spend exceed budget in Mar?,SUCCESS,9.1,"Treasury Mar variance was $3,978,223 vs plan",2026-03-19T11:34:43Z
r44-0000844,pmartin@summithealthpartners.com,AP Aging Analyst,Summarize the Feb variance for entity CA-09,SUCCESS,57.6,"Accounting Feb variance was $1,258,731 vs plan",2026-03-19T11:19:18Z
r44-0000845,bjones@summithealthpartners.com,Journal Entry Reviewer,Explain the headcount variance vs plan,FAIL,7.8,ERROR: upstream request timed out,2026-03-19T09:49:38Z
r44-0000846,pmartin@summithealthpartners.com,Revenue Recognizer,Which cost centers are over budget YTD?,SUCCESS,62.4,"Accounting Mar variance was $1,976,957 vs plan",2026-03-19T14:07:49Z
r44-0000847,pmartin@summithealthpartners.com,Flux Commentary,Build the board deck cash slide for Apr,SUCCESS,54.2,"Accounting Apr variance was $3,866,027 vs plan",2026-03-19T11:23:41Z
r44-0000848,mlewis@summithealthpartners.com,Close Checklist Bot,Build the board deck cash slide for Jun,FAIL,2.2,FAILED: null reference in aggregation step,2026-03-19T11:47:53Z
r44-0000849,amoore@summithealthpartners.com,Revenue Recognizer,Why did Treasury spend exceed budget in Mar?,SUCCESS,32.3,"Treasury Mar variance was $1,547,053 vs plan",2026-03-19T10:25:22Z
r44-0000850,amoore@summithealthpartners.com,Budget vs Actual,Why did FP&A spend exceed budget in Feb?,FAIL,4.1,ERROR: upstream request timed out,2026-03-19T09:12:23Z
r44-0000851,bjones@summithealthpartners.com,Budget vs Actual,Reconcile AP aging over 90 days for CA-07,SUCCESS,33.4,"FP&A Mar variance was $2,419,272 vs plan",2026-03-19T11:01:29Z
r44-0000852,amoore@summithealthpartners.com,AP Aging Analyst,Explain the headcount variance vs plan,SUCCESS,74.5,"Accounting May variance was $4,527,906 vs plan",2026-03-19T13:12:56Z
r44-0000853,sbrown@summithealthpartners.com,Close Checklist Bot,Which cost centers are over budget YTD?,SUCCESS,0.6,Traceback (most recent call last): KeyError 'entity',2026-03-19T08:31:56Z
r44-0000854,pmartin@summithealthpartners.com,Journal Entry Reviewer,What drove the change in gross margin this quarter?,SUCCESS,59.3,"Ops May variance was $3,345,909 vs plan",2026-03-19T14:54:22Z
r44-0000855,pmartin@summithealthpartners.com,Journal Entry Reviewer,Which cost centers are over budget YTD?,SUCCESS,68.7,"Accounting Jun variance was $454,722 vs plan",2026-03-19T12:45:27Z
r44-0000856,kperez@summithealthpartners.com,Board Deck Builder,Explain the headcount variance vs plan,SUCCESS,60.6,"Ops Jan variance was $3,604,073 vs plan",2026-03-19T19:12:37Z
r44-0000857,mlewis@summithealthpartners.com,Board Deck Builder,Summarize the Mar variance for entity EU-01,SUCCESS,63.5,"Accounting Mar variance was $3,989,187 vs plan",2026-03-19T13:18:15Z
r44-0000858,amoore@summithealthpartners.com,Covenant Checker,Reconcile AP aging over 90 days for CA-01,SUCCESS,44.4,"Treasury May variance was $4,605,254 vs plan",2026-03-19T15:59:42Z
r44-0000859,jnguyen@summithealthpartners.com,Journal Entry Reviewer,Forecast May operating cash flow,PARTIAL,44.7,"Accounting May variance was $2,552,565 vs plan",2026-03-19T12:19:25Z
r44-0000860,pmartin@summithealthpartners.com,Close Checklist Bot,Forecast Jun operating cash flow,SUCCESS,7.3,"Ops Jun variance was $1,901,764 vs plan",2026-03-19T15:19:49Z
r44-0000861,bjones@summithealthpartners.com,Cash Forecaster,Draft flux commentary for the Jun close,SUCCESS,55.7,"Accounting Jun variance was $2,329,810 vs plan",2026-03-19T18:35:33Z
r44-0000862,jjohnson@summithealthpartners.com,Board Deck Builder,Forecast Mar operating cash flow,SUCCESS,16.4,"Accounting Mar variance was $419,215 vs plan",2026-03-19T16:23:24Z
r44-0000863,mharris@summithealthpartners.com,Close Checklist Bot,Draft flux commentary for the Jan close,SUCCESS,68.5,"Accounting Jan variance was $824,226 vs plan",2026-03-19T14:10:17Z
r44-0000864,pmartin@summithealthpartners.com,Journal Entry Reviewer,Check covenant compliance for the revolver,SUCCESS,66.5,"FP&A Feb variance was $3,206,330 vs plan",2026-03-19T15:49:55Z
r44-0000865,jlewis@summithealthpartners.com,Cash Forecaster,Forecast Feb operating cash flow,SUCCESS,31.4,"Accounting Feb variance was $4,059,491 vs plan",2026-03-19T12:04:20Z
r44-0000866,amoore@summithealthpartners.com,AP Aging Analyst,Why did Ops spend exceed budget in Mar?,SUCCESS,1.5,error code 502 from model gateway,2026-03-19T14:35:16Z
r44-0000867,jjohnson@summithealthpartners.com,Journal Entry Reviewer,Draft flux commentary for the May close,SUCCESS,65.1,"Accounting May variance was $2,982,756 vs plan",2026-03-19T19:09:15Z
r44-0000868,nnguyen@summithealthpartners.com,Budget vs Actual,Reconcile AP aging over 90 days for CA-04,SUCCESS,62.6,"Accounting Jan variance was $848,909 vs plan",2026-03-19T15:06:23Z
r44-0000869,jnguyen@summithealthpartners.com,Journal Entry Reviewer,Build the board deck cash slide for Feb,SUCCESS,1.3,FAILED: null reference in aggregation step,2026-03-19T11:47:32Z
r44-0000870,pmartin@summithealthpartners.com,Flux Commentary,Check covenant compliance for the revolver,SUCCESS,16.7,"FP&A Feb variance was $1,040,771 vs plan",2026-03-19T17:03:48Z
r44-0000871,bjones@summithealthpartners.com,Cash Forecaster,Forecast Mar operating cash flow,SUCCESS,27.7,"Treasury Mar variance was $3,355,633 vs plan",2026-03-19T11:26:57Z
r44-0000872,prodriguez@summithealthpartners.com,Headcount Planner,Summarize the Jan variance for entity EU-01,SUCCESS,73.5,"FP&A Jan variance was $393,734 vs plan",2026-03-20T12:20:28Z
r44-0000873,bjones@summithealthpartners.com,AP Aging Analyst,Why did FP&A spend exceed budget in Jun?,SUCCESS,69.7,"FP&A Jun variance was $4,556,126 vs plan",2026-03-20T17:12:22Z
r44-0000874,jjohnson@summithealthpartners.com,Flux Commentary,Why did Ops spend exceed budget in Apr?,PARTIAL,58.6,"Ops Apr variance was $3,942,452 vs plan",2026-03-20T15:28:16Z
r44-0000875,jnguyen@summithealthpartners.com,Vendor Spend Analyzer,Which cost centers are over budget YTD?,SUCCESS,72.7,"Accounting Jun variance was $205,620 vs plan",2026-03-20T12:36:21Z
r44-0000876,jjohnson@summithealthpartners.com,Cash Forecaster,Explain the headcount variance vs plan,SUCCESS,17.8,"Ops Feb variance was $3,431,732 vs plan",2026-03-20T17:43:20Z
r44-0000877,jnguyen@summithealthpartners.com,Budget vs Actual,Forecast Mar operating cash flow,SUCCESS,7.6,"FP&A Mar variance was $1,040,607 vs plan",2026-03-20T16:22:41Z
r44-0000878,pmartin@summithealthpartners.com,Covenant Checker,Forecast Feb operating cash flow,PARTIAL,64.7,"Treasury Feb variance was $4,642,398 vs plan",2026-03-20T15:59:52Z
r44-0000879,pmartin@summithealthpartners.com,Headcount Planner,Reconcile AP aging over 90 days for MX-09,SUCCESS,3.3,"Accounting Mar variance was $78,786 vs plan",2026-03-20T17:06:05Z
r44-0000880,jnguyen@summithealthpartners.com,Covenant Checker,Draft flux commentary for the Jan close,SUCCESS,68.9,"Treasury Jan variance was $916,024 vs plan",2026-03-20T18:11:21Z
r44-0000881,pmartin@summithealthpartners.com,Close Checklist Bot,Draft flux commentary for the Jan close,SUCCESS,57.2,"Accounting Jan variance was $1,427,125 vs plan",2026-03-20T14:31:41Z
r44-0000882,amoore@summithealthpartners.com,Revenue Recognizer,Why did Ops spend exceed budget in Mar?,SUCCESS,1.7,error: connection reset by peer,2026-03-20T13:46:14Z
r44-0000883,amoore@summithealthpartners.com,Vendor Spend Analyzer,Summarize the Mar variance for entity MX-04,SUCCESS,42.5,"FP&A Mar variance was $1,744,974 vs plan",2026-03-20T12:02:17Z
r44-0000884,amoore@summithealthpartners.com,Cash Forecaster,Forecast Mar operating cash flow,PARTIAL,64.8,"Ops Mar variance was $3,775,916 vs plan",2026-03-20T14:55:24Z
r44-0000885,amoore@summithealthpartners.com,AP Aging Analyst,Reconcile AP aging over 90 days for US-05,FAIL,6.2,Traceback (most recent call last): KeyError 'entity',2026-03-20T13:25:30Z
r44-0000886,pmartin@summithealthpartners.com,Headcount Planner,Which cost centers are over budget YTD?,SUCCESS,21.0,"Accounting Mar variance was $1,373,163 vs plan",2026-03-20T11:34:58Z
r44-0000887,pmartin@summithealthpartners.com,Covenant Checker,Reconcile AP aging over 90 days for EU-08,FAIL,6.5,FAILED: null reference in aggregation step,2026-03-20T14:35:50Z
r44-0000888,jnguyen@summithealthpartners.com,AP Aging Analyst,Which cost centers are over budget YTD?,SUCCESS,25.5,"Ops Feb variance was $1,404,908 vs plan",2026-03-20T11:22:28Z
r44-0000889,amoore@summithealthpartners.com,Headcount Planner,Draft flux commentary for the May close,SUCCESS,52.7,"FP&A May variance was $3,476,322 vs plan",2026-03-20T09:06:00Z
r44-0000890,amoore@summithealthpartners.com,Revenue Recognizer,Build the board deck cash slide for May,SUCCESS,54.8,"Treasury May variance was $50,371 vs plan",2026-03-20T08:32:21Z
r44-0000891,mlewis@summithealthpartners.com,Revenue Recognizer,What drove the change in gross margin this quarter?,SUCCESS,15.0,"FP&A Apr variance was $1,558,067 vs plan",2026-03-20T14:48:48Z
r44-0000892,jnguyen@summithealthpartners.com,Covenant Checker,Summarize the Jan variance for entity MX-01,SUCCESS,0.3,ERROR: upstream request timed out,2026-03-20T14:57:42Z
r44-0000893,jjohnson@summithealthpartners.com,Close Checklist Bot,What drove the change in gross margin this quarter?,SUCCESS,27.0,"Accounting Mar variance was $1,528,112 vs plan",2026-03-20T12:00:37Z
r44-0000894,pmartin@summithealthpartners.com,AP Aging Analyst,What drove the change in gross margin this quarter?,SUCCESS,21.0,"Treasury Jun variance was $2,989,573 vs plan",2026-03-20T10:35:21Z
r44-0000895,prodriguez@summithealthpartners.com,Cash Forecaster,Check covenant compliance for the revolver,SUCCESS,52.7,"Ops Jan variance was $1,623,317 vs plan",2026-03-20T17:01:31Z
r44-0000896,amoore@summithealthpartners.com,Variance Explainer,Check covenant compliance for the revolver,SUCCESS,44.0,"Accounting Jan variance was $987,767 vs plan",2026-03-20T13:39:33Z
r44-0000897,amoore@summithealthpartners.com,Flux Commentary,Forecast Feb operating cash flow,PARTIAL,33.9,"Ops Feb variance was $3,002,544 vs plan",2026-03-20T13:40:32Z
r44-0000898,bjones@summithealthpartners.com,Cash Forecaster,What drove the change in gross margin this quarter?,SUCCESS,4.3,"Accounting May variance was $294,968 vs plan",2026-03-20T08:46:43Z
r44-0000899,amoore@summithealthpartners.com,Variance Explainer,Check covenant compliance for the revolver,SUCCESS,41.4,"Ops Feb variance was $1,845,666 vs plan",2026-03-20T10:58:53Z
r44-0000900,amoore@summithealthpartners.com,Variance Explainer,Which cost centers are over budget YTD?,SUCCESS,34.0,"Accounting Apr variance was $4,399,638 vs plan",2026-03-20T11:34:41Z
r44-0000901,pmartin@summithealthpartners.com,Board Deck Builder,Which cost centers are over budget YTD?,SUCCESS,17.3,"Ops Mar variance was $1,988,227 vs plan",2026-03-20T15:35:24Z
r44-0000902,sdavis@summithealthpartners.com,Variance Explainer,Explain the headcount variance vs plan,SUCCESS,48.4,"FP&A Feb variance was $2,437,177 vs plan",2026-03-20T10:34:41Z
r44-0000903,jdavis@summithealthpartners.com,Close Checklist Bot,Build the board deck cash slide for Feb,SUCCESS,72.3,"Accounting Feb variance was $4,677,320 vs plan",2026-03-20T15:50:33Z
r44-0000904,pmartin@summithealthpartners.com,AP Aging Analyst,Forecast May operating cash flow,SUCCESS,35.6,"Accounting May variance was $3,575,933 vs plan",2026-03-20T18:19:31Z
r44-0000905,jdavis@summithealthpartners.com,Variance Explainer,Build the board deck cash slide for Apr,SUCCESS,48.0,"Ops Apr variance was $963,780 vs plan",2026-03-20T09:43:31Z
r44-0000906,prodriguez@summithealthpartners.com,Flux Commentary,Which cost centers are over budget YTD?,SUCCESS,17.8,"Accounting Jan variance was $3,395,985 vs plan",2026-03-20T11:34:14Z
r44-0000907,jjohnson@summithealthpartners.com,AP Aging Analyst,What drove the change in gross margin this quarter?,SUCCESS,48.3,"Ops Jun variance was $3,736,393 vs plan",2026-03-20T13:40:28Z
r44-0000908,amoore@summithealthpartners.com,Headcount Planner,Build the board deck cash slide for Jan,SUCCESS,35.5,"Accounting Jan variance was $3,127,187 vs plan",2026-03-20T14:36:06Z
r44-0000909,nhaddad@summithealthpartners.com,Budget vs Actual,Summarize the Mar variance for entity CA-09,SUCCESS,72.8,"FP&A Mar variance was $4,744,278 vs plan",2026-03-20T06:29:23Z
r44-0000910,pmartin@summithealthpartners.com,Cash Forecaster,Summarize the May variance for entity CA-09,SUCCESS,16.3,"Accounting May variance was $4,410,992 vs plan",2026-03-20T14:40:39Z
r44-0000911,jlewis@summithealthpartners.com,AP Aging Analyst,Which cost centers are over budget YTD?,SUCCESS,64.0,"Accounting Jun variance was $134,546 vs plan",2026-03-20T09:37:57Z
r44-0000912,pmartin@summithealthpartners.com,Budget vs Actual,Check covenant compliance for the revolver,SUCCESS,18.9,"Accounting Feb variance was $2,279,966 vs plan",2026-03-20T10:20:57Z
r44-0000913,pmartin@summithealthpartners.com,Revenue Recognizer,Build the board deck cash slide for Mar,SUCCESS,34.8,"FP&A Mar variance was $3,939,377 vs plan",2026-03-20T08:01:01Z
r44-0000914,amoore@summithealthpartners.com,Flux Commentary,Why did Accounting spend exceed budget in Jun?,SUCCESS,23.8,"Accounting Jun variance was $2,499,804 vs plan",2026-03-20T14:11:55Z
r44-0000915,pmartin@summithealthpartners.com,Cash Forecaster,Check covenant compliance for the revolver,FAIL,4.7,ERROR: upstream request timed out,2026-03-20T16:03:23Z
r44-0000916,jwilliams@summithealthpartners.com,Vendor Spend Analyzer,Which cost centers are over budget YTD?,SUCCESS,15.8,"Ops Jun variance was $5,447 vs plan",2026-03-20T16:25:39Z
r44-0000917,amoore@summithealthpartners.com,AP Aging Analyst,Which cost centers are over budget YTD?,SUCCESS,4.6,"FP&A May variance was $4,486,146 vs plan",2026-03-20T17:01:27Z
r44-0000918,mharris@summithealthpartners.com,Covenant Checker,Explain the headcount variance vs plan,SUCCESS,1.6,Traceback (most recent call last): KeyError 'entity',2026-03-20T13:03:44Z
r44-0000919,pmartin@summithealthpartners.com,Headcount Planner,Why did Accounting spend exceed budget in Feb?,FAIL,5.9,ERROR: upstream request timed out,2026-03-20T14:32:08Z
r44-0000920,jnguyen@summithealthpartners.com,AP Aging Analyst,Summarize the Apr variance for entity US-01,SUCCESS,19.9,"Accounting Apr variance was $4,017,829 vs plan",2026-03-20T06:20:20Z
r44-0000921,bjones@summithealthpartners.com,Budget vs Actual,Forecast Apr operating cash flow,SUCCESS,63.6,"Ops Apr variance was $1,737,821 vs plan",2026-03-20T15:07:13Z
r44-0000922,jnguyen@summithealthpartners.com,Journal Entry Reviewer,Forecast Jun operating cash flow,SUCCESS,32.7,"Ops Jun variance was $1,178,912 vs plan",2026-03-20T10:33:25Z
r44-0000923,pmartin@summithealthpartners.com,Close Checklist Bot,Forecast May operating cash flow,SUCCESS,55.5,"Accounting May variance was $2,294,833 vs plan",2026-03-20T11:03:29Z
r44-0000924,amoore@summithealthpartners.com,Close Checklist Bot,Reconcile AP aging over 90 days for EU-08,SUCCESS,0.6,error: connection reset by peer,2026-03-20T13:33:56Z
r44-0000925,amoore@summithealthpartners.com,Covenant Checker,Why did Accounting spend exceed budget in Jan?,PARTIAL,63.5,"Accounting Jan variance was $3,779,861 vs plan",2026-03-20T16:07:47Z
r44-0000926,pmartin@summithealthpartners.com,Close Checklist Bot,Check covenant compliance for the revolver,SUCCESS,33.7,"Ops Jan variance was $4,069,618 vs plan",2026-03-20T08:08:47Z
r44-0000927,jjohnson@summithealthpartners.com,Covenant Checker,Forecast Apr operating cash flow,SUCCESS,26.9,"Treasury Apr variance was $2,796,855 vs plan",2026-03-20T18:20:13Z
r44-0000928,jdavis@summithealthpartners.com,Close Checklist Bot,Build the board deck cash slide for May,SUCCESS,56.2,"Ops May variance was $2,663,943 vs plan",2026-03-20T15:32:12Z
r44-0000929,amoore@summithealthpartners.com,Headcount Planner,Forecast Mar operating cash flow,SUCCESS,57.1,"Accounting Mar variance was $1,913,928 vs plan",2026-03-20T06:28:20Z
r44-0000930,pmartin@summithealthpartners.com,Variance Explainer,Build the board deck cash slide for Jan,SUCCESS,34.7,"Treasury Jan variance was $4,308,461 vs plan",2026-03-20T11:15:08Z
r44-0000931,jwilliams@summithealthpartners.com,Revenue Recognizer,Build the board deck cash slide for May,SUCCESS,60.8,"Ops May variance was $4,460,535 vs plan",2026-03-20T08:35:14Z
r44-0000932,jwilliams@summithealthpartners.com,Covenant Checker,Reconcile AP aging over 90 days for EU-02,SUCCESS,32.1,"Treasury Apr variance was $4,334,367 vs plan",2026-03-20T14:44:26Z
r44-0000933,jlewis@summithealthpartners.com,Flux Commentary,Explain the headcount variance vs plan,SUCCESS,20.0,"FP&A Jun variance was $4,460,442 vs plan",2026-03-20T10:27:54Z
r44-0000934,bjones@summithealthpartners.com,Cash Forecaster,Reconcile AP aging over 90 days for US-04,SUCCESS,51.1,"Accounting Apr variance was $1,230,720 vs plan",2026-03-20T13:32:08Z
r44-0000935,pmartin@summithealthpartners.com,Revenue Recognizer,Draft flux commentary for the Mar close,SUCCESS,56.9,"Ops Mar variance was $2,408,884 vs plan",2026-03-20T09:03:49Z
r44-0000936,amoore@summithealthpartners.com,Journal Entry Reviewer,Summarize the Apr variance for entity US-09,SUCCESS,20.1,"Accounting Apr variance was $1,495,606 vs plan",2026-03-20T12:28:38Z
r44-0000937,amoore@summithealthpartners.com,Close Checklist Bot,Why did Ops spend exceed budget in Jan?,SUCCESS,7.7,"Ops Jan variance was $4,733,358 vs plan",2026-03-20T12:52:38Z
r44-0000938,pmartin@summithealthpartners.com,Revenue Recognizer,Why did Accounting spend exceed budget in Jun?,SUCCESS,40.7,"Accounting Jun variance was $3,324,014 vs plan",2026-03-20T17:28:22Z
r44-0000939,jlewis@summithealthpartners.com,Revenue Recognizer,Which cost centers are over budget YTD?,SUCCESS,71.0,"FP&A Jun variance was $534,970 vs plan",2026-03-21T13:36:37Z
r44-0000940,jnguyen@summithealthpartners.com,AP Aging Analyst,Which cost centers are over budget YTD?,SUCCESS,49.7,"Accounting Mar variance was $2,063,784 vs plan",2026-03-21T10:27:12Z
r44-0000941,jwilliams@summithealthpartners.com,Close Checklist Bot,Build the board deck cash slide for Feb,SUCCESS,33.5,"FP&A Feb variance was $187,462 vs plan",2026-03-21T11:05:18Z
r44-0000942,pmartin@summithealthpartners.com,Revenue Recognizer,Check covenant compliance for the revolver,SUCCESS,7.3,"Ops Feb variance was $552,585 vs plan",2026-03-21T10:08:34Z
r44-0000943,pmartin@summithealthpartners.com,Close Checklist Bot,Explain the headcount variance vs plan,SUCCESS,1.8,error: connection reset by peer,2026-03-21T10:13:45Z
r44-0000944,jlewis@summithealthpartners.com,Vendor Spend Analyzer,Summarize the Mar variance for entity CA-01,SUCCESS,1.6,error: connection reset by peer,2026-03-21T10:54:48Z
r44-0000945,pmartin@summithealthpartners.com,Journal Entry Reviewer,Explain the headcount variance vs plan,SUCCESS,22.3,"FP&A May variance was $2,991,258 vs plan",2026-03-21T12:51:34Z
r44-0000946,jwilson@summithealthpartners.com,AP Aging Analyst,Reconcile AP aging over 90 days for EU-06,SUCCESS,21.5,"FP&A Mar variance was $3,579,079 vs plan",2026-03-21T16:06:45Z
r44-0000947,bjones@summithealthpartners.com,Variance Explainer,Explain the headcount variance vs plan,FAIL,7.6,error: connection reset by peer,2026-03-21T08:10:42Z
r44-0000948,prodriguez@summithealthpartners.com,Close Checklist Bot,Explain the headcount variance vs plan,SUCCESS,40.0,"Treasury Jan variance was $2,111,582 vs plan",2026-03-21T15:25:41Z
r44-0000949,pmartin@summithealthpartners.com,Variance Explainer,Why did Ops spend exceed budget in Apr?,SUCCESS,42.5,"Ops Apr variance was $1,400,900 vs plan",2026-03-22T06:10:36Z
r44-0000950,pmartin@summithealthpartners.com,Journal Entry Reviewer,Why did Accounting spend exceed budget in Apr?,SUCCESS,17.1,"Accounting Apr variance was $2,232,128 vs plan",2026-03-22T14:54:09Z
r44-0000951,pmartin@summithealthpartners.com,Covenant Checker,Build the board deck cash slide for Apr,SUCCESS,32.0,"Accounting Apr variance was $1,318,140 vs plan",2026-03-22T15:57:41Z
r44-0000952,pmartin@summithealthpartners.com,Covenant Checker,Reconcile AP aging over 90 days for US-01,PARTIAL,18.3,"Accounting Feb variance was $71,893 vs plan",2026-03-22T12:08:31Z
r44-0000953,sdavis@summithealthpartners.com,Budget vs Actual,Explain the headcount variance vs plan,SUCCESS,22.4,"Accounting May variance was $1,915,585 vs plan",2026-03-22T09:25:44Z
r44-0000954,jdavis@summithealthpartners.com,Headcount Planner,What drove the change in gross margin this quarter?,SUCCESS,1.6,ERROR: upstream request timed out,2026-03-22T14:28:03Z
r44-0000955,jnguyen@summithealthpartners.com,Revenue Recognizer,Forecast Jun operating cash flow,SUCCESS,54.2,"Ops Jun variance was $3,841,846 vs plan",2026-03-22T09:00:04Z
r44-0000956,pmartin@summithealthpartners.com,Board Deck Builder,Reconcile AP aging over 90 days for MX-05,SUCCESS,49.7,"Ops Jun variance was $3,332,937 vs plan",2026-03-22T13:47:36Z
r44-0000957,jjohnson@summithealthpartners.com,AP Aging Analyst,Why did Treasury spend exceed budget in Jun?,SUCCESS,3.4,"Treasury Jun variance was $40,292 vs plan",2026-03-22T09:51:12Z
r44-0000958,sbrown@summithealthpartners.com,Budget vs Actual,What drove the change in gross margin this quarter?,SUCCESS,55.3,"Treasury Apr variance was $140,986 vs plan",2026-03-22T13:55:12Z
r44-0000959,amoore@summithealthpartners.com,Headcount Planner,Forecast Jun operating cash flow,SUCCESS,9.4,"Ops Jun variance was $3,855,516 vs plan",2026-03-22T13:54:09Z
r44-0000960,pmartin@summithealthpartners.com,Budget vs Actual,Which cost centers are over budget YTD?,SUCCESS,7.2,"Treasury Apr variance was $2,088,773 vs plan",2026-03-22T09:58:37Z
r44-0000961,pmartin@summithealthpartners.com,Headcount Planner,Explain the headcount variance vs plan,SUCCESS,17.8,"Accounting Apr variance was $1,900,658 vs plan",2026-03-22T15:52:59Z
r44-0000962,pmartin@summithealthpartners.com,Budget vs Actual,Draft flux commentary for the Mar close,SUCCESS,3.7,"Treasury Mar variance was $3,503,569 vs plan",2026-03-22T12:53:32Z
r44-0000963,jwilliams@summithealthpartners.com,Close Checklist Bot,Summarize the Jun variance for entity CA-06,SUCCESS,16.0,"Treasury Jun variance was $2,555,542 vs plan",2026-03-22T13:23:13Z
r44-0000964,mharris@summithealthpartners.com,Revenue Recognizer,Build the board deck cash slide for Jun,SUCCESS,20.7,"FP&A Jun variance was $4,700,860 vs plan",2026-03-22T13:55:41Z
r44-0000965,pmartin@summithealthpartners.com,Variance Explainer,Which cost centers are over budget YTD?,SUCCESS,14.9,"Treasury Apr variance was $364,943 vs plan",2026-03-22T14:48:24Z
r44-0000966,pmartin@summithealthpartners.com,Vendor Spend Analyzer,Which cost centers are over budget YTD?,SUCCESS,4.5,"Accounting Apr variance was $1,327,782 vs plan",2026-03-22T10:26:20Z
r44-0000967,jdavis@summithealthpartners.com,Revenue Recognizer,What drove the change in gross margin this quarter?,SUCCESS,28.2,"FP&A Jan variance was $4,773,685 vs plan",2026-03-22T08:09:16Z
r44-0000968,pmartin@summithealthpartners.com,Covenant Checker,Check covenant compliance for the revolver,SUCCESS,68.0,"Treasury Apr variance was $243,888 vs plan",2026-03-22T13:46:00Z
r44-0000969,amoore@summithealthpartners.com,Covenant Checker,What drove the change in gross margin this quarter?,SUCCESS,53.8,"Treasury Mar variance was $3,393,149 vs plan",2026-03-23T06:53:40Z
r44-0000970,pmartin@summithealthpartners.com,AP Aging Analyst,Check covenant compliance for the revolver,SUCCESS,12.1,"Ops Jan variance was $3,352,635 vs plan",2026-03-23T10:26:50Z
r44-0000971,bjones@summithealthpartners.com,Cash Forecaster,Forecast May operating cash flow,SUCCESS,71.5,"FP&A May variance was $4,331,760 vs plan",2026-03-23T06:06:50Z
r44-0000972,amoore@summithealthpartners.com,Headcount Planner,Forecast Jun operating cash flow,SUCCESS,17.7,"Treasury Jun variance was $2,939,796 vs plan",2026-03-23T11:34:46Z
r44-0000973,amoore@summithealthpartners.com,AP Aging Analyst,Which cost centers are over budget YTD?,SUCCESS,46.9,"FP&A Apr variance was $3,358,981 vs plan",2026-03-23T13:00:28Z
r44-0000974,amoore@summithealthpartners.com,Cash Forecaster,Draft flux commentary for the Feb close,SUCCESS,71.6,"FP&A Feb variance was $3,496,541 vs plan",2026-03-23T12:02:24Z
r44-0000975,pmartin@summithealthpartners.com,Board Deck Builder,Explain the headcount variance vs plan,SUCCESS,15.5,"Treasury May variance was $2,929,152 vs plan",2026-03-23T17:28:16Z
r44-0000976,pmartin@summithealthpartners.com,Headcount Planner,Explain the headcount variance vs plan,SUCCESS,28.0,"FP&A Mar variance was $4,588,817 vs plan",2026-03-23T14:08:05Z
r44-0000977,pmartin@summithealthpartners.com,Budget vs Actual,Forecast Apr operating cash flow,SUCCESS,13.2,"Ops Apr variance was $4,289,106 vs plan",2026-03-23T15:16:28Z
r44-0000978,jlewis@summithealthpartners.com,Variance Explainer,Which cost centers are over budget YTD?,SUCCESS,26.4,"FP&A Feb variance was $70,716 vs plan",2026-03-23T09:44:21Z
r44-0000979,amoore@summithealthpartners.com,Close Checklist Bot,Why did Ops spend exceed budget in Feb?,FAIL,6.4,error: connection reset by peer,2026-03-23T12:25:50Z
r44-0000980,pmartin@summithealthpartners.com,Board Deck Builder,Forecast Mar operating cash flow,SUCCESS,40.1,"Accounting Mar variance was $2,129,875 vs plan",2026-03-23T16:10:31Z
r44-0000981,jnguyen@summithealthpartners.com,AP Aging Analyst,Why did Accounting spend exceed budget in Mar?,SUCCESS,23.9,"Accounting Mar variance was $3,961,370 vs plan",2026-03-23T12:30:39Z
r44-0000982,jjohnson@summithealthpartners.com,Cash Forecaster,What drove the change in gross margin this quarter?,SUCCESS,74.0,"Accounting Jun variance was $2,750,633 vs plan",2026-03-23T07:06:12Z
r44-0000983,pmartin@summithealthpartners.com,AP Aging Analyst,Draft flux commentary for the Feb close,SUCCESS,65.4,"Accounting Feb variance was $3,974,322 vs plan",2026-03-23T14:01:00Z
r44-0000984,sbrown@summithealthpartners.com,AP Aging Analyst,Draft flux commentary for the Mar close,SUCCESS,46.5,"Treasury Mar variance was $2,565,292 vs plan",2026-03-23T18:32:31Z
r44-0000985,amoore@summithealthpartners.com,Variance Explainer,Forecast Jan operating cash flow,SUCCESS,68.0,"Accounting Jan variance was $842,476 vs plan",2026-03-23T10:28:33Z
r44-0000986,jjohnson@summithealthpartners.com,Board Deck Builder,Draft flux commentary for the Jan close,SUCCESS,20.7,"Treasury Jan variance was $2,774,528 vs plan",2026-03-23T08:15:54Z
r44-0000987,jjohnson@summithealthpartners.com,Vendor Spend Analyzer,Which cost centers are over budget YTD?,SUCCESS,25.3,"Ops Mar variance was $3,597,191 vs plan",2026-03-23T13:27:44Z
r44-0000988,jjohnson@summithealthpartners.com,Flux Commentary,Forecast Mar operating cash flow,SUCCESS,73.5,"Ops Mar variance was $3,590,782 vs plan",2026-03-23T14:38:12Z
r44-0000989,amoore@summithealthpartners.com,Revenue Recognizer,Explain the headcount variance vs plan,SUCCESS,54.9,"FP&A Apr variance was $4,227,695 vs plan",2026-03-23T14:11:28Z
r44-0000990,sbrown@summithealthpartners.com,Budget vs Actual,Which cost centers are over budget YTD?,SUCCESS,45.2,"Accounting Jan variance was $2,113,262 vs plan",2026-03-23T14:32:47Z
r44-0000991,mlewis@summithealthpartners.com,Variance Explainer,Explain the headcount variance vs plan,SUCCESS,64.9,"FP&A Jun variance was $4,213,831 vs plan",2026-03-23T11:50:58Z
r44-0000992,amoore@summithealthpartners.com,Headcount Planner,What drove the change in gross margin this quarter?,SUCCESS,13.0,"Treasury Jun variance was $3,752,012 vs plan",2026-03-23T12:15:23Z
r44-0000993,bjones@summithealthpartners.com,Budget vs Actual,Check covenant compliance for the revolver,SUCCESS,20.0,"Ops Jun variance was $1,770,210 vs plan",2026-03-23T10:52:52Z
r44-0000994,pmartin@summithealthpartners.com,Covenant Checker,Draft flux commentary for the Jan close,SUCCESS,41.9,"Accounting Jan variance was $3,516,713 vs plan",2026-03-23T10:30:50Z
r44-0000995,jnguyen@summithealthpartners.com,Headcount Planner,Explain the headcount variance vs plan,SUCCESS,24.4,"Ops May variance was $2,975,021 vs plan",2026-03-23T12:48:01Z
r44-0000996,jlewis@summithealthpartners.com,Revenue Recognizer,Build the board deck cash slide for Apr,SUCCESS,1.2,Traceback (most recent call last): KeyError 'entity',2026-03-23T15:55:11Z
r44-0000997,bjones@summithealthpartners.com,Covenant Checker,Explain the headcount variance vs plan,SUCCESS,37.2,"Ops Mar variance was $4,053,922 vs plan",2026-03-23T13:38:06Z
r44-0000998,pmartin@summithealthpartners.com,Budget vs Actual,Why did Accounting spend exceed budget in Mar?,SUCCESS,22.6,"Accounting Mar variance was $4,609,969 vs plan",2026-03-23T13:49:55Z
r44-0000999,amoore@summithealthpartners.com,Budget vs Actual,Why did Ops spend exceed budget in May?,SUCCESS,65.7,"Ops May variance was $4,657,725 vs plan",2026-03-23T13:06:25Z
r44-0001000,amoore@summithealthpartners.com,Vendor Spend Analyzer,What drove the change in gross margin this quarter?,SUCCESS,36.1,"Ops Jun variance was $183,256 vs plan",2026-03-23T14:51:47Z
r44-0001001,jnguyen@summithealthpartners.com,Close Checklist Bot,Explain the headcount variance vs plan,SUCCESS,28.9,"FP&A Feb variance was $2,133,768 vs plan",2026-03-23T18:28:09Z
r44-0001002,amoore@summithealthpartners.com,Close Checklist Bot,Explain the headcount variance vs plan,SUCCESS,27.0,"Treasury Jan variance was $2,464,409 vs plan",2026-03-23T06:14:51Z
r44-0001003,amoore@summithealthpartners.com,Headcount Planner,Which cost centers are over budget YTD?,PARTIAL,14.3,"Ops Jan variance was $4,042,835 vs plan",2026-03-23T12:20:42Z
r44-0001004,amoore@summithealthpartners.com,Budget vs Actual,Forecast May operating cash flow,SUCCESS,28.9,"FP&A May variance was $2,286,505 vs plan",2026-03-23T10:36:33Z
r44-0001005,pmartin@summithealthpartners.com,Covenant Checker,Check covenant compliance for the revolver,SUCCESS,37.8,"FP&A Apr variance was $4,543,003 vs plan",2026-03-23T11:23:06Z
r44-0001006,pmartin@summithealthpartners.com,Flux Commentary,Build the board deck cash slide for Apr,SUCCESS,48.5,"Treasury Apr variance was $3,704,544 vs plan",2026-03-23T07:22:35Z
r44-0001007,pmartin@summithealthpartners.com,Budget vs Actual,Explain the headcount variance vs plan,SUCCESS,21.9,"Accounting Jan variance was $3,523,513 vs plan",2026-03-23T13:37:51Z
r44-0001008,mlewis@summithealthpartners.com,Variance Explainer,Reconcile AP aging over 90 days for CA-08,SUCCESS,47.2,"Ops Mar variance was $1,163,042 vs plan",2026-03-23T12:44:01Z
r44-0001009,pmartin@summithealthpartners.com,Budget vs Actual,Draft flux commentary for the Feb close,SUCCESS,0.5,error code 502 from model gateway,2026-03-23T13:12:37Z
r44-0001010,pmartin@summithealthpartners.com,Journal Entry Reviewer,Build the board deck cash slide for Jan,SUCCESS,16.3,"FP&A Jan variance was $2,961,959 vs plan",2026-03-23T14:23:29Z
r44-0001011,pmartin@summithealthpartners.com,Covenant Checker,Forecast Feb operating cash flow,PARTIAL,67.1,"Accounting Feb variance was $3,223,262 vs plan",2026-03-23T07:06:21Z
r44-0001012,jjohnson@summithealthpartners.com,Revenue Recognizer,Build the board deck cash slide for Jan,SUCCESS,40.2,"Treasury Jan variance was $928,390 vs plan",2026-03-23T07:00:56Z
r44-0001013,jjohnson@summithealthpartners.com,Close Checklist Bot,Explain the headcount variance vs plan,SUCCESS,19.4,"Treasury Mar variance was $1,314,155 vs plan",2026-03-23T16:03:18Z
r44-0001014,nnguyen@summithealthpartners.com,Flux Commentary,Which cost centers are over budget YTD?,SUCCESS,0.7,FAILED: null reference in aggregation step,2026-03-23T13:38:58Z
r44-0001015,mlewis@summithealthpartners.com,Variance Explainer,What drove the change in gross margin this quarter?,SUCCESS,70.3,"Ops Jun variance was $1,195,557 vs plan",2026-03-23T13:25:33Z
r44-0001016,amoore@summithealthpartners.com,Revenue Recognizer,Reconcile AP aging over 90 days for EU-06,PARTIAL,66.2,"Treasury Jun variance was $1,417,342 vs plan",2026-03-23T15:40:13Z
r44-0001017,pmartin@summithealthpartners.com,Vendor Spend Analyzer,Summarize the Jan variance for entity MX-04,SUCCESS,29.8,"Ops Jan variance was $2,043,191 vs plan",2026-03-23T12:24:06Z
r44-0001018,bjones@summithealthpartners.com,Cash Forecaster,Draft flux commentary for the Feb close,SUCCESS,56.9,"Treasury Feb variance was $1,422,792 vs plan",2026-03-23T12:07:47Z
r44-0001019,jwilliams@summithealthpartners.com,Flux Commentary,Check covenant compliance for the revolver,SUCCESS,65.4,"Ops Feb variance was $1,099,851 vs plan",2026-03-23T07:39:00Z
r44-0001020,amoore@summithealthpartners.com,Covenant Checker,Reconcile AP aging over 90 days for EU-04,SUCCESS,26.0,"Treasury Mar variance was $4,769,537 vs plan",2026-03-23T13:48:49Z
r44-0001021,jlewis@summithealthpartners.com,Flux Commentary,Which cost centers are over budget YTD?,SUCCESS,46.1,"Accounting Feb variance was $2,595,336 vs plan",2026-03-23T07:36:09Z
r44-0001022,pmartin@summithealthpartners.com,AP Aging Analyst,Which cost centers are over budget YTD?,SUCCESS,56.8,"Treasury Jun variance was $4,793,512 vs plan",2026-03-23T11:10:18Z
r44-0001023,jwilliams@summithealthpartners.com,Flux Commentary,Summarize the Jun variance for entity EU-05,SUCCESS,1.4,FAILED: null reference in aggregation step,2026-03-23T11:03:28Z
r44-0001024,jwilliams@summithealthpartners.com,Variance Explainer,Summarize the Mar variance for entity EU-08,SUCCESS,46.1,"FP&A Mar variance was $2,375,842 vs plan",2026-03-23T10:43:57Z
r44-0001025,jlewis@summithealthpartners.com,Headcount Planner,Check covenant compliance for the revolver,SUCCESS,13.2,"Ops Mar variance was $3,232,670 vs plan",2026-03-23T15:54:26Z
r44-0001026,amoore@summithealthpartners.com,Budget vs Actual,Which cost centers are over budget YTD?,SUCCESS,14.3,"Ops Jun variance was $4,198,482 vs plan",2026-03-23T10:01:04Z
r44-0001027,pmartin@summithealthpartners.com,Journal Entry Reviewer,Why did Accounting spend exceed budget in Jun?,SUCCESS,18.6,"Accounting Jun variance was $1,277,608 vs plan",2026-03-23T14:41:25Z
r44-0001028,nhaddad@summithealthpartners.com,Cash Forecaster,Forecast Jun operating cash flow,SUCCESS,41.7,"Accounting Jun variance was $139,172 vs plan",2026-03-23T10:46:32Z
r44-0001029,pmartin@summithealthpartners.com,AP Aging Analyst,Which cost centers are over budget YTD?,SUCCESS,49.7,"Ops Jun variance was $725,551 vs plan",2026-03-23T14:04:26Z
r44-0001030,pmartin@summithealthpartners.com,Cash Forecaster,Draft flux commentary for the Apr close,PARTIAL,66.2,"FP&A Apr variance was $166,298 vs plan",2026-03-23T11:11:47Z
r44-0001031,nnguyen@summithealthpartners.com,Covenant Checker,Forecast Jun operating cash flow,SUCCESS,1.1,ERROR: upstream request timed out,2026-03-23T14:06:32Z
r44-0001032,pmartin@summithealthpartners.com,Revenue Recognizer,Reconcile AP aging over 90 days for MX-08,SUCCESS,42.2,"Ops Jan variance was $1,092,611 vs plan",2026-03-24T18:57:35Z
r44-0001033,pmartin@summithealthpartners.com,Headcount Planner,Explain the headcount variance vs plan,SUCCESS,24.1,"Treasury Apr variance was $664,082 vs plan",2026-03-24T08:05:09Z
r44-0001034,pmartin@summithealthpartners.com,Vendor Spend Analyzer,Explain the headcount variance vs plan,PARTIAL,3.8,"FP&A May variance was $254,624 vs plan",2026-03-24T17:57:17Z
r44-0001035,amoore@summithealthpartners.com,Journal Entry Reviewer,What drove the change in gross margin this quarter?,SUCCESS,4.4,"Treasury Mar variance was $3,329,071 vs plan",2026-03-24T14:39:20Z
r44-0001036,amoore@summithealthpartners.com,Revenue Recognizer,Check covenant compliance for the revolver,SUCCESS,5.8,"Ops May variance was $2,135,127 vs plan",2026-03-24T11:34:11Z
r44-0001037,amoore@summithealthpartners.com,Budget vs Actual,Draft flux commentary for the May close,SUCCESS,20.9,"FP&A May variance was $2,433,852 vs plan",2026-03-24T11:26:52Z
r44-0001038,amoore@summithealthpartners.com,Variance Explainer,Check covenant compliance for the revolver,SUCCESS,40.2,"Treasury Apr variance was $2,450,525 vs plan",2026-03-24T12:52:54Z
r44-0001039,pmartin@summithealthpartners.com,Journal Entry Reviewer,Build the board deck cash slide for Jan,SUCCESS,0.3,FAILED: null reference in aggregation step,2026-03-24T10:49:36Z
r44-0001040,jlewis@summithealthpartners.com,Cash Forecaster,What drove the change in gross margin this quarter?,SUCCESS,35.3,"Treasury Apr variance was $1,526,816 vs plan",2026-03-24T13:06:34Z
r44-0001041,amoore@summithealthpartners.com,Close Checklist Bot,Which cost centers are over budget YTD?,SUCCESS,1.7,Traceback (most recent call last): KeyError 'entity',2026-03-24T10:10:16Z
r44-0001042,amoore@summithealthpartners.com,AP Aging Analyst,Draft flux commentary for the Mar close,SUCCESS,38.5,"Treasury Mar variance was $3,828,610 vs plan",2026-03-24T14:10:42Z
r44-0001043,pmartin@summithealthpartners.com,Headcount Planner,Check covenant compliance for the revolver,SUCCESS,35.7,"Treasury Feb variance was $4,734,225 vs plan",2026-03-24T10:15:04Z
r44-0001044,pmartin@summithealthpartners.com,Revenue Recognizer,Build the board deck cash slide for Jun,SUCCESS,4.6,"Ops Jun variance was $2,379,216 vs plan",2026-03-24T12:15:50Z
r44-0001045,jnguyen@summithealthpartners.com,Close Checklist Bot,Summarize the Jun variance for entity US-08,SUCCESS,5.4,"Accounting Jun variance was $1,808,213 vs plan",2026-03-24T16:06:30Z
r44-0001046,bjones@summithealthpartners.com,Covenant Checker,Draft flux commentary for the Jun close,SUCCESS,36.8,"Accounting Jun variance was $4,722,170 vs plan",2026-03-24T10:37:22Z
r44-0001047,pmartin@summithealthpartners.com,Variance Explainer,Which cost centers are over budget YTD?,SUCCESS,52.3,"Treasury Jan variance was $2,116,876 vs plan",2026-03-24T09:37:33Z
r44-0001048,amoore@summithealthpartners.com,Revenue Recognizer,What drove the change in gross margin this quarter?,SUCCESS,1.5,ERROR: upstream request timed out,2026-03-24T14:12:02Z
r44-0001049,bjones@summithealthpartners.com,Headcount Planner,Draft flux commentary for the Mar close,SUCCESS,55.7,"Accounting Mar variance was $356,882 vs plan",2026-03-24T19:15:17Z
r44-0001050,dlopez2@summithealthpartners.com,Headcount Planner,Forecast Apr operating cash flow,SUCCESS,73.4,"Accounting Apr variance was $3,274,522 vs plan",2026-03-24T10:28:07Z
r44-0001051,pmartin@summithealthpartners.com,Board Deck Builder,Which cost centers are over budget YTD?,SUCCESS,60.6,"Ops Jun variance was $4,502,815 vs plan",2026-03-24T10:16:26Z
r44-0001052,jjohnson@summithealthpartners.com,Board Deck Builder,Reconcile AP aging over 90 days for US-09,SUCCESS,10.8,"Accounting Mar variance was $4,602,719 vs plan",2026-03-24T14:44:14Z
r44-0001053,bjones@summithealthpartners.com,Journal Entry Reviewer,Build the board deck cash slide for May,SUCCESS,11.8,"Treasury May variance was $3,105,592 vs plan",2026-03-24T10:53:35Z
r44-0001054,bjones@summithealthpartners.com,Covenant Checker,Build the board deck cash slide for Jun,SUCCESS,13.7,"Ops Jun variance was $3,740,212 vs plan",2026-03-24T13:40:46Z
r44-0001055,pmartin@summithealthpartners.com,Cash Forecaster,Forecast Apr operating cash flow,SUCCESS,28.2,"FP&A Apr variance was $4,549,280 vs plan",2026-03-24T08:04:04Z
r44-0001056,jwilliams@summithealthpartners.com,Covenant Checker,Summarize the Feb variance for entity US-09,SUCCESS,34.3,"Treasury Feb variance was $4,679,857 vs plan",2026-03-24T13:20:38Z
r44-0001057,pmartin@summithealthpartners.com,Variance Explainer,Draft flux commentary for the Apr close,FAIL,4.9,error code 502 from model gateway,2026-03-24T08:23:03Z
r44-0001058,pmartin@summithealthpartners.com,Cash Forecaster,Draft flux commentary for the Mar close,SUCCESS,33.4,"Ops Mar variance was $1,849,399 vs plan",2026-03-24T10:42:40Z
r44-0001059,jwilliams@summithealthpartners.com,Headcount Planner,Explain the headcount variance vs plan,SUCCESS,28.9,"FP&A Apr variance was $4,082,865 vs plan",2026-03-24T12:16:03Z
r44-0001060,pmartin@summithealthpartners.com,Journal Entry Reviewer,Build the board deck cash slide for Jan,SUCCESS,74.3,"FP&A Jan variance was $117,703 vs plan",2026-03-24T15:48:32Z
r44-0001061,pmartin@summithealthpartners.com,Flux Commentary,Build the board deck cash slide for Mar,SUCCESS,48.2,"FP&A Mar variance was $1,782,219 vs plan",2026-03-24T16:52:21Z
r44-0001062,bjones@summithealthpartners.com,AP Aging Analyst,Why did Treasury spend exceed budget in Mar?,SUCCESS,26.3,"Treasury Mar variance was $3,480,099 vs plan",2026-03-24T15:36:53Z
r44-0001063,jwilliams@summithealthpartners.com,AP Aging Analyst,What drove the change in gross margin this quarter?,SUCCESS,50.0,"Treasury Mar variance was $2,422,944 vs plan",2026-03-24T14:05:28Z
r44-0001064,kperez@summithealthpartners.com,Covenant Checker,Build the board deck cash slide for Jun,SUCCESS,66.6,"Accounting Jun variance was $1,456,405 vs plan",2026-03-24T14:11:00Z
r44-0001065,amoore@summithealthpartners.com,Budget vs Actual,Explain the headcount variance vs plan,SUCCESS,30.9,"Treasury Jun variance was $1,154,240 vs plan",2026-03-24T14:41:31Z
r44-0001066,mharris@summithealthpartners.com,Close Checklist Bot,Forecast Mar operating cash flow,SUCCESS,68.0,"Accounting Mar variance was $3,588,783 vs plan",2026-03-24T06:41:41Z
r44-0001067,mlewis@summithealthpartners.com,Journal Entry Reviewer,Build the board deck cash slide for Apr,SUCCESS,72.6,"FP&A Apr variance was $4,522,745 vs plan",2026-03-24T11:02:55Z
r44-0001068,pmartin@summithealthpartners.com,Variance Explainer,Summarize the Apr variance for entity EU-09,SUCCESS,41.6,"Treasury Apr variance was $3,902,160 vs plan",2026-03-24T12:50:46Z
r44-0001069,pmartin@summithealthpartners.com,Revenue Recognizer,Explain the headcount variance vs plan,SUCCESS,28.6,"FP&A Jan variance was $1,524,144 vs plan",2026-03-24T16:39:44Z
r44-0001070,amoore@summithealthpartners.com,Headcount Planner,Draft flux commentary for the May close,SUCCESS,26.5,"Treasury May variance was $4,450,095 vs plan",2026-03-24T07:42:40Z
r44-0001071,nhaddad@summithealthpartners.com,AP Aging Analyst,Why did Treasury spend exceed budget in Feb?,SUCCESS,23.4,"Treasury Feb variance was $3,066,621 vs plan",2026-03-24T16:23:03Z
r44-0001072,bjones@summithealthpartners.com,Cash Forecaster,Build the board deck cash slide for Apr,SUCCESS,40.4,"Ops Apr variance was $2,825,767 vs plan",2026-03-24T14:45:59Z
r44-0001073,amoore@summithealthpartners.com,Covenant Checker,Build the board deck cash slide for Feb,SUCCESS,73.3,"FP&A Feb variance was $3,477,399 vs plan",2026-03-24T11:08:31Z
r44-0001074,nhaddad@summithealthpartners.com,Flux Commentary,What drove the change in gross margin this quarter?,SUCCESS,21.5,"Ops Jan variance was $1,065,505 vs plan",2026-03-24T10:22:33Z
r44-0001075,pmartin@summithealthpartners.com,Variance Explainer,Summarize the Feb variance for entity MX-03,SUCCESS,42.8,"Ops Feb variance was $2,429,650 vs plan",2026-03-24T12:19:10Z
r44-0001076,pmartin@summithealthpartners.com,AP Aging Analyst,Which cost centers are over budget YTD?,SUCCESS,69.7,"Treasury Feb variance was $1,880,401 vs plan",2026-03-24T12:03:58Z
r44-0001077,amoore@summithealthpartners.com,Cash Forecaster,Check covenant compliance for the revolver,SUCCESS,44.0,"FP&A Apr variance was $215,028 vs plan",2026-03-24T12:37:30Z
r44-0001078,pmartin@summithealthpartners.com,Variance Explainer,Build the board deck cash slide for May,SUCCESS,74.1,"Accounting May variance was $3,351,013 vs plan",2026-03-24T14:05:08Z
r44-0001079,pmartin@summithealthpartners.com,Budget vs Actual,Summarize the Feb variance for entity EU-09,SUCCESS,44.6,"Treasury Feb variance was $1,194,920 vs plan",2026-03-24T15:03:32Z
r44-0001080,bjones@summithealthpartners.com,Covenant Checker,Build the board deck cash slide for Apr,SUCCESS,22.9,"FP&A Apr variance was $1,489,304 vs plan",2026-03-24T13:41:34Z
r44-0001081,jlewis@summithealthpartners.com,Variance Explainer,Forecast Jun operating cash flow,PARTIAL,63.3,"Ops Jun variance was $2,084,906 vs plan",2026-03-24T09:36:02Z
r44-0001082,pmartin@summithealthpartners.com,Covenant Checker,Build the board deck cash slide for Jun,SUCCESS,48.6,"Ops Jun variance was $1,829,376 vs plan",2026-03-24T18:00:49Z
r44-0001083,amoore@summithealthpartners.com,Journal Entry Reviewer,Forecast Mar operating cash flow,SUCCESS,72.2,"FP&A Mar variance was $2,213,560 vs plan",2026-03-24T10:34:28Z
r44-0001084,amoore@summithealthpartners.com,Flux Commentary,What drove the change in gross margin this quarter?,SUCCESS,58.2,"Accounting Feb variance was $2,987,251 vs plan",2026-03-24T11:05:21Z
r44-0001085,pmartin@summithealthpartners.com,Variance Explainer,Build the board deck cash slide for Jan,PARTIAL,32.3,"Ops Jan variance was $1,926,969 vs plan",2026-03-25T07:35:51Z
r44-0001086,pmartin@summithealthpartners.com,Cash Forecaster,Which cost centers are over budget YTD?,SUCCESS,61.0,"FP&A Mar variance was $4,245,826 vs plan",2026-03-25T11:36:28Z
r44-0001087,jlewis@summithealthpartners.com,Variance Explainer,Forecast Feb operating cash flow,SUCCESS,9.9,"FP&A Feb variance was $1,652,416 vs plan",2026-03-25T12:35:00Z
r44-0001088,pmartin@summithealthpartners.com,Covenant Checker,What drove the change in gross margin this quarter?,SUCCESS,3.3,"Treasury Jun variance was $1,576,644 vs plan",2026-03-25T06:48:17Z
r44-0001089,pmartin@summithealthpartners.com,Revenue Recognizer,Reconcile AP aging over 90 days for US-04,SUCCESS,47.2,"Treasury Jan variance was $1,873,120 vs plan",2026-03-25T11:17:47Z
r44-0001090,jjohnson@summithealthpartners.com,Budget vs Actual,What drove the change in gross margin this quarter?,SUCCESS,13.5,"FP&A Apr variance was $554,834 vs plan",2026-03-25T12:04:18Z
r44-0001091,dlopez2@summithealthpartners.com,Flux Commentary,Reconcile AP aging over 90 days for MX-05,SUCCESS,1.7,FAILED: null reference in aggregation step,2026-03-25T12:36:56Z
r44-0001092,kperez@summithealthpartners.com,AP Aging Analyst,What drove the change in gross margin this quarter?,SUCCESS,52.2,"Treasury Jun variance was $986,504 vs plan",2026-03-25T13:51:24Z
r44-0001093,jjohnson@summithealthpartners.com,Journal Entry Reviewer,Build the board deck cash slide for Mar,FAIL,3.6,error: connection reset by peer,2026-03-25T13:02:21Z
r44-0001094,mharris@summithealthpartners.com,Headcount Planner,Draft flux commentary for the May close,SUCCESS,6.9,"Accounting May variance was $2,445,145 vs plan",2026-03-25T18:33:57Z
r44-0001095,amoore@summithealthpartners.com,Vendor Spend Analyzer,Reconcile AP aging over 90 days for MX-07,SUCCESS,48.8,"Ops Jan variance was $1,570,270 vs plan",2026-03-25T16:17:54Z
r44-0001096,pmartin@summithealthpartners.com,Board Deck Builder,Check covenant compliance for the revolver,SUCCESS,12.5,"Treasury May variance was $1,685,088 vs plan",2026-03-25T10:14:16Z
r44-0001097,amoore@summithealthpartners.com,Budget vs Actual,Forecast Jan operating cash flow,SUCCESS,4.8,"Treasury Jan variance was $1,273,441 vs plan",2026-03-25T19:42:13Z
r44-0001098,amoore@summithealthpartners.com,Variance Explainer,Check covenant compliance for the revolver,SUCCESS,31.8,"Treasury Apr variance was $2,766,899 vs plan",2026-03-25T14:39:48Z
r44-0001099,sdavis@summithealthpartners.com,Cash Forecaster,Which cost centers are over budget YTD?,SUCCESS,45.4,"Accounting Jan variance was $4,146,161 vs plan",2026-03-25T08:12:20Z
r44-0001100,pmartin@summithealthpartners.com,Headcount Planner,Summarize the Jan variance for entity US-09,SUCCESS,51.6,"Treasury Jan variance was $1,714,428 vs plan",2026-03-25T12:46:14Z
r44-0001101,pmartin@summithealthpartners.com,Cash Forecaster,Reconcile AP aging over 90 days for US-06,SUCCESS,26.2,"FP&A Feb variance was $3,868,079 vs plan",2026-03-25T11:01:07Z
r44-0001102,amoore@summithealthpartners.com,AP Aging Analyst,Check covenant compliance for the revolver,SUCCESS,4.4,"Treasury Jan variance was $2,724,256 vs plan",2026-03-25T12:21:14Z
r44-0001103,pmartin@summithealthpartners.com,Close Checklist Bot,What drove the change in gross margin this quarter?,SUCCESS,6.6,"Accounting May variance was $3,008,632 vs plan",2026-03-25T12:03:26Z
r44-0001104,amoore@summithealthpartners.com,Variance Explainer,Build the board deck cash slide for May,SUCCESS,58.4,"Treasury May variance was $1,222,251 vs plan",2026-03-25T16:03:19Z
r44-0001105,pmartin@summithealthpartners.com,Variance Explainer,Check covenant compliance for the revolver,SUCCESS,44.5,"Accounting Jun variance was $2,699,648 vs plan",2026-03-25T17:01:54Z
r44-0001106,jnguyen@summithealthpartners.com,AP Aging Analyst,Forecast Feb operating cash flow,FAIL,3.8,ERROR: upstream request timed out,2026-03-25T17:54:51Z
r44-0001107,mharris@summithealthpartners.com,Board Deck Builder,Build the board deck cash slide for Feb,SUCCESS,74.4,"Ops Feb variance was $3,748,687 vs plan",2026-03-25T15:45:14Z
r44-0001108,amoore@summithealthpartners.com,Headcount Planner,Summarize the Feb variance for entity US-01,SUCCESS,48.3,"Treasury Feb variance was $1,956,369 vs plan",2026-03-25T12:40:31Z
r44-0001109,pmartin@summithealthpartners.com,Board Deck Builder,Check covenant compliance for the revolver,SUCCESS,51.6,"FP&A Jan variance was $882,522 vs plan",2026-03-25T18:15:41Z
r44-0001110,jjohnson@summithealthpartners.com,Journal Entry Reviewer,Draft flux commentary for the Feb close,SUCCESS,12.1,"Accounting Feb variance was $158,771 vs plan",2026-03-25T17:16:01Z
r44-0001111,pmartin@summithealthpartners.com,Close Checklist Bot,Forecast Jan operating cash flow,SUCCESS,67.1,"Accounting Jan variance was $2,557,612 vs plan",2026-03-25T09:49:12Z
r44-0001112,pmartin@summithealthpartners.com,Headcount Planner,What drove the change in gross margin this quarter?,SUCCESS,21.4,"Ops Jan variance was $720,392 vs plan",2026-03-25T11:16:39Z
r44-0001113,pmartin@summithealthpartners.com,Covenant Checker,Build the board deck cash slide for Mar,SUCCESS,19.6,"Accounting Mar variance was $3,047,400 vs plan",2026-03-25T14:12:49Z
r44-0001114,pmartin@summithealthpartners.com,Flux Commentary,What drove the change in gross margin this quarter?,SUCCESS,53.7,"Ops Jan variance was $3,134,026 vs plan",2026-03-25T16:31:05Z
r44-0001115,amoore@summithealthpartners.com,Journal Entry Reviewer,Summarize the Mar variance for entity MX-04,SUCCESS,40.7,"Ops Mar variance was $4,555,680 vs plan",2026-03-25T12:50:29Z
r44-0001116,pmartin@summithealthpartners.com,Revenue Recognizer,What drove the change in gross margin this quarter?,SUCCESS,49.9,"Treasury Jan variance was $2,909,211 vs plan",2026-03-25T20:57:47Z
r44-0001117,jwilliams@summithealthpartners.com,Covenant Checker,Summarize the Mar variance for entity MX-09,SUCCESS,52.7,"Ops Mar variance was $1,821,011 vs plan",2026-03-25T18:29:55Z
r44-0001118,nhaddad@summithealthpartners.com,Covenant Checker,Which cost centers are over budget YTD?,SUCCESS,15.9,"Accounting May variance was $409,465 vs plan",2026-03-25T12:23:36Z
r44-0001119,jnguyen@summithealthpartners.com,Journal Entry Reviewer,Summarize the May variance for entity MX-01,SUCCESS,25.8,"FP&A May variance was $3,844,465 vs plan",2026-03-25T12:05:38Z
r44-0001120,jdavis@summithealthpartners.com,Board Deck Builder,Reconcile AP aging over 90 days for US-07,SUCCESS,47.9,"Accounting May variance was $1,540,636 vs plan",2026-03-25T14:59:41Z
r44-0001121,amoore@summithealthpartners.com,Close Checklist Bot,Build the board deck cash slide for Jan,SUCCESS,68.6,"Accounting Jan variance was $17,549 vs plan",2026-03-25T11:33:43Z
r44-0001122,amoore@summithealthpartners.com,Revenue Recognizer,Why did FP&A spend exceed budget in Apr?,SUCCESS,67.0,"FP&A Apr variance was $654,088 vs plan",2026-03-25T06:43:15Z
r44-0001123,amoore@summithealthpartners.com,Headcount Planner,Why did Accounting spend exceed budget in Jan?,FAIL,4.6,error: connection reset by peer,2026-03-25T11:09:13Z
r44-0001124,amoore@summithealthpartners.com,AP Aging Analyst,Reconcile AP aging over 90 days for US-02,SUCCESS,66.0,"Accounting Mar variance was $4,755,123 vs plan",2026-03-25T15:05:11Z
r44-0001125,jnguyen@summithealthpartners.com,Revenue Recognizer,Which cost centers are over budget YTD?,SUCCESS,8.4,"FP&A May variance was $4,019,712 vs plan",2026-03-25T09:22:23Z
r44-0001126,pmartin@summithealthpartners.com,Cash Forecaster,What drove the change in gross margin this quarter?,SUCCESS,31.0,"FP&A Jan variance was $3,829,922 vs plan",2026-03-25T17:15:41Z
r44-0001127,jjohnson@summithealthpartners.com,Revenue Recognizer,Why did Accounting spend exceed budget in Jan?,SUCCESS,66.7,"Accounting Jan variance was $347,046 vs plan",2026-03-25T16:43:43Z
r44-0001128,amoore@summithealthpartners.com,Flux Commentary,Why did FP&A spend exceed budget in Apr?,SUCCESS,5.8,"FP&A Apr variance was $1,275,473 vs plan",2026-03-25T08:04:47Z
r44-0001129,nnguyen@summithealthpartners.com,Variance Explainer,Explain the headcount variance vs plan,SUCCESS,11.2,"Accounting May variance was $2,258,062 vs plan",2026-03-25T10:35:09Z
r44-0001130,nhaddad@summithealthpartners.com,AP Aging Analyst,Explain the headcount variance vs plan,PARTIAL,64.4,"FP&A Jun variance was $851,772 vs plan",2026-03-25T10:09:11Z
r44-0001131,jwilliams@summithealthpartners.com,Journal Entry Reviewer,Summarize the Jun variance for entity CA-07,SUCCESS,1.4,FAILED: null reference in aggregation step,2026-03-25T09:25:41Z
r44-0001132,kperez@summithealthpartners.com,Cash Forecaster,What drove the change in gross margin this quarter?,SUCCESS,53.2,"Treasury Apr variance was $929,122 vs plan",2026-03-25T08:06:55Z
r44-0001133,jnguyen@summithealthpartners.com,Vendor Spend Analyzer,Reconcile AP aging over 90 days for MX-07,SUCCESS,0.6,FAILED: null reference in aggregation step,2026-03-25T14:20:47Z
r44-0001134,jjohnson@summithealthpartners.com,AP Aging Analyst,Reconcile AP aging over 90 days for MX-02,PARTIAL,22.5,"Accounting May variance was $1,877,590 vs plan",2026-03-26T11:23:03Z
r44-0001135,jwilliams@summithealthpartners.com,Journal Entry Reviewer,What drove the change in gross margin this quarter?,PARTIAL,68.8,"Treasury Apr variance was $3,865,103 vs plan",2026-03-26T09:36:44Z
r44-0001136,amoore@summithealthpartners.com,Budget vs Actual,What drove the change in gross margin this quarter?,SUCCESS,28.2,"Ops Jan variance was $3,003,903 vs plan",2026-03-26T14:30:46Z
r44-0001137,jlewis@summithealthpartners.com,Close Checklist Bot,Explain the headcount variance vs plan,FAIL,3.8,FAILED: null reference in aggregation step,2026-03-26T09:37:53Z
r44-0001138,amoore@summithealthpartners.com,Covenant Checker,Check covenant compliance for the revolver,SUCCESS,12.6,"Accounting May variance was $2,234,660 vs plan",2026-03-26T15:57:18Z
r44-0001139,jnguyen@summithealthpartners.com,Variance Explainer,Explain the headcount variance vs plan,SUCCESS,10.4,"Ops Jan variance was $1,758,427 vs plan",2026-03-26T13:28:38Z
r44-0001140,amoore@summithealthpartners.com,Headcount Planner,Draft flux commentary for the Mar close,SUCCESS,6.5,"FP&A Mar variance was $2,374,219 vs plan",2026-03-26T11:47:34Z
r44-0001141,nhaddad@summithealthpartners.com,Close Checklist Bot,Forecast Apr operating cash flow,SUCCESS,27.1,"Accounting Apr variance was $1,803,715 vs plan",2026-03-26T08:06:55Z
r44-0001142,pmartin@summithealthpartners.com,Headcount Planner,Reconcile AP aging over 90 days for MX-08,SUCCESS,21.3,"Treasury May variance was $3,576,254 vs plan",2026-03-26T18:51:34Z
r44-0001143,bjones@summithealthpartners.com,Close Checklist Bot,Reconcile AP aging over 90 days for CA-03,SUCCESS,14.6,"Treasury May variance was $3,850,449 vs plan",2026-03-26T14:48:56Z
r44-0001144,jwilliams@summithealthpartners.com,Flux Commentary,Why did Accounting spend exceed budget in May?,SUCCESS,73.1,"Accounting May variance was $2,593,443 vs plan",2026-03-26T08:40:24Z
r44-0001145,bjones@summithealthpartners.com,Cash Forecaster,Check covenant compliance for the revolver,SUCCESS,37.3,"Accounting Jan variance was $3,784,202 vs plan",2026-03-26T14:53:51Z
r44-0001146,amoore@summithealthpartners.com,Flux Commentary,Explain the headcount variance vs plan,SUCCESS,15.8,"Ops Jun variance was $1,533,145 vs plan",2026-03-26T12:48:31Z
r44-0001147,amoore@summithealthpartners.com,AP Aging Analyst,Why did FP&A spend exceed budget in Jan?,PARTIAL,6.1,"FP&A Jan variance was $3,716,800 vs plan",2026-03-26T14:32:10Z
r44-0001148,bjones@summithealthpartners.com,Budget vs Actual,Build the board deck cash slide for May,PARTIAL,60.0,"Accounting May variance was $711,552 vs plan",2026-03-26T13:37:38Z
r44-0001149,pmartin@summithealthpartners.com,Variance Explainer,What drove the change in gross margin this quarter?,SUCCESS,47.6,"Ops Mar variance was $1,499,623 vs plan",2026-03-26T10:58:25Z
r44-0001150,amoore@summithealthpartners.com,Budget vs Actual,What drove the change in gross margin this quarter?,SUCCESS,17.7,"Accounting Mar variance was $2,713,769 vs plan",2026-03-26T16:34:46Z
r44-0001151,bjones@summithealthpartners.com,Budget vs Actual,Summarize the Jan variance for entity CA-08,SUCCESS,40.8,"Accounting Jan variance was $158,943 vs plan",2026-03-26T13:03:26Z
r44-0001152,pmartin@summithealthpartners.com,Close Checklist Bot,Reconcile AP aging over 90 days for CA-04,PARTIAL,28.1,"Ops Jan variance was $4,562,107 vs plan",2026-03-26T14:57:47Z
r44-0001153,mlewis@summithealthpartners.com,Revenue Recognizer,Explain the headcount variance vs plan,SUCCESS,34.1,"Accounting Feb variance was $2,624,533 vs plan",2026-03-26T13:19:40Z
r44-0001154,amoore@summithealthpartners.com,Budget vs Actual,Draft flux commentary for the Feb close,PARTIAL,74.8,"Ops Feb variance was $4,123,322 vs plan",2026-03-26T10:55:06Z
r44-0001155,bjones@summithealthpartners.com,Variance Explainer,Check covenant compliance for the revolver,SUCCESS,35.9,"Treasury Feb variance was $2,453,605 vs plan",2026-03-26T10:47:20Z
r44-0001156,amoore@summithealthpartners.com,Variance Explainer,Forecast Jun operating cash flow,SUCCESS,30.0,"Treasury Jun variance was $2,559,261 vs plan",2026-03-26T12:55:53Z
r44-0001157,pmartin@summithealthpartners.com,Cash Forecaster,Which cost centers are over budget YTD?,PARTIAL,69.2,"Accounting Jun variance was $2,850,579 vs plan",2026-03-26T16:10:04Z
r44-0001158,mharris@summithealthpartners.com,Budget vs Actual,Check covenant compliance for the revolver,SUCCESS,69.0,"Treasury Apr variance was $3,562,471 vs plan",2026-03-26T12:46:59Z
r44-0001159,prodriguez@summithealthpartners.com,Flux Commentary,Summarize the Mar variance for entity MX-03,SUCCESS,28.7,"Accounting Mar variance was $2,015,950 vs plan",2026-03-26T11:47:34Z
r44-0001160,pmartin@summithealthpartners.com,AP Aging Analyst,What drove the change in gross margin this quarter?,SUCCESS,35.3,"Treasury Jan variance was $314,450 vs plan",2026-03-26T09:40:29Z
r44-0001161,sdavis@summithealthpartners.com,Variance Explainer,Which cost centers are over budget YTD?,SUCCESS,55.9,"Treasury Jan variance was $2,956,429 vs plan",2026-03-26T13:56:00Z
r44-0001162,pmartin@summithealthpartners.com,Cash Forecaster,Forecast Jan operating cash flow,SUCCESS,27.5,"Treasury Jan variance was $3,536,725 vs plan",2026-03-26T15:19:00Z
r44-0001163,pmartin@summithealthpartners.com,Vendor Spend Analyzer,Build the board deck cash slide for Apr,SUCCESS,11.0,"Ops Apr variance was $45,111 vs plan",2026-03-26T15:44:49Z
r44-0001164,pmartin@summithealthpartners.com,Cash Forecaster,What drove the change in gross margin this quarter?,SUCCESS,19.2,"Treasury May variance was $4,412,163 vs plan",2026-03-26T11:23:13Z
r44-0001165,jjohnson@summithealthpartners.com,Covenant Checker,Forecast Jan operating cash flow,SUCCESS,10.0,"Ops Jan variance was $2,137,726 vs plan",2026-03-26T12:52:07Z
r44-0001166,pmartin@summithealthpartners.com,Close Checklist Bot,What drove the change in gross margin this quarter?,SUCCESS,15.2,"Treasury Apr variance was $3,242,719 vs plan",2026-03-26T12:09:03Z
r44-0001167,amoore@summithealthpartners.com,Flux Commentary,Check covenant compliance for the revolver,SUCCESS,53.6,"Accounting Jan variance was $3,216,274 vs plan",2026-03-26T07:06:46Z
r44-0001168,pmartin@summithealthpartners.com,Cash Forecaster,Build the board deck cash slide for Jun,SUCCESS,4.5,"Treasury Jun variance was $2,321,614 vs plan",2026-03-26T15:39:17Z
r44-0001169,pmartin@summithealthpartners.com,Revenue Recognizer,Build the board deck cash slide for Jan,SUCCESS,7.9,"Ops Jan variance was $3,120,692 vs plan",2026-03-26T08:42:42Z
r44-0001170,jdavis@summithealthpartners.com,Flux Commentary,Check covenant compliance for the revolver,SUCCESS,64.5,"Ops May variance was $3,366,884 vs plan",2026-03-26T14:40:05Z
r44-0001171,pmartin@summithealthpartners.com,Flux Commentary,Which cost centers are over budget YTD?,SUCCESS,41.4,"Ops Mar variance was $1,703,345 vs plan",2026-03-26T10:26:52Z
r44-0001172,pmartin@summithealthpartners.com,Covenant Checker,Check covenant compliance for the revolver,FAIL,5.2,error: connection reset by peer,2026-03-26T08:05:47Z
r44-0001173,pmartin@summithealthpartners.com,Flux Commentary,Why did Accounting spend exceed budget in Jan?,SUCCESS,56.6,"Accounting Jan variance was $3,618,527 vs plan",2026-03-26T13:42:39Z
r44-0001174,pmartin@summithealthpartners.com,Covenant Checker,What drove the change in gross margin this quarter?,SUCCESS,60.3,"FP&A Jan variance was $616,548 vs plan",2026-03-26T11:45:59Z
r44-0001175,sdavis@summithealthpartners.com,Covenant Checker,What drove the change in gross margin this quarter?,SUCCESS,0.5,error code 502 from model gateway,2026-03-26T09:51:07Z
r44-0001176,pmartin@summithealthpartners.com,Board Deck Builder,Which cost centers are over budget YTD?,SUCCESS,29.7,"Accounting Jun variance was $2,862,936 vs plan",2026-03-26T18:45:52Z
r44-0001177,mlewis@summithealthpartners.com,Headcount Planner,Why did Treasury spend exceed budget in Mar?,SUCCESS,25.6,"Treasury Mar variance was $2,946,051 vs plan",2026-03-26T06:27:57Z
r44-0001178,mlewis@summithealthpartners.com,Flux Commentary,Explain the headcount variance vs plan,SUCCESS,31.4,"FP&A Feb variance was $1,522,679 vs plan",2026-03-26T08:23:44Z
r44-0001179,amoore@summithealthpartners.com,Budget vs Actual,Reconcile AP aging over 90 days for EU-01,SUCCESS,27.8,"Treasury Mar variance was $2,440,329 vs plan",2026-03-26T13:17:21Z
r44-0001180,pmartin@summithealthpartners.com,Board Deck Builder,Forecast Mar operating cash flow,SUCCESS,51.5,"Accounting Mar variance was $2,936,498 vs plan",2026-03-26T11:12:53Z
r44-0001181,pmartin@summithealthpartners.com,Vendor Spend Analyzer,Reconcile AP aging over 90 days for US-05,SUCCESS,46.6,"Accounting May variance was $3,023,292 vs plan",2026-03-26T17:59:26Z
r44-0001182,pmartin@summithealthpartners.com,Close Checklist Bot,What drove the change in gross margin this quarter?,SUCCESS,74.8,"Accounting Feb variance was $3,376,280 vs plan",2026-03-26T13:51:30Z
r44-0001183,amoore@summithealthpartners.com,Journal Entry Reviewer,Which cost centers are over budget YTD?,SUCCESS,51.3,"FP&A Jan variance was $2,510,739 vs plan",2026-03-26T13:11:02Z
r44-0001184,jjohnson@summithealthpartners.com,AP Aging Analyst,Check covenant compliance for the revolver,SUCCESS,58.2,"Ops May variance was $4,237,605 vs plan",2026-03-26T13:43:15Z
r44-0001185,pmartin@summithealthpartners.com,Headcount Planner,Build the board deck cash slide for May,SUCCESS,20.0,"Ops May variance was $3,881,656 vs plan",2026-03-26T14:51:32Z
r44-0001186,bjones@summithealthpartners.com,Flux Commentary,Explain the headcount variance vs plan,SUCCESS,22.5,"FP&A Jun variance was $2,356,435 vs plan",2026-03-26T14:22:35Z
r44-0001187,nhaddad@summithealthpartners.com,Headcount Planner,Build the board deck cash slide for Jan,SUCCESS,14.6,"Treasury Jan variance was $4,774,843 vs plan",2026-03-27T09:09:20Z
r44-0001188,amoore@summithealthpartners.com,AP Aging Analyst,Reconcile AP aging over 90 days for EU-01,SUCCESS,42.1,"Accounting Jun variance was $3,435,154 vs plan",2026-03-27T15:15:21Z
r44-0001189,pmartin@summithealthpartners.com,Close Checklist Bot,Summarize the Mar variance for entity US-07,SUCCESS,24.8,"Ops Mar variance was $4,134,338 vs plan",2026-03-27T13:58:57Z
r44-0001190,nnguyen@summithealthpartners.com,AP Aging Analyst,Reconcile AP aging over 90 days for CA-02,PARTIAL,12.5,"Treasury Apr variance was $3,642,361 vs plan",2026-03-27T10:26:59Z
r44-0001191,amoore@summithealthpartners.com,Cash Forecaster,Why did Treasury spend exceed budget in Jun?,SUCCESS,55.1,"Treasury Jun variance was $2,305,374 vs plan",2026-03-27T10:31:47Z
r44-0001192,sdavis@summithealthpartners.com,Close Checklist Bot,Why did Accounting spend exceed budget in Jun?,SUCCESS,64.8,"Accounting Jun variance was $4,718,667 vs plan",2026-03-27T15:42:46Z
r44-0001193,amoore@summithealthpartners.com,Covenant Checker,Summarize the Apr variance for entity CA-03,FAIL,3.3,FAILED: null reference in aggregation step,2026-03-27T12:20:02Z
r44-0001194,bjones@summithealthpartners.com,Journal Entry Reviewer,Draft flux commentary for the Apr close,SUCCESS,70.6,"FP&A Apr variance was $3,311,456 vs plan",2026-03-27T13:56:34Z
r44-0001195,pmartin@summithealthpartners.com,Covenant Checker,Summarize the Jun variance for entity MX-02,SUCCESS,71.0,"Accounting Jun variance was $2,955,739 vs plan",2026-03-27T15:10:28Z
r44-0001196,bjones@summithealthpartners.com,Covenant Checker,Reconcile AP aging over 90 days for EU-05,SUCCESS,39.7,"Accounting Jun variance was $1,062,274 vs plan",2026-03-27T11:43:28Z
r44-0001197,pmartin@summithealthpartners.com,Close Checklist Bot,Build the board deck cash slide for May,SUCCESS,15.0,"Treasury May variance was $2,767,727 vs plan",2026-03-27T14:11:17Z
r44-0001198,prodriguez@summithealthpartners.com,Vendor Spend Analyzer,Why did Treasury spend exceed budget in Jun?,SUCCESS,67.2,"Treasury Jun variance was $1,051,570 vs plan",2026-03-27T08:26:47Z
r44-0001199,pmartin@summithealthpartners.com,Vendor Spend Analyzer,What drove the change in gross margin this quarter?,SUCCESS,23.5,"Accounting Jun variance was $2,452,862 vs plan",2026-03-27T14:37:55Z
r44-0001200,pmartin@summithealthpartners.com,AP Aging Analyst,Summarize the Mar variance for entity CA-01,SUCCESS,26.0,"FP&A Mar variance was $793,824 vs plan",2026-03-27T17:37:07Z
r44-0001201,mlewis@summithealthpartners.com,AP Aging Analyst,Why did Ops spend exceed budget in Jun?,SUCCESS,64.5,"Ops Jun variance was $1,195,402 vs plan",2026-03-27T09:02:52Z
r44-0001202,pmartin@summithealthpartners.com,Board Deck Builder,Build the board deck cash slide for Jun,SUCCESS,67.6,"Treasury Jun variance was $1,792,735 vs plan",2026-03-27T16:38:35Z
r44-0001203,amoore@summithealthpartners.com,Close Checklist Bot,Build the board deck cash slide for May,SUCCESS,58.5,"Accounting May variance was $665,823 vs plan",2026-03-27T12:09:57Z
r44-0001204,nnguyen@summithealthpartners.com,Journal Entry Reviewer,Forecast Apr operating cash flow,SUCCESS,63.8,"Accounting Apr variance was $3,312,665 vs plan",2026-03-27T14:37:13Z
r44-0001205,pmartin@summithealthpartners.com,Board Deck Builder,Why did FP&A spend exceed budget in Apr?,SUCCESS,44.7,"FP&A Apr variance was $3,065,815 vs plan",2026-03-27T15:42:08Z
r44-0001206,jnguyen@summithealthpartners.com,Vendor Spend Analyzer,What drove the change in gross margin this quarter?,SUCCESS,26.3,"FP&A Mar variance was $4,125,822 vs plan",2026-03-27T17:19:43Z
r44-0001207,pmartin@summithealthpartners.com,Vendor Spend Analyzer,Build the board deck cash slide for Mar,SUCCESS,18.2,"FP&A Mar variance was $1,645,338 vs plan",2026-03-27T10:06:55Z
r44-0001208,pmartin@summithealthpartners.com,Flux Commentary,Reconcile AP aging over 90 days for US-05,SUCCESS,62.2,"Ops Jan variance was $2,211,046 vs plan",2026-03-27T15:27:40Z
r44-0001209,pmartin@summithealthpartners.com,Cash Forecaster,Build the board deck cash slide for Mar,SUCCESS,34.3,"Accounting Mar variance was $2,204,300 vs plan",2026-03-27T15:27:20Z
r44-0001210,pmartin@summithealthpartners.com,Covenant Checker,Reconcile AP aging over 90 days for CA-04,SUCCESS,70.8,"Accounting Apr variance was $713,744 vs plan",2026-03-27T10:50:49Z
r44-0001211,pmartin@summithealthpartners.com,Journal Entry Reviewer,Draft flux commentary for the Apr close,SUCCESS,16.3,"Treasury Apr variance was $3,843,786 vs plan",2026-03-27T15:20:37Z
r44-0001212,pmartin@summithealthpartners.com,Journal Entry Reviewer,Reconcile AP aging over 90 days for EU-09,SUCCESS,66.5,"FP&A Apr variance was $3,467,416 vs plan",2026-03-27T10:15:14Z
r44-0001213,bjones@summithealthpartners.com,Flux Commentary,Build the board deck cash slide for Jun,SUCCESS,44.1,"Treasury Jun variance was $1,503,495 vs plan",2026-03-27T12:49:25Z
r44-0001214,jnguyen@summithealthpartners.com,Budget vs Actual,Check covenant compliance for the revolver,SUCCESS,36.8,"Ops May variance was $4,254,955 vs plan",2026-03-27T11:49:50Z
r44-0001215,bjones@summithealthpartners.com,Flux Commentary,Forecast May operating cash flow,SUCCESS,8.5,"Ops May variance was $2,400,782 vs plan",2026-03-27T14:26:47Z
r44-0001216,pmartin@summithealthpartners.com,AP Aging Analyst,Build the board deck cash slide for Feb,SUCCESS,42.1,"Treasury Feb variance was $1,755,514 vs plan",2026-03-27T11:14:05Z
r44-0001217,amoore@summithealthpartners.com,Flux Commentary,Build the board deck cash slide for Jun,SUCCESS,17.3,"Ops Jun variance was $3,919,791 vs plan",2026-03-27T19:46:09Z
r44-0001218,bjones@summithealthpartners.com,Headcount Planner,Draft flux commentary for the Jan close,SUCCESS,0.7,FAILED: null reference in aggregation step,2026-03-27T08:20:32Z
r44-0001219,amoore@summithealthpartners.com,Budget vs Actual,What drove the change in gross margin this quarter?,SUCCESS,6.9,"Treasury Mar variance was $3,905,485 vs plan",2026-03-27T14:40:13Z
r44-0001220,pmartin@summithealthpartners.com,Covenant Checker,Check covenant compliance for the revolver,PARTIAL,5.1,"Accounting Feb variance was $3,446,048 vs plan",2026-03-27T09:56:26Z
r44-0001221,amoore@summithealthpartners.com,Revenue Recognizer,Which cost centers are over budget YTD?,SUCCESS,72.1,"Ops Jun variance was $3,150,344 vs plan",2026-03-27T11:58:26Z
r44-0001222,bjones@summithealthpartners.com,Journal Entry Reviewer,Forecast Jan operating cash flow,SUCCESS,11.3,"Ops Jan variance was $545,986 vs plan",2026-03-27T12:44:55Z
r44-0001223,amoore@summithealthpartners.com,Budget vs Actual,Explain the headcount variance vs plan,SUCCESS,1.0,error code 502 from model gateway,2026-03-27T12:39:43Z
r44-0001224,mlewis@summithealthpartners.com,Budget vs Actual,Check covenant compliance for the revolver,SUCCESS,67.3,"FP&A Feb variance was $702,970 vs plan",2026-03-27T12:54:21Z
r44-0001225,amoore@summithealthpartners.com,Covenant Checker,Why did Ops spend exceed budget in Jan?,SUCCESS,67.4,"Ops Jan variance was $2,955,607 vs plan",2026-03-27T13:42:26Z
r44-0001226,bjones@summithealthpartners.com,Variance Explainer,Build the board deck cash slide for Apr,FAIL,2.2,Traceback (most recent call last): KeyError 'entity',2026-03-27T09:21:08Z
r44-0001227,jnguyen@summithealthpartners.com,Vendor Spend Analyzer,Reconcile AP aging over 90 days for EU-04,SUCCESS,9.7,"Ops May variance was $4,436,408 vs plan",2026-03-27T12:03:03Z
r44-0001228,pmartin@summithealthpartners.com,Revenue Recognizer,Why did FP&A spend exceed budget in Apr?,SUCCESS,68.7,"FP&A Apr variance was $1,858,846 vs plan",2026-03-27T16:03:52Z
r44-0001229,jjohnson@summithealthpartners.com,Budget vs Actual,Summarize the May variance for entity CA-08,SUCCESS,7.3,"Treasury May variance was $1,570,960 vs plan",2026-03-28T11:31:27Z
r44-0001230,mlewis@summithealthpartners.com,Board Deck Builder,Reconcile AP aging over 90 days for MX-01,SUCCESS,69.3,"Accounting Feb variance was $2,556,397 vs plan",2026-03-28T15:56:57Z
r44-0001231,pmartin@summithealthpartners.com,Vendor Spend Analyzer,Forecast Feb operating cash flow,SUCCESS,55.0,"Treasury Feb variance was $774,189 vs plan",2026-03-28T10:44:49Z
r44-0001232,jjohnson@summithealthpartners.com,Budget vs Actual,Summarize the May variance for entity MX-02,PARTIAL,45.5,"Ops May variance was $3,286,650 vs plan",2026-03-28T11:13:33Z
r44-0001233,pmartin@summithealthpartners.com,Board Deck Builder,Explain the headcount variance vs plan,SUCCESS,15.8,"Treasury Mar variance was $4,482,853 vs plan",2026-03-28T09:04:34Z
r44-0001234,pmartin@summithealthpartners.com,Variance Explainer,Why did Accounting spend exceed budget in Jan?,FAIL,4.4,Traceback (most recent call last): KeyError 'entity',2026-03-28T13:26:04Z
r44-0001235,kperez@summithealthpartners.com,Cash Forecaster,Which cost centers are over budget YTD?,SUCCESS,46.1,"Ops Jun variance was $2,579,449 vs plan",2026-03-28T12:23:43Z
r44-0001236,pmartin@summithealthpartners.com,Journal Entry Reviewer,Draft flux commentary for the Feb close,SUCCESS,4.2,"Ops Feb variance was $4,650,599 vs plan",2026-03-28T13:49:50Z
r44-0001237,bjones@summithealthpartners.com,Covenant Checker,Build the board deck cash slide for Apr,SUCCESS,1.9,error code 502 from model gateway,2026-03-28T12:09:10Z
r44-0001238,bjones@summithealthpartners.com,AP Aging Analyst,Check covenant compliance for the revolver,SUCCESS,73.5,"FP&A Jan variance was $3,812,646 vs plan",2026-03-28T14:13:44Z
r44-0001239,pmartin@summithealthpartners.com,Variance Explainer,Explain the headcount variance vs plan,SUCCESS,17.4,"FP&A Jan variance was $1,497,608 vs plan",2026-03-28T09:16:23Z
r44-0001240,jlewis@summithealthpartners.com,Budget vs Actual,What drove the change in gross margin this quarter?,SUCCESS,38.2,"Treasury Mar variance was $4,354,673 vs plan",2026-03-28T09:51:03Z
r44-0001241,amoore@summithealthpartners.com,Cash Forecaster,What drove the change in gross margin this quarter?,SUCCESS,48.5,"Ops Jan variance was $2,701,416 vs plan",2026-03-28T09:27:57Z
r44-0001242,amoore@summithealthpartners.com,Covenant Checker,Forecast Jun operating cash flow,SUCCESS,1.5,Traceback (most recent call last): KeyError 'entity',2026-03-28T11:34:58Z
r44-0001243,jjohnson@summithealthpartners.com,Vendor Spend Analyzer,Summarize the Jun variance for entity CA-04,SUCCESS,69.7,"Treasury Jun variance was $2,131,884 vs plan",2026-03-28T16:57:49Z
r44-0001244,pmartin@summithealthpartners.com,AP Aging Analyst,Forecast Jan operating cash flow,SUCCESS,36.8,"Accounting Jan variance was $85,990 vs plan",2026-03-28T09:59:31Z
r44-0001245,pmartin@summithealthpartners.com,Flux Commentary,Forecast Feb operating cash flow,SUCCESS,45.8,"Treasury Feb variance was $1,061,609 vs plan",2026-03-29T14:48:45Z
r44-0001246,pmartin@summithealthpartners.com,Journal Entry Reviewer,Forecast Mar operating cash flow,FAIL,4.6,ERROR: upstream request timed out,2026-03-29T12:58:48Z
r44-0001247,jnguyen@summithealthpartners.com,Board Deck Builder,Draft flux commentary for the Feb close,SUCCESS,1.1,error: connection reset by peer,2026-03-29T14:35:19Z
r44-0001248,jwilliams@summithealthpartners.com,Flux Commentary,Reconcile AP aging over 90 days for CA-07,SUCCESS,4.3,"Treasury Apr variance was $3,563,297 vs plan",2026-03-29T06:15:52Z
r44-0001249,kperez@summithealthpartners.com,Board Deck Builder,Draft flux commentary for the Mar close,SUCCESS,24.7,"Accounting Mar variance was $765,824 vs plan",2026-03-29T16:48:02Z
r44-0001250,jnguyen@summithealthpartners.com,Board Deck Builder,Which cost centers are over budget YTD?,FAIL,3.4,error: connection reset by peer,2026-03-29T13:36:50Z
r44-0001251,dlopez2@summithealthpartners.com,Revenue Recognizer,Summarize the May variance for entity MX-07,SUCCESS,62.6,"FP&A May variance was $1,853,211 vs plan",2026-03-29T09:15:01Z
r44-0001252,jdavis@summithealthpartners.com,Covenant Checker,Build the board deck cash slide for Jun,SUCCESS,29.4,"Treasury Jun variance was $2,908,418 vs plan",2026-03-29T11:58:14Z
r44-0001253,jnguyen@summithealthpartners.com,Flux Commentary,Which cost centers are over budget YTD?,SUCCESS,0.4,ERROR: upstream request timed out,2026-03-29T15:43:12Z
r44-0001254,pmartin@summithealthpartners.com,Revenue Recognizer,Why did FP&A spend exceed budget in Jun?,SUCCESS,67.4,"FP&A Jun variance was $2,417,194 vs plan",2026-03-29T13:06:54Z
r44-0001255,amoore@summithealthpartners.com,AP Aging Analyst,Explain the headcount variance vs plan,SUCCESS,39.1,"Treasury May variance was $530,024 vs plan",2026-03-29T15:29:04Z
r44-0001256,pmartin@summithealthpartners.com,Board Deck Builder,Check covenant compliance for the revolver,SUCCESS,66.8,"Treasury Mar variance was $1,718,223 vs plan",2026-03-29T14:13:28Z
r44-0001257,pmartin@summithealthpartners.com,Board Deck Builder,Why did FP&A spend exceed budget in Apr?,SUCCESS,71.9,"FP&A Apr variance was $3,069,809 vs plan",2026-03-29T18:48:36Z
r44-0001258,amoore@summithealthpartners.com,Flux Commentary,What drove the change in gross margin this quarter?,SUCCESS,10.9,"Accounting Mar variance was $1,441,664 vs plan",2026-03-29T13:53:16Z
r44-0001259,amoore@summithealthpartners.com,Close Checklist Bot,Which cost centers are over budget YTD?,SUCCESS,17.3,"Accounting Mar variance was $762,397 vs plan",2026-03-29T14:02:47Z
r44-0001260,jwilson@summithealthpartners.com,Flux Commentary,Build the board deck cash slide for Mar,SUCCESS,40.4,"FP&A Mar variance was $457,045 vs plan",2026-03-29T18:53:53Z
r44-0001261,pmartin@summithealthpartners.com,Vendor Spend Analyzer,Check covenant compliance for the revolver,SUCCESS,51.8,"FP&A May variance was $2,749,475 vs plan",2026-03-29T14:40:23Z
r44-0001262,jjohnson@summithealthpartners.com,Cash Forecaster,Build the board deck cash slide for Mar,SUCCESS,46.1,"Ops Mar variance was $1,798,589 vs plan",2026-03-29T08:09:33Z
r44-0001263,pmartin@summithealthpartners.com,Close Checklist Bot,Why did Treasury spend exceed budget in Feb?,SUCCESS,43.8,"Treasury Feb variance was $494,212 vs plan",2026-03-29T09:15:39Z
r44-0001264,pmartin@summithealthpartners.com,Cash Forecaster,Check covenant compliance for the revolver,SUCCESS,4.1,"Ops Jan variance was $1,590,833 vs plan",2026-03-29T15:58:36Z
r44-0001265,jwilson@summithealthpartners.com,Close Checklist Bot,Reconcile AP aging over 90 days for US-02,SUCCESS,57.0,"FP&A Jan variance was $1,599,167 vs plan",2026-03-30T08:54:52Z
r44-0001266,mlewis@summithealthpartners.com,Revenue Recognizer,What drove the change in gross margin this quarter?,SUCCESS,11.5,"Ops Jan variance was $2,363,391 vs plan",2026-03-30T16:10:42Z
r44-0001267,pmartin@summithealthpartners.com,Budget vs Actual,Check covenant compliance for the revolver,SUCCESS,10.4,"Accounting Jan variance was $1,131,531 vs plan",2026-03-30T16:53:22Z
r44-0001268,amoore@summithealthpartners.com,Board Deck Builder,Build the board deck cash slide for Feb,SUCCESS,0.7,FAILED: null reference in aggregation step,2026-03-30T14:38:22Z
r44-0001269,bjones@summithealthpartners.com,Budget vs Actual,Explain the headcount variance vs plan,SUCCESS,26.2,"Treasury Jan variance was $2,538,776 vs plan",2026-03-30T09:15:07Z
r44-0001270,pmartin@summithealthpartners.com,Journal Entry Reviewer,What drove the change in gross margin this quarter?,FAIL,1.4,FAILED: null reference in aggregation step,2026-03-30T11:58:10Z
r44-0001271,amoore@summithealthpartners.com,Cash Forecaster,Summarize the Jun variance for entity US-03,SUCCESS,73.3,"Accounting Jun variance was $1,165,697 vs plan",2026-03-30T07:15:27Z
r44-0001272,pmartin@summithealthpartners.com,Journal Entry Reviewer,Which cost centers are over budget YTD?,SUCCESS,72.9,"FP&A May variance was $4,258,562 vs plan",2026-03-30T13:44:02Z
r44-0001273,jdavis@summithealthpartners.com,Variance Explainer,Summarize the Mar variance for entity EU-05,SUCCESS,55.4,"Treasury Mar variance was $1,430,430 vs plan",2026-03-30T15:54:45Z
r44-0001274,pmartin@summithealthpartners.com,Board Deck Builder,Reconcile AP aging over 90 days for EU-08,SUCCESS,21.8,"Accounting Jun variance was $4,615,594 vs plan",2026-03-30T09:23:50Z
r44-0001275,jjohnson@summithealthpartners.com,Headcount Planner,Forecast May operating cash flow,SUCCESS,27.3,"Accounting May variance was $2,665,593 vs plan",2026-03-30T16:40:17Z
r44-0001276,nhaddad@summithealthpartners.com,Revenue Recognizer,Why did Ops spend exceed budget in Mar?,PARTIAL,12.7,"Ops Mar variance was $3,991,330 vs plan",2026-03-30T13:57:02Z
r44-0001277,prodriguez@summithealthpartners.com,Covenant Checker,Check covenant compliance for the revolver,SUCCESS,42.8,"FP&A Jan variance was $1,956,958 vs plan",2026-03-30T07:33:51Z
r44-0001278,sbrown@summithealthpartners.com,Cash Forecaster,Why did Accounting spend exceed budget in May?,SUCCESS,56.2,"Accounting May variance was $3,967,430 vs plan",2026-03-30T13:04:19Z
r44-0001279,pmartin@summithealthpartners.com,Variance Explainer,Build the board deck cash slide for Jan,SUCCESS,8.4,"Accounting Jan variance was $4,558,131 vs plan",2026-03-30T07:38:41Z
r44-0001280,mlewis@summithealthpartners.com,Close Checklist Bot,Build the board deck cash slide for Jun,SUCCESS,60.0,"Ops Jun variance was $249,617 vs plan",2026-03-30T13:06:26Z
r44-0001281,pmartin@summithealthpartners.com,Vendor Spend Analyzer,Explain the headcount variance vs plan,SUCCESS,45.6,"FP&A Jan variance was $4,724,126 vs plan",2026-03-30T09:30:26Z
r44-0001282,pmartin@summithealthpartners.com,Headcount Planner,Summarize the Mar variance for entity CA-05,SUCCESS,66.0,"Accounting Mar variance was $2,718,113 vs plan",2026-03-30T07:17:42Z
r44-0001283,jlewis@summithealthpartners.com,Variance Explainer,Draft flux commentary for the Mar close,SUCCESS,53.7,"Accounting Mar variance was $3,166,423 vs plan",2026-03-30T11:11:51Z
r44-0001284,jnguyen@summithealthpartners.com,Covenant Checker,Build the board deck cash slide for Feb,SUCCESS,68.0,"Ops Feb variance was $192,498 vs plan",2026-03-30T08:56:38Z
r44-0001285,pmartin@summithealthpartners.com,Close Checklist Bot,Check covenant compliance for the revolver,SUCCESS,72.8,"Accounting Jun variance was $3,278,242 vs plan",2026-03-30T12:21:04Z
r44-0001286,jnguyen@summithealthpartners.com,Journal Entry Reviewer,Explain the headcount variance vs plan,SUCCESS,39.3,"Accounting Jun variance was $3,361,855 vs plan",2026-03-30T10:56:38Z
r44-0001287,pmartin@summithealthpartners.com,Flux Commentary,What drove the change in gross margin this quarter?,SUCCESS,14.9,"Ops May variance was $4,367,196 vs plan",2026-03-30T11:55:56Z
r44-0001288,jwilliams@summithealthpartners.com,Flux Commentary,Build the board deck cash slide for Jan,SUCCESS,1.7,FAILED: null reference in aggregation step,2026-03-30T10:33:52Z
r44-0001289,jdavis@summithealthpartners.com,Flux Commentary,Summarize the May variance for entity EU-07,SUCCESS,47.5,"Ops May variance was $2,466,893 vs plan",2026-03-30T16:00:22Z
r44-0001290,pmartin@summithealthpartners.com,Close Checklist Bot,Which cost centers are over budget YTD?,SUCCESS,18.2,"Treasury Feb variance was $4,175,940 vs plan",2026-03-30T13:34:14Z
r44-0001291,bjones@summithealthpartners.com,Close Checklist Bot,Check covenant compliance for the revolver,SUCCESS,49.3,"Ops Jun variance was $3,345,048 vs plan",2026-03-30T14:34:44Z
r44-0001292,amoore@summithealthpartners.com,Vendor Spend Analyzer,Forecast Apr operating cash flow,SUCCESS,6.8,"Ops Apr variance was $1,061,817 vs plan",2026-03-30T15:29:25Z
r44-0001293,pmartin@summithealthpartners.com,Covenant Checker,Build the board deck cash slide for Feb,SUCCESS,59.8,"Ops Feb variance was $2,333,684 vs plan",2026-03-30T15:56:54Z
r44-0001294,jwilson@summithealthpartners.com,Revenue Recognizer,Check covenant compliance for the revolver,SUCCESS,7.1,"Accounting Mar variance was $4,514,144 vs plan",2026-03-30T14:53:47Z
r44-0001295,mharris@summithealthpartners.com,Budget vs Actual,Build the board deck cash slide for Apr,SUCCESS,4.5,"Treasury Apr variance was $1,925,650 vs plan",2026-03-30T08:58:03Z
r44-0001296,jjohnson@summithealthpartners.com,Board Deck Builder,Explain the headcount variance vs plan,SUCCESS,7.3,"FP&A Apr variance was $4,468,175 vs plan",2026-03-30T16:51:23Z
r44-0001297,amoore@summithealthpartners.com,Budget vs Actual,Build the board deck cash slide for Jan,SUCCESS,71.2,"Treasury Jan variance was $2,589,511 vs plan",2026-03-30T16:37:30Z
r44-0001298,jlewis@summithealthpartners.com,Vendor Spend Analyzer,Which cost centers are over budget YTD?,SUCCESS,61.9,"FP&A Feb variance was $3,296,782 vs plan",2026-03-30T09:19:00Z
r44-0001299,sbrown@summithealthpartners.com,Variance Explainer,What drove the change in gross margin this quarter?,SUCCESS,6.6,"Accounting Mar variance was $2,376,465 vs plan",2026-03-30T13:05:53Z
r44-0001300,bjones@summithealthpartners.com,Budget vs Actual,Reconcile AP aging over 90 days for CA-01,SUCCESS,13.1,"Treasury Jun variance was $97,276 vs plan",2026-03-30T10:45:32Z
r44-0001301,jwilliams@summithealthpartners.com,Variance Explainer,Forecast Jan operating cash flow,SUCCESS,22.9,"Ops Jan variance was $3,079,247 vs plan",2026-03-30T17:56:28Z
r44-0001302,bjones@summithealthpartners.com,Close Checklist Bot,Summarize the Jun variance for entity EU-05,SUCCESS,6.0,"FP&A Jun variance was $824,301 vs plan",2026-03-30T12:02:22Z
r44-0001303,mharris@summithealthpartners.com,Variance Explainer,Forecast Feb operating cash flow,SUCCESS,32.9,"FP&A Feb variance was $3,256,399 vs plan",2026-03-30T06:21:47Z
r44-0001304,jlewis@summithealthpartners.com,Flux Commentary,Forecast Apr operating cash flow,PARTIAL,64.5,"Accounting Apr variance was $3,334,076 vs plan",2026-03-30T13:44:51Z
r44-0001305,mharris@summithealthpartners.com,Budget vs Actual,Why did Accounting spend exceed budget in Mar?,SUCCESS,0.8,FAILED: null reference in aggregation step,2026-03-30T12:06:07Z
r44-0001306,jwilliams@summithealthpartners.com,Vendor Spend Analyzer,Draft flux commentary for the Apr close,FAIL,7.0,FAILED: null reference in aggregation step,2026-03-30T15:33:04Z
r44-0001307,pmartin@summithealthpartners.com,Cash Forecaster,Explain the headcount variance vs plan,SUCCESS,7.2,"Treasury May variance was $1,509,920 vs plan",2026-03-30T11:08:09Z
r44-0001308,kperez@summithealthpartners.com,Headcount Planner,Summarize the Feb variance for entity CA-02,SUCCESS,8.2,"Ops Feb variance was $4,793,648 vs plan",2026-03-30T09:02:24Z
r44-0001309,pmartin@summithealthpartners.com,Close Checklist Bot,Forecast Jun operating cash flow,SUCCESS,63.3,"Treasury Jun variance was $380,948 vs plan",2026-03-30T08:20:02Z
r44-0001310,bjones@summithealthpartners.com,Covenant Checker,What drove the change in gross margin this quarter?,SUCCESS,20.5,"Ops Jun variance was $1,859,699 vs plan",2026-03-30T12:39:20Z
r44-0001311,mlewis@summithealthpartners.com,Flux Commentary,Summarize the Feb variance for entity US-03,SUCCESS,63.8,"FP&A Feb variance was $3,094,446 vs plan",2026-03-30T13:30:32Z
r44-0001312,amoore@summithealthpartners.com,Cash Forecaster,Check covenant compliance for the revolver,SUCCESS,41.5,"Treasury Feb variance was $3,458,238 vs plan",2026-03-30T14:48:08Z
r44-0001313,bjones@summithealthpartners.com,AP Aging Analyst,Draft flux commentary for the Jan close,SUCCESS,5.2,"Treasury Jan variance was $696,741 vs plan",2026-03-30T08:05:45Z
r44-0001314,jnguyen@summithealthpartners.com,Flux Commentary,Forecast Jun operating cash flow,SUCCESS,28.0,"FP&A Jun variance was $2,740,162 vs plan",2026-03-30T21:22:13Z
r44-0001315,pmartin@summithealthpartners.com,Variance Explainer,Build the board deck cash slide for Jan,SUCCESS,9.1,"FP&A Jan variance was $3,549,632 vs plan",2026-03-30T15:35:20Z
r44-0001316,mharris@summithealthpartners.com,Journal Entry Reviewer,What drove the change in gross margin this quarter?,SUCCESS,70.5,"Treasury May variance was $263,886 vs plan",2026-03-31T14:07:05Z
r44-0001317,bjones@summithealthpartners.com,Headcount Planner,Summarize the Jan variance for entity MX-07,SUCCESS,12.9,"Ops Jan variance was $2,368,307 vs plan",2026-03-31T15:35:08Z
r44-0001318,mlewis@summithealthpartners.com,Budget vs Actual,Build the board deck cash slide for Jan,SUCCESS,41.4,"Ops Jan variance was $4,323,469 vs plan",2026-03-31T13:29:54Z
r44-0001319,pmartin@summithealthpartners.com,Board Deck Builder,Explain the headcount variance vs plan,SUCCESS,0.6,FAILED: null reference in aggregation step,2026-03-31T11:20:07Z
r44-0001320,jwilliams@summithealthpartners.com,Journal Entry Reviewer,What drove the change in gross margin this quarter?,FAIL,1.5,error code 502 from model gateway,2026-03-31T11:22:42Z
r44-0001321,jwilliams@summithealthpartners.com,Vendor Spend Analyzer,Why did Accounting spend exceed budget in Feb?,SUCCESS,63.3,"Accounting Feb variance was $3,546,800 vs plan",2026-03-31T19:12:47Z
r44-0001322,pmartin@summithealthpartners.com,AP Aging Analyst,Reconcile AP aging over 90 days for US-02,SUCCESS,14.9,"Treasury Jan variance was $271,739 vs plan",2026-03-31T13:34:48Z
r44-0001323,pmartin@summithealthpartners.com,Vendor Spend Analyzer,Check covenant compliance for the revolver,SUCCESS,6.0,"Ops Mar variance was $3,029,935 vs plan",2026-03-31T13:31:25Z
r44-0001324,amoore@summithealthpartners.com,Vendor Spend Analyzer,Forecast Jan operating cash flow,SUCCESS,4.1,"FP&A Jan variance was $2,827,906 vs plan",2026-03-31T11:39:21Z
r44-0001325,pmartin@summithealthpartners.com,Variance Explainer,Reconcile AP aging over 90 days for US-04,PARTIAL,69.1,"Accounting May variance was $1,049,665 vs plan",2026-03-31T10:35:20Z
r44-0001326,pmartin@summithealthpartners.com,Journal Entry Reviewer,Explain the headcount variance vs plan,SUCCESS,28.7,"Accounting Jun variance was $3,537,358 vs plan",2026-03-31T11:14:34Z
r44-0001327,pmartin@summithealthpartners.com,Budget vs Actual,Draft flux commentary for the Mar close,SUCCESS,69.4,"Accounting Mar variance was $121,587 vs plan",2026-03-31T14:14:10Z
r44-0001328,nnguyen@summithealthpartners.com,Journal Entry Reviewer,Which cost centers are over budget YTD?,SUCCESS,37.4,"FP&A Mar variance was $3,831,483 vs plan",2026-03-31T13:53:26Z
r44-0001329,pmartin@summithealthpartners.com,Budget vs Actual,Summarize the Mar variance for entity CA-05,SUCCESS,59.7,"Treasury Mar variance was $2,022,910 vs plan",2026-03-31T15:11:19Z
r44-0001330,jjohnson@summithealthpartners.com,Revenue Recognizer,Summarize the Feb variance for entity US-06,SUCCESS,19.9,"Ops Feb variance was $1,561,396 vs plan",2026-03-31T12:54:40Z
r44-0001331,kperez@summithealthpartners.com,Vendor Spend Analyzer,Summarize the Feb variance for entity US-02,SUCCESS,6.7,"FP&A Feb variance was $3,152,408 vs plan",2026-03-31T15:27:51Z
r44-0001332,jnguyen@summithealthpartners.com,Headcount Planner,Why did FP&A spend exceed budget in May?,SUCCESS,7.2,"FP&A May variance was $785,807 vs plan",2026-03-31T13:34:17Z
r44-0001333,jnguyen@summithealthpartners.com,Close Checklist Bot,What drove the change in gross margin this quarter?,SUCCESS,0.2,ERROR: upstream request timed out,2026-03-31T16:59:02Z
r44-0001334,bjones@summithealthpartners.com,Journal Entry Reviewer,Reconcile AP aging over 90 days for US-05,SUCCESS,43.8,"Accounting Feb variance was $572,429 vs plan",2026-03-31T12:06:36Z
r44-0001335,mlewis@summithealthpartners.com,Revenue Recognizer,Forecast Apr operating cash flow,SUCCESS,54.8,"FP&A Apr variance was $1,252,739 vs plan",2026-03-31T09:33:15Z
r44-0001336,jwilliams@summithealthpartners.com,Journal Entry Reviewer,Summarize the Mar variance for entity EU-02,SUCCESS,31.5,"Accounting Mar variance was $683,057 vs plan",2026-03-31T13:55:49Z
r44-0001337,nhaddad@summithealthpartners.com,Covenant Checker,What drove the change in gross margin this quarter?,FAIL,5.2,error code 502 from model gateway,2026-03-31T07:32:31Z
r44-0001338,pmartin@summithealthpartners.com,Vendor Spend Analyzer,Why did Treasury spend exceed budget in Jan?,SUCCESS,32.8,"Treasury Jan variance was $2,734,953 vs plan",2026-03-31T12:07:56Z
r44-0001339,pmartin@summithealthpartners.com,Journal Entry Reviewer,Build the board deck cash slide for Jun,FAIL,3.2,error: connection reset by peer,2026-03-31T09:13:40Z
r44-0001340,mlewis@summithealthpartners.com,Board Deck Builder,What drove the change in gross margin this quarter?,SUCCESS,32.1,"Accounting May variance was $803,946 vs plan",2026-03-31T10:00:44Z
r44-0001341,sbrown@summithealthpartners.com,Covenant Checker,What drove the change in gross margin this quarter?,SUCCESS,5.6,"Accounting Jun variance was $4,028,873 vs plan",2026-03-31T09:23:56Z
r44-0001342,amoore@summithealthpartners.com,Revenue Recognizer,Summarize the Apr variance for entity US-07,SUCCESS,19.6,"Treasury Apr variance was $3,483,540 vs plan",2026-03-31T08:32:03Z
r44-0001343,jlewis@summithealthpartners.com,Board Deck Builder,Draft flux commentary for the Apr close,SUCCESS,15.1,"Ops Apr variance was $3,325,444 vs plan",2026-03-31T08:01:11Z
r44-0001344,pmartin@summithealthpartners.com,Budget vs Actual,Summarize the Mar variance for entity EU-01,SUCCESS,34.5,"FP&A Mar variance was $1,005,822 vs plan",2026-03-31T11:03:32Z
r44-0001345,amoore@summithealthpartners.com,Revenue Recognizer,Explain the headcount variance vs plan,SUCCESS,25.0,"Treasury May variance was $4,012,642 vs plan",2026-03-31T12:59:51Z
r44-0001346,pmartin@summithealthpartners.com,Flux Commentary,Reconcile AP aging over 90 days for MX-04,SUCCESS,0.4,error code 502 from model gateway,2026-03-31T12:34:22Z
r44-0001347,amoore@summithealthpartners.com,Headcount Planner,Which cost centers are over budget YTD?,FAIL,5.4,Traceback (most recent call last): KeyError 'entity',2026-03-31T10:29:34Z
r44-0001348,pmartin@summithealthpartners.com,Flux Commentary,Which cost centers are over budget YTD?,SUCCESS,60.9,"Accounting Jan variance was $109,412 vs plan",2026-03-31T13:58:57Z
r44-0001349,pmartin@summithealthpartners.com,Board Deck Builder,Summarize the Mar variance for entity EU-05,SUCCESS,72.2,"FP&A Mar variance was $4,355,601 vs plan",2026-03-31T11:35:51Z
r44-0001350,jdavis@summithealthpartners.com,Covenant Checker,Reconcile AP aging over 90 days for US-05,SUCCESS,26.6,"Treasury Jun variance was $4,668,052 vs plan",2026-03-31T12:00:24Z
r44-0001351,pmartin@summithealthpartners.com,Close Checklist Bot,Forecast Apr operating cash flow,SUCCESS,1.1,Traceback (most recent call last): KeyError 'entity',2026-03-31T19:14:18Z
r44-0001352,amoore@summithealthpartners.com,AP Aging Analyst,Which cost centers are over budget YTD?,SUCCESS,30.6,"Accounting May variance was $1,231,749 vs plan",2026-03-31T15:14:00Z
r44-0001353,jjohnson@summithealthpartners.com,Board Deck Builder,Explain the headcount variance vs plan,SUCCESS,74.5,"Treasury Apr variance was $4,749,059 vs plan",2026-03-31T11:02:10Z
r44-0001354,amoore@summithealthpartners.com,Board Deck Builder,Check covenant compliance for the revolver,SUCCESS,41.1,"Ops Apr variance was $4,327,700 vs plan",2026-03-31T06:26:29Z
r44-0001355,pmartin@summithealthpartners.com,Revenue Recognizer,Build the board deck cash slide for Jan,PARTIAL,33.9,"Ops Jan variance was $558,754 vs plan",2026-03-31T12:32:00Z
r44-0001356,jnguyen@summithealthpartners.com,AP Aging Analyst,Reconcile AP aging over 90 days for MX-05,SUCCESS,20.5,"Treasury May variance was $1,135,215 vs plan",2026-03-31T17:21:48Z
r44-0001357,pmartin@summithealthpartners.com,AP Aging Analyst,Reconcile AP aging over 90 days for EU-03,SUCCESS,44.2,"Treasury Jan variance was $2,777,572 vs plan",2026-03-31T12:03:51Z
r44-0001358,bjones@summithealthpartners.com,Covenant Checker,Reconcile AP aging over 90 days for US-04,SUCCESS,72.9,"Ops Mar variance was $745,191 vs plan",2026-03-31T10:43:57Z
r44-0001359,pmartin@summithealthpartners.com,AP Aging Analyst,Check covenant compliance for the revolver,FAIL,2.3,error: connection reset by peer,2026-03-31T12:55:39Z
r44-0001360,jlewis@summithealthpartners.com,Flux Commentary,Why did Accounting spend exceed budget in Mar?,SUCCESS,30.5,"Accounting Mar variance was $3,298,767 vs plan",2026-03-31T13:23:01Z
r44-0001361,amoore@summithealthpartners.com,Cash Forecaster,Why did Treasury spend exceed budget in Apr?,PARTIAL,73.3,"Treasury Apr variance was $2,663,474 vs plan",2026-03-31T17:36:04Z
r44-0001362,bjones@summithealthpartners.com,Headcount Planner,Forecast Feb operating cash flow,SUCCESS,0.9,ERROR: upstream request timed out,2026-03-31T10:24:20Z
r44-0001363,bjones@summithealthpartners.com,Cash Forecaster,Explain the headcount variance vs plan,SUCCESS,26.1,"FP&A Mar variance was $1,937,893 vs plan",2026-03-31T10:10:08Z
r44-0001364,amoore@summithealthpartners.com,Headcount Planner,Which cost centers are over budget YTD?,SUCCESS,68.4,"Treasury Jun variance was $2,529,637 vs plan",2026-03-31T14:05:30Z
r44-0001365,amoore@summithealthpartners.com,Revenue Recognizer,Forecast Mar operating cash flow,SUCCESS,44.0,"Ops Mar variance was $2,927,488 vs plan",2026-03-31T14:35:54Z
r44-0001366,bjones@summithealthpartners.com,Variance Explainer,What drove the change in gross margin this quarter?,SUCCESS,1.3,error code 502 from model gateway,2026-03-31T09:14:26Z
r44-0001367,jnguyen@summithealthpartners.com,Variance Explainer,Which cost centers are over budget YTD?,SUCCESS,9.6,"Accounting Mar variance was $410,205 vs plan",2026-03-31T12:56:01Z
r44-0001368,mlewis@summithealthpartners.com,Headcount Planner,Build the board deck cash slide for Jun,SUCCESS,31.7,"Accounting Jun variance was $2,576,470 vs plan",2026-03-31T13:41:46Z
r44-0001369,pmartin@summithealthpartners.com,Journal Entry Reviewer,Check covenant compliance for the revolver,SUCCESS,29.3,"Ops Mar variance was $1,497,637 vs plan",2026-03-31T13:07:59Z
r44-0001370,pmartin@summithealthpartners.com,Vendor Spend Analyzer,Which cost centers are over budget YTD?,SUCCESS,29.4,"Accounting Apr variance was $2,192,125 vs plan",2026-03-31T10:09:46Z
r44-0001371,pmartin@summithealthpartners.com,Variance Explainer,Build the board deck cash slide for May,SUCCESS,0.9,FAILED: null reference in aggregation step,2026-03-31T08:58:14Z
r44-0001372,mlewis@summithealthpartners.com,Headcount Planner,Draft flux commentary for the Feb close,SUCCESS,69.5,"Treasury Feb variance was $4,039,163 vs plan",2026-03-31T07:14:30Z
r44-0001373,kperez@summithealthpartners.com,Revenue Recognizer,Why did Treasury spend exceed budget in Jan?,FAIL,3.9,error: connection reset by peer,2026-03-31T11:55:27Z
r44-0001374,pmartin@summithealthpartners.com,Close Checklist Bot,Which cost centers are over budget YTD?,SUCCESS,59.0,"Ops Mar variance was $4,572,809 vs plan",2026-03-31T12:54:44Z
r44-0001375,jnguyen@summithealthpartners.com,Variance Explainer,Forecast May operating cash flow,SUCCESS,38.7,"Treasury May variance was $619,980 vs plan",2026-03-31T12:25:33Z
r44-0001376,amoore@summithealthpartners.com,Headcount Planner,Build the board deck cash slide for Apr,SUCCESS,72.5,"Accounting Apr variance was $671,334 vs plan",2026-03-31T08:31:21Z
r44-0001377,mlewis@summithealthpartners.com,Variance Explainer,What drove the change in gross margin this quarter?,SUCCESS,18.2,"Ops Mar variance was $4,335,970 vs plan",2026-03-31T12:56:18Z
r44-0001378,prodriguez@summithealthpartners.com,Variance Explainer,Why did Treasury spend exceed budget in Mar?,SUCCESS,53.3,"Treasury Mar variance was $3,357,969 vs plan",2026-03-31T07:35:51Z
r44-0001379,jlewis@summithealthpartners.com,Covenant Checker,Explain the headcount variance vs plan,SUCCESS,14.5,"Treasury Feb variance was $2,604,457 vs plan",2026-03-31T11:25:34Z
r44-0001380,amoore@summithealthpartners.com,Close Checklist Bot,Build the board deck cash slide for Apr,SUCCESS,15.2,"Treasury Apr variance was $1,676,457 vs plan",2026-03-31T06:03:03Z
r44-0001381,pmartin@summithealthpartners.com,Budget vs Actual,Check covenant compliance for the revolver,SUCCESS,28.1,"FP&A Mar variance was $1,529,238 vs plan",2026-03-31T13:02:07Z
r44-0001382,mharris@summithealthpartners.com,Close Checklist Bot,Summarize the Jun variance for entity US-02,SUCCESS,28.0,"Treasury Jun variance was $3,878,037 vs plan",2026-03-31T14:34:47Z
r44-0001383,jwilson@summithealthpartners.com,Budget vs Actual,Which cost centers are over budget YTD?,SUCCESS,47.1,"Ops Mar variance was $4,231,210 vs plan",2026-03-31T13:41:56Z
r44-0001384,amoore@summithealthpartners.com,Journal Entry Reviewer,Why did Accounting spend exceed budget in May?,SUCCESS,28.6,"Accounting May variance was $2,693,173 vs plan",2026-03-31T13:19:58Z
r44-0001385,pmartin@summithealthpartners.com,Cash Forecaster,Summarize the Jun variance for entity US-01,SUCCESS,33.3,"Treasury Jun variance was $2,599,170 vs plan",2026-03-31T11:53:06Z
r44-0001386,pmartin@summithealthpartners.com,Flux Commentary,Check covenant compliance for the revolver,SUCCESS,3.7,"FP&A Feb variance was $1,505,835 vs plan",2026-03-31T06:59:05Z
r44-0001387,jnguyen@summithealthpartners.com,Journal Entry Reviewer,Build the board deck cash slide for Feb,PARTIAL,47.2,"Ops Feb variance was $2,812,308 vs plan",2026-03-31T12:40:27Z
r44-0001388,pmartin@summithealthpartners.com,Close Checklist Bot,Draft flux commentary for the Jun close,SUCCESS,25.4,"Treasury Jun variance was $2,928,639 vs plan",2026-03-31T13:21:26Z
r44-0001389,pmartin@summithealthpartners.com,Budget vs Actual,Check covenant compliance for the revolver,SUCCESS,66.3,"Treasury May variance was $3,749,814 vs plan",2026-04-01T10:14:54Z
r44-0001390,bjones@summithealthpartners.com,Flux Commentary,Forecast Mar operating cash flow,SUCCESS,42.0,"Ops Mar variance was $1,326,796 vs plan",2026-04-01T06:14:49Z
r44-0001391,pmartin@summithealthpartners.com,Covenant Checker,Draft flux commentary for the Jan close,PARTIAL,28.9,"Accounting Jan variance was $4,729,083 vs plan",2026-04-01T14:10:18Z
r44-0001392,bjones@summithealthpartners.com,Close Checklist Bot,Reconcile AP aging over 90 days for US-02,SUCCESS,1.4,FAILED: null reference in aggregation step,2026-04-01T13:10:52Z
r44-0001393,jjohnson@summithealthpartners.com,Close Checklist Bot,Forecast May operating cash flow,SUCCESS,58.6,"Accounting May variance was $3,262,194 vs plan",2026-04-01T13:28:44Z
r44-0001394,jnguyen@summithealthpartners.com,Headcount Planner,Which cost centers are over budget YTD?,SUCCESS,58.2,"Treasury Apr variance was $3,913,155 vs plan",2026-04-01T15:38:02Z
r44-0001395,bjones@summithealthpartners.com,Cash Forecaster,Reconcile AP aging over 90 days for EU-07,SUCCESS,7.2,"Ops Jun variance was $2,183,996 vs plan",2026-04-01T13:21:01Z
r44-0001396,pmartin@summithealthpartners.com,Flux Commentary,Summarize the Apr variance for entity EU-03,SUCCESS,68.5,"Ops Apr variance was $1,189,094 vs plan",2026-04-01T08:30:25Z
r44-0001397,amoore@summithealthpartners.com,Headcount Planner,Check covenant compliance for the revolver,PARTIAL,45.8,"Treasury Feb variance was $236,351 vs plan",2026-04-01T13:48:24Z
r44-0001398,pmartin@summithealthpartners.com,Vendor Spend Analyzer,Why did FP&A spend exceed budget in Feb?,SUCCESS,0.4,Traceback (most recent call last): KeyError 'entity',2026-04-01T17:31:37Z
r44-0001399,amoore@summithealthpartners.com,Close Checklist Bot,Check covenant compliance for the revolver,SUCCESS,61.8,"Ops Mar variance was $1,820,553 vs plan",2026-04-01T17:16:53Z
r44-0001400,amoore@summithealthpartners.com,Journal Entry Reviewer,Build the board deck cash slide for Jan,SUCCESS,32.0,"FP&A Jan variance was $3,148,358 vs plan",2026-04-01T20:16:22Z
r44-0001401,bjones@summithealthpartners.com,Revenue Recognizer,Reconcile AP aging over 90 days for MX-09,SUCCESS,73.9,"Treasury Jan variance was $2,212,529 vs plan",2026-04-01T15:01:23Z
r44-0001402,jdavis@summithealthpartners.com,Budget vs Actual,Summarize the Jun variance for entity CA-02,SUCCESS,50.1,"Treasury Jun variance was $2,187,768 vs plan",2026-04-01T15:05:20Z
r44-0001403,mlewis@summithealthpartners.com,Variance Explainer,Forecast Jan operating cash flow,SUCCESS,57.8,"FP&A Jan variance was $1,395,172 vs plan",2026-04-01T14:12:52Z
r44-0001404,amoore@summithealthpartners.com,Flux Commentary,Which cost centers are over budget YTD?,SUCCESS,47.1,"FP&A Mar variance was $1,833,966 vs plan",2026-04-01T10:13:44Z
r44-0001405,mlewis@summithealthpartners.com,Covenant Checker,Why did Accounting spend exceed budget in Jun?,SUCCESS,5.9,"Accounting Jun variance was $587,646 vs plan",2026-04-01T16:17:28Z
r44-0001406,pmartin@summithealthpartners.com,Budget vs Actual,Summarize the May variance for entity MX-09,SUCCESS,20.5,"Accounting May variance was $170,039 vs plan",2026-04-01T07:40:26Z
r44-0001407,jwilliams@summithealthpartners.com,Journal Entry Reviewer,What drove the change in gross margin this quarter?,SUCCESS,34.6,"Ops May variance was $2,988,431 vs plan",2026-04-01T06:30:50Z
r44-0001408,pmartin@summithealthpartners.com,Flux Commentary,Forecast Feb operating cash flow,PARTIAL,27.6,"Treasury Feb variance was $3,826,106 vs plan",2026-04-01T10:42:07Z
r44-0001409,bjones@summithealthpartners.com,Revenue Recognizer,Check covenant compliance for the revolver,SUCCESS,11.9,"Treasury May variance was $2,009,113 vs plan",2026-04-01T10:41:40Z
r44-0001410,jwilliams@summithealthpartners.com,Variance Explainer,Check covenant compliance for the revolver,SUCCESS,1.5,error: connection reset by peer,2026-04-01T17:02:46Z
r44-0001411,amoore@summithealthpartners.com,Revenue Recognizer,Forecast Feb operating cash flow,FAIL,3.9,error code 502 from model gateway,2026-04-01T10:12:45Z
r44-0001412,amoore@summithealthpartners.com,Close Checklist Bot,Why did FP&A spend exceed budget in Apr?,SUCCESS,51.0,"FP&A Apr variance was $3,263,419 vs plan",2026-04-01T13:28:42Z
r44-0001413,jnguyen@summithealthpartners.com,AP Aging Analyst,Explain the headcount variance vs plan,SUCCESS,22.4,"Accounting Jan variance was $59,136 vs plan",2026-04-01T06:13:34Z
r44-0001414,kperez@summithealthpartners.com,Close Checklist Bot,Build the board deck cash slide for Jan,SUCCESS,51.5,"Accounting Jan variance was $3,404,502 vs plan",2026-04-01T10:39:10Z
r44-0001415,amoore@summithealthpartners.com,Variance Explainer,Build the board deck cash slide for Jan,SUCCESS,67.6,"Accounting Jan variance was $2,559,134 vs plan",2026-04-01T16:25:59Z
r44-0001416,pmartin@summithealthpartners.com,Vendor Spend Analyzer,Why did Treasury spend exceed budget in Feb?,SUCCESS,17.2,"Treasury Feb variance was $136,070 vs plan",2026-04-01T12:11:17Z
r44-0001417,jjohnson@summithealthpartners.com,Variance Explainer,Reconcile AP aging over 90 days for MX-01,SUCCESS,34.4,"FP&A May variance was $4,066,001 vs plan",2026-04-01T15:36:40Z
r44-0001418,pmartin@summithealthpartners.com,Board Deck Builder,Which cost centers are over budget YTD?,SUCCESS,53.2,"FP&A Feb variance was $150,976 vs plan",2026-04-01T11:00:00Z
r44-0001419,bjones@summithealthpartners.com,Revenue Recognizer,Which cost centers are over budget YTD?,SUCCESS,56.9,"Treasury May variance was $4,360,888 vs plan",2026-04-01T17:09:17Z
r44-0001420,pmartin@summithealthpartners.com,Cash Forecaster,Draft flux commentary for the Mar close,PARTIAL,15.8,"FP&A Mar variance was $2,888,889 vs plan",2026-04-01T11:45:28Z
r44-0001421,mlewis@summithealthpartners.com,Cash Forecaster,Why did FP&A spend exceed budget in Jun?,SUCCESS,36.9,"FP&A Jun variance was $313,443 vs plan",2026-04-01T09:03:49Z
r44-0001422,jjohnson@summithealthpartners.com,Close Checklist Bot,Build the board deck cash slide for Mar,SUCCESS,15.2,"Treasury Mar variance was $2,209,408 vs plan",2026-04-01T13:55:36Z
r44-0001423,pmartin@summithealthpartners.com,Headcount Planner,Build the board deck cash slide for Jun,SUCCESS,61.3,"Ops Jun variance was $1,664,907 vs plan",2026-04-01T06:06:46Z
r44-0001424,pmartin@summithealthpartners.com,Variance Explainer,Summarize the Jun variance for entity US-07,SUCCESS,51.7,"Accounting Jun variance was $4,678,390 vs plan",2026-04-01T06:32:49Z
r44-0001425,amoore@summithealthpartners.com,Covenant Checker,Explain the headcount variance vs plan,SUCCESS,5.5,"FP&A May variance was $3,542,094 vs plan",2026-04-01T12:00:18Z
r44-0001426,pmartin@summithealthpartners.com,Budget vs Actual,Explain the headcount variance vs plan,FAIL,8.0,error code 502 from model gateway,2026-04-01T12:17:39Z
r44-0001427,amoore@summithealthpartners.com,Flux Commentary,Summarize the Jan variance for entity MX-08,SUCCESS,16.3,"Accounting Jan variance was $2,894,049 vs plan",2026-04-01T14:46:12Z
r44-0001428,pmartin@summithealthpartners.com,Journal Entry Reviewer,Draft flux commentary for the Feb close,SUCCESS,36.6,"Ops Feb variance was $4,249,891 vs plan",2026-04-01T08:20:31Z
r44-0001429,nhaddad@summithealthpartners.com,Revenue Recognizer,Check covenant compliance for the revolver,PARTIAL,27.2,"Ops Mar variance was $3,324,661 vs plan",2026-04-01T13:09:35Z
r44-0001430,jdavis@summithealthpartners.com,Flux Commentary,Why did Ops spend exceed budget in Jun?,SUCCESS,66.3,"Ops Jun variance was $3,126,159 vs plan",2026-04-01T18:14:32Z
r44-0001431,amoore@summithealthpartners.com,Cash Forecaster,Check covenant compliance for the revolver,PARTIAL,21.0,"FP&A Feb variance was $2,165,215 vs plan",2026-04-01T11:52:50Z
r44-0001432,mlewis@summithealthpartners.com,Journal Entry Reviewer,Reconcile AP aging over 90 days for MX-03,SUCCESS,67.9,"Accounting Apr variance was $528,139 vs plan",2026-04-01T13:34:28Z
r44-0001433,amoore@summithealthpartners.com,Revenue Recognizer,Why did FP&A spend exceed budget in Jun?,SUCCESS,32.8,"FP&A Jun variance was $3,746,630 vs plan",2026-04-01T18:14:11Z
r44-0001434,nnguyen@summithealthpartners.com,Close Checklist Bot,Check covenant compliance for the revolver,SUCCESS,28.1,"Accounting Apr variance was $4,557,129 vs plan",2026-04-01T10:10:15Z
r44-0001435,amoore@summithealthpartners.com,Journal Entry Reviewer,Reconcile AP aging over 90 days for EU-05,SUCCESS,58.8,"Treasury May variance was $533,191 vs plan",2026-04-01T13:22:41Z
r44-0001436,pmartin@summithealthpartners.com,Budget vs Actual,Why did Treasury spend exceed budget in Apr?,SUCCESS,3.6,"Treasury Apr variance was $4,264,253 vs plan",2026-04-01T11:26:20Z
r44-0001437,mlewis@summithealthpartners.com,Journal Entry Reviewer,Draft flux commentary for the Jun close,SUCCESS,18.1,"FP&A Jun variance was $4,761,379 vs plan",2026-04-01T13:18:29Z
r44-0001438,pmartin@summithealthpartners.com,Vendor Spend Analyzer,Why did Ops spend exceed budget in Mar?,SUCCESS,54.9,"Ops Mar variance was $1,775,754 vs plan",2026-04-01T16:21:47Z
r44-0001439,amoore@summithealthpartners.com,Variance Explainer,Build the board deck cash slide for Jan,SUCCESS,40.0,"Accounting Jan variance was $4,044,228 vs plan",2026-04-01T09:08:54Z
r44-0001440,jlewis@summithealthpartners.com,Board Deck Builder,What drove the change in gross margin this quarter?,PARTIAL,18.3,"Ops Apr variance was $1,568,395 vs plan",2026-04-01T13:21:07Z
r44-0001441,jnguyen@summithealthpartners.com,Board Deck Builder,Draft flux commentary for the May close,SUCCESS,14.7,"FP&A May variance was $1,428,547 vs plan",2026-04-01T08:13:20Z
r44-0001442,pmartin@summithealthpartners.com,Vendor Spend Analyzer,Summarize the Apr variance for entity CA-04,SUCCESS,63.0,"Ops Apr variance was $3,726,536 vs plan",2026-04-01T11:06:12Z
r44-0001443,pmartin@summithealthpartners.com,Cash Forecaster,Which cost centers are over budget YTD?,SUCCESS,14.8,"Accounting May variance was $4,215,419 vs plan",2026-04-01T06:30:28Z
r44-0001444,amoore@summithealthpartners.com,Flux Commentary,Reconcile AP aging over 90 days for EU-02,SUCCESS,4.0,"Ops Jun variance was $3,444,590 vs plan",2026-04-01T16:00:55Z
r44-0001445,bjones@summithealthpartners.com,Flux Commentary,Build the board deck cash slide for Feb,SUCCESS,44.9,"Accounting Feb variance was $435,062 vs plan",2026-04-01T18:57:10Z
r44-0001446,pmartin@summithealthpartners.com,Flux Commentary,Explain the headcount variance vs plan,SUCCESS,3.7,"Accounting Apr variance was $3,539,343 vs plan",2026-04-02T09:01:11Z
r44-0001447,sbrown@summithealthpartners.com,Headcount Planner,Reconcile AP aging over 90 days for MX-01,SUCCESS,6.3,"Accounting Jun variance was $901,684 vs plan",2026-04-02T11:34:17Z
r44-0001448,kperez@summithealthpartners.com,Flux Commentary,Build the board deck cash slide for May,SUCCESS,18.9,"Treasury May variance was $1,439,867 vs plan",2026-04-02T07:35:11Z
r44-0001449,pmartin@summithealthpartners.com,Cash Forecaster,Why did Ops spend exceed budget in Mar?,SUCCESS,27.4,"Ops Mar variance was $269,269 vs plan",2026-04-02T16:03:47Z
r44-0001450,amoore@summithealthpartners.com,Budget vs Actual,Check covenant compliance for the revolver,SUCCESS,13.7,"Accounting Jan variance was $1,068,077 vs plan",2026-04-02T13:59:21Z
r44-0001451,jlewis@summithealthpartners.com,Flux Commentary,Forecast Apr operating cash flow,SUCCESS,5.8,"Ops Apr variance was $2,245,908 vs plan",2026-04-02T13:05:53Z
r44-0001452,jnguyen@summithealthpartners.com,AP Aging Analyst,What drove the change in gross margin this quarter?,SUCCESS,12.2,"Accounting Feb variance was $1,669,440 vs plan",2026-04-02T15:01:48Z
r44-0001453,pmartin@summithealthpartners.com,Close Checklist Bot,Summarize the Feb variance for entity MX-04,FAIL,7.4,error code 502 from model gateway,2026-04-02T12:14:49Z
r44-0001454,bjones@summithealthpartners.com,Headcount Planner,Why did Treasury spend exceed budget in Feb?,SUCCESS,68.6,"Treasury Feb variance was $3,425,889 vs plan",2026-04-02T15:18:14Z
r44-0001455,pmartin@summithealthpartners.com,Flux Commentary,Summarize the Jan variance for entity EU-09,SUCCESS,36.9,"FP&A Jan variance was $2,701,593 vs plan",2026-04-02T13:35:10Z
r44-0001456,amoore@summithealthpartners.com,AP Aging Analyst,Build the board deck cash slide for Jan,SUCCESS,17.9,"Ops Jan variance was $3,715,109 vs plan",2026-04-02T12:15:57Z
r44-0001457,mharris@summithealthpartners.com,Flux Commentary,Check covenant compliance for the revolver,SUCCESS,1.7,error code 502 from model gateway,2026-04-02T14:40:57Z
r44-0001458,jnguyen@summithealthpartners.com,AP Aging Analyst,Check covenant compliance for the revolver,SUCCESS,69.5,"Ops Mar variance was $1,411,216 vs plan",2026-04-02T18:13:51Z
r44-0001459,amoore@summithealthpartners.com,Covenant Checker,Which cost centers are over budget YTD?,PARTIAL,61.7,"Accounting Feb variance was $1,563,121 vs plan",2026-04-02T12:11:55Z
r44-0001460,bjones@summithealthpartners.com,Budget vs Actual,What drove the change in gross margin this quarter?,SUCCESS,59.0,"FP&A May variance was $3,015,348 vs plan",2026-04-02T14:53:44Z
r44-0001461,bjones@summithealthpartners.com,Headcount Planner,Explain the headcount variance vs plan,SUCCESS,46.8,"Ops Jun variance was $3,045,229 vs plan",2026-04-02T09:18:46Z
r44-0001462,amoore@summithealthpartners.com,Revenue Recognizer,Draft flux commentary for the Apr close,SUCCESS,51.5,"Treasury Apr variance was $328,366 vs plan",2026-04-02T14:54:13Z
r44-0001463,bjones@summithealthpartners.com,Close Checklist Bot,What drove the change in gross margin this quarter?,SUCCESS,43.4,"FP&A Jun variance was $929,670 vs plan",2026-04-02T15:22:18Z
r44-0001464,jjohnson@summithealthpartners.com,Close Checklist Bot,Draft flux commentary for the Apr close,SUCCESS,53.3,"Treasury Apr variance was $2,062,757 vs plan",2026-04-02T06:01:41Z
r44-0001465,jwilliams@summithealthpartners.com,Variance Explainer,Draft flux commentary for the Mar close,SUCCESS,41.0,"Ops Mar variance was $2,025,455 vs plan",2026-04-02T12:37:43Z
r44-0001466,jwilliams@summithealthpartners.com,Revenue Recognizer,Which cost centers are over budget YTD?,SUCCESS,51.2,"Ops Mar variance was $4,632,614 vs plan",2026-04-02T12:30:47Z
r44-0001467,pmartin@summithealthpartners.com,Cash Forecaster,Reconcile AP aging over 90 days for MX-03,SUCCESS,0.7,error code 502 from model gateway,2026-04-02T11:40:48Z
r44-0001468,pmartin@summithealthpartners.com,Journal Entry Reviewer,Check covenant compliance for the revolver,SUCCESS,21.0,"Accounting Mar variance was $2,365,136 vs plan",2026-04-02T13:18:20Z
r44-0001469,amoore@summithealthpartners.com,Vendor Spend Analyzer,Summarize the Feb variance for entity MX-01,PARTIAL,7.9,"Treasury Feb variance was $2,880,349 vs plan",2026-04-02T15:23:04Z
r44-0001470,pmartin@summithealthpartners.com,Cash Forecaster,Reconcile AP aging over 90 days for EU-06,SUCCESS,27.9,"Ops Apr variance was $3,640,850 vs plan",2026-04-02T12:04:30Z
r44-0001471,mlewis@summithealthpartners.com,AP Aging Analyst,Which cost centers are over budget YTD?,SUCCESS,34.9,"Treasury Jan variance was $3,088,531 vs plan",2026-04-02T12:00:31Z
r44-0001472,pmartin@summithealthpartners.com,Board Deck Builder,Summarize the May variance for entity MX-01,PARTIAL,73.7,"Accounting May variance was $492,611 vs plan",2026-04-02T12:36:51Z
r44-0001473,pmartin@summithealthpartners.com,Budget vs Actual,Forecast Jan operating cash flow,SUCCESS,20.9,"Treasury Jan variance was $1,494,917 vs plan",2026-04-02T11:04:03Z
r44-0001474,pmartin@summithealthpartners.com,AP Aging Analyst,Summarize the May variance for entity EU-08,SUCCESS,72.7,"FP&A May variance was $3,902,500 vs plan",2026-04-02T15:52:54Z
r44-0001475,jnguyen@summithealthpartners.com,Covenant Checker,Explain the headcount variance vs plan,SUCCESS,73.9,"FP&A Feb variance was $3,140,006 vs plan",2026-04-02T11:33:01Z
r44-0001476,pmartin@summithealthpartners.com,Covenant Checker,Summarize the Feb variance for entity CA-06,SUCCESS,1.9,FAILED: null reference in aggregation step,2026-04-02T15:04:23Z
r44-0001477,jlewis@summithealthpartners.com,Headcount Planner,Forecast Jan operating cash flow,SUCCESS,40.1,"Accounting Jan variance was $2,152,470 vs plan",2026-04-02T14:43:40Z
r44-0001478,mharris@summithealthpartners.com,Variance Explainer,Build the board deck cash slide for Jun,SUCCESS,59.5,"Treasury Jun variance was $3,473,483 vs plan",2026-04-02T16:51:01Z
r44-0001479,bjones@summithealthpartners.com,AP Aging Analyst,Summarize the Feb variance for entity MX-06,SUCCESS,48.6,"Treasury Feb variance was $2,652,883 vs plan",2026-04-02T17:31:15Z
r44-0001480,jjohnson@summithealthpartners.com,Covenant Checker,Build the board deck cash slide for Jun,SUCCESS,55.0,"Accounting Jun variance was $2,967,122 vs plan",2026-04-02T16:39:30Z
r44-0001481,amoore@summithealthpartners.com,Close Checklist Bot,Check covenant compliance for the revolver,SUCCESS,69.4,"FP&A Jun variance was $2,303,026 vs plan",2026-04-02T14:56:16Z
r44-0001482,jjohnson@summithealthpartners.com,AP Aging Analyst,Explain the headcount variance vs plan,SUCCESS,55.0,"Treasury May variance was $30,063 vs plan",2026-04-02T15:59:43Z
r44-0001483,pmartin@summithealthpartners.com,AP Aging Analyst,Draft flux commentary for the May close,SUCCESS,17.7,"Treasury May variance was $2,475,826 vs plan",2026-04-02T18:47:30Z
r44-0001484,pmartin@summithealthpartners.com,Journal Entry Reviewer,Why did Accounting spend exceed budget in Mar?,SUCCESS,21.5,"Accounting Mar variance was $1,191,021 vs plan",2026-04-02T11:30:30Z
r44-0001485,pmartin@summithealthpartners.com,Close Checklist Bot,Build the board deck cash slide for Jun,SUCCESS,12.4,"Accounting Jun variance was $4,270,339 vs plan",2026-04-02T10:45:46Z
r44-0001486,nhaddad@summithealthpartners.com,Revenue Recognizer,Summarize the Mar variance for entity CA-08,SUCCESS,22.3,"Accounting Mar variance was $635,227 vs plan",2026-04-02T16:13:08Z
r44-0001487,pmartin@summithealthpartners.com,AP Aging Analyst,Summarize the Feb variance for entity MX-06,SUCCESS,21.6,"Treasury Feb variance was $2,063,975 vs plan",2026-04-02T12:36:48Z
r44-0001488,bjones@summithealthpartners.com,Covenant Checker,Build the board deck cash slide for May,SUCCESS,56.0,"Treasury May variance was $3,778,672 vs plan",2026-04-02T13:51:43Z
r44-0001489,pmartin@summithealthpartners.com,Headcount Planner,Build the board deck cash slide for Jan,SUCCESS,41.7,"FP&A Jan variance was $3,383,500 vs plan",2026-04-02T09:48:15Z
r44-0001490,pmartin@summithealthpartners.com,Journal Entry Reviewer,Summarize the Mar variance for entity MX-02,FAIL,6.6,error: connection reset by peer,2026-04-02T15:47:02Z
r44-0001491,pmartin@summithealthpartners.com,Board Deck Builder,Reconcile AP aging over 90 days for MX-05,SUCCESS,32.0,"FP&A Jan variance was $2,744,062 vs plan",2026-04-02T19:01:11Z
r44-0001492,pmartin@summithealthpartners.com,Board Deck Builder,Build the board deck cash slide for Mar,SUCCESS,40.7,"Treasury Mar variance was $823,469 vs plan",2026-04-02T17:53:56Z
r44-0001493,jwilson@summithealthpartners.com,Vendor Spend Analyzer,Summarize the May variance for entity US-03,SUCCESS,51.0,"Treasury May variance was $4,696,951 vs plan",2026-04-02T08:30:33Z
r44-0001494,pmartin@summithealthpartners.com,Journal Entry Reviewer,Why did Ops spend exceed budget in Feb?,SUCCESS,62.3,"Ops Feb variance was $2,606,596 vs plan",2026-04-02T14:25:06Z
r44-0001495,sdavis@summithealthpartners.com,Covenant Checker,Explain the headcount variance vs plan,SUCCESS,40.8,"Treasury Apr variance was $1,216,677 vs plan",2026-04-02T11:24:26Z
r44-0001496,mharris@summithealthpartners.com,Flux Commentary,Summarize the Feb variance for entity EU-08,SUCCESS,50.8,"Accounting Feb variance was $684,144 vs plan",2026-04-02T16:34:08Z
r44-0001497,pmartin@summithealthpartners.com,Cash Forecaster,Build the board deck cash slide for Jun,SUCCESS,60.8,"Treasury Jun variance was $337,231 vs plan",2026-04-02T07:24:04Z
r44-0001498,jlewis@summithealthpartners.com,Variance Explainer,Forecast May operating cash flow,SUCCESS,63.0,"Ops May variance was $121,737 vs plan",2026-04-02T14:53:40Z
r44-0001499,prodriguez@summithealthpartners.com,Budget vs Actual,Draft flux commentary for the May close,SUCCESS,58.2,"Accounting May variance was $312,488 vs plan",2026-04-02T12:25:42Z
r44-0001500,pmartin@summithealthpartners.com,Revenue Recognizer,Why did Accounting spend exceed budget in Jan?,SUCCESS,45.8,"Accounting Jan variance was $4,235,781 vs plan",2026-04-02T17:41:05Z
r44-0001501,bjones@summithealthpartners.com,Budget vs Actual,Reconcile AP aging over 90 days for CA-09,PARTIAL,49.3,"Accounting May variance was $1,011,783 vs plan",2026-04-02T13:38:37Z
r44-0001502,pmartin@summithealthpartners.com,Vendor Spend Analyzer,Build the board deck cash slide for Jan,SUCCESS,52.0,"Treasury Jan variance was $2,391,360 vs plan",2026-04-02T15:18:55Z
r44-0001503,pmartin@summithealthpartners.com,Covenant Checker,Why did Accounting spend exceed budget in Mar?,SUCCESS,11.6,"Accounting Mar variance was $585,214 vs plan",2026-04-02T07:49:06Z
r44-0001504,amoore@summithealthpartners.com,Covenant Checker,Build the board deck cash slide for Apr,PARTIAL,37.6,"Treasury Apr variance was $2,562,180 vs plan",2026-04-02T13:21:37Z
r44-0001505,amoore@summithealthpartners.com,AP Aging Analyst,Summarize the Apr variance for entity MX-03,SUCCESS,52.3,"Accounting Apr variance was $2,756,759 vs plan",2026-04-02T11:54:00Z
r44-0001506,jnguyen@summithealthpartners.com,Flux Commentary,Reconcile AP aging over 90 days for EU-03,SUCCESS,0.6,FAILED: null reference in aggregation step,2026-04-02T18:36:48Z
r44-0001507,jnguyen@summithealthpartners.com,Vendor Spend Analyzer,Why did Accounting spend exceed budget in Mar?,SUCCESS,31.2,"Accounting Mar variance was $3,458,548 vs plan",2026-04-02T14:20:57Z
r44-0001508,amoore@summithealthpartners.com,Flux Commentary,What drove the change in gross margin this quarter?,SUCCESS,65.7,"Ops Feb variance was $4,438,260 vs plan",2026-04-02T11:25:34Z
r44-0001509,amoore@summithealthpartners.com,Journal Entry Reviewer,Which cost centers are over budget YTD?,SUCCESS,7.7,"FP&A Apr variance was $2,743,171 vs plan",2026-04-02T09:52:24Z
r44-0001510,pmartin@summithealthpartners.com,Journal Entry Reviewer,Explain the headcount variance vs plan,SUCCESS,71.2,"Treasury Feb variance was $2,703,036 vs plan",2026-04-02T13:16:28Z
r44-0001511,pmartin@summithealthpartners.com,AP Aging Analyst,Draft flux commentary for the Jan close,SUCCESS,4.4,"Ops Jan variance was $2,008,109 vs plan",2026-04-02T14:03:53Z
r44-0001512,bjones@summithealthpartners.com,Journal Entry Reviewer,Which cost centers are over budget YTD?,SUCCESS,29.7,"Accounting Feb variance was $2,857,266 vs plan",2026-04-03T13:58:49Z
r44-0001513,jjohnson@summithealthpartners.com,Revenue Recognizer,Why did FP&A spend exceed budget in Apr?,SUCCESS,9.7,"FP&A Apr variance was $1,372,289 vs plan",2026-04-03T15:38:07Z
r44-0001514,pmartin@summithealthpartners.com,Journal Entry Reviewer,Which cost centers are over budget YTD?,SUCCESS,46.4,"FP&A Jan variance was $1,202,786 vs plan",2026-04-03T15:47:47Z
r44-0001515,amoore@summithealthpartners.com,Covenant Checker,Reconcile AP aging over 90 days for US-08,SUCCESS,41.5,"FP&A Apr variance was $3,230,049 vs plan",2026-04-03T06:54:21Z
r44-0001516,pmartin@summithealthpartners.com,AP Aging Analyst,Which cost centers are over budget YTD?,PARTIAL,56.0,"FP&A Mar variance was $4,548,765 vs plan",2026-04-03T12:36:47Z
r44-0001517,amoore@summithealthpartners.com,Journal Entry Reviewer,Which cost centers are over budget YTD?,SUCCESS,14.9,"Treasury May variance was $2,248,951 vs plan",2026-04-03T16:08:51Z
r44-0001518,pmartin@summithealthpartners.com,Close Checklist Bot,Summarize the Jan variance for entity EU-08,SUCCESS,70.1,"FP&A Jan variance was $4,020,658 vs plan",2026-04-03T14:13:40Z
r44-0001519,amoore@summithealthpartners.com,Revenue Recognizer,Forecast Jun operating cash flow,SUCCESS,73.2,"Treasury Jun variance was $2,403,496 vs plan",2026-04-03T07:11:56Z
r44-0001520,jwilliams@summithealthpartners.com,AP Aging Analyst,What drove the change in gross margin this quarter?,SUCCESS,59.4,"Treasury Apr variance was $3,672,896 vs plan",2026-04-03T13:38:52Z
r44-0001521,mlewis@summithealthpartners.com,Board Deck Builder,Draft flux commentary for the Apr close,SUCCESS,0.8,error code 502 from model gateway,2026-04-03T14:17:36Z
r44-0001522,pmartin@summithealthpartners.com,Headcount Planner,Build the board deck cash slide for Mar,PARTIAL,48.8,"Treasury Mar variance was $3,338,608 vs plan",2026-04-03T15:18:53Z
r44-0001523,jdavis@summithealthpartners.com,Revenue Recognizer,Why did Accounting spend exceed budget in Feb?,SUCCESS,51.1,"Accounting Feb variance was $3,642,979 vs plan",2026-04-03T13:21:06Z
r44-0001524,jwilson@summithealthpartners.com,AP Aging Analyst,Why did FP&A spend exceed budget in May?,SUCCESS,66.0,"FP&A May variance was $264,346 vs plan",2026-04-03T13:49:03Z
r44-0001525,mlewis@summithealthpartners.com,Board Deck Builder,Forecast Feb operating cash flow,SUCCESS,50.4,"Treasury Feb variance was $2,571,535 vs plan",2026-04-03T10:33:36Z
r44-0001526,jnguyen@summithealthpartners.com,Covenant Checker,Which cost centers are over budget YTD?,PARTIAL,65.0,"Accounting Apr variance was $1,292,161 vs plan",2026-04-03T09:37:19Z
r44-0001527,amoore@summithealthpartners.com,Journal Entry Reviewer,Build the board deck cash slide for Jun,SUCCESS,47.7,"Treasury Jun variance was $859,359 vs plan",2026-04-03T11:59:57Z
r44-0001528,pmartin@summithealthpartners.com,AP Aging Analyst,What drove the change in gross margin this quarter?,SUCCESS,74.9,"FP&A Jan variance was $2,944,782 vs plan",2026-04-03T14:35:29Z
r44-0001529,jnguyen@summithealthpartners.com,Revenue Recognizer,Which cost centers are over budget YTD?,SUCCESS,51.6,"Accounting Apr variance was $2,556,963 vs plan",2026-04-03T11:41:07Z
r44-0001530,mharris@summithealthpartners.com,Headcount Planner,Why did FP&A spend exceed budget in Feb?,SUCCESS,10.8,"FP&A Feb variance was $2,324,839 vs plan",2026-04-03T10:44:15Z
r44-0001531,nhaddad@summithealthpartners.com,AP Aging Analyst,Check covenant compliance for the revolver,FAIL,2.7,Traceback (most recent call last): KeyError 'entity',2026-04-03T09:44:30Z
r44-0001532,pmartin@summithealthpartners.com,Board Deck Builder,Why did Accounting spend exceed budget in Jan?,SUCCESS,19.7,"Accounting Jan variance was $1,479,915 vs plan",2026-04-03T10:34:50Z
r44-0001533,pmartin@summithealthpartners.com,Variance Explainer,Reconcile AP aging over 90 days for CA-02,SUCCESS,17.9,"Treasury May variance was $1,553,872 vs plan",2026-04-03T12:51:23Z
r44-0001534,pmartin@summithealthpartners.com,Headcount Planner,Which cost centers are over budget YTD?,SUCCESS,45.7,"FP&A Mar variance was $562,237 vs plan",2026-04-03T09:18:08Z
r44-0001535,pmartin@summithealthpartners.com,Covenant Checker,What drove the change in gross margin this quarter?,SUCCESS,11.9,"Treasury Jan variance was $3,061,911 vs plan",2026-04-03T10:41:42Z
r44-0001536,sbrown@summithealthpartners.com,AP Aging Analyst,Which cost centers are over budget YTD?,SUCCESS,32.2,"FP&A May variance was $136,162 vs plan",2026-04-03T15:46:45Z
r44-0001537,pmartin@summithealthpartners.com,Flux Commentary,Why did Accounting spend exceed budget in Mar?,SUCCESS,46.6,"Accounting Mar variance was $4,539,420 vs plan",2026-04-03T14:40:57Z
r44-0001538,kperez@summithealthpartners.com,Headcount Planner,What drove the change in gross margin this quarter?,SUCCESS,51.1,"Ops Jun variance was $1,325,773 vs plan",2026-04-03T14:28:35Z
r44-0001539,jwilliams@summithealthpartners.com,Flux Commentary,Why did Treasury spend exceed budget in Jan?,SUCCESS,5.1,"Treasury Jan variance was $1,225,032 vs plan",2026-04-03T12:21:37Z
r44-0001540,pmartin@summithealthpartners.com,Vendor Spend Analyzer,Explain the headcount variance vs plan,SUCCESS,38.1,"Ops Mar variance was $436,693 vs plan",2026-04-03T15:04:04Z
r44-0001541,jjohnson@summithealthpartners.com,Vendor Spend Analyzer,Explain the headcount variance vs plan,SUCCESS,25.1,"Ops Jan variance was $573,106 vs plan",2026-04-03T12:38:26Z
r44-0001542,sbrown@summithealthpartners.com,Revenue Recognizer,Why did Accounting spend exceed budget in Apr?,SUCCESS,60.2,"Accounting Apr variance was $4,640,337 vs plan",2026-04-03T07:44:19Z
r44-0001543,pmartin@summithealthpartners.com,Budget vs Actual,Draft flux commentary for the May close,SUCCESS,63.1,"Treasury May variance was $4,316,531 vs plan",2026-04-03T09:11:57Z
r44-0001544,pmartin@summithealthpartners.com,Vendor Spend Analyzer,Reconcile AP aging over 90 days for MX-05,SUCCESS,38.6,"Treasury Apr variance was $4,561,164 vs plan",2026-04-03T12:08:23Z
r44-0001545,pmartin@summithealthpartners.com,Cash Forecaster,Explain the headcount variance vs plan,SUCCESS,15.6,"Ops Jun variance was $2,941,908 vs plan",2026-04-03T13:00:09Z
r44-0001546,jlewis@summithealthpartners.com,Revenue Recognizer,Which cost centers are over budget YTD?,SUCCESS,49.0,"Ops May variance was $804,542 vs plan",2026-04-03T16:13:55Z
r44-0001547,amoore@summithealthpartners.com,Close Checklist Bot,Reconcile AP aging over 90 days for EU-05,SUCCESS,19.8,"Treasury Jan variance was $3,242,854 vs plan",2026-04-03T14:56:13Z
r44-0001548,pmartin@summithealthpartners.com,Cash Forecaster,Forecast Feb operating cash flow,SUCCESS,34.1,"Treasury Feb variance was $2,429,997 vs plan",2026-04-03T17:00:04Z
r44-0001549,jjohnson@summithealthpartners.com,Budget vs Actual,Summarize the May variance for entity EU-05,SUCCESS,40.8,"Ops May variance was $3,312,900 vs plan",2026-04-03T13:45:28Z
r44-0001550,pmartin@summithealthpartners.com,Covenant Checker,Build the board deck cash slide for Feb,SUCCESS,42.7,"Treasury Feb variance was $2,035,956 vs plan",2026-04-03T14:36:02Z
r44-0001551,pmartin@summithealthpartners.com,Close Checklist Bot,Which cost centers are over budget YTD?,SUCCESS,52.4,"Ops May variance was $4,102,314 vs plan",2026-04-03T11:52:16Z
r44-0001552,pmartin@summithealthpartners.com,Vendor Spend Analyzer,Explain the headcount variance vs plan,SUCCESS,8.2,"Treasury Jun variance was $1,301,202 vs plan",2026-04-03T13:53:03Z
r44-0001553,jwilson@summithealthpartners.com,AP Aging Analyst,Build the board deck cash slide for Apr,PARTIAL,14.5,"FP&A Apr variance was $2,337,286 vs plan",2026-04-03T12:24:40Z
r44-0001554,jwilliams@summithealthpartners.com,Budget vs Actual,Which cost centers are over budget YTD?,PARTIAL,31.8,"Treasury Feb variance was $944,619 vs plan",2026-04-03T12:38:52Z
r44-0001555,kperez@summithealthpartners.com,Headcount Planner,Reconcile AP aging over 90 days for US-07,SUCCESS,29.2,"FP&A Apr variance was $1,820,842 vs plan",2026-04-03T17:17:58Z
r44-0001556,pmartin@summithealthpartners.com,Flux Commentary,Reconcile AP aging over 90 days for US-06,SUCCESS,72.4,"Ops Jan variance was $3,343,095 vs plan",2026-04-03T16:33:43Z
r44-0001557,mharris@summithealthpartners.com,Vendor Spend Analyzer,Check covenant compliance for the revolver,SUCCESS,28.0,"Ops Apr variance was $496,248 vs plan",2026-04-03T10:56:51Z
r44-0001558,amoore@summithealthpartners.com,Board Deck Builder,Check covenant compliance for the revolver,PARTIAL,52.8,"Ops Jun variance was $1,025,505 vs plan",2026-04-03T14:53:57Z
r44-0001559,pmartin@summithealthpartners.com,Revenue Recognizer,Check covenant compliance for the revolver,SUCCESS,18.8,"Accounting May variance was $1,009,720 vs plan",2026-04-03T12:34:43Z
r44-0001560,amoore@summithealthpartners.com,Variance Explainer,Why did FP&A spend exceed budget in May?,SUCCESS,71.7,"FP&A May variance was $4,152,009 vs plan",2026-04-03T09:42:47Z
r44-0001561,pmartin@summithealthpartners.com,Board Deck Builder,Build the board deck cash slide for Apr,SUCCESS,33.2,"FP&A Apr variance was $4,055,084 vs plan",2026-04-03T13:16:38Z
r44-0001562,jnguyen@summithealthpartners.com,Flux Commentary,Build the board deck cash slide for Mar,SUCCESS,49.9,"Ops Mar variance was $2,747,715 vs plan",2026-04-03T14:04:46Z
r44-0001563,mlewis@summithealthpartners.com,Close Checklist Bot,Draft flux commentary for the May close,SUCCESS,30.0,"Accounting May variance was $883,846 vs plan",2026-04-03T10:32:31Z
r44-0001564,bjones@summithealthpartners.com,AP Aging Analyst,Forecast Feb operating cash flow,SUCCESS,42.7,"Ops Feb variance was $2,082,671 vs plan",2026-04-03T14:09:54Z
r44-0001565,pmartin@summithealthpartners.com,AP Aging Analyst,Build the board deck cash slide for Jan,SUCCESS,14.1,"FP&A Jan variance was $2,872,983 vs plan",2026-04-03T08:50:53Z
r44-0001566,kperez@summithealthpartners.com,Cash Forecaster,Check covenant compliance for the revolver,SUCCESS,33.1,"Accounting Apr variance was $1,882,319 vs plan",2026-04-03T08:56:23Z
r44-0001567,jnguyen@summithealthpartners.com,Journal Entry Reviewer,Explain the headcount variance vs plan,SUCCESS,62.6,"Treasury Apr variance was $2,826,112 vs plan",2026-04-03T07:50:05Z
r44-0001568,mharris@summithealthpartners.com,Journal Entry Reviewer,Reconcile AP aging over 90 days for CA-02,SUCCESS,22.8,"Accounting Feb variance was $2,932,993 vs plan",2026-04-03T15:13:14Z
r44-0001569,pmartin@summithealthpartners.com,Revenue Recognizer,Reconcile AP aging over 90 days for EU-03,SUCCESS,21.4,"Ops Jun variance was $3,421,536 vs plan",2026-04-03T09:41:31Z
r44-0001570,pmartin@summithealthpartners.com,Journal Entry Reviewer,Which cost centers are over budget YTD?,SUCCESS,42.2,"Ops Mar variance was $1,455,089 vs plan",2026-04-03T13:46:50Z
r44-0001571,pmartin@summithealthpartners.com,Vendor Spend Analyzer,Explain the headcount variance vs plan,SUCCESS,45.9,"Ops Mar variance was $4,745,520 vs plan",2026-04-03T10:17:18Z
r44-0001572,sbrown@summithealthpartners.com,Close Checklist Bot,Why did Treasury spend exceed budget in Mar?,SUCCESS,10.4,"Treasury Mar variance was $4,306,000 vs plan",2026-04-03T15:12:03Z
r44-0001573,jnguyen@summithealthpartners.com,Close Checklist Bot,Check covenant compliance for the revolver,FAIL,2.8,ERROR: upstream request timed out,2026-04-03T13:12:06Z
r44-0001574,amoore@summithealthpartners.com,Vendor Spend Analyzer,Forecast Jan operating cash flow,SUCCESS,3.9,"Ops Jan variance was $611,218 vs plan",2026-04-03T16:38:31Z
r44-0001575,mlewis@summithealthpartners.com,Vendor Spend Analyzer,Why did Treasury spend exceed budget in Apr?,SUCCESS,25.5,"Treasury Apr variance was $3,186,844 vs plan",2026-04-04T08:41:48Z
r44-0001576,mlewis@summithealthpartners.com,Board Deck Builder,Draft flux commentary for the Feb close,SUCCESS,35.6,"Treasury Feb variance was $78,907 vs plan",2026-04-04T12:51:22Z
r44-0001577,bjones@summithealthpartners.com,Journal Entry Reviewer,Forecast Jun operating cash flow,SUCCESS,43.9,"Treasury Jun variance was $2,501,218 vs plan",2026-04-04T12:28:06Z
r44-0001578,jdavis@summithealthpartners.com,Cash Forecaster,Draft flux commentary for the Jun close,SUCCESS,3.2,"Ops Jun variance was $4,117,959 vs plan",2026-04-04T15:39:41Z
r44-0001579,bjones@summithealthpartners.com,Close Checklist Bot,What drove the change in gross margin this quarter?,SUCCESS,3.7,"Treasury May variance was $2,347,881 vs plan",2026-04-04T14:53:55Z
r44-0001580,bjones@summithealthpartners.com,AP Aging Analyst,What drove the change in gross margin this quarter?,SUCCESS,37.1,"Treasury Apr variance was $2,200,110 vs plan",2026-04-04T12:53:16Z
r44-0001581,amoore@summithealthpartners.com,Cash Forecaster,Reconcile AP aging over 90 days for US-01,SUCCESS,34.9,"Accounting Feb variance was $1,957,688 vs plan",2026-04-04T13:09:41Z
r44-0001582,jlewis@summithealthpartners.com,Covenant Checker,Build the board deck cash slide for May,SUCCESS,72.6,"FP&A May variance was $1,298,272 vs plan",2026-04-04T13:18:43Z
r44-0001583,mlewis@summithealthpartners.com,Journal Entry Reviewer,Which cost centers are over budget YTD?,SUCCESS,50.6,"FP&A Feb variance was $1,010,404 vs plan",2026-04-04T17:18:07Z
r44-0001584,amoore@summithealthpartners.com,AP Aging Analyst,Forecast Jan operating cash flow,SUCCESS,59.5,"FP&A Jan variance was $1,228,311 vs plan",2026-04-04T14:22:54Z
r44-0001585,bjones@summithealthpartners.com,Revenue Recognizer,Which cost centers are over budget YTD?,FAIL,3.0,error code 502 from model gateway,2026-04-04T13:37:20Z
r44-0001586,mharris@summithealthpartners.com,Cash Forecaster,Check covenant compliance for the revolver,PARTIAL,37.7,"Ops Mar variance was $2,464,588 vs plan",2026-04-04T10:05:11Z
r44-0001587,mlewis@summithealthpartners.com,AP Aging Analyst,Forecast May operating cash flow,SUCCESS,30.3,"Ops May variance was $2,316,012 vs plan",2026-04-04T08:33:58Z
r44-0001588,pmartin@summithealthpartners.com,Vendor Spend Analyzer,Explain the headcount variance vs plan,SUCCESS,61.3,"Treasury Feb variance was $43,022 vs plan",2026-04-04T18:27:37Z
r44-0001589,bjones@summithealthpartners.com,Flux Commentary,Reconcile AP aging over 90 days for CA-04,SUCCESS,51.4,"Treasury May variance was $1,836,867 vs plan",2026-04-04T12:09:45Z
r44-0001590,amoore@summithealthpartners.com,Budget vs Actual,Reconcile AP aging over 90 days for US-03,SUCCESS,53.6,"Ops May variance was $4,424,703 vs plan",2026-04-04T08:37:31Z
r44-0001591,mlewis@summithealthpartners.com,AP Aging Analyst,Which cost centers are over budget YTD?,SUCCESS,73.8,"Ops Mar variance was $2,372,169 vs plan",2026-04-04T11:22:49Z
r44-0001592,sdavis@summithealthpartners.com,Revenue Recognizer,Build the board deck cash slide for Jan,SUCCESS,68.5,"Accounting Jan variance was $717,674 vs plan",2026-04-04T18:06:55Z
r44-0001593,jwilliams@summithealthpartners.com,Journal Entry Reviewer,What drove the change in gross margin this quarter?,SUCCESS,43.3,"Treasury Feb variance was $1,938,259 vs plan",2026-04-04T10:57:11Z
r44-0001594,pmartin@summithealthpartners.com,Variance Explainer,Reconcile AP aging over 90 days for EU-02,SUCCESS,29.3,"FP&A Jan variance was $3,254,268 vs plan",2026-04-04T11:09:33Z
r44-0001595,bjones@summithealthpartners.com,Budget vs Actual,Which cost centers are over budget YTD?,SUCCESS,47.6,"Treasury Feb variance was $1,325,342 vs plan",2026-04-04T08:18:23Z
r44-0001596,amoore@summithealthpartners.com,Covenant Checker,Forecast Mar operating cash flow,SUCCESS,71.5,"FP&A Mar variance was $3,529,413 vs plan",2026-04-04T07:16:49Z
r44-0001597,amoore@summithealthpartners.com,Flux Commentary,Check covenant compliance for the revolver,SUCCESS,44.0,"Treasury Mar variance was $976,775 vs plan",2026-04-04T17:43:43Z
r44-0001598,pmartin@summithealthpartners.com,Budget vs Actual,Build the board deck cash slide for Feb,SUCCESS,32.2,"Treasury Feb variance was $207,247 vs plan",2026-04-04T09:32:52Z
r44-0001599,pmartin@summithealthpartners.com,Revenue Recognizer,Draft flux commentary for the Apr close,SUCCESS,59.3,"FP&A Apr variance was $3,784,543 vs plan",2026-04-05T11:20:17Z
r44-0001600,bjones@summithealthpartners.com,Variance Explainer,Reconcile AP aging over 90 days for MX-01,SUCCESS,27.7,"Ops Mar variance was $3,913,508 vs plan",2026-04-05T13:12:05Z
r44-0001601,pmartin@summithealthpartners.com,Vendor Spend Analyzer,Check covenant compliance for the revolver,SUCCESS,52.9,"Accounting Jan variance was $264,004 vs plan",2026-04-05T06:38:23Z
r44-0001602,amoore@summithealthpartners.com,Board Deck Builder,Forecast Jan operating cash flow,SUCCESS,66.6,"Accounting Jan variance was $2,467,415 vs plan",2026-04-05T11:40:58Z
r44-0001603,jnguyen@summithealthpartners.com,Journal Entry Reviewer,Summarize the Jan variance for entity US-02,SUCCESS,54.5,"Treasury Jan variance was $2,020,333 vs plan",2026-04-05T14:46:56Z
r44-0001604,bjones@summithealthpartners.com,Cash Forecaster,Reconcile AP aging over 90 days for MX-04,SUCCESS,61.4,"Accounting Feb variance was $752,800 vs plan",2026-04-05T16:23:32Z
r44-0001605,jnguyen@summithealthpartners.com,Variance Explainer,Forecast May operating cash flow,SUCCESS,42.4,"Ops May variance was $221,159 vs plan",2026-04-05T14:15:59Z
r44-0001606,dlopez2@summithealthpartners.com,Budget vs Actual,Check covenant compliance for the revolver,SUCCESS,71.2,"Ops Jun variance was $2,423,013 vs plan",2026-04-05T16:05:50Z
r44-0001607,amoore@summithealthpartners.com,Cash Forecaster,Forecast Jun operating cash flow,SUCCESS,0.5,ERROR: upstream request timed out,2026-04-05T14:51:35Z
r44-0001608,pmartin@summithealthpartners.com,Board Deck Builder,Reconcile AP aging over 90 days for CA-09,PARTIAL,35.1,"Accounting Apr variance was $4,436,687 vs plan",2026-04-05T14:52:41Z
r44-0001609,mlewis@summithealthpartners.com,Board Deck Builder,Why did Treasury spend exceed budget in Apr?,SUCCESS,20.0,"Treasury Apr variance was $1,272,165 vs plan",2026-04-05T12:54:30Z
r44-0001610,kperez@summithealthpartners.com,Flux Commentary,Why did Accounting spend exceed budget in Feb?,SUCCESS,50.2,"Accounting Feb variance was $2,431,858 vs plan",2026-04-05T12:38:24Z
r44-0001611,pmartin@summithealthpartners.com,Vendor Spend Analyzer,What drove the change in gross margin this quarter?,SUCCESS,47.3,"FP&A Jan variance was $3,937,332 vs plan",2026-04-05T13:58:36Z
r44-0001612,pmartin@summithealthpartners.com,Board Deck Builder,Check covenant compliance for the revolver,SUCCESS,61.1,"FP&A May variance was $875,081 vs plan",2026-04-05T12:29:14Z
r44-0001613,amoore@summithealthpartners.com,Close Checklist Bot,Build the board deck cash slide for Mar,SUCCESS,27.8,"Accounting Mar variance was $3,178,608 vs plan",2026-04-05T13:56:19Z
r44-0001614,sbrown@summithealthpartners.com,Journal Entry Reviewer,Summarize the Jan variance for entity US-03,FAIL,3.1,error code 502 from model gateway,2026-04-05T11:43:44Z
r44-0001615,jnguyen@summithealthpartners.com,Headcount Planner,Draft flux commentary for the Jun close,SUCCESS,72.2,"Ops Jun variance was $1,624,172 vs plan",2026-04-05T10:48:41Z
r44-0001616,pmartin@summithealthpartners.com,Revenue Recognizer,Build the board deck cash slide for Mar,SUCCESS,26.1,"Treasury Mar variance was $738,623 vs plan",2026-04-05T15:25:08Z
r44-0001617,amoore@summithealthpartners.com,Board Deck Builder,Build the board deck cash slide for Jan,SUCCESS,34.0,"Ops Jan variance was $105,818 vs plan",2026-04-05T11:12:52Z
r44-0001618,pmartin@summithealthpartners.com,Flux Commentary,Check covenant compliance for the revolver,SUCCESS,54.7,"Treasury Jan variance was $3,609,333 vs plan",2026-04-05T13:05:19Z
r44-0001619,bjones@summithealthpartners.com,Flux Commentary,Forecast Apr operating cash flow,SUCCESS,45.7,"Accounting Apr variance was $2,229,496 vs plan",2026-04-05T17:06:58Z
r44-0001620,jjohnson@summithealthpartners.com,Flux Commentary,Check covenant compliance for the revolver,SUCCESS,51.8,"FP&A Jun variance was $2,501,930 vs plan",2026-04-05T14:11:44Z
r44-0001621,sdavis@summithealthpartners.com,Budget vs Actual,Which cost centers are over budget YTD?,SUCCESS,31.0,"Ops Feb variance was $1,661,790 vs plan",2026-04-05T12:49:34Z
r44-0001622,jwilliams@summithealthpartners.com,Covenant Checker,Draft flux commentary for the Apr close,SUCCESS,43.8,"Treasury Apr variance was $2,671,664 vs plan",2026-04-05T12:05:17Z
r44-0001623,amoore@summithealthpartners.com,Cash Forecaster,What drove the change in gross margin this quarter?,PARTIAL,67.4,"Accounting May variance was $484,258 vs plan",2026-04-05T14:07:02Z
r44-0001624,pmartin@summithealthpartners.com,Board Deck Builder,Check covenant compliance for the revolver,SUCCESS,16.5,"Ops Jun variance was $230,925 vs plan",2026-04-05T12:12:27Z
r44-0001625,jnguyen@summithealthpartners.com,Board Deck Builder,Forecast May operating cash flow,SUCCESS,66.2,"Treasury May variance was $3,016,272 vs plan",2026-04-05T20:22:43Z
r44-0001626,bjones@summithealthpartners.com,Cash Forecaster,Why did Accounting spend exceed budget in Jan?,PARTIAL,44.1,"Accounting Jan variance was $670,659 vs plan",2026-04-06T17:58:26Z
r44-0001627,mlewis@summithealthpartners.com,Cash Forecaster,Check covenant compliance for the revolver,SUCCESS,28.6,"Treasury Feb variance was $986,797 vs plan",2026-04-06T14:46:10Z
r44-0001628,jdavis@summithealthpartners.com,Cash Forecaster,Summarize the Jun variance for entity EU-08,SUCCESS,45.1,"Accounting Jun variance was $3,674,418 vs plan",2026-04-06T10:14:46Z
r44-0001629,pmartin@summithealthpartners.com,AP Aging Analyst,Build the board deck cash slide for May,SUCCESS,5.3,"Ops May variance was $1,241,773 vs plan",2026-04-06T13:46:45Z
r44-0001630,mlewis@summithealthpartners.com,Cash Forecaster,Summarize the Apr variance for entity MX-09,SUCCESS,26.3,"FP&A Apr variance was $4,072,217 vs plan",2026-04-06T10:01:25Z
r44-0001631,pmartin@summithealthpartners.com,Revenue Recognizer,Why did Accounting spend exceed budget in Apr?,SUCCESS,1.7,FAILED: null reference in aggregation step,2026-04-06T15:10:37Z
r44-0001632,pmartin@summithealthpartners.com,Board Deck Builder,Check covenant compliance for the revolver,SUCCESS,0.6,Traceback (most recent call last): KeyError 'entity',2026-04-06T17:55:20Z
r44-0001633,dlopez2@summithealthpartners.com,Revenue Recognizer,Why did Treasury spend exceed budget in May?,FAIL,2.0,Traceback (most recent call last): KeyError 'entity',2026-04-06T09:47:42Z
r44-0001634,amoore@summithealthpartners.com,Cash Forecaster,Which cost centers are over budget YTD?,SUCCESS,15.2,"Accounting Mar variance was $1,410,307 vs plan",2026-04-06T19:32:45Z
r44-0001635,sdavis@summithealthpartners.com,Flux Commentary,Build the board deck cash slide for Apr,SUCCESS,15.8,"Treasury Apr variance was $767,798 vs plan",2026-04-06T13:39:45Z
r44-0001636,pmartin@summithealthpartners.com,AP Aging Analyst,Explain the headcount variance vs plan,SUCCESS,66.4,"FP&A Jun variance was $350,985 vs plan",2026-04-06T11:34:00Z
r44-0001637,amoore@summithealthpartners.com,Covenant Checker,Which cost centers are over budget YTD?,SUCCESS,43.4,"Ops Apr variance was $1,260,981 vs plan",2026-04-06T20:28:55Z
r44-0001638,kperez@summithealthpartners.com,Vendor Spend Analyzer,Build the board deck cash slide for Mar,SUCCESS,13.7,"Accounting Mar variance was $4,213,458 vs plan",2026-04-06T13:57:11Z
r44-0001639,sbrown@summithealthpartners.com,Close Checklist Bot,Reconcile AP aging over 90 days for MX-01,SUCCESS,38.1,"Ops Feb variance was $543,554 vs plan",2026-04-06T15:01:02Z
r44-0001640,pmartin@summithealthpartners.com,Headcount Planner,Check covenant compliance for the revolver,SUCCESS,9.3,"Ops Jun variance was $2,007,417 vs plan",2026-04-06T08:45:43Z
r44-0001641,amoore@summithealthpartners.com,Journal Entry Reviewer,What drove the change in gross margin this quarter?,SUCCESS,0.3,error code 502 from model gateway,2026-04-06T08:21:13Z
r44-0001642,amoore@summithealthpartners.com,Budget vs Actual,Summarize the May variance for entity US-06,PARTIAL,65.6,"Ops May variance was $3,867,666 vs plan",2026-04-06T16:04:33Z
r44-0001643,jlewis@summithealthpartners.com,Journal Entry Reviewer,Which cost centers are over budget YTD?,SUCCESS,45.4,"Accounting Apr variance was $928,326 vs plan",2026-04-06T14:53:20Z
r44-0001644,jnguyen@summithealthpartners.com,Budget vs Actual,Build the board deck cash slide for Jun,SUCCESS,0.4,ERROR: upstream request timed out,2026-04-06T11:17:47Z
r44-0001645,jdavis@summithealthpartners.com,Board Deck Builder,Summarize the Feb variance for entity MX-08,SUCCESS,40.0,"FP&A Feb variance was $4,033,194 vs plan",2026-04-06T13:12:04Z
r44-0001646,pmartin@summithealthpartners.com,AP Aging Analyst,Build the board deck cash slide for Feb,SUCCESS,11.0,"Accounting Feb variance was $2,872,085 vs plan",2026-04-06T12:22:34Z
r44-0001647,pmartin@summithealthpartners.com,Headcount Planner,Forecast May operating cash flow,SUCCESS,40.1,"Ops May variance was $2,505,114 vs plan",2026-04-06T10:41:56Z
r44-0001648,bjones@summithealthpartners.com,Headcount Planner,Build the board deck cash slide for Jan,SUCCESS,49.1,"Treasury Jan variance was $1,873,706 vs plan",2026-04-06T14:56:19Z
r44-0001649,amoore@summithealthpartners.com,Revenue Recognizer,Why did Ops spend exceed budget in May?,SUCCESS,45.9,"Ops May variance was $3,336,526 vs plan",2026-04-06T11:11:51Z
r44-0001650,nnguyen@summithealthpartners.com,Revenue Recognizer,Which cost centers are over budget YTD?,SUCCESS,54.9,"FP&A May variance was $2,099,468 vs plan",2026-04-06T11:16:15Z
r44-0001651,pmartin@summithealthpartners.com,Board Deck Builder,Draft flux commentary for the Jan close,PARTIAL,57.1,"Accounting Jan variance was $775,804 vs plan",2026-04-06T17:34:21Z
r44-0001652,pmartin@summithealthpartners.com,Covenant Checker,Why did FP&A spend exceed budget in Feb?,SUCCESS,19.4,"FP&A Feb variance was $1,227,760 vs plan",2026-04-06T09:39:03Z
r44-0001653,nhaddad@summithealthpartners.com,Cash Forecaster,What drove the change in gross margin this quarter?,SUCCESS,8.5,"Treasury Jun variance was $2,419,394 vs plan",2026-04-06T12:47:08Z
r44-0001654,nhaddad@summithealthpartners.com,Budget vs Actual,Explain the headcount variance vs plan,SUCCESS,71.8,"Accounting Apr variance was $3,175,641 vs plan",2026-04-06T15:46:42Z
r44-0001655,bjones@summithealthpartners.com,Journal Entry Reviewer,What drove the change in gross margin this quarter?,SUCCESS,7.8,"Treasury Mar variance was $1,847,406 vs plan",2026-04-06T14:57:29Z
r44-0001656,pmartin@summithealthpartners.com,Flux Commentary,Draft flux commentary for the Apr close,FAIL,1.2,error: connection reset by peer,2026-04-06T12:03:54Z
r44-0001657,jjohnson@summithealthpartners.com,Flux Commentary,Which cost centers are over budget YTD?,FAIL,1.2,ERROR: upstream request timed out,2026-04-06T13:34:22Z
r44-0001658,pmartin@summithealthpartners.com,Journal Entry Reviewer,What drove the change in gross margin this quarter?,SUCCESS,21.9,"Treasury Apr variance was $3,888,137 vs plan",2026-04-06T12:25:14Z
r44-0001659,pmartin@summithealthpartners.com,Variance Explainer,Build the board deck cash slide for May,SUCCESS,1.6,FAILED: null reference in aggregation step,2026-04-06T17:35:37Z
r44-0001660,pmartin@summithealthpartners.com,Headcount Planner,Draft flux commentary for the Jun close,PARTIAL,63.6,"Accounting Jun variance was $122,439 vs plan",2026-04-06T12:18:43Z
r44-0001661,pmartin@summithealthpartners.com,Variance Explainer,Reconcile AP aging over 90 days for US-07,SUCCESS,29.4,"Accounting Jun variance was $2,195,747 vs plan",2026-04-06T11:09:04Z
r44-0001662,amoore@summithealthpartners.com,Close Checklist Bot,Summarize the Jun variance for entity US-09,SUCCESS,72.4,"FP&A Jun variance was $4,743,589 vs plan",2026-04-06T07:03:28Z
r44-0001663,pmartin@summithealthpartners.com,Variance Explainer,Which cost centers are over budget YTD?,SUCCESS,15.3,"Ops May variance was $4,617,542 vs plan",2026-04-06T10:14:11Z
r44-0001664,jnguyen@summithealthpartners.com,Covenant Checker,Summarize the Apr variance for entity EU-08,SUCCESS,63.6,"Treasury Apr variance was $2,417,402 vs plan",2026-04-06T18:43:29Z
r44-0001665,pmartin@summithealthpartners.com,Journal Entry Reviewer,Summarize the Jun variance for entity EU-06,SUCCESS,63.1,"Ops Jun variance was $4,260,670 vs plan",2026-04-06T09:41:39Z
r44-0001666,amoore@summithealthpartners.com,Vendor Spend Analyzer,Build the board deck cash slide for Jun,SUCCESS,3.6,"Accounting Jun variance was $992,222 vs plan",2026-04-06T08:58:30Z
r44-0001667,pmartin@summithealthpartners.com,Cash Forecaster,Forecast Apr operating cash flow,SUCCESS,31.1,"Ops Apr variance was $457,463 vs plan",2026-04-06T18:54:12Z
r44-0001668,amoore@summithealthpartners.com,Flux Commentary,Draft flux commentary for the Jun close,SUCCESS,56.3,"Accounting Jun variance was $3,535,785 vs plan",2026-04-06T14:53:03Z
r44-0001669,pmartin@summithealthpartners.com,Vendor Spend Analyzer,Draft flux commentary for the Feb close,SUCCESS,58.2,"Accounting Feb variance was $1,585,409 vs plan",2026-04-06T10:54:29Z
r44-0001670,jjohnson@summithealthpartners.com,Revenue Recognizer,Draft flux commentary for the Jun close,SUCCESS,54.4,"Treasury Jun variance was $3,543,274 vs plan",2026-04-06T14:22:45Z
r44-0001671,amoore@summithealthpartners.com,Covenant Checker,Check covenant compliance for the revolver,PARTIAL,46.0,"Ops Jan variance was $3,771,565 vs plan",2026-04-06T11:44:42Z
r44-0001672,amoore@summithealthpartners.com,Journal Entry Reviewer,Why did Ops spend exceed budget in May?,PARTIAL,46.4,"Ops May variance was $1,869,557 vs plan",2026-04-06T12:00:44Z
r44-0001673,pmartin@summithealthpartners.com,AP Aging Analyst,Forecast Apr operating cash flow,PARTIAL,3.7,"Ops Apr variance was $911,289 vs plan",2026-04-06T12:46:24Z
r44-0001674,jnguyen@summithealthpartners.com,Headcount Planner,Draft flux commentary for the Mar close,SUCCESS,22.9,"FP&A Mar variance was $2,174,989 vs plan",2026-04-06T14:38:22Z
r44-0001675,jlewis@summithealthpartners.com,Journal Entry Reviewer,Reconcile AP aging over 90 days for EU-08,SUCCESS,19.4,"FP&A Jan variance was $3,015,149 vs plan",2026-04-06T21:29:25Z
r44-0001676,pmartin@summithealthpartners.com,Headcount Planner,Explain the headcount variance vs plan,SUCCESS,15.6,"Accounting Apr variance was $4,216,148 vs plan",2026-04-06T15:46:58Z
r44-0001677,amoore@summithealthpartners.com,Cash Forecaster,Explain the headcount variance vs plan,PARTIAL,25.7,"Treasury Apr variance was $1,894,328 vs plan",2026-04-06T13:23:12Z
r44-0001678,bjones@summithealthpartners.com,Journal Entry Reviewer,Draft flux commentary for the May close,SUCCESS,64.9,"Ops May variance was $3,135,238 vs plan",2026-04-06T08:29:54Z
r44-0001679,amoore@summithealthpartners.com,Flux Commentary,Summarize the Mar variance for entity MX-04,SUCCESS,15.1,"Accounting Mar variance was $860,649 vs plan",2026-04-06T09:52:07Z
r44-0001680,jlewis@summithealthpartners.com,Revenue Recognizer,Forecast Mar operating cash flow,SUCCESS,38.7,"Treasury Mar variance was $2,669,265 vs plan",2026-04-06T09:41:39Z
r44-0001681,amoore@summithealthpartners.com,Vendor Spend Analyzer,Explain the headcount variance vs plan,PARTIAL,13.1,"Ops Jun variance was $4,032,511 vs plan",2026-04-06T07:56:51Z
r44-0001682,bjones@summithealthpartners.com,Flux Commentary,Check covenant compliance for the revolver,SUCCESS,1.8,ERROR: upstream request timed out,2026-04-06T15:26:56Z
r44-0001683,jwilliams@summithealthpartners.com,Board Deck Builder,Summarize the Jan variance for entity EU-05,SUCCESS,72.2,"Ops Jan variance was $2,775,642 vs plan",2026-04-06T13:58:10Z
r44-0001684,amoore@summithealthpartners.com,Vendor Spend Analyzer,Explain the headcount variance vs plan,PARTIAL,24.5,"Accounting Apr variance was $1,196,369 vs plan",2026-04-06T13:27:24Z
r44-0001685,jnguyen@summithealthpartners.com,Close Checklist Bot,Draft flux commentary for the May close,SUCCESS,42.7,"FP&A May variance was $3,687,718 vs plan",2026-04-06T07:30:13Z
r44-0001686,kperez@summithealthpartners.com,Revenue Recognizer,What drove the change in gross margin this quarter?,SUCCESS,40.0,"FP&A Apr variance was $4,530,232 vs plan",2026-04-06T15:09:51Z
r44-0001687,mlewis@summithealthpartners.com,Vendor Spend Analyzer,What drove the change in gross margin this quarter?,SUCCESS,34.3,"Accounting Feb variance was $3,507,705 vs plan",2026-04-06T09:52:04Z
r44-0001688,amoore@summithealthpartners.com,Board Deck Builder,Explain the headcount variance vs plan,PARTIAL,17.4,"Accounting Jun variance was $97,987 vs plan",2026-04-06T09:08:47Z
r44-0001689,pmartin@summithealthpartners.com,Cash Forecaster,Check covenant compliance for the revolver,SUCCESS,45.7,"Treasury Mar variance was $3,506,619 vs plan",2026-04-06T11:08:01Z
r44-0001690,jnguyen@summithealthpartners.com,Board Deck Builder,Which cost centers are over budget YTD?,SUCCESS,51.7,"Ops Feb variance was $1,596,245 vs plan",2026-04-06T15:21:19Z
r44-0001691,pmartin@summithealthpartners.com,Variance Explainer,Check covenant compliance for the revolver,SUCCESS,67.7,"Accounting Jan variance was $1,372,924 vs plan",2026-04-06T10:06:31Z
r44-0001692,pmartin@summithealthpartners.com,Journal Entry Reviewer,Why did Accounting spend exceed budget in Jan?,SUCCESS,69.0,"Accounting Jan variance was $2,869,057 vs plan",2026-04-06T08:10:29Z
r44-0001693,pmartin@summithealthpartners.com,Covenant Checker,Build the board deck cash slide for Jan,SUCCESS,45.8,"Accounting Jan variance was $3,093,884 vs plan",2026-04-06T09:40:01Z
r44-0001694,bjones@summithealthpartners.com,Covenant Checker,Reconcile AP aging over 90 days for US-06,SUCCESS,71.2,"Treasury May variance was $4,787,216 vs plan",2026-04-06T15:55:23Z
r44-0001695,amoore@summithealthpartners.com,Flux Commentary,Forecast Mar operating cash flow,SUCCESS,8.2,"Treasury Mar variance was $107,441 vs plan",2026-04-06T13:44:54Z
r44-0001696,jjohnson@summithealthpartners.com,Cash Forecaster,Explain the headcount variance vs plan,SUCCESS,1.1,Traceback (most recent call last): KeyError 'entity',2026-04-06T13:08:52Z
r44-0001697,pmartin@summithealthpartners.com,Flux Commentary,Draft flux commentary for the Jan close,SUCCESS,29.4,"Treasury Jan variance was $1,289,155 vs plan",2026-04-06T14:04:19Z
r44-0001698,dlopez2@summithealthpartners.com,Cash Forecaster,Draft flux commentary for the May close,SUCCESS,22.0,"Ops May variance was $3,969,906 vs plan",2026-04-06T12:03:18Z
r44-0001699,sdavis@summithealthpartners.com,Budget vs Actual,Explain the headcount variance vs plan,PARTIAL,31.9,"Ops Feb variance was $315,477 vs plan",2026-04-06T14:30:46Z
r44-0001700,pmartin@summithealthpartners.com,Close Checklist Bot,Which cost centers are over budget YTD?,SUCCESS,26.1,"Accounting Jan variance was $575,241 vs plan",2026-04-06T13:42:18Z
r44-0001701,prodriguez@summithealthpartners.com,Cash Forecaster,Which cost centers are over budget YTD?,SUCCESS,68.8,"Ops Apr variance was $2,832,432 vs plan",2026-04-06T14:06:55Z
r44-0001702,dlopez2@summithealthpartners.com,AP Aging Analyst,Reconcile AP aging over 90 days for US-06,SUCCESS,21.8,"Accounting May variance was $3,920,886 vs plan",2026-04-06T15:18:06Z
r44-0001703,amoore@summithealthpartners.com,Close Checklist Bot,Draft flux commentary for the Feb close,SUCCESS,19.9,"FP&A Feb variance was $3,076,464 vs plan",2026-04-06T17:30:42Z
r44-0001704,amoore@summithealthpartners.com,Revenue Recognizer,Summarize the Jun variance for entity EU-03,SUCCESS,24.9,"Accounting Jun variance was $1,988,581 vs plan",2026-04-06T18:05:29Z
r44-0001705,jnguyen@summithealthpartners.com,Variance Explainer,Build the board deck cash slide for May,SUCCESS,38.6,"FP&A May variance was $3,784,446 vs plan",2026-04-06T16:45:27Z
r44-0001706,amoore@summithealthpartners.com,Close Checklist Bot,Explain the headcount variance vs plan,SUCCESS,34.7,"Accounting Jan variance was $3,328,751 vs plan",2026-04-06T13:16:33Z
r44-0001707,prodriguez@summithealthpartners.com,Board Deck Builder,Draft flux commentary for the Apr close,SUCCESS,20.0,"Ops Apr variance was $2,349,098 vs plan",2026-04-06T12:41:19Z
r44-0001708,jnguyen@summithealthpartners.com,Board Deck Builder,Summarize the Apr variance for entity CA-05,SUCCESS,32.6,"FP&A Apr variance was $2,358,217 vs plan",2026-04-06T17:06:27Z
r44-0001709,mharris@summithealthpartners.com,Board Deck Builder,Summarize the Jun variance for entity CA-08,SUCCESS,29.6,"Accounting Jun variance was $40,293 vs plan",2026-04-06T09:31:57Z
r44-0001710,pmartin@summithealthpartners.com,Budget vs Actual,Build the board deck cash slide for Mar,SUCCESS,40.2,"Accounting Mar variance was $4,020,251 vs plan",2026-04-06T10:36:32Z
r44-0001711,amoore@summithealthpartners.com,Variance Explainer,Which cost centers are over budget YTD?,SUCCESS,25.6,"FP&A Apr variance was $3,359,844 vs plan",2026-04-06T06:04:27Z
r44-0001712,mharris@summithealthpartners.com,Close Checklist Bot,Forecast Jan operating cash flow,SUCCESS,25.0,"FP&A Jan variance was $4,257,971 vs plan",2026-04-06T16:22:23Z
r44-0001713,jwilliams@summithealthpartners.com,Flux Commentary,Reconcile AP aging over 90 days for US-08,SUCCESS,3.2,"Accounting Jan variance was $1,613,127 vs plan",2026-04-06T13:32:56Z
r44-0001714,pmartin@summithealthpartners.com,AP Aging Analyst,Forecast Apr operating cash flow,PARTIAL,31.8,"FP&A Apr variance was $4,410,105 vs plan",2026-04-07T10:51:17Z
r44-0001715,jlewis@summithealthpartners.com,Budget vs Actual,Draft flux commentary for the Mar close,SUCCESS,44.3,"Ops Mar variance was $2,185,816 vs plan",2026-04-07T14:14:15Z
r44-0001716,pmartin@summithealthpartners.com,Vendor Spend Analyzer,Build the board deck cash slide for Mar,SUCCESS,50.9,"FP&A Mar variance was $978,127 vs plan",2026-04-07T12:45:07Z
r44-0001717,jdavis@summithealthpartners.com,Covenant Checker,Draft flux commentary for the Jun close,SUCCESS,32.9,"Accounting Jun variance was $1,299,243 vs plan",2026-04-07T14:03:05Z
r44-0001718,amoore@summithealthpartners.com,Vendor Spend Analyzer,Reconcile AP aging over 90 days for US-09,FAIL,3.6,Traceback (most recent call last): KeyError 'entity',2026-04-07T16:41:39Z
r44-0001719,pmartin@summithealthpartners.com,Budget vs Actual,Summarize the Mar variance for entity CA-05,SUCCESS,1.6,error code 502 from model gateway,2026-04-07T13:07:47Z
r44-0001720,amoore@summithealthpartners.com,Close Checklist Bot,Which cost centers are over budget YTD?,SUCCESS,50.7,"Ops May variance was $169,417 vs plan",2026-04-07T11:42:05Z
r44-0001721,sbrown@summithealthpartners.com,Budget vs Actual,Explain the headcount variance vs plan,SUCCESS,18.1,"FP&A Mar variance was $4,350,795 vs plan",2026-04-07T17:01:03Z
r44-0001722,jwilson@summithealthpartners.com,Vendor Spend Analyzer,Reconcile AP aging over 90 days for MX-07,SUCCESS,59.6,"FP&A May variance was $1,858,828 vs plan",2026-04-07T11:05:45Z
r44-0001723,pmartin@summithealthpartners.com,Journal Entry Reviewer,Draft flux commentary for the Apr close,SUCCESS,36.0,"Treasury Apr variance was $3,715,787 vs plan",2026-04-07T11:37:17Z
r44-0001724,bjones@summithealthpartners.com,Close Checklist Bot,Explain the headcount variance vs plan,SUCCESS,46.4,"Treasury Mar variance was $1,132,820 vs plan",2026-04-07T13:09:30Z
r44-0001725,bjones@summithealthpartners.com,Vendor Spend Analyzer,Forecast May operating cash flow,SUCCESS,1.8,ERROR: upstream request timed out,2026-04-07T13:09:52Z
r44-0001726,pmartin@summithealthpartners.com,Revenue Recognizer,Which cost centers are over budget YTD?,SUCCESS,36.8,"FP&A Feb variance was $3,094,896 vs plan",2026-04-07T16:34:19Z
r44-0001727,pmartin@summithealthpartners.com,Budget vs Actual,Forecast Feb operating cash flow,SUCCESS,48.4,"Treasury Feb variance was $1,465,764 vs plan",2026-04-07T10:00:01Z
r44-0001728,pmartin@summithealthpartners.com,Flux Commentary,What drove the change in gross margin this quarter?,SUCCESS,28.2,"Accounting Apr variance was $1,071,439 vs plan",2026-04-07T17:46:28Z
r44-0001729,pmartin@summithealthpartners.com,Close Checklist Bot,Draft flux commentary for the Feb close,PARTIAL,11.3,"FP&A Feb variance was $774,759 vs plan",2026-04-07T13:44:29Z
r44-0001730,jnguyen@summithealthpartners.com,Cash Forecaster,Build the board deck cash slide for Jan,SUCCESS,24.1,"Ops Jan variance was $1,863,537 vs plan",2026-04-07T17:25:49Z
r44-0001731,jlewis@summithealthpartners.com,Flux Commentary,Why did Accounting spend exceed budget in Mar?,SUCCESS,66.5,"Accounting Mar variance was $2,490,762 vs plan",2026-04-07T06:34:53Z
r44-0001732,pmartin@summithealthpartners.com,Variance Explainer,What drove the change in gross margin this quarter?,SUCCESS,22.0,"FP&A Mar variance was $3,878,127 vs plan",2026-04-07T13:01:41Z
r44-0001733,amoore@summithealthpartners.com,Cash Forecaster,Check covenant compliance for the revolver,SUCCESS,58.0,"FP&A Jan variance was $1,082,800 vs plan",2026-04-07T16:50:50Z
r44-0001734,amoore@summithealthpartners.com,Close Checklist Bot,Summarize the Jan variance for entity MX-09,PARTIAL,8.4,"FP&A Jan variance was $1,111,940 vs plan",2026-04-07T11:58:41Z
r44-0001735,pmartin@summithealthpartners.com,Flux Commentary,Why did Ops spend exceed budget in Mar?,SUCCESS,14.5,"Ops Mar variance was $4,578,949 vs plan",2026-04-07T09:42:11Z
r44-0001736,bjones@summithealthpartners.com,Vendor Spend Analyzer,Forecast Feb operating cash flow,PARTIAL,44.9,"FP&A Feb variance was $1,037,851 vs plan",2026-04-07T15:06:26Z
r44-0001737,pmartin@summithealthpartners.com,AP Aging Analyst,Explain the headcount variance vs plan,SUCCESS,33.9,"Accounting Apr variance was $4,581,450 vs plan",2026-04-07T13:51:26Z
r44-0001738,amoore@summithealthpartners.com,Vendor Spend Analyzer,Explain the headcount variance vs plan,SUCCESS,68.7,"Treasury Mar variance was $705,009 vs plan",2026-04-07T16:57:44Z
r44-0001739,jjohnson@summithealthpartners.com,Cash Forecaster,Draft flux commentary for the Mar close,FAIL,2.7,Traceback (most recent call last): KeyError 'entity',2026-04-07T11:45:50Z
r44-0001740,jjohnson@summithealthpartners.com,Variance Explainer,Build the board deck cash slide for Jun,SUCCESS,26.9,"Accounting Jun variance was $2,565,487 vs plan",2026-04-07T06:45:50Z
r44-0001741,pmartin@summithealthpartners.com,AP Aging Analyst,Check covenant compliance for the revolver,SUCCESS,52.5,"Treasury Mar variance was $2,288,078 vs plan",2026-04-07T12:29:28Z
r44-0001742,jjohnson@summithealthpartners.com,Budget vs Actual,Reconcile AP aging over 90 days for US-09,SUCCESS,7.4,"Ops Jan variance was $1,156,983 vs plan",2026-04-07T16:29:46Z
r44-0001743,bjones@summithealthpartners.com,Vendor Spend Analyzer,Draft flux commentary for the May close,SUCCESS,22.0,"Accounting May variance was $4,281,342 vs plan",2026-04-07T16:49:22Z
r44-0001744,amoore@summithealthpartners.com,Variance Explainer,Why did Accounting spend exceed budget in Apr?,SUCCESS,5.1,"Accounting Apr variance was $1,906,240 vs plan",2026-04-07T18:11:34Z
r44-0001745,pmartin@summithealthpartners.com,Covenant Checker,Why did Treasury spend exceed budget in Apr?,SUCCESS,21.9,"Treasury Apr variance was $532,404 vs plan",2026-04-07T15:32:09Z
r44-0001746,jdavis@summithealthpartners.com,Revenue Recognizer,Reconcile AP aging over 90 days for MX-03,SUCCESS,34.4,"FP&A May variance was $302,514 vs plan",2026-04-07T12:11:20Z
r44-0001747,mharris@summithealthpartners.com,Cash Forecaster,Explain the headcount variance vs plan,SUCCESS,55.9,"Treasury Jan variance was $1,116,084 vs plan",2026-04-07T12:42:42Z
r44-0001748,bjones@summithealthpartners.com,Revenue Recognizer,What drove the change in gross margin this quarter?,SUCCESS,13.8,"FP&A May variance was $2,828,899 vs plan",2026-04-07T08:26:09Z
r44-0001749,amoore@summithealthpartners.com,Revenue Recognizer,Summarize the Jan variance for entity US-04,SUCCESS,44.6,"Ops Jan variance was $1,033,649 vs plan",2026-04-07T09:52:33Z
r44-0001750,pmartin@summithealthpartners.com,Budget vs Actual,Check covenant compliance for the revolver,FAIL,6.8,FAILED: null reference in aggregation step,2026-04-07T15:32:39Z
r44-0001751,bjones@summithealthpartners.com,Journal Entry Reviewer,Why did Ops spend exceed budget in Feb?,PARTIAL,69.7,"Ops Feb variance was $827,808 vs plan",2026-04-07T18:20:50Z
r44-0001752,pmartin@summithealthpartners.com,Flux Commentary,Draft flux commentary for the Apr close,SUCCESS,41.0,"Accounting Apr variance was $2,604,558 vs plan",2026-04-07T08:39:00Z
r44-0001753,prodriguez@summithealthpartners.com,Flux Commentary,Forecast May operating cash flow,SUCCESS,67.2,"FP&A May variance was $812,221 vs plan",2026-04-07T13:25:07Z
r44-0001754,prodriguez@summithealthpartners.com,AP Aging Analyst,Why did Ops spend exceed budget in Jan?,SUCCESS,23.7,"Ops Jan variance was $3,747,687 vs plan",2026-04-07T10:00:13Z
r44-0001755,jlewis@summithealthpartners.com,Variance Explainer,Which cost centers are over budget YTD?,SUCCESS,64.0,"Ops May variance was $4,152,557 vs plan",2026-04-07T14:02:26Z
r44-0001756,amoore@summithealthpartners.com,Board Deck Builder,What drove the change in gross margin this quarter?,SUCCESS,43.4,"Accounting Mar variance was $2,008,116 vs plan",2026-04-07T14:51:49Z
r44-0001757,bjones@summithealthpartners.com,Covenant Checker,Reconcile AP aging over 90 days for US-06,SUCCESS,29.6,"Ops Apr variance was $2,723,093 vs plan",2026-04-07T13:39:44Z
r44-0001758,amoore@summithealthpartners.com,Flux Commentary,Draft flux commentary for the Feb close,SUCCESS,58.5,"Accounting Feb variance was $2,044,675 vs plan",2026-04-07T10:53:13Z
r44-0001759,pmartin@summithealthpartners.com,Covenant Checker,Why did Ops spend exceed budget in Feb?,SUCCESS,19.2,"Ops Feb variance was $2,454,128 vs plan",2026-04-07T07:19:17Z
r44-0001760,jdavis@summithealthpartners.com,Journal Entry Reviewer,Draft flux commentary for the Feb close,SUCCESS,26.1,"Accounting Feb variance was $997,550 vs plan",2026-04-07T10:39:46Z
r44-0001761,amoore@summithealthpartners.com,Budget vs Actual,Build the board deck cash slide for Feb,SUCCESS,1.5,Traceback (most recent call last): KeyError 'entity',2026-04-07T15:27:32Z
r44-0001762,mlewis@summithealthpartners.com,Journal Entry Reviewer,Which cost centers are over budget YTD?,SUCCESS,17.5,"Accounting Jan variance was $872,137 vs plan",2026-04-07T14:35:00Z
r44-0001763,bjones@summithealthpartners.com,Close Checklist Bot,Reconcile AP aging over 90 days for EU-01,SUCCESS,0.8,ERROR: upstream request timed out,2026-04-07T09:43:20Z
r44-0001764,jnguyen@summithealthpartners.com,Variance Explainer,What drove the change in gross margin this quarter?,SUCCESS,26.7,"Ops Feb variance was $4,186,331 vs plan",2026-04-07T11:59:47Z
r44-0001765,amoore@summithealthpartners.com,Board Deck Builder,Which cost centers are over budget YTD?,SUCCESS,28.5,"Accounting May variance was $1,015,332 vs plan",2026-04-07T12:41:05Z
r44-0001766,pmartin@summithealthpartners.com,AP Aging Analyst,Build the board deck cash slide for Jan,SUCCESS,0.9,Traceback (most recent call last): KeyError 'entity',2026-04-07T16:40:55Z
r44-0001767,jwilson@summithealthpartners.com,Close Checklist Bot,Explain the headcount variance vs plan,SUCCESS,4.9,"FP&A Feb variance was $4,784,061 vs plan",2026-04-07T13:59:34Z
r44-0001768,sbrown@summithealthpartners.com,AP Aging Analyst,Draft flux commentary for the May close,SUCCESS,4.4,"FP&A May variance was $230,058 vs plan",2026-04-07T15:40:29Z
r44-0001769,pmartin@summithealthpartners.com,Headcount Planner,Which cost centers are over budget YTD?,SUCCESS,68.4,"Accounting Feb variance was $4,630,599 vs plan",2026-04-07T10:39:46Z
r44-0001770,jwilson@summithealthpartners.com,Flux Commentary,Reconcile AP aging over 90 days for US-08,SUCCESS,38.0,"Accounting Jan variance was $2,685,563 vs plan",2026-04-07T12:34:53Z
r44-0001771,jjohnson@summithealthpartners.com,Budget vs Actual,Check covenant compliance for the revolver,PARTIAL,35.3,"Treasury Mar variance was $2,068,776 vs plan",2026-04-07T17:05:09Z
r44-0001772,pmartin@summithealthpartners.com,Close Checklist Bot,Reconcile AP aging over 90 days for EU-02,SUCCESS,34.2,"Ops Jan variance was $1,169,723 vs plan",2026-04-07T14:02:06Z
r44-0001773,pmartin@summithealthpartners.com,Flux Commentary,Reconcile AP aging over 90 days for US-04,FAIL,4.7,error: connection reset by peer,2026-04-07T10:45:08Z
r44-0001774,pmartin@summithealthpartners.com,Vendor Spend Analyzer,Check covenant compliance for the revolver,SUCCESS,19.1,"Ops Jun variance was $1,075,414 vs plan",2026-04-07T10:46:18Z
r44-0001775,mharris@summithealthpartners.com,Flux Commentary,Explain the headcount variance vs plan,SUCCESS,14.2,"Ops Jan variance was $248,062 vs plan",2026-04-07T12:31:25Z
r44-0001776,kperez@summithealthpartners.com,Variance Explainer,Which cost centers are over budget YTD?,SUCCESS,0.8,Traceback (most recent call last): KeyError 'entity',2026-04-07T14:54:54Z
r44-0001777,jlewis@summithealthpartners.com,Cash Forecaster,Which cost centers are over budget YTD?,SUCCESS,0.3,error code 502 from model gateway,2026-04-08T14:56:20Z
r44-0001778,pmartin@summithealthpartners.com,Revenue Recognizer,Summarize the Mar variance for entity US-04,SUCCESS,1.4,error code 502 from model gateway,2026-04-08T14:50:15Z
r44-0001779,pmartin@summithealthpartners.com,AP Aging Analyst,Which cost centers are over budget YTD?,SUCCESS,9.4,"Ops Jun variance was $4,431,987 vs plan",2026-04-08T08:45:43Z
r44-0001780,amoore@summithealthpartners.com,Cash Forecaster,Build the board deck cash slide for Jan,SUCCESS,20.1,"Treasury Jan variance was $3,176,786 vs plan",2026-04-08T06:43:12Z
r44-0001781,mlewis@summithealthpartners.com,Vendor Spend Analyzer,What drove the change in gross margin this quarter?,SUCCESS,32.8,"Treasury Jun variance was $4,456,276 vs plan",2026-04-08T11:20:42Z
r44-0001782,amoore@summithealthpartners.com,Headcount Planner,Check covenant compliance for the revolver,FAIL,5.3,error code 502 from model gateway,2026-04-08T09:39:21Z
r44-0001783,pmartin@summithealthpartners.com,Variance Explainer,Draft flux commentary for the May close,SUCCESS,30.3,"Accounting May variance was $469,467 vs plan",2026-04-08T09:48:59Z
r44-0001784,amoore@summithealthpartners.com,Close Checklist Bot,Draft flux commentary for the Jan close,FAIL,5.0,Traceback (most recent call last): KeyError 'entity',2026-04-08T11:31:56Z
r44-0001785,pmartin@summithealthpartners.com,Flux Commentary,Explain the headcount variance vs plan,SUCCESS,30.8,"Treasury Mar variance was $1,956,229 vs plan",2026-04-08T09:57:20Z
r44-0001786,amoore@summithealthpartners.com,AP Aging Analyst,Explain the headcount variance vs plan,SUCCESS,44.9,"FP&A Apr variance was $3,307,741 vs plan",2026-04-08T11:20:35Z
r44-0001787,pmartin@summithealthpartners.com,Cash Forecaster,What drove the change in gross margin this quarter?,SUCCESS,44.3,"Treasury Apr variance was $2,626,005 vs plan",2026-04-08T12:02:10Z
r44-0001788,pmartin@summithealthpartners.com,Flux Commentary,Build the board deck cash slide for Apr,SUCCESS,27.1,"Ops Apr variance was $2,694,187 vs plan",2026-04-08T11:02:00Z
r44-0001789,amoore@summithealthpartners.com,Cash Forecaster,Build the board deck cash slide for Feb,SUCCESS,73.0,"Accounting Feb variance was $4,429,956 vs plan",2026-04-08T10:34:20Z
r44-0001790,pmartin@summithealthpartners.com,Covenant Checker,Explain the headcount variance vs plan,SUCCESS,5.2,"FP&A Apr variance was $2,889,975 vs plan",2026-04-08T11:14:36Z
r44-0001791,jlewis@summithealthpartners.com,Cash Forecaster,Reconcile AP aging over 90 days for MX-04,SUCCESS,52.5,"Treasury Mar variance was $954,000 vs plan",2026-04-08T15:24:12Z
r44-0001792,bjones@summithealthpartners.com,Covenant Checker,Forecast Jan operating cash flow,SUCCESS,55.6,"Accounting Jan variance was $1,122,677 vs plan",2026-04-08T14:14:44Z
r44-0001793,jlewis@summithealthpartners.com,Variance Explainer,Build the board deck cash slide for May,SUCCESS,39.3,"FP&A May variance was $1,908,955 vs plan",2026-04-08T11:18:58Z
r44-0001794,bjones@summithealthpartners.com,Close Checklist Bot,Build the board deck cash slide for May,SUCCESS,19.0,"Ops May variance was $694,411 vs plan",2026-04-08T06:58:08Z
r44-0001795,pmartin@summithealthpartners.com,Budget vs Actual,Summarize the May variance for entity EU-03,SUCCESS,61.3,"FP&A May variance was $1,419,519 vs plan",2026-04-08T10:51:16Z
r44-0001796,amoore@summithealthpartners.com,Cash Forecaster,Which cost centers are over budget YTD?,SUCCESS,37.5,"Accounting May variance was $36,692 vs plan",2026-04-08T12:35:02Z
r44-0001797,amoore@summithealthpartners.com,Variance Explainer,Which cost centers are over budget YTD?,SUCCESS,42.6,"Accounting Apr variance was $1,953,205 vs plan",2026-04-08T09:59:46Z
r44-0001798,prodriguez@summithealthpartners.com,Revenue Recognizer,Why did Treasury spend exceed budget in May?,SUCCESS,54.6,"Treasury May variance was $1,370,957 vs plan",2026-04-08T10:03:21Z
r44-0001799,pmartin@summithealthpartners.com,Budget vs Actual,Draft flux commentary for the Jan close,SUCCESS,11.3,"Treasury Jan variance was $2,155,612 vs plan",2026-04-08T10:38:37Z
r44-0001800,jdavis@summithealthpartners.com,Vendor Spend Analyzer,Check covenant compliance for the revolver,FAIL,6.6,error: connection reset by peer,2026-04-08T17:21:40Z
r44-0001801,jnguyen@summithealthpartners.com,Vendor Spend Analyzer,Forecast Jun operating cash flow,SUCCESS,72.3,"FP&A Jun variance was $2,802,174 vs plan",2026-04-08T10:27:26Z
r44-0001802,prodriguez@summithealthpartners.com,Revenue Recognizer,Summarize the Jan variance for entity CA-03,SUCCESS,73.3,"FP&A Jan variance was $935,094 vs plan",2026-04-08T08:39:42Z
r44-0001803,jnguyen@summithealthpartners.com,Budget vs Actual,Which cost centers are over budget YTD?,SUCCESS,59.6,"Accounting May variance was $2,022,914 vs plan",2026-04-08T10:17:35Z
r44-0001804,sbrown@summithealthpartners.com,Board Deck Builder,Explain the headcount variance vs plan,SUCCESS,42.9,"Accounting May variance was $1,029,088 vs plan",2026-04-08T19:12:42Z
r44-0001805,mharris@summithealthpartners.com,Covenant Checker,Explain the headcount variance vs plan,FAIL,7.7,Traceback (most recent call last): KeyError 'entity',2026-04-08T12:05:48Z
r44-0001806,sdavis@summithealthpartners.com,Variance Explainer,What drove the change in gross margin this quarter?,SUCCESS,54.5,"FP&A Mar variance was $1,830,118 vs plan",2026-04-08T12:13:59Z
r44-0001807,bjones@summithealthpartners.com,Covenant Checker,Forecast Jan operating cash flow,SUCCESS,14.3,"FP&A Jan variance was $3,640,268 vs plan",2026-04-08T08:43:49Z
r44-0001808,amoore@summithealthpartners.com,AP Aging Analyst,Forecast Mar operating cash flow,SUCCESS,40.5,"Treasury Mar variance was $4,185,621 vs plan",2026-04-08T06:21:10Z
r44-0001809,amoore@summithealthpartners.com,AP Aging Analyst,Explain the headcount variance vs plan,SUCCESS,6.0,"Accounting Apr variance was $2,113,245 vs plan",2026-04-08T07:55:31Z
r44-0001810,amoore@summithealthpartners.com,Flux Commentary,Reconcile AP aging over 90 days for EU-02,FAIL,7.0,error: connection reset by peer,2026-04-08T16:32:17Z
r44-0001811,jjohnson@summithealthpartners.com,Headcount Planner,Explain the headcount variance vs plan,SUCCESS,40.6,"Accounting Jun variance was $4,566,116 vs plan",2026-04-08T12:07:50Z
r44-0001812,bjones@summithealthpartners.com,Headcount Planner,Build the board deck cash slide for Mar,SUCCESS,42.7,"FP&A Mar variance was $3,858,156 vs plan",2026-04-08T15:58:06Z
r44-0001813,pmartin@summithealthpartners.com,Board Deck Builder,Draft flux commentary for the Feb close,SUCCESS,22.0,"Ops Feb variance was $3,670,182 vs plan",2026-04-08T19:44:33Z
r44-0001814,amoore@summithealthpartners.com,AP Aging Analyst,Explain the headcount variance vs plan,SUCCESS,49.3,"Treasury Jun variance was $2,103,923 vs plan",2026-04-08T10:02:14Z
r44-0001815,pmartin@summithealthpartners.com,Board Deck Builder,Build the board deck cash slide for Apr,SUCCESS,20.5,"Ops Apr variance was $738,703 vs plan",2026-04-08T11:58:53Z
r44-0001816,pmartin@summithealthpartners.com,AP Aging Analyst,Reconcile AP aging over 90 days for MX-05,SUCCESS,72.7,"Ops Feb variance was $860,423 vs plan",2026-04-08T13:46:27Z
r44-0001817,jjohnson@summithealthpartners.com,Flux Commentary,Draft flux commentary for the Jan close,SUCCESS,33.1,"Accounting Jan variance was $2,078,659 vs plan",2026-04-08T09:29:10Z
r44-0001818,mharris@summithealthpartners.com,Flux Commentary,Reconcile AP aging over 90 days for CA-05,SUCCESS,6.1,"Ops Jun variance was $729,922 vs plan",2026-04-08T13:11:42Z
r44-0001819,jdavis@summithealthpartners.com,AP Aging Analyst,What drove the change in gross margin this quarter?,SUCCESS,1.2,ERROR: upstream request timed out,2026-04-08T09:53:25Z
r44-0001820,bjones@summithealthpartners.com,Budget vs Actual,Check covenant compliance for the revolver,PARTIAL,13.2,"Ops Jun variance was $3,200,631 vs plan",2026-04-08T14:00:52Z
r44-0001821,jnguyen@summithealthpartners.com,Journal Entry Reviewer,Reconcile AP aging over 90 days for EU-03,SUCCESS,1.1,Traceback (most recent call last): KeyError 'entity',2026-04-09T13:44:46Z
r44-0001822,prodriguez@summithealthpartners.com,AP Aging Analyst,Reconcile AP aging over 90 days for CA-04,SUCCESS,1.7,ERROR: upstream request timed out,2026-04-09T10:00:59Z
r44-0001823,amoore@summithealthpartners.com,Journal Entry Reviewer,Draft flux commentary for the Mar close,SUCCESS,61.4,"FP&A Mar variance was $4,324,477 vs plan",2026-04-09T14:58:56Z
r44-0001824,jnguyen@summithealthpartners.com,Vendor Spend Analyzer,Forecast Apr operating cash flow,SUCCESS,28.8,"Accounting Apr variance was $3,402,606 vs plan",2026-04-09T11:21:08Z
r44-0001825,pmartin@summithealthpartners.com,Vendor Spend Analyzer,Explain the headcount variance vs plan,SUCCESS,27.1,"FP&A Feb variance was $1,138,854 vs plan",2026-04-09T10:19:18Z
r44-0001826,pmartin@summithealthpartners.com,Vendor Spend Analyzer,Build the board deck cash slide for Jun,SUCCESS,67.7,"Treasury Jun variance was $927,933 vs plan",2026-04-09T10:51:31Z
r44-0001827,amoore@summithealthpartners.com,Revenue Recognizer,Reconcile AP aging over 90 days for CA-02,PARTIAL,61.4,"Treasury Apr variance was $187,148 vs plan",2026-04-09T09:13:49Z
r44-0001828,pmartin@summithealthpartners.com,Journal Entry Reviewer,Why did Ops spend exceed budget in Apr?,SUCCESS,29.9,"Ops Apr variance was $1,202,390 vs plan",2026-04-09T14:59:48Z
r44-0001829,amoore@summithealthpartners.com,Revenue Recognizer,Forecast Jan operating cash flow,SUCCESS,61.2,"Accounting Jan variance was $1,535,289 vs plan",2026-04-09T17:19:38Z
r44-0001830,prodriguez@summithealthpartners.com,Revenue Recognizer,Which cost centers are over budget YTD?,SUCCESS,0.8,error code 502 from model gateway,2026-04-09T13:00:57Z
r44-0001831,jwilson@summithealthpartners.com,Headcount Planner,Summarize the Apr variance for entity US-08,SUCCESS,31.6,"Treasury Apr variance was $3,563,172 vs plan",2026-04-09T14:40:23Z
r44-0001832,amoore@summithealthpartners.com,Vendor Spend Analyzer,Which cost centers are over budget YTD?,FAIL,6.4,error code 502 from model gateway,2026-04-09T13:29:53Z
r44-0001833,pmartin@summithealthpartners.com,Variance Explainer,Draft flux commentary for the Jan close,SUCCESS,56.6,"FP&A Jan variance was $42,978 vs plan",2026-04-09T12:46:56Z
r44-0001834,dlopez2@summithealthpartners.com,Cash Forecaster,Reconcile AP aging over 90 days for MX-01,SUCCESS,42.8,"Accounting Feb variance was $752,530 vs plan",2026-04-09T12:41:23Z
r44-0001835,pmartin@summithealthpartners.com,Revenue Recognizer,Why did Treasury spend exceed budget in May?,PARTIAL,34.8,"Treasury May variance was $1,054,794 vs plan",2026-04-09T13:31:57Z
r44-0001836,pmartin@summithealthpartners.com,Headcount Planner,Draft flux commentary for the May close,FAIL,3.4,error code 502 from model gateway,2026-04-09T11:45:07Z
r44-0001837,pmartin@summithealthpartners.com,Cash Forecaster,What drove the change in gross margin this quarter?,SUCCESS,20.7,"Accounting Jan variance was $547,736 vs plan",2026-04-09T18:59:50Z
r44-0001838,mlewis@summithealthpartners.com,Vendor Spend Analyzer,What drove the change in gross margin this quarter?,SUCCESS,59.4,"Accounting Jun variance was $3,559,083 vs plan",2026-04-09T13:47:23Z
r44-0001839,bjones@summithealthpartners.com,Close Checklist Bot,Forecast Mar operating cash flow,SUCCESS,15.5,"FP&A Mar variance was $3,163,984 vs plan",2026-04-09T12:20:18Z
r44-0001840,pmartin@summithealthpartners.com,Headcount Planner,What drove the change in gross margin this quarter?,SUCCESS,14.8,"FP&A Jan variance was $2,924,521 vs plan",2026-04-09T12:42:19Z
r44-0001841,jlewis@summithealthpartners.com,AP Aging Analyst,Why did Treasury spend exceed budget in Jun?,SUCCESS,19.2,"Treasury Jun variance was $1,134,797 vs plan",2026-04-09T08:47:11Z
r44-0001842,amoore@summithealthpartners.com,Cash Forecaster,Reconcile AP aging over 90 days for EU-06,SUCCESS,10.9,"Ops Jan variance was $2,081,516 vs plan",2026-04-09T08:19:46Z
r44-0001843,mharris@summithealthpartners.com,Close Checklist Bot,Build the board deck cash slide for Jun,PARTIAL,34.4,"Accounting Jun variance was $325,743 vs plan",2026-04-09T14:15:38Z
r44-0001844,nhaddad@summithealthpartners.com,Close Checklist Bot,What drove the change in gross margin this quarter?,SUCCESS,22.5,"Accounting Feb variance was $2,461,936 vs plan",2026-04-09T15:09:35Z
r44-0001845,pmartin@summithealthpartners.com,Board Deck Builder,Check covenant compliance for the revolver,SUCCESS,10.0,"FP&A Feb variance was $545,022 vs plan",2026-04-09T10:58:16Z
r44-0001846,amoore@summithealthpartners.com,Budget vs Actual,Build the board deck cash slide for Jun,SUCCESS,5.0,"FP&A Jun variance was $4,608,204 vs plan",2026-04-09T11:45:47Z
r44-0001847,bjones@summithealthpartners.com,Variance Explainer,Forecast Apr operating cash flow,FAIL,3.4,error: connection reset by peer,2026-04-09T11:44:52Z
r44-0001848,amoore@summithealthpartners.com,Revenue Recognizer,Reconcile AP aging over 90 days for US-06,SUCCESS,69.6,"Treasury Feb variance was $2,946,580 vs plan",2026-04-09T15:58:47Z
r44-0001849,mlewis@summithealthpartners.com,Close Checklist Bot,Reconcile AP aging over 90 days for CA-02,SUCCESS,1.7,ERROR: upstream request timed out,2026-04-09T13:52:05Z
r44-0001850,pmartin@summithealthpartners.com,Flux Commentary,Why did Treasury spend exceed budget in May?,SUCCESS,5.4,"Treasury May variance was $1,765,681 vs plan",2026-04-09T14:36:47Z
r44-0001851,jlewis@summithealthpartners.com,Flux Commentary,Draft flux commentary for the Mar close,SUCCESS,61.4,"Accounting Mar variance was $1,357,824 vs plan",2026-04-09T15:41:51Z
r44-0001852,pmartin@summithealthpartners.com,Vendor Spend Analyzer,What drove the change in gross margin this quarter?,SUCCESS,56.8,"Treasury Jan variance was $1,554,404 vs plan",2026-04-09T12:50:31Z
r44-0001853,amoore@summithealthpartners.com,Revenue Recognizer,Which cost centers are over budget YTD?,PARTIAL,61.7,"FP&A Apr variance was $3,520,586 vs plan",2026-04-09T15:47:25Z
r44-0001854,pmartin@summithealthpartners.com,Variance Explainer,Check covenant compliance for the revolver,SUCCESS,64.6,"Ops Apr variance was $535,514 vs plan",2026-04-09T14:21:59Z
r44-0001855,mlewis@summithealthpartners.com,Headcount Planner,Why did Accounting spend exceed budget in Mar?,SUCCESS,70.4,"Accounting Mar variance was $3,525,587 vs plan",2026-04-09T17:40:20Z
r44-0001856,pmartin@summithealthpartners.com,Covenant Checker,Summarize the Jun variance for entity EU-06,SUCCESS,67.4,"Treasury Jun variance was $1,341,685 vs plan",2026-04-09T14:55:57Z
r44-0001857,amoore@summithealthpartners.com,Budget vs Actual,Explain the headcount variance vs plan,SUCCESS,0.3,error code 502 from model gateway,2026-04-09T11:38:20Z
r44-0001858,jnguyen@summithealthpartners.com,Flux Commentary,Forecast Jan operating cash flow,PARTIAL,23.0,"Ops Jan variance was $1,875,233 vs plan",2026-04-09T16:51:24Z
r44-0001859,pmartin@summithealthpartners.com,Board Deck Builder,Build the board deck cash slide for May,SUCCESS,29.0,"Accounting May variance was $2,764,930 vs plan",2026-04-09T11:33:59Z
r44-0001860,amoore@summithealthpartners.com,Headcount Planner,Build the board deck cash slide for May,SUCCESS,5.2,"Ops May variance was $3,416,198 vs plan",2026-04-09T10:50:05Z
r44-0001861,jnguyen@summithealthpartners.com,Budget vs Actual,Which cost centers are over budget YTD?,SUCCESS,61.2,"Ops Jan variance was $1,128,751 vs plan",2026-04-09T12:05:13Z
r44-0001862,pmartin@summithealthpartners.com,Budget vs Actual,Reconcile AP aging over 90 days for MX-02,PARTIAL,73.2,"Treasury Apr variance was $650,901 vs plan",2026-04-09T08:07:16Z
r44-0001863,amoore@summithealthpartners.com,Journal Entry Reviewer,Build the board deck cash slide for Apr,SUCCESS,4.3,"Accounting Apr variance was $598,041 vs plan",2026-04-09T10:57:57Z
r44-0001864,pmartin@summithealthpartners.com,Board Deck Builder,Check covenant compliance for the revolver,SUCCESS,45.6,"Ops Mar variance was $1,743,270 vs plan",2026-04-09T11:12:49Z
r44-0001865,pmartin@summithealthpartners.com,Flux Commentary,Summarize the May variance for entity EU-09,SUCCESS,22.7,"Ops May variance was $672,376 vs plan",2026-04-09T08:57:27Z
r44-0001866,mlewis@summithealthpartners.com,Board Deck Builder,Build the board deck cash slide for Apr,SUCCESS,45.5,"Treasury Apr variance was $497,395 vs plan",2026-04-09T14:50:27Z
r44-0001867,pmartin@summithealthpartners.com,Cash Forecaster,Build the board deck cash slide for Feb,SUCCESS,48.1,"Accounting Feb variance was $2,621,649 vs plan",2026-04-09T11:07:12Z
r44-0001868,pmartin@summithealthpartners.com,AP Aging Analyst,Summarize the Apr variance for entity EU-03,SUCCESS,1.2,error: connection reset by peer,2026-04-09T13:28:51Z
r44-0001869,amoore@summithealthpartners.com,Variance Explainer,Explain the headcount variance vs plan,SUCCESS,6.6,"Ops Jan variance was $724,165 vs plan",2026-04-09T12:03:41Z
r44-0001870,pmartin@summithealthpartners.com,Cash Forecaster,Forecast Feb operating cash flow,SUCCESS,14.5,"Treasury Feb variance was $2,866,201 vs plan",2026-04-09T10:17:56Z
r44-0001871,bjones@summithealthpartners.com,Flux Commentary,Summarize the Feb variance for entity MX-03,SUCCESS,65.5,"Ops Feb variance was $1,344,207 vs plan",2026-04-09T09:53:42Z
r44-0001872,amoore@summithealthpartners.com,Variance Explainer,Summarize the Apr variance for entity EU-07,SUCCESS,37.2,"Treasury Apr variance was $4,365,550 vs plan",2026-04-09T13:36:40Z
r44-0001873,pmartin@summithealthpartners.com,Revenue Recognizer,Check covenant compliance for the revolver,SUCCESS,69.1,"Ops Mar variance was $2,971,110 vs plan",2026-04-09T08:43:47Z
r44-0001874,pmartin@summithealthpartners.com,Flux Commentary,Summarize the Jun variance for entity EU-06,SUCCESS,50.4,"Accounting Jun variance was $2,790,583 vs plan",2026-04-09T21:57:30Z
r44-0001875,prodriguez@summithealthpartners.com,Headcount Planner,What drove the change in gross margin this quarter?,SUCCESS,63.1,"Treasury Apr variance was $544,156 vs plan",2026-04-09T14:23:01Z
r44-0001876,mlewis@summithealthpartners.com,Budget vs Actual,Check covenant compliance for the revolver,SUCCESS,66.8,"Treasury Mar variance was $4,627,367 vs plan",2026-04-09T14:53:15Z
r44-0001877,prodriguez@summithealthpartners.com,Budget vs Actual,Draft flux commentary for the Jun close,SUCCESS,20.9,"Treasury Jun variance was $2,095,965 vs plan",2026-04-09T09:19:50Z
r44-0001878,amoore@summithealthpartners.com,Journal Entry Reviewer,Reconcile AP aging over 90 days for CA-01,SUCCESS,61.5,"Treasury Jan variance was $1,286,367 vs plan",2026-04-09T14:25:58Z
r44-0001879,jlewis@summithealthpartners.com,Headcount Planner,Explain the headcount variance vs plan,SUCCESS,9.2,"Treasury Mar variance was $2,061,639 vs plan",2026-04-09T10:23:46Z
r44-0001880,jdavis@summithealthpartners.com,Headcount Planner,Why did Accounting spend exceed budget in Apr?,SUCCESS,39.9,"Accounting Apr variance was $1,884,204 vs plan",2026-04-09T12:26:35Z
r44-0001881,mharris@summithealthpartners.com,AP Aging Analyst,Check covenant compliance for the revolver,SUCCESS,6.9,"Accounting Jan variance was $1,992,182 vs plan",2026-04-09T13:47:19Z
r44-0001882,pmartin@summithealthpartners.com,Board Deck Builder,What drove the change in gross margin this quarter?,SUCCESS,7.3,"Ops Apr variance was $1,412,040 vs plan",2026-04-09T11:25:47Z
r44-0001883,pmartin@summithealthpartners.com,Revenue Recognizer,Why did FP&A spend exceed budget in Feb?,SUCCESS,10.8,"FP&A Feb variance was $3,732,970 vs plan",2026-04-09T10:37:26Z
r44-0001884,jnguyen@summithealthpartners.com,Vendor Spend Analyzer,Build the board deck cash slide for Jan,SUCCESS,24.9,"Accounting Jan variance was $2,789,767 vs plan",2026-04-09T17:04:14Z
r44-0001885,pmartin@summithealthpartners.com,Variance Explainer,Which cost centers are over budget YTD?,SUCCESS,0.2,error code 502 from model gateway,2026-04-09T13:14:23Z
r44-0001886,jnguyen@summithealthpartners.com,Covenant Checker,Build the board deck cash slide for May,SUCCESS,74.6,"Treasury May variance was $4,675,249 vs plan",2026-04-09T15:34:30Z
r44-0001887,pmartin@summithealthpartners.com,Close Checklist Bot,Explain the headcount variance vs plan,SUCCESS,66.5,"FP&A May variance was $3,540,680 vs plan",2026-04-10T11:32:51Z
r44-0001888,amoore@summithealthpartners.com,Flux Commentary,What drove the change in gross margin this quarter?,SUCCESS,42.9,"Ops Apr variance was $4,006,241 vs plan",2026-04-10T15:10:16Z
r44-0001889,pmartin@summithealthpartners.com,Vendor Spend Analyzer,Reconcile AP aging over 90 days for US-04,SUCCESS,13.8,"Accounting Jan variance was $153,859 vs plan",2026-04-10T19:18:39Z
r44-0001890,jlewis@summithealthpartners.com,Journal Entry Reviewer,Summarize the Feb variance for entity MX-09,PARTIAL,58.2,"Accounting Feb variance was $1,206,220 vs plan",2026-04-10T17:47:59Z
r44-0001891,mharris@summithealthpartners.com,Close Checklist Bot,What drove the change in gross margin this quarter?,SUCCESS,66.6,"Treasury Jan variance was $4,171,832 vs plan",2026-04-10T14:24:55Z
r44-0001892,pmartin@summithealthpartners.com,Budget vs Actual,Why did Accounting spend exceed budget in May?,SUCCESS,15.4,"Accounting May variance was $1,431,017 vs plan",2026-04-10T17:57:16Z
r44-0001893,jjohnson@summithealthpartners.com,Variance Explainer,What drove the change in gross margin this quarter?,SUCCESS,73.2,"Ops Jun variance was $3,528,309 vs plan",2026-04-10T13:49:27Z
r44-0001894,pmartin@summithealthpartners.com,Revenue Recognizer,Reconcile AP aging over 90 days for EU-05,FAIL,5.2,FAILED: null reference in aggregation step,2026-04-10T20:46:13Z
r44-0001895,pmartin@summithealthpartners.com,Flux Commentary,Forecast Apr operating cash flow,SUCCESS,0.3,ERROR: upstream request timed out,2026-04-10T12:54:01Z
r44-0001896,bjones@summithealthpartners.com,Board Deck Builder,Check covenant compliance for the revolver,SUCCESS,1.2,error code 502 from model gateway,2026-04-10T13:21:52Z
r44-0001897,amoore@summithealthpartners.com,Headcount Planner,Forecast Mar operating cash flow,SUCCESS,26.6,"Accounting Mar variance was $4,694,919 vs plan",2026-04-10T11:34:30Z
r44-0001898,pmartin@summithealthpartners.com,Revenue Recognizer,Build the board deck cash slide for Jan,SUCCESS,48.8,"Treasury Jan variance was $608,073 vs plan",2026-04-10T14:57:38Z
r44-0001899,jwilson@summithealthpartners.com,Journal Entry Reviewer,Draft flux commentary for the Jan close,PARTIAL,27.2,"Ops Jan variance was $2,585,855 vs plan",2026-04-10T09:56:55Z
r44-0001900,mlewis@summithealthpartners.com,Vendor Spend Analyzer,Build the board deck cash slide for May,SUCCESS,59.8,"Accounting May variance was $2,603,613 vs plan",2026-04-10T07:10:09Z
r44-0001901,pmartin@summithealthpartners.com,Board Deck Builder,Reconcile AP aging over 90 days for US-09,SUCCESS,66.9,"Ops May variance was $4,261,825 vs plan",2026-04-10T13:57:29Z
r44-0001902,jdavis@summithealthpartners.com,Flux Commentary,Summarize the Apr variance for entity EU-04,SUCCESS,56.0,"Accounting Apr variance was $1,277,525 vs plan",2026-04-10T12:13:17Z
r44-0001903,jjohnson@summithealthpartners.com,Cash Forecaster,Draft flux commentary for the Jan close,SUCCESS,38.9,"Accounting Jan variance was $3,096,063 vs plan",2026-04-10T11:21:07Z
r44-0001904,amoore@summithealthpartners.com,Revenue Recognizer,Check covenant compliance for the revolver,SUCCESS,21.6,"FP&A Mar variance was $2,235,448 vs plan",2026-04-10T08:34:36Z
r44-0001905,jwilson@summithealthpartners.com,Flux Commentary,Draft flux commentary for the Feb close,SUCCESS,43.1,"Treasury Feb variance was $1,376,929 vs plan",2026-04-10T09:55:30Z
r44-0001906,jlewis@summithealthpartners.com,Journal Entry Reviewer,Why did Accounting spend exceed budget in Jun?,SUCCESS,42.8,"Accounting Jun variance was $2,505,887 vs plan",2026-04-10T14:43:29Z
r44-0001907,jnguyen@summithealthpartners.com,AP Aging Analyst,What drove the change in gross margin this quarter?,SUCCESS,18.6,"FP&A Apr variance was $2,636,622 vs plan",2026-04-10T13:35:31Z
r44-0001908,kperez@summithealthpartners.com,Close Checklist Bot,Why did Accounting spend exceed budget in Apr?,SUCCESS,60.9,"Accounting Apr variance was $3,899,397 vs plan",2026-04-10T11:54:58Z
r44-0001909,pmartin@summithealthpartners.com,AP Aging Analyst,What drove the change in gross margin this quarter?,PARTIAL,12.6,"Treasury Mar variance was $4,371,876 vs plan",2026-04-10T11:50:51Z
r44-0001910,pmartin@summithealthpartners.com,Variance Explainer,Why did FP&A spend exceed budget in Feb?,SUCCESS,26.6,"FP&A Feb variance was $3,962,420 vs plan",2026-04-10T11:39:17Z
r44-0001911,pmartin@summithealthpartners.com,Revenue Recognizer,Explain the headcount variance vs plan,SUCCESS,51.3,"Ops Apr variance was $1,228,683 vs plan",2026-04-10T09:34:22Z
r44-0001912,amoore@summithealthpartners.com,Covenant Checker,Which cost centers are over budget YTD?,SUCCESS,58.2,"FP&A Mar variance was $4,672,931 vs plan",2026-04-10T12:59:09Z
r44-0001913,bjones@summithealthpartners.com,Headcount Planner,Summarize the May variance for entity US-04,SUCCESS,50.6,"Treasury May variance was $2,077,872 vs plan",2026-04-10T15:06:20Z
r44-0001914,bjones@summithealthpartners.com,Flux Commentary,Which cost centers are over budget YTD?,SUCCESS,41.8,"Treasury Mar variance was $1,236,627 vs plan",2026-04-10T14:05:39Z
r44-0001915,jwilliams@summithealthpartners.com,Journal Entry Reviewer,Draft flux commentary for the May close,SUCCESS,19.7,"Treasury May variance was $104,503 vs plan",2026-04-10T14:35:38Z
r44-0001916,pmartin@summithealthpartners.com,Journal Entry Reviewer,Which cost centers are over budget YTD?,SUCCESS,34.5,"Accounting May variance was $3,129,464 vs plan",2026-04-10T09:00:22Z
r44-0001917,kperez@summithealthpartners.com,Journal Entry Reviewer,Forecast May operating cash flow,SUCCESS,53.7,"FP&A May variance was $4,060,365 vs plan",2026-04-10T16:10:33Z
r44-0001918,jnguyen@summithealthpartners.com,Journal Entry Reviewer,Why did Ops spend exceed budget in Feb?,SUCCESS,45.5,"Ops Feb variance was $4,762,998 vs plan",2026-04-10T15:42:41Z
r44-0001919,amoore@summithealthpartners.com,Headcount Planner,Summarize the Mar variance for entity US-09,SUCCESS,5.1,"Accounting Mar variance was $3,767,010 vs plan",2026-04-10T14:17:25Z
r44-0001920,amoore@summithealthpartners.com,Journal Entry Reviewer,Forecast Mar operating cash flow,SUCCESS,33.1,"Ops Mar variance was $1,076,648 vs plan",2026-04-10T14:56:04Z
r44-0001921,bjones@summithealthpartners.com,Board Deck Builder,Which cost centers are over budget YTD?,SUCCESS,32.0,"Accounting Feb variance was $247,392 vs plan",2026-04-10T11:24:54Z
r44-0001922,kperez@summithealthpartners.com,Budget vs Actual,Draft flux commentary for the Jun close,SUCCESS,22.4,"Treasury Jun variance was $1,095,052 vs plan",2026-04-10T11:28:40Z
r44-0001923,amoore@summithealthpartners.com,Journal Entry Reviewer,Why did FP&A spend exceed budget in Jan?,PARTIAL,44.8,"FP&A Jan variance was $3,553,598 vs plan",2026-04-10T12:48:42Z
r44-0001924,nnguyen@summithealthpartners.com,Board Deck Builder,Why did Ops spend exceed budget in Jun?,SUCCESS,1.1,error code 502 from model gateway,2026-04-10T18:58:53Z
r44-0001925,jnguyen@summithealthpartners.com,Headcount Planner,Draft flux commentary for the Jan close,SUCCESS,41.9,"Ops Jan variance was $928,826 vs plan",2026-04-10T18:59:15Z
r44-0001926,amoore@summithealthpartners.com,Budget vs Actual,Why did Ops spend exceed budget in Jun?,SUCCESS,0.5,FAILED: null reference in aggregation step,2026-04-10T11:45:42Z
r44-0001927,pmartin@summithealthpartners.com,Vendor Spend Analyzer,Check covenant compliance for the revolver,SUCCESS,55.1,"Ops Feb variance was $4,386,623 vs plan",2026-04-10T13:54:10Z
r44-0001928,kperez@summithealthpartners.com,Variance Explainer,Summarize the Apr variance for entity CA-08,SUCCESS,36.1,"Treasury Apr variance was $1,215,875 vs plan",2026-04-10T10:15:10Z
r44-0001929,nhaddad@summithealthpartners.com,Revenue Recognizer,Why did Treasury spend exceed budget in Mar?,SUCCESS,31.3,"Treasury Mar variance was $3,647,391 vs plan",2026-04-10T16:57:50Z
r44-0001930,pmartin@summithealthpartners.com,Cash Forecaster,What drove the change in gross margin this quarter?,PARTIAL,10.7,"Ops Feb variance was $233,612 vs plan",2026-04-10T14:26:52Z
r44-0001931,kperez@summithealthpartners.com,Cash Forecaster,Build the board deck cash slide for Feb,PARTIAL,52.0,"Accounting Feb variance was $4,578,477 vs plan",2026-04-10T18:21:13Z
r44-0001932,amoore@summithealthpartners.com,Flux Commentary,Which cost centers are over budget YTD?,SUCCESS,36.5,"FP&A Jan variance was $498,998 vs plan",2026-04-10T14:32:11Z
r44-0001933,kperez@summithealthpartners.com,Close Checklist Bot,Draft flux commentary for the May close,SUCCESS,49.3,"Accounting May variance was $240,361 vs plan",2026-04-10T08:29:53Z
r44-0001934,pmartin@summithealthpartners.com,Board Deck Builder,Why did Treasury spend exceed budget in Jun?,SUCCESS,8.9,"Treasury Jun variance was $4,744,991 vs plan",2026-04-10T18:51:32Z
r44-0001935,jjohnson@summithealthpartners.com,Board Deck Builder,Explain the headcount variance vs plan,SUCCESS,63.8,"Treasury May variance was $2,285,704 vs plan",2026-04-10T12:29:23Z
r44-0001936,pmartin@summithealthpartners.com,Budget vs Actual,Why did FP&A spend exceed budget in Apr?,SUCCESS,58.9,"FP&A Apr variance was $4,363,880 vs plan",2026-04-10T11:13:58Z
r44-0001937,amoore@summithealthpartners.com,Revenue Recognizer,Check covenant compliance for the revolver,SUCCESS,0.2,ERROR: upstream request timed out,2026-04-10T18:00:03Z
r44-0001938,mlewis@summithealthpartners.com,Flux Commentary,Summarize the Jan variance for entity CA-06,SUCCESS,9.7,"Accounting Jan variance was $4,709,836 vs plan",2026-04-10T12:16:19Z
r44-0001939,pmartin@summithealthpartners.com,Cash Forecaster,Explain the headcount variance vs plan,SUCCESS,0.9,error code 502 from model gateway,2026-04-10T10:42:34Z
r44-0001940,bjones@summithealthpartners.com,Board Deck Builder,Explain the headcount variance vs plan,SUCCESS,20.2,"FP&A Jun variance was $2,696,539 vs plan",2026-04-10T09:09:58Z
r44-0001941,amoore@summithealthpartners.com,Board Deck Builder,Explain the headcount variance vs plan,SUCCESS,4.0,"Treasury Feb variance was $4,400,042 vs plan",2026-04-10T11:41:57Z
r44-0001942,amoore@summithealthpartners.com,Board Deck Builder,Build the board deck cash slide for May,SUCCESS,12.3,"Accounting May variance was $855,722 vs plan",2026-04-10T10:53:19Z
r44-0001943,pmartin@summithealthpartners.com,Variance Explainer,Check covenant compliance for the revolver,SUCCESS,19.4,"Treasury Feb variance was $2,312,541 vs plan",2026-04-10T13:57:33Z
r44-0001944,sbrown@summithealthpartners.com,Variance Explainer,Build the board deck cash slide for Jun,SUCCESS,26.0,"Ops Jun variance was $3,660,522 vs plan",2026-04-11T13:19:46Z
r44-0001945,jdavis@summithealthpartners.com,Cash Forecaster,Summarize the Jan variance for entity US-07,SUCCESS,56.7,"Ops Jan variance was $4,051,581 vs plan",2026-04-11T12:46:50Z
r44-0001946,jjohnson@summithealthpartners.com,AP Aging Analyst,Forecast Feb operating cash flow,FAIL,7.7,ERROR: upstream request timed out,2026-04-11T15:26:55Z
r44-0001947,amoore@summithealthpartners.com,Variance Explainer,Why did Ops spend exceed budget in Jun?,FAIL,5.1,FAILED: null reference in aggregation step,2026-04-11T14:30:44Z
r44-0001948,pmartin@summithealthpartners.com,Variance Explainer,Check covenant compliance for the revolver,SUCCESS,20.2,"Treasury Jan variance was $619,365 vs plan",2026-04-11T12:08:05Z
r44-0001949,pmartin@summithealthpartners.com,Board Deck Builder,What drove the change in gross margin this quarter?,SUCCESS,8.8,"Accounting Apr variance was $3,364,776 vs plan",2026-04-11T16:01:16Z
r44-0001950,amoore@summithealthpartners.com,Variance Explainer,Summarize the May variance for entity CA-06,SUCCESS,19.7,"Ops May variance was $3,374,798 vs plan",2026-04-11T10:40:18Z
r44-0001951,pmartin@summithealthpartners.com,Covenant Checker,What drove the change in gross margin this quarter?,SUCCESS,36.6,"Accounting Jan variance was $4,289,949 vs plan",2026-04-11T08:43:34Z
r44-0001952,sdavis@summithealthpartners.com,Cash Forecaster,Draft flux commentary for the Jun close,SUCCESS,37.8,"FP&A Jun variance was $904,545 vs plan",2026-04-11T13:02:45Z
r44-0001953,pmartin@summithealthpartners.com,Revenue Recognizer,Why did Treasury spend exceed budget in Jan?,SUCCESS,1.3,error code 502 from model gateway,2026-04-11T12:08:05Z
r44-0001954,pmartin@summithealthpartners.com,Flux Commentary,Forecast Mar operating cash flow,SUCCESS,0.7,Traceback (most recent call last): KeyError 'entity',2026-04-11T13:34:11Z
r44-0001955,bjones@summithealthpartners.com,Headcount Planner,Draft flux commentary for the Mar close,SUCCESS,32.3,"Ops Mar variance was $1,931,249 vs plan",2026-04-11T17:31:21Z
r44-0001956,amoore@summithealthpartners.com,Journal Entry Reviewer,Draft flux commentary for the Jun close,SUCCESS,15.8,"FP&A Jun variance was $3,655,295 vs plan",2026-04-11T13:06:17Z
r44-0001957,amoore@summithealthpartners.com,Headcount Planner,Draft flux commentary for the Jun close,SUCCESS,62.9,"FP&A Jun variance was $1,825,408 vs plan",2026-04-11T13:47:58Z
r44-0001958,pmartin@summithealthpartners.com,Board Deck Builder,Draft flux commentary for the Feb close,SUCCESS,59.0,"Accounting Feb variance was $3,517,403 vs plan",2026-04-11T14:27:37Z
r44-0001959,pmartin@summithealthpartners.com,Covenant Checker,Summarize the Jun variance for entity US-03,SUCCESS,24.5,"Treasury Jun variance was $2,529,445 vs plan",2026-04-11T14:35:54Z
r44-0001960,bjones@summithealthpartners.com,Board Deck Builder,Check covenant compliance for the revolver,SUCCESS,35.8,"Ops Mar variance was $1,165,953 vs plan",2026-04-11T18:51:59Z
r44-0001961,jlewis@summithealthpartners.com,Headcount Planner,Summarize the Jan variance for entity MX-09,SUCCESS,45.9,"Ops Jan variance was $3,063,747 vs plan",2026-04-11T14:48:25Z
r44-0001962,jnguyen@summithealthpartners.com,Revenue Recognizer,Draft flux commentary for the May close,SUCCESS,35.0,"Accounting May variance was $2,596,308 vs plan",2026-04-11T10:46:56Z
r44-0001963,jdavis@summithealthpartners.com,Cash Forecaster,Draft flux commentary for the Jan close,SUCCESS,51.8,"Accounting Jan variance was $760,657 vs plan",2026-04-11T08:24:03Z
r44-0001964,pmartin@summithealthpartners.com,Budget vs Actual,Which cost centers are over budget YTD?,SUCCESS,63.7,"Treasury Jun variance was $3,712,068 vs plan",2026-04-11T13:27:44Z
r44-0001965,amoore@summithealthpartners.com,Board Deck Builder,Build the board deck cash slide for Mar,SUCCESS,6.6,"FP&A Mar variance was $2,057,042 vs plan",2026-04-11T13:38:51Z
r44-0001966,bjones@summithealthpartners.com,Board Deck Builder,Why did FP&A spend exceed budget in Mar?,SUCCESS,22.9,"FP&A Mar variance was $2,624,259 vs plan",2026-04-11T12:39:06Z
r44-0001967,mlewis@summithealthpartners.com,AP Aging Analyst,Summarize the Jan variance for entity US-03,PARTIAL,73.7,"FP&A Jan variance was $1,954,921 vs plan",2026-04-11T14:11:04Z
r44-0001968,pmartin@summithealthpartners.com,Journal Entry Reviewer,Build the board deck cash slide for Feb,SUCCESS,59.8,"FP&A Feb variance was $711,046 vs plan",2026-04-11T09:08:30Z
r44-0001969,amoore@summithealthpartners.com,Variance Explainer,What drove the change in gross margin this quarter?,SUCCESS,1.5,FAILED: null reference in aggregation step,2026-04-11T10:16:02Z
r44-0001970,jnguyen@summithealthpartners.com,Vendor Spend Analyzer,Explain the headcount variance vs plan,SUCCESS,0.5,error: connection reset by peer,2026-04-11T16:14:26Z
r44-0001971,pmartin@summithealthpartners.com,Vendor Spend Analyzer,Which cost centers are over budget YTD?,SUCCESS,45.4,"Accounting Jan variance was $4,280,497 vs plan",2026-04-12T11:06:05Z
r44-0001972,pmartin@summithealthpartners.com,Flux Commentary,Check covenant compliance for the revolver,SUCCESS,21.0,"FP&A Feb variance was $2,759,244 vs plan",2026-04-12T15:45:38Z
r44-0001973,pmartin@summithealthpartners.com,Revenue Recognizer,Summarize the Jun variance for entity MX-02,SUCCESS,45.2,"Treasury Jun variance was $2,724,769 vs plan",2026-04-12T18:35:12Z
r44-0001974,mlewis@summithealthpartners.com,Journal Entry Reviewer,Draft flux commentary for the Jun close,SUCCESS,64.3,"Accounting Jun variance was $4,135,376 vs plan",2026-04-12T13:30:55Z
r44-0001975,jwilliams@summithealthpartners.com,AP Aging Analyst,Draft flux commentary for the Feb close,SUCCESS,46.2,"FP&A Feb variance was $4,542,325 vs plan",2026-04-12T08:09:01Z
r44-0001976,pmartin@summithealthpartners.com,Revenue Recognizer,Why did Accounting spend exceed budget in Jan?,SUCCESS,13.2,"Accounting Jan variance was $3,296,338 vs plan",2026-04-12T16:39:19Z
r44-0001977,pmartin@summithealthpartners.com,Flux Commentary,Summarize the Feb variance for entity US-04,SUCCESS,14.9,"Accounting Feb variance was $1,034,528 vs plan",2026-04-12T16:38:38Z
r44-0001978,jwilliams@summithealthpartners.com,Variance Explainer,Check covenant compliance for the revolver,SUCCESS,42.1,"Treasury Apr variance was $55,532 vs plan",2026-04-12T16:24:28Z
r44-0001979,pmartin@summithealthpartners.com,Cash Forecaster,Summarize the Jan variance for entity EU-03,SUCCESS,52.5,"Treasury Jan variance was $3,007,901 vs plan",2026-04-12T09:56:28Z
r44-0001980,sbrown@summithealthpartners.com,Close Checklist Bot,Why did Accounting spend exceed budget in Apr?,SUCCESS,65.7,"Accounting Apr variance was $4,444,775 vs plan",2026-04-12T13:16:12Z
r44-0001981,kperez@summithealthpartners.com,Covenant Checker,Draft flux commentary for the Feb close,SUCCESS,42.3,"Treasury Feb variance was $2,940,683 vs plan",2026-04-12T06:27:03Z
r44-0001982,jlewis@summithealthpartners.com,Headcount Planner,What drove the change in gross margin this quarter?,SUCCESS,49.0,"Treasury Mar variance was $2,251,143 vs plan",2026-04-12T09:58:53Z
r44-0001983,mlewis@summithealthpartners.com,Headcount Planner,Forecast Jan operating cash flow,FAIL,2.9,ERROR: upstream request timed out,2026-04-12T19:42:03Z
r44-0001984,pmartin@summithealthpartners.com,Covenant Checker,Forecast Apr operating cash flow,FAIL,5.2,ERROR: upstream request timed out,2026-04-12T06:23:50Z
r44-0001985,jdavis@summithealthpartners.com,Flux Commentary,Draft flux commentary for the May close,SUCCESS,49.1,"Treasury May variance was $2,192,117 vs plan",2026-04-12T12:22:02Z
r44-0001986,pmartin@summithealthpartners.com,Board Deck Builder,Check covenant compliance for the revolver,SUCCESS,59.0,"Treasury Apr variance was $3,760,062 vs plan",2026-04-12T13:13:40Z
r44-0001987,amoore@summithealthpartners.com,Revenue Recognizer,Why did Treasury spend exceed budget in Mar?,SUCCESS,23.1,"Treasury Mar variance was $1,302,002 vs plan",2026-04-12T18:09:06Z
r44-0001988,jwilson@summithealthpartners.com,Budget vs Actual,Which cost centers are over budget YTD?,SUCCESS,63.1,"Ops Mar variance was $2,361,022 vs plan",2026-04-12T11:08:46Z
r44-0001989,mlewis@summithealthpartners.com,Journal Entry Reviewer,Why did Accounting spend exceed budget in Mar?,SUCCESS,56.2,"Accounting Mar variance was $3,309,224 vs plan",2026-04-12T16:02:28Z
r44-0001990,jwilliams@summithealthpartners.com,Variance Explainer,Why did FP&A spend exceed budget in May?,SUCCESS,31.3,"FP&A May variance was $2,142,759 vs plan",2026-04-12T11:12:09Z
r44-0001991,pmartin@summithealthpartners.com,Flux Commentary,Summarize the Jan variance for entity US-08,SUCCESS,1.8,error code 502 from model gateway,2026-04-12T09:54:03Z
r44-0001992,pmartin@summithealthpartners.com,Close Checklist Bot,Summarize the Jun variance for entity MX-08,SUCCESS,31.3,"Accounting Jun variance was $3,728,495 vs plan",2026-04-12T15:29:42Z
r44-0001993,pmartin@summithealthpartners.com,Cash Forecaster,What drove the change in gross margin this quarter?,PARTIAL,18.0,"Accounting Feb variance was $2,210,399 vs plan",2026-04-12T14:58:51Z
r44-0001994,amoore@summithealthpartners.com,AP Aging Analyst,Why did Ops spend exceed budget in May?,SUCCESS,0.5,Traceback (most recent call last): KeyError 'entity',2026-04-12T18:06:07Z
r44-0001995,amoore@summithealthpartners.com,Vendor Spend Analyzer,Summarize the Feb variance for entity CA-01,SUCCESS,62.2,"Accounting Feb variance was $3,374,760 vs plan",2026-04-12T19:02:53Z
r44-0001996,jjohnson@summithealthpartners.com,Headcount Planner,Summarize the Apr variance for entity US-05,PARTIAL,42.2,"Treasury Apr variance was $860,217 vs plan",2026-04-12T11:11:30Z
r44-0001997,amoore@summithealthpartners.com,Board Deck Builder,Explain the headcount variance vs plan,SUCCESS,68.2,"Treasury Apr variance was $4,743,355 vs plan",2026-04-12T07:51:38Z
r44-0001998,pmartin@summithealthpartners.com,Close Checklist Bot,Draft flux commentary for the Feb close,SUCCESS,5.2,"Accounting Feb variance was $1,132,028 vs plan",2026-04-12T06:10:04Z
r44-0001999,pmartin@summithealthpartners.com,Journal Entry Reviewer,Summarize the Apr variance for entity CA-08,SUCCESS,23.7,"Accounting Apr variance was $1,233,860 vs plan",2026-04-12T17:37:23Z
r44-0002000,amoore@summithealthpartners.com,Headcount Planner,What drove the change in gross margin this quarter?,SUCCESS,40.1,"Treasury Feb variance was $1,381,194 vs plan",2026-04-12T10:07:08Z
r44-0002001,pmartin@summithealthpartners.com,Budget vs Actual,Reconcile AP aging over 90 days for US-01,SUCCESS,1.8,error code 502 from model gateway,2026-04-12T13:32:57Z
r44-0002002,pmartin@summithealthpartners.com,Revenue Recognizer,What drove the change in gross margin this quarter?,SUCCESS,56.2,"FP&A Jun variance was $4,464,002 vs plan",2026-04-12T16:13:25Z
r44-0002003,bjones@summithealthpartners.com,Vendor Spend Analyzer,What drove the change in gross margin this quarter?,SUCCESS,64.9,"Accounting Jun variance was $1,103,267 vs plan",2026-04-12T10:17:37Z
r44-0002004,pmartin@summithealthpartners.com,Close Checklist Bot,Why did Treasury spend exceed budget in Mar?,SUCCESS,9.0,"Treasury Mar variance was $1,525,436 vs plan",2026-04-12T16:29:21Z
r44-0002005,amoore@summithealthpartners.com,Vendor Spend Analyzer,Check covenant compliance for the revolver,SUCCESS,0.8,error: connection reset by peer,2026-04-12T16:59:52Z
r44-0002006,amoore@summithealthpartners.com,Revenue Recognizer,Draft flux commentary for the Jun close,SUCCESS,60.6,"FP&A Jun variance was $650,003 vs plan",2026-04-12T07:51:21Z
r44-0002007,jjohnson@summithealthpartners.com,AP Aging Analyst,Summarize the Apr variance for entity US-02,SUCCESS,59.7,"Accounting Apr variance was $2,863,916 vs plan",2026-04-13T11:52:19Z
r44-0002008,jlewis@summithealthpartners.com,Covenant Checker,Draft flux commentary for the May close,SUCCESS,74.8,"Accounting May variance was $2,148,782 vs plan",2026-04-13T10:55:59Z
r44-0002009,amoore@summithealthpartners.com,Headcount Planner,Build the board deck cash slide for Mar,SUCCESS,6.8,"Treasury Mar variance was $3,821,833 vs plan",2026-04-13T10:17:35Z
r44-0002010,sdavis@summithealthpartners.com,AP Aging Analyst,Check covenant compliance for the revolver,SUCCESS,68.4,"FP&A Apr variance was $4,001,556 vs plan",2026-04-13T18:01:13Z
r44-0002011,pmartin@summithealthpartners.com,Vendor Spend Analyzer,Reconcile AP aging over 90 days for MX-07,PARTIAL,44.2,"Treasury Mar variance was $2,514,713 vs plan",2026-04-13T11:05:28Z
r44-0002012,pmartin@summithealthpartners.com,Vendor Spend Analyzer,Explain the headcount variance vs plan,SUCCESS,31.8,"FP&A Jan variance was $3,346,883 vs plan",2026-04-13T14:17:36Z
r44-0002013,pmartin@summithealthpartners.com,AP Aging Analyst,Check covenant compliance for the revolver,SUCCESS,10.4,"Accounting Jan variance was $4,000,040 vs plan",2026-04-13T17:10:41Z
r44-0002014,jnguyen@summithealthpartners.com,AP Aging Analyst,Explain the headcount variance vs plan,SUCCESS,1.4,error code 502 from model gateway,2026-04-13T15:24:17Z
r44-0002015,pmartin@summithealthpartners.com,Cash Forecaster,Which cost centers are over budget YTD?,SUCCESS,35.7,"Accounting Jun variance was $3,861,486 vs plan",2026-04-13T10:26:56Z
r44-0002016,pmartin@summithealthpartners.com,Journal Entry Reviewer,Reconcile AP aging over 90 days for CA-03,SUCCESS,71.5,"FP&A Jan variance was $1,890,904 vs plan",2026-04-13T13:51:38Z
r44-0002017,jwilliams@summithealthpartners.com,Board Deck Builder,Check covenant compliance for the revolver,SUCCESS,68.6,"Ops Mar variance was $1,865,982 vs plan",2026-04-13T16:38:50Z
r44-0002018,pmartin@summithealthpartners.com,Flux Commentary,Why did Treasury spend exceed budget in Jun?,SUCCESS,3.4,"Treasury Jun variance was $939,408 vs plan",2026-04-13T15:32:54Z
r44-0002019,bjones@summithealthpartners.com,Variance Explainer,Forecast Jan operating cash flow,SUCCESS,5.0,"Treasury Jan variance was $600,574 vs plan",2026-04-13T12:12:33Z
r44-0002020,jnguyen@summithealthpartners.com,Flux Commentary,Why did Treasury spend exceed budget in Jun?,SUCCESS,62.8,"Treasury Jun variance was $2,638,502 vs plan",2026-04-13T10:31:57Z
r44-0002021,pmartin@summithealthpartners.com,Headcount Planner,Which cost centers are over budget YTD?,PARTIAL,68.2,"Treasury May variance was $2,117,926 vs plan",2026-04-13T08:55:29Z
r44-0002022,amoore@summithealthpartners.com,Variance Explainer,Draft flux commentary for the Feb close,SUCCESS,15.7,"Accounting Feb variance was $3,362,786 vs plan",2026-04-13T14:52:21Z
r44-0002023,pmartin@summithealthpartners.com,Close Checklist Bot,Explain the headcount variance vs plan,SUCCESS,47.7,"Treasury Jan variance was $4,263,854 vs plan",2026-04-13T10:49:08Z
r44-0002024,amoore@summithealthpartners.com,Variance Explainer,Explain the headcount variance vs plan,SUCCESS,18.4,"Treasury May variance was $2,094,180 vs plan",2026-04-13T07:25:32Z
r44-0002025,pmartin@summithealthpartners.com,Budget vs Actual,Explain the headcount variance vs plan,SUCCESS,9.4,"FP&A Apr variance was $3,742,337 vs plan",2026-04-13T17:19:20Z
r44-0002026,amoore@summithealthpartners.com,Headcount Planner,Draft flux commentary for the Jan close,SUCCESS,29.9,"Accounting Jan variance was $91,763 vs plan",2026-04-13T19:11:38Z
r44-0002027,amoore@summithealthpartners.com,Close Checklist Bot,Why did Ops spend exceed budget in Jun?,SUCCESS,24.6,"Ops Jun variance was $1,343,035 vs plan",2026-04-13T09:39:14Z
r44-0002028,amoore@summithealthpartners.com,Revenue Recognizer,Explain the headcount variance vs plan,SUCCESS,6.4,"Accounting Mar variance was $672,231 vs plan",2026-04-13T14:18:08Z
r44-0002029,jnguyen@summithealthpartners.com,Variance Explainer,Explain the headcount variance vs plan,SUCCESS,41.8,"Accounting Jan variance was $3,061,114 vs plan",2026-04-13T10:02:14Z
r44-0002030,kperez@summithealthpartners.com,Revenue Recognizer,What drove the change in gross margin this quarter?,SUCCESS,1.1,error code 502 from model gateway,2026-04-13T09:41:24Z
r44-0002031,amoore@summithealthpartners.com,Covenant Checker,Build the board deck cash slide for Jun,SUCCESS,20.6,"Accounting Jun variance was $999,212 vs plan",2026-04-13T14:21:51Z
r44-0002032,amoore@summithealthpartners.com,Budget vs Actual,Summarize the Feb variance for entity CA-05,SUCCESS,62.7,"FP&A Feb variance was $2,072,391 vs plan",2026-04-13T10:47:25Z
r44-0002033,pmartin@summithealthpartners.com,Covenant Checker,Forecast Feb operating cash flow,SUCCESS,32.4,"Accounting Feb variance was $2,822,645 vs plan",2026-04-13T13:35:48Z
r44-0002034,dlopez2@summithealthpartners.com,Vendor Spend Analyzer,Why did Treasury spend exceed budget in May?,SUCCESS,63.7,"Treasury May variance was $3,644,913 vs plan",2026-04-13T09:42:08Z
r44-0002035,pmartin@summithealthpartners.com,Revenue Recognizer,Check covenant compliance for the revolver,SUCCESS,12.0,"FP&A Apr variance was $404,419 vs plan",2026-04-13T13:05:53Z
r44-0002036,jdavis@summithealthpartners.com,Flux Commentary,Which cost centers are over budget YTD?,SUCCESS,61.7,"Treasury Feb variance was $4,669,003 vs plan",2026-04-13T12:09:59Z
r44-0002037,amoore@summithealthpartners.com,Journal Entry Reviewer,Check covenant compliance for the revolver,SUCCESS,4.5,"Ops Jun variance was $719,772 vs plan",2026-04-13T15:47:59Z
r44-0002038,pmartin@summithealthpartners.com,Board Deck Builder,Forecast Jun operating cash flow,SUCCESS,1.5,error code 502 from model gateway,2026-04-13T13:06:17Z
r44-0002039,jjohnson@summithealthpartners.com,Revenue Recognizer,Which cost centers are over budget YTD?,PARTIAL,57.9,"Treasury Apr variance was $4,405,368 vs plan",2026-04-13T12:25:16Z
r44-0002040,jnguyen@summithealthpartners.com,Journal Entry Reviewer,What drove the change in gross margin this quarter?,SUCCESS,74.8,"Treasury Jun variance was $3,928,537 vs plan",2026-04-13T17:35:01Z
r44-0002041,jjohnson@summithealthpartners.com,Close Checklist Bot,What drove the change in gross margin this quarter?,SUCCESS,1.3,error code 502 from model gateway,2026-04-13T11:04:04Z
r44-0002042,pmartin@summithealthpartners.com,AP Aging Analyst,Build the board deck cash slide for Mar,SUCCESS,26.3,"FP&A Mar variance was $3,908,326 vs plan",2026-04-13T13:34:24Z
r44-0002043,pmartin@summithealthpartners.com,Headcount Planner,Check covenant compliance for the revolver,SUCCESS,61.4,"FP&A Jan variance was $2,259,215 vs plan",2026-04-13T16:10:10Z
r44-0002044,pmartin@summithealthpartners.com,Journal Entry Reviewer,Check covenant compliance for the revolver,SUCCESS,56.6,"FP&A Mar variance was $4,597,697 vs plan",2026-04-13T12:29:40Z
r44-0002045,pmartin@summithealthpartners.com,Budget vs Actual,Summarize the Jan variance for entity MX-06,SUCCESS,45.1,"Ops Jan variance was $789,445 vs plan",2026-04-13T15:53:16Z
r44-0002046,amoore@summithealthpartners.com,Variance Explainer,Draft flux commentary for the May close,SUCCESS,55.5,"Treasury May variance was $686,354 vs plan",2026-04-13T14:14:07Z
r44-0002047,pmartin@summithealthpartners.com,Journal Entry Reviewer,Explain the headcount variance vs plan,SUCCESS,31.2,"Treasury May variance was $310,518 vs plan",2026-04-13T13:29:59Z
r44-0002048,sbrown@summithealthpartners.com,Flux Commentary,Build the board deck cash slide for Feb,SUCCESS,63.7,"Ops Feb variance was $3,280,472 vs plan",2026-04-13T12:04:45Z
r44-0002049,pmartin@summithealthpartners.com,Variance Explainer,Draft flux commentary for the Feb close,SUCCESS,10.3,"Ops Feb variance was $1,987,753 vs plan",2026-04-13T12:47:57Z
r44-0002050,pmartin@summithealthpartners.com,Revenue Recognizer,Build the board deck cash slide for May,SUCCESS,27.3,"FP&A May variance was $2,354,784 vs plan",2026-04-13T17:33:27Z
r44-0002051,pmartin@summithealthpartners.com,AP Aging Analyst,Explain the headcount variance vs plan,SUCCESS,31.7,"Accounting Jun variance was $1,686,811 vs plan",2026-04-13T17:12:44Z
r44-0002052,pmartin@summithealthpartners.com,Cash Forecaster,What drove the change in gross margin this quarter?,SUCCESS,36.4,"Treasury Apr variance was $3,124,463 vs plan",2026-04-13T13:11:22Z
r44-0002053,mlewis@summithealthpartners.com,Headcount Planner,Explain the headcount variance vs plan,SUCCESS,3.4,"Ops May variance was $3,143,846 vs plan",2026-04-13T15:18:29Z
r44-0002054,jjohnson@summithealthpartners.com,Headcount Planner,Summarize the Apr variance for entity US-06,SUCCESS,39.5,"Accounting Apr variance was $1,653,861 vs plan",2026-04-13T10:57:56Z
r44-0002055,pmartin@summithealthpartners.com,Budget vs Actual,Why did FP&A spend exceed budget in Apr?,SUCCESS,31.8,"FP&A Apr variance was $3,947,388 vs plan",2026-04-13T11:23:38Z
r44-0002056,bjones@summithealthpartners.com,Covenant Checker,Summarize the May variance for entity US-06,SUCCESS,30.1,"Accounting May variance was $3,018,666 vs plan",2026-04-13T13:45:29Z
r44-0002057,amoore@summithealthpartners.com,Variance Explainer,Build the board deck cash slide for Mar,FAIL,2.0,Traceback (most recent call last): KeyError 'entity',2026-04-13T13:49:27Z
r44-0002058,pmartin@summithealthpartners.com,Journal Entry Reviewer,Explain the headcount variance vs plan,SUCCESS,1.6,Traceback (most recent call last): KeyError 'entity',2026-04-13T08:53:01Z
r44-0002059,pmartin@summithealthpartners.com,AP Aging Analyst,Draft flux commentary for the Mar close,SUCCESS,63.0,"FP&A Mar variance was $3,644,689 vs plan",2026-04-13T09:42:25Z
r44-0002060,amoore@summithealthpartners.com,Board Deck Builder,Build the board deck cash slide for Jan,SUCCESS,70.0,"Treasury Jan variance was $1,970,578 vs plan",2026-04-13T14:04:49Z
r44-0002061,pmartin@summithealthpartners.com,Flux Commentary,Forecast Mar operating cash flow,SUCCESS,50.2,"Ops Mar variance was $3,936,371 vs plan",2026-04-13T14:12:58Z
r44-0002062,jwilliams@summithealthpartners.com,AP Aging Analyst,Reconcile AP aging over 90 days for US-06,SUCCESS,30.8,"FP&A Feb variance was $3,976,904 vs plan",2026-04-13T16:28:34Z
r44-0002063,pmartin@summithealthpartners.com,Variance Explainer,What drove the change in gross margin this quarter?,SUCCESS,45.9,"Accounting Jan variance was $1,037,451 vs plan",2026-04-13T10:05:08Z
r44-0002064,jdavis@summithealthpartners.com,Cash Forecaster,What drove the change in gross margin this quarter?,SUCCESS,31.2,"Treasury Feb variance was $3,762,071 vs plan",2026-04-13T12:55:30Z
r44-0002065,pmartin@summithealthpartners.com,Vendor Spend Analyzer,Build the board deck cash slide for Mar,SUCCESS,69.9,"Accounting Mar variance was $862,164 vs plan",2026-04-13T10:27:46Z
r44-0002066,amoore@summithealthpartners.com,Budget vs Actual,Why did Treasury spend exceed budget in Mar?,FAIL,2.6,error: connection reset by peer,2026-04-13T08:17:34Z
r44-0002067,prodriguez@summithealthpartners.com,Revenue Recognizer,Check covenant compliance for the revolver,SUCCESS,11.3,"Treasury Jan variance was $1,279,936 vs plan",2026-04-13T12:51:42Z
r44-0002068,amoore@summithealthpartners.com,Variance Explainer,Summarize the May variance for entity EU-05,SUCCESS,41.9,"Accounting May variance was $4,561,642 vs plan",2026-04-13T11:17:29Z
r44-0002069,amoore@summithealthpartners.com,Vendor Spend Analyzer,Which cost centers are over budget YTD?,PARTIAL,72.2,"Ops Jan variance was $1,088,166 vs plan",2026-04-14T12:44:14Z
r44-0002070,bjones@summithealthpartners.com,Cash Forecaster,Explain the headcount variance vs plan,SUCCESS,3.6,"Accounting May variance was $1,062,232 vs plan",2026-04-14T12:35:00Z
r44-0002071,amoore@summithealthpartners.com,Headcount Planner,Build the board deck cash slide for Jan,SUCCESS,73.7,"FP&A Jan variance was $1,221,977 vs plan",2026-04-14T09:53:42Z
r44-0002072,amoore@summithealthpartners.com,Cash Forecaster,Draft flux commentary for the Apr close,SUCCESS,68.1,"Accounting Apr variance was $1,884,554 vs plan",2026-04-14T09:14:56Z
r44-0002073,pmartin@summithealthpartners.com,Close Checklist Bot,What drove the change in gross margin this quarter?,SUCCESS,73.0,"Accounting Jun variance was $4,324,430 vs plan",2026-04-14T10:46:15Z
r44-0002074,bjones@summithealthpartners.com,Headcount Planner,Check covenant compliance for the revolver,PARTIAL,45.3,"Accounting Mar variance was $3,228,609 vs plan",2026-04-14T09:06:36Z
r44-0002075,amoore@summithealthpartners.com,Journal Entry Reviewer,Which cost centers are over budget YTD?,SUCCESS,67.0,"Accounting Feb variance was $1,821,384 vs plan",2026-04-14T13:38:30Z
r44-0002076,sbrown@summithealthpartners.com,Cash Forecaster,Explain the headcount variance vs plan,SUCCESS,5.8,"Treasury Mar variance was $1,671,579 vs plan",2026-04-14T13:30:22Z
r44-0002077,bjones@summithealthpartners.com,Vendor Spend Analyzer,Forecast Jan operating cash flow,SUCCESS,20.0,"Accounting Jan variance was $1,830,282 vs plan",2026-04-14T06:25:45Z
r44-0002078,pmartin@summithealthpartners.com,Flux Commentary,Build the board deck cash slide for Feb,SUCCESS,22.2,"Ops Feb variance was $3,584,984 vs plan",2026-04-14T07:48:24Z
r44-0002079,mlewis@summithealthpartners.com,Revenue Recognizer,Summarize the Jun variance for entity US-09,SUCCESS,37.8,"Treasury Jun variance was $4,413,204 vs plan",2026-04-14T19:50:43Z
r44-0002080,nhaddad@summithealthpartners.com,Board Deck Builder,Draft flux commentary for the Jun close,SUCCESS,3.6,"Accounting Jun variance was $3,180,961 vs plan",2026-04-14T12:54:34Z
r44-0002081,pmartin@summithealthpartners.com,Cash Forecaster,What drove the change in gross margin this quarter?,SUCCESS,12.3,"Treasury Jan variance was $2,011,595 vs plan",2026-04-14T13:14:13Z
r44-0002082,bjones@summithealthpartners.com,Flux Commentary,Draft flux commentary for the May close,SUCCESS,36.2,"FP&A May variance was $3,484,194 vs plan",2026-04-14T16:03:23Z
r44-0002083,pmartin@summithealthpartners.com,Vendor Spend Analyzer,Reconcile AP aging over 90 days for MX-09,SUCCESS,42.3,"Treasury Mar variance was $1,335,750 vs plan",2026-04-14T10:26:33Z
r44-0002084,pmartin@summithealthpartners.com,Headcount Planner,Reconcile AP aging over 90 days for CA-05,SUCCESS,53.8,"Ops May variance was $3,781,108 vs plan",2026-04-14T15:28:28Z
r44-0002085,bjones@summithealthpartners.com,Revenue Recognizer,Check covenant compliance for the revolver,FAIL,1.0,error code 502 from model gateway,2026-04-14T13:04:04Z
r44-0002086,pmartin@summithealthpartners.com,Covenant Checker,Summarize the May variance for entity US-05,SUCCESS,73.0,"Ops May variance was $4,664,502 vs plan",2026-04-14T16:14:56Z
r44-0002087,jjohnson@summithealthpartners.com,Covenant Checker,What drove the change in gross margin this quarter?,SUCCESS,64.9,"Accounting Mar variance was $2,231,459 vs plan",2026-04-14T15:12:02Z
r44-0002088,jwilson@summithealthpartners.com,Budget vs Actual,Summarize the Jan variance for entity US-01,PARTIAL,70.4,"Accounting Jan variance was $2,443,943 vs plan",2026-04-14T09:58:10Z
r44-0002089,amoore@summithealthpartners.com,Board Deck Builder,Which cost centers are over budget YTD?,SUCCESS,49.3,"Accounting Mar variance was $3,858,522 vs plan",2026-04-14T13:06:35Z
r44-0002090,jjohnson@summithealthpartners.com,Cash Forecaster,Why did Treasury spend exceed budget in Jun?,SUCCESS,25.9,"Treasury Jun variance was $3,387,240 vs plan",2026-04-14T15:01:19Z
r44-0002091,bjones@summithealthpartners.com,Variance Explainer,Which cost centers are over budget YTD?,SUCCESS,45.9,"FP&A Jun variance was $1,360,246 vs plan",2026-04-14T08:18:50Z
r44-0002092,bjones@summithealthpartners.com,Covenant Checker,Build the board deck cash slide for Apr,SUCCESS,31.8,"Accounting Apr variance was $1,316,057 vs plan",2026-04-14T14:10:40Z
r44-0002093,jlewis@summithealthpartners.com,Flux Commentary,Summarize the Apr variance for entity MX-09,SUCCESS,25.4,"Ops Apr variance was $1,273,168 vs plan",2026-04-14T06:12:34Z
r44-0002094,pmartin@summithealthpartners.com,AP Aging Analyst,Build the board deck cash slide for Jun,PARTIAL,9.7,"FP&A Jun variance was $461,578 vs plan",2026-04-14T10:33:22Z
r44-0002095,jnguyen@summithealthpartners.com,Revenue Recognizer,Why did Treasury spend exceed budget in May?,SUCCESS,71.6,"Treasury May variance was $3,597,836 vs plan",2026-04-14T08:53:35Z
r44-0002096,pmartin@summithealthpartners.com,Cash Forecaster,Reconcile AP aging over 90 days for US-07,SUCCESS,41.0,"Treasury Apr variance was $2,497,547 vs plan",2026-04-14T15:34:54Z
r44-0002097,bjones@summithealthpartners.com,Revenue Recognizer,Explain the headcount variance vs plan,PARTIAL,20.9,"Ops May variance was $3,725,256 vs plan",2026-04-14T15:23:39Z
r44-0002098,amoore@summithealthpartners.com,Vendor Spend Analyzer,Forecast Jun operating cash flow,SUCCESS,31.2,"Ops Jun variance was $4,630,024 vs plan",2026-04-14T10:54:04Z
r44-0002099,amoore@summithealthpartners.com,Flux Commentary,Why did Ops spend exceed budget in May?,SUCCESS,22.9,"Ops May variance was $1,442,109 vs plan",2026-04-14T13:34:11Z
r44-0002100,amoore@summithealthpartners.com,Revenue Recognizer,Draft flux commentary for the Mar close,SUCCESS,25.5,"Treasury Mar variance was $2,772,390 vs plan",2026-04-14T12:19:06Z
r44-0002101,pmartin@summithealthpartners.com,AP Aging Analyst,Summarize the May variance for entity US-01,SUCCESS,43.8,"FP&A May variance was $3,001,191 vs plan",2026-04-14T13:11:04Z
r44-0002102,pmartin@summithealthpartners.com,Variance Explainer,Which cost centers are over budget YTD?,SUCCESS,63.4,"FP&A May variance was $2,722,565 vs plan",2026-04-14T12:49:50Z
r44-0002103,pmartin@summithealthpartners.com,Covenant Checker,Draft flux commentary for the Feb close,SUCCESS,37.7,"Accounting Feb variance was $4,082,772 vs plan",2026-04-14T18:13:56Z
r44-0002104,pmartin@summithealthpartners.com,Covenant Checker,Forecast Mar operating cash flow,SUCCESS,1.1,error code 502 from model gateway,2026-04-14T13:18:54Z
r44-0002105,nhaddad@summithealthpartners.com,Vendor Spend Analyzer,Which cost centers are over budget YTD?,SUCCESS,45.6,"Ops Mar variance was $2,562,010 vs plan",2026-04-14T15:59:04Z
r44-0002106,pmartin@summithealthpartners.com,Flux Commentary,Reconcile AP aging over 90 days for US-07,SUCCESS,74.7,"FP&A Apr variance was $4,652,389 vs plan",2026-04-14T12:16:53Z
r44-0002107,mharris@summithealthpartners.com,Flux Commentary,Why did FP&A spend exceed budget in Jun?,SUCCESS,21.0,"FP&A Jun variance was $3,470,278 vs plan",2026-04-14T09:27:47Z
r44-0002108,amoore@summithealthpartners.com,Cash Forecaster,Forecast Mar operating cash flow,SUCCESS,4.6,"FP&A Mar variance was $2,185,690 vs plan",2026-04-14T18:23:21Z
r44-0002109,bjones@summithealthpartners.com,Budget vs Actual,Which cost centers are over budget YTD?,SUCCESS,38.9,"FP&A Apr variance was $3,032,057 vs plan",2026-04-14T17:02:14Z
r44-0002110,pmartin@summithealthpartners.com,Vendor Spend Analyzer,Why did Treasury spend exceed budget in Mar?,SUCCESS,23.0,"Treasury Mar variance was $165,301 vs plan",2026-04-14T09:40:22Z
r44-0002111,pmartin@summithealthpartners.com,Close Checklist Bot,Explain the headcount variance vs plan,SUCCESS,1.0,Traceback (most recent call last): KeyError 'entity',2026-04-14T12:17:49Z
r44-0002112,pmartin@summithealthpartners.com,Flux Commentary,Forecast Jun operating cash flow,SUCCESS,53.5,"Accounting Jun variance was $4,237,434 vs plan",2026-04-14T09:50:55Z
r44-0002113,pmartin@summithealthpartners.com,Flux Commentary,Build the board deck cash slide for Jun,SUCCESS,38.7,"FP&A Jun variance was $3,051,154 vs plan",2026-04-14T15:39:06Z
r44-0002114,amoore@summithealthpartners.com,Budget vs Actual,Summarize the Jan variance for entity US-03,FAIL,2.1,ERROR: upstream request timed out,2026-04-14T13:30:55Z
r44-0002115,amoore@summithealthpartners.com,Covenant Checker,Summarize the May variance for entity EU-01,SUCCESS,10.1,"FP&A May variance was $1,704,103 vs plan",2026-04-14T14:48:40Z
r44-0002116,pmartin@summithealthpartners.com,Cash Forecaster,Draft flux commentary for the Jun close,SUCCESS,73.0,"Ops Jun variance was $1,846,962 vs plan",2026-04-14T14:21:31Z
r44-0002117,jwilson@summithealthpartners.com,Vendor Spend Analyzer,Check covenant compliance for the revolver,SUCCESS,62.1,"Ops May variance was $1,497,770 vs plan",2026-04-14T06:47:41Z
r44-0002118,jnguyen@summithealthpartners.com,Covenant Checker,Draft flux commentary for the Jan close,SUCCESS,0.3,Traceback (most recent call last): KeyError 'entity',2026-04-14T10:38:50Z
r44-0002119,amoore@summithealthpartners.com,Cash Forecaster,Reconcile AP aging over 90 days for EU-01,SUCCESS,64.4,"Accounting Mar variance was $3,797,149 vs plan",2026-04-14T08:13:47Z
r44-0002120,mlewis@summithealthpartners.com,Variance Explainer,What drove the change in gross margin this quarter?,SUCCESS,12.6,"Ops Jun variance was $1,490,264 vs plan",2026-04-14T09:47:35Z
r44-0002121,pmartin@summithealthpartners.com,Cash Forecaster,Forecast May operating cash flow,SUCCESS,56.7,"Ops May variance was $4,533,605 vs plan",2026-04-14T10:03:01Z
r44-0002122,pmartin@summithealthpartners.com,Board Deck Builder,Which cost centers are over budget YTD?,SUCCESS,5.2,"Accounting Mar variance was $3,487,585 vs plan",2026-04-14T16:55:27Z
r44-0002123,nhaddad@summithealthpartners.com,Cash Forecaster,Check covenant compliance for the revolver,FAIL,4.0,ERROR: upstream request timed out,2026-04-14T15:14:48Z
r44-0002124,amoore@summithealthpartners.com,Revenue Recognizer,What drove the change in gross margin this quarter?,SUCCESS,12.1,"Accounting Mar variance was $4,585,871 vs plan",2026-04-14T16:09:36Z
r44-0002125,pmartin@summithealthpartners.com,Covenant Checker,Summarize the Feb variance for entity US-04,SUCCESS,31.0,"Ops Feb variance was $2,917,407 vs plan",2026-04-14T09:00:55Z
r44-0002126,amoore@summithealthpartners.com,Headcount Planner,Build the board deck cash slide for Feb,SUCCESS,59.8,"Treasury Feb variance was $523,714 vs plan",2026-04-14T18:42:50Z
r44-0002127,amoore@summithealthpartners.com,Journal Entry Reviewer,Draft flux commentary for the Jun close,FAIL,3.4,error: connection reset by peer,2026-04-14T10:16:49Z
r44-0002128,nnguyen@summithealthpartners.com,Revenue Recognizer,Reconcile AP aging over 90 days for US-09,SUCCESS,23.0,"Accounting Jan variance was $4,234,416 vs plan",2026-04-14T18:52:07Z
r44-0002129,pmartin@summithealthpartners.com,Revenue Recognizer,Reconcile AP aging over 90 days for CA-04,SUCCESS,22.1,"Accounting Apr variance was $962,653 vs plan",2026-04-14T20:48:47Z
r44-0002130,amoore@summithealthpartners.com,Flux Commentary,Why did FP&A spend exceed budget in Jan?,SUCCESS,49.1,"FP&A Jan variance was $4,443,465 vs plan",2026-04-14T12:15:56Z
r44-0002131,amoore@summithealthpartners.com,Board Deck Builder,Forecast Apr operating cash flow,SUCCESS,3.9,"Accounting Apr variance was $2,641,463 vs plan",2026-04-14T15:42:26Z
r44-0002132,mlewis@summithealthpartners.com,Close Checklist Bot,Forecast Jan operating cash flow,SUCCESS,34.9,"Treasury Jan variance was $938,111 vs plan",2026-04-14T13:59:01Z
r44-0002133,pmartin@summithealthpartners.com,Board Deck Builder,Which cost centers are over budget YTD?,SUCCESS,66.6,"Accounting Apr variance was $3,796,757 vs plan",2026-04-14T13:29:17Z
r44-0002134,pmartin@summithealthpartners.com,Flux Commentary,Check covenant compliance for the revolver,PARTIAL,36.8,"Ops Mar variance was $1,895,384 vs plan",2026-04-14T06:00:02Z
r44-0002135,sbrown@summithealthpartners.com,Flux Commentary,Draft flux commentary for the Apr close,SUCCESS,33.4,"FP&A Apr variance was $145,768 vs plan",2026-04-14T12:23:19Z
r44-0002136,jdavis@summithealthpartners.com,Headcount Planner,Reconcile AP aging over 90 days for MX-03,PARTIAL,43.5,"Accounting Feb variance was $1,165,369 vs plan",2026-04-14T13:42:04Z
r44-0002137,pmartin@summithealthpartners.com,AP Aging Analyst,Why did Treasury spend exceed budget in Jan?,PARTIAL,34.9,"Treasury Jan variance was $3,918,173 vs plan",2026-04-15T16:56:10Z
r44-0002138,amoore@summithealthpartners.com,Board Deck Builder,Forecast Feb operating cash flow,SUCCESS,10.2,"Accounting Feb variance was $2,687,673 vs plan",2026-04-15T14:20:36Z
r44-0002139,sbrown@summithealthpartners.com,Covenant Checker,Check covenant compliance for the revolver,SUCCESS,56.3,"Treasury Jan variance was $3,452,192 vs plan",2026-04-15T13:50:37Z
r44-0002140,amoore@summithealthpartners.com,Variance Explainer,Check covenant compliance for the revolver,SUCCESS,74.3,"Accounting Apr variance was $3,513,962 vs plan",2026-04-15T15:22:37Z
r44-0002141,jnguyen@summithealthpartners.com,AP Aging Analyst,Explain the headcount variance vs plan,SUCCESS,23.3,"Treasury Jun variance was $3,228,208 vs plan",2026-04-15T13:42:36Z
r44-0002142,amoore@summithealthpartners.com,Journal Entry Reviewer,Summarize the Mar variance for entity CA-07,SUCCESS,63.8,"FP&A Mar variance was $2,578,695 vs plan",2026-04-15T08:40:12Z
r44-0002143,amoore@summithealthpartners.com,Headcount Planner,Check covenant compliance for the revolver,SUCCESS,24.5,"Accounting Mar variance was $787,033 vs plan",2026-04-15T15:19:54Z
r44-0002144,kperez@summithealthpartners.com,Vendor Spend Analyzer,Summarize the Apr variance for entity EU-03,SUCCESS,24.9,"Accounting Apr variance was $838,974 vs plan",2026-04-15T11:46:02Z
r44-0002145,pmartin@summithealthpartners.com,Vendor Spend Analyzer,Why did FP&A spend exceed budget in Feb?,SUCCESS,11.8,"FP&A Feb variance was $2,680,639 vs plan",2026-04-15T12:54:23Z
r44-0002146,sbrown@summithealthpartners.com,Budget vs Actual,Draft flux commentary for the Apr close,PARTIAL,34.8,"FP&A Apr variance was $1,552,077 vs plan",2026-04-15T12:26:53Z
r44-0002147,amoore@summithealthpartners.com,Variance Explainer,Forecast Jan operating cash flow,PARTIAL,29.2,"FP&A Jan variance was $94,207 vs plan",2026-04-15T09:40:06Z
r44-0002148,jnguyen@summithealthpartners.com,Close Checklist Bot,Explain the headcount variance vs plan,SUCCESS,62.7,"FP&A Apr variance was $2,900,121 vs plan",2026-04-15T06:43:50Z
r44-0002149,jlewis@summithealthpartners.com,Headcount Planner,Check covenant compliance for the revolver,SUCCESS,60.1,"Treasury Jan variance was $2,064,628 vs plan",2026-04-15T13:08:20Z
r44-0002150,mlewis@summithealthpartners.com,Flux Commentary,Draft flux commentary for the Mar close,SUCCESS,51.0,"Ops Mar variance was $150,011 vs plan",2026-04-15T14:07:29Z
r44-0002151,mlewis@summithealthpartners.com,Board Deck Builder,Summarize the Jun variance for entity US-05,SUCCESS,51.5,"FP&A Jun variance was $4,523,619 vs plan",2026-04-15T11:17:25Z
r44-0002152,amoore@summithealthpartners.com,Vendor Spend Analyzer,Explain the headcount variance vs plan,SUCCESS,4.1,"Treasury Jan variance was $309,071 vs plan",2026-04-15T15:20:07Z
r44-0002153,dlopez2@summithealthpartners.com,Close Checklist Bot,Which cost centers are over budget YTD?,SUCCESS,19.0,"Accounting Mar variance was $4,169,355 vs plan",2026-04-15T06:27:17Z
r44-0002154,nhaddad@summithealthpartners.com,Cash Forecaster,Explain the headcount variance vs plan,SUCCESS,45.2,"Ops Jan variance was $1,320,066 vs plan",2026-04-15T13:23:33Z
r44-0002155,jnguyen@summithealthpartners.com,Cash Forecaster,Which cost centers are over budget YTD?,SUCCESS,11.9,"Ops Jun variance was $88,820 vs plan",2026-04-15T12:52:34Z
r44-0002156,jnguyen@summithealthpartners.com,Cash Forecaster,Build the board deck cash slide for Jan,SUCCESS,27.7,"Ops Jan variance was $1,820,524 vs plan",2026-04-15T13:50:10Z
r44-0002157,jlewis@summithealthpartners.com,Budget vs Actual,Draft flux commentary for the Jan close,SUCCESS,12.0,"Accounting Jan variance was $4,078,998 vs plan",2026-04-15T17:18:55Z
r44-0002158,bjones@summithealthpartners.com,Cash Forecaster,Draft flux commentary for the Mar close,SUCCESS,17.2,"Accounting Mar variance was $1,055,251 vs plan",2026-04-15T13:12:38Z
r44-0002159,pmartin@summithealthpartners.com,Variance Explainer,Summarize the Apr variance for entity EU-07,SUCCESS,53.7,"FP&A Apr variance was $820,734 vs plan",2026-04-15T09:07:03Z
r44-0002160,mlewis@summithealthpartners.com,Budget vs Actual,Build the board deck cash slide for Apr,SUCCESS,19.8,"Treasury Apr variance was $495,802 vs plan",2026-04-15T14:55:56Z
r44-0002161,prodriguez@summithealthpartners.com,Close Checklist Bot,Build the board deck cash slide for Apr,SUCCESS,47.1,"Ops Apr variance was $4,790,879 vs plan",2026-04-15T18:11:36Z
r44-0002162,amoore@summithealthpartners.com,AP Aging Analyst,What drove the change in gross margin this quarter?,SUCCESS,35.1,"FP&A May variance was $367,745 vs plan",2026-04-15T13:08:36Z
r44-0002163,nnguyen@summithealthpartners.com,Journal Entry Reviewer,Forecast Apr operating cash flow,SUCCESS,67.0,"Accounting Apr variance was $1,012,404 vs plan",2026-04-15T13:23:54Z
r44-0002164,amoore@summithealthpartners.com,Variance Explainer,Reconcile AP aging over 90 days for MX-02,SUCCESS,56.9,"Accounting Apr variance was $2,085,925 vs plan",2026-04-15T12:59:11Z
r44-0002165,amoore@summithealthpartners.com,Close Checklist Bot,Forecast Jun operating cash flow,SUCCESS,16.5,"FP&A Jun variance was $1,981,298 vs plan",2026-04-15T10:57:05Z
r44-0002166,bjones@summithealthpartners.com,Flux Commentary,Build the board deck cash slide for Mar,SUCCESS,29.6,"Ops Mar variance was $4,138,422 vs plan",2026-04-15T21:21:53Z
r44-0002167,pmartin@summithealthpartners.com,Journal Entry Reviewer,Explain the headcount variance vs plan,PARTIAL,53.9,"Accounting Feb variance was $2,834,492 vs plan",2026-04-15T20:10:32Z
r44-0002168,pmartin@summithealthpartners.com,Flux Commentary,Why did FP&A spend exceed budget in Feb?,SUCCESS,40.3,"FP&A Feb variance was $944,617 vs plan",2026-04-15T09:21:04Z
r44-0002169,jlewis@summithealthpartners.com,Cash Forecaster,Check covenant compliance for the revolver,SUCCESS,19.9,"Ops May variance was $3,102,019 vs plan",2026-04-15T12:45:16Z
r44-0002170,pmartin@summithealthpartners.com,Cash Forecaster,Draft flux commentary for the Feb close,SUCCESS,71.6,"FP&A Feb variance was $1,288,096 vs plan",2026-04-15T17:46:30Z
r44-0002171,amoore@summithealthpartners.com,Close Checklist Bot,Check covenant compliance for the revolver,SUCCESS,7.7,"Treasury Jun variance was $2,676,467 vs plan",2026-04-15T11:17:15Z
r44-0002172,amoore@summithealthpartners.com,Cash Forecaster,Why did Treasury spend exceed budget in Mar?,FAIL,2.5,ERROR: upstream request timed out,2026-04-15T20:22:37Z
r44-0002173,nhaddad@summithealthpartners.com,Journal Entry Reviewer,Reconcile AP aging over 90 days for US-01,SUCCESS,63.7,"Treasury Jan variance was $3,090,424 vs plan",2026-04-15T17:37:42Z
r44-0002174,mlewis@summithealthpartners.com,Variance Explainer,What drove the change in gross margin this quarter?,SUCCESS,36.0,"Ops Apr variance was $2,178,076 vs plan",2026-04-15T06:13:03Z
r44-0002175,jwilson@summithealthpartners.com,Variance Explainer,Reconcile AP aging over 90 days for CA-03,SUCCESS,16.2,"Treasury May variance was $2,280,339 vs plan",2026-04-16T10:16:05Z
r44-0002176,mlewis@summithealthpartners.com,Covenant Checker,Draft flux commentary for the Jan close,PARTIAL,13.9,"Treasury Jan variance was $3,905,846 vs plan",2026-04-16T14:51:46Z
r44-0002177,bjones@summithealthpartners.com,Vendor Spend Analyzer,Draft flux commentary for the Jun close,SUCCESS,17.9,"Accounting Jun variance was $2,012,028 vs plan",2026-04-16T17:06:54Z
r44-0002178,jjohnson@summithealthpartners.com,Cash Forecaster,Reconcile AP aging over 90 days for US-08,PARTIAL,42.0,"Ops Mar variance was $4,754,659 vs plan",2026-04-16T16:32:35Z
r44-0002179,jnguyen@summithealthpartners.com,AP Aging Analyst,Draft flux commentary for the Jan close,SUCCESS,71.0,"Treasury Jan variance was $4,594,143 vs plan",2026-04-16T16:22:22Z
r44-0002180,jlewis@summithealthpartners.com,Variance Explainer,Summarize the Feb variance for entity MX-03,SUCCESS,33.4,"FP&A Feb variance was $867,690 vs plan",2026-04-16T15:40:56Z
r44-0002181,amoore@summithealthpartners.com,Headcount Planner,Which cost centers are over budget YTD?,SUCCESS,60.2,"Treasury Feb variance was $3,288,344 vs plan",2026-04-16T15:05:14Z
r44-0002182,pmartin@summithealthpartners.com,Flux Commentary,Check covenant compliance for the revolver,SUCCESS,42.9,"Ops Mar variance was $3,270,065 vs plan",2026-04-16T13:43:11Z
r44-0002183,pmartin@summithealthpartners.com,Variance Explainer,Why did Treasury spend exceed budget in Feb?,SUCCESS,39.1,"Treasury Feb variance was $310,871 vs plan",2026-04-16T13:10:42Z
r44-0002184,pmartin@summithealthpartners.com,Board Deck Builder,What drove the change in gross margin this quarter?,SUCCESS,14.0,"Treasury Mar variance was $2,375,248 vs plan",2026-04-16T14:53:01Z
r44-0002185,jnguyen@summithealthpartners.com,Budget vs Actual,Draft flux commentary for the Feb close,FAIL,2.5,error: connection reset by peer,2026-04-16T15:55:52Z
r44-0002186,jwilliams@summithealthpartners.com,AP Aging Analyst,Which cost centers are over budget YTD?,SUCCESS,18.1,"Accounting Feb variance was $4,638,473 vs plan",2026-04-16T10:50:24Z
r44-0002187,jdavis@summithealthpartners.com,Close Checklist Bot,Explain the headcount variance vs plan,SUCCESS,30.3,"Ops May variance was $4,361,429 vs plan",2026-04-16T14:54:22Z
r44-0002188,amoore@summithealthpartners.com,Close Checklist Bot,Build the board deck cash slide for May,PARTIAL,32.6,"Accounting May variance was $4,709,795 vs plan",2026-04-16T15:02:39Z
r44-0002189,pmartin@summithealthpartners.com,Vendor Spend Analyzer,Reconcile AP aging over 90 days for US-02,SUCCESS,57.9,"FP&A Feb variance was $4,210,528 vs plan",2026-04-16T09:53:30Z
r44-0002190,amoore@summithealthpartners.com,Revenue Recognizer,Reconcile AP aging over 90 days for MX-08,SUCCESS,50.6,"Accounting Apr variance was $2,533,351 vs plan",2026-04-16T13:46:23Z
r44-0002191,jjohnson@summithealthpartners.com,Covenant Checker,Build the board deck cash slide for Jan,SUCCESS,34.2,"Ops Jan variance was $2,292,406 vs plan",2026-04-16T11:01:55Z
r44-0002192,amoore@summithealthpartners.com,Vendor Spend Analyzer,Why did Ops spend exceed budget in Feb?,SUCCESS,48.6,"Ops Feb variance was $1,687,461 vs plan",2026-04-16T13:23:02Z
r44-0002193,nhaddad@summithealthpartners.com,Budget vs Actual,Check covenant compliance for the revolver,SUCCESS,25.9,"Accounting May variance was $4,298,345 vs plan",2026-04-16T07:49:55Z
r44-0002194,pmartin@summithealthpartners.com,Revenue Recognizer,Why did Accounting spend exceed budget in May?,SUCCESS,13.1,"Accounting May variance was $1,638,690 vs plan",2026-04-16T12:00:24Z
r44-0002195,pmartin@summithealthpartners.com,Cash Forecaster,Why did Ops spend exceed budget in Jan?,SUCCESS,18.8,"Ops Jan variance was $24,825 vs plan",2026-04-16T15:00:25Z
r44-0002196,pmartin@summithealthpartners.com,Close Checklist Bot,Build the board deck cash slide for Mar,SUCCESS,73.7,"FP&A Mar variance was $4,490,831 vs plan",2026-04-16T12:59:37Z
r44-0002197,jnguyen@summithealthpartners.com,Vendor Spend Analyzer,Build the board deck cash slide for Apr,SUCCESS,61.1,"Ops Apr variance was $4,139,029 vs plan",2026-04-16T12:01:00Z
r44-0002198,pmartin@summithealthpartners.com,Vendor Spend Analyzer,Check covenant compliance for the revolver,PARTIAL,43.7,"Accounting Mar variance was $239,929 vs plan",2026-04-16T13:26:22Z
r44-0002199,jnguyen@summithealthpartners.com,Cash Forecaster,Reconcile AP aging over 90 days for US-07,SUCCESS,31.2,"FP&A Jun variance was $630,723 vs plan",2026-04-16T13:17:47Z
r44-0002200,pmartin@summithealthpartners.com,AP Aging Analyst,Build the board deck cash slide for Jun,SUCCESS,12.2,"Accounting Jun variance was $2,300,551 vs plan",2026-04-16T08:01:10Z
r44-0002201,nhaddad@summithealthpartners.com,Flux Commentary,Draft flux commentary for the May close,PARTIAL,58.9,"Ops May variance was $3,686,751 vs plan",2026-04-16T10:10:02Z
r44-0002202,pmartin@summithealthpartners.com,Flux Commentary,What drove the change in gross margin this quarter?,SUCCESS,31.6,"Treasury Mar variance was $4,225,286 vs plan",2026-04-16T13:27:55Z
r44-0002203,amoore@summithealthpartners.com,Variance Explainer,Draft flux commentary for the Mar close,FAIL,0.5,ERROR: upstream request timed out,2026-04-16T13:29:42Z
r44-0002204,nnguyen@summithealthpartners.com,Vendor Spend Analyzer,Reconcile AP aging over 90 days for CA-02,SUCCESS,69.3,"Ops Mar variance was $1,308,661 vs plan",2026-04-16T08:07:23Z
r44-0002205,mlewis@summithealthpartners.com,Variance Explainer,Which cost centers are over budget YTD?,SUCCESS,6.4,"Ops Jun variance was $4,550,687 vs plan",2026-04-16T07:31:49Z
r44-0002206,pmartin@summithealthpartners.com,Headcount Planner,Draft flux commentary for the Feb close,PARTIAL,43.5,"FP&A Feb variance was $1,968,499 vs plan",2026-04-16T16:13:42Z
r44-0002207,nhaddad@summithealthpartners.com,Headcount Planner,Check covenant compliance for the revolver,SUCCESS,17.0,"Ops Apr variance was $2,111,680 vs plan",2026-04-16T11:18:13Z
r44-0002208,jdavis@summithealthpartners.com,Journal Entry Reviewer,Build the board deck cash slide for Jan,SUCCESS,3.0,"Accounting Jan variance was $2,158,432 vs plan",2026-04-16T14:50:37Z
r44-0002209,mharris@summithealthpartners.com,Close Checklist Bot,Build the board deck cash slide for May,SUCCESS,35.3,"FP&A May variance was $3,683,350 vs plan",2026-04-16T17:42:54Z
r44-0002210,amoore@summithealthpartners.com,Close Checklist Bot,What drove the change in gross margin this quarter?,SUCCESS,61.6,"Treasury May variance was $564,767 vs plan",2026-04-16T13:18:26Z
r44-0002211,pmartin@summithealthpartners.com,Vendor Spend Analyzer,Forecast May operating cash flow,SUCCESS,71.4,"Accounting May variance was $4,700,035 vs plan",2026-04-16T07:02:45Z
r44-0002212,amoore@summithealthpartners.com,Budget vs Actual,Build the board deck cash slide for Jan,SUCCESS,50.5,"Treasury Jan variance was $1,213,047 vs plan",2026-04-16T12:31:43Z
r44-0002213,pmartin@summithealthpartners.com,Flux Commentary,Summarize the May variance for entity EU-03,SUCCESS,36.4,"Accounting May variance was $1,774,610 vs plan",2026-04-16T17:25:50Z
r44-0002214,jjohnson@summithealthpartners.com,Journal Entry Reviewer,What drove the change in gross margin this quarter?,FAIL,1.9,Traceback (most recent call last): KeyError 'entity',2026-04-16T09:23:56Z
r44-0002215,jjohnson@summithealthpartners.com,Variance Explainer,Forecast Apr operating cash flow,SUCCESS,66.1,"Ops Apr variance was $403,382 vs plan",2026-04-16T11:03:54Z
r44-0002216,jnguyen@summithealthpartners.com,Budget vs Actual,Forecast Feb operating cash flow,SUCCESS,32.5,"FP&A Feb variance was $1,909,730 vs plan",2026-04-16T14:34:33Z
r44-0002217,pmartin@summithealthpartners.com,Cash Forecaster,Summarize the May variance for entity US-08,SUCCESS,62.8,"FP&A May variance was $4,451,794 vs plan",2026-04-16T19:55:55Z
r44-0002218,bjones@summithealthpartners.com,Revenue Recognizer,Build the board deck cash slide for Feb,SUCCESS,17.1,"FP&A Feb variance was $647,699 vs plan",2026-04-16T07:02:10Z
r44-0002219,jnguyen@summithealthpartners.com,Close Checklist Bot,Explain the headcount variance vs plan,SUCCESS,28.6,"Treasury Mar variance was $1,632,203 vs plan",2026-04-16T10:21:54Z
r44-0002220,prodriguez@summithealthpartners.com,Budget vs Actual,Summarize the Apr variance for entity CA-05,PARTIAL,14.7,"Accounting Apr variance was $2,124,124 vs plan",2026-04-16T11:50:55Z
r44-0002221,mharris@summithealthpartners.com,Headcount Planner,Why did Ops spend exceed budget in Apr?,SUCCESS,12.3,"Ops Apr variance was $2,600,631 vs plan",2026-04-16T12:53:54Z
r44-0002222,bjones@summithealthpartners.com,Flux Commentary,Explain the headcount variance vs plan,SUCCESS,55.0,"Ops Jun variance was $2,165,592 vs plan",2026-04-16T17:19:15Z
r44-0002223,bjones@summithealthpartners.com,Board Deck Builder,Why did FP&A spend exceed budget in Feb?,SUCCESS,59.3,"FP&A Feb variance was $2,901,712 vs plan",2026-04-16T10:28:11Z
r44-0002224,amoore@summithealthpartners.com,Cash Forecaster,What drove the change in gross margin this quarter?,SUCCESS,4.2,"Treasury May variance was $3,113,580 vs plan",2026-04-16T14:38:26Z
r44-0002225,pmartin@summithealthpartners.com,Revenue Recognizer,Which cost centers are over budget YTD?,SUCCESS,32.6,"FP&A Jun variance was $3,317,700 vs plan",2026-04-16T13:49:03Z
r44-0002226,mlewis@summithealthpartners.com,Revenue Recognizer,What drove the change in gross margin this quarter?,SUCCESS,44.7,"Ops Apr variance was $2,936,210 vs plan",2026-04-16T16:53:48Z
r44-0002227,pmartin@summithealthpartners.com,Headcount Planner,Reconcile AP aging over 90 days for US-01,SUCCESS,1.4,error code 502 from model gateway,2026-04-16T13:55:29Z
r44-0002228,jlewis@summithealthpartners.com,Covenant Checker,Reconcile AP aging over 90 days for US-03,SUCCESS,23.6,"Treasury Feb variance was $1,873,835 vs plan",2026-04-16T17:01:31Z
r44-0002229,sbrown@summithealthpartners.com,Revenue Recognizer,Why did Accounting spend exceed budget in Apr?,SUCCESS,65.1,"Accounting Apr variance was $1,714,745 vs plan",2026-04-16T12:20:16Z
r44-0002230,jnguyen@summithealthpartners.com,AP Aging Analyst,Check covenant compliance for the revolver,SUCCESS,63.8,"Treasury Jan variance was $1,116,428 vs plan",2026-04-16T15:23:21Z
r44-0002231,amoore@summithealthpartners.com,Revenue Recognizer,Check covenant compliance for the revolver,SUCCESS,72.4,"FP&A Mar variance was $975,017 vs plan",2026-04-16T13:35:58Z
r44-0002232,bjones@summithealthpartners.com,Journal Entry Reviewer,Reconcile AP aging over 90 days for MX-03,SUCCESS,55.1,"Treasury Jun variance was $1,401,343 vs plan",2026-04-16T08:12:30Z
r44-0002233,pmartin@summithealthpartners.com,Flux Commentary,Reconcile AP aging over 90 days for EU-06,SUCCESS,26.6,"Ops Feb variance was $273,162 vs plan",2026-04-16T15:14:16Z
r44-0002234,pmartin@summithealthpartners.com,Budget vs Actual,Check covenant compliance for the revolver,SUCCESS,74.6,"Ops May variance was $827,806 vs plan",2026-04-16T11:31:50Z
r44-0002235,amoore@summithealthpartners.com,Journal Entry Reviewer,Build the board deck cash slide for Feb,SUCCESS,5.5,"Ops Feb variance was $4,210,357 vs plan",2026-04-16T14:36:55Z
r44-0002236,jwilliams@summithealthpartners.com,Budget vs Actual,Draft flux commentary for the Apr close,SUCCESS,61.6,"Treasury Apr variance was $720,089 vs plan",2026-04-16T10:01:47Z
r44-0002237,mlewis@summithealthpartners.com,Revenue Recognizer,Build the board deck cash slide for Apr,SUCCESS,14.8,"Treasury Apr variance was $2,461,279 vs plan",2026-04-16T10:19:38Z
r44-0002238,jnguyen@summithealthpartners.com,Journal Entry Reviewer,Check covenant compliance for the revolver,SUCCESS,25.7,"Treasury May variance was $3,254,921 vs plan",2026-04-16T09:46:09Z
r44-0002239,pmartin@summithealthpartners.com,Cash Forecaster,Which cost centers are over budget YTD?,FAIL,7.4,ERROR: upstream request timed out,2026-04-16T09:31:36Z
r44-0002240,pmartin@summithealthpartners.com,Variance Explainer,Build the board deck cash slide for Jan,SUCCESS,1.0,Traceback (most recent call last): KeyError 'entity',2026-04-16T14:34:37Z
r44-0002241,jwilson@summithealthpartners.com,Covenant Checker,Summarize the Apr variance for entity MX-08,PARTIAL,25.3,"Treasury Apr variance was $4,736,634 vs plan",2026-04-16T09:17:33Z
r44-0002242,amoore@summithealthpartners.com,Close Checklist Bot,Explain the headcount variance vs plan,PARTIAL,56.5,"Treasury Jan variance was $1,109,755 vs plan",2026-04-16T06:25:58Z
r44-0002243,bjones@summithealthpartners.com,Vendor Spend Analyzer,What drove the change in gross margin this quarter?,SUCCESS,74.4,"FP&A Feb variance was $2,862,285 vs plan",2026-04-16T14:59:16Z
r44-0002244,pmartin@summithealthpartners.com,Variance Explainer,Reconcile AP aging over 90 days for US-01,SUCCESS,13.6,"Accounting Apr variance was $321,808 vs plan",2026-04-16T12:47:19Z
r44-0002245,jjohnson@summithealthpartners.com,Vendor Spend Analyzer,Reconcile AP aging over 90 days for CA-08,SUCCESS,32.8,"FP&A Apr variance was $1,479,427 vs plan",2026-04-16T14:46:23Z
r44-0002246,pmartin@summithealthpartners.com,Flux Commentary,Reconcile AP aging over 90 days for US-07,SUCCESS,5.9,"FP&A Mar variance was $576,226 vs plan",2026-04-16T14:23:00Z
r44-0002247,prodriguez@summithealthpartners.com,Budget vs Actual,Check covenant compliance for the revolver,SUCCESS,56.4,"FP&A Jun variance was $2,900,134 vs plan",2026-04-16T13:12:17Z
r44-0002248,bjones@summithealthpartners.com,Board Deck Builder,Check covenant compliance for the revolver,SUCCESS,33.0,"Ops Mar variance was $1,424,803 vs plan",2026-04-16T12:09:53Z
r44-0002249,pmartin@summithealthpartners.com,Budget vs Actual,Why did FP&A spend exceed budget in May?,SUCCESS,1.5,Traceback (most recent call last): KeyError 'entity',2026-04-16T11:42:30Z
r44-0002250,pmartin@summithealthpartners.com,Budget vs Actual,Forecast Jan operating cash flow,SUCCESS,21.7,"FP&A Jan variance was $1,397,073 vs plan",2026-04-16T10:05:55Z
r44-0002251,pmartin@summithealthpartners.com,Cash Forecaster,Forecast Feb operating cash flow,SUCCESS,0.5,FAILED: null reference in aggregation step,2026-04-17T16:11:41Z
r44-0002252,jlewis@summithealthpartners.com,AP Aging Analyst,Forecast Apr operating cash flow,SUCCESS,60.2,"Accounting Apr variance was $1,293,137 vs plan",2026-04-17T13:42:49Z
r44-0002253,pmartin@summithealthpartners.com,Close Checklist Bot,Explain the headcount variance vs plan,SUCCESS,22.0,"Treasury Jun variance was $2,576,013 vs plan",2026-04-17T11:57:36Z
r44-0002254,pmartin@summithealthpartners.com,Journal Entry Reviewer,Explain the headcount variance vs plan,SUCCESS,5.6,"Accounting Mar variance was $352,988 vs plan",2026-04-17T09:04:26Z
r44-0002255,jjohnson@summithealthpartners.com,Vendor Spend Analyzer,Why did Ops spend exceed budget in Mar?,SUCCESS,61.9,"Ops Mar variance was $4,300,137 vs plan",2026-04-17T08:41:59Z
r44-0002256,amoore@summithealthpartners.com,Variance Explainer,Build the board deck cash slide for Jun,FAIL,4.8,error: connection reset by peer,2026-04-17T11:57:56Z
r44-0002257,pmartin@summithealthpartners.com,Board Deck Builder,What drove the change in gross margin this quarter?,SUCCESS,56.8,"Accounting Feb variance was $917,002 vs plan",2026-04-17T13:14:53Z
r44-0002258,pmartin@summithealthpartners.com,Close Checklist Bot,What drove the change in gross margin this quarter?,SUCCESS,25.3,"Accounting Jun variance was $4,356,597 vs plan",2026-04-17T12:18:53Z
r44-0002259,jdavis@summithealthpartners.com,Variance Explainer,Explain the headcount variance vs plan,SUCCESS,10.7,"Accounting May variance was $4,496,420 vs plan",2026-04-17T12:05:32Z
r44-0002260,jwilliams@summithealthpartners.com,Headcount Planner,Reconcile AP aging over 90 days for MX-08,SUCCESS,46.6,"Accounting Mar variance was $1,417,505 vs plan",2026-04-17T12:34:30Z
r44-0002261,pmartin@summithealthpartners.com,Board Deck Builder,What drove the change in gross margin this quarter?,SUCCESS,32.7,"FP&A Mar variance was $231,541 vs plan",2026-04-17T15:34:02Z
r44-0002262,pmartin@summithealthpartners.com,AP Aging Analyst,Reconcile AP aging over 90 days for US-09,SUCCESS,52.0,"Ops May variance was $2,436,773 vs plan",2026-04-17T12:31:55Z
r44-0002263,bjones@summithealthpartners.com,AP Aging Analyst,What drove the change in gross margin this quarter?,SUCCESS,32.9,"FP&A May variance was $2,735,316 vs plan",2026-04-17T09:46:57Z
r44-0002264,bjones@summithealthpartners.com,Flux Commentary,Explain the headcount variance vs plan,SUCCESS,38.0,"FP&A Feb variance was $1,917,174 vs plan",2026-04-17T11:24:26Z
r44-0002265,bjones@summithealthpartners.com,Variance Explainer,Reconcile AP aging over 90 days for CA-02,SUCCESS,43.8,"Treasury Feb variance was $1,341,389 vs plan",2026-04-17T14:46:33Z
r44-0002266,bjones@summithealthpartners.com,Journal Entry Reviewer,Forecast May operating cash flow,SUCCESS,48.1,"FP&A May variance was $259,369 vs plan",2026-04-17T12:18:26Z
r44-0002267,bjones@summithealthpartners.com,Headcount Planner,Which cost centers are over budget YTD?,SUCCESS,11.0,"Treasury Jan variance was $4,720,846 vs plan",2026-04-17T16:03:05Z
r44-0002268,pmartin@summithealthpartners.com,Close Checklist Bot,Which cost centers are over budget YTD?,SUCCESS,22.7,"Treasury Jan variance was $637,121 vs plan",2026-04-17T08:30:10Z
r44-0002269,nnguyen@summithealthpartners.com,Covenant Checker,What drove the change in gross margin this quarter?,SUCCESS,32.6,"Treasury Jun variance was $1,551,113 vs plan",2026-04-17T14:09:00Z
r44-0002270,amoore@summithealthpartners.com,AP Aging Analyst,Build the board deck cash slide for Feb,SUCCESS,29.6,"Ops Feb variance was $4,217,928 vs plan",2026-04-17T13:04:23Z
r44-0002271,mlewis@summithealthpartners.com,Journal Entry Reviewer,Why did FP&A spend exceed budget in Apr?,SUCCESS,11.6,"FP&A Apr variance was $2,535,430 vs plan",2026-04-17T09:17:49Z
r44-0002272,pmartin@summithealthpartners.com,Revenue Recognizer,Check covenant compliance for the revolver,SUCCESS,74.7,"FP&A Jan variance was $764,053 vs plan",2026-04-17T13:27:00Z
r44-0002273,jwilson@summithealthpartners.com,Flux Commentary,Build the board deck cash slide for Feb,SUCCESS,0.5,FAILED: null reference in aggregation step,2026-04-17T11:22:20Z
r44-0002274,pmartin@summithealthpartners.com,Budget vs Actual,Reconcile AP aging over 90 days for MX-07,SUCCESS,8.9,"Accounting Feb variance was $3,096,069 vs plan",2026-04-17T10:07:20Z
r44-0002275,pmartin@summithealthpartners.com,AP Aging Analyst,Which cost centers are over budget YTD?,SUCCESS,37.4,"FP&A Mar variance was $2,162,441 vs plan",2026-04-17T16:11:15Z
r44-0002276,mlewis@summithealthpartners.com,Cash Forecaster,Check covenant compliance for the revolver,SUCCESS,12.8,"Treasury Mar variance was $3,620,534 vs plan",2026-04-17T10:10:37Z
r44-0002277,amoore@summithealthpartners.com,Journal Entry Reviewer,Reconcile AP aging over 90 days for MX-01,SUCCESS,62.1,"Treasury May variance was $521,494 vs plan",2026-04-17T11:21:13Z
r44-0002278,pmartin@summithealthpartners.com,Flux Commentary,Check covenant compliance for the revolver,SUCCESS,15.9,"Accounting Jan variance was $1,269,659 vs plan",2026-04-17T11:27:45Z
r44-0002279,jnguyen@summithealthpartners.com,Close Checklist Bot,Summarize the Mar variance for entity MX-02,SUCCESS,43.5,"FP&A Mar variance was $4,104,415 vs plan",2026-04-17T12:40:04Z
r44-0002280,jlewis@summithealthpartners.com,Board Deck Builder,Summarize the Mar variance for entity CA-08,SUCCESS,27.2,"FP&A Mar variance was $1,109,253 vs plan",2026-04-17T10:51:55Z
r44-0002281,pmartin@summithealthpartners.com,Board Deck Builder,What drove the change in gross margin this quarter?,SUCCESS,45.5,"FP&A Apr variance was $2,483,384 vs plan",2026-04-17T14:46:12Z
r44-0002282,pmartin@summithealthpartners.com,AP Aging Analyst,Explain the headcount variance vs plan,SUCCESS,22.4,"FP&A Jan variance was $1,793,852 vs plan",2026-04-17T11:44:05Z
r44-0002283,jnguyen@summithealthpartners.com,Covenant Checker,Forecast Mar operating cash flow,SUCCESS,44.6,"Accounting Mar variance was $1,445,405 vs plan",2026-04-17T15:03:49Z
r44-0002284,pmartin@summithealthpartners.com,Board Deck Builder,Draft flux commentary for the Mar close,SUCCESS,70.6,"FP&A Mar variance was $1,668,158 vs plan",2026-04-17T10:45:59Z
r44-0002285,pmartin@summithealthpartners.com,Cash Forecaster,Summarize the Feb variance for entity CA-04,SUCCESS,71.3,"Ops Feb variance was $2,421,200 vs plan",2026-04-17T16:54:27Z
r44-0002286,mlewis@summithealthpartners.com,Budget vs Actual,Forecast Mar operating cash flow,SUCCESS,46.1,"Treasury Mar variance was $4,067,379 vs plan",2026-04-17T13:23:57Z
r44-0002287,pmartin@summithealthpartners.com,AP Aging Analyst,Check covenant compliance for the revolver,SUCCESS,72.8,"Ops Mar variance was $3,108,937 vs plan",2026-04-17T11:31:57Z
r44-0002288,amoore@summithealthpartners.com,Vendor Spend Analyzer,Forecast Jan operating cash flow,SUCCESS,13.0,"FP&A Jan variance was $3,895,021 vs plan",2026-04-17T11:37:21Z
r44-0002289,pmartin@summithealthpartners.com,Cash Forecaster,Forecast Jun operating cash flow,FAIL,3.1,error code 502 from model gateway,2026-04-17T09:20:00Z
r44-0002290,jjohnson@summithealthpartners.com,Budget vs Actual,What drove the change in gross margin this quarter?,SUCCESS,37.6,"Accounting Jan variance was $4,372,470 vs plan",2026-04-17T15:38:11Z
r44-0002291,jnguyen@summithealthpartners.com,Budget vs Actual,What drove the change in gross margin this quarter?,SUCCESS,42.1,"Accounting May variance was $2,263,102 vs plan",2026-04-17T13:38:22Z
r44-0002292,jjohnson@summithealthpartners.com,Covenant Checker,Summarize the Feb variance for entity EU-05,SUCCESS,41.7,"FP&A Feb variance was $621,102 vs plan",2026-04-17T11:57:31Z
r44-0002293,pmartin@summithealthpartners.com,Budget vs Actual,What drove the change in gross margin this quarter?,SUCCESS,55.3,"Ops Mar variance was $2,137,802 vs plan",2026-04-17T14:36:46Z
r44-0002294,amoore@summithealthpartners.com,Flux Commentary,Why did Treasury spend exceed budget in Mar?,SUCCESS,8.5,"Treasury Mar variance was $1,071,631 vs plan",2026-04-17T15:38:05Z
r44-0002295,pmartin@summithealthpartners.com,Close Checklist Bot,Check covenant compliance for the revolver,SUCCESS,12.8,"Ops Feb variance was $2,776,249 vs plan",2026-04-17T18:05:03Z
r44-0002296,amoore@summithealthpartners.com,Board Deck Builder,Build the board deck cash slide for Jan,SUCCESS,71.1,"Treasury Jan variance was $1,771,105 vs plan",2026-04-17T12:05:48Z
r44-0002297,pmartin@summithealthpartners.com,Flux Commentary,Which cost centers are over budget YTD?,SUCCESS,34.7,"Treasury Feb variance was $1,466,185 vs plan",2026-04-17T17:55:49Z
r44-0002298,jlewis@summithealthpartners.com,Board Deck Builder,Explain the headcount variance vs plan,SUCCESS,49.8,"Ops Jan variance was $253,698 vs plan",2026-04-17T15:36:52Z
r44-0002299,amoore@summithealthpartners.com,Board Deck Builder,Explain the headcount variance vs plan,SUCCESS,13.3,"Treasury Jun variance was $3,412,119 vs plan",2026-04-17T19:47:38Z
r44-0002300,jwilliams@summithealthpartners.com,Covenant Checker,Which cost centers are over budget YTD?,PARTIAL,9.1,"FP&A May variance was $3,127,625 vs plan",2026-04-17T13:52:08Z
r44-0002301,jjohnson@summithealthpartners.com,AP Aging Analyst,Forecast May operating cash flow,SUCCESS,57.7,"Treasury May variance was $2,793,880 vs plan",2026-04-17T15:42:31Z
r44-0002302,amoore@summithealthpartners.com,Cash Forecaster,Reconcile AP aging over 90 days for MX-03,SUCCESS,24.3,"Accounting Mar variance was $4,439,658 vs plan",2026-04-17T12:43:05Z
r44-0002303,bjones@summithealthpartners.com,Covenant Checker,Reconcile AP aging over 90 days for CA-08,PARTIAL,62.0,"Treasury Feb variance was $4,301,693 vs plan",2026-04-17T06:33:01Z
r44-0002304,amoore@summithealthpartners.com,Revenue Recognizer,What drove the change in gross margin this quarter?,SUCCESS,35.8,"Accounting Apr variance was $4,180,579 vs plan",2026-04-17T10:27:20Z
r44-0002305,jnguyen@summithealthpartners.com,Board Deck Builder,What drove the change in gross margin this quarter?,FAIL,1.4,ERROR: upstream request timed out,2026-04-17T10:35:45Z
r44-0002306,pmartin@summithealthpartners.com,Close Checklist Bot,Explain the headcount variance vs plan,SUCCESS,35.5,"Treasury Feb variance was $4,389,889 vs plan",2026-04-17T09:31:27Z
r44-0002307,pmartin@summithealthpartners.com,Cash Forecaster,Which cost centers are over budget YTD?,SUCCESS,30.1,"Accounting Jan variance was $1,590,494 vs plan",2026-04-18T11:58:22Z
r44-0002308,jlewis@summithealthpartners.com,Variance Explainer,Build the board deck cash slide for Apr,SUCCESS,4.2,"Ops Apr variance was $428,142 vs plan",2026-04-18T08:48:40Z
r44-0002309,jnguyen@summithealthpartners.com,Vendor Spend Analyzer,Draft flux commentary for the Apr close,SUCCESS,38.7,"Treasury Apr variance was $1,994,080 vs plan",2026-04-18T11:31:21Z
r44-0002310,pmartin@summithealthpartners.com,Vendor Spend Analyzer,Why did Treasury spend exceed budget in Jan?,SUCCESS,3.3,"Treasury Jan variance was $3,694,174 vs plan",2026-04-18T16:24:30Z
r44-0002311,amoore@summithealthpartners.com,Cash Forecaster,Forecast Apr operating cash flow,SUCCESS,14.1,"Treasury Apr variance was $1,352,876 vs plan",2026-04-18T11:00:13Z
r44-0002312,mlewis@summithealthpartners.com,Covenant Checker,Explain the headcount variance vs plan,SUCCESS,41.9,"Treasury Feb variance was $4,187,182 vs plan",2026-04-18T17:32:33Z
r44-0002313,pmartin@summithealthpartners.com,Headcount Planner,Forecast Apr operating cash flow,SUCCESS,15.8,"Accounting Apr variance was $1,540,982 vs plan",2026-04-18T15:45:41Z
r44-0002314,pmartin@summithealthpartners.com,Headcount Planner,Draft flux commentary for the Mar close,SUCCESS,68.4,"Ops Mar variance was $2,235,263 vs plan",2026-04-18T14:10:13Z
r44-0002315,amoore@summithealthpartners.com,Headcount Planner,Why did Accounting spend exceed budget in Jan?,SUCCESS,73.4,"Accounting Jan variance was $3,581,971 vs plan",2026-04-18T16:46:12Z
r44-0002316,pmartin@summithealthpartners.com,Covenant Checker,Explain the headcount variance vs plan,SUCCESS,58.3,"FP&A Jun variance was $4,321,109 vs plan",2026-04-18T13:08:18Z
r44-0002317,pmartin@summithealthpartners.com,Covenant Checker,Which cost centers are over budget YTD?,SUCCESS,66.6,"FP&A Jan variance was $57,936 vs plan",2026-04-18T16:17:45Z
r44-0002318,pmartin@summithealthpartners.com,Close Checklist Bot,Summarize the Jan variance for entity MX-08,SUCCESS,68.9,"Accounting Jan variance was $4,748,661 vs plan",2026-04-18T14:53:17Z
r44-0002319,mlewis@summithealthpartners.com,Journal Entry Reviewer,Why did FP&A spend exceed budget in Apr?,PARTIAL,13.4,"FP&A Apr variance was $2,199,476 vs plan",2026-04-18T14:44:09Z
r44-0002320,jnguyen@summithealthpartners.com,Headcount Planner,Draft flux commentary for the May close,SUCCESS,46.3,"Accounting May variance was $2,521,227 vs plan",2026-04-18T17:20:29Z
r44-0002321,jjohnson@summithealthpartners.com,Cash Forecaster,Explain the headcount variance vs plan,SUCCESS,52.3,"FP&A Mar variance was $2,722,151 vs plan",2026-04-18T15:16:09Z
r44-0002322,sbrown@summithealthpartners.com,Cash Forecaster,Reconcile AP aging over 90 days for EU-06,SUCCESS,12.3,"FP&A May variance was $436,004 vs plan",2026-04-18T18:35:38Z
r44-0002323,jjohnson@summithealthpartners.com,Vendor Spend Analyzer,Explain the headcount variance vs plan,SUCCESS,40.9,"FP&A Apr variance was $107,591 vs plan",2026-04-18T10:31:12Z
r44-0002324,amoore@summithealthpartners.com,Journal Entry Reviewer,Reconcile AP aging over 90 days for EU-05,PARTIAL,25.2,"Accounting Apr variance was $105,970 vs plan",2026-04-18T14:42:16Z
r44-0002325,bjones@summithealthpartners.com,Cash Forecaster,Why did Treasury spend exceed budget in Mar?,SUCCESS,66.7,"Treasury Mar variance was $1,014,072 vs plan",2026-04-18T15:02:57Z
r44-0002326,jwilliams@summithealthpartners.com,Covenant Checker,Explain the headcount variance vs plan,SUCCESS,53.8,"Ops May variance was $4,230,565 vs plan",2026-04-18T14:59:10Z
r44-0002327,pmartin@summithealthpartners.com,Vendor Spend Analyzer,Explain the headcount variance vs plan,SUCCESS,7.4,"FP&A Jan variance was $2,997,056 vs plan",2026-04-19T15:13:06Z
r44-0002328,pmartin@summithealthpartners.com,Variance Explainer,Check covenant compliance for the revolver,SUCCESS,73.2,"FP&A Mar variance was $838,714 vs plan",2026-04-19T15:51:43Z
r44-0002329,bjones@summithealthpartners.com,Variance Explainer,Draft flux commentary for the Jan close,PARTIAL,38.6,"FP&A Jan variance was $550,795 vs plan",2026-04-19T09:29:59Z
r44-0002330,prodriguez@summithealthpartners.com,Cash Forecaster,Check covenant compliance for the revolver,SUCCESS,34.4,"FP&A Jun variance was $2,822,052 vs plan",2026-04-19T10:24:39Z
r44-0002331,jnguyen@summithealthpartners.com,Headcount Planner,Build the board deck cash slide for May,SUCCESS,19.5,"Accounting May variance was $2,696,986 vs plan",2026-04-19T17:47:58Z
r44-0002332,mlewis@summithealthpartners.com,Variance Explainer,Explain the headcount variance vs plan,SUCCESS,58.0,"Accounting Jan variance was $4,112,846 vs plan",2026-04-19T14:33:22Z
r44-0002333,pmartin@summithealthpartners.com,Headcount Planner,Explain the headcount variance vs plan,SUCCESS,1.8,error code 502 from model gateway,2026-04-19T12:00:07Z
r44-0002334,jnguyen@summithealthpartners.com,Covenant Checker,Summarize the Mar variance for entity CA-08,PARTIAL,49.6,"Accounting Mar variance was $4,683,623 vs plan",2026-04-19T14:12:19Z
r44-0002335,pmartin@summithealthpartners.com,Close Checklist Bot,Draft flux commentary for the Mar close,SUCCESS,30.6,"FP&A Mar variance was $107,990 vs plan",2026-04-19T14:38:15Z
r44-0002336,dlopez2@summithealthpartners.com,Revenue Recognizer,Why did Ops spend exceed budget in May?,SUCCESS,65.7,"Ops May variance was $776,459 vs plan",2026-04-19T10:41:59Z
r44-0002337,pmartin@summithealthpartners.com,Budget vs Actual,Check covenant compliance for the revolver,SUCCESS,0.2,ERROR: upstream request timed out,2026-04-19T14:20:40Z
r44-0002338,pmartin@summithealthpartners.com,Variance Explainer,Check covenant compliance for the revolver,SUCCESS,47.6,"FP&A Mar variance was $347,275 vs plan",2026-04-19T07:16:58Z
r44-0002339,pmartin@summithealthpartners.com,Close Checklist Bot,Check covenant compliance for the revolver,FAIL,4.5,error: connection reset by peer,2026-04-19T06:39:15Z
r44-0002340,pmartin@summithealthpartners.com,Variance Explainer,What drove the change in gross margin this quarter?,SUCCESS,9.3,"Treasury Feb variance was $3,480,949 vs plan",2026-04-19T12:05:07Z
r44-0002341,pmartin@summithealthpartners.com,Headcount Planner,Build the board deck cash slide for Jun,SUCCESS,29.2,"Treasury Jun variance was $1,573,924 vs plan",2026-04-19T11:48:05Z
r44-0002342,amoore@summithealthpartners.com,Flux Commentary,Reconcile AP aging over 90 days for EU-05,SUCCESS,36.4,"Ops Jan variance was $1,952,482 vs plan",2026-04-19T12:12:18Z
r44-0002343,pmartin@summithealthpartners.com,Variance Explainer,Build the board deck cash slide for Feb,SUCCESS,42.0,"FP&A Feb variance was $4,706,446 vs plan",2026-04-19T16:43:36Z
r44-0002344,dlopez2@summithealthpartners.com,Headcount Planner,Why did FP&A spend exceed budget in Apr?,SUCCESS,67.3,"FP&A Apr variance was $3,394,346 vs plan",2026-04-19T14:07:55Z
r44-0002345,jnguyen@summithealthpartners.com,Headcount Planner,Reconcile AP aging over 90 days for US-09,SUCCESS,45.2,"Accounting May variance was $3,899,269 vs plan",2026-04-19T11:27:03Z
r44-0002346,jnguyen@summithealthpartners.com,AP Aging Analyst,Explain the headcount variance vs plan,SUCCESS,54.9,"Ops Feb variance was $2,430,180 vs plan",2026-04-19T17:31:24Z
r44-0002347,jwilliams@summithealthpartners.com,Headcount Planner,Why did Ops spend exceed budget in Feb?,PARTIAL,62.9,"Ops Feb variance was $3,618,978 vs plan",2026-04-19T13:16:48Z
r44-0002348,pmartin@summithealthpartners.com,Revenue Recognizer,Build the board deck cash slide for Jan,PARTIAL,10.9,"FP&A Jan variance was $2,232,089 vs plan",2026-04-19T12:39:06Z
r44-0002349,bjones@summithealthpartners.com,Flux Commentary,Why did Accounting spend exceed budget in Apr?,PARTIAL,8.4,"Accounting Apr variance was $1,107,782 vs plan",2026-04-19T14:04:36Z
r44-0002350,jwilliams@summithealthpartners.com,Budget vs Actual,Why did Accounting spend exceed budget in Feb?,SUCCESS,35.8,"Accounting Feb variance was $1,944,953 vs plan",2026-04-19T16:04:50Z
r44-0002351,mlewis@summithealthpartners.com,Cash Forecaster,Reconcile AP aging over 90 days for US-04,SUCCESS,59.9,"Treasury May variance was $546,353 vs plan",2026-04-19T08:40:43Z
r44-0002352,jlewis@summithealthpartners.com,AP Aging Analyst,Build the board deck cash slide for Apr,SUCCESS,27.1,"Ops Apr variance was $110,351 vs plan",2026-04-19T10:18:00Z
r44-0002353,pmartin@summithealthpartners.com,Journal Entry Reviewer,Check covenant compliance for the revolver,SUCCESS,39.2,"Accounting Jun variance was $3,706,073 vs plan",2026-04-19T17:39:01Z
r44-0002354,amoore@summithealthpartners.com,Variance Explainer,Summarize the Jan variance for entity CA-01,SUCCESS,62.4,"Accounting Jan variance was $1,334,374 vs plan",2026-04-20T06:58:04Z
r44-0002355,pmartin@summithealthpartners.com,Flux Commentary,Why did Treasury spend exceed budget in Jun?,FAIL,4.6,FAILED: null reference in aggregation step,2026-04-20T14:42:53Z
r44-0002356,amoore@summithealthpartners.com,Vendor Spend Analyzer,Forecast Feb operating cash flow,PARTIAL,3.5,"Ops Feb variance was $1,897,232 vs plan",2026-04-20T14:54:37Z
r44-0002357,pmartin@summithealthpartners.com,Budget vs Actual,Explain the headcount variance vs plan,SUCCESS,23.0,"Treasury Mar variance was $3,874,639 vs plan",2026-04-20T14:58:27Z
r44-0002358,amoore@summithealthpartners.com,Variance Explainer,Summarize the Jan variance for entity US-07,SUCCESS,20.8,"Treasury Jan variance was $1,611,561 vs plan",2026-04-20T09:19:17Z
r44-0002359,sbrown@summithealthpartners.com,Headcount Planner,Why did Accounting spend exceed budget in Jun?,SUCCESS,59.5,"Accounting Jun variance was $1,394,400 vs plan",2026-04-20T11:27:43Z
r44-0002360,bjones@summithealthpartners.com,Headcount Planner,What drove the change in gross margin this quarter?,SUCCESS,15.1,"Treasury Jan variance was $1,652,218 vs plan",2026-04-20T13:19:50Z
r44-0002361,amoore@summithealthpartners.com,Cash Forecaster,Draft flux commentary for the Jun close,SUCCESS,55.1,"Treasury Jun variance was $1,711,192 vs plan",2026-04-20T12:31:46Z
r44-0002362,pmartin@summithealthpartners.com,Covenant Checker,Explain the headcount variance vs plan,SUCCESS,1.0,error: connection reset by peer,2026-04-20T16:09:42Z
r44-0002363,jnguyen@summithealthpartners.com,Revenue Recognizer,Check covenant compliance for the revolver,SUCCESS,6.6,"Treasury Jan variance was $1,850,348 vs plan",2026-04-20T12:14:12Z
r44-0002364,amoore@summithealthpartners.com,Revenue Recognizer,Why did Treasury spend exceed budget in May?,PARTIAL,6.6,"Treasury May variance was $1,535,131 vs plan",2026-04-20T15:12:26Z
r44-0002365,pmartin@summithealthpartners.com,Journal Entry Reviewer,What drove the change in gross margin this quarter?,PARTIAL,49.7,"Accounting Jan variance was $3,926,681 vs plan",2026-04-20T09:02:07Z
r44-0002366,jlewis@summithealthpartners.com,Board Deck Builder,Summarize the Feb variance for entity CA-02,SUCCESS,40.3,"Ops Feb variance was $760,863 vs plan",2026-04-20T16:43:06Z
r44-0002367,kperez@summithealthpartners.com,Journal Entry Reviewer,Forecast Jun operating cash flow,SUCCESS,16.0,"Ops Jun variance was $1,822,322 vs plan",2026-04-20T11:32:56Z
r44-0002368,pmartin@summithealthpartners.com,Flux Commentary,Draft flux commentary for the Mar close,SUCCESS,62.2,"Treasury Mar variance was $2,714,659 vs plan",2026-04-20T16:24:44Z
r44-0002369,jwilliams@summithealthpartners.com,Variance Explainer,Check covenant compliance for the revolver,SUCCESS,66.5,"Ops Feb variance was $1,309,862 vs plan",2026-04-20T14:48:41Z
r44-0002370,pmartin@summithealthpartners.com,Budget vs Actual,What drove the change in gross margin this quarter?,SUCCESS,64.7,"Treasury May variance was $2,342,808 vs plan",2026-04-20T11:41:05Z
r44-0002371,nhaddad@summithealthpartners.com,Close Checklist Bot,Summarize the Feb variance for entity US-01,SUCCESS,47.4,"FP&A Feb variance was $5,311 vs plan",2026-04-20T16:56:13Z
r44-0002372,mlewis@summithealthpartners.com,Budget vs Actual,Explain the headcount variance vs plan,SUCCESS,42.1,"Ops Apr variance was $1,769,891 vs plan",2026-04-20T13:46:58Z
r44-0002373,amoore@summithealthpartners.com,Flux Commentary,Summarize the Apr variance for entity MX-04,SUCCESS,68.1,"Treasury Apr variance was $3,109,047 vs plan",2026-04-20T12:12:03Z
r44-0002374,nnguyen@summithealthpartners.com,Close Checklist Bot,What drove the change in gross margin this quarter?,SUCCESS,66.5,"FP&A Jan variance was $836,619 vs plan",2026-04-20T10:50:04Z
r44-0002375,amoore@summithealthpartners.com,Variance Explainer,Forecast Feb operating cash flow,FAIL,3.7,ERROR: upstream request timed out,2026-04-20T12:27:52Z
r44-0002376,mharris@summithealthpartners.com,AP Aging Analyst,Draft flux commentary for the Mar close,SUCCESS,0.7,error code 502 from model gateway,2026-04-20T18:49:47Z
r44-0002377,amoore@summithealthpartners.com,Flux Commentary,What drove the change in gross margin this quarter?,SUCCESS,35.3,"FP&A May variance was $2,154,306 vs plan",2026-04-20T15:50:19Z
r44-0002378,pmartin@summithealthpartners.com,Headcount Planner,Forecast Jan operating cash flow,SUCCESS,0.7,Traceback (most recent call last): KeyError 'entity',2026-04-20T16:28:55Z
r44-0002379,pmartin@summithealthpartners.com,Budget vs Actual,Summarize the Jan variance for entity EU-04,PARTIAL,67.6,"FP&A Jan variance was $2,941,629 vs plan",2026-04-20T14:01:51Z
r44-0002380,amoore@summithealthpartners.com,Budget vs Actual,Build the board deck cash slide for Mar,SUCCESS,46.9,"Ops Mar variance was $3,088,668 vs plan",2026-04-20T15:22:26Z
r44-0002381,amoore@summithealthpartners.com,Cash Forecaster,Explain the headcount variance vs plan,SUCCESS,37.4,"FP&A May variance was $4,629,479 vs plan",2026-04-20T13:15:27Z
r44-0002382,amoore@summithealthpartners.com,Vendor Spend Analyzer,Summarize the Jun variance for entity EU-02,SUCCESS,60.1,"Ops Jun variance was $3,111,031 vs plan",2026-04-20T11:36:21Z
r44-0002383,pmartin@summithealthpartners.com,Close Checklist Bot,Check covenant compliance for the revolver,SUCCESS,36.7,"Ops Mar variance was $4,772,238 vs plan",2026-04-20T15:28:29Z
r44-0002384,nhaddad@summithealthpartners.com,Headcount Planner,Why did Treasury spend exceed budget in Jun?,SUCCESS,66.7,"Treasury Jun variance was $599,282 vs plan",2026-04-20T13:05:25Z
r44-0002385,amoore@summithealthpartners.com,Revenue Recognizer,Summarize the Jan variance for entity MX-07,SUCCESS,17.4,"FP&A Jan variance was $915,498 vs plan",2026-04-20T15:43:25Z
r44-0002386,jnguyen@summithealthpartners.com,Close Checklist Bot,Reconcile AP aging over 90 days for MX-08,SUCCESS,36.0,"Ops Apr variance was $374,475 vs plan",2026-04-20T11:45:01Z
r44-0002387,jlewis@summithealthpartners.com,Journal Entry Reviewer,Summarize the Feb variance for entity EU-07,PARTIAL,32.3,"Accounting Feb variance was $2,080,251 vs plan",2026-04-20T08:55:29Z
r44-0002388,pmartin@summithealthpartners.com,Close Checklist Bot,Summarize the Feb variance for entity US-09,SUCCESS,41.2,"Ops Feb variance was $213,012 vs plan",2026-04-20T13:02:55Z
r44-0002389,jdavis@summithealthpartners.com,Vendor Spend Analyzer,Draft flux commentary for the Feb close,FAIL,5.7,error: connection reset by peer,2026-04-20T14:50:41Z
r44-0002390,pmartin@summithealthpartners.com,AP Aging Analyst,What drove the change in gross margin this quarter?,FAIL,7.5,ERROR: upstream request timed out,2026-04-20T15:06:22Z
r44-0002391,pmartin@summithealthpartners.com,AP Aging Analyst,Reconcile AP aging over 90 days for CA-07,SUCCESS,61.1,"FP&A May variance was $3,448,513 vs plan",2026-04-20T15:47:56Z
r44-0002392,dlopez2@summithealthpartners.com,Board Deck Builder,Which cost centers are over budget YTD?,SUCCESS,26.3,"Treasury Feb variance was $2,365,678 vs plan",2026-04-20T10:13:03Z
r44-0002393,pmartin@summithealthpartners.com,Vendor Spend Analyzer,Check covenant compliance for the revolver,SUCCESS,3.0,"Treasury May variance was $2,729,037 vs plan",2026-04-20T16:07:49Z
r44-0002394,amoore@summithealthpartners.com,Covenant Checker,Which cost centers are over budget YTD?,SUCCESS,63.5,"Treasury May variance was $2,145,716 vs plan",2026-04-20T08:35:46Z
r44-0002395,prodriguez@summithealthpartners.com,AP Aging Analyst,Which cost centers are over budget YTD?,SUCCESS,29.9,"Treasury May variance was $3,720,887 vs plan",2026-04-20T12:38:39Z
r44-0002396,jdavis@summithealthpartners.com,Close Checklist Bot,Summarize the Mar variance for entity CA-02,SUCCESS,0.4,Traceback (most recent call last): KeyError 'entity',2026-04-20T17:40:29Z
r44-0002397,bjones@summithealthpartners.com,Headcount Planner,Draft flux commentary for the May close,SUCCESS,55.5,"FP&A May variance was $906,419 vs plan",2026-04-20T13:56:20Z
r44-0002398,jwilliams@summithealthpartners.com,Flux Commentary,Check covenant compliance for the revolver,SUCCESS,58.0,"Treasury Jan variance was $4,703,142 vs plan",2026-04-20T13:17:05Z
r44-0002399,pmartin@summithealthpartners.com,AP Aging Analyst,Build the board deck cash slide for Jan,SUCCESS,48.1,"Treasury Jan variance was $40,048 vs plan",2026-04-20T15:58:05Z
r44-0002400,jjohnson@summithealthpartners.com,Cash Forecaster,Forecast Feb operating cash flow,SUCCESS,38.8,"Ops Feb variance was $1,791,399 vs plan",2026-04-20T18:13:12Z
r44-0002401,pmartin@summithealthpartners.com,Headcount Planner,Reconcile AP aging over 90 days for US-02,PARTIAL,10.2,"Treasury Mar variance was $3,092,917 vs plan",2026-04-21T13:13:24Z
r44-0002402,bjones@summithealthpartners.com,Flux Commentary,Forecast May operating cash flow,FAIL,2.7,ERROR: upstream request timed out,2026-04-21T17:02:51Z
r44-0002403,pmartin@summithealthpartners.com,AP Aging Analyst,Reconcile AP aging over 90 days for MX-09,SUCCESS,66.4,"Ops Jun variance was $3,022,773 vs plan",2026-04-21T09:15:19Z
r44-0002404,amoore@summithealthpartners.com,Budget vs Actual,Why did Accounting spend exceed budget in Jan?,FAIL,3.3,FAILED: null reference in aggregation step,2026-04-21T19:11:01Z
r44-0002405,pmartin@summithealthpartners.com,Journal Entry Reviewer,Build the board deck cash slide for Feb,SUCCESS,28.5,"Accounting Feb variance was $1,912,909 vs plan",2026-04-21T15:03:33Z
r44-0002406,jnguyen@summithealthpartners.com,Revenue Recognizer,Reconcile AP aging over 90 days for CA-07,SUCCESS,39.8,"Accounting May variance was $889,987 vs plan",2026-04-21T06:24:14Z
r44-0002407,pmartin@summithealthpartners.com,Covenant Checker,Reconcile AP aging over 90 days for EU-08,FAIL,3.1,FAILED: null reference in aggregation step,2026-04-21T13:29:53Z
r44-0002408,jnguyen@summithealthpartners.com,Variance Explainer,Which cost centers are over budget YTD?,SUCCESS,41.1,"Treasury Apr variance was $3,250,390 vs plan",2026-04-21T14:20:26Z
r44-0002409,pmartin@summithealthpartners.com,Covenant Checker,Reconcile AP aging over 90 days for US-09,SUCCESS,19.4,"Accounting Apr variance was $4,674,481 vs plan",2026-04-21T19:01:08Z
r44-0002410,pmartin@summithealthpartners.com,Board Deck Builder,Why did Ops spend exceed budget in May?,SUCCESS,55.9,"Ops May variance was $2,372,959 vs plan",2026-04-21T08:15:03Z
r44-0002411,pmartin@summithealthpartners.com,Budget vs Actual,Check covenant compliance for the revolver,SUCCESS,65.5,"Treasury Feb variance was $84,644 vs plan",2026-04-21T10:53:26Z
r44-0002412,amoore@summithealthpartners.com,Budget vs Actual,Draft flux commentary for the Apr close,PARTIAL,47.1,"FP&A Apr variance was $3,431,847 vs plan",2026-04-21T15:21:50Z
r44-0002413,jdavis@summithealthpartners.com,Covenant Checker,Forecast Jan operating cash flow,SUCCESS,36.7,"Accounting Jan variance was $2,425,331 vs plan",2026-04-21T10:09:43Z
r44-0002414,bjones@summithealthpartners.com,Vendor Spend Analyzer,Explain the headcount variance vs plan,SUCCESS,5.7,"Accounting Apr variance was $3,106,240 vs plan",2026-04-21T13:09:34Z
r44-0002415,amoore@summithealthpartners.com,Variance Explainer,Check covenant compliance for the revolver,SUCCESS,57.0,"Treasury May variance was $3,026,736 vs plan",2026-04-21T07:45:24Z
r44-0002416,bjones@summithealthpartners.com,Close Checklist Bot,Forecast May operating cash flow,SUCCESS,6.7,"Ops May variance was $3,014,644 vs plan",2026-04-21T09:46:23Z
r44-0002417,amoore@summithealthpartners.com,Revenue Recognizer,Why did Accounting spend exceed budget in May?,SUCCESS,50.7,"Accounting May variance was $604,069 vs plan",2026-04-21T18:09:44Z
r44-0002418,pmartin@summithealthpartners.com,Board Deck Builder,Summarize the Mar variance for entity CA-01,SUCCESS,42.2,"Ops Mar variance was $629,026 vs plan",2026-04-21T12:43:24Z
r44-0002419,pmartin@summithealthpartners.com,Budget vs Actual,Which cost centers are over budget YTD?,SUCCESS,62.9,"Treasury Apr variance was $1,016,195 vs plan",2026-04-21T11:58:35Z
r44-0002420,jjohnson@summithealthpartners.com,Flux Commentary,Which cost centers are over budget YTD?,SUCCESS,37.1,"Ops Mar variance was $4,372,852 vs plan",2026-04-21T13:43:59Z
r44-0002421,amoore@summithealthpartners.com,Board Deck Builder,Forecast Jun operating cash flow,SUCCESS,69.9,"Accounting Jun variance was $1,122,418 vs plan",2026-04-21T11:28:51Z
r44-0002422,jnguyen@summithealthpartners.com,Vendor Spend Analyzer,Explain the headcount variance vs plan,SUCCESS,35.6,"Treasury Apr variance was $1,940,052 vs plan",2026-04-21T11:47:20Z
r44-0002423,amoore@summithealthpartners.com,Headcount Planner,Explain the headcount variance vs plan,SUCCESS,50.8,"FP&A May variance was $820,329 vs plan",2026-04-21T12:43:48Z
r44-0002424,jwilson@summithealthpartners.com,Covenant Checker,Check covenant compliance for the revolver,SUCCESS,38.5,"FP&A Feb variance was $2,423,170 vs plan",2026-04-21T13:44:54Z
r44-0002425,amoore@summithealthpartners.com,AP Aging Analyst,Why did Ops spend exceed budget in Mar?,SUCCESS,13.0,"Ops Mar variance was $3,822,256 vs plan",2026-04-21T15:37:18Z
r44-0002426,pmartin@summithealthpartners.com,Budget vs Actual,Which cost centers are over budget YTD?,SUCCESS,57.2,"Accounting May variance was $1,967,752 vs plan",2026-04-21T20:57:44Z
r44-0002427,pmartin@summithealthpartners.com,Journal Entry Reviewer,Explain the headcount variance vs plan,SUCCESS,42.1,"Ops Apr variance was $2,282,543 vs plan",2026-04-21T09:18:13Z
r44-0002428,mharris@summithealthpartners.com,AP Aging Analyst,Reconcile AP aging over 90 days for EU-06,FAIL,7.8,Traceback (most recent call last): KeyError 'entity',2026-04-21T09:40:00Z
r44-0002429,amoore@summithealthpartners.com,Vendor Spend Analyzer,Reconcile AP aging over 90 days for US-04,SUCCESS,48.5,"FP&A Jan variance was $2,406,896 vs plan",2026-04-21T08:35:23Z
r44-0002430,jwilliams@summithealthpartners.com,Covenant Checker,What drove the change in gross margin this quarter?,SUCCESS,67.9,"FP&A Jan variance was $823,643 vs plan",2026-04-21T15:31:36Z
r44-0002431,jjohnson@summithealthpartners.com,Revenue Recognizer,Summarize the Feb variance for entity EU-08,FAIL,3.2,error code 502 from model gateway,2026-04-21T16:32:33Z
r44-0002432,pmartin@summithealthpartners.com,Headcount Planner,Summarize the Jan variance for entity EU-06,PARTIAL,45.7,"Accounting Jan variance was $2,103,859 vs plan",2026-04-21T17:11:01Z
r44-0002433,mharris@summithealthpartners.com,Board Deck Builder,What drove the change in gross margin this quarter?,PARTIAL,21.2,"Treasury Mar variance was $2,829,228 vs plan",2026-04-21T15:36:34Z
r44-0002434,mlewis@summithealthpartners.com,Journal Entry Reviewer,Which cost centers are over budget YTD?,SUCCESS,52.0,"Accounting Feb variance was $929,465 vs plan",2026-04-21T07:19:47Z
r44-0002435,amoore@summithealthpartners.com,AP Aging Analyst,Why did FP&A spend exceed budget in Jan?,SUCCESS,69.4,"FP&A Jan variance was $3,431,207 vs plan",2026-04-21T16:01:35Z
r44-0002436,jnguyen@summithealthpartners.com,Budget vs Actual,Build the board deck cash slide for Apr,SUCCESS,44.3,"Accounting Apr variance was $2,608,847 vs plan",2026-04-21T08:08:34Z
r44-0002437,mlewis@summithealthpartners.com,Journal Entry Reviewer,Build the board deck cash slide for Mar,SUCCESS,58.2,"Ops Mar variance was $4,037,056 vs plan",2026-04-21T15:21:47Z
r44-0002438,pmartin@summithealthpartners.com,AP Aging Analyst,Which cost centers are over budget YTD?,SUCCESS,3.0,"Accounting Jan variance was $2,425,745 vs plan",2026-04-21T12:21:21Z
r44-0002439,bjones@summithealthpartners.com,AP Aging Analyst,Build the board deck cash slide for Mar,SUCCESS,39.4,"Accounting Mar variance was $4,308,597 vs plan",2026-04-21T15:42:54Z
r44-0002440,pmartin@summithealthpartners.com,Close Checklist Bot,Check covenant compliance for the revolver,SUCCESS,38.2,"FP&A Mar variance was $3,599,755 vs plan",2026-04-21T12:58:47Z
r44-0002441,jnguyen@summithealthpartners.com,Vendor Spend Analyzer,Explain the headcount variance vs plan,SUCCESS,45.6,"Ops Apr variance was $2,351,684 vs plan",2026-04-21T13:34:24Z
r44-0002442,pmartin@summithealthpartners.com,Cash Forecaster,Forecast May operating cash flow,SUCCESS,17.6,"Treasury May variance was $1,029,903 vs plan",2026-04-21T12:48:35Z
r44-0002443,bjones@summithealthpartners.com,Cash Forecaster,Check covenant compliance for the revolver,SUCCESS,37.7,"Treasury May variance was $4,241,579 vs plan",2026-04-21T13:36:59Z
r44-0002444,pmartin@summithealthpartners.com,Revenue Recognizer,Draft flux commentary for the Mar close,SUCCESS,47.3,"Ops Mar variance was $3,079,237 vs plan",2026-04-21T10:49:17Z
r44-0002445,pmartin@summithealthpartners.com,Vendor Spend Analyzer,Why did Accounting spend exceed budget in May?,SUCCESS,46.5,"Accounting May variance was $373,061 vs plan",2026-04-21T15:53:34Z
r44-0002446,pmartin@summithealthpartners.com,Cash Forecaster,Which cost centers are over budget YTD?,PARTIAL,14.0,"FP&A Jun variance was $2,201,971 vs plan",2026-04-21T13:52:42Z
r44-0002447,bjones@summithealthpartners.com,AP Aging Analyst,Which cost centers are over budget YTD?,SUCCESS,70.0,"Ops Jan variance was $2,626,663 vs plan",2026-04-21T15:27:12Z
r44-0002448,jnguyen@summithealthpartners.com,Flux Commentary,Summarize the Feb variance for entity US-06,SUCCESS,51.8,"Ops Feb variance was $1,291,357 vs plan",2026-04-21T10:18:18Z
r44-0002449,pmartin@summithealthpartners.com,Budget vs Actual,Forecast Mar operating cash flow,SUCCESS,15.4,"Ops Mar variance was $3,967,351 vs plan",2026-04-21T12:22:07Z
r44-0002450,jwilson@summithealthpartners.com,Close Checklist Bot,Forecast Jun operating cash flow,SUCCESS,72.7,"Accounting Jun variance was $2,208,822 vs plan",2026-04-21T12:45:32Z
r44-0002451,pmartin@summithealthpartners.com,Headcount Planner,Reconcile AP aging over 90 days for EU-02,SUCCESS,41.0,"FP&A Mar variance was $4,485,130 vs plan",2026-04-21T09:10:23Z
r44-0002452,amoore@summithealthpartners.com,Headcount Planner,Which cost centers are over budget YTD?,SUCCESS,41.8,"Ops May variance was $658,371 vs plan",2026-04-21T18:06:03Z
r44-0002453,jwilliams@summithealthpartners.com,Board Deck Builder,Summarize the Feb variance for entity MX-06,SUCCESS,23.4,"Ops Feb variance was $250,452 vs plan",2026-04-21T10:49:16Z
r44-0002454,pmartin@summithealthpartners.com,Close Checklist Bot,What drove the change in gross margin this quarter?,SUCCESS,14.4,"Treasury May variance was $4,317,881 vs plan",2026-04-21T11:58:11Z
r44-0002455,jlewis@summithealthpartners.com,Variance Explainer,Why did Treasury spend exceed budget in Feb?,SUCCESS,30.9,"Treasury Feb variance was $4,496,760 vs plan",2026-04-21T10:25:54Z
r44-0002456,amoore@summithealthpartners.com,Board Deck Builder,Why did Accounting spend exceed budget in Jan?,SUCCESS,33.4,"Accounting Jan variance was $3,492,985 vs plan",2026-04-21T06:09:51Z
r44-0002457,pmartin@summithealthpartners.com,Board Deck Builder,Explain the headcount variance vs plan,SUCCESS,61.5,"Treasury Apr variance was $4,535,939 vs plan",2026-04-21T16:26:55Z
r44-0002458,jnguyen@summithealthpartners.com,Flux Commentary,Reconcile AP aging over 90 days for MX-09,SUCCESS,69.1,"Ops Apr variance was $1,879,892 vs plan",2026-04-21T13:30:31Z
r44-0002459,bjones@summithealthpartners.com,Board Deck Builder,Why did Ops spend exceed budget in Jan?,PARTIAL,30.7,"Ops Jan variance was $4,166,068 vs plan",2026-04-21T17:00:24Z
r44-0002460,pmartin@summithealthpartners.com,Budget vs Actual,Build the board deck cash slide for Apr,SUCCESS,64.6,"Ops Apr variance was $3,793,181 vs plan",2026-04-21T15:23:32Z
r44-0002461,amoore@summithealthpartners.com,Board Deck Builder,Summarize the Jan variance for entity CA-09,SUCCESS,53.9,"FP&A Jan variance was $2,824,596 vs plan",2026-04-21T13:51:17Z
r44-0002462,jjohnson@summithealthpartners.com,Covenant Checker,Which cost centers are over budget YTD?,SUCCESS,52.7,"Treasury Mar variance was $891,001 vs plan",2026-04-21T08:12:52Z
r44-0002463,sdavis@summithealthpartners.com,Cash Forecaster,Build the board deck cash slide for Mar,SUCCESS,19.1,"FP&A Mar variance was $3,948,148 vs plan",2026-04-21T16:12:04Z
r44-0002464,pmartin@summithealthpartners.com,Covenant Checker,Forecast Jan operating cash flow,SUCCESS,22.6,"Treasury Jan variance was $1,524,436 vs plan",2026-04-21T12:28:14Z
r44-0002465,bjones@summithealthpartners.com,Covenant Checker,Summarize the Mar variance for entity US-02,SUCCESS,36.7,"Accounting Mar variance was $3,774,394 vs plan",2026-04-21T11:12:00Z
r44-0002466,pmartin@summithealthpartners.com,Budget vs Actual,Explain the headcount variance vs plan,SUCCESS,55.9,"Accounting Jan variance was $3,885,883 vs plan",2026-04-21T13:01:48Z
r44-0002467,amoore@summithealthpartners.com,Flux Commentary,Explain the headcount variance vs plan,SUCCESS,7.5,"FP&A Jun variance was $672,911 vs plan",2026-04-21T19:44:22Z
r44-0002468,pmartin@summithealthpartners.com,Revenue Recognizer,Why did Accounting spend exceed budget in Apr?,SUCCESS,54.1,"Accounting Apr variance was $507,245 vs plan",2026-04-21T15:48:04Z
r44-0002469,jjohnson@summithealthpartners.com,Vendor Spend Analyzer,Check covenant compliance for the revolver,SUCCESS,73.4,"FP&A Mar variance was $4,605,795 vs plan",2026-04-21T14:04:11Z
r44-0002470,amoore@summithealthpartners.com,Close Checklist Bot,Check covenant compliance for the revolver,SUCCESS,15.3,"Ops Jun variance was $235,096 vs plan",2026-04-21T15:07:15Z
r44-0002471,jwilliams@summithealthpartners.com,AP Aging Analyst,Why did Accounting spend exceed budget in Jan?,SUCCESS,36.7,"Accounting Jan variance was $2,903,611 vs plan",2026-04-21T12:02:17Z
r44-0002472,pmartin@summithealthpartners.com,Variance Explainer,Why did FP&A spend exceed budget in Jan?,SUCCESS,21.9,"FP&A Jan variance was $1,887,686 vs plan",2026-04-21T14:34:09Z
r44-0002473,jnguyen@summithealthpartners.com,Vendor Spend Analyzer,Explain the headcount variance vs plan,SUCCESS,61.8,"FP&A Jan variance was $1,216,310 vs plan",2026-04-21T13:25:46Z
r44-0002474,pmartin@summithealthpartners.com,Covenant Checker,What drove the change in gross margin this quarter?,SUCCESS,47.0,"Ops Jun variance was $2,332,924 vs plan",2026-04-22T14:03:57Z
r44-0002475,pmartin@summithealthpartners.com,Flux Commentary,Forecast Apr operating cash flow,SUCCESS,39.9,"Treasury Apr variance was $1,750,032 vs plan",2026-04-22T16:12:26Z
r44-0002476,pmartin@summithealthpartners.com,Variance Explainer,Check covenant compliance for the revolver,SUCCESS,15.0,"Accounting Jun variance was $3,115,181 vs plan",2026-04-22T14:37:37Z
r44-0002477,nhaddad@summithealthpartners.com,Journal Entry Reviewer,What drove the change in gross margin this quarter?,SUCCESS,11.6,"Accounting Jun variance was $2,191,363 vs plan",2026-04-22T13:40:28Z
r44-0002478,bjones@summithealthpartners.com,Covenant Checker,Summarize the Mar variance for entity MX-09,SUCCESS,15.9,"Accounting Mar variance was $3,755,352 vs plan",2026-04-22T15:05:10Z
r44-0002479,jwilliams@summithealthpartners.com,Covenant Checker,Draft flux commentary for the May close,SUCCESS,21.0,"Accounting May variance was $2,985,178 vs plan",2026-04-22T10:56:46Z
r44-0002480,pmartin@summithealthpartners.com,Variance Explainer,Build the board deck cash slide for Apr,SUCCESS,13.5,"FP&A Apr variance was $1,258,982 vs plan",2026-04-22T12:54:46Z
r44-0002481,sdavis@summithealthpartners.com,Board Deck Builder,Build the board deck cash slide for Feb,PARTIAL,63.0,"FP&A Feb variance was $997,697 vs plan",2026-04-22T07:11:34Z
r44-0002482,bjones@summithealthpartners.com,Board Deck Builder,Check covenant compliance for the revolver,FAIL,3.9,Traceback (most recent call last): KeyError 'entity',2026-04-22T11:24:32Z
r44-0002483,sdavis@summithealthpartners.com,Vendor Spend Analyzer,Summarize the Mar variance for entity US-05,SUCCESS,13.2,"Ops Mar variance was $230,285 vs plan",2026-04-22T11:50:11Z
r44-0002484,jwilson@summithealthpartners.com,Covenant Checker,Build the board deck cash slide for May,SUCCESS,51.7,"Ops May variance was $1,763,703 vs plan",2026-04-22T13:16:35Z
r44-0002485,jdavis@summithealthpartners.com,Cash Forecaster,Check covenant compliance for the revolver,SUCCESS,72.6,"Ops Apr variance was $155,439 vs plan",2026-04-22T17:55:19Z
r44-0002486,bjones@summithealthpartners.com,Close Checklist Bot,Draft flux commentary for the Feb close,SUCCESS,36.4,"Accounting Feb variance was $2,168,927 vs plan",2026-04-22T13:16:02Z
r44-0002487,pmartin@summithealthpartners.com,Variance Explainer,Check covenant compliance for the revolver,SUCCESS,62.2,"Treasury Jun variance was $4,706,714 vs plan",2026-04-22T15:30:19Z
r44-0002488,prodriguez@summithealthpartners.com,Board Deck Builder,What drove the change in gross margin this quarter?,SUCCESS,44.5,"Accounting Mar variance was $4,307,439 vs plan",2026-04-22T13:31:57Z
r44-0002489,pmartin@summithealthpartners.com,Journal Entry Reviewer,Draft flux commentary for the Mar close,PARTIAL,65.5,"FP&A Mar variance was $2,808,046 vs plan",2026-04-22T12:19:03Z
r44-0002490,pmartin@summithealthpartners.com,Close Checklist Bot,Forecast Feb operating cash flow,SUCCESS,52.4,"Ops Feb variance was $671,334 vs plan",2026-04-22T09:58:30Z
r44-0002491,bjones@summithealthpartners.com,Variance Explainer,Forecast Feb operating cash flow,SUCCESS,25.1,"Accounting Feb variance was $1,514,203 vs plan",2026-04-22T12:43:11Z
r44-0002492,pmartin@summithealthpartners.com,Budget vs Actual,Check covenant compliance for the revolver,SUCCESS,4.8,"Accounting Jan variance was $4,676,410 vs plan",2026-04-22T09:38:13Z
r44-0002493,bjones@summithealthpartners.com,Variance Explainer,Reconcile AP aging over 90 days for US-09,PARTIAL,22.1,"Accounting Jan variance was $3,054,936 vs plan",2026-04-22T11:03:02Z
r44-0002494,amoore@summithealthpartners.com,Budget vs Actual,Draft flux commentary for the Jan close,SUCCESS,47.0,"Treasury Jan variance was $4,052,594 vs plan",2026-04-22T13:23:45Z
r44-0002495,bjones@summithealthpartners.com,AP Aging Analyst,Build the board deck cash slide for Mar,SUCCESS,47.7,"Ops Mar variance was $1,105,818 vs plan",2026-04-22T12:02:19Z
r44-0002496,jnguyen@summithealthpartners.com,Vendor Spend Analyzer,Check covenant compliance for the revolver,SUCCESS,51.7,"Ops Jan variance was $3,705,358 vs plan",2026-04-22T16:09:41Z
r44-0002497,pmartin@summithealthpartners.com,AP Aging Analyst,Reconcile AP aging over 90 days for MX-04,SUCCESS,43.4,"Accounting May variance was $2,536,429 vs plan",2026-04-22T06:00:25Z
r44-0002498,pmartin@summithealthpartners.com,Budget vs Actual,Which cost centers are over budget YTD?,SUCCESS,12.1,"FP&A Mar variance was $4,492,136 vs plan",2026-04-22T07:25:38Z
r44-0002499,jjohnson@summithealthpartners.com,Revenue Recognizer,Explain the headcount variance vs plan,PARTIAL,49.5,"FP&A Jan variance was $3,706,948 vs plan",2026-04-22T09:08:57Z
r44-0002500,sdavis@summithealthpartners.com,Flux Commentary,Check covenant compliance for the revolver,SUCCESS,1.1,FAILED: null reference in aggregation step,2026-04-22T15:13:30Z
r44-0002501,amoore@summithealthpartners.com,Board Deck Builder,Build the board deck cash slide for Jan,SUCCESS,14.3,"Accounting Jan variance was $2,785,971 vs plan",2026-04-22T12:40:22Z
r44-0002502,pmartin@summithealthpartners.com,AP Aging Analyst,Explain the headcount variance vs plan,SUCCESS,60.3,"Accounting Jan variance was $4,371,732 vs plan",2026-04-22T12:13:43Z
r44-0002503,pmartin@summithealthpartners.com,Close Checklist Bot,Why did FP&A spend exceed budget in May?,SUCCESS,68.9,"FP&A May variance was $3,916,118 vs plan",2026-04-22T09:47:27Z
r44-0002504,pmartin@summithealthpartners.com,Headcount Planner,Check covenant compliance for the revolver,SUCCESS,63.6,"Treasury Jan variance was $942,081 vs plan",2026-04-22T14:30:09Z
r44-0002505,amoore@summithealthpartners.com,Variance Explainer,What drove the change in gross margin this quarter?,PARTIAL,47.8,"Treasury Jan variance was $1,088,151 vs plan",2026-04-22T17:47:16Z
r44-0002506,bjones@summithealthpartners.com,Vendor Spend Analyzer,Build the board deck cash slide for Feb,SUCCESS,3.9,"FP&A Feb variance was $1,886,667 vs plan",2026-04-22T16:27:40Z
r44-0002507,pmartin@summithealthpartners.com,Cash Forecaster,Why did Treasury spend exceed budget in Jun?,PARTIAL,7.8,"Treasury Jun variance was $2,092,750 vs plan",2026-04-22T16:41:51Z
r44-0002508,jjohnson@summithealthpartners.com,Board Deck Builder,Build the board deck cash slide for Jan,SUCCESS,65.5,"Ops Jan variance was $3,391,942 vs plan",2026-04-22T06:36:15Z
r44-0002509,nhaddad@summithealthpartners.com,Journal Entry Reviewer,Draft flux commentary for the May close,SUCCESS,17.3,"Treasury May variance was $1,973,617 vs plan",2026-04-22T13:52:01Z
r44-0002510,amoore@summithealthpartners.com,Journal Entry Reviewer,Forecast May operating cash flow,SUCCESS,27.8,"Treasury May variance was $4,461,796 vs plan",2026-04-22T11:46:48Z
r44-0002511,jnguyen@summithealthpartners.com,Headcount Planner,Draft flux commentary for the Jun close,SUCCESS,0.7,Traceback (most recent call last): KeyError 'entity',2026-04-22T17:04:54Z
r44-0002512,jjohnson@summithealthpartners.com,Flux Commentary,Which cost centers are over budget YTD?,SUCCESS,4.2,"Ops Feb variance was $1,211,409 vs plan",2026-04-22T10:51:13Z
r44-0002513,pmartin@summithealthpartners.com,Flux Commentary,Forecast Feb operating cash flow,PARTIAL,8.6,"Treasury Feb variance was $4,066,328 vs plan",2026-04-22T11:30:37Z
r44-0002514,prodriguez@summithealthpartners.com,Cash Forecaster,Summarize the Feb variance for entity EU-03,SUCCESS,74.9,"FP&A Feb variance was $4,470,742 vs plan",2026-04-22T07:24:05Z
r44-0002515,amoore@summithealthpartners.com,Revenue Recognizer,Draft flux commentary for the Mar close,SUCCESS,39.1,"FP&A Mar variance was $959,037 vs plan",2026-04-22T07:58:35Z
r44-0002516,bjones@summithealthpartners.com,Journal Entry Reviewer,What drove the change in gross margin this quarter?,SUCCESS,31.2,"Ops Jun variance was $3,536,044 vs plan",2026-04-22T13:21:44Z
r44-0002517,bjones@summithealthpartners.com,Close Checklist Bot,Check covenant compliance for the revolver,SUCCESS,52.2,"Treasury May variance was $3,766,203 vs plan",2026-04-22T14:42:17Z
r44-0002518,amoore@summithealthpartners.com,Board Deck Builder,Draft flux commentary for the Apr close,SUCCESS,44.4,"FP&A Apr variance was $297,762 vs plan",2026-04-22T13:07:50Z
r44-0002519,amoore@summithealthpartners.com,Close Checklist Bot,Reconcile AP aging over 90 days for MX-01,SUCCESS,25.1,"Accounting Jan variance was $4,481,009 vs plan",2026-04-22T09:05:50Z
r44-0002520,jjohnson@summithealthpartners.com,Vendor Spend Analyzer,Reconcile AP aging over 90 days for US-04,SUCCESS,71.7,"Treasury May variance was $4,239,319 vs plan",2026-04-22T12:03:09Z
r44-0002521,pmartin@summithealthpartners.com,Budget vs Actual,Why did Ops spend exceed budget in Apr?,SUCCESS,12.7,"Ops Apr variance was $2,919,980 vs plan",2026-04-22T12:18:13Z
r44-0002522,amoore@summithealthpartners.com,Variance Explainer,Which cost centers are over budget YTD?,SUCCESS,27.4,"FP&A Jan variance was $3,465,187 vs plan",2026-04-23T10:42:32Z
r44-0002523,jlewis@summithealthpartners.com,Flux Commentary,Why did Treasury spend exceed budget in Jan?,SUCCESS,58.0,"Treasury Jan variance was $4,062,791 vs plan",2026-04-23T16:08:54Z
r44-0002524,pmartin@summithealthpartners.com,AP Aging Analyst,Build the board deck cash slide for Jan,SUCCESS,30.8,"FP&A Jan variance was $4,385,411 vs plan",2026-04-23T13:42:38Z
r44-0002525,bjones@summithealthpartners.com,Vendor Spend Analyzer,Forecast Jun operating cash flow,SUCCESS,0.5,FAILED: null reference in aggregation step,2026-04-23T09:12:14Z
r44-0002526,jlewis@summithealthpartners.com,Close Checklist Bot,Draft flux commentary for the Feb close,SUCCESS,4.9,"Treasury Feb variance was $4,042,634 vs plan",2026-04-23T07:30:28Z
r44-0002527,pmartin@summithealthpartners.com,AP Aging Analyst,Explain the headcount variance vs plan,SUCCESS,10.1,"Ops Mar variance was $3,856,763 vs plan",2026-04-23T14:52:07Z
r44-0002528,pmartin@summithealthpartners.com,Budget vs Actual,Build the board deck cash slide for May,SUCCESS,20.5,"Accounting May variance was $906,766 vs plan",2026-04-23T14:34:08Z
r44-0002529,pmartin@summithealthpartners.com,Variance Explainer,Check covenant compliance for the revolver,SUCCESS,34.7,"Treasury Feb variance was $4,733,564 vs plan",2026-04-23T15:18:05Z
r44-0002530,amoore@summithealthpartners.com,Vendor Spend Analyzer,Draft flux commentary for the Apr close,SUCCESS,21.2,"FP&A Apr variance was $1,781,928 vs plan",2026-04-23T17:46:52Z
r44-0002531,pmartin@summithealthpartners.com,Journal Entry Reviewer,Forecast Jun operating cash flow,SUCCESS,24.5,"Treasury Jun variance was $62,482 vs plan",2026-04-23T15:17:32Z
r44-0002532,pmartin@summithealthpartners.com,Vendor Spend Analyzer,Check covenant compliance for the revolver,SUCCESS,44.8,"FP&A Jan variance was $1,969,350 vs plan",2026-04-23T16:16:57Z
r44-0002533,pmartin@summithealthpartners.com,Vendor Spend Analyzer,Forecast Apr operating cash flow,SUCCESS,0.9,error: connection reset by peer,2026-04-23T09:55:14Z
r44-0002534,pmartin@summithealthpartners.com,Variance Explainer,Forecast Feb operating cash flow,SUCCESS,45.5,"FP&A Feb variance was $1,072,673 vs plan",2026-04-23T14:51:05Z
r44-0002535,pmartin@summithealthpartners.com,Flux Commentary,Which cost centers are over budget YTD?,SUCCESS,3.1,"FP&A May variance was $461,039 vs plan",2026-04-23T12:49:10Z
r44-0002536,bjones@summithealthpartners.com,Headcount Planner,Check covenant compliance for the revolver,SUCCESS,50.0,"Treasury Apr variance was $1,165,884 vs plan",2026-04-23T12:16:29Z
r44-0002537,pmartin@summithealthpartners.com,Cash Forecaster,Check covenant compliance for the revolver,SUCCESS,71.3,"Treasury Mar variance was $1,559,095 vs plan",2026-04-23T13:32:42Z
r44-0002538,amoore@summithealthpartners.com,Budget vs Actual,Draft flux commentary for the Jan close,SUCCESS,53.4,"FP&A Jan variance was $2,142,681 vs plan",2026-04-23T13:39:32Z
r44-0002539,pmartin@summithealthpartners.com,Revenue Recognizer,Which cost centers are over budget YTD?,SUCCESS,61.7,"Treasury Jan variance was $2,513,612 vs plan",2026-04-23T16:05:35Z
r44-0002540,jwilson@summithealthpartners.com,Headcount Planner,What drove the change in gross margin this quarter?,SUCCESS,12.4,"Accounting Jan variance was $401,037 vs plan",2026-04-23T12:01:21Z
r44-0002541,jdavis@summithealthpartners.com,Revenue Recognizer,Explain the headcount variance vs plan,SUCCESS,70.5,"Ops Jan variance was $2,027,159 vs plan",2026-04-23T11:33:29Z
r44-0002542,jnguyen@summithealthpartners.com,Revenue Recognizer,Check covenant compliance for the revolver,SUCCESS,50.3,"Ops May variance was $3,401,488 vs plan",2026-04-23T16:46:01Z
r44-0002543,pmartin@summithealthpartners.com,Board Deck Builder,Draft flux commentary for the Jan close,SUCCESS,43.2,"Ops Jan variance was $3,525,147 vs plan",2026-04-23T15:33:40Z
r44-0002544,bjones@summithealthpartners.com,AP Aging Analyst,Why did FP&A spend exceed budget in Jun?,SUCCESS,4.9,"FP&A Jun variance was $4,589,733 vs plan",2026-04-23T11:45:51Z
r44-0002545,sdavis@summithealthpartners.com,Cash Forecaster,Summarize the Feb variance for entity EU-06,SUCCESS,61.5,"Accounting Feb variance was $190,662 vs plan",2026-04-23T11:05:10Z
r44-0002546,amoore@summithealthpartners.com,Covenant Checker,Check covenant compliance for the revolver,SUCCESS,39.7,"Accounting Jan variance was $4,750,175 vs plan",2026-04-23T09:31:25Z
r44-0002547,mlewis@summithealthpartners.com,Cash Forecaster,Build the board deck cash slide for Apr,SUCCESS,58.8,"Accounting Apr variance was $1,994,422 vs plan",2026-04-23T11:12:01Z
r44-0002548,mharris@summithealthpartners.com,AP Aging Analyst,Why did Ops spend exceed budget in Jan?,SUCCESS,34.7,"Ops Jan variance was $1,585,216 vs plan",2026-04-23T13:08:06Z
r44-0002549,prodriguez@summithealthpartners.com,Variance Explainer,Forecast Feb operating cash flow,SUCCESS,39.3,"Accounting Feb variance was $2,601,094 vs plan",2026-04-23T11:59:25Z
r44-0002550,pmartin@summithealthpartners.com,Revenue Recognizer,Reconcile AP aging over 90 days for EU-04,FAIL,7.0,Traceback (most recent call last): KeyError 'entity',2026-04-23T10:07:18Z
r44-0002551,amoore@summithealthpartners.com,Revenue Recognizer,Why did Accounting spend exceed budget in Jan?,SUCCESS,17.9,"Accounting Jan variance was $486,507 vs plan",2026-04-23T14:32:43Z
r44-0002552,dlopez2@summithealthpartners.com,Budget vs Actual,Explain the headcount variance vs plan,SUCCESS,42.7,"Ops May variance was $2,258,907 vs plan",2026-04-23T12:38:54Z
r44-0002553,sbrown@summithealthpartners.com,AP Aging Analyst,Forecast Feb operating cash flow,FAIL,3.3,error: connection reset by peer,2026-04-23T12:57:52Z
r44-0002554,pmartin@summithealthpartners.com,Close Checklist Bot,Why did FP&A spend exceed budget in May?,SUCCESS,25.9,"FP&A May variance was $696,443 vs plan",2026-04-23T13:29:06Z
r44-0002555,jnguyen@summithealthpartners.com,Close Checklist Bot,Why did FP&A spend exceed budget in Apr?,SUCCESS,6.2,"FP&A Apr variance was $3,920,720 vs plan",2026-04-23T14:36:23Z
r44-0002556,amoore@summithealthpartners.com,Revenue Recognizer,Draft flux commentary for the Jun close,SUCCESS,61.3,"Ops Jun variance was $1,298,819 vs plan",2026-04-23T15:04:58Z
r44-0002557,kperez@summithealthpartners.com,Budget vs Actual,Forecast Mar operating cash flow,SUCCESS,1.7,error: connection reset by peer,2026-04-23T16:48:46Z
r44-0002558,jwilliams@summithealthpartners.com,Headcount Planner,Summarize the Jan variance for entity US-06,FAIL,3.7,ERROR: upstream request timed out,2026-04-23T11:14:50Z
r44-0002559,jwilliams@summithealthpartners.com,AP Aging Analyst,What drove the change in gross margin this quarter?,SUCCESS,56.2,"Treasury May variance was $266,261 vs plan",2026-04-23T12:19:46Z
r44-0002560,nhaddad@summithealthpartners.com,Close Checklist Bot,Draft flux commentary for the Mar close,SUCCESS,66.7,"Treasury Mar variance was $3,524,956 vs plan",2026-04-23T14:27:02Z
r44-0002561,amoore@summithealthpartners.com,Journal Entry Reviewer,What drove the change in gross margin this quarter?,PARTIAL,62.7,"Accounting Jan variance was $3,907,651 vs plan",2026-04-23T15:41:36Z
r44-0002562,prodriguez@summithealthpartners.com,Headcount Planner,Check covenant compliance for the revolver,SUCCESS,61.9,"Ops Jan variance was $2,945,673 vs plan",2026-04-23T16:22:35Z
r44-0002563,pmartin@summithealthpartners.com,Vendor Spend Analyzer,Reconcile AP aging over 90 days for US-04,SUCCESS,53.2,"FP&A May variance was $1,835,891 vs plan",2026-04-23T19:14:49Z
r44-0002564,sbrown@summithealthpartners.com,Journal Entry Reviewer,Forecast Apr operating cash flow,SUCCESS,39.5,"FP&A Apr variance was $3,955,225 vs plan",2026-04-23T10:31:30Z
r44-0002565,amoore@summithealthpartners.com,Headcount Planner,What drove the change in gross margin this quarter?,PARTIAL,9.6,"Treasury Feb variance was $208,947 vs plan",2026-04-23T10:49:44Z
r44-0002566,pmartin@summithealthpartners.com,Flux Commentary,Reconcile AP aging over 90 days for EU-08,SUCCESS,48.0,"Accounting Apr variance was $1,757,702 vs plan",2026-04-23T14:19:10Z
r44-0002567,jnguyen@summithealthpartners.com,Headcount Planner,Draft flux commentary for the May close,SUCCESS,20.0,"Accounting May variance was $3,454,798 vs plan",2026-04-23T18:20:57Z
r44-0002568,sbrown@summithealthpartners.com,Revenue Recognizer,Build the board deck cash slide for Apr,SUCCESS,31.3,"Accounting Apr variance was $2,464,076 vs plan",2026-04-23T06:18:11Z
r44-0002569,sdavis@summithealthpartners.com,Budget vs Actual,Forecast May operating cash flow,PARTIAL,18.5,"Accounting May variance was $2,140,720 vs plan",2026-04-23T13:27:25Z
r44-0002570,pmartin@summithealthpartners.com,Covenant Checker,Draft flux commentary for the Jun close,SUCCESS,19.5,"Treasury Jun variance was $505,463 vs plan",2026-04-23T06:10:35Z
r44-0002571,mlewis@summithealthpartners.com,Journal Entry Reviewer,Explain the headcount variance vs plan,SUCCESS,0.6,error code 502 from model gateway,2026-04-23T14:48:43Z
r44-0002572,jnguyen@summithealthpartners.com,Cash Forecaster,Forecast Apr operating cash flow,SUCCESS,9.4,"Treasury Apr variance was $2,002,875 vs plan",2026-04-23T11:24:06Z
r44-0002573,mlewis@summithealthpartners.com,Vendor Spend Analyzer,Forecast Apr operating cash flow,SUCCESS,44.2,"FP&A Apr variance was $3,034,652 vs plan",2026-04-23T12:29:33Z
r44-0002574,prodriguez@summithealthpartners.com,Budget vs Actual,Explain the headcount variance vs plan,PARTIAL,65.5,"Accounting Apr variance was $4,761,079 vs plan",2026-04-23T17:02:24Z
r44-0002575,pmartin@summithealthpartners.com,Covenant Checker,Forecast Jun operating cash flow,SUCCESS,12.4,"Accounting Jun variance was $2,787,243 vs plan",2026-04-23T11:17:34Z
r44-0002576,mlewis@summithealthpartners.com,Revenue Recognizer,Summarize the May variance for entity US-07,SUCCESS,52.5,"Accounting May variance was $2,909,440 vs plan",2026-04-23T08:50:46Z
r44-0002577,prodriguez@summithealthpartners.com,Variance Explainer,Summarize the May variance for entity EU-06,SUCCESS,18.1,"FP&A May variance was $76,104 vs plan",2026-04-23T18:03:25Z
r44-0002578,pmartin@summithealthpartners.com,Variance Explainer,Draft flux commentary for the Mar close,SUCCESS,50.0,"Accounting Mar variance was $1,232,201 vs plan",2026-04-23T13:36:17Z
r44-0002579,amoore@summithealthpartners.com,Variance Explainer,Forecast Feb operating cash flow,SUCCESS,1.6,error code 502 from model gateway,2026-04-24T11:18:02Z
r44-0002580,pmartin@summithealthpartners.com,Variance Explainer,Build the board deck cash slide for Jan,PARTIAL,8.2,"Treasury Jan variance was $4,089,285 vs plan",2026-04-24T18:13:58Z
r44-0002581,jdavis@summithealthpartners.com,Headcount Planner,What drove the change in gross margin this quarter?,PARTIAL,45.5,"Ops Mar variance was $3,209,558 vs plan",2026-04-24T13:16:18Z
r44-0002582,sbrown@summithealthpartners.com,Journal Entry Reviewer,Why did Treasury spend exceed budget in Apr?,SUCCESS,5.0,"Treasury Apr variance was $3,013,570 vs plan",2026-04-24T08:33:36Z
r44-0002583,jdavis@summithealthpartners.com,Headcount Planner,Why did Accounting spend exceed budget in Apr?,SUCCESS,0.6,FAILED: null reference in aggregation step,2026-04-24T11:10:27Z
r44-0002584,amoore@summithealthpartners.com,Covenant Checker,Build the board deck cash slide for Jun,SUCCESS,55.6,"Treasury Jun variance was $2,330,771 vs plan",2026-04-24T15:52:14Z
r44-0002585,mlewis@summithealthpartners.com,Revenue Recognizer,Reconcile AP aging over 90 days for US-01,SUCCESS,53.4,"Treasury Jan variance was $3,151,504 vs plan",2026-04-24T17:16:11Z
r44-0002586,amoore@summithealthpartners.com,Vendor Spend Analyzer,Check covenant compliance for the revolver,SUCCESS,54.7,"Ops Apr variance was $2,007,827 vs plan",2026-04-24T12:23:04Z
r44-0002587,pmartin@summithealthpartners.com,Close Checklist Bot,Explain the headcount variance vs plan,SUCCESS,15.0,"Treasury Feb variance was $988,329 vs plan",2026-04-24T15:55:32Z
r44-0002588,pmartin@summithealthpartners.com,Variance Explainer,Why did Accounting spend exceed budget in Mar?,SUCCESS,48.5,"Accounting Mar variance was $604,603 vs plan",2026-04-24T13:56:30Z
r44-0002589,bjones@summithealthpartners.com,Vendor Spend Analyzer,Build the board deck cash slide for Jan,SUCCESS,58.9,"Ops Jan variance was $1,174,554 vs plan",2026-04-24T11:39:57Z
r44-0002590,nhaddad@summithealthpartners.com,Journal Entry Reviewer,Reconcile AP aging over 90 days for MX-03,SUCCESS,13.3,"FP&A Jan variance was $1,373,055 vs plan",2026-04-24T15:38:39Z
r44-0002591,jwilliams@summithealthpartners.com,Close Checklist Bot,Reconcile AP aging over 90 days for EU-09,SUCCESS,67.0,"Accounting Jan variance was $4,408,624 vs plan",2026-04-24T14:56:37Z
r44-0002592,pmartin@summithealthpartners.com,Vendor Spend Analyzer,Build the board deck cash slide for Mar,FAIL,3.7,Traceback (most recent call last): KeyError 'entity',2026-04-24T11:18:31Z
r44-0002593,bjones@summithealthpartners.com,Close Checklist Bot,Check covenant compliance for the revolver,PARTIAL,7.2,"Ops Feb variance was $103,007 vs plan",2026-04-24T13:34:52Z
r44-0002594,jjohnson@summithealthpartners.com,Board Deck Builder,Explain the headcount variance vs plan,SUCCESS,61.1,"Ops Jun variance was $2,065,717 vs plan",2026-04-24T11:55:14Z
r44-0002595,pmartin@summithealthpartners.com,Vendor Spend Analyzer,Check covenant compliance for the revolver,SUCCESS,10.9,"Treasury May variance was $3,648,742 vs plan",2026-04-24T12:18:02Z
r44-0002596,pmartin@summithealthpartners.com,Variance Explainer,Which cost centers are over budget YTD?,SUCCESS,0.6,Traceback (most recent call last): KeyError 'entity',2026-04-24T08:10:28Z
r44-0002597,jjohnson@summithealthpartners.com,Flux Commentary,Draft flux commentary for the Feb close,PARTIAL,62.3,"FP&A Feb variance was $837,019 vs plan",2026-04-24T12:46:37Z
r44-0002598,mlewis@summithealthpartners.com,Covenant Checker,Check covenant compliance for the revolver,SUCCESS,31.2,"FP&A Apr variance was $504,239 vs plan",2026-04-24T12:07:36Z
r44-0002599,nhaddad@summithealthpartners.com,Close Checklist Bot,Forecast May operating cash flow,FAIL,6.7,error code 502 from model gateway,2026-04-24T11:19:33Z
r44-0002600,amoore@summithealthpartners.com,Vendor Spend Analyzer,Reconcile AP aging over 90 days for US-03,SUCCESS,43.4,"FP&A May variance was $2,219,886 vs plan",2026-04-24T12:33:21Z
r44-0002601,pmartin@summithealthpartners.com,Flux Commentary,Check covenant compliance for the revolver,SUCCESS,18.7,"FP&A Feb variance was $2,808,354 vs plan",2026-04-24T15:05:11Z
r44-0002602,jwilliams@summithealthpartners.com,Headcount Planner,Explain the headcount variance vs plan,SUCCESS,69.3,"FP&A Apr variance was $2,833,824 vs plan",2026-04-24T13:19:20Z
r44-0002603,jnguyen@summithealthpartners.com,Close Checklist Bot,Why did FP&A spend exceed budget in Apr?,SUCCESS,54.5,"FP&A Apr variance was $4,134,581 vs plan",2026-04-24T16:09:45Z
r44-0002604,pmartin@summithealthpartners.com,Vendor Spend Analyzer,Explain the headcount variance vs plan,SUCCESS,70.9,"Treasury Jun variance was $471,827 vs plan",2026-04-24T12:25:45Z
r44-0002605,amoore@summithealthpartners.com,Journal Entry Reviewer,Summarize the Apr variance for entity MX-08,SUCCESS,61.2,"FP&A Apr variance was $3,353,863 vs plan",2026-04-24T16:11:46Z
r44-0002606,amoore@summithealthpartners.com,Covenant Checker,What drove the change in gross margin this quarter?,SUCCESS,71.6,"Treasury Feb variance was $4,698,300 vs plan",2026-04-24T13:25:07Z
r44-0002607,amoore@summithealthpartners.com,Revenue Recognizer,Forecast Mar operating cash flow,SUCCESS,16.4,"Accounting Mar variance was $4,170,738 vs plan",2026-04-24T11:48:51Z
r44-0002608,jlewis@summithealthpartners.com,Headcount Planner,Check covenant compliance for the revolver,SUCCESS,0.8,FAILED: null reference in aggregation step,2026-04-24T11:54:49Z
r44-0002609,amoore@summithealthpartners.com,Board Deck Builder,Check covenant compliance for the revolver,SUCCESS,22.4,"Ops Jan variance was $4,321,870 vs plan",2026-04-24T14:00:04Z
r44-0002610,jnguyen@summithealthpartners.com,Flux Commentary,Build the board deck cash slide for May,SUCCESS,18.7,"Treasury May variance was $400,683 vs plan",2026-04-24T11:16:17Z
r44-0002611,bjones@summithealthpartners.com,Covenant Checker,What drove the change in gross margin this quarter?,SUCCESS,68.8,"Accounting Apr variance was $2,518,038 vs plan",2026-04-24T13:59:58Z
r44-0002612,pmartin@summithealthpartners.com,AP Aging Analyst,Explain the headcount variance vs plan,SUCCESS,44.6,"Treasury May variance was $3,169,269 vs plan",2026-04-24T13:45:35Z
r44-0002613,bjones@summithealthpartners.com,Close Checklist Bot,Build the board deck cash slide for Feb,SUCCESS,4.7,"Accounting Feb variance was $4,002,319 vs plan",2026-04-24T16:54:42Z
r44-0002614,pmartin@summithealthpartners.com,AP Aging Analyst,Draft flux commentary for the Jan close,SUCCESS,67.9,"Accounting Jan variance was $2,706,457 vs plan",2026-04-24T14:17:45Z
r44-0002615,bjones@summithealthpartners.com,Budget vs Actual,Build the board deck cash slide for Apr,SUCCESS,1.7,ERROR: upstream request timed out,2026-04-25T09:13:33Z
r44-0002616,pmartin@summithealthpartners.com,Journal Entry Reviewer,Summarize the Jun variance for entity CA-04,SUCCESS,49.3,"FP&A Jun variance was $830,492 vs plan",2026-04-25T13:49:56Z
r44-0002617,pmartin@summithealthpartners.com,Vendor Spend Analyzer,What drove the change in gross margin this quarter?,SUCCESS,57.2,"Treasury Apr variance was $3,401,046 vs plan",2026-04-25T15:04:34Z
r44-0002618,pmartin@summithealthpartners.com,Close Checklist Bot,Which cost centers are over budget YTD?,SUCCESS,19.0,"Treasury Feb variance was $3,880,460 vs plan",2026-04-25T15:58:34Z
r44-0002619,jjohnson@summithealthpartners.com,Vendor Spend Analyzer,Summarize the Mar variance for entity US-07,SUCCESS,34.5,"Ops Mar variance was $2,247,957 vs plan",2026-04-25T11:43:42Z
r44-0002620,amoore@summithealthpartners.com,Vendor Spend Analyzer,Why did Ops spend exceed budget in May?,SUCCESS,45.7,"Ops May variance was $2,265,139 vs plan",2026-04-25T15:20:25Z
r44-0002621,pmartin@summithealthpartners.com,Headcount Planner,Explain the headcount variance vs plan,SUCCESS,47.8,"Treasury Jan variance was $962,502 vs plan",2026-04-25T10:33:21Z
r44-0002622,pmartin@summithealthpartners.com,Cash Forecaster,Build the board deck cash slide for May,SUCCESS,34.8,"Treasury May variance was $169,870 vs plan",2026-04-25T09:27:19Z
r44-0002623,amoore@summithealthpartners.com,AP Aging Analyst,Why did Treasury spend exceed budget in Apr?,SUCCESS,72.2,"Treasury Apr variance was $4,062,724 vs plan",2026-04-25T13:32:11Z
r44-0002624,pmartin@summithealthpartners.com,Revenue Recognizer,Why did FP&A spend exceed budget in Feb?,FAIL,1.7,FAILED: null reference in aggregation step,2026-04-25T15:06:06Z
r44-0002625,amoore@summithealthpartners.com,Flux Commentary,Which cost centers are over budget YTD?,SUCCESS,0.4,ERROR: upstream request timed out,2026-04-25T15:55:18Z
r44-0002626,amoore@summithealthpartners.com,Vendor Spend Analyzer,Draft flux commentary for the Apr close,SUCCESS,68.5,"Ops Apr variance was $2,963,754 vs plan",2026-04-25T13:57:33Z
r44-0002627,jnguyen@summithealthpartners.com,Budget vs Actual,Summarize the Feb variance for entity MX-02,SUCCESS,16.0,"Ops Feb variance was $3,824,825 vs plan",2026-04-25T13:50:39Z
r44-0002628,mlewis@summithealthpartners.com,Journal Entry Reviewer,What drove the change in gross margin this quarter?,SUCCESS,26.8,"Treasury Mar variance was $2,587,272 vs plan",2026-04-25T13:16:15Z
r44-0002629,bjones@summithealthpartners.com,Journal Entry Reviewer,What drove the change in gross margin this quarter?,SUCCESS,69.3,"Ops Mar variance was $2,658,175 vs plan",2026-04-26T14:29:06Z
r44-0002630,kperez@summithealthpartners.com,Revenue Recognizer,Reconcile AP aging over 90 days for MX-07,SUCCESS,18.9,"Accounting May variance was $970,292 vs plan",2026-04-26T19:48:13Z
r44-0002631,pmartin@summithealthpartners.com,Flux Commentary,Explain the headcount variance vs plan,SUCCESS,55.2,"FP&A Apr variance was $2,073,129 vs plan",2026-04-26T13:11:38Z
r44-0002632,amoore@summithealthpartners.com,Board Deck Builder,Forecast Jan operating cash flow,SUCCESS,26.1,"Ops Jan variance was $2,414,365 vs plan",2026-04-26T14:12:52Z
r44-0002633,bjones@summithealthpartners.com,Revenue Recognizer,Build the board deck cash slide for Jun,SUCCESS,27.5,"Accounting Jun variance was $3,268,513 vs plan",2026-04-26T13:02:25Z
r44-0002634,pmartin@summithealthpartners.com,Budget vs Actual,Draft flux commentary for the Apr close,PARTIAL,29.7,"Accounting Apr variance was $98,417 vs plan",2026-04-26T13:41:39Z
r44-0002635,prodriguez@summithealthpartners.com,Budget vs Actual,What drove the change in gross margin this quarter?,SUCCESS,1.1,error code 502 from model gateway,2026-04-26T15:39:46Z
r44-0002636,nnguyen@summithealthpartners.com,Budget vs Actual,What drove the change in gross margin this quarter?,SUCCESS,24.6,"Ops Jan variance was $2,505,781 vs plan",2026-04-26T07:37:40Z
r44-0002637,jdavis@summithealthpartners.com,Vendor Spend Analyzer,Forecast Feb operating cash flow,SUCCESS,9.8,"Treasury Feb variance was $1,410,770 vs plan",2026-04-26T09:19:16Z
r44-0002638,pmartin@summithealthpartners.com,Covenant Checker,Summarize the Jun variance for entity US-02,PARTIAL,27.8,"Accounting Jun variance was $1,694,628 vs plan",2026-04-26T15:58:00Z
r44-0002639,pmartin@summithealthpartners.com,Headcount Planner,Draft flux commentary for the Mar close,SUCCESS,39.5,"Ops Mar variance was $205,602 vs plan",2026-04-26T19:23:13Z
r44-0002640,amoore@summithealthpartners.com,Flux Commentary,Which cost centers are over budget YTD?,SUCCESS,53.5,"Accounting Jan variance was $3,417,023 vs plan",2026-04-26T11:10:30Z
r44-0002641,bjones@summithealthpartners.com,AP Aging Analyst,Forecast Feb operating cash flow,SUCCESS,17.2,"Accounting Feb variance was $4,315,465 vs plan",2026-04-26T13:48:17Z
r44-0002642,pmartin@summithealthpartners.com,Variance Explainer,Check covenant compliance for the revolver,SUCCESS,71.0,"FP&A Feb variance was $2,528,583 vs plan",2026-04-26T12:13:35Z
r44-0002643,bjones@summithealthpartners.com,Vendor Spend Analyzer,Check covenant compliance for the revolver,SUCCESS,10.0,"FP&A Jan variance was $1,260,201 vs plan",2026-04-26T07:06:22Z
r44-0002644,pmartin@summithealthpartners.com,Variance Explainer,Explain the headcount variance vs plan,SUCCESS,53.4,"Accounting Feb variance was $1,390,296 vs plan",2026-04-26T11:15:07Z
r44-0002645,mlewis@summithealthpartners.com,Headcount Planner,What drove the change in gross margin this quarter?,SUCCESS,56.1,"FP&A May variance was $1,369,821 vs plan",2026-04-26T15:02:55Z
r44-0002646,pmartin@summithealthpartners.com,AP Aging Analyst,What drove the change in gross margin this quarter?,SUCCESS,8.0,"FP&A Apr variance was $196,085 vs plan",2026-04-26T10:23:59Z
r44-0002647,pmartin@summithealthpartners.com,Variance Explainer,Check covenant compliance for the revolver,SUCCESS,34.2,"Accounting May variance was $1,800,410 vs plan",2026-04-26T15:27:55Z
r44-0002648,prodriguez@summithealthpartners.com,Headcount Planner,Forecast Feb operating cash flow,SUCCESS,24.8,"Ops Feb variance was $3,628,868 vs plan",2026-04-26T15:08:45Z
r44-0002649,bjones@summithealthpartners.com,Vendor Spend Analyzer,Which cost centers are over budget YTD?,SUCCESS,47.3,"Treasury Feb variance was $2,390,793 vs plan",2026-04-26T12:06:36Z
r44-0002650,jjohnson@summithealthpartners.com,Flux Commentary,Which cost centers are over budget YTD?,SUCCESS,33.9,"FP&A Feb variance was $4,766,579 vs plan",2026-04-26T14:19:04Z
r44-0002651,bjones@summithealthpartners.com,Journal Entry Reviewer,Summarize the Jun variance for entity EU-04,SUCCESS,44.1,"FP&A Jun variance was $4,038,981 vs plan",2026-04-26T12:55:14Z
r44-0002652,bjones@summithealthpartners.com,AP Aging Analyst,Explain the headcount variance vs plan,SUCCESS,13.5,"Accounting Apr variance was $1,704,284 vs plan",2026-04-27T13:44:37Z
r44-0002653,amoore@summithealthpartners.com,Vendor Spend Analyzer,What drove the change in gross margin this quarter?,FAIL,7.3,error: connection reset by peer,2026-04-27T17:13:48Z
r44-0002654,amoore@summithealthpartners.com,Flux Commentary,Check covenant compliance for the revolver,SUCCESS,47.8,"FP&A Apr variance was $4,654,541 vs plan",2026-04-27T17:30:36Z
r44-0002655,nnguyen@summithealthpartners.com,Cash Forecaster,Build the board deck cash slide for Mar,SUCCESS,33.7,"FP&A Mar variance was $1,395,061 vs plan",2026-04-27T11:46:59Z
r44-0002656,jwilson@summithealthpartners.com,Covenant Checker,Summarize the Feb variance for entity CA-03,SUCCESS,49.9,"Accounting Feb variance was $804,309 vs plan",2026-04-27T08:28:18Z
r44-0002657,pmartin@summithealthpartners.com,Vendor Spend Analyzer,Build the board deck cash slide for May,SUCCESS,50.7,"Ops May variance was $2,175,293 vs plan",2026-04-27T08:53:57Z
r44-0002658,amoore@summithealthpartners.com,Budget vs Actual,Check covenant compliance for the revolver,SUCCESS,14.5,"Treasury Apr variance was $2,977,267 vs plan",2026-04-27T13:02:40Z
r44-0002659,pmartin@summithealthpartners.com,Close Checklist Bot,Check covenant compliance for the revolver,SUCCESS,11.0,"Accounting Feb variance was $1,878,872 vs plan",2026-04-27T12:28:36Z
r44-0002660,pmartin@summithealthpartners.com,Board Deck Builder,Draft flux commentary for the Jun close,SUCCESS,64.3,"Ops Jun variance was $3,940,140 vs plan",2026-04-27T09:56:40Z
r44-0002661,amoore@summithealthpartners.com,Variance Explainer,Check covenant compliance for the revolver,SUCCESS,38.7,"Treasury Mar variance was $3,175,676 vs plan",2026-04-27T09:29:17Z
r44-0002662,mharris@summithealthpartners.com,Cash Forecaster,Check covenant compliance for the revolver,SUCCESS,13.4,"Ops Jan variance was $4,018,236 vs plan",2026-04-27T15:37:17Z
r44-0002663,mharris@summithealthpartners.com,Cash Forecaster,Which cost centers are over budget YTD?,SUCCESS,41.5,"Accounting May variance was $172,904 vs plan",2026-04-27T12:36:00Z
r44-0002664,prodriguez@summithealthpartners.com,Variance Explainer,Which cost centers are over budget YTD?,SUCCESS,41.7,"Ops May variance was $1,971,894 vs plan",2026-04-27T16:09:37Z
r44-0002665,amoore@summithealthpartners.com,Cash Forecaster,Draft flux commentary for the Mar close,PARTIAL,59.4,"FP&A Mar variance was $711,071 vs plan",2026-04-27T10:49:38Z
r44-0002666,jwilson@summithealthpartners.com,Variance Explainer,Reconcile AP aging over 90 days for US-05,SUCCESS,57.4,"Accounting Feb variance was $2,329,093 vs plan",2026-04-27T08:19:58Z
r44-0002667,pmartin@summithealthpartners.com,Vendor Spend Analyzer,Build the board deck cash slide for May,PARTIAL,9.2,"Ops May variance was $4,517,965 vs plan",2026-04-27T14:43:54Z
r44-0002668,pmartin@summithealthpartners.com,Covenant Checker,Draft flux commentary for the Feb close,SUCCESS,49.6,"Treasury Feb variance was $1,256,890 vs plan",2026-04-27T15:42:49Z
r44-0002669,mlewis@summithealthpartners.com,Revenue Recognizer,Check covenant compliance for the revolver,SUCCESS,69.3,"Treasury Mar variance was $652,461 vs plan",2026-04-27T12:45:42Z
r44-0002670,bjones@summithealthpartners.com,Vendor Spend Analyzer,Build the board deck cash slide for Mar,SUCCESS,31.9,"Accounting Mar variance was $1,140,735 vs plan",2026-04-27T06:22:57Z
r44-0002671,pmartin@summithealthpartners.com,AP Aging Analyst,Which cost centers are over budget YTD?,SUCCESS,36.9,"FP&A Jun variance was $977,228 vs plan",2026-04-27T13:49:29Z
r44-0002672,jwilliams@summithealthpartners.com,Variance Explainer,Forecast Jan operating cash flow,SUCCESS,59.9,"FP&A Jan variance was $2,407,065 vs plan",2026-04-27T13:59:51Z
r44-0002673,jwilson@summithealthpartners.com,Journal Entry Reviewer,Forecast May operating cash flow,SUCCESS,34.8,"Treasury May variance was $373,632 vs plan",2026-04-27T20:35:13Z
r44-0002674,jnguyen@summithealthpartners.com,Variance Explainer,Which cost centers are over budget YTD?,SUCCESS,28.3,"FP&A Apr variance was $748,644 vs plan",2026-04-27T10:00:23Z
r44-0002675,jlewis@summithealthpartners.com,Budget vs Actual,Which cost centers are over budget YTD?,SUCCESS,53.3,"Ops Apr variance was $2,597,791 vs plan",2026-04-27T16:52:19Z
r44-0002676,pmartin@summithealthpartners.com,Headcount Planner,Which cost centers are over budget YTD?,SUCCESS,68.7,"Treasury May variance was $2,534,331 vs plan",2026-04-27T12:44:29Z
r44-0002677,pmartin@summithealthpartners.com,Variance Explainer,What drove the change in gross margin this quarter?,SUCCESS,10.3,"Treasury Apr variance was $4,703,086 vs plan",2026-04-27T15:59:33Z
r44-0002678,sdavis@summithealthpartners.com,Headcount Planner,What drove the change in gross margin this quarter?,SUCCESS,53.9,"Accounting Mar variance was $3,331,523 vs plan",2026-04-27T11:42:04Z
r44-0002679,pmartin@summithealthpartners.com,Journal Entry Reviewer,Why did Ops spend exceed budget in Jan?,SUCCESS,35.2,"Ops Jan variance was $4,693,897 vs plan",2026-04-27T12:01:50Z
r44-0002680,jnguyen@summithealthpartners.com,Budget vs Actual,Build the board deck cash slide for Feb,PARTIAL,42.2,"Treasury Feb variance was $6,114 vs plan",2026-04-27T13:00:01Z
r44-0002681,amoore@summithealthpartners.com,Headcount Planner,Check covenant compliance for the revolver,PARTIAL,72.8,"Accounting Jan variance was $1,192,536 vs plan",2026-04-27T14:46:39Z
r44-0002682,jjohnson@summithealthpartners.com,Headcount Planner,Reconcile AP aging over 90 days for CA-08,SUCCESS,71.5,"Accounting Jan variance was $1,971,125 vs plan",2026-04-27T12:57:56Z
r44-0002683,bjones@summithealthpartners.com,Revenue Recognizer,Check covenant compliance for the revolver,SUCCESS,70.8,"Treasury Jun variance was $3,441,332 vs plan",2026-04-27T14:20:34Z
r44-0002684,bjones@summithealthpartners.com,Variance Explainer,Why did Treasury spend exceed budget in Jan?,SUCCESS,43.6,"Treasury Jan variance was $2,855,448 vs plan",2026-04-27T08:51:39Z
r44-0002685,jlewis@summithealthpartners.com,Cash Forecaster,Forecast Jun operating cash flow,SUCCESS,39.9,"Ops Jun variance was $950,946 vs plan",2026-04-27T13:55:30Z
r44-0002686,amoore@summithealthpartners.com,Board Deck Builder,What drove the change in gross margin this quarter?,PARTIAL,17.2,"Ops Feb variance was $922,700 vs plan",2026-04-27T14:41:13Z
r44-0002687,jjohnson@summithealthpartners.com,Revenue Recognizer,Why did Treasury spend exceed budget in Jun?,SUCCESS,5.7,"Treasury Jun variance was $1,323,584 vs plan",2026-04-27T12:26:16Z
r44-0002688,pmartin@summithealthpartners.com,Close Checklist Bot,Draft flux commentary for the Jun close,SUCCESS,22.0,"Ops Jun variance was $1,548,374 vs plan",2026-04-27T15:52:01Z
r44-0002689,jnguyen@summithealthpartners.com,Covenant Checker,What drove the change in gross margin this quarter?,SUCCESS,8.3,"FP&A Feb variance was $2,268,893 vs plan",2026-04-27T13:55:43Z
r44-0002690,bjones@summithealthpartners.com,Headcount Planner,Reconcile AP aging over 90 days for US-03,SUCCESS,74.5,"Accounting Jan variance was $2,120,851 vs plan",2026-04-27T15:02:22Z
r44-0002691,pmartin@summithealthpartners.com,Flux Commentary,Forecast Jan operating cash flow,SUCCESS,12.6,"FP&A Jan variance was $1,048,996 vs plan",2026-04-27T07:39:40Z
r44-0002692,mlewis@summithealthpartners.com,Headcount Planner,Which cost centers are over budget YTD?,SUCCESS,40.7,"Treasury Mar variance was $4,555,821 vs plan",2026-04-27T12:32:33Z
r44-0002693,jnguyen@summithealthpartners.com,Journal Entry Reviewer,Reconcile AP aging over 90 days for CA-09,SUCCESS,25.6,"Treasury May variance was $1,709,307 vs plan",2026-04-27T13:42:42Z
r44-0002694,pmartin@summithealthpartners.com,Journal Entry Reviewer,Forecast May operating cash flow,SUCCESS,24.3,"FP&A May variance was $509,844 vs plan",2026-04-27T14:04:39Z
r44-0002695,pmartin@summithealthpartners.com,AP Aging Analyst,Draft flux commentary for the Jan close,SUCCESS,39.6,"Ops Jan variance was $4,097,110 vs plan",2026-04-27T14:43:48Z
r44-0002696,pmartin@summithealthpartners.com,Vendor Spend Analyzer,Summarize the Jan variance for entity CA-07,FAIL,6.1,error: connection reset by peer,2026-04-27T15:55:16Z
r44-0002697,pmartin@summithealthpartners.com,Board Deck Builder,Reconcile AP aging over 90 days for MX-04,SUCCESS,5.6,"Accounting Mar variance was $2,277,071 vs plan",2026-04-27T11:40:35Z
r44-0002698,bjones@summithealthpartners.com,Cash Forecaster,Which cost centers are over budget YTD?,SUCCESS,30.3,"FP&A Feb variance was $3,987,076 vs plan",2026-04-27T09:27:08Z
r44-0002699,jnguyen@summithealthpartners.com,Board Deck Builder,Build the board deck cash slide for Jun,SUCCESS,26.0,"Ops Jun variance was $4,222,194 vs plan",2026-04-27T11:52:34Z
r44-0002700,amoore@summithealthpartners.com,Vendor Spend Analyzer,Build the board deck cash slide for Mar,PARTIAL,26.4,"Ops Mar variance was $3,684,277 vs plan",2026-04-27T10:07:25Z
r44-0002701,pmartin@summithealthpartners.com,Journal Entry Reviewer,Reconcile AP aging over 90 days for US-01,SUCCESS,46.4,"Ops Feb variance was $252,180 vs plan",2026-04-27T14:40:10Z
r44-0002702,jnguyen@summithealthpartners.com,Covenant Checker,Check covenant compliance for the revolver,SUCCESS,9.5,"Ops May variance was $498,994 vs plan",2026-04-27T12:57:10Z
r44-0002703,pmartin@summithealthpartners.com,AP Aging Analyst,What drove the change in gross margin this quarter?,PARTIAL,42.3,"Accounting Mar variance was $306,719 vs plan",2026-04-27T13:23:13Z
r44-0002704,jnguyen@summithealthpartners.com,Journal Entry Reviewer,Forecast May operating cash flow,PARTIAL,18.0,"Ops May variance was $4,289,951 vs plan",2026-04-27T14:58:10Z
r44-0002705,pmartin@summithealthpartners.com,Close Checklist Bot,Why did Accounting spend exceed budget in Feb?,SUCCESS,71.0,"Accounting Feb variance was $3,884,850 vs plan",2026-04-27T17:58:56Z
r44-0002706,mharris@summithealthpartners.com,Headcount Planner,Check covenant compliance for the revolver,PARTIAL,66.5,"FP&A Feb variance was $1,525,926 vs plan",2026-04-27T14:19:04Z
r44-0002707,mharris@summithealthpartners.com,Variance Explainer,Summarize the Jun variance for entity MX-06,SUCCESS,32.9,"Accounting Jun variance was $150,706 vs plan",2026-04-27T16:59:20Z
r44-0002708,pmartin@summithealthpartners.com,Variance Explainer,Reconcile AP aging over 90 days for MX-02,SUCCESS,63.8,"Accounting Jun variance was $3,391,327 vs plan",2026-04-27T06:54:36Z
r44-0002709,jdavis@summithealthpartners.com,Budget vs Actual,Build the board deck cash slide for Jan,SUCCESS,0.5,error: connection reset by peer,2026-04-27T12:35:15Z
r44-0002710,pmartin@summithealthpartners.com,Journal Entry Reviewer,Why did Ops spend exceed budget in Jun?,SUCCESS,22.9,"Ops Jun variance was $3,053,710 vs plan",2026-04-27T18:21:31Z
r44-0002711,pmartin@summithealthpartners.com,Covenant Checker,Which cost centers are over budget YTD?,PARTIAL,55.5,"FP&A Mar variance was $744,344 vs plan",2026-04-27T15:07:22Z
r44-0002712,bjones@summithealthpartners.com,Variance Explainer,Forecast Feb operating cash flow,PARTIAL,29.7,"FP&A Feb variance was $426,958 vs plan",2026-04-27T18:25:26Z
r44-0002713,jnguyen@summithealthpartners.com,Budget vs Actual,Draft flux commentary for the May close,SUCCESS,3.3,"FP&A May variance was $1,881,849 vs plan",2026-04-27T12:28:29Z
r44-0002714,amoore@summithealthpartners.com,AP Aging Analyst,Summarize the Jun variance for entity EU-08,SUCCESS,55.9,"Ops Jun variance was $4,276,640 vs plan",2026-04-27T07:05:21Z
r44-0002715,pmartin@summithealthpartners.com,Board Deck Builder,Which cost centers are over budget YTD?,PARTIAL,57.5,"Accounting Jan variance was $4,431,495 vs plan",2026-04-27T13:02:14Z
r44-0002716,sbrown@summithealthpartners.com,Revenue Recognizer,Summarize the Jun variance for entity MX-09,SUCCESS,41.6,"Ops Jun variance was $2,079,870 vs plan",2026-04-27T15:42:57Z
r44-0002717,jwilliams@summithealthpartners.com,Budget vs Actual,Reconcile AP aging over 90 days for EU-08,PARTIAL,70.1,"Ops May variance was $1,017,090 vs plan",2026-04-27T08:53:23Z
r44-0002718,amoore@summithealthpartners.com,Board Deck Builder,Which cost centers are over budget YTD?,SUCCESS,56.7,"Treasury Apr variance was $1,984,035 vs plan",2026-04-27T13:20:23Z
r44-0002719,nhaddad@summithealthpartners.com,Variance Explainer,Reconcile AP aging over 90 days for EU-07,SUCCESS,18.4,"Treasury Jan variance was $3,910,977 vs plan",2026-04-27T09:25:45Z
r44-0002720,pmartin@summithealthpartners.com,Revenue Recognizer,Summarize the Mar variance for entity EU-09,SUCCESS,26.2,"FP&A Mar variance was $4,406,047 vs plan",2026-04-27T12:46:19Z
r44-0002721,bjones@summithealthpartners.com,Vendor Spend Analyzer,What drove the change in gross margin this quarter?,SUCCESS,65.9,"FP&A Jan variance was $4,437,232 vs plan",2026-04-27T06:13:39Z
r44-0002722,jnguyen@summithealthpartners.com,Board Deck Builder,Build the board deck cash slide for Jan,SUCCESS,6.9,"FP&A Jan variance was $379,048 vs plan",2026-04-28T09:03:31Z
r44-0002723,jnguyen@summithealthpartners.com,Headcount Planner,Forecast Apr operating cash flow,SUCCESS,69.8,"FP&A Apr variance was $3,960,757 vs plan",2026-04-28T16:36:54Z
r44-0002724,pmartin@summithealthpartners.com,Flux Commentary,Forecast Jan operating cash flow,SUCCESS,45.0,"Accounting Jan variance was $2,115,212 vs plan",2026-04-28T10:03:02Z
r44-0002725,pmartin@summithealthpartners.com,Flux Commentary,Summarize the Jun variance for entity US-02,SUCCESS,19.3,"Ops Jun variance was $284,127 vs plan",2026-04-28T16:42:37Z
r44-0002726,amoore@summithealthpartners.com,Close Checklist Bot,Build the board deck cash slide for Jun,SUCCESS,12.0,"Ops Jun variance was $4,755,219 vs plan",2026-04-28T13:03:33Z
r44-0002727,amoore@summithealthpartners.com,Close Checklist Bot,Why did Treasury spend exceed budget in Feb?,SUCCESS,20.9,"Treasury Feb variance was $4,373,937 vs plan",2026-04-28T11:27:28Z
r44-0002728,pmartin@summithealthpartners.com,Headcount Planner,Summarize the Jan variance for entity CA-08,SUCCESS,12.5,"Ops Jan variance was $2,399,272 vs plan",2026-04-28T10:55:48Z
r44-0002729,jjohnson@summithealthpartners.com,Vendor Spend Analyzer,Reconcile AP aging over 90 days for MX-01,SUCCESS,72.5,"Accounting Apr variance was $1,601,593 vs plan",2026-04-28T13:26:28Z
r44-0002730,pmartin@summithealthpartners.com,Headcount Planner,Reconcile AP aging over 90 days for CA-06,SUCCESS,30.8,"Accounting Apr variance was $3,015,139 vs plan",2026-04-28T11:24:49Z
r44-0002731,mharris@summithealthpartners.com,Journal Entry Reviewer,Reconcile AP aging over 90 days for CA-01,SUCCESS,33.3,"Treasury May variance was $2,385,656 vs plan",2026-04-28T15:58:00Z
r44-0002732,amoore@summithealthpartners.com,Budget vs Actual,Forecast Jun operating cash flow,PARTIAL,27.4,"Ops Jun variance was $4,300,290 vs plan",2026-04-28T11:56:24Z
r44-0002733,pmartin@summithealthpartners.com,Flux Commentary,Build the board deck cash slide for Jun,SUCCESS,8.8,"Ops Jun variance was $2,761,293 vs plan",2026-04-28T18:17:35Z
r44-0002734,amoore@summithealthpartners.com,Budget vs Actual,Explain the headcount variance vs plan,SUCCESS,18.9,"FP&A May variance was $3,815,454 vs plan",2026-04-28T12:49:42Z
r44-0002735,jnguyen@summithealthpartners.com,Cash Forecaster,Summarize the May variance for entity EU-08,PARTIAL,71.9,"Treasury May variance was $2,479,647 vs plan",2026-04-28T09:13:01Z
r44-0002736,bjones@summithealthpartners.com,Board Deck Builder,Why did Treasury spend exceed budget in Apr?,SUCCESS,66.2,"Treasury Apr variance was $905,765 vs plan",2026-04-28T13:16:18Z
r44-0002737,nhaddad@summithealthpartners.com,Journal Entry Reviewer,Forecast Jun operating cash flow,SUCCESS,9.6,"Accounting Jun variance was $3,100,706 vs plan",2026-04-28T12:31:52Z
r44-0002738,amoore@summithealthpartners.com,AP Aging Analyst,Forecast May operating cash flow,PARTIAL,19.7,"Ops May variance was $3,662,153 vs plan",2026-04-28T11:02:10Z
r44-0002739,amoore@summithealthpartners.com,Revenue Recognizer,What drove the change in gross margin this quarter?,SUCCESS,54.8,"Treasury May variance was $4,220,665 vs plan",2026-04-28T10:09:25Z
r44-0002740,jwilliams@summithealthpartners.com,AP Aging Analyst,Check covenant compliance for the revolver,PARTIAL,27.1,"Accounting Jun variance was $1,541,612 vs plan",2026-04-28T13:25:24Z
r44-0002741,bjones@summithealthpartners.com,Close Checklist Bot,Summarize the Feb variance for entity EU-01,FAIL,1.8,error code 502 from model gateway,2026-04-28T14:33:52Z
r44-0002742,jwilliams@summithealthpartners.com,Covenant Checker,Draft flux commentary for the May close,SUCCESS,4.1,"Treasury May variance was $2,272,585 vs plan",2026-04-28T15:05:54Z
r44-0002743,bjones@summithealthpartners.com,Headcount Planner,Which cost centers are over budget YTD?,SUCCESS,71.7,"Ops Apr variance was $1,798,334 vs plan",2026-04-28T08:02:34Z
r44-0002744,pmartin@summithealthpartners.com,Headcount Planner,Which cost centers are over budget YTD?,SUCCESS,28.1,"Treasury Jun variance was $2,478,152 vs plan",2026-04-28T14:47:52Z
r44-0002745,pmartin@summithealthpartners.com,Board Deck Builder,Why did Accounting spend exceed budget in Feb?,SUCCESS,67.9,"Accounting Feb variance was $862,693 vs plan",2026-04-28T12:36:32Z
r44-0002746,pmartin@summithealthpartners.com,Journal Entry Reviewer,Why did Treasury spend exceed budget in Jun?,SUCCESS,69.4,"Treasury Jun variance was $2,558,825 vs plan",2026-04-28T11:09:12Z
r44-0002747,pmartin@summithealthpartners.com,Variance Explainer,Summarize the Jun variance for entity CA-01,SUCCESS,0.7,Traceback (most recent call last): KeyError 'entity',2026-04-28T10:08:08Z
r44-0002748,amoore@summithealthpartners.com,Budget vs Actual,Explain the headcount variance vs plan,PARTIAL,38.4,"FP&A Apr variance was $3,340,708 vs plan",2026-04-28T12:41:16Z
r44-0002749,pmartin@summithealthpartners.com,Variance Explainer,Summarize the Jun variance for entity CA-03,SUCCESS,35.5,"Treasury Jun variance was $233,286 vs plan",2026-04-28T14:56:28Z
r44-0002750,jnguyen@summithealthpartners.com,Cash Forecaster,Explain the headcount variance vs plan,SUCCESS,49.9,"Accounting Jan variance was $1,804,917 vs plan",2026-04-28T14:06:03Z
r44-0002751,pmartin@summithealthpartners.com,Budget vs Actual,Draft flux commentary for the Mar close,SUCCESS,57.7,"Treasury Mar variance was $3,949,487 vs plan",2026-04-28T11:27:50Z
r44-0002752,pmartin@summithealthpartners.com,Covenant Checker,Which cost centers are over budget YTD?,SUCCESS,21.2,"Treasury Apr variance was $631,846 vs plan",2026-04-28T11:24:58Z
r44-0002753,jdavis@summithealthpartners.com,Headcount Planner,Summarize the May variance for entity CA-03,SUCCESS,37.3,"Treasury May variance was $3,729,832 vs plan",2026-04-28T14:45:41Z
r44-0002754,pmartin@summithealthpartners.com,Vendor Spend Analyzer,Draft flux commentary for the May close,SUCCESS,43.7,"FP&A May variance was $2,446,437 vs plan",2026-04-28T11:53:03Z
r44-0002755,pmartin@summithealthpartners.com,Variance Explainer,Summarize the Jan variance for entity MX-02,SUCCESS,13.3,"FP&A Jan variance was $2,673,605 vs plan",2026-04-28T10:45:47Z
r44-0002756,pmartin@summithealthpartners.com,Vendor Spend Analyzer,Forecast Apr operating cash flow,SUCCESS,28.0,"Ops Apr variance was $4,414,777 vs plan",2026-04-28T15:38:12Z
r44-0002757,mlewis@summithealthpartners.com,Variance Explainer,What drove the change in gross margin this quarter?,PARTIAL,20.3,"FP&A May variance was $3,140,242 vs plan",2026-04-28T16:45:34Z
r44-0002758,pmartin@summithealthpartners.com,Cash Forecaster,Check covenant compliance for the revolver,SUCCESS,12.4,"Ops May variance was $1,531,044 vs plan",2026-04-28T12:38:49Z
r44-0002759,jwilliams@summithealthpartners.com,AP Aging Analyst,What drove the change in gross margin this quarter?,SUCCESS,26.8,"Accounting Mar variance was $4,311,786 vs plan",2026-04-28T15:22:14Z
r44-0002760,pmartin@summithealthpartners.com,Vendor Spend Analyzer,Check covenant compliance for the revolver,PARTIAL,11.6,"Accounting May variance was $3,602,609 vs plan",2026-04-28T12:43:15Z
r44-0002761,pmartin@summithealthpartners.com,Journal Entry Reviewer,Why did FP&A spend exceed budget in Mar?,SUCCESS,7.3,"FP&A Mar variance was $1,510,886 vs plan",2026-04-28T13:28:55Z
r44-0002762,amoore@summithealthpartners.com,Close Checklist Bot,Reconcile AP aging over 90 days for MX-09,SUCCESS,61.2,"Treasury Apr variance was $1,117,991 vs plan",2026-04-28T10:58:38Z
r44-0002763,bjones@summithealthpartners.com,Headcount Planner,Which cost centers are over budget YTD?,PARTIAL,23.6,"Accounting Apr variance was $1,634,822 vs plan",2026-04-28T09:28:41Z
r44-0002764,amoore@summithealthpartners.com,Budget vs Actual,Forecast Mar operating cash flow,SUCCESS,0.4,error: connection reset by peer,2026-04-28T18:04:30Z
r44-0002765,pmartin@summithealthpartners.com,Cash Forecaster,Build the board deck cash slide for Feb,SUCCESS,16.7,"FP&A Feb variance was $1,929,677 vs plan",2026-04-28T13:51:47Z
r44-0002766,jnguyen@summithealthpartners.com,Budget vs Actual,Check covenant compliance for the revolver,SUCCESS,34.0,"Ops Apr variance was $4,076,674 vs plan",2026-04-28T11:52:47Z
r44-0002767,pmartin@summithealthpartners.com,Variance Explainer,Which cost centers are over budget YTD?,SUCCESS,58.1,"Treasury Mar variance was $2,638,844 vs plan",2026-04-28T15:39:32Z
r44-0002768,pmartin@summithealthpartners.com,Cash Forecaster,What drove the change in gross margin this quarter?,SUCCESS,5.0,"Treasury Apr variance was $1,200,167 vs plan",2026-04-28T17:38:31Z
r44-0002769,bjones@summithealthpartners.com,Variance Explainer,Which cost centers are over budget YTD?,SUCCESS,44.0,"Accounting May variance was $3,386,303 vs plan",2026-04-28T13:38:51Z
r44-0002770,pmartin@summithealthpartners.com,Variance Explainer,Explain the headcount variance vs plan,SUCCESS,18.0,"Treasury May variance was $2,366,086 vs plan",2026-04-28T13:16:13Z
r44-0002771,mlewis@summithealthpartners.com,Flux Commentary,Build the board deck cash slide for Mar,SUCCESS,54.6,"Accounting Mar variance was $1,114,976 vs plan",2026-04-28T19:36:58Z
r44-0002772,amoore@summithealthpartners.com,AP Aging Analyst,Draft flux commentary for the Jan close,SUCCESS,48.0,"Accounting Jan variance was $1,061,150 vs plan",2026-04-28T08:07:25Z
r44-0002773,sdavis@summithealthpartners.com,Variance Explainer,Summarize the Jan variance for entity EU-02,SUCCESS,55.4,"Ops Jan variance was $2,861,976 vs plan",2026-04-28T11:19:39Z
r44-0002774,pmartin@summithealthpartners.com,Vendor Spend Analyzer,Summarize the May variance for entity US-02,SUCCESS,73.4,"Treasury May variance was $4,710,394 vs plan",2026-04-28T16:58:59Z
r44-0002775,amoore@summithealthpartners.com,Board Deck Builder,Forecast Jun operating cash flow,SUCCESS,39.4,"Ops Jun variance was $4,094,344 vs plan",2026-04-28T11:24:50Z
r44-0002776,mlewis@summithealthpartners.com,Cash Forecaster,Explain the headcount variance vs plan,SUCCESS,58.9,"Accounting Jan variance was $1,782,953 vs plan",2026-04-28T09:48:14Z
r44-0002777,jjohnson@summithealthpartners.com,Variance Explainer,Summarize the Mar variance for entity EU-04,SUCCESS,10.6,"Ops Mar variance was $2,158,877 vs plan",2026-04-28T11:57:53Z
r44-0002778,jnguyen@summithealthpartners.com,Headcount Planner,Why did FP&A spend exceed budget in Mar?,SUCCESS,25.9,"FP&A Mar variance was $2,037,635 vs plan",2026-04-28T14:20:03Z
r44-0002779,sdavis@summithealthpartners.com,Journal Entry Reviewer,Summarize the Jan variance for entity US-08,SUCCESS,9.2,"FP&A Jan variance was $2,703,953 vs plan",2026-04-28T18:00:53Z
r44-0002780,jdavis@summithealthpartners.com,Variance Explainer,Which cost centers are over budget YTD?,SUCCESS,34.5,"Ops Jun variance was $4,349,114 vs plan",2026-04-28T10:30:26Z
r44-0002781,jlewis@summithealthpartners.com,AP Aging Analyst,Summarize the Apr variance for entity US-02,SUCCESS,69.5,"Accounting Apr variance was $4,791,843 vs plan",2026-04-29T11:06:04Z
r44-0002782,amoore@summithealthpartners.com,Revenue Recognizer,Which cost centers are over budget YTD?,SUCCESS,28.9,"Accounting Jan variance was $3,313,421 vs plan",2026-04-29T14:05:16Z
r44-0002783,pmartin@summithealthpartners.com,Flux Commentary,Forecast Jun operating cash flow,PARTIAL,67.0,"Treasury Jun variance was $147,743 vs plan",2026-04-29T10:59:32Z
r44-0002784,mlewis@summithealthpartners.com,Variance Explainer,Summarize the May variance for entity CA-09,PARTIAL,67.9,"Ops May variance was $216,002 vs plan",2026-04-29T19:46:42Z
r44-0002785,jjohnson@summithealthpartners.com,Cash Forecaster,Reconcile AP aging over 90 days for US-09,SUCCESS,73.1,"Ops Jan variance was $1,706,033 vs plan",2026-04-29T08:17:45Z
r44-0002786,jnguyen@summithealthpartners.com,AP Aging Analyst,Summarize the Feb variance for entity US-08,SUCCESS,3.9,"FP&A Feb variance was $4,419,162 vs plan",2026-04-29T12:26:26Z
r44-0002787,sbrown@summithealthpartners.com,Close Checklist Bot,Check covenant compliance for the revolver,SUCCESS,41.9,"Treasury Jun variance was $2,147,027 vs plan",2026-04-29T13:59:18Z
r44-0002788,bjones@summithealthpartners.com,Revenue Recognizer,Build the board deck cash slide for Apr,SUCCESS,18.0,"Accounting Apr variance was $512,733 vs plan",2026-04-29T19:34:23Z
r44-0002789,prodriguez@summithealthpartners.com,Flux Commentary,Reconcile AP aging over 90 days for EU-07,SUCCESS,65.6,"Ops Mar variance was $4,320,683 vs plan",2026-04-29T21:11:19Z
r44-0002790,pmartin@summithealthpartners.com,Board Deck Builder,Which cost centers are over budget YTD?,SUCCESS,6.2,"Ops May variance was $4,044,834 vs plan",2026-04-29T16:13:03Z
r44-0002791,pmartin@summithealthpartners.com,Flux Commentary,Check covenant compliance for the revolver,SUCCESS,48.7,"FP&A Mar variance was $3,215,930 vs plan",2026-04-29T08:52:22Z
r44-0002792,jwilson@summithealthpartners.com,Headcount Planner,Which cost centers are over budget YTD?,SUCCESS,43.6,"Ops Feb variance was $2,851,542 vs plan",2026-04-29T11:45:39Z
r44-0002793,dlopez2@summithealthpartners.com,AP Aging Analyst,Check covenant compliance for the revolver,FAIL,2.2,error code 502 from model gateway,2026-04-29T14:48:03Z
r44-0002794,nhaddad@summithealthpartners.com,AP Aging Analyst,Why did Ops spend exceed budget in Jun?,SUCCESS,17.5,"Ops Jun variance was $3,865,731 vs plan",2026-04-29T12:15:03Z
r44-0002795,sbrown@summithealthpartners.com,AP Aging Analyst,Which cost centers are over budget YTD?,SUCCESS,24.7,"Ops Mar variance was $3,168,897 vs plan",2026-04-29T08:30:04Z
r44-0002796,pmartin@summithealthpartners.com,Close Checklist Bot,Why did Treasury spend exceed budget in Jan?,SUCCESS,19.5,"Treasury Jan variance was $3,063,528 vs plan",2026-04-29T10:41:47Z
r44-0002797,bjones@summithealthpartners.com,Board Deck Builder,Why did Ops spend exceed budget in Mar?,SUCCESS,35.0,"Ops Mar variance was $2,499,559 vs plan",2026-04-29T15:16:09Z
r44-0002798,pmartin@summithealthpartners.com,Headcount Planner,Summarize the Jun variance for entity EU-01,SUCCESS,28.6,"FP&A Jun variance was $2,885,679 vs plan",2026-04-29T13:27:35Z
r44-0002799,pmartin@summithealthpartners.com,Cash Forecaster,Why did FP&A spend exceed budget in Jan?,FAIL,6.6,error: connection reset by peer,2026-04-29T15:05:00Z
r44-0002800,jnguyen@summithealthpartners.com,Cash Forecaster,Build the board deck cash slide for Mar,SUCCESS,36.9,"Ops Mar variance was $1,957,994 vs plan",2026-04-29T17:48:25Z
r44-0002801,pmartin@summithealthpartners.com,Cash Forecaster,What drove the change in gross margin this quarter?,SUCCESS,24.0,"Accounting Jan variance was $4,711,943 vs plan",2026-04-29T18:25:48Z
r44-0002802,pmartin@summithealthpartners.com,Journal Entry Reviewer,Check covenant compliance for the revolver,SUCCESS,0.7,ERROR: upstream request timed out,2026-04-29T11:37:19Z
r44-0002803,nnguyen@summithealthpartners.com,Covenant Checker,Reconcile AP aging over 90 days for EU-07,SUCCESS,64.0,"Ops Apr variance was $3,055,522 vs plan",2026-04-29T09:20:39Z
r44-0002804,prodriguez@summithealthpartners.com,Journal Entry Reviewer,Check covenant compliance for the revolver,SUCCESS,68.5,"FP&A Feb variance was $3,145,204 vs plan",2026-04-29T11:55:21Z
r44-0002805,jjohnson@summithealthpartners.com,AP Aging Analyst,Explain the headcount variance vs plan,SUCCESS,0.6,error: connection reset by peer,2026-04-29T13:30:15Z
r44-0002806,kperez@summithealthpartners.com,Headcount Planner,Check covenant compliance for the revolver,SUCCESS,40.0,"Ops Feb variance was $1,684,018 vs plan",2026-04-29T15:09:16Z
r44-0002807,jwilliams@summithealthpartners.com,Cash Forecaster,Reconcile AP aging over 90 days for CA-04,SUCCESS,72.3,"Ops Jun variance was $1,034,680 vs plan",2026-04-29T16:41:26Z
r44-0002808,jnguyen@summithealthpartners.com,Budget vs Actual,Reconcile AP aging over 90 days for EU-02,SUCCESS,46.9,"Accounting Jan variance was $1,579,616 vs plan",2026-04-29T11:46:08Z
r44-0002809,jnguyen@summithealthpartners.com,Covenant Checker,Reconcile AP aging over 90 days for CA-01,SUCCESS,47.0,"Ops Mar variance was $610,329 vs plan",2026-04-29T12:50:17Z
r44-0002810,pmartin@summithealthpartners.com,Revenue Recognizer,Which cost centers are over budget YTD?,SUCCESS,31.5,"Treasury May variance was $2,274,183 vs plan",2026-04-29T12:54:17Z
r44-0002811,amoore@summithealthpartners.com,Board Deck Builder,Summarize the Jan variance for entity MX-06,SUCCESS,64.2,"Treasury Jan variance was $2,533,034 vs plan",2026-04-29T08:14:30Z
r44-0002812,nnguyen@summithealthpartners.com,AP Aging Analyst,Summarize the Jan variance for entity CA-08,SUCCESS,4.2,"Treasury Jan variance was $174,845 vs plan",2026-04-29T12:18:17Z
r44-0002813,amoore@summithealthpartners.com,Flux Commentary,Summarize the May variance for entity MX-05,SUCCESS,4.4,"Accounting May variance was $1,016,600 vs plan",2026-04-29T12:48:54Z
r44-0002814,bjones@summithealthpartners.com,Board Deck Builder,Summarize the Apr variance for entity US-08,SUCCESS,45.5,"FP&A Apr variance was $2,255,449 vs plan",2026-04-29T14:16:06Z
r44-0002815,bjones@summithealthpartners.com,Vendor Spend Analyzer,Check covenant compliance for the revolver,PARTIAL,16.5,"FP&A May variance was $1,474,629 vs plan",2026-04-29T10:53:26Z
r44-0002816,jdavis@summithealthpartners.com,Close Checklist Bot,Build the board deck cash slide for Jun,SUCCESS,1.3,ERROR: upstream request timed out,2026-04-29T17:12:59Z
r44-0002817,pmartin@summithealthpartners.com,Journal Entry Reviewer,Which cost centers are over budget YTD?,SUCCESS,39.9,"Ops Feb variance was $4,338,103 vs plan",2026-04-29T16:47:54Z
r44-0002818,bjones@summithealthpartners.com,AP Aging Analyst,Which cost centers are over budget YTD?,PARTIAL,62.8,"Ops Jun variance was $2,581,813 vs plan",2026-04-29T14:50:18Z
r44-0002819,nhaddad@summithealthpartners.com,Board Deck Builder,What drove the change in gross margin this quarter?,SUCCESS,21.5,"Accounting Apr variance was $570,262 vs plan",2026-04-29T10:41:01Z
r44-0002820,sdavis@summithealthpartners.com,Budget vs Actual,Forecast Feb operating cash flow,SUCCESS,14.5,"FP&A Feb variance was $2,384,020 vs plan",2026-04-29T10:57:05Z
r44-0002821,bjones@summithealthpartners.com,Board Deck Builder,What drove the change in gross margin this quarter?,SUCCESS,32.2,"Treasury Apr variance was $3,204,817 vs plan",2026-04-29T07:55:50Z
r44-0002822,bjones@summithealthpartners.com,Variance Explainer,Explain the headcount variance vs plan,SUCCESS,43.7,"Ops Feb variance was $4,696,722 vs plan",2026-04-29T10:46:39Z
r44-0002823,mharris@summithealthpartners.com,Flux Commentary,Forecast Feb operating cash flow,SUCCESS,3.2,"Treasury Feb variance was $3,124,855 vs plan",2026-04-29T12:31:19Z
r44-0002824,sdavis@summithealthpartners.com,Covenant Checker,Reconcile AP aging over 90 days for EU-09,SUCCESS,0.5,ERROR: upstream request timed out,2026-04-29T11:21:10Z
r44-0002825,pmartin@summithealthpartners.com,Variance Explainer,Forecast Apr operating cash flow,SUCCESS,55.6,"Accounting Apr variance was $2,988,861 vs plan",2026-04-29T14:13:02Z
r44-0002826,amoore@summithealthpartners.com,Board Deck Builder,Check covenant compliance for the revolver,SUCCESS,25.1,"Ops Jan variance was $618,200 vs plan",2026-04-29T10:53:26Z
r44-0002827,amoore@summithealthpartners.com,Flux Commentary,Build the board deck cash slide for Jan,SUCCESS,53.5,"Accounting Jan variance was $1,856,452 vs plan",2026-04-29T15:17:03Z
r44-0002828,pmartin@summithealthpartners.com,Revenue Recognizer,Reconcile AP aging over 90 days for EU-04,SUCCESS,28.0,"Treasury Jun variance was $1,823,102 vs plan",2026-04-29T14:26:46Z
r44-0002829,jnguyen@summithealthpartners.com,Headcount Planner,Explain the headcount variance vs plan,SUCCESS,6.9,"Accounting May variance was $3,149,861 vs plan",2026-04-29T11:20:47Z
r44-0002830,pmartin@summithealthpartners.com,Board Deck Builder,Why did FP&A spend exceed budget in Jun?,SUCCESS,57.5,"FP&A Jun variance was $3,016,478 vs plan",2026-04-29T10:59:25Z
r44-0002831,sbrown@summithealthpartners.com,AP Aging Analyst,Why did Treasury spend exceed budget in Jan?,SUCCESS,22.5,"Treasury Jan variance was $4,241,868 vs plan",2026-04-29T14:29:41Z
r44-0002832,pmartin@summithealthpartners.com,Budget vs Actual,Check covenant compliance for the revolver,SUCCESS,70.3,"Accounting Jan variance was $2,071,141 vs plan",2026-04-29T11:29:24Z
r44-0002833,pmartin@summithealthpartners.com,Journal Entry Reviewer,Summarize the Apr variance for entity MX-01,SUCCESS,64.5,"FP&A Apr variance was $299,208 vs plan",2026-04-29T14:13:53Z
r44-0002834,amoore@summithealthpartners.com,Variance Explainer,Reconcile AP aging over 90 days for EU-07,PARTIAL,25.0,"Ops Jan variance was $3,433,907 vs plan",2026-04-29T15:14:52Z
r44-0002835,amoore@summithealthpartners.com,Cash Forecaster,Draft flux commentary for the May close,SUCCESS,66.0,"Accounting May variance was $4,065,447 vs plan",2026-04-29T11:32:20Z
r44-0002836,mharris@summithealthpartners.com,Revenue Recognizer,Draft flux commentary for the Jun close,SUCCESS,47.2,"Treasury Jun variance was $262,976 vs plan",2026-04-30T13:17:06Z
r44-0002837,prodriguez@summithealthpartners.com,Close Checklist Bot,Draft flux commentary for the Feb close,SUCCESS,72.7,"FP&A Feb variance was $2,298,239 vs plan",2026-04-30T13:06:26Z
r44-0002838,nnguyen@summithealthpartners.com,Close Checklist Bot,Why did Ops spend exceed budget in Feb?,SUCCESS,66.9,"Ops Feb variance was $2,278,557 vs plan",2026-04-30T14:28:32Z
r44-0002839,pmartin@summithealthpartners.com,Close Checklist Bot,Why did Treasury spend exceed budget in Apr?,SUCCESS,53.9,"Treasury Apr variance was $3,512,535 vs plan",2026-04-30T09:40:35Z
r44-0002840,pmartin@summithealthpartners.com,Flux Commentary,Explain the headcount variance vs plan,SUCCESS,69.0,"Treasury Mar variance was $3,822,677 vs plan",2026-04-30T15:45:08Z
r44-0002841,mlewis@summithealthpartners.com,Journal Entry Reviewer,Check covenant compliance for the revolver,FAIL,6.7,error: connection reset by peer,2026-04-30T11:31:21Z
r44-0002842,amoore@summithealthpartners.com,Headcount Planner,Reconcile AP aging over 90 days for EU-04,PARTIAL,31.3,"Treasury Jun variance was $3,718,237 vs plan",2026-04-30T13:24:08Z
r44-0002843,dlopez2@summithealthpartners.com,Board Deck Builder,Draft flux commentary for the Apr close,FAIL,5.2,ERROR: upstream request timed out,2026-04-30T12:41:02Z
r44-0002844,jwilson@summithealthpartners.com,Revenue Recognizer,Forecast Mar operating cash flow,SUCCESS,38.9,"Accounting Mar variance was $1,878,786 vs plan",2026-04-30T14:16:46Z
r44-0002845,amoore@summithealthpartners.com,Variance Explainer,Build the board deck cash slide for Jan,SUCCESS,16.4,"Accounting Jan variance was $655,405 vs plan",2026-04-30T15:55:39Z
r44-0002846,bjones@summithealthpartners.com,Flux Commentary,Check covenant compliance for the revolver,SUCCESS,16.4,"FP&A May variance was $3,670,770 vs plan",2026-04-30T14:22:04Z
r44-0002847,amoore@summithealthpartners.com,Flux Commentary,What drove the change in gross margin this quarter?,SUCCESS,19.3,"Treasury Mar variance was $2,066,999 vs plan",2026-04-30T13:41:19Z
r44-0002848,jjohnson@summithealthpartners.com,Journal Entry Reviewer,Draft flux commentary for the Feb close,SUCCESS,3.8,"Ops Feb variance was $638,688 vs plan",2026-04-30T11:44:21Z
r44-0002849,amoore@summithealthpartners.com,Budget vs Actual,Forecast Jan operating cash flow,SUCCESS,66.6,"Treasury Jan variance was $1,025,605 vs plan",2026-04-30T18:57:52Z
r44-0002850,amoore@summithealthpartners.com,Vendor Spend Analyzer,Reconcile AP aging over 90 days for US-05,SUCCESS,14.7,"Treasury Feb variance was $2,551,629 vs plan",2026-04-30T09:44:37Z
r44-0002851,jnguyen@summithealthpartners.com,Journal Entry Reviewer,Why did FP&A spend exceed budget in Mar?,SUCCESS,62.4,"FP&A Mar variance was $713,978 vs plan",2026-04-30T19:52:21Z
r44-0002852,mlewis@summithealthpartners.com,AP Aging Analyst,Draft flux commentary for the Feb close,SUCCESS,49.4,"Accounting Feb variance was $1,120,688 vs plan",2026-04-30T06:33:57Z
r44-0002853,bjones@summithealthpartners.com,Headcount Planner,Reconcile AP aging over 90 days for CA-08,SUCCESS,4.6,"Ops Apr variance was $2,917,040 vs plan",2026-04-30T15:02:17Z
r44-0002854,pmartin@summithealthpartners.com,Headcount Planner,Which cost centers are over budget YTD?,SUCCESS,17.5,"FP&A May variance was $1,860,491 vs plan",2026-04-30T13:58:42Z
r44-0002855,pmartin@summithealthpartners.com,Cash Forecaster,Summarize the Feb variance for entity EU-06,SUCCESS,19.8,"Treasury Feb variance was $2,463,358 vs plan",2026-04-30T17:36:44Z
r44-0002856,amoore@summithealthpartners.com,Vendor Spend Analyzer,Check covenant compliance for the revolver,SUCCESS,62.3,"Accounting Jun variance was $3,741,188 vs plan",2026-04-30T09:18:18Z
r44-0002857,pmartin@summithealthpartners.com,Revenue Recognizer,Why did Treasury spend exceed budget in May?,SUCCESS,67.8,"Treasury May variance was $2,765,040 vs plan",2026-04-30T17:24:18Z
r44-0002858,jwilliams@summithealthpartners.com,Covenant Checker,Explain the headcount variance vs plan,PARTIAL,3.8,"Treasury May variance was $3,382,107 vs plan",2026-04-30T15:06:08Z
r44-0002859,amoore@summithealthpartners.com,AP Aging Analyst,What drove the change in gross margin this quarter?,SUCCESS,0.8,error code 502 from model gateway,2026-04-30T11:33:55Z
r44-0002860,pmartin@summithealthpartners.com,Headcount Planner,What drove the change in gross margin this quarter?,SUCCESS,30.4,"Treasury Jun variance was $1,229,820 vs plan",2026-04-30T12:24:32Z
r44-0002861,jjohnson@summithealthpartners.com,Vendor Spend Analyzer,Summarize the Jan variance for entity MX-06,SUCCESS,12.1,"Treasury Jan variance was $1,234,829 vs plan",2026-04-30T14:09:03Z
r44-0002862,pmartin@summithealthpartners.com,Cash Forecaster,What drove the change in gross margin this quarter?,SUCCESS,26.6,"Ops Apr variance was $4,540,793 vs plan",2026-04-30T12:06:42Z
r44-0002863,pmartin@summithealthpartners.com,Journal Entry Reviewer,Draft flux commentary for the Jun close,SUCCESS,30.9,"Accounting Jun variance was $4,049,405 vs plan",2026-04-30T12:40:02Z
r44-0002864,sdavis@summithealthpartners.com,Journal Entry Reviewer,Summarize the Feb variance for entity US-06,SUCCESS,72.1,"FP&A Feb variance was $1,612,594 vs plan",2026-04-30T16:03:02Z
r44-0002865,amoore@summithealthpartners.com,Revenue Recognizer,Which cost centers are over budget YTD?,PARTIAL,39.1,"FP&A Jun variance was $2,574,088 vs plan",2026-04-30T13:11:37Z
r44-0002866,bjones@summithealthpartners.com,Variance Explainer,Check covenant compliance for the revolver,PARTIAL,9.1,"FP&A May variance was $3,906,077 vs plan",2026-04-30T12:43:27Z
r44-0002867,pmartin@summithealthpartners.com,Cash Forecaster,Explain the headcount variance vs plan,SUCCESS,0.6,error: connection reset by peer,2026-04-30T09:49:20Z
r44-0002868,bjones@summithealthpartners.com,Budget vs Actual,Summarize the Mar variance for entity MX-09,PARTIAL,10.3,"FP&A Mar variance was $701,861 vs plan",2026-04-30T16:16:11Z
r44-0002869,amoore@summithealthpartners.com,Flux Commentary,Which cost centers are over budget YTD?,SUCCESS,31.4,"FP&A May variance was $1,925,523 vs plan",2026-04-30T18:28:45Z
r44-0002870,bjones@summithealthpartners.com,AP Aging Analyst,Check covenant compliance for the revolver,SUCCESS,21.3,"Ops Apr variance was $2,904,102 vs plan",2026-04-30T15:56:30Z
r44-0002871,amoore@summithealthpartners.com,Journal Entry Reviewer,Summarize the Feb variance for entity US-04,SUCCESS,72.8,"FP&A Feb variance was $4,197,318 vs plan",2026-04-30T13:55:54Z
r44-0002872,bjones@summithealthpartners.com,Revenue Recognizer,Check covenant compliance for the revolver,SUCCESS,1.4,error code 502 from model gateway,2026-04-30T10:23:07Z
r44-0002873,amoore@summithealthpartners.com,Journal Entry Reviewer,Which cost centers are over budget YTD?,SUCCESS,41.9,"Ops Jun variance was $1,834,375 vs plan",2026-04-30T12:32:37Z
r44-0002874,jnguyen@summithealthpartners.com,Covenant Checker,What drove the change in gross margin this quarter?,SUCCESS,48.0,"Treasury Feb variance was $771,592 vs plan",2026-04-30T16:53:26Z
r44-0002875,jwilliams@summithealthpartners.com,Headcount Planner,Reconcile AP aging over 90 days for US-04,SUCCESS,14.5,"Treasury Apr variance was $2,351,578 vs plan",2026-04-30T14:15:08Z
r44-0002876,amoore@summithealthpartners.com,Board Deck Builder,Summarize the Feb variance for entity US-08,SUCCESS,65.9,"Accounting Feb variance was $4,085,793 vs plan",2026-04-30T17:25:53Z
r44-0002877,bjones@summithealthpartners.com,Vendor Spend Analyzer,Explain the headcount variance vs plan,PARTIAL,55.4,"Treasury Feb variance was $1,600,216 vs plan",2026-04-30T14:03:13Z
r44-0002878,jnguyen@summithealthpartners.com,Vendor Spend Analyzer,Draft flux commentary for the Jun close,SUCCESS,39.2,"Accounting Jun variance was $2,074,362 vs plan",2026-04-30T17:10:26Z
r44-0002879,amoore@summithealthpartners.com,Close Checklist Bot,Reconcile AP aging over 90 days for MX-09,SUCCESS,57.3,"Treasury May variance was $3,564,214 vs plan",2026-04-30T15:16:09Z
r44-0002880,pmartin@summithealthpartners.com,Headcount Planner,Reconcile AP aging over 90 days for US-08,SUCCESS,18.3,"FP&A Feb variance was $4,078,111 vs plan",2026-04-30T14:45:21Z
r44-0002881,amoore@summithealthpartners.com,Board Deck Builder,Explain the headcount variance vs plan,SUCCESS,56.8,"Treasury Feb variance was $4,528,054 vs plan",2026-04-30T10:48:10Z
r44-0002882,pmartin@summithealthpartners.com,Revenue Recognizer,What drove the change in gross margin this quarter?,SUCCESS,58.2,"Ops Jan variance was $2,165,626 vs plan",2026-04-30T11:53:20Z
r44-0002883,amoore@summithealthpartners.com,Board Deck Builder,Summarize the Jan variance for entity CA-04,SUCCESS,12.1,"Accounting Jan variance was $1,475,062 vs plan",2026-04-30T17:53:54Z
r44-0002884,pmartin@summithealthpartners.com,Close Checklist Bot,Build the board deck cash slide for Mar,SUCCESS,11.5,"Ops Mar variance was $4,491,049 vs plan",2026-04-30T10:32:26Z
r44-0002885,pmartin@summithealthpartners.com,Close Checklist Bot,Which cost centers are over budget YTD?,SUCCESS,11.2,"Ops Jan variance was $4,244,140 vs plan",2026-04-30T10:11:39Z
r44-0002886,pmartin@summithealthpartners.com,Vendor Spend Analyzer,Summarize the Jan variance for entity US-03,SUCCESS,32.1,"FP&A Jan variance was $1,911,352 vs plan",2026-04-30T16:35:12Z
r44-0002887,jnguyen@summithealthpartners.com,Cash Forecaster,Reconcile AP aging over 90 days for CA-09,SUCCESS,48.5,"Treasury May variance was $1,876,156 vs plan",2026-04-30T15:00:57Z
r44-0002888,amoore@summithealthpartners.com,Variance Explainer,Forecast Jun operating cash flow,SUCCESS,68.4,"FP&A Jun variance was $3,360,897 vs plan",2026-04-30T10:43:18Z
r44-0002889,sbrown@summithealthpartners.com,AP Aging Analyst,Which cost centers are over budget YTD?,SUCCESS,32.3,"Accounting Apr variance was $2,161,092 vs plan",2026-04-30T16:07:22Z
r44-0002890,jnguyen@summithealthpartners.com,Variance Explainer,Why did Ops spend exceed budget in May?,SUCCESS,16.4,"Ops May variance was $1,647,237 vs plan",2026-04-30T13:26:34Z
r44-0002891,jjohnson@summithealthpartners.com,Budget vs Actual,Draft flux commentary for the Jun close,SUCCESS,71.0,"Accounting Jun variance was $3,255,759 vs plan",2026-04-30T19:38:15Z
r44-0002892,amoore@summithealthpartners.com,Budget vs Actual,Draft flux commentary for the Jun close,SUCCESS,27.0,"Accounting Jun variance was $4,149,464 vs plan",2026-04-30T11:00:03Z
r44-0002893,amoore@summithealthpartners.com,Covenant Checker,Why did Ops spend exceed budget in Feb?,SUCCESS,48.5,"Ops Feb variance was $4,111,421 vs plan",2026-04-30T14:28:19Z
r44-0002894,amoore@summithealthpartners.com,Journal Entry Reviewer,What drove the change in gross margin this quarter?,SUCCESS,20.6,"Treasury Jun variance was $189,032 vs plan",2026-04-30T10:07:23Z
r44-0002895,amoore@summithealthpartners.com,Revenue Recognizer,Forecast Jan operating cash flow,SUCCESS,58.0,"Treasury Jan variance was $2,663,427 vs plan",2026-04-30T12:18:48Z
r44-0002896,bjones@summithealthpartners.com,Vendor Spend Analyzer,Explain the headcount variance vs plan,SUCCESS,41.7,"FP&A Jan variance was $1,219,896 vs plan",2026-04-30T08:28:13Z
r44-0002897,bjones@summithealthpartners.com,Flux Commentary,Build the board deck cash slide for Jan,SUCCESS,30.7,"FP&A Jan variance was $4,343,459 vs plan",2026-04-30T13:00:41Z
r44-0002898,mlewis@summithealthpartners.com,Revenue Recognizer,Why did FP&A spend exceed budget in Feb?,SUCCESS,15.4,"FP&A Feb variance was $4,566,398 vs plan",2026-04-30T11:07:36Z
r44-0002899,prodriguez@summithealthpartners.com,Budget vs Actual,Summarize the Feb variance for entity EU-05,SUCCESS,12.1,"FP&A Feb variance was $3,502,418 vs plan",2026-04-30T14:45:20Z
r44-0002900,dlopez2@summithealthpartners.com,Vendor Spend Analyzer,What drove the change in gross margin this quarter?,SUCCESS,57.5,"FP&A Feb variance was $379,429 vs plan",2026-04-30T14:50:06Z
r44-0002901,jnguyen@summithealthpartners.com,Vendor Spend Analyzer,Summarize the Feb variance for entity US-03,SUCCESS,59.7,"Accounting Feb variance was $263,473 vs plan",2026-04-30T19:34:25Z
r44-0002902,amoore@summithealthpartners.com,Variance Explainer,What drove the change in gross margin this quarter?,PARTIAL,35.6,"Ops Feb variance was $3,587,415 vs plan",2026-04-30T14:02:45Z
r44-0002903,pmartin@summithealthpartners.com,Covenant Checker,Which cost centers are over budget YTD?,SUCCESS,27.4,"Accounting Apr variance was $59,521 vs plan",2026-04-30T10:03:02Z
r44-0002904,jnguyen@summithealthpartners.com,Revenue Recognizer,Reconcile AP aging over 90 days for CA-09,SUCCESS,66.7,"Ops Mar variance was $1,269,204 vs plan",2026-04-30T09:00:39Z
r44-0002905,amoore@summithealthpartners.com,Vendor Spend Analyzer,Check covenant compliance for the revolver,SUCCESS,73.9,"FP&A Feb variance was $1,228,637 vs plan",2026-04-30T09:51:54Z
r44-0002906,prodriguez@summithealthpartners.com,Close Checklist Bot,Explain the headcount variance vs plan,SUCCESS,65.1,"Accounting Mar variance was $781,653 vs plan",2026-04-30T14:06:03Z
r44-0002907,pmartin@summithealthpartners.com,Close Checklist Bot,What drove the change in gross margin this quarter?,SUCCESS,72.3,"Ops Mar variance was $2,093,629 vs plan",2026-04-30T17:59:58Z
r44-0002908,jdavis@summithealthpartners.com,Close Checklist Bot,Check covenant compliance for the revolver,FAIL,4.2,FAILED: null reference in aggregation step,2026-05-01T10:12:28Z
r44-0002909,pmartin@summithealthpartners.com,Journal Entry Reviewer,Build the board deck cash slide for Feb,PARTIAL,10.9,"FP&A Feb variance was $793,239 vs plan",2026-05-01T12:40:26Z
r44-0002910,jwilson@summithealthpartners.com,Flux Commentary,Why did Accounting spend exceed budget in Feb?,SUCCESS,15.6,"Accounting Feb variance was $3,038,973 vs plan",2026-05-01T19:28:08Z
r44-0002911,dlopez2@summithealthpartners.com,Board Deck Builder,Explain the headcount variance vs plan,FAIL,3.5,Traceback (most recent call last): KeyError 'entity',2026-05-01T13:09:11Z
r44-0002912,pmartin@summithealthpartners.com,AP Aging Analyst,Check covenant compliance for the revolver,SUCCESS,64.9,"Ops Apr variance was $2,514,578 vs plan",2026-05-01T15:01:55Z
r44-0002913,bjones@summithealthpartners.com,Covenant Checker,Explain the headcount variance vs plan,SUCCESS,48.6,"Treasury Apr variance was $1,872,257 vs plan",2026-05-01T13:27:13Z
r44-0002914,pmartin@summithealthpartners.com,Budget vs Actual,Reconcile AP aging over 90 days for CA-02,SUCCESS,53.9,"Accounting Jan variance was $435,038 vs plan",2026-05-01T11:07:26Z
r44-0002915,pmartin@summithealthpartners.com,Cash Forecaster,Forecast Apr operating cash flow,PARTIAL,31.5,"Accounting Apr variance was $3,439,391 vs plan",2026-05-01T08:08:39Z
r44-0002916,mharris@summithealthpartners.com,Variance Explainer,Forecast May operating cash flow,SUCCESS,11.4,"Treasury May variance was $583,055 vs plan",2026-05-01T13:34:11Z
r44-0002917,pmartin@summithealthpartners.com,Variance Explainer,Explain the headcount variance vs plan,SUCCESS,43.9,"Accounting Feb variance was $2,248,358 vs plan",2026-05-01T16:43:41Z
r44-0002918,pmartin@summithealthpartners.com,Cash Forecaster,Explain the headcount variance vs plan,SUCCESS,36.0,"Ops Apr variance was $2,750,335 vs plan",2026-05-01T11:14:42Z
r44-0002919,pmartin@summithealthpartners.com,AP Aging Analyst,Draft flux commentary for the Mar close,SUCCESS,3.4,"Treasury Mar variance was $736,284 vs plan",2026-05-01T13:06:40Z
r44-0002920,jnguyen@summithealthpartners.com,Close Checklist Bot,What drove the change in gross margin this quarter?,SUCCESS,74.6,"Treasury Mar variance was $201,315 vs plan",2026-05-01T13:12:58Z
r44-0002921,bjones@summithealthpartners.com,Headcount Planner,Check covenant compliance for the revolver,SUCCESS,3.9,"Treasury Mar variance was $3,597,157 vs plan",2026-05-01T11:53:30Z
r44-0002922,pmartin@summithealthpartners.com,Cash Forecaster,Which cost centers are over budget YTD?,SUCCESS,1.1,Traceback (most recent call last): KeyError 'entity',2026-05-01T12:56:02Z
r44-0002923,bjones@summithealthpartners.com,Flux Commentary,Forecast Feb operating cash flow,SUCCESS,51.7,"FP&A Feb variance was $821,424 vs plan",2026-05-01T13:30:43Z
r44-0002924,pmartin@summithealthpartners.com,Flux Commentary,Why did Ops spend exceed budget in Apr?,SUCCESS,32.4,"Ops Apr variance was $1,287,589 vs plan",2026-05-01T19:52:34Z
r44-0002925,amoore@summithealthpartners.com,Headcount Planner,Reconcile AP aging over 90 days for EU-02,SUCCESS,26.0,"Accounting Jan variance was $1,065,157 vs plan",2026-05-01T07:59:03Z
r44-0002926,amoore@summithealthpartners.com,Board Deck Builder,Reconcile AP aging over 90 days for CA-07,SUCCESS,27.7,"Accounting Feb variance was $3,152,410 vs plan",2026-05-01T14:30:05Z
r44-0002927,amoore@summithealthpartners.com,Budget vs Actual,Summarize the Mar variance for entity US-07,SUCCESS,46.2,"Ops Mar variance was $1,205,906 vs plan",2026-05-01T12:13:31Z
r44-0002928,pmartin@summithealthpartners.com,Covenant Checker,Forecast Feb operating cash flow,SUCCESS,67.4,"Treasury Feb variance was $2,890,351 vs plan",2026-05-01T16:50:23Z
r44-0002929,pmartin@summithealthpartners.com,Headcount Planner,Draft flux commentary for the Jan close,FAIL,4.7,error: connection reset by peer,2026-05-01T10:33:37Z
r44-0002930,jnguyen@summithealthpartners.com,Cash Forecaster,Draft flux commentary for the Apr close,SUCCESS,45.4,"FP&A Apr variance was $354,432 vs plan",2026-05-01T14:20:31Z
r44-0002931,amoore@summithealthpartners.com,Revenue Recognizer,Check covenant compliance for the revolver,SUCCESS,65.7,"Treasury Jun variance was $1,149,944 vs plan",2026-05-01T11:43:25Z
r44-0002932,jnguyen@summithealthpartners.com,Flux Commentary,Check covenant compliance for the revolver,SUCCESS,56.3,"Ops Jan variance was $4,103,730 vs plan",2026-05-01T15:41:28Z
r44-0002933,amoore@summithealthpartners.com,Board Deck Builder,Build the board deck cash slide for Feb,SUCCESS,35.9,"Ops Feb variance was $1,056,915 vs plan",2026-05-01T09:21:06Z
r44-0002934,pmartin@summithealthpartners.com,Journal Entry Reviewer,Reconcile AP aging over 90 days for CA-09,SUCCESS,14.3,"FP&A Mar variance was $1,481,378 vs plan",2026-05-01T08:08:32Z
r44-0002935,bjones@summithealthpartners.com,Flux Commentary,Draft flux commentary for the Jun close,SUCCESS,56.2,"Treasury Jun variance was $220,516 vs plan",2026-05-01T17:56:52Z
r44-0002936,mlewis@summithealthpartners.com,Journal Entry Reviewer,Build the board deck cash slide for May,SUCCESS,40.9,"Treasury May variance was $4,068,728 vs plan",2026-05-01T16:07:22Z
r44-0002937,pmartin@summithealthpartners.com,Cash Forecaster,Which cost centers are over budget YTD?,SUCCESS,1.4,FAILED: null reference in aggregation step,2026-05-01T13:13:18Z
r44-0002938,pmartin@summithealthpartners.com,Close Checklist Bot,Build the board deck cash slide for Apr,SUCCESS,0.9,error code 502 from model gateway,2026-05-01T10:55:03Z
r44-0002939,amoore@summithealthpartners.com,Headcount Planner,Which cost centers are over budget YTD?,FAIL,6.0,FAILED: null reference in aggregation step,2026-05-01T06:36:38Z
r44-0002940,jnguyen@summithealthpartners.com,Variance Explainer,Which cost centers are over budget YTD?,SUCCESS,32.2,"Treasury Mar variance was $2,816,964 vs plan",2026-05-01T14:57:36Z
r44-0002941,bjones@summithealthpartners.com,AP Aging Analyst,Explain the headcount variance vs plan,SUCCESS,44.9,"Accounting Jun variance was $3,105,176 vs plan",2026-05-01T13:17:14Z
r44-0002942,prodriguez@summithealthpartners.com,Budget vs Actual,What drove the change in gross margin this quarter?,SUCCESS,5.6,"Treasury Jan variance was $4,132,910 vs plan",2026-05-01T16:24:24Z
r44-0002943,bjones@summithealthpartners.com,Board Deck Builder,Explain the headcount variance vs plan,SUCCESS,52.5,"Accounting May variance was $1,651,221 vs plan",2026-05-01T08:22:24Z
r44-0002944,pmartin@summithealthpartners.com,Journal Entry Reviewer,Which cost centers are over budget YTD?,SUCCESS,15.5,"Accounting May variance was $2,527,122 vs plan",2026-05-01T14:46:25Z
r44-0002945,bjones@summithealthpartners.com,Covenant Checker,Explain the headcount variance vs plan,SUCCESS,29.7,"Accounting Apr variance was $397,210 vs plan",2026-05-01T14:11:49Z
r44-0002946,bjones@summithealthpartners.com,Close Checklist Bot,Summarize the Mar variance for entity US-06,SUCCESS,59.4,"FP&A Mar variance was $872,861 vs plan",2026-05-01T10:02:13Z
r44-0002947,amoore@summithealthpartners.com,Variance Explainer,What drove the change in gross margin this quarter?,SUCCESS,39.8,"Accounting Mar variance was $1,758,548 vs plan",2026-05-01T11:18:00Z
r44-0002948,mlewis@summithealthpartners.com,Headcount Planner,Explain the headcount variance vs plan,SUCCESS,18.1,"FP&A Mar variance was $2,560,668 vs plan",2026-05-01T09:41:00Z
r44-0002949,bjones@summithealthpartners.com,Journal Entry Reviewer,Which cost centers are over budget YTD?,SUCCESS,40.4,"FP&A Jun variance was $180,058 vs plan",2026-05-01T12:08:20Z
r44-0002950,prodriguez@summithealthpartners.com,Close Checklist Bot,Reconcile AP aging over 90 days for CA-02,SUCCESS,65.7,"Ops Jan variance was $2,731,746 vs plan",2026-05-01T13:08:30Z
r44-0002951,bjones@summithealthpartners.com,Covenant Checker,Explain the headcount variance vs plan,SUCCESS,16.1,"Treasury Apr variance was $4,306,450 vs plan",2026-05-01T15:09:34Z
r44-0002952,pmartin@summithealthpartners.com,Board Deck Builder,Check covenant compliance for the revolver,SUCCESS,22.4,"FP&A Jan variance was $3,973,708 vs plan",2026-05-01T12:31:55Z
r44-0002953,jjohnson@summithealthpartners.com,Close Checklist Bot,Which cost centers are over budget YTD?,SUCCESS,71.4,"Ops Feb variance was $1,356,637 vs plan",2026-05-01T09:22:07Z
r44-0002954,sbrown@summithealthpartners.com,Vendor Spend Analyzer,Draft flux commentary for the Jan close,SUCCESS,23.3,"FP&A Jan variance was $725,124 vs plan",2026-05-01T19:45:39Z
r44-0002955,amoore@summithealthpartners.com,Journal Entry Reviewer,What drove the change in gross margin this quarter?,SUCCESS,19.0,"Accounting Jan variance was $1,163,711 vs plan",2026-05-01T13:43:51Z
r44-0002956,nnguyen@summithealthpartners.com,Flux Commentary,Explain the headcount variance vs plan,SUCCESS,58.5,"Ops May variance was $3,109,280 vs plan",2026-05-01T11:18:34Z
r44-0002957,pmartin@summithealthpartners.com,Headcount Planner,What drove the change in gross margin this quarter?,SUCCESS,72.0,"Treasury Jan variance was $473,437 vs plan",2026-05-01T16:56:42Z
r44-0002958,amoore@summithealthpartners.com,Budget vs Actual,Which cost centers are over budget YTD?,FAIL,1.4,error: connection reset by peer,2026-05-01T13:43:08Z
r44-0002959,jnguyen@summithealthpartners.com,Vendor Spend Analyzer,Build the board deck cash slide for Feb,SUCCESS,36.4,"FP&A Feb variance was $2,765,848 vs plan",2026-05-01T10:47:53Z
r44-0002960,pmartin@summithealthpartners.com,Cash Forecaster,What drove the change in gross margin this quarter?,FAIL,2.7,FAILED: null reference in aggregation step,2026-05-01T13:13:10Z
r44-0002961,pmartin@summithealthpartners.com,Headcount Planner,Explain the headcount variance vs plan,SUCCESS,74.1,"Treasury May variance was $3,785,370 vs plan",2026-05-01T09:05:56Z
r44-0002962,pmartin@summithealthpartners.com,Journal Entry Reviewer,Build the board deck cash slide for May,SUCCESS,32.7,"Accounting May variance was $2,111,689 vs plan",2026-05-01T08:36:04Z
r44-0002963,kperez@summithealthpartners.com,Cash Forecaster,Why did Accounting spend exceed budget in Jan?,SUCCESS,72.0,"Accounting Jan variance was $598,570 vs plan",2026-05-01T15:11:58Z
r44-0002964,jnguyen@summithealthpartners.com,Board Deck Builder,Explain the headcount variance vs plan,SUCCESS,24.3,"FP&A May variance was $3,411,408 vs plan",2026-05-01T11:03:18Z
r44-0002965,amoore@summithealthpartners.com,Revenue Recognizer,Which cost centers are over budget YTD?,SUCCESS,5.7,"Accounting Feb variance was $1,498,791 vs plan",2026-05-02T12:19:07Z
r44-0002966,jjohnson@summithealthpartners.com,Variance Explainer,Summarize the Jan variance for entity MX-06,SUCCESS,46.1,"Treasury Jan variance was $223,626 vs plan",2026-05-02T10:41:28Z
r44-0002967,jnguyen@summithealthpartners.com,Vendor Spend Analyzer,Check covenant compliance for the revolver,SUCCESS,0.8,error code 502 from model gateway,2026-05-02T11:28:57Z
r44-0002968,mlewis@summithealthpartners.com,Cash Forecaster,Which cost centers are over budget YTD?,SUCCESS,30.7,"Treasury Feb variance was $1,490,713 vs plan",2026-05-02T12:26:13Z
r44-0002969,pmartin@summithealthpartners.com,Close Checklist Bot,Build the board deck cash slide for Mar,SUCCESS,72.6,"FP&A Mar variance was $2,899,788 vs plan",2026-05-02T16:54:11Z
r44-0002970,pmartin@summithealthpartners.com,Budget vs Actual,Why did FP&A spend exceed budget in Jun?,SUCCESS,62.9,"FP&A Jun variance was $1,514,272 vs plan",2026-05-02T18:09:39Z
r44-0002971,pmartin@summithealthpartners.com,Vendor Spend Analyzer,Summarize the Feb variance for entity EU-08,SUCCESS,53.9,"FP&A Feb variance was $1,892,821 vs plan",2026-05-02T12:10:39Z
r44-0002972,amoore@summithealthpartners.com,Board Deck Builder,Forecast Mar operating cash flow,SUCCESS,49.7,"Treasury Mar variance was $3,031,033 vs plan",2026-05-02T13:32:11Z
r44-0002973,pmartin@summithealthpartners.com,AP Aging Analyst,What drove the change in gross margin this quarter?,PARTIAL,42.6,"Ops Jun variance was $3,677,738 vs plan",2026-05-02T18:43:10Z
r44-0002974,mlewis@summithealthpartners.com,Headcount Planner,What drove the change in gross margin this quarter?,SUCCESS,5.3,"FP&A May variance was $853,845 vs plan",2026-05-02T17:14:38Z
r44-0002975,mlewis@summithealthpartners.com,Journal Entry Reviewer,Check covenant compliance for the revolver,SUCCESS,28.4,"FP&A Jan variance was $3,285,384 vs plan",2026-05-02T08:27:42Z
r44-0002976,nhaddad@summithealthpartners.com,Close Checklist Bot,Reconcile AP aging over 90 days for MX-07,SUCCESS,32.5,"Ops Feb variance was $262,535 vs plan",2026-05-02T13:47:11Z
r44-0002977,pmartin@summithealthpartners.com,Journal Entry Reviewer,Which cost centers are over budget YTD?,SUCCESS,45.6,"Ops Jun variance was $2,118,528 vs plan",2026-05-02T13:28:11Z
r44-0002978,pmartin@summithealthpartners.com,Board Deck Builder,Draft flux commentary for the May close,SUCCESS,60.6,"Accounting May variance was $2,716,448 vs plan",2026-05-02T10:13:18Z
r44-0002979,jjohnson@summithealthpartners.com,Revenue Recognizer,Forecast Jan operating cash flow,SUCCESS,58.3,"Accounting Jan variance was $3,394,904 vs plan",2026-05-02T12:00:53Z
r44-0002980,jlewis@summithealthpartners.com,Budget vs Actual,Forecast May operating cash flow,SUCCESS,33.8,"Ops May variance was $3,265,908 vs plan",2026-05-02T12:08:43Z
r44-0002981,pmartin@summithealthpartners.com,Headcount Planner,What drove the change in gross margin this quarter?,SUCCESS,1.2,Traceback (most recent call last): KeyError 'entity',2026-05-02T12:42:14Z
r44-0002982,pmartin@summithealthpartners.com,Revenue Recognizer,What drove the change in gross margin this quarter?,FAIL,2.9,error code 502 from model gateway,2026-05-02T10:07:46Z
r44-0002983,pmartin@summithealthpartners.com,Board Deck Builder,Reconcile AP aging over 90 days for US-09,SUCCESS,70.5,"Accounting Jun variance was $1,496,661 vs plan",2026-05-02T15:00:26Z
r44-0002984,prodriguez@summithealthpartners.com,AP Aging Analyst,Reconcile AP aging over 90 days for CA-07,SUCCESS,18.2,"Treasury Jan variance was $537,959 vs plan",2026-05-02T13:47:26Z
r44-0002985,amoore@summithealthpartners.com,Headcount Planner,What drove the change in gross margin this quarter?,SUCCESS,42.3,"Ops Jan variance was $3,473,151 vs plan",2026-05-02T15:49:24Z
r44-0002986,jjohnson@summithealthpartners.com,Journal Entry Reviewer,Forecast May operating cash flow,SUCCESS,27.8,"Ops May variance was $1,207,714 vs plan",2026-05-02T15:19:44Z
r44-0002987,nhaddad@summithealthpartners.com,Journal Entry Reviewer,Which cost centers are over budget YTD?,SUCCESS,55.5,"Treasury Mar variance was $2,179,589 vs plan",2026-05-02T18:52:31Z
r44-0002988,nhaddad@summithealthpartners.com,Headcount Planner,Reconcile AP aging over 90 days for MX-02,SUCCESS,68.4,"Ops Feb variance was $87,123 vs plan",2026-05-02T12:28:12Z
r44-0002989,jjohnson@summithealthpartners.com,Variance Explainer,Why did Treasury spend exceed budget in Jun?,PARTIAL,12.2,"Treasury Jun variance was $1,856,290 vs plan",2026-05-02T13:47:13Z
r44-0002990,pmartin@summithealthpartners.com,Cash Forecaster,Reconcile AP aging over 90 days for MX-05,SUCCESS,26.3,"Treasury Feb variance was $68,443 vs plan",2026-05-02T13:47:17Z
r44-0002991,mlewis@summithealthpartners.com,Headcount Planner,What drove the change in gross margin this quarter?,SUCCESS,6.6,"Accounting Feb variance was $3,477,214 vs plan",2026-05-02T10:22:21Z
r44-0002992,amoore@summithealthpartners.com,Vendor Spend Analyzer,Which cost centers are over budget YTD?,PARTIAL,19.4,"Accounting Feb variance was $248,820 vs plan",2026-05-02T14:11:24Z
r44-0002993,amoore@summithealthpartners.com,Cash Forecaster,What drove the change in gross margin this quarter?,FAIL,3.0,Traceback (most recent call last): KeyError 'entity',2026-05-02T07:22:34Z
r44-0002994,jwilson@summithealthpartners.com,Revenue Recognizer,Which cost centers are over budget YTD?,SUCCESS,10.2,"Ops Jun variance was $952,554 vs plan",2026-05-03T11:07:08Z
r44-0002995,bjones@summithealthpartners.com,Variance Explainer,Explain the headcount variance vs plan,SUCCESS,23.6,"Accounting Mar variance was $3,217,377 vs plan",2026-05-03T13:41:31Z
r44-0002996,jwilliams@summithealthpartners.com,AP Aging Analyst,Build the board deck cash slide for Jun,SUCCESS,8.5,"Ops Jun variance was $1,149,261 vs plan",2026-05-03T07:06:25Z
r44-0002997,bjones@summithealthpartners.com,Board Deck Builder,Check covenant compliance for the revolver,SUCCESS,1.0,ERROR: upstream request timed out,2026-05-03T12:31:24Z
r44-0002998,amoore@summithealthpartners.com,Variance Explainer,Check covenant compliance for the revolver,SUCCESS,38.5,"Treasury Mar variance was $1,598,428 vs plan",2026-05-03T10:22:18Z
r44-0002999,jjohnson@summithealthpartners.com,Budget vs Actual,Explain the headcount variance vs plan,PARTIAL,66.8,"Ops Apr variance was $2,595,999 vs plan",2026-05-03T14:04:44Z
r44-0003000,pmartin@summithealthpartners.com,Revenue Recognizer,Why did Ops spend exceed budget in Feb?,PARTIAL,21.5,"Ops Feb variance was $3,976,039 vs plan",2026-05-03T13:06:10Z
r44-0003001,bjones@summithealthpartners.com,Variance Explainer,Check covenant compliance for the revolver,SUCCESS,65.6,"FP&A Feb variance was $743,885 vs plan",2026-05-03T12:48:33Z
r44-0003002,mharris@summithealthpartners.com,Covenant Checker,Explain the headcount variance vs plan,SUCCESS,26.7,"Treasury Jan variance was $2,650,651 vs plan",2026-05-03T10:34:43Z
r44-0003003,amoore@summithealthpartners.com,Headcount Planner,Reconcile AP aging over 90 days for MX-06,SUCCESS,47.4,"Treasury Mar variance was $1,344,069 vs plan",2026-05-03T10:28:48Z
r44-0003004,jjohnson@summithealthpartners.com,Budget vs Actual,Draft flux commentary for the Apr close,SUCCESS,8.4,"FP&A Apr variance was $3,301,807 vs plan",2026-05-03T18:45:27Z
r44-0003005,mlewis@summithealthpartners.com,Budget vs Actual,Forecast Feb operating cash flow,SUCCESS,53.9,"Treasury Feb variance was $4,577,278 vs plan",2026-05-03T13:04:12Z
r44-0003006,amoore@summithealthpartners.com,Budget vs Actual,Forecast Jun operating cash flow,SUCCESS,52.8,"Ops Jun variance was $104,128 vs plan",2026-05-03T09:01:25Z
r44-0003007,pmartin@summithealthpartners.com,AP Aging Analyst,Check covenant compliance for the revolver,SUCCESS,6.0,"Ops Jan variance was $1,988,065 vs plan",2026-05-03T10:54:09Z
r44-0003008,bjones@summithealthpartners.com,Revenue Recognizer,Summarize the Feb variance for entity EU-07,PARTIAL,31.4,"Treasury Feb variance was $1,599,833 vs plan",2026-05-03T14:07:24Z
r44-0003009,jwilliams@summithealthpartners.com,Revenue Recognizer,Reconcile AP aging over 90 days for MX-02,SUCCESS,27.8,"Accounting Jan variance was $2,068,131 vs plan",2026-05-03T09:14:18Z
r44-0003010,bjones@summithealthpartners.com,Covenant Checker,Summarize the May variance for entity US-09,SUCCESS,18.3,"Accounting May variance was $247,504 vs plan",2026-05-03T13:43:16Z
r44-0003011,pmartin@summithealthpartners.com,Covenant Checker,Explain the headcount variance vs plan,SUCCESS,55.5,"FP&A May variance was $2,626,658 vs plan",2026-05-03T12:03:46Z
r44-0003012,pmartin@summithealthpartners.com,Headcount Planner,What drove the change in gross margin this quarter?,SUCCESS,1.5,ERROR: upstream request timed out,2026-05-04T12:10:21Z
r44-0003013,jnguyen@summithealthpartners.com,Variance Explainer,Which cost centers are over budget YTD?,SUCCESS,19.9,"Accounting Apr variance was $2,192,327 vs plan",2026-05-04T14:15:04Z
r44-0003014,amoore@summithealthpartners.com,AP Aging Analyst,Build the board deck cash slide for Feb,SUCCESS,73.3,"Accounting Feb variance was $1,974,311 vs plan",2026-05-04T15:18:45Z
r44-0003015,pmartin@summithealthpartners.com,Vendor Spend Analyzer,Why did Treasury spend exceed budget in Jun?,SUCCESS,40.3,"Treasury Jun variance was $2,602,333 vs plan",2026-05-04T11:02:00Z
r44-0003016,amoore@summithealthpartners.com,Flux Commentary,Explain the headcount variance vs plan,PARTIAL,63.7,"Treasury Jun variance was $851,352 vs plan",2026-05-04T12:06:11Z
r44-0003017,amoore@summithealthpartners.com,Variance Explainer,Reconcile AP aging over 90 days for CA-02,SUCCESS,25.2,"Accounting Feb variance was $106,571 vs plan",2026-05-04T14:33:30Z
r44-0003018,amoore@summithealthpartners.com,Cash Forecaster,Forecast Feb operating cash flow,SUCCESS,24.4,"Treasury Feb variance was $984,497 vs plan",2026-05-04T17:39:40Z
r44-0003019,amoore@summithealthpartners.com,Vendor Spend Analyzer,Forecast Mar operating cash flow,SUCCESS,4.8,"Treasury Mar variance was $621,342 vs plan",2026-05-04T06:08:59Z
r44-0003020,nnguyen@summithealthpartners.com,Vendor Spend Analyzer,Forecast May operating cash flow,SUCCESS,16.1,"Treasury May variance was $1,274,962 vs plan",2026-05-04T13:47:06Z
r44-0003021,amoore@summithealthpartners.com,Flux Commentary,Why did Ops spend exceed budget in Mar?,SUCCESS,40.8,"Ops Mar variance was $281,328 vs plan",2026-05-04T10:44:11Z
r44-0003022,pmartin@summithealthpartners.com,Journal Entry Reviewer,Reconcile AP aging over 90 days for US-09,SUCCESS,71.9,"Accounting Mar variance was $2,965,910 vs plan",2026-05-04T12:00:03Z
r44-0003023,pmartin@summithealthpartners.com,Close Checklist Bot,Explain the headcount variance vs plan,FAIL,3.9,Traceback (most recent call last): KeyError 'entity',2026-05-04T16:12:07Z
r44-0003024,pmartin@summithealthpartners.com,Journal Entry Reviewer,Check covenant compliance for the revolver,SUCCESS,51.4,"Accounting Jan variance was $2,508,206 vs plan",2026-05-04T12:57:49Z
r44-0003025,jjohnson@summithealthpartners.com,Board Deck Builder,Forecast Mar operating cash flow,SUCCESS,36.4,"Treasury Mar variance was $3,727,178 vs plan",2026-05-04T10:43:40Z
r44-0003026,pmartin@summithealthpartners.com,Board Deck Builder,Why did Treasury spend exceed budget in May?,SUCCESS,10.3,"Treasury May variance was $3,047,022 vs plan",2026-05-04T09:10:54Z
r44-0003027,pmartin@summithealthpartners.com,Journal Entry Reviewer,Reconcile AP aging over 90 days for EU-03,SUCCESS,27.0,"Treasury Mar variance was $89,142 vs plan",2026-05-04T15:48:09Z
r44-0003028,amoore@summithealthpartners.com,Journal Entry Reviewer,Build the board deck cash slide for Mar,PARTIAL,27.5,"FP&A Mar variance was $2,761,841 vs plan",2026-05-04T17:54:32Z
r44-0003029,amoore@summithealthpartners.com,Revenue Recognizer,Check covenant compliance for the revolver,SUCCESS,0.8,error code 502 from model gateway,2026-05-04T18:57:57Z
r44-0003030,bjones@summithealthpartners.com,Cash Forecaster,Explain the headcount variance vs plan,FAIL,6.0,FAILED: null reference in aggregation step,2026-05-04T13:21:33Z
r44-0003031,dlopez2@summithealthpartners.com,Revenue Recognizer,Draft flux commentary for the Apr close,SUCCESS,19.3,"Treasury Apr variance was $4,001,269 vs plan",2026-05-04T15:32:43Z
r44-0003032,pmartin@summithealthpartners.com,Journal Entry Reviewer,Which cost centers are over budget YTD?,PARTIAL,61.6,"Accounting May variance was $2,604,352 vs plan",2026-05-04T13:06:08Z
r44-0003033,jwilson@summithealthpartners.com,Revenue Recognizer,Explain the headcount variance vs plan,SUCCESS,46.4,"Ops Mar variance was $2,211,437 vs plan",2026-05-04T12:03:08Z
r44-0003034,kperez@summithealthpartners.com,Covenant Checker,Why did FP&A spend exceed budget in May?,SUCCESS,10.1,"FP&A May variance was $1,845,646 vs plan",2026-05-04T09:35:52Z
r44-0003035,pmartin@summithealthpartners.com,Vendor Spend Analyzer,Explain the headcount variance vs plan,PARTIAL,21.7,"FP&A Apr variance was $3,440,488 vs plan",2026-05-04T13:13:58Z
r44-0003036,mlewis@summithealthpartners.com,Headcount Planner,Explain the headcount variance vs plan,SUCCESS,10.2,"FP&A Jun variance was $4,738,912 vs plan",2026-05-04T17:50:52Z
r44-0003037,amoore@summithealthpartners.com,Journal Entry Reviewer,What drove the change in gross margin this quarter?,SUCCESS,32.9,"Treasury Feb variance was $1,899,889 vs plan",2026-05-04T18:50:10Z
r44-0003038,pmartin@summithealthpartners.com,Budget vs Actual,What drove the change in gross margin this quarter?,SUCCESS,0.4,error code 502 from model gateway,2026-05-04T13:34:57Z
r44-0003039,amoore@summithealthpartners.com,Covenant Checker,Draft flux commentary for the Apr close,SUCCESS,64.6,"Accounting Apr variance was $636,483 vs plan",2026-05-04T11:43:15Z
r44-0003040,pmartin@summithealthpartners.com,Budget vs Actual,Why did Treasury spend exceed budget in Mar?,SUCCESS,12.8,"Treasury Mar variance was $4,190,442 vs plan",2026-05-04T18:25:58Z
r44-0003041,jwilliams@summithealthpartners.com,Board Deck Builder,Draft flux commentary for the Jan close,SUCCESS,0.7,error code 502 from model gateway,2026-05-04T12:41:16Z
r44-0003042,sbrown@summithealthpartners.com,Close Checklist Bot,Explain the headcount variance vs plan,SUCCESS,4.2,"Accounting Mar variance was $2,137,329 vs plan",2026-05-04T13:13:49Z
r44-0003043,prodriguez@summithealthpartners.com,Vendor Spend Analyzer,Draft flux commentary for the Apr close,SUCCESS,74.3,"Accounting Apr variance was $267,074 vs plan",2026-05-04T14:56:27Z
r44-0003044,jnguyen@summithealthpartners.com,Cash Forecaster,Why did Treasury spend exceed budget in Jun?,SUCCESS,12.8,"Treasury Jun variance was $4,378,852 vs plan",2026-05-04T14:39:52Z
r44-0003045,jnguyen@summithealthpartners.com,Vendor Spend Analyzer,Check covenant compliance for the revolver,SUCCESS,65.9,"Ops Mar variance was $1,289,880 vs plan",2026-05-04T13:09:49Z
r44-0003046,amoore@summithealthpartners.com,Cash Forecaster,Build the board deck cash slide for Apr,SUCCESS,18.9,"Ops Apr variance was $3,159,501 vs plan",2026-05-04T10:21:27Z
r44-0003047,bjones@summithealthpartners.com,Covenant Checker,Reconcile AP aging over 90 days for EU-07,FAIL,3.3,FAILED: null reference in aggregation step,2026-05-04T13:29:26Z
r44-0003048,pmartin@summithealthpartners.com,Flux Commentary,Forecast May operating cash flow,SUCCESS,68.8,"Ops May variance was $4,353,991 vs plan",2026-05-04T15:54:37Z
r44-0003049,pmartin@summithealthpartners.com,Flux Commentary,Explain the headcount variance vs plan,SUCCESS,50.9,"Ops Jan variance was $721,208 vs plan",2026-05-04T11:21:46Z
r44-0003050,amoore@summithealthpartners.com,Budget vs Actual,Reconcile AP aging over 90 days for CA-02,SUCCESS,35.4,"Accounting Apr variance was $4,775,257 vs plan",2026-05-04T15:10:51Z
r44-0003051,bjones@summithealthpartners.com,Flux Commentary,Reconcile AP aging over 90 days for EU-01,SUCCESS,53.6,"Accounting Apr variance was $3,470,192 vs plan",2026-05-04T12:16:24Z
r44-0003052,pmartin@summithealthpartners.com,Close Checklist Bot,Reconcile AP aging over 90 days for CA-02,SUCCESS,40.9,"Ops May variance was $3,846,005 vs plan",2026-05-04T09:23:44Z
r44-0003053,jjohnson@summithealthpartners.com,Covenant Checker,Summarize the Mar variance for entity US-02,PARTIAL,62.8,"FP&A Mar variance was $2,753,768 vs plan",2026-05-04T12:56:47Z
r44-0003054,pmartin@summithealthpartners.com,Close Checklist Bot,Which cost centers are over budget YTD?,SUCCESS,6.9,"Treasury Feb variance was $904,661 vs plan",2026-05-04T17:15:08Z
r44-0003055,bjones@summithealthpartners.com,Flux Commentary,Explain the headcount variance vs plan,SUCCESS,49.7,"FP&A Apr variance was $1,901,734 vs plan",2026-05-04T09:53:10Z
r44-0003056,jwilliams@summithealthpartners.com,Revenue Recognizer,Summarize the Jan variance for entity EU-03,SUCCESS,48.6,"Ops Jan variance was $4,278,310 vs plan",2026-05-04T17:16:27Z
r44-0003057,pmartin@summithealthpartners.com,AP Aging Analyst,Which cost centers are over budget YTD?,SUCCESS,51.8,"FP&A Apr variance was $1,470,272 vs plan",2026-05-04T17:17:25Z
r44-0003058,jnguyen@summithealthpartners.com,Revenue Recognizer,Explain the headcount variance vs plan,SUCCESS,39.2,"FP&A Mar variance was $4,611,254 vs plan",2026-05-04T11:04:07Z
r44-0003059,bjones@summithealthpartners.com,Vendor Spend Analyzer,Draft flux commentary for the Mar close,SUCCESS,21.7,"FP&A Mar variance was $3,075,454 vs plan",2026-05-04T15:55:55Z
r44-0003060,amoore@summithealthpartners.com,Cash Forecaster,Summarize the Mar variance for entity MX-03,PARTIAL,28.9,"Accounting Mar variance was $4,619,263 vs plan",2026-05-04T13:32:46Z
r44-0003061,kperez@summithealthpartners.com,Revenue Recognizer,Draft flux commentary for the Mar close,SUCCESS,18.1,"Ops Mar variance was $1,663,915 vs plan",2026-05-04T11:24:18Z
r44-0003062,pmartin@summithealthpartners.com,Flux Commentary,What drove the change in gross margin this quarter?,PARTIAL,5.5,"Accounting Mar variance was $2,693,371 vs plan",2026-05-04T07:34:33Z
r44-0003063,amoore@summithealthpartners.com,Close Checklist Bot,What drove the change in gross margin this quarter?,SUCCESS,40.4,"Treasury Apr variance was $2,254,409 vs plan",2026-05-04T16:26:35Z
r44-0003064,pmartin@summithealthpartners.com,Cash Forecaster,Why did Accounting spend exceed budget in Feb?,SUCCESS,36.0,"Accounting Feb variance was $4,617,533 vs plan",2026-05-04T12:37:51Z
r44-0003065,sdavis@summithealthpartners.com,Board Deck Builder,Check covenant compliance for the revolver,SUCCESS,0.7,Traceback (most recent call last): KeyError 'entity',2026-05-04T11:18:42Z
r44-0003066,sbrown@summithealthpartners.com,Variance Explainer,Check covenant compliance for the revolver,SUCCESS,56.8,"Accounting Apr variance was $243,564 vs plan",2026-05-04T08:28:11Z
r44-0003067,jnguyen@summithealthpartners.com,Revenue Recognizer,Which cost centers are over budget YTD?,SUCCESS,31.1,"Treasury Feb variance was $3,215,804 vs plan",2026-05-04T13:30:24Z
r44-0003068,nnguyen@summithealthpartners.com,Journal Entry Reviewer,Check covenant compliance for the revolver,SUCCESS,4.2,"Treasury Feb variance was $1,857,029 vs plan",2026-05-04T11:35:53Z
r44-0003069,jwilson@summithealthpartners.com,Revenue Recognizer,Which cost centers are over budget YTD?,SUCCESS,19.0,"FP&A Apr variance was $4,390,419 vs plan",2026-05-04T12:03:25Z
r44-0003070,amoore@summithealthpartners.com,Cash Forecaster,Build the board deck cash slide for Jun,SUCCESS,33.1,"Ops Jun variance was $1,141,502 vs plan",2026-05-04T16:54:20Z
r44-0003071,pmartin@summithealthpartners.com,Headcount Planner,Explain the headcount variance vs plan,SUCCESS,34.0,"Ops Feb variance was $25,802 vs plan",2026-05-04T13:55:52Z
r44-0003072,pmartin@summithealthpartners.com,Headcount Planner,Why did FP&A spend exceed budget in May?,SUCCESS,25.9,"FP&A May variance was $2,499,695 vs plan",2026-05-04T12:36:49Z
r44-0003073,jdavis@summithealthpartners.com,Close Checklist Bot,Draft flux commentary for the Mar close,SUCCESS,16.9,"Treasury Mar variance was $3,687,145 vs plan",2026-05-04T14:17:24Z
r44-0003074,amoore@summithealthpartners.com,Board Deck Builder,Why did Ops spend exceed budget in Mar?,SUCCESS,66.3,"Ops Mar variance was $4,098,375 vs plan",2026-05-04T16:46:37Z
r44-0003075,amoore@summithealthpartners.com,Cash Forecaster,Why did Treasury spend exceed budget in Feb?,SUCCESS,72.2,"Treasury Feb variance was $2,430,608 vs plan",2026-05-04T14:42:52Z
r44-0003076,amoore@summithealthpartners.com,AP Aging Analyst,Why did Accounting spend exceed budget in Feb?,SUCCESS,8.7,"Accounting Feb variance was $2,885,597 vs plan",2026-05-04T17:56:29Z
r44-0003077,mlewis@summithealthpartners.com,Close Checklist Bot,Draft flux commentary for the Feb close,SUCCESS,34.2,"Accounting Feb variance was $314,579 vs plan",2026-05-04T10:50:34Z
r44-0003078,jnguyen@summithealthpartners.com,Flux Commentary,Check covenant compliance for the revolver,SUCCESS,33.2,"FP&A Feb variance was $1,037,132 vs plan",2026-05-04T07:09:48Z
r44-0003079,jnguyen@summithealthpartners.com,Close Checklist Bot,Draft flux commentary for the Jun close,SUCCESS,55.1,"Treasury Jun variance was $3,192,146 vs plan",2026-05-04T11:36:47Z
r44-0003080,amoore@summithealthpartners.com,Variance Explainer,Summarize the May variance for entity MX-05,PARTIAL,55.9,"Accounting May variance was $2,853,287 vs plan",2026-05-04T18:10:00Z
r44-0003081,mharris@summithealthpartners.com,Covenant Checker,Build the board deck cash slide for May,SUCCESS,15.5,"Ops May variance was $970,433 vs plan",2026-05-04T07:10:04Z
r44-0003082,mlewis@summithealthpartners.com,Vendor Spend Analyzer,Forecast Mar operating cash flow,SUCCESS,50.9,"Ops Mar variance was $480,906 vs plan",2026-05-04T13:40:21Z
r44-0003083,amoore@summithealthpartners.com,Cash Forecaster,Reconcile AP aging over 90 days for MX-02,SUCCESS,3.0,"Treasury Mar variance was $4,442,720 vs plan",2026-05-04T13:43:21Z
r44-0003084,pmartin@summithealthpartners.com,Budget vs Actual,Explain the headcount variance vs plan,SUCCESS,1.6,error code 502 from model gateway,2026-05-04T19:44:43Z
r44-0003085,pmartin@summithealthpartners.com,Budget vs Actual,Why did Accounting spend exceed budget in Mar?,SUCCESS,19.1,"Accounting Mar variance was $1,635,325 vs plan",2026-05-04T15:21:24Z
r44-0003086,pmartin@summithealthpartners.com,Journal Entry Reviewer,What drove the change in gross margin this quarter?,SUCCESS,15.7,"Accounting Apr variance was $2,036,831 vs plan",2026-05-04T14:39:47Z
r44-0003087,pmartin@summithealthpartners.com,Covenant Checker,Explain the headcount variance vs plan,SUCCESS,23.9,"FP&A Mar variance was $264,813 vs plan",2026-05-04T11:19:57Z
r44-0003088,amoore@summithealthpartners.com,Board Deck Builder,Forecast Jun operating cash flow,SUCCESS,14.6,"Ops Jun variance was $4,495,292 vs plan",2026-05-04T15:47:27Z
r44-0003089,pmartin@summithealthpartners.com,Flux Commentary,Explain the headcount variance vs plan,SUCCESS,67.9,"Accounting Mar variance was $4,776,345 vs plan",2026-05-05T13:31:45Z
r44-0003090,pmartin@summithealthpartners.com,Vendor Spend Analyzer,Which cost centers are over budget YTD?,SUCCESS,35.5,"Ops Feb variance was $2,445,260 vs plan",2026-05-05T11:10:30Z
r44-0003091,jnguyen@summithealthpartners.com,Journal Entry Reviewer,Which cost centers are over budget YTD?,FAIL,3.4,Traceback (most recent call last): KeyError 'entity',2026-05-05T14:06:21Z
r44-0003092,prodriguez@summithealthpartners.com,Board Deck Builder,Explain the headcount variance vs plan,SUCCESS,32.3,"Ops Jan variance was $4,154,229 vs plan",2026-05-05T14:31:14Z
r44-0003093,bjones@summithealthpartners.com,Headcount Planner,Draft flux commentary for the Mar close,SUCCESS,72.0,"Accounting Mar variance was $2,745,522 vs plan",2026-05-05T11:12:56Z
r44-0003094,jnguyen@summithealthpartners.com,Cash Forecaster,Explain the headcount variance vs plan,SUCCESS,40.7,"Ops Apr variance was $3,227,181 vs plan",2026-05-05T13:50:48Z
r44-0003095,jjohnson@summithealthpartners.com,Vendor Spend Analyzer,Why did FP&A spend exceed budget in May?,SUCCESS,18.1,"FP&A May variance was $4,018,799 vs plan",2026-05-05T08:25:49Z
r44-0003096,pmartin@summithealthpartners.com,Headcount Planner,Reconcile AP aging over 90 days for EU-01,SUCCESS,0.7,error code 502 from model gateway,2026-05-05T12:15:10Z
r44-0003097,amoore@summithealthpartners.com,Vendor Spend Analyzer,Reconcile AP aging over 90 days for US-02,PARTIAL,28.4,"FP&A Jan variance was $2,514,429 vs plan",2026-05-05T13:17:57Z
r44-0003098,pmartin@summithealthpartners.com,Variance Explainer,Which cost centers are over budget YTD?,SUCCESS,55.6,"Ops May variance was $1,755,918 vs plan",2026-05-05T14:18:30Z
r44-0003099,jlewis@summithealthpartners.com,Cash Forecaster,Draft flux commentary for the Apr close,SUCCESS,60.4,"Ops Apr variance was $4,524,392 vs plan",2026-05-05T15:47:44Z
r44-0003100,jnguyen@summithealthpartners.com,Variance Explainer,Explain the headcount variance vs plan,SUCCESS,22.9,"FP&A Feb variance was $151,020 vs plan",2026-05-05T09:40:20Z
r44-0003101,jdavis@summithealthpartners.com,Close Checklist Bot,Summarize the Mar variance for entity US-05,SUCCESS,46.7,"Ops Mar variance was $4,045,481 vs plan",2026-05-05T15:52:53Z
r44-0003102,amoore@summithealthpartners.com,Budget vs Actual,Forecast Jan operating cash flow,SUCCESS,51.5,"Treasury Jan variance was $215,968 vs plan",2026-05-05T18:45:55Z
r44-0003103,jwilson@summithealthpartners.com,Revenue Recognizer,Build the board deck cash slide for Apr,SUCCESS,26.2,"FP&A Apr variance was $1,599,873 vs plan",2026-05-05T10:47:30Z
r44-0003104,amoore@summithealthpartners.com,Board Deck Builder,Which cost centers are over budget YTD?,SUCCESS,7.5,"Accounting Jun variance was $150,237 vs plan",2026-05-05T15:44:48Z
r44-0003105,jlewis@summithealthpartners.com,Vendor Spend Analyzer,Check covenant compliance for the revolver,SUCCESS,17.5,"Accounting Mar variance was $876,819 vs plan",2026-05-05T14:30:00Z
r44-0003106,amoore@summithealthpartners.com,Board Deck Builder,What drove the change in gross margin this quarter?,SUCCESS,57.7,"FP&A Jun variance was $2,313,902 vs plan",2026-05-05T06:19:33Z
r44-0003107,dlopez2@summithealthpartners.com,AP Aging Analyst,What drove the change in gross margin this quarter?,SUCCESS,18.2,"Accounting May variance was $4,010,253 vs plan",2026-05-05T16:31:59Z
r44-0003108,pmartin@summithealthpartners.com,Board Deck Builder,Check covenant compliance for the revolver,SUCCESS,8.6,"FP&A May variance was $3,401,253 vs plan",2026-05-05T16:49:52Z
r44-0003109,mharris@summithealthpartners.com,Revenue Recognizer,Check covenant compliance for the revolver,SUCCESS,48.0,"Accounting Jun variance was $2,637,903 vs plan",2026-05-05T17:53:00Z
r44-0003110,pmartin@summithealthpartners.com,Variance Explainer,What drove the change in gross margin this quarter?,SUCCESS,62.4,"Accounting Jun variance was $3,230,983 vs plan",2026-05-05T17:53:39Z
r44-0003111,pmartin@summithealthpartners.com,Budget vs Actual,Which cost centers are over budget YTD?,SUCCESS,71.1,"Accounting Jan variance was $3,812,968 vs plan",2026-05-05T12:19:57Z
r44-0003112,pmartin@summithealthpartners.com,Journal Entry Reviewer,Forecast Jan operating cash flow,SUCCESS,4.4,"Treasury Jan variance was $4,320,566 vs plan",2026-05-05T12:15:56Z
r44-0003113,mharris@summithealthpartners.com,Variance Explainer,Draft flux commentary for the Jun close,SUCCESS,36.4,"Ops Jun variance was $3,324,436 vs plan",2026-05-05T08:19:26Z
r44-0003114,pmartin@summithealthpartners.com,Headcount Planner,Explain the headcount variance vs plan,SUCCESS,72.3,"Ops Feb variance was $3,873,409 vs plan",2026-05-05T11:52:41Z
r44-0003115,bjones@summithealthpartners.com,Budget vs Actual,Forecast Apr operating cash flow,SUCCESS,23.2,"Ops Apr variance was $349,222 vs plan",2026-05-05T14:20:37Z
r44-0003116,mlewis@summithealthpartners.com,Covenant Checker,Check covenant compliance for the revolver,SUCCESS,29.4,"Ops Mar variance was $1,270,390 vs plan",2026-05-05T11:13:22Z
r44-0003117,jdavis@summithealthpartners.com,Close Checklist Bot,Which cost centers are over budget YTD?,SUCCESS,64.6,"FP&A Jun variance was $1,761,858 vs plan",2026-05-05T12:50:02Z
r44-0003118,pmartin@summithealthpartners.com,Vendor Spend Analyzer,Summarize the Jun variance for entity CA-07,SUCCESS,71.6,"FP&A Jun variance was $2,317,252 vs plan",2026-05-05T14:28:26Z
r44-0003119,amoore@summithealthpartners.com,Flux Commentary,What drove the change in gross margin this quarter?,FAIL,2.6,FAILED: null reference in aggregation step,2026-05-05T08:46:32Z
r44-0003120,mlewis@summithealthpartners.com,Headcount Planner,Forecast Jun operating cash flow,SUCCESS,68.0,"Accounting Jun variance was $4,429,575 vs plan",2026-05-05T18:29:27Z
r44-0003121,pmartin@summithealthpartners.com,Revenue Recognizer,Why did Treasury spend exceed budget in May?,SUCCESS,10.3,"Treasury May variance was $2,290,287 vs plan",2026-05-05T17:07:54Z
r44-0003122,pmartin@summithealthpartners.com,Headcount Planner,Draft flux commentary for the Feb close,SUCCESS,23.8,"Treasury Feb variance was $4,033,044 vs plan",2026-05-05T13:05:15Z
r44-0003123,amoore@summithealthpartners.com,Headcount Planner,Forecast Feb operating cash flow,SUCCESS,7.5,"Treasury Feb variance was $2,276,862 vs plan",2026-05-05T11:05:01Z
r44-0003124,bjones@summithealthpartners.com,Headcount Planner,Check covenant compliance for the revolver,SUCCESS,1.5,Traceback (most recent call last): KeyError 'entity',2026-05-05T14:28:22Z
r44-0003125,nhaddad@summithealthpartners.com,Covenant Checker,Why did Ops spend exceed budget in Jan?,SUCCESS,53.7,"Ops Jan variance was $2,868,623 vs plan",2026-05-05T07:31:43Z
r44-0003126,jjohnson@summithealthpartners.com,Close Checklist Bot,Forecast Jun operating cash flow,SUCCESS,38.5,"Ops Jun variance was $3,110,518 vs plan",2026-05-05T06:30:58Z
r44-0003127,pmartin@summithealthpartners.com,Covenant Checker,Draft flux commentary for the Apr close,SUCCESS,35.1,"FP&A Apr variance was $1,377,885 vs plan",2026-05-05T12:56:39Z
r44-0003128,amoore@summithealthpartners.com,AP Aging Analyst,Explain the headcount variance vs plan,SUCCESS,60.2,"Treasury May variance was $1,267,018 vs plan",2026-05-05T11:21:32Z
r44-0003129,amoore@summithealthpartners.com,Board Deck Builder,Why did FP&A spend exceed budget in Jun?,SUCCESS,71.8,"FP&A Jun variance was $4,157,372 vs plan",2026-05-05T18:53:56Z
r44-0003130,bjones@summithealthpartners.com,Variance Explainer,Build the board deck cash slide for Apr,SUCCESS,72.9,"Ops Apr variance was $1,884,473 vs plan",2026-05-05T06:40:38Z
r44-0003131,amoore@summithealthpartners.com,Close Checklist Bot,Reconcile AP aging over 90 days for US-07,SUCCESS,31.5,"Ops Mar variance was $3,950,711 vs plan",2026-05-05T17:49:33Z
r44-0003132,pmartin@summithealthpartners.com,Close Checklist Bot,Draft flux commentary for the May close,SUCCESS,0.7,error: connection reset by peer,2026-05-05T08:26:29Z
r44-0003133,nhaddad@summithealthpartners.com,Cash Forecaster,What drove the change in gross margin this quarter?,SUCCESS,13.9,"Treasury Jun variance was $4,439,115 vs plan",2026-05-05T12:37:40Z
r44-0003134,jdavis@summithealthpartners.com,AP Aging Analyst,Which cost centers are over budget YTD?,SUCCESS,5.9,"FP&A Jan variance was $939,739 vs plan",2026-05-05T09:29:13Z
r44-0003135,mlewis@summithealthpartners.com,Cash Forecaster,Check covenant compliance for the revolver,SUCCESS,36.7,"Treasury Mar variance was $3,181,061 vs plan",2026-05-05T07:55:51Z
r44-0003136,pmartin@summithealthpartners.com,Covenant Checker,Summarize the Apr variance for entity EU-09,SUCCESS,8.9,"FP&A Apr variance was $4,228,658 vs plan",2026-05-05T09:46:59Z
r44-0003137,amoore@summithealthpartners.com,Journal Entry Reviewer,Explain the headcount variance vs plan,SUCCESS,1.6,ERROR: upstream request timed out,2026-05-05T12:51:20Z
r44-0003138,bjones@summithealthpartners.com,Board Deck Builder,Summarize the May variance for entity US-06,SUCCESS,71.8,"FP&A May variance was $3,316,843 vs plan",2026-05-05T13:54:04Z
r44-0003139,pmartin@summithealthpartners.com,Variance Explainer,Draft flux commentary for the Mar close,SUCCESS,0.3,ERROR: upstream request timed out,2026-05-05T06:24:49Z
r44-0003140,bjones@summithealthpartners.com,AP Aging Analyst,Why did FP&A spend exceed budget in Jan?,SUCCESS,71.9,"FP&A Jan variance was $4,779,013 vs plan",2026-05-05T16:56:20Z
r44-0003141,bjones@summithealthpartners.com,Board Deck Builder,Forecast Feb operating cash flow,SUCCESS,1.0,ERROR: upstream request timed out,2026-05-05T09:42:58Z
r44-0003142,jjohnson@summithealthpartners.com,Headcount Planner,Reconcile AP aging over 90 days for EU-01,SUCCESS,36.4,"Ops Jan variance was $937,853 vs plan",2026-05-05T13:37:15Z
r44-0003143,mharris@summithealthpartners.com,Close Checklist Bot,What drove the change in gross margin this quarter?,PARTIAL,11.2,"Accounting May variance was $569,694 vs plan",2026-05-05T15:26:40Z
r44-0003144,sdavis@summithealthpartners.com,Journal Entry Reviewer,Summarize the May variance for entity US-09,SUCCESS,14.1,"Treasury May variance was $457,335 vs plan",2026-05-05T13:36:16Z
r44-0003145,pmartin@summithealthpartners.com,Journal Entry Reviewer,What drove the change in gross margin this quarter?,SUCCESS,41.1,"Treasury Jun variance was $4,296,239 vs plan",2026-05-05T17:22:57Z
r44-0003146,pmartin@summithealthpartners.com,Vendor Spend Analyzer,Why did Accounting spend exceed budget in Jan?,FAIL,5.0,error code 502 from model gateway,2026-05-05T12:34:49Z
r44-0003147,pmartin@summithealthpartners.com,Cash Forecaster,Summarize the Jun variance for entity MX-03,SUCCESS,48.5,"Ops Jun variance was $308,095 vs plan",2026-05-05T14:48:31Z
r44-0003148,jnguyen@summithealthpartners.com,Journal Entry Reviewer,Summarize the Apr variance for entity MX-03,SUCCESS,6.7,"FP&A Apr variance was $861,168 vs plan",2026-05-05T17:34:43Z
r44-0003149,mlewis@summithealthpartners.com,Board Deck Builder,Draft flux commentary for the May close,SUCCESS,0.3,FAILED: null reference in aggregation step,2026-05-05T15:56:42Z
r44-0003150,pmartin@summithealthpartners.com,Headcount Planner,Build the board deck cash slide for Jun,SUCCESS,38.8,"Ops Jun variance was $2,544,332 vs plan",2026-05-05T11:58:39Z
r44-0003151,pmartin@summithealthpartners.com,Flux Commentary,Reconcile AP aging over 90 days for CA-09,PARTIAL,15.4,"Ops May variance was $4,105,754 vs plan",2026-05-05T11:38:24Z
r44-0003152,pmartin@summithealthpartners.com,Revenue Recognizer,Which cost centers are over budget YTD?,SUCCESS,72.3,"Treasury Apr variance was $2,133,594 vs plan",2026-05-05T11:59:28Z
r44-0003153,jwilliams@summithealthpartners.com,AP Aging Analyst,Check covenant compliance for the revolver,PARTIAL,44.4,"Treasury Apr variance was $2,233,320 vs plan",2026-05-05T10:08:28Z
r44-0003154,pmartin@summithealthpartners.com,Vendor Spend Analyzer,Which cost centers are over budget YTD?,PARTIAL,25.2,"Accounting Apr variance was $2,025,446 vs plan",2026-05-05T12:19:13Z
r44-0003155,bjones@summithealthpartners.com,Headcount Planner,Check covenant compliance for the revolver,SUCCESS,27.5,"Accounting Mar variance was $3,726,892 vs plan",2026-05-05T08:00:15Z
r44-0003156,bjones@summithealthpartners.com,Budget vs Actual,Draft flux commentary for the Jun close,SUCCESS,1.0,FAILED: null reference in aggregation step,2026-05-05T16:31:53Z
r44-0003157,pmartin@summithealthpartners.com,AP Aging Analyst,Check covenant compliance for the revolver,SUCCESS,13.2,"FP&A Apr variance was $3,799,798 vs plan",2026-05-05T14:30:14Z
r44-0003158,nhaddad@summithealthpartners.com,AP Aging Analyst,Explain the headcount variance vs plan,SUCCESS,38.0,"Treasury Jan variance was $3,160,877 vs plan",2026-05-05T12:07:28Z
r44-0003159,pmartin@summithealthpartners.com,Vendor Spend Analyzer,Draft flux commentary for the Apr close,SUCCESS,43.8,"Ops Apr variance was $1,848,823 vs plan",2026-05-05T16:31:10Z
r44-0003160,pmartin@summithealthpartners.com,Variance Explainer,Summarize the Jun variance for entity EU-02,PARTIAL,73.3,"Accounting Jun variance was $2,923,127 vs plan",2026-05-05T14:34:39Z
r44-0003161,jnguyen@summithealthpartners.com,Revenue Recognizer,Reconcile AP aging over 90 days for MX-07,SUCCESS,19.7,"Treasury Mar variance was $2,542,797 vs plan",2026-05-05T15:51:38Z
r44-0003162,jwilliams@summithealthpartners.com,Variance Explainer,Which cost centers are over budget YTD?,FAIL,1.9,error: connection reset by peer,2026-05-05T09:29:18Z
r44-0003163,amoore@summithealthpartners.com,Close Checklist Bot,Draft flux commentary for the Mar close,SUCCESS,73.7,"FP&A Mar variance was $2,865,207 vs plan",2026-05-05T11:36:18Z
r44-0003164,pmartin@summithealthpartners.com,Revenue Recognizer,Explain the headcount variance vs plan,SUCCESS,73.5,"Treasury Apr variance was $629,235 vs plan",2026-05-06T13:18:20Z
r44-0003165,jnguyen@summithealthpartners.com,Vendor Spend Analyzer,Which cost centers are over budget YTD?,SUCCESS,65.9,"Ops Feb variance was $4,142,381 vs plan",2026-05-06T06:25:27Z
r44-0003166,pmartin@summithealthpartners.com,Flux Commentary,Forecast Jun operating cash flow,FAIL,1.1,Traceback (most recent call last): KeyError 'entity',2026-05-06T11:31:16Z
r44-0003167,amoore@summithealthpartners.com,Vendor Spend Analyzer,Summarize the May variance for entity CA-09,SUCCESS,0.9,FAILED: null reference in aggregation step,2026-05-06T10:26:49Z
r44-0003168,jwilliams@summithealthpartners.com,Revenue Recognizer,Forecast Jun operating cash flow,SUCCESS,61.3,"Ops Jun variance was $713,201 vs plan",2026-05-06T09:49:57Z
r44-0003169,pmartin@summithealthpartners.com,Flux Commentary,Summarize the Feb variance for entity CA-01,SUCCESS,67.8,"Accounting Feb variance was $3,961,551 vs plan",2026-05-06T09:55:25Z
r44-0003170,amoore@summithealthpartners.com,Journal Entry Reviewer,Which cost centers are over budget YTD?,SUCCESS,74.3,"Ops Mar variance was $1,175,397 vs plan",2026-05-06T13:12:25Z
r44-0003171,amoore@summithealthpartners.com,AP Aging Analyst,Explain the headcount variance vs plan,SUCCESS,69.1,"FP&A Apr variance was $1,659,511 vs plan",2026-05-06T09:35:50Z
r44-0003172,jnguyen@summithealthpartners.com,Revenue Recognizer,What drove the change in gross margin this quarter?,SUCCESS,35.4,"FP&A May variance was $3,584,056 vs plan",2026-05-06T11:03:17Z
r44-0003173,bjones@summithealthpartners.com,AP Aging Analyst,Reconcile AP aging over 90 days for MX-05,SUCCESS,66.6,"Treasury Feb variance was $4,561,415 vs plan",2026-05-06T15:07:36Z
r44-0003174,jdavis@summithealthpartners.com,Vendor Spend Analyzer,Why did Treasury spend exceed budget in Jan?,SUCCESS,48.6,"Treasury Jan variance was $4,129,580 vs plan",2026-05-06T18:28:14Z
r44-0003175,pmartin@summithealthpartners.com,Close Checklist Bot,What drove the change in gross margin this quarter?,SUCCESS,63.5,"Accounting Jun variance was $2,232,898 vs plan",2026-05-06T11:16:40Z
r44-0003176,sdavis@summithealthpartners.com,Variance Explainer,Explain the headcount variance vs plan,SUCCESS,7.9,"Ops Apr variance was $1,733,433 vs plan",2026-05-06T12:20:04Z
r44-0003177,pmartin@summithealthpartners.com,Close Checklist Bot,Reconcile AP aging over 90 days for MX-09,FAIL,5.2,error: connection reset by peer,2026-05-06T15:46:25Z
r44-0003178,pmartin@summithealthpartners.com,Vendor Spend Analyzer,Check covenant compliance for the revolver,SUCCESS,46.6,"FP&A Jan variance was $3,455,251 vs plan",2026-05-06T17:02:22Z
r44-0003179,jjohnson@summithealthpartners.com,Variance Explainer,Summarize the Mar variance for entity CA-04,SUCCESS,0.6,FAILED: null reference in aggregation step,2026-05-06T15:35:44Z
r44-0003180,bjones@summithealthpartners.com,Board Deck Builder,Reconcile AP aging over 90 days for US-04,PARTIAL,24.7,"Ops Jan variance was $1,525,203 vs plan",2026-05-06T18:00:04Z
r44-0003181,jwilliams@summithealthpartners.com,Vendor Spend Analyzer,Why did Treasury spend exceed budget in May?,SUCCESS,66.2,"Treasury May variance was $2,259,359 vs plan",2026-05-06T11:22:35Z
r44-0003182,pmartin@summithealthpartners.com,Journal Entry Reviewer,Check covenant compliance for the revolver,SUCCESS,22.0,"Ops Jan variance was $4,609,617 vs plan",2026-05-06T14:29:43Z
r44-0003183,pmartin@summithealthpartners.com,Flux Commentary,Summarize the Jun variance for entity MX-08,SUCCESS,21.0,"FP&A Jun variance was $3,831,457 vs plan",2026-05-06T15:02:51Z
r44-0003184,amoore@summithealthpartners.com,AP Aging Analyst,Explain the headcount variance vs plan,SUCCESS,53.9,"Ops Apr variance was $3,777,779 vs plan",2026-05-06T15:45:00Z
r44-0003185,bjones@summithealthpartners.com,Variance Explainer,Draft flux commentary for the Mar close,SUCCESS,33.5,"FP&A Mar variance was $2,753,030 vs plan",2026-05-06T18:07:04Z
r44-0003186,sbrown@summithealthpartners.com,Flux Commentary,Draft flux commentary for the Jun close,PARTIAL,74.7,"Accounting Jun variance was $3,472,971 vs plan",2026-05-06T15:17:29Z
r44-0003187,jjohnson@summithealthpartners.com,Board Deck Builder,Check covenant compliance for the revolver,SUCCESS,29.6,"Treasury Apr variance was $1,013,282 vs plan",2026-05-06T11:13:15Z
r44-0003188,pmartin@summithealthpartners.com,Flux Commentary,Check covenant compliance for the revolver,SUCCESS,39.7,"Ops Feb variance was $1,376,644 vs plan",2026-05-06T11:17:02Z
r44-0003189,jwilson@summithealthpartners.com,Cash Forecaster,Summarize the Jun variance for entity MX-04,SUCCESS,43.9,"Accounting Jun variance was $3,709,178 vs plan",2026-05-06T14:29:52Z
r44-0003190,pmartin@summithealthpartners.com,Vendor Spend Analyzer,Which cost centers are over budget YTD?,SUCCESS,38.9,"FP&A May variance was $1,576,866 vs plan",2026-05-06T11:52:32Z
r44-0003191,bjones@summithealthpartners.com,Flux Commentary,Why did FP&A spend exceed budget in May?,SUCCESS,36.6,"FP&A May variance was $4,524,947 vs plan",2026-05-06T13:25:11Z
r44-0003192,amoore@summithealthpartners.com,Headcount Planner,Build the board deck cash slide for May,FAIL,1.0,error: connection reset by peer,2026-05-06T11:22:59Z
r44-0003193,bjones@summithealthpartners.com,Budget vs Actual,Check covenant compliance for the revolver,SUCCESS,38.7,"Accounting May variance was $2,471,067 vs plan",2026-05-06T10:16:52Z
r44-0003194,jwilliams@summithealthpartners.com,AP Aging Analyst,What drove the change in gross margin this quarter?,SUCCESS,53.8,"Accounting Jan variance was $3,564,674 vs plan",2026-05-06T13:45:24Z
r44-0003195,jjohnson@summithealthpartners.com,Variance Explainer,Build the board deck cash slide for Feb,FAIL,1.3,FAILED: null reference in aggregation step,2026-05-06T16:41:43Z
r44-0003196,bjones@summithealthpartners.com,Covenant Checker,Build the board deck cash slide for May,SUCCESS,16.1,"Accounting May variance was $2,270,270 vs plan",2026-05-06T13:29:53Z
r44-0003197,pmartin@summithealthpartners.com,Revenue Recognizer,Which cost centers are over budget YTD?,SUCCESS,71.1,"Accounting Jun variance was $2,037,960 vs plan",2026-05-06T13:53:11Z
r44-0003198,jwilson@summithealthpartners.com,Variance Explainer,Which cost centers are over budget YTD?,PARTIAL,20.9,"Accounting Feb variance was $3,421,624 vs plan",2026-05-06T07:25:42Z
r44-0003199,jnguyen@summithealthpartners.com,Close Checklist Bot,Which cost centers are over budget YTD?,SUCCESS,35.0,"Ops Jan variance was $1,759,806 vs plan",2026-05-06T09:25:38Z
r44-0003200,pmartin@summithealthpartners.com,Board Deck Builder,What drove the change in gross margin this quarter?,SUCCESS,22.8,"Treasury Jan variance was $3,062,480 vs plan",2026-05-06T13:34:24Z
r44-0003201,jwilliams@summithealthpartners.com,Budget vs Actual,Forecast Apr operating cash flow,SUCCESS,43.8,"Accounting Apr variance was $4,105,516 vs plan",2026-05-06T14:07:03Z
r44-0003202,jwilson@summithealthpartners.com,Covenant Checker,Which cost centers are over budget YTD?,SUCCESS,64.5,"Ops Jun variance was $1,636,735 vs plan",2026-05-06T12:36:35Z
r44-0003203,bjones@summithealthpartners.com,Covenant Checker,Build the board deck cash slide for May,SUCCESS,64.9,"Accounting May variance was $4,253,177 vs plan",2026-05-06T08:39:07Z
r44-0003204,pmartin@summithealthpartners.com,Variance Explainer,Reconcile AP aging over 90 days for MX-09,SUCCESS,19.4,"Treasury Jan variance was $3,144,091 vs plan",2026-05-06T12:19:01Z
r44-0003205,jwilliams@summithealthpartners.com,Budget vs Actual,Why did Treasury spend exceed budget in Apr?,SUCCESS,34.7,"Treasury Apr variance was $3,805,198 vs plan",2026-05-06T13:49:02Z
r44-0003206,pmartin@summithealthpartners.com,Cash Forecaster,Which cost centers are over budget YTD?,SUCCESS,63.4,"FP&A Mar variance was $185,775 vs plan",2026-05-06T08:18:23Z
r44-0003207,pmartin@summithealthpartners.com,Flux Commentary,Build the board deck cash slide for Apr,SUCCESS,43.3,"Ops Apr variance was $1,633,945 vs plan",2026-05-06T12:01:59Z
r44-0003208,mlewis@summithealthpartners.com,Headcount Planner,Why did Treasury spend exceed budget in Mar?,SUCCESS,46.6,"Treasury Mar variance was $4,686,196 vs plan",2026-05-06T15:23:18Z
r44-0003209,pmartin@summithealthpartners.com,Vendor Spend Analyzer,Summarize the Jan variance for entity MX-04,SUCCESS,36.3,"Accounting Jan variance was $2,562,275 vs plan",2026-05-06T19:37:53Z
r44-0003210,nhaddad@summithealthpartners.com,Close Checklist Bot,Which cost centers are over budget YTD?,SUCCESS,26.5,"FP&A Jan variance was $2,736,523 vs plan",2026-05-06T17:59:40Z
r44-0003211,pmartin@summithealthpartners.com,Covenant Checker,Explain the headcount variance vs plan,SUCCESS,0.9,Traceback (most recent call last): KeyError 'entity',2026-05-07T18:44:39Z
r44-0003212,jnguyen@summithealthpartners.com,Close Checklist Bot,Draft flux commentary for the Jun close,SUCCESS,66.7,"Treasury Jun variance was $3,887,302 vs plan",2026-05-07T16:48:50Z
r44-0003213,jwilliams@summithealthpartners.com,Covenant Checker,Summarize the Feb variance for entity CA-02,SUCCESS,0.7,ERROR: upstream request timed out,2026-05-07T18:12:36Z
r44-0003214,pmartin@summithealthpartners.com,Covenant Checker,Which cost centers are over budget YTD?,SUCCESS,63.5,"FP&A May variance was $3,473,056 vs plan",2026-05-07T09:03:42Z
r44-0003215,jnguyen@summithealthpartners.com,Board Deck Builder,Explain the headcount variance vs plan,FAIL,1.0,ERROR: upstream request timed out,2026-05-07T10:17:35Z
r44-0003216,amoore@summithealthpartners.com,Close Checklist Bot,Reconcile AP aging over 90 days for MX-07,SUCCESS,21.7,"Treasury May variance was $4,240,554 vs plan",2026-05-07T08:36:07Z
r44-0003217,bjones@summithealthpartners.com,Flux Commentary,Summarize the Mar variance for entity US-05,SUCCESS,21.7,"Treasury Mar variance was $3,431,244 vs plan",2026-05-07T15:09:18Z
r44-0003218,pmartin@summithealthpartners.com,Cash Forecaster,Explain the headcount variance vs plan,SUCCESS,38.3,"Treasury May variance was $3,608,160 vs plan",2026-05-07T06:32:28Z
r44-0003219,amoore@summithealthpartners.com,Budget vs Actual,Summarize the Jan variance for entity US-05,SUCCESS,25.0,"FP&A Jan variance was $4,753,358 vs plan",2026-05-07T10:15:04Z
r44-0003220,amoore@summithealthpartners.com,Variance Explainer,Which cost centers are over budget YTD?,SUCCESS,13.7,"FP&A Jan variance was $2,091,075 vs plan",2026-05-07T10:20:28Z
r44-0003221,jdavis@summithealthpartners.com,Flux Commentary,Draft flux commentary for the May close,PARTIAL,56.7,"FP&A May variance was $2,425,385 vs plan",2026-05-07T16:21:46Z
r44-0003222,amoore@summithealthpartners.com,Cash Forecaster,Which cost centers are over budget YTD?,SUCCESS,0.9,ERROR: upstream request timed out,2026-05-07T09:57:22Z
r44-0003223,jjohnson@summithealthpartners.com,Headcount Planner,Forecast Jan operating cash flow,SUCCESS,14.1,"Accounting Jan variance was $1,219,278 vs plan",2026-05-07T13:51:01Z
r44-0003224,pmartin@summithealthpartners.com,Covenant Checker,Build the board deck cash slide for Feb,PARTIAL,34.2,"Ops Feb variance was $2,811,026 vs plan",2026-05-07T17:39:17Z
r44-0003225,amoore@summithealthpartners.com,Board Deck Builder,Forecast Jan operating cash flow,SUCCESS,17.4,"Ops Jan variance was $4,635,183 vs plan",2026-05-07T10:25:10Z
r44-0003226,pmartin@summithealthpartners.com,AP Aging Analyst,Draft flux commentary for the Jun close,SUCCESS,50.9,"Accounting Jun variance was $1,823,504 vs plan",2026-05-07T10:28:16Z
r44-0003227,bjones@summithealthpartners.com,Revenue Recognizer,Reconcile AP aging over 90 days for US-02,SUCCESS,40.8,"FP&A Apr variance was $4,100,201 vs plan",2026-05-07T15:09:26Z
r44-0003228,pmartin@summithealthpartners.com,AP Aging Analyst,What drove the change in gross margin this quarter?,SUCCESS,1.0,ERROR: upstream request timed out,2026-05-07T13:58:57Z
r44-0003229,kperez@summithealthpartners.com,Budget vs Actual,What drove the change in gross margin this quarter?,SUCCESS,40.4,"Ops Jan variance was $1,515,836 vs plan",2026-05-07T11:49:02Z
r44-0003230,dlopez2@summithealthpartners.com,Budget vs Actual,Forecast Feb operating cash flow,FAIL,6.7,Traceback (most recent call last): KeyError 'entity',2026-05-07T10:21:12Z
r44-0003231,nhaddad@summithealthpartners.com,Flux Commentary,Build the board deck cash slide for May,SUCCESS,18.1,"Accounting May variance was $2,902,558 vs plan",2026-05-07T14:22:27Z
r44-0003232,amoore@summithealthpartners.com,Cash Forecaster,Why did Treasury spend exceed budget in Apr?,SUCCESS,45.4,"Treasury Apr variance was $1,386,475 vs plan",2026-05-07T10:29:58Z
r44-0003233,pmartin@summithealthpartners.com,Vendor Spend Analyzer,Why did Ops spend exceed budget in May?,SUCCESS,48.6,"Ops May variance was $2,554,663 vs plan",2026-05-07T18:41:48Z
r44-0003234,bjones@summithealthpartners.com,Cash Forecaster,Reconcile AP aging over 90 days for CA-08,SUCCESS,37.3,"Treasury Apr variance was $4,486,729 vs plan",2026-05-07T16:49:57Z
r44-0003235,pmartin@summithealthpartners.com,Cash Forecaster,Why did Treasury spend exceed budget in Apr?,SUCCESS,69.0,"Treasury Apr variance was $2,854,838 vs plan",2026-05-07T08:52:42Z
r44-0003236,pmartin@summithealthpartners.com,Vendor Spend Analyzer,Which cost centers are over budget YTD?,SUCCESS,19.6,"Ops Mar variance was $3,798,908 vs plan",2026-05-07T13:07:56Z
r44-0003237,amoore@summithealthpartners.com,AP Aging Analyst,Build the board deck cash slide for Feb,FAIL,5.3,error code 502 from model gateway,2026-05-07T07:56:59Z
r44-0003238,amoore@summithealthpartners.com,Journal Entry Reviewer,Explain the headcount variance vs plan,SUCCESS,62.3,"FP&A Feb variance was $3,724,784 vs plan",2026-05-07T10:14:19Z
r44-0003239,mlewis@summithealthpartners.com,Journal Entry Reviewer,Why did FP&A spend exceed budget in Apr?,SUCCESS,11.1,"FP&A Apr variance was $992,790 vs plan",2026-05-07T13:12:41Z
r44-0003240,amoore@summithealthpartners.com,Covenant Checker,Summarize the Jan variance for entity US-08,SUCCESS,41.1,"FP&A Jan variance was $63,069 vs plan",2026-05-07T10:18:32Z
r44-0003241,amoore@summithealthpartners.com,Revenue Recognizer,Reconcile AP aging over 90 days for CA-08,SUCCESS,27.1,"FP&A Apr variance was $4,738,635 vs plan",2026-05-07T12:16:23Z
r44-0003242,pmartin@summithealthpartners.com,Cash Forecaster,What drove the change in gross margin this quarter?,SUCCESS,65.6,"Accounting May variance was $1,808,990 vs plan",2026-05-07T16:23:03Z
r44-0003243,pmartin@summithealthpartners.com,Headcount Planner,Summarize the Jun variance for entity CA-04,SUCCESS,18.7,"Accounting Jun variance was $499,263 vs plan",2026-05-07T15:05:58Z
r44-0003244,pmartin@summithealthpartners.com,Revenue Recognizer,What drove the change in gross margin this quarter?,SUCCESS,5.7,"Accounting Mar variance was $3,646,796 vs plan",2026-05-07T11:53:00Z
r44-0003245,pmartin@summithealthpartners.com,Revenue Recognizer,Draft flux commentary for the Apr close,PARTIAL,8.5,"Accounting Apr variance was $3,244,393 vs plan",2026-05-07T14:38:51Z
r44-0003246,pmartin@summithealthpartners.com,Board Deck Builder,Forecast Feb operating cash flow,SUCCESS,44.0,"FP&A Feb variance was $390,283 vs plan",2026-05-07T16:29:50Z
r44-0003247,jnguyen@summithealthpartners.com,Board Deck Builder,Build the board deck cash slide for Apr,SUCCESS,7.3,"Ops Apr variance was $4,697,618 vs plan",2026-05-07T12:12:50Z
r44-0003248,pmartin@summithealthpartners.com,Board Deck Builder,Explain the headcount variance vs plan,PARTIAL,25.7,"Ops Mar variance was $949,114 vs plan",2026-05-07T18:28:57Z
r44-0003249,pmartin@summithealthpartners.com,Board Deck Builder,What drove the change in gross margin this quarter?,SUCCESS,66.7,"FP&A May variance was $4,012,467 vs plan",2026-05-07T20:55:16Z
r44-0003250,jnguyen@summithealthpartners.com,Covenant Checker,Forecast May operating cash flow,SUCCESS,71.7,"Treasury May variance was $1,691,562 vs plan",2026-05-07T10:27:04Z
r44-0003251,pmartin@summithealthpartners.com,Board Deck Builder,Reconcile AP aging over 90 days for MX-04,PARTIAL,55.3,"Accounting Feb variance was $589,627 vs plan",2026-05-07T17:09:31Z
r44-0003252,mlewis@summithealthpartners.com,Budget vs Actual,Summarize the Feb variance for entity CA-03,SUCCESS,27.3,"Accounting Feb variance was $2,571,483 vs plan",2026-05-07T14:09:45Z
r44-0003253,jnguyen@summithealthpartners.com,Covenant Checker,Why did Ops spend exceed budget in Jun?,SUCCESS,48.5,"Ops Jun variance was $4,303,013 vs plan",2026-05-07T15:34:35Z
r44-0003254,pmartin@summithealthpartners.com,Cash Forecaster,Check covenant compliance for the revolver,SUCCESS,1.2,FAILED: null reference in aggregation step,2026-05-07T11:40:08Z
r44-0003255,amoore@summithealthpartners.com,Revenue Recognizer,Check covenant compliance for the revolver,SUCCESS,35.1,"Treasury May variance was $2,317,720 vs plan",2026-05-07T09:06:25Z
r44-0003256,pmartin@summithealthpartners.com,Variance Explainer,Explain the headcount variance vs plan,PARTIAL,61.9,"Treasury Apr variance was $1,594,639 vs plan",2026-05-07T15:18:49Z
r44-0003257,amoore@summithealthpartners.com,Close Checklist Bot,Check covenant compliance for the revolver,SUCCESS,59.7,"Ops Jun variance was $3,217,085 vs plan",2026-05-07T10:07:26Z
r44-0003258,pmartin@summithealthpartners.com,Revenue Recognizer,Build the board deck cash slide for Feb,SUCCESS,54.0,"Accounting Feb variance was $2,036,870 vs plan",2026-05-07T08:11:18Z
r44-0003259,pmartin@summithealthpartners.com,Vendor Spend Analyzer,Forecast Feb operating cash flow,SUCCESS,74.4,"Treasury Feb variance was $1,646,941 vs plan",2026-05-07T17:23:08Z
r44-0003260,pmartin@summithealthpartners.com,Revenue Recognizer,Forecast Mar operating cash flow,SUCCESS,28.9,"Ops Mar variance was $650,051 vs plan",2026-05-07T16:13:12Z
r44-0003261,kperez@summithealthpartners.com,Board Deck Builder,Why did Accounting spend exceed budget in Jan?,SUCCESS,18.9,"Accounting Jan variance was $581,956 vs plan",2026-05-07T17:40:29Z
r44-0003262,bjones@summithealthpartners.com,Journal Entry Reviewer,Why did Ops spend exceed budget in May?,SUCCESS,38.5,"Ops May variance was $3,085,205 vs plan",2026-05-07T09:27:03Z
r44-0003263,pmartin@summithealthpartners.com,Journal Entry Reviewer,Why did FP&A spend exceed budget in Jun?,SUCCESS,50.2,"FP&A Jun variance was $3,217,548 vs plan",2026-05-07T13:56:01Z
r44-0003264,pmartin@summithealthpartners.com,Revenue Recognizer,Explain the headcount variance vs plan,PARTIAL,33.8,"Accounting Jun variance was $4,458,471 vs plan",2026-05-07T13:15:02Z
r44-0003265,pmartin@summithealthpartners.com,Close Checklist Bot,Check covenant compliance for the revolver,SUCCESS,25.3,"Treasury May variance was $1,032,300 vs plan",2026-05-07T18:04:21Z
r44-0003266,pmartin@summithealthpartners.com,Board Deck Builder,Draft flux commentary for the May close,SUCCESS,71.3,"Treasury May variance was $54,928 vs plan",2026-05-07T12:49:35Z
r44-0003267,jwilliams@summithealthpartners.com,Revenue Recognizer,Forecast Jun operating cash flow,PARTIAL,35.2,"Ops Jun variance was $2,518,714 vs plan",2026-05-07T11:23:00Z
r44-0003268,bjones@summithealthpartners.com,Vendor Spend Analyzer,What drove the change in gross margin this quarter?,PARTIAL,24.1,"Ops Jan variance was $2,639,987 vs plan",2026-05-07T14:41:15Z
r44-0003269,prodriguez@summithealthpartners.com,Flux Commentary,Explain the headcount variance vs plan,SUCCESS,20.4,"FP&A Jan variance was $997,808 vs plan",2026-05-07T08:30:47Z
r44-0003270,pmartin@summithealthpartners.com,Headcount Planner,Why did Ops spend exceed budget in Feb?,SUCCESS,16.4,"Ops Feb variance was $2,738,385 vs plan",2026-05-08T08:01:07Z
r44-0003271,bjones@summithealthpartners.com,AP Aging Analyst,Draft flux commentary for the Jan close,PARTIAL,56.5,"Ops Jan variance was $2,228,147 vs plan",2026-05-08T06:31:00Z
r44-0003272,pmartin@summithealthpartners.com,Flux Commentary,What drove the change in gross margin this quarter?,SUCCESS,74.7,"Treasury Mar variance was $4,149,351 vs plan",2026-05-08T13:25:01Z
r44-0003273,nnguyen@summithealthpartners.com,Headcount Planner,Reconcile AP aging over 90 days for US-05,SUCCESS,42.7,"Accounting Apr variance was $448,371 vs plan",2026-05-08T10:32:34Z
r44-0003274,pmartin@summithealthpartners.com,Board Deck Builder,Explain the headcount variance vs plan,SUCCESS,1.3,error: connection reset by peer,2026-05-08T07:45:07Z
r44-0003275,kperez@summithealthpartners.com,Close Checklist Bot,What drove the change in gross margin this quarter?,SUCCESS,39.1,"Ops Jun variance was $4,095,997 vs plan",2026-05-08T15:59:10Z
r44-0003276,pmartin@summithealthpartners.com,AP Aging Analyst,Summarize the Feb variance for entity EU-09,PARTIAL,72.8,"Ops Feb variance was $138,914 vs plan",2026-05-08T14:31:20Z
r44-0003277,bjones@summithealthpartners.com,Covenant Checker,Forecast Apr operating cash flow,SUCCESS,67.4,"Ops Apr variance was $2,680,750 vs plan",2026-05-08T19:31:05Z
r44-0003278,mlewis@summithealthpartners.com,Budget vs Actual,Why did Ops spend exceed budget in Mar?,SUCCESS,69.7,"Ops Mar variance was $3,008,499 vs plan",2026-05-08T13:19:02Z
r44-0003279,bjones@summithealthpartners.com,Flux Commentary,Forecast Feb operating cash flow,SUCCESS,0.3,FAILED: null reference in aggregation step,2026-05-08T15:44:31Z
r44-0003280,pmartin@summithealthpartners.com,Headcount Planner,Summarize the May variance for entity CA-04,SUCCESS,36.2,"FP&A May variance was $2,920,789 vs plan",2026-05-08T09:29:10Z
r44-0003281,mlewis@summithealthpartners.com,AP Aging Analyst,Check covenant compliance for the revolver,SUCCESS,57.7,"Ops Mar variance was $2,920,392 vs plan",2026-05-08T14:07:38Z
r44-0003282,bjones@summithealthpartners.com,Cash Forecaster,Draft flux commentary for the Mar close,SUCCESS,23.8,"Treasury Mar variance was $3,593,999 vs plan",2026-05-08T20:04:50Z
r44-0003283,bjones@summithealthpartners.com,Covenant Checker,Reconcile AP aging over 90 days for CA-09,FAIL,4.6,error code 502 from model gateway,2026-05-08T11:47:00Z
r44-0003284,pmartin@summithealthpartners.com,Board Deck Builder,Reconcile AP aging over 90 days for US-02,SUCCESS,63.4,"Accounting Mar variance was $3,577,800 vs plan",2026-05-08T14:01:29Z
r44-0003285,bjones@summithealthpartners.com,Variance Explainer,Forecast Mar operating cash flow,SUCCESS,73.5,"Treasury Mar variance was $3,592,716 vs plan",2026-05-08T11:03:52Z
r44-0003286,amoore@summithealthpartners.com,Board Deck Builder,Which cost centers are over budget YTD?,SUCCESS,43.7,"Accounting Mar variance was $2,541,654 vs plan",2026-05-08T08:16:03Z
r44-0003287,prodriguez@summithealthpartners.com,Revenue Recognizer,Draft flux commentary for the Mar close,SUCCESS,40.2,"Ops Mar variance was $924,140 vs plan",2026-05-08T17:15:19Z
r44-0003288,pmartin@summithealthpartners.com,Cash Forecaster,Why did Ops spend exceed budget in Jan?,SUCCESS,46.9,"Ops Jan variance was $1,628,415 vs plan",2026-05-08T09:06:37Z
r44-0003289,pmartin@summithealthpartners.com,Covenant Checker,What drove the change in gross margin this quarter?,SUCCESS,15.3,"Ops Jan variance was $118,864 vs plan",2026-05-08T13:43:58Z
r44-0003290,pmartin@summithealthpartners.com,Board Deck Builder,Reconcile AP aging over 90 days for US-04,FAIL,5.7,error code 502 from model gateway,2026-05-08T15:58:08Z
r44-0003291,amoore@summithealthpartners.com,Vendor Spend Analyzer,Why did Treasury spend exceed budget in Mar?,SUCCESS,51.8,"Treasury Mar variance was $3,776,619 vs plan",2026-05-08T18:34:12Z
r44-0003292,amoore@summithealthpartners.com,Close Checklist Bot,Why did Accounting spend exceed budget in Apr?,SUCCESS,65.1,"Accounting Apr variance was $2,766,745 vs plan",2026-05-08T16:13:14Z
r44-0003293,amoore@summithealthpartners.com,Cash Forecaster,Draft flux commentary for the Apr close,SUCCESS,46.7,"Treasury Apr variance was $2,588,670 vs plan",2026-05-08T13:31:01Z
r44-0003294,pmartin@summithealthpartners.com,Revenue Recognizer,Draft flux commentary for the Jun close,SUCCESS,43.0,"FP&A Jun variance was $2,790,939 vs plan",2026-05-08T13:35:59Z
r44-0003295,jlewis@summithealthpartners.com,Flux Commentary,What drove the change in gross margin this quarter?,SUCCESS,74.4,"Accounting Jun variance was $1,323,310 vs plan",2026-05-08T14:14:32Z
r44-0003296,nhaddad@summithealthpartners.com,Flux Commentary,Explain the headcount variance vs plan,SUCCESS,60.9,"FP&A May variance was $4,778,879 vs plan",2026-05-08T13:30:21Z
r44-0003297,jjohnson@summithealthpartners.com,Close Checklist Bot,Build the board deck cash slide for Apr,SUCCESS,1.1,error code 502 from model gateway,2026-05-08T15:23:23Z
r44-0003298,pmartin@summithealthpartners.com,Revenue Recognizer,Check covenant compliance for the revolver,SUCCESS,13.0,"Treasury Jan variance was $581,516 vs plan",2026-05-08T13:46:38Z
r44-0003299,amoore@summithealthpartners.com,Journal Entry Reviewer,Which cost centers are over budget YTD?,SUCCESS,40.0,"FP&A Apr variance was $1,919,475 vs plan",2026-05-08T09:49:32Z
r44-0003300,bjones@summithealthpartners.com,Cash Forecaster,Forecast Jan operating cash flow,SUCCESS,43.1,"Ops Jan variance was $142,457 vs plan",2026-05-08T10:05:01Z
r44-0003301,bjones@summithealthpartners.com,Budget vs Actual,Why did FP&A spend exceed budget in Apr?,SUCCESS,8.5,"FP&A Apr variance was $2,251,259 vs plan",2026-05-08T11:43:43Z
r44-0003302,amoore@summithealthpartners.com,Covenant Checker,Forecast May operating cash flow,SUCCESS,25.9,"Accounting May variance was $3,820,990 vs plan",2026-05-08T16:13:45Z
r44-0003303,pmartin@summithealthpartners.com,Flux Commentary,Summarize the Feb variance for entity MX-07,SUCCESS,35.1,"Ops Feb variance was $782,263 vs plan",2026-05-08T17:15:14Z
r44-0003304,pmartin@summithealthpartners.com,Vendor Spend Analyzer,Reconcile AP aging over 90 days for EU-06,SUCCESS,50.9,"FP&A Feb variance was $1,165,055 vs plan",2026-05-08T17:39:59Z
r44-0003305,bjones@summithealthpartners.com,Cash Forecaster,Why did FP&A spend exceed budget in Feb?,PARTIAL,63.8,"FP&A Feb variance was $2,907,524 vs plan",2026-05-08T15:16:46Z
r44-0003306,bjones@summithealthpartners.com,Covenant Checker,What drove the change in gross margin this quarter?,SUCCESS,32.6,"FP&A May variance was $4,357,954 vs plan",2026-05-08T06:51:06Z
r44-0003307,pmartin@summithealthpartners.com,Close Checklist Bot,Which cost centers are over budget YTD?,SUCCESS,59.1,"Ops Feb variance was $2,765,261 vs plan",2026-05-08T10:45:58Z
r44-0003308,pmartin@summithealthpartners.com,Variance Explainer,Draft flux commentary for the May close,FAIL,7.5,error: connection reset by peer,2026-05-08T10:36:24Z
r44-0003309,nhaddad@summithealthpartners.com,Headcount Planner,Which cost centers are over budget YTD?,SUCCESS,62.7,"Accounting Feb variance was $2,719,553 vs plan",2026-05-08T12:51:15Z
r44-0003310,bjones@summithealthpartners.com,Headcount Planner,Summarize the Mar variance for entity US-03,SUCCESS,48.5,"Ops Mar variance was $4,270,849 vs plan",2026-05-08T11:09:50Z
r44-0003311,amoore@summithealthpartners.com,Cash Forecaster,Build the board deck cash slide for Feb,SUCCESS,1.3,FAILED: null reference in aggregation step,2026-05-08T09:12:56Z
r44-0003312,pmartin@summithealthpartners.com,Headcount Planner,Draft flux commentary for the Feb close,SUCCESS,50.6,"Treasury Feb variance was $4,283,950 vs plan",2026-05-08T13:53:34Z
r44-0003313,pmartin@summithealthpartners.com,Vendor Spend Analyzer,Reconcile AP aging over 90 days for EU-05,SUCCESS,33.2,"Treasury Mar variance was $2,166,257 vs plan",2026-05-09T07:51:56Z
r44-0003314,mharris@summithealthpartners.com,Variance Explainer,Reconcile AP aging over 90 days for CA-03,SUCCESS,28.6,"Treasury Jun variance was $2,562,713 vs plan",2026-05-09T07:47:38Z
r44-0003315,pmartin@summithealthpartners.com,Flux Commentary,Summarize the Feb variance for entity US-06,SUCCESS,46.7,"Treasury Feb variance was $2,392,931 vs plan",2026-05-09T15:03:57Z
r44-0003316,bjones@summithealthpartners.com,Close Checklist Bot,What drove the change in gross margin this quarter?,PARTIAL,35.6,"Accounting Feb variance was $2,314,709 vs plan",2026-05-09T13:15:34Z
r44-0003317,pmartin@summithealthpartners.com,Budget vs Actual,Summarize the Feb variance for entity CA-05,SUCCESS,64.6,"FP&A Feb variance was $1,928,504 vs plan",2026-05-09T12:28:32Z
r44-0003318,amoore@summithealthpartners.com,Headcount Planner,Draft flux commentary for the Mar close,SUCCESS,55.2,"Treasury Mar variance was $1,556,433 vs plan",2026-05-09T09:46:40Z
r44-0003319,pmartin@summithealthpartners.com,Flux Commentary,Why did Treasury spend exceed budget in Apr?,SUCCESS,32.4,"Treasury Apr variance was $1,146,417 vs plan",2026-05-09T15:41:46Z
r44-0003320,pmartin@summithealthpartners.com,Budget vs Actual,Why did FP&A spend exceed budget in Jan?,SUCCESS,11.3,"FP&A Jan variance was $814,115 vs plan",2026-05-09T10:13:02Z
r44-0003321,pmartin@summithealthpartners.com,Budget vs Actual,Explain the headcount variance vs plan,SUCCESS,16.4,"Accounting May variance was $2,728,267 vs plan",2026-05-09T12:38:29Z
r44-0003322,jnguyen@summithealthpartners.com,Board Deck Builder,Why did FP&A spend exceed budget in Mar?,PARTIAL,58.7,"FP&A Mar variance was $4,235,559 vs plan",2026-05-09T12:39:58Z
r44-0003323,dlopez2@summithealthpartners.com,Budget vs Actual,Which cost centers are over budget YTD?,SUCCESS,62.6,"Treasury Feb variance was $15,953 vs plan",2026-05-09T09:18:03Z
r44-0003324,bjones@summithealthpartners.com,Journal Entry Reviewer,Reconcile AP aging over 90 days for EU-06,SUCCESS,21.3,"Accounting May variance was $4,134,807 vs plan",2026-05-09T15:48:30Z
r44-0003325,bjones@summithealthpartners.com,Journal Entry Reviewer,Summarize the Mar variance for entity MX-09,SUCCESS,43.5,"Treasury Mar variance was $649,845 vs plan",2026-05-09T16:40:01Z
r44-0003326,pmartin@summithealthpartners.com,Budget vs Actual,What drove the change in gross margin this quarter?,SUCCESS,22.5,"Treasury Mar variance was $1,555,557 vs plan",2026-05-09T09:54:47Z
r44-0003327,jdavis@summithealthpartners.com,AP Aging Analyst,Forecast Jun operating cash flow,SUCCESS,13.9,"Ops Jun variance was $1,225,239 vs plan",2026-05-09T15:37:48Z
r44-0003328,jjohnson@summithealthpartners.com,Variance Explainer,Explain the headcount variance vs plan,SUCCESS,9.9,"Ops Apr variance was $782,819 vs plan",2026-05-10T10:02:19Z
r44-0003329,amoore@summithealthpartners.com,Variance Explainer,Draft flux commentary for the Jan close,SUCCESS,0.3,error: connection reset by peer,2026-05-10T11:46:07Z
r44-0003330,amoore@summithealthpartners.com,Close Checklist Bot,What drove the change in gross margin this quarter?,SUCCESS,7.9,"Accounting Mar variance was $2,951,246 vs plan",2026-05-10T13:35:04Z
r44-0003331,amoore@summithealthpartners.com,Revenue Recognizer,Build the board deck cash slide for Jun,SUCCESS,25.1,"Ops Jun variance was $2,136,384 vs plan",2026-05-10T15:17:19Z
r44-0003332,jnguyen@summithealthpartners.com,Headcount Planner,Summarize the Feb variance for entity US-01,PARTIAL,35.7,"FP&A Feb variance was $4,163,581 vs plan",2026-05-10T12:52:12Z
r44-0003333,jnguyen@summithealthpartners.com,Budget vs Actual,Forecast Jun operating cash flow,SUCCESS,5.1,"Ops Jun variance was $4,596,729 vs plan",2026-05-10T14:17:55Z
r44-0003334,amoore@summithealthpartners.com,Revenue Recognizer,Forecast Apr operating cash flow,SUCCESS,69.6,"FP&A Apr variance was $810,208 vs plan",2026-05-10T13:42:32Z
r44-0003335,pmartin@summithealthpartners.com,Close Checklist Bot,Summarize the Mar variance for entity US-09,SUCCESS,11.9,"Ops Mar variance was $4,130,062 vs plan",2026-05-10T11:14:52Z
r44-0003336,sbrown@summithealthpartners.com,Revenue Recognizer,Check covenant compliance for the revolver,SUCCESS,26.0,"Treasury Feb variance was $3,270,111 vs plan",2026-05-10T14:28:31Z
r44-0003337,pmartin@summithealthpartners.com,Revenue Recognizer,Forecast Feb operating cash flow,SUCCESS,29.1,"Ops Feb variance was $4,325,668 vs plan",2026-05-10T12:21:52Z
r44-0003338,jnguyen@summithealthpartners.com,Headcount Planner,Why did Ops spend exceed budget in May?,SUCCESS,0.6,FAILED: null reference in aggregation step,2026-05-10T15:37:02Z
r44-0003339,pmartin@summithealthpartners.com,Close Checklist Bot,What drove the change in gross margin this quarter?,SUCCESS,40.5,"Accounting Jan variance was $2,826,925 vs plan",2026-05-10T14:17:07Z
r44-0003340,jwilson@summithealthpartners.com,Flux Commentary,Why did Ops spend exceed budget in May?,SUCCESS,10.9,"Ops May variance was $4,112,501 vs plan",2026-05-10T11:28:42Z
r44-0003341,dlopez2@summithealthpartners.com,Headcount Planner,Reconcile AP aging over 90 days for US-03,SUCCESS,3.8,"Accounting Jun variance was $2,266,283 vs plan",2026-05-10T19:01:58Z
r44-0003342,pmartin@summithealthpartners.com,Revenue Recognizer,Explain the headcount variance vs plan,SUCCESS,66.2,"Accounting May variance was $3,428,461 vs plan",2026-05-10T10:46:46Z
r44-0003343,sbrown@summithealthpartners.com,Close Checklist Bot,Which cost centers are over budget YTD?,SUCCESS,27.1,"Accounting Mar variance was $4,704,346 vs plan",2026-05-10T08:08:14Z
r44-0003344,jjohnson@summithealthpartners.com,Revenue Recognizer,Build the board deck cash slide for Mar,SUCCESS,70.5,"Treasury Mar variance was $261,124 vs plan",2026-05-10T11:58:14Z
r44-0003345,pmartin@summithealthpartners.com,Covenant Checker,Reconcile AP aging over 90 days for EU-03,PARTIAL,33.5,"FP&A Mar variance was $4,676,937 vs plan",2026-05-10T09:14:22Z
r44-0003346,pmartin@summithealthpartners.com,Board Deck Builder,Summarize the May variance for entity US-05,SUCCESS,43.7,"Accounting May variance was $174,929 vs plan",2026-05-10T14:40:10Z
r44-0003347,pmartin@summithealthpartners.com,Vendor Spend Analyzer,Summarize the Jan variance for entity US-02,SUCCESS,15.3,"Ops Jan variance was $2,857,179 vs plan",2026-05-10T14:06:44Z
r44-0003348,amoore@summithealthpartners.com,Close Checklist Bot,Forecast May operating cash flow,SUCCESS,50.4,"Treasury May variance was $758,442 vs plan",2026-05-10T13:26:13Z
r44-0003349,pmartin@summithealthpartners.com,Board Deck Builder,Explain the headcount variance vs plan,SUCCESS,37.2,"Accounting Jun variance was $4,550,993 vs plan",2026-05-11T14:04:43Z
r44-0003350,amoore@summithealthpartners.com,Variance Explainer,Reconcile AP aging over 90 days for US-09,SUCCESS,51.8,"Treasury Jan variance was $1,891,613 vs plan",2026-05-11T11:41:57Z
r44-0003351,jnguyen@summithealthpartners.com,Budget vs Actual,What drove the change in gross margin this quarter?,SUCCESS,0.5,error code 502 from model gateway,2026-05-11T06:01:57Z
r44-0003352,jjohnson@summithealthpartners.com,Cash Forecaster,Why did FP&A spend exceed budget in Feb?,SUCCESS,53.8,"FP&A Feb variance was $2,530,707 vs plan",2026-05-11T08:14:51Z
r44-0003353,pmartin@summithealthpartners.com,Variance Explainer,Forecast Jun operating cash flow,SUCCESS,11.4,"Accounting Jun variance was $1,122,625 vs plan",2026-05-11T08:29:33Z
r44-0003354,pmartin@summithealthpartners.com,Variance Explainer,What drove the change in gross margin this quarter?,SUCCESS,29.4,"Ops Feb variance was $2,427,514 vs plan",2026-05-11T12:53:11Z
r44-0003355,jnguyen@summithealthpartners.com,Close Checklist Bot,Reconcile AP aging over 90 days for MX-08,SUCCESS,57.8,"FP&A Apr variance was $3,585,357 vs plan",2026-05-11T16:55:25Z
r44-0003356,prodriguez@summithealthpartners.com,Budget vs Actual,Summarize the Mar variance for entity MX-06,SUCCESS,26.9,"Treasury Mar variance was $3,066,747 vs plan",2026-05-11T13:34:34Z
r44-0003357,pmartin@summithealthpartners.com,Close Checklist Bot,Draft flux commentary for the Jan close,SUCCESS,73.9,"FP&A Jan variance was $104,145 vs plan",2026-05-11T20:01:52Z
r44-0003358,amoore@summithealthpartners.com,Vendor Spend Analyzer,Why did Treasury spend exceed budget in Feb?,SUCCESS,74.2,"Treasury Feb variance was $2,027,522 vs plan",2026-05-11T12:15:45Z
r44-0003359,prodriguez@summithealthpartners.com,Board Deck Builder,Which cost centers are over budget YTD?,SUCCESS,25.6,"Treasury Feb variance was $3,770,879 vs plan",2026-05-11T14:58:49Z
r44-0003360,bjones@summithealthpartners.com,Cash Forecaster,Summarize the Apr variance for entity CA-04,SUCCESS,5.7,"FP&A Apr variance was $2,217,975 vs plan",2026-05-11T10:37:31Z
r44-0003361,mlewis@summithealthpartners.com,Close Checklist Bot,Summarize the May variance for entity MX-03,SUCCESS,6.0,"Treasury May variance was $4,041,161 vs plan",2026-05-11T16:19:31Z
r44-0003362,prodriguez@summithealthpartners.com,Budget vs Actual,Build the board deck cash slide for Feb,SUCCESS,61.8,"Accounting Feb variance was $2,284,444 vs plan",2026-05-11T14:01:58Z
r44-0003363,pmartin@summithealthpartners.com,AP Aging Analyst,Explain the headcount variance vs plan,SUCCESS,15.2,"FP&A Apr variance was $1,139,462 vs plan",2026-05-11T10:47:05Z
r44-0003364,nnguyen@summithealthpartners.com,Revenue Recognizer,Forecast Apr operating cash flow,SUCCESS,18.3,"FP&A Apr variance was $2,219,201 vs plan",2026-05-11T14:22:47Z
r44-0003365,amoore@summithealthpartners.com,Vendor Spend Analyzer,Summarize the Mar variance for entity CA-08,SUCCESS,58.2,"Treasury Mar variance was $1,187,652 vs plan",2026-05-11T10:58:29Z
r44-0003366,pmartin@summithealthpartners.com,Board Deck Builder,Check covenant compliance for the revolver,SUCCESS,3.8,"FP&A Feb variance was $827,431 vs plan",2026-05-11T12:00:50Z
r44-0003367,jjohnson@summithealthpartners.com,Covenant Checker,Check covenant compliance for the revolver,SUCCESS,40.8,"FP&A Jun variance was $153,876 vs plan",2026-05-11T13:39:42Z
r44-0003368,pmartin@summithealthpartners.com,Journal Entry Reviewer,Why did FP&A spend exceed budget in Jun?,FAIL,2.7,Traceback (most recent call last): KeyError 'entity',2026-05-11T11:43:59Z
r44-0003369,pmartin@summithealthpartners.com,Journal Entry Reviewer,Reconcile AP aging over 90 days for MX-03,SUCCESS,14.3,"FP&A May variance was $3,694,547 vs plan",2026-05-11T10:40:17Z
r44-0003370,dlopez2@summithealthpartners.com,Flux Commentary,Explain the headcount variance vs plan,SUCCESS,55.9,"Treasury Jun variance was $1,747,659 vs plan",2026-05-11T12:33:17Z
r44-0003371,pmartin@summithealthpartners.com,Flux Commentary,What drove the change in gross margin this quarter?,SUCCESS,11.3,"Accounting Feb variance was $518,549 vs plan",2026-05-11T17:17:14Z
r44-0003372,amoore@summithealthpartners.com,Journal Entry Reviewer,Summarize the Apr variance for entity US-05,SUCCESS,59.4,"Ops Apr variance was $4,570,965 vs plan",2026-05-11T10:40:54Z
r44-0003373,pmartin@summithealthpartners.com,Revenue Recognizer,Forecast Jun operating cash flow,SUCCESS,18.0,"Treasury Jun variance was $1,335,297 vs plan",2026-05-11T14:29:00Z
r44-0003374,pmartin@summithealthpartners.com,Variance Explainer,Build the board deck cash slide for Jun,SUCCESS,37.1,"FP&A Jun variance was $3,377,492 vs plan",2026-05-11T16:09:07Z
r44-0003375,jwilliams@summithealthpartners.com,Board Deck Builder,What drove the change in gross margin this quarter?,SUCCESS,20.9,"Accounting May variance was $2,295,664 vs plan",2026-05-11T16:02:40Z
r44-0003376,amoore@summithealthpartners.com,Variance Explainer,Forecast Jun operating cash flow,SUCCESS,8.0,"FP&A Jun variance was $1,113,814 vs plan",2026-05-11T08:35:05Z
r44-0003377,pmartin@summithealthpartners.com,Cash Forecaster,Summarize the Jan variance for entity CA-04,SUCCESS,30.3,"Treasury Jan variance was $4,506,876 vs plan",2026-05-11T10:08:31Z
r44-0003378,pmartin@summithealthpartners.com,Journal Entry Reviewer,Draft flux commentary for the Feb close,SUCCESS,51.1,"Ops Feb variance was $3,766,884 vs plan",2026-05-11T07:38:55Z
r44-0003379,bjones@summithealthpartners.com,Cash Forecaster,Which cost centers are over budget YTD?,SUCCESS,35.8,"Ops Mar variance was $1,889,287 vs plan",2026-05-11T13:39:00Z
r44-0003380,dlopez2@summithealthpartners.com,AP Aging Analyst,What drove the change in gross margin this quarter?,SUCCESS,22.1,"Ops Mar variance was $1,899,605 vs plan",2026-05-11T10:40:06Z
r44-0003381,amoore@summithealthpartners.com,Variance Explainer,Check covenant compliance for the revolver,SUCCESS,8.9,"Treasury May variance was $3,440,500 vs plan",2026-05-11T12:56:44Z
r44-0003382,pmartin@summithealthpartners.com,Revenue Recognizer,Why did Accounting spend exceed budget in Mar?,SUCCESS,44.1,"Accounting Mar variance was $3,382,148 vs plan",2026-05-11T09:38:40Z
r44-0003383,kperez@summithealthpartners.com,Journal Entry Reviewer,Forecast Feb operating cash flow,SUCCESS,31.4,"Treasury Feb variance was $3,218,386 vs plan",2026-05-11T13:43:44Z
r44-0003384,pmartin@summithealthpartners.com,Covenant Checker,Reconcile AP aging over 90 days for EU-02,SUCCESS,26.6,"FP&A Feb variance was $498,293 vs plan",2026-05-11T07:07:01Z
r44-0003385,kperez@summithealthpartners.com,Cash Forecaster,Which cost centers are over budget YTD?,SUCCESS,73.6,"Ops May variance was $4,107,047 vs plan",2026-05-11T14:01:21Z
r44-0003386,pmartin@summithealthpartners.com,Budget vs Actual,Summarize the May variance for entity US-02,SUCCESS,50.2,"Ops May variance was $4,217,150 vs plan",2026-05-11T17:04:12Z
r44-0003387,mharris@summithealthpartners.com,Flux Commentary,Build the board deck cash slide for May,SUCCESS,71.9,"FP&A May variance was $1,871,465 vs plan",2026-05-11T11:51:48Z
r44-0003388,pmartin@summithealthpartners.com,Flux Commentary,Summarize the Jun variance for entity MX-04,SUCCESS,14.0,"Accounting Jun variance was $3,122,648 vs plan",2026-05-11T11:03:38Z
r44-0003389,kperez@summithealthpartners.com,Flux Commentary,Build the board deck cash slide for May,FAIL,2.7,Traceback (most recent call last): KeyError 'entity',2026-05-11T12:30:23Z
r44-0003390,pmartin@summithealthpartners.com,Journal Entry Reviewer,Draft flux commentary for the Mar close,SUCCESS,0.4,FAILED: null reference in aggregation step,2026-05-11T13:22:51Z
r44-0003391,bjones@summithealthpartners.com,Vendor Spend Analyzer,Forecast Jan operating cash flow,SUCCESS,61.6,"Accounting Jan variance was $1,340,106 vs plan",2026-05-11T12:55:22Z
r44-0003392,pmartin@summithealthpartners.com,Vendor Spend Analyzer,Forecast Jun operating cash flow,SUCCESS,20.9,"Treasury Jun variance was $347,668 vs plan",2026-05-11T14:38:51Z
r44-0003393,bjones@summithealthpartners.com,AP Aging Analyst,Reconcile AP aging over 90 days for MX-05,SUCCESS,29.1,"Treasury May variance was $385,704 vs plan",2026-05-11T14:58:57Z
r44-0003394,amoore@summithealthpartners.com,Close Checklist Bot,Summarize the Jan variance for entity EU-04,SUCCESS,51.8,"FP&A Jan variance was $4,620,848 vs plan",2026-05-11T16:00:26Z
r44-0003395,amoore@summithealthpartners.com,Board Deck Builder,What drove the change in gross margin this quarter?,FAIL,1.0,ERROR: upstream request timed out,2026-05-11T07:52:34Z
r44-0003396,pmartin@summithealthpartners.com,Vendor Spend Analyzer,Forecast Mar operating cash flow,SUCCESS,38.9,"Accounting Mar variance was $3,363,396 vs plan",2026-05-11T14:13:37Z
r44-0003397,pmartin@summithealthpartners.com,Cash Forecaster,Explain the headcount variance vs plan,SUCCESS,38.7,"Ops Jun variance was $406,402 vs plan",2026-05-11T14:01:29Z
r44-0003398,jnguyen@summithealthpartners.com,Covenant Checker,Draft flux commentary for the Jan close,PARTIAL,40.5,"Ops Jan variance was $4,748,423 vs plan",2026-05-11T09:54:49Z
r44-0003399,jwilliams@summithealthpartners.com,Budget vs Actual,Reconcile AP aging over 90 days for MX-07,SUCCESS,70.3,"Ops Jan variance was $1,373,190 vs plan",2026-05-11T15:03:12Z
r44-0003400,pmartin@summithealthpartners.com,Variance Explainer,Reconcile AP aging over 90 days for EU-08,SUCCESS,43.7,"Ops Mar variance was $4,650,713 vs plan",2026-05-11T14:13:52Z
r44-0003401,jnguyen@summithealthpartners.com,Journal Entry Reviewer,Why did Treasury spend exceed budget in May?,PARTIAL,38.2,"Treasury May variance was $2,917,810 vs plan",2026-05-11T14:20:37Z
r44-0003402,pmartin@summithealthpartners.com,Flux Commentary,Draft flux commentary for the Apr close,FAIL,2.4,FAILED: null reference in aggregation step,2026-05-11T11:59:00Z
r44-0003403,amoore@summithealthpartners.com,Vendor Spend Analyzer,Reconcile AP aging over 90 days for EU-02,SUCCESS,33.7,"FP&A Mar variance was $1,121,254 vs plan",2026-05-11T16:28:07Z
r44-0003404,amoore@summithealthpartners.com,Close Checklist Bot,Check covenant compliance for the revolver,SUCCESS,49.4,"FP&A Jun variance was $820,540 vs plan",2026-05-11T15:20:21Z
r44-0003405,bjones@summithealthpartners.com,Cash Forecaster,Reconcile AP aging over 90 days for EU-06,SUCCESS,14.6,"Accounting Jan variance was $631,606 vs plan",2026-05-11T13:07:05Z
r44-0003406,jdavis@summithealthpartners.com,Flux Commentary,Why did FP&A spend exceed budget in Feb?,SUCCESS,1.7,error code 502 from model gateway,2026-05-11T12:53:22Z
r44-0003407,pmartin@summithealthpartners.com,Vendor Spend Analyzer,Build the board deck cash slide for Feb,SUCCESS,23.4,"Accounting Feb variance was $2,289,331 vs plan",2026-05-11T10:44:28Z
r44-0003408,pmartin@summithealthpartners.com,Revenue Recognizer,Summarize the Feb variance for entity MX-09,SUCCESS,61.4,"Treasury Feb variance was $4,384,052 vs plan",2026-05-11T14:55:24Z
r44-0003409,pmartin@summithealthpartners.com,Revenue Recognizer,What drove the change in gross margin this quarter?,SUCCESS,1.3,error: connection reset by peer,2026-05-11T15:52:29Z
r44-0003410,amoore@summithealthpartners.com,Budget vs Actual,Forecast Mar operating cash flow,SUCCESS,36.9,"Ops Mar variance was $2,345,661 vs plan",2026-05-11T17:39:07Z
r44-0003411,bjones@summithealthpartners.com,Budget vs Actual,Draft flux commentary for the Feb close,SUCCESS,22.6,"Accounting Feb variance was $2,796,703 vs plan",2026-05-11T13:49:17Z
r44-0003412,sdavis@summithealthpartners.com,Board Deck Builder,Forecast Mar operating cash flow,SUCCESS,1.6,Traceback (most recent call last): KeyError 'entity',2026-05-11T14:21:47Z
r44-0003413,amoore@summithealthpartners.com,Headcount Planner,Summarize the May variance for entity CA-07,SUCCESS,20.0,"Accounting May variance was $3,140,794 vs plan",2026-05-11T16:22:35Z
r44-0003414,pmartin@summithealthpartners.com,Covenant Checker,Forecast Apr operating cash flow,SUCCESS,15.6,"Ops Apr variance was $366,560 vs plan",2026-05-11T09:03:23Z
r44-0003415,jjohnson@summithealthpartners.com,Budget vs Actual,Which cost centers are over budget YTD?,SUCCESS,29.7,"Accounting Mar variance was $1,242,828 vs plan",2026-05-11T13:33:38Z
r44-0003416,bjones@summithealthpartners.com,Journal Entry Reviewer,Check covenant compliance for the revolver,SUCCESS,47.4,"Ops Jun variance was $2,451,336 vs plan",2026-05-11T09:06:06Z
r44-0003417,amoore@summithealthpartners.com,Board Deck Builder,Explain the headcount variance vs plan,SUCCESS,1.0,ERROR: upstream request timed out,2026-05-11T10:36:42Z
r44-0003418,pmartin@summithealthpartners.com,Vendor Spend Analyzer,Check covenant compliance for the revolver,SUCCESS,29.7,"Accounting Jan variance was $4,135,406 vs plan",2026-05-11T12:13:47Z
r44-0003419,prodriguez@summithealthpartners.com,AP Aging Analyst,Which cost centers are over budget YTD?,SUCCESS,66.5,"Ops Apr variance was $3,844,658 vs plan",2026-05-11T15:40:37Z
r44-0003420,pmartin@summithealthpartners.com,Variance Explainer,Forecast Apr operating cash flow,SUCCESS,1.1,ERROR: upstream request timed out,2026-05-12T14:26:33Z
r44-0003421,mlewis@summithealthpartners.com,Close Checklist Bot,What drove the change in gross margin this quarter?,SUCCESS,13.6,"Accounting Apr variance was $2,103,807 vs plan",2026-05-12T14:45:43Z
r44-0003422,jjohnson@summithealthpartners.com,Vendor Spend Analyzer,Forecast Jun operating cash flow,SUCCESS,59.8,"FP&A Jun variance was $1,236,615 vs plan",2026-05-12T14:55:45Z
r44-0003423,pmartin@summithealthpartners.com,Revenue Recognizer,Why did Ops spend exceed budget in May?,SUCCESS,31.9,"Ops May variance was $3,830,349 vs plan",2026-05-12T11:12:33Z
r44-0003424,bjones@summithealthpartners.com,Journal Entry Reviewer,Check covenant compliance for the revolver,FAIL,4.7,ERROR: upstream request timed out,2026-05-12T13:18:07Z
r44-0003425,bjones@summithealthpartners.com,Vendor Spend Analyzer,Draft flux commentary for the Jun close,SUCCESS,55.6,"Ops Jun variance was $1,354,985 vs plan",2026-05-12T16:52:22Z
r44-0003426,jjohnson@summithealthpartners.com,Budget vs Actual,Which cost centers are over budget YTD?,FAIL,1.0,error code 502 from model gateway,2026-05-12T13:09:21Z
r44-0003427,jnguyen@summithealthpartners.com,Budget vs Actual,Which cost centers are over budget YTD?,SUCCESS,14.2,"Treasury Feb variance was $3,537,761 vs plan",2026-05-12T10:32:17Z
r44-0003428,dlopez2@summithealthpartners.com,Close Checklist Bot,Summarize the Jan variance for entity US-02,SUCCESS,65.3,"Ops Jan variance was $722,463 vs plan",2026-05-12T11:31:54Z
r44-0003429,amoore@summithealthpartners.com,Board Deck Builder,Why did Treasury spend exceed budget in Feb?,SUCCESS,70.8,"Treasury Feb variance was $4,577,087 vs plan",2026-05-12T12:51:22Z
r44-0003430,jwilliams@summithealthpartners.com,Variance Explainer,Check covenant compliance for the revolver,SUCCESS,8.3,"Ops Mar variance was $2,389,333 vs plan",2026-05-12T17:56:36Z
r44-0003431,jnguyen@summithealthpartners.com,Vendor Spend Analyzer,Which cost centers are over budget YTD?,SUCCESS,43.4,"Accounting Jun variance was $3,881,919 vs plan",2026-05-12T14:00:26Z
r44-0003432,pmartin@summithealthpartners.com,Budget vs Actual,Check covenant compliance for the revolver,SUCCESS,57.7,"Accounting Apr variance was $1,729,352 vs plan",2026-05-12T14:37:40Z
r44-0003433,amoore@summithealthpartners.com,Vendor Spend Analyzer,Why did FP&A spend exceed budget in Apr?,SUCCESS,40.1,"FP&A Apr variance was $4,105,125 vs plan",2026-05-12T15:36:45Z
r44-0003434,bjones@summithealthpartners.com,Board Deck Builder,What drove the change in gross margin this quarter?,SUCCESS,0.6,ERROR: upstream request timed out,2026-05-12T11:36:39Z
r44-0003435,dlopez2@summithealthpartners.com,Budget vs Actual,Reconcile AP aging over 90 days for CA-04,SUCCESS,26.0,"Accounting Jun variance was $730,236 vs plan",2026-05-12T13:56:58Z
r44-0003436,pmartin@summithealthpartners.com,Headcount Planner,Which cost centers are over budget YTD?,SUCCESS,32.5,"FP&A Apr variance was $2,574,164 vs plan",2026-05-12T14:02:55Z
r44-0003437,jlewis@summithealthpartners.com,AP Aging Analyst,Forecast Jan operating cash flow,SUCCESS,22.5,"Accounting Jan variance was $4,740,289 vs plan",2026-05-12T12:32:47Z
r44-0003438,bjones@summithealthpartners.com,Covenant Checker,Summarize the Mar variance for entity US-05,SUCCESS,37.7,"Treasury Mar variance was $4,676,637 vs plan",2026-05-12T10:39:21Z
r44-0003439,pmartin@summithealthpartners.com,Journal Entry Reviewer,Build the board deck cash slide for May,SUCCESS,66.0,"Treasury May variance was $3,974,552 vs plan",2026-05-12T16:06:35Z
r44-0003440,bjones@summithealthpartners.com,Budget vs Actual,Reconcile AP aging over 90 days for EU-08,FAIL,1.9,Traceback (most recent call last): KeyError 'entity',2026-05-12T12:30:49Z
r44-0003441,jwilson@summithealthpartners.com,Flux Commentary,What drove the change in gross margin this quarter?,SUCCESS,0.8,ERROR: upstream request timed out,2026-05-12T13:05:02Z
r44-0003442,jwilson@summithealthpartners.com,Variance Explainer,Which cost centers are over budget YTD?,SUCCESS,36.0,"Accounting May variance was $1,455,804 vs plan",2026-05-12T13:37:29Z
r44-0003443,jwilliams@summithealthpartners.com,Vendor Spend Analyzer,Draft flux commentary for the Apr close,SUCCESS,24.9,"FP&A Apr variance was $543,022 vs plan",2026-05-12T15:49:34Z
r44-0003444,bjones@summithealthpartners.com,Variance Explainer,Check covenant compliance for the revolver,SUCCESS,21.0,"Ops Mar variance was $3,527,428 vs plan",2026-05-12T20:13:36Z
r44-0003445,jnguyen@summithealthpartners.com,Cash Forecaster,Draft flux commentary for the Jan close,SUCCESS,39.6,"Ops Jan variance was $372,191 vs plan",2026-05-12T13:06:20Z
r44-0003446,prodriguez@summithealthpartners.com,Budget vs Actual,Why did Ops spend exceed budget in May?,SUCCESS,24.7,"Ops May variance was $2,756,931 vs plan",2026-05-12T14:48:26Z
r44-0003447,bjones@summithealthpartners.com,AP Aging Analyst,What drove the change in gross margin this quarter?,SUCCESS,29.7,"Treasury Jan variance was $193,459 vs plan",2026-05-12T15:16:22Z
r44-0003448,jjohnson@summithealthpartners.com,Board Deck Builder,Explain the headcount variance vs plan,SUCCESS,25.4,"Treasury Mar variance was $2,106,545 vs plan",2026-05-12T13:54:16Z
r44-0003449,nnguyen@summithealthpartners.com,Board Deck Builder,Why did Treasury spend exceed budget in May?,SUCCESS,29.5,"Treasury May variance was $2,523,874 vs plan",2026-05-12T15:31:50Z
r44-0003450,bjones@summithealthpartners.com,Cash Forecaster,Why did FP&A spend exceed budget in May?,PARTIAL,7.2,"FP&A May variance was $629,253 vs plan",2026-05-12T12:34:05Z
r44-0003451,jnguyen@summithealthpartners.com,Board Deck Builder,Summarize the Apr variance for entity MX-09,SUCCESS,52.7,"Accounting Apr variance was $2,235,581 vs plan",2026-05-12T06:42:19Z
r44-0003452,nnguyen@summithealthpartners.com,Vendor Spend Analyzer,Explain the headcount variance vs plan,SUCCESS,43.0,"Ops Feb variance was $482,092 vs plan",2026-05-12T07:48:18Z
r44-0003453,pmartin@summithealthpartners.com,Close Checklist Bot,Reconcile AP aging over 90 days for US-09,SUCCESS,65.8,"Treasury May variance was $1,068,940 vs plan",2026-05-12T12:00:23Z
r44-0003454,pmartin@summithealthpartners.com,Revenue Recognizer,Why did Accounting spend exceed budget in Jun?,SUCCESS,0.7,ERROR: upstream request timed out,2026-05-12T17:10:20Z
r44-0003455,amoore@summithealthpartners.com,Flux Commentary,Why did Ops spend exceed budget in Feb?,SUCCESS,43.9,"Ops Feb variance was $4,692,090 vs plan",2026-05-12T14:44:32Z
r44-0003456,amoore@summithealthpartners.com,Flux Commentary,Reconcile AP aging over 90 days for CA-05,SUCCESS,1.5,ERROR: upstream request timed out,2026-05-12T06:20:56Z
r44-0003457,kperez@summithealthpartners.com,Close Checklist Bot,Draft flux commentary for the Feb close,SUCCESS,35.9,"FP&A Feb variance was $4,266,460 vs plan",2026-05-12T14:03:23Z
r44-0003458,jlewis@summithealthpartners.com,Budget vs Actual,Forecast Jun operating cash flow,SUCCESS,44.8,"Treasury Jun variance was $3,105,751 vs plan",2026-05-12T14:47:17Z
r44-0003459,pmartin@summithealthpartners.com,Cash Forecaster,Explain the headcount variance vs plan,SUCCESS,64.8,"Ops Apr variance was $2,766,887 vs plan",2026-05-12T13:22:01Z
r44-0003460,amoore@summithealthpartners.com,Flux Commentary,Check covenant compliance for the revolver,FAIL,5.2,error: connection reset by peer,2026-05-12T14:16:00Z
r44-0003461,pmartin@summithealthpartners.com,Board Deck Builder,Why did FP&A spend exceed budget in Apr?,SUCCESS,18.6,"FP&A Apr variance was $2,263,312 vs plan",2026-05-12T11:25:34Z
r44-0003462,amoore@summithealthpartners.com,Headcount Planner,Check covenant compliance for the revolver,SUCCESS,7.6,"Accounting Jun variance was $2,540,187 vs plan",2026-05-12T12:43:29Z
r44-0003463,amoore@summithealthpartners.com,Headcount Planner,Summarize the May variance for entity MX-08,SUCCESS,38.2,"Ops May variance was $77,299 vs plan",2026-05-12T11:31:30Z
r44-0003464,pmartin@summithealthpartners.com,Flux Commentary,Summarize the Mar variance for entity EU-02,SUCCESS,26.2,"Accounting Mar variance was $391,795 vs plan",2026-05-12T18:39:55Z
r44-0003465,bjones@summithealthpartners.com,Variance Explainer,Summarize the Apr variance for entity CA-04,SUCCESS,17.2,"Treasury Apr variance was $2,005,811 vs plan",2026-05-12T14:14:14Z
r44-0003466,pmartin@summithealthpartners.com,Headcount Planner,Why did FP&A spend exceed budget in Feb?,SUCCESS,74.0,"FP&A Feb variance was $66,990 vs plan",2026-05-12T11:25:36Z
r44-0003467,amoore@summithealthpartners.com,Revenue Recognizer,Summarize the Feb variance for entity CA-02,SUCCESS,19.1,"Treasury Feb variance was $276,267 vs plan",2026-05-12T10:27:18Z
r44-0003468,pmartin@summithealthpartners.com,Headcount Planner,Explain the headcount variance vs plan,SUCCESS,1.5,error: connection reset by peer,2026-05-12T10:52:23Z
r44-0003469,pmartin@summithealthpartners.com,Covenant Checker,Summarize the Apr variance for entity MX-02,SUCCESS,67.9,"FP&A Apr variance was $618,314 vs plan",2026-05-12T11:56:39Z
r44-0003470,pmartin@summithealthpartners.com,AP Aging Analyst,Forecast May operating cash flow,SUCCESS,58.2,"Accounting May variance was $4,062,850 vs plan",2026-05-12T12:25:06Z
r44-0003471,jnguyen@summithealthpartners.com,Headcount Planner,What drove the change in gross margin this quarter?,SUCCESS,57.4,"Treasury Apr variance was $1,062,715 vs plan",2026-05-12T10:04:03Z
r44-0003472,pmartin@summithealthpartners.com,Board Deck Builder,Build the board deck cash slide for Mar,SUCCESS,14.3,"Treasury Mar variance was $885,187 vs plan",2026-05-12T09:16:59Z
r44-0003473,jlewis@summithealthpartners.com,Budget vs Actual,Why did Ops spend exceed budget in Mar?,SUCCESS,47.3,"Ops Mar variance was $3,805,592 vs plan",2026-05-12T19:17:53Z
r44-0003474,pmartin@summithealthpartners.com,Cash Forecaster,Build the board deck cash slide for May,SUCCESS,64.6,"Treasury May variance was $2,389,203 vs plan",2026-05-12T10:30:36Z
r44-0003475,amoore@summithealthpartners.com,Vendor Spend Analyzer,Forecast Mar operating cash flow,SUCCESS,21.7,"Treasury Mar variance was $800,530 vs plan",2026-05-12T10:24:17Z
r44-0003476,jwilson@summithealthpartners.com,Cash Forecaster,Which cost centers are over budget YTD?,SUCCESS,53.7,"FP&A Feb variance was $3,169,393 vs plan",2026-05-12T10:12:46Z
r44-0003477,jwilliams@summithealthpartners.com,AP Aging Analyst,Summarize the Jun variance for entity CA-03,SUCCESS,7.7,"Ops Jun variance was $851,278 vs plan",2026-05-12T11:54:40Z
r44-0003478,mlewis@summithealthpartners.com,Budget vs Actual,Draft flux commentary for the Jun close,SUCCESS,64.2,"Treasury Jun variance was $3,805,914 vs plan",2026-05-12T08:07:12Z
r44-0003479,prodriguez@summithealthpartners.com,Vendor Spend Analyzer,What drove the change in gross margin this quarter?,SUCCESS,36.3,"Accounting Jan variance was $2,860,656 vs plan",2026-05-12T13:09:20Z
r44-0003480,dlopez2@summithealthpartners.com,Covenant Checker,What drove the change in gross margin this quarter?,SUCCESS,27.4,"FP&A Apr variance was $417,053 vs plan",2026-05-12T18:54:03Z
r44-0003481,amoore@summithealthpartners.com,Cash Forecaster,Forecast May operating cash flow,SUCCESS,40.7,"Accounting May variance was $294,248 vs plan",2026-05-12T12:11:43Z
r44-0003482,pmartin@summithealthpartners.com,Close Checklist Bot,Explain the headcount variance vs plan,SUCCESS,22.5,"Treasury Feb variance was $1,112,893 vs plan",2026-05-12T08:02:05Z
r44-0003483,jwilliams@summithealthpartners.com,Vendor Spend Analyzer,Summarize the May variance for entity US-04,SUCCESS,20.1,"Ops May variance was $3,050,233 vs plan",2026-05-12T10:21:40Z
r44-0003484,pmartin@summithealthpartners.com,AP Aging Analyst,What drove the change in gross margin this quarter?,SUCCESS,0.5,Traceback (most recent call last): KeyError 'entity',2026-05-12T13:47:02Z
r44-0003485,mharris@summithealthpartners.com,Cash Forecaster,Forecast Apr operating cash flow,SUCCESS,27.6,"Treasury Apr variance was $4,426,384 vs plan",2026-05-12T12:29:15Z
r44-0003486,bjones@summithealthpartners.com,Close Checklist Bot,Reconcile AP aging over 90 days for US-08,SUCCESS,67.5,"Ops Apr variance was $1,676,086 vs plan",2026-05-12T13:14:46Z
r44-0003487,pmartin@summithealthpartners.com,Covenant Checker,What drove the change in gross margin this quarter?,SUCCESS,0.8,error: connection reset by peer,2026-05-12T14:29:19Z
r44-0003488,sdavis@summithealthpartners.com,Covenant Checker,Explain the headcount variance vs plan,PARTIAL,22.5,"Accounting May variance was $2,233,200 vs plan",2026-05-12T08:53:05Z
r44-0003489,amoore@summithealthpartners.com,Revenue Recognizer,Why did Treasury spend exceed budget in Mar?,SUCCESS,5.1,"Treasury Mar variance was $650,824 vs plan",2026-05-12T18:27:31Z
r44-0003490,jnguyen@summithealthpartners.com,Cash Forecaster,Reconcile AP aging over 90 days for MX-01,SUCCESS,0.7,error: connection reset by peer,2026-05-12T11:30:45Z
r44-0003491,pmartin@summithealthpartners.com,Covenant Checker,Build the board deck cash slide for Jan,FAIL,7.4,error: connection reset by peer,2026-05-12T09:27:43Z
r44-0003492,jwilliams@summithealthpartners.com,Covenant Checker,Explain the headcount variance vs plan,SUCCESS,3.8,"Accounting Jan variance was $4,077,949 vs plan",2026-05-12T09:53:54Z
r44-0003493,jwilliams@summithealthpartners.com,Revenue Recognizer,Check covenant compliance for the revolver,SUCCESS,31.0,"Accounting May variance was $1,133,783 vs plan",2026-05-12T15:12:50Z
r44-0003494,amoore@summithealthpartners.com,Headcount Planner,Explain the headcount variance vs plan,SUCCESS,46.6,"FP&A Apr variance was $2,022,953 vs plan",2026-05-12T16:47:37Z
r44-0003495,bjones@summithealthpartners.com,Covenant Checker,Explain the headcount variance vs plan,SUCCESS,60.8,"FP&A Jan variance was $270,855 vs plan",2026-05-12T12:28:08Z
r44-0003496,bjones@summithealthpartners.com,Board Deck Builder,Check covenant compliance for the revolver,SUCCESS,69.7,"Ops Jan variance was $2,044,178 vs plan",2026-05-12T09:25:29Z
r44-0003497,amoore@summithealthpartners.com,AP Aging Analyst,Which cost centers are over budget YTD?,SUCCESS,1.5,error code 502 from model gateway,2026-05-12T08:34:15Z
r44-0003498,amoore@summithealthpartners.com,Journal Entry Reviewer,Explain the headcount variance vs plan,SUCCESS,36.7,"FP&A Jun variance was $2,355,641 vs plan",2026-05-13T14:35:31Z
r44-0003499,jdavis@summithealthpartners.com,Journal Entry Reviewer,Why did Treasury spend exceed budget in Apr?,FAIL,4.1,error: connection reset by peer,2026-05-13T16:39:06Z
r44-0003500,jwilliams@summithealthpartners.com,Vendor Spend Analyzer,Build the board deck cash slide for Feb,SUCCESS,54.4,"Treasury Feb variance was $4,024,762 vs plan",2026-05-13T13:43:57Z
r44-0003501,amoore@summithealthpartners.com,Vendor Spend Analyzer,Why did FP&A spend exceed budget in Mar?,SUCCESS,21.5,"FP&A Mar variance was $1,163,972 vs plan",2026-05-13T15:11:10Z
r44-0003502,pmartin@summithealthpartners.com,Close Checklist Bot,Build the board deck cash slide for Feb,SUCCESS,34.5,"FP&A Feb variance was $659,088 vs plan",2026-05-13T14:39:42Z
r44-0003503,prodriguez@summithealthpartners.com,Board Deck Builder,Explain the headcount variance vs plan,SUCCESS,4.0,"Ops Jun variance was $3,766,024 vs plan",2026-05-13T10:00:49Z
r44-0003504,bjones@summithealthpartners.com,Close Checklist Bot,Summarize the May variance for entity US-05,SUCCESS,61.9,"Treasury May variance was $1,920,323 vs plan",2026-05-13T11:38:29Z
r44-0003505,pmartin@summithealthpartners.com,Journal Entry Reviewer,What drove the change in gross margin this quarter?,FAIL,6.1,FAILED: null reference in aggregation step,2026-05-13T15:38:44Z
r44-0003506,mharris@summithealthpartners.com,Budget vs Actual,Forecast Jan operating cash flow,SUCCESS,63.3,"Treasury Jan variance was $2,046,544 vs plan",2026-05-13T16:46:10Z
r44-0003507,pmartin@summithealthpartners.com,Vendor Spend Analyzer,Which cost centers are over budget YTD?,SUCCESS,52.2,"FP&A Mar variance was $4,554,992 vs plan",2026-05-13T13:33:02Z
r44-0003508,kperez@summithealthpartners.com,Covenant Checker,Which cost centers are over budget YTD?,SUCCESS,18.8,"Ops Jun variance was $4,396,763 vs plan",2026-05-13T16:08:54Z
r44-0003509,jnguyen@summithealthpartners.com,Board Deck Builder,Summarize the Jan variance for entity MX-08,SUCCESS,60.0,"Ops Jan variance was $3,206,595 vs plan",2026-05-13T12:48:08Z
r44-0003510,mharris@summithealthpartners.com,Budget vs Actual,Why did Accounting spend exceed budget in Mar?,SUCCESS,22.8,"Accounting Mar variance was $3,838,112 vs plan",2026-05-13T12:28:29Z
r44-0003511,jnguyen@summithealthpartners.com,Headcount Planner,What drove the change in gross margin this quarter?,SUCCESS,16.7,"Accounting May variance was $3,238,589 vs plan",2026-05-13T09:40:07Z
r44-0003512,bjones@summithealthpartners.com,Flux Commentary,What drove the change in gross margin this quarter?,SUCCESS,21.7,"Ops Jan variance was $4,688,118 vs plan",2026-05-13T11:54:45Z
r44-0003513,amoore@summithealthpartners.com,Flux Commentary,Forecast Mar operating cash flow,SUCCESS,26.6,"Ops Mar variance was $489,494 vs plan",2026-05-13T12:12:21Z
r44-0003514,mharris@summithealthpartners.com,Revenue Recognizer,Check covenant compliance for the revolver,PARTIAL,70.0,"Accounting Feb variance was $3,231,626 vs plan",2026-05-13T17:14:38Z
r44-0003515,pmartin@summithealthpartners.com,Budget vs Actual,Forecast May operating cash flow,SUCCESS,58.4,"Accounting May variance was $2,731,925 vs plan",2026-05-13T12:51:49Z
r44-0003516,amoore@summithealthpartners.com,Headcount Planner,Reconcile AP aging over 90 days for CA-07,SUCCESS,27.2,"FP&A Jan variance was $4,227,876 vs plan",2026-05-13T13:44:40Z
r44-0003517,pmartin@summithealthpartners.com,Journal Entry Reviewer,Summarize the Jun variance for entity EU-02,SUCCESS,32.1,"Ops Jun variance was $4,351,421 vs plan",2026-05-13T09:05:45Z
r44-0003518,jjohnson@summithealthpartners.com,Cash Forecaster,Check covenant compliance for the revolver,FAIL,4.4,error: connection reset by peer,2026-05-13T09:05:32Z
r44-0003519,pmartin@summithealthpartners.com,Vendor Spend Analyzer,Explain the headcount variance vs plan,SUCCESS,70.6,"Treasury Jun variance was $1,788,398 vs plan",2026-05-13T12:43:53Z
r44-0003520,pmartin@summithealthpartners.com,Board Deck Builder,Build the board deck cash slide for Apr,FAIL,4.1,Traceback (most recent call last): KeyError 'entity',2026-05-13T15:32:23Z
r44-0003521,pmartin@summithealthpartners.com,Variance Explainer,Check covenant compliance for the revolver,SUCCESS,37.4,"Accounting Jan variance was $817,789 vs plan",2026-05-13T10:52:19Z
r44-0003522,amoore@summithealthpartners.com,Vendor Spend Analyzer,Explain the headcount variance vs plan,SUCCESS,73.0,"Treasury May variance was $4,739,953 vs plan",2026-05-13T12:30:32Z
r44-0003523,jnguyen@summithealthpartners.com,Close Checklist Bot,Summarize the Feb variance for entity US-02,SUCCESS,68.3,"Accounting Feb variance was $561,925 vs plan",2026-05-13T11:41:23Z
r44-0003524,pmartin@summithealthpartners.com,Journal Entry Reviewer,Forecast Jun operating cash flow,SUCCESS,21.5,"Treasury Jun variance was $3,774,170 vs plan",2026-05-13T11:53:48Z
r44-0003525,amoore@summithealthpartners.com,Vendor Spend Analyzer,Reconcile AP aging over 90 days for US-06,SUCCESS,0.5,Traceback (most recent call last): KeyError 'entity',2026-05-13T15:34:16Z
r44-0003526,pmartin@summithealthpartners.com,Budget vs Actual,Which cost centers are over budget YTD?,SUCCESS,1.6,ERROR: upstream request timed out,2026-05-13T10:15:58Z
r44-0003527,pmartin@summithealthpartners.com,Board Deck Builder,Why did FP&A spend exceed budget in Mar?,SUCCESS,0.2,Traceback (most recent call last): KeyError 'entity',2026-05-13T08:05:10Z
r44-0003528,pmartin@summithealthpartners.com,Flux Commentary,What drove the change in gross margin this quarter?,SUCCESS,49.9,"Ops Jun variance was $2,438,140 vs plan",2026-05-13T12:03:55Z
r44-0003529,amoore@summithealthpartners.com,Revenue Recognizer,Build the board deck cash slide for Mar,SUCCESS,39.7,"Treasury Mar variance was $208,491 vs plan",2026-05-13T10:30:52Z
r44-0003530,amoore@summithealthpartners.com,Vendor Spend Analyzer,Why did Ops spend exceed budget in May?,SUCCESS,72.0,"Ops May variance was $4,247,683 vs plan",2026-05-13T12:47:13Z
r44-0003531,jnguyen@summithealthpartners.com,Variance Explainer,Explain the headcount variance vs plan,PARTIAL,15.1,"Accounting Jun variance was $3,747,195 vs plan",2026-05-13T18:17:41Z
r44-0003532,amoore@summithealthpartners.com,Headcount Planner,Which cost centers are over budget YTD?,SUCCESS,27.9,"Ops Jan variance was $3,491,367 vs plan",2026-05-13T16:57:10Z
r44-0003533,pmartin@summithealthpartners.com,Board Deck Builder,Draft flux commentary for the May close,SUCCESS,64.0,"Treasury May variance was $2,168,212 vs plan",2026-05-13T12:50:08Z
r44-0003534,jnguyen@summithealthpartners.com,Vendor Spend Analyzer,Reconcile AP aging over 90 days for CA-03,SUCCESS,28.2,"Ops Jun variance was $3,996,006 vs plan",2026-05-13T11:17:32Z
r44-0003535,pmartin@summithealthpartners.com,Cash Forecaster,Summarize the Jan variance for entity US-03,SUCCESS,57.3,"Ops Jan variance was $4,380,248 vs plan",2026-05-13T12:17:02Z
r44-0003536,jdavis@summithealthpartners.com,Budget vs Actual,Build the board deck cash slide for Mar,SUCCESS,63.6,"Accounting Mar variance was $518,263 vs plan",2026-05-13T10:47:51Z
r44-0003537,jnguyen@summithealthpartners.com,Journal Entry Reviewer,What drove the change in gross margin this quarter?,SUCCESS,73.5,"Accounting May variance was $3,872,134 vs plan",2026-05-13T13:57:00Z
r44-0003538,amoore@summithealthpartners.com,Board Deck Builder,Summarize the Feb variance for entity CA-03,SUCCESS,13.2,"Treasury Feb variance was $353,567 vs plan",2026-05-13T14:13:32Z
r44-0003539,amoore@summithealthpartners.com,AP Aging Analyst,Summarize the Jan variance for entity CA-01,SUCCESS,58.3,"Treasury Jan variance was $4,400,405 vs plan",2026-05-13T10:20:49Z
r44-0003540,jlewis@summithealthpartners.com,Close Checklist Bot,Draft flux commentary for the Feb close,SUCCESS,53.3,"FP&A Feb variance was $2,120,949 vs plan",2026-05-13T16:15:08Z
r44-0003541,mlewis@summithealthpartners.com,Board Deck Builder,Build the board deck cash slide for May,SUCCESS,73.9,"Treasury May variance was $1,679,852 vs plan",2026-05-13T15:14:20Z
r44-0003542,amoore@summithealthpartners.com,Covenant Checker,Summarize the Mar variance for entity MX-09,SUCCESS,27.6,"Ops Mar variance was $2,335,244 vs plan",2026-05-13T10:13:57Z
r44-0003543,pmartin@summithealthpartners.com,Vendor Spend Analyzer,Draft flux commentary for the Mar close,SUCCESS,0.7,FAILED: null reference in aggregation step,2026-05-13T15:36:01Z
r44-0003544,jjohnson@summithealthpartners.com,Close Checklist Bot,Build the board deck cash slide for Apr,SUCCESS,68.6,"FP&A Apr variance was $2,495,079 vs plan",2026-05-13T16:08:27Z
r44-0003545,pmartin@summithealthpartners.com,Variance Explainer,What drove the change in gross margin this quarter?,SUCCESS,3.7,"Treasury May variance was $4,459,231 vs plan",2026-05-13T15:27:06Z
r44-0003546,amoore@summithealthpartners.com,AP Aging Analyst,What drove the change in gross margin this quarter?,PARTIAL,42.3,"Accounting Jun variance was $4,052,947 vs plan",2026-05-13T12:29:17Z
r44-0003547,amoore@summithealthpartners.com,Revenue Recognizer,Why did Treasury spend exceed budget in Feb?,SUCCESS,21.1,"Treasury Feb variance was $645,511 vs plan",2026-05-13T11:22:54Z
r44-0003548,bjones@summithealthpartners.com,Cash Forecaster,What drove the change in gross margin this quarter?,SUCCESS,71.2,"Treasury Feb variance was $2,298,758 vs plan",2026-05-13T14:32:12Z
r44-0003549,bjones@summithealthpartners.com,Budget vs Actual,Why did Ops spend exceed budget in Jun?,SUCCESS,61.0,"Ops Jun variance was $4,792,664 vs plan",2026-05-13T11:03:36Z
r44-0003550,kperez@summithealthpartners.com,Headcount Planner,Build the board deck cash slide for Jan,SUCCESS,21.0,"Treasury Jan variance was $3,917,272 vs plan",2026-05-13T18:33:18Z
r44-0003551,pmartin@summithealthpartners.com,Budget vs Actual,Build the board deck cash slide for Apr,SUCCESS,56.6,"Treasury Apr variance was $3,149,071 vs plan",2026-05-13T06:50:46Z
r44-0003552,prodriguez@summithealthpartners.com,Board Deck Builder,Summarize the Mar variance for entity US-01,SUCCESS,27.1,"Treasury Mar variance was $1,768,408 vs plan",2026-05-13T06:39:04Z
r44-0003553,pmartin@summithealthpartners.com,Close Checklist Bot,What drove the change in gross margin this quarter?,SUCCESS,54.1,"FP&A Jun variance was $2,491,741 vs plan",2026-05-13T16:16:08Z
r44-0003554,pmartin@summithealthpartners.com,Board Deck Builder,Which cost centers are over budget YTD?,SUCCESS,74.1,"Accounting Jun variance was $3,701,879 vs plan",2026-05-13T08:18:26Z
r44-0003555,pmartin@summithealthpartners.com,Board Deck Builder,Forecast Mar operating cash flow,SUCCESS,5.6,"FP&A Mar variance was $414,465 vs plan",2026-05-13T15:41:03Z
r44-0003556,amoore@summithealthpartners.com,Board Deck Builder,What drove the change in gross margin this quarter?,SUCCESS,36.0,"Treasury Mar variance was $438,366 vs plan",2026-05-13T14:34:43Z
r44-0003557,pmartin@summithealthpartners.com,Board Deck Builder,Draft flux commentary for the Feb close,SUCCESS,0.6,error code 502 from model gateway,2026-05-13T14:16:23Z
r44-0003558,pmartin@summithealthpartners.com,Budget vs Actual,Reconcile AP aging over 90 days for US-08,SUCCESS,35.6,"Treasury May variance was $4,279,453 vs plan",2026-05-13T14:13:52Z
r44-0003559,mlewis@summithealthpartners.com,Vendor Spend Analyzer,Reconcile AP aging over 90 days for EU-01,SUCCESS,53.4,"FP&A Apr variance was $232,165 vs plan",2026-05-13T16:35:27Z
r44-0003560,bjones@summithealthpartners.com,Close Checklist Bot,Draft flux commentary for the Jun close,SUCCESS,63.6,"Treasury Jun variance was $1,161,586 vs plan",2026-05-13T20:49:52Z
r44-0003561,bjones@summithealthpartners.com,AP Aging Analyst,Reconcile AP aging over 90 days for CA-03,SUCCESS,36.3,"FP&A Feb variance was $2,932,601 vs plan",2026-05-13T08:16:52Z
r44-0003562,jnguyen@summithealthpartners.com,Budget vs Actual,Which cost centers are over budget YTD?,SUCCESS,62.7,"Treasury Feb variance was $1,841,611 vs plan",2026-05-13T09:37:15Z
r44-0003563,bjones@summithealthpartners.com,Cash Forecaster,Summarize the Mar variance for entity US-02,SUCCESS,0.8,FAILED: null reference in aggregation step,2026-05-14T16:57:36Z
r44-0003564,prodriguez@summithealthpartners.com,Covenant Checker,Explain the headcount variance vs plan,PARTIAL,32.5,"FP&A Jan variance was $77,236 vs plan",2026-05-14T10:35:37Z
r44-0003565,amoore@summithealthpartners.com,Journal Entry Reviewer,Explain the headcount variance vs plan,SUCCESS,49.3,"Accounting Jan variance was $3,016,429 vs plan",2026-05-14T09:15:52Z
r44-0003566,bjones@summithealthpartners.com,Cash Forecaster,Check covenant compliance for the revolver,SUCCESS,54.4,"Ops May variance was $3,999,674 vs plan",2026-05-14T16:15:32Z
r44-0003567,amoore@summithealthpartners.com,Journal Entry Reviewer,Which cost centers are over budget YTD?,SUCCESS,37.8,"Accounting Jun variance was $4,504,956 vs plan",2026-05-14T06:57:56Z
r44-0003568,pmartin@summithealthpartners.com,Variance Explainer,Build the board deck cash slide for Jun,PARTIAL,24.2,"Accounting Jun variance was $547,512 vs plan",2026-05-14T16:13:46Z
r44-0003569,pmartin@summithealthpartners.com,Close Checklist Bot,Forecast May operating cash flow,SUCCESS,12.9,"Accounting May variance was $3,406,194 vs plan",2026-05-14T14:43:43Z
r44-0003570,amoore@summithealthpartners.com,Close Checklist Bot,Which cost centers are over budget YTD?,SUCCESS,72.4,"FP&A Feb variance was $1,831,819 vs plan",2026-05-14T11:50:50Z
r44-0003571,jwilson@summithealthpartners.com,Flux Commentary,Forecast Jan operating cash flow,SUCCESS,68.8,"Ops Jan variance was $1,849,965 vs plan",2026-05-14T11:13:49Z
r44-0003572,amoore@summithealthpartners.com,AP Aging Analyst,What drove the change in gross margin this quarter?,SUCCESS,18.9,"Accounting Jan variance was $239,498 vs plan",2026-05-14T11:42:41Z
r44-0003573,pmartin@summithealthpartners.com,Cash Forecaster,Forecast Feb operating cash flow,SUCCESS,74.5,"Ops Feb variance was $2,865,978 vs plan",2026-05-14T09:03:16Z
r44-0003574,jjohnson@summithealthpartners.com,Flux Commentary,Explain the headcount variance vs plan,SUCCESS,0.6,error: connection reset by peer,2026-05-14T10:32:01Z
r44-0003575,jjohnson@summithealthpartners.com,AP Aging Analyst,Draft flux commentary for the Jan close,SUCCESS,52.5,"Ops Jan variance was $1,288,118 vs plan",2026-05-14T06:31:59Z
r44-0003576,bjones@summithealthpartners.com,Vendor Spend Analyzer,Build the board deck cash slide for Mar,SUCCESS,23.5,"FP&A Mar variance was $2,218,111 vs plan",2026-05-14T17:53:01Z
r44-0003577,pmartin@summithealthpartners.com,Covenant Checker,Draft flux commentary for the Jan close,SUCCESS,26.6,"Treasury Jan variance was $200,444 vs plan",2026-05-14T11:30:48Z
r44-0003578,amoore@summithealthpartners.com,Close Checklist Bot,Reconcile AP aging over 90 days for US-07,FAIL,1.0,error code 502 from model gateway,2026-05-14T09:29:06Z
r44-0003579,pmartin@summithealthpartners.com,Flux Commentary,Reconcile AP aging over 90 days for MX-02,FAIL,7.1,error: connection reset by peer,2026-05-14T07:19:12Z
r44-0003580,jdavis@summithealthpartners.com,Budget vs Actual,Which cost centers are over budget YTD?,SUCCESS,53.5,"FP&A Apr variance was $2,351,771 vs plan",2026-05-14T13:57:58Z
r44-0003581,jdavis@summithealthpartners.com,Cash Forecaster,Why did Accounting spend exceed budget in Jan?,PARTIAL,59.0,"Accounting Jan variance was $3,947,997 vs plan",2026-05-14T14:26:28Z
r44-0003582,jwilson@summithealthpartners.com,Board Deck Builder,Summarize the May variance for entity MX-08,SUCCESS,57.9,"Treasury May variance was $1,730,436 vs plan",2026-05-14T07:12:47Z
r44-0003583,bjones@summithealthpartners.com,Flux Commentary,Summarize the Jun variance for entity MX-07,PARTIAL,53.5,"Treasury Jun variance was $144,158 vs plan",2026-05-14T06:40:41Z
r44-0003584,pmartin@summithealthpartners.com,Headcount Planner,What drove the change in gross margin this quarter?,SUCCESS,16.7,"Accounting May variance was $2,237,337 vs plan",2026-05-14T14:53:49Z
r44-0003585,jwilliams@summithealthpartners.com,Vendor Spend Analyzer,Draft flux commentary for the May close,SUCCESS,73.8,"Ops May variance was $3,813,345 vs plan",2026-05-14T07:22:54Z
r44-0003586,pmartin@summithealthpartners.com,Variance Explainer,Forecast Apr operating cash flow,SUCCESS,10.4,"Ops Apr variance was $2,764,493 vs plan",2026-05-14T18:44:43Z
r44-0003587,pmartin@summithealthpartners.com,Vendor Spend Analyzer,Reconcile AP aging over 90 days for CA-09,SUCCESS,34.1,"Accounting Feb variance was $144,541 vs plan",2026-05-14T16:25:13Z
r44-0003588,sbrown@summithealthpartners.com,Revenue Recognizer,Reconcile AP aging over 90 days for EU-01,SUCCESS,42.6,"FP&A Jun variance was $1,944,351 vs plan",2026-05-14T14:43:33Z
r44-0003589,bjones@summithealthpartners.com,AP Aging Analyst,Summarize the Jun variance for entity EU-03,SUCCESS,3.1,"FP&A Jun variance was $3,327,797 vs plan",2026-05-14T12:13:41Z
r44-0003590,jjohnson@summithealthpartners.com,Covenant Checker,Reconcile AP aging over 90 days for MX-04,SUCCESS,18.3,"Ops Jan variance was $4,693,532 vs plan",2026-05-14T13:24:32Z
r44-0003591,kperez@summithealthpartners.com,Variance Explainer,Build the board deck cash slide for Jan,SUCCESS,27.6,"Accounting Jan variance was $4,319,037 vs plan",2026-05-14T10:40:16Z
r44-0003592,amoore@summithealthpartners.com,Budget vs Actual,Explain the headcount variance vs plan,PARTIAL,27.2,"Treasury Mar variance was $1,684,553 vs plan",2026-05-14T14:59:32Z
r44-0003593,amoore@summithealthpartners.com,Flux Commentary,Check covenant compliance for the revolver,SUCCESS,26.9,"Accounting Mar variance was $2,017,853 vs plan",2026-05-14T09:45:56Z
r44-0003594,pmartin@summithealthpartners.com,Vendor Spend Analyzer,Why did Treasury spend exceed budget in Jun?,SUCCESS,44.8,"Treasury Jun variance was $1,656,950 vs plan",2026-05-14T16:54:46Z
r44-0003595,bjones@summithealthpartners.com,Revenue Recognizer,Why did Treasury spend exceed budget in Mar?,SUCCESS,1.0,error: connection reset by peer,2026-05-14T14:39:02Z
r44-0003596,pmartin@summithealthpartners.com,Covenant Checker,Build the board deck cash slide for May,SUCCESS,60.3,"Accounting May variance was $3,172,748 vs plan",2026-05-14T11:26:00Z
r44-0003597,sdavis@summithealthpartners.com,Revenue Recognizer,Forecast May operating cash flow,FAIL,7.9,FAILED: null reference in aggregation step,2026-05-14T13:57:55Z
r44-0003598,pmartin@summithealthpartners.com,Revenue Recognizer,What drove the change in gross margin this quarter?,PARTIAL,4.5,"Accounting May variance was $177,121 vs plan",2026-05-14T11:23:17Z
r44-0003599,pmartin@summithealthpartners.com,Board Deck Builder,Explain the headcount variance vs plan,SUCCESS,73.8,"Treasury Jan variance was $4,507,674 vs plan",2026-05-14T08:33:10Z
r44-0003600,amoore@summithealthpartners.com,Flux Commentary,Build the board deck cash slide for Jan,SUCCESS,51.9,"Accounting Jan variance was $463,523 vs plan",2026-05-14T21:03:59Z
r44-0003601,pmartin@summithealthpartners.com,Cash Forecaster,Why did Accounting spend exceed budget in Jan?,SUCCESS,73.2,"Accounting Jan variance was $2,439,614 vs plan",2026-05-14T11:14:40Z
r44-0003602,mharris@summithealthpartners.com,Revenue Recognizer,Build the board deck cash slide for Jan,SUCCESS,17.3,"Treasury Jan variance was $875,269 vs plan",2026-05-14T08:17:26Z
r44-0003603,jjohnson@summithealthpartners.com,Cash Forecaster,Why did FP&A spend exceed budget in Mar?,SUCCESS,0.5,FAILED: null reference in aggregation step,2026-05-14T14:55:10Z
r44-0003604,jnguyen@summithealthpartners.com,Vendor Spend Analyzer,Forecast Apr operating cash flow,SUCCESS,70.5,"Treasury Apr variance was $3,448,745 vs plan",2026-05-14T12:36:09Z
r44-0003605,sdavis@summithealthpartners.com,Revenue Recognizer,Build the board deck cash slide for Apr,SUCCESS,56.0,"FP&A Apr variance was $32,162 vs plan",2026-05-14T12:59:59Z
r44-0003606,pmartin@summithealthpartners.com,Variance Explainer,Build the board deck cash slide for Jan,SUCCESS,27.8,"FP&A Jan variance was $330,120 vs plan",2026-05-14T14:05:22Z
r44-0003607,pmartin@summithealthpartners.com,Cash Forecaster,Reconcile AP aging over 90 days for CA-02,SUCCESS,15.1,"Ops Feb variance was $4,333,732 vs plan",2026-05-14T11:20:06Z
r44-0003608,bjones@summithealthpartners.com,Revenue Recognizer,Summarize the Jun variance for entity EU-02,SUCCESS,62.8,"Ops Jun variance was $3,925,761 vs plan",2026-05-15T12:59:04Z
r44-0003609,nnguyen@summithealthpartners.com,Revenue Recognizer,Reconcile AP aging over 90 days for EU-07,SUCCESS,24.6,"Accounting Feb variance was $3,523,419 vs plan",2026-05-15T14:45:12Z
r44-0003610,bjones@summithealthpartners.com,Cash Forecaster,Which cost centers are over budget YTD?,SUCCESS,32.1,"Accounting Feb variance was $1,333,611 vs plan",2026-05-15T17:30:40Z
r44-0003611,bjones@summithealthpartners.com,AP Aging Analyst,Summarize the Feb variance for entity CA-04,SUCCESS,1.2,error code 502 from model gateway,2026-05-15T10:12:46Z
r44-0003612,jnguyen@summithealthpartners.com,Headcount Planner,Summarize the May variance for entity CA-04,SUCCESS,73.7,"Ops May variance was $4,740,008 vs plan",2026-05-15T15:06:59Z
r44-0003613,jnguyen@summithealthpartners.com,Covenant Checker,Reconcile AP aging over 90 days for US-05,SUCCESS,0.6,Traceback (most recent call last): KeyError 'entity',2026-05-15T15:20:50Z
r44-0003614,amoore@summithealthpartners.com,Headcount Planner,Forecast Apr operating cash flow,SUCCESS,51.8,"FP&A Apr variance was $3,758,120 vs plan",2026-05-15T15:27:33Z
r44-0003615,amoore@summithealthpartners.com,Cash Forecaster,Forecast Jun operating cash flow,FAIL,3.3,Traceback (most recent call last): KeyError 'entity',2026-05-15T10:54:48Z
r44-0003616,pmartin@summithealthpartners.com,Headcount Planner,Reconcile AP aging over 90 days for US-06,SUCCESS,40.7,"Accounting Mar variance was $4,244,885 vs plan",2026-05-15T09:27:29Z
r44-0003617,jnguyen@summithealthpartners.com,AP Aging Analyst,Reconcile AP aging over 90 days for MX-03,SUCCESS,54.4,"Accounting Jun variance was $3,794,749 vs plan",2026-05-15T12:25:27Z
r44-0003618,bjones@summithealthpartners.com,Variance Explainer,Which cost centers are over budget YTD?,SUCCESS,16.7,"Accounting Jun variance was $1,795,930 vs plan",2026-05-15T10:15:29Z
r44-0003619,amoore@summithealthpartners.com,AP Aging Analyst,Why did Accounting spend exceed budget in Feb?,SUCCESS,26.6,"Accounting Feb variance was $288,980 vs plan",2026-05-15T11:28:48Z
r44-0003620,nhaddad@summithealthpartners.com,Revenue Recognizer,Draft flux commentary for the May close,SUCCESS,25.2,"Treasury May variance was $3,397,041 vs plan",2026-05-15T14:04:14Z
r44-0003621,mlewis@summithealthpartners.com,Vendor Spend Analyzer,Which cost centers are over budget YTD?,PARTIAL,21.6,"Treasury Apr variance was $2,558,680 vs plan",2026-05-15T10:48:11Z
r44-0003622,jjohnson@summithealthpartners.com,Journal Entry Reviewer,Why did FP&A spend exceed budget in Jan?,SUCCESS,9.8,"FP&A Jan variance was $3,466,479 vs plan",2026-05-15T13:13:36Z
r44-0003623,pmartin@summithealthpartners.com,Vendor Spend Analyzer,Reconcile AP aging over 90 days for CA-04,SUCCESS,33.1,"Treasury Feb variance was $181,663 vs plan",2026-05-15T13:41:12Z
r44-0003624,bjones@summithealthpartners.com,Journal Entry Reviewer,What drove the change in gross margin this quarter?,SUCCESS,53.9,"FP&A May variance was $4,733,870 vs plan",2026-05-15T08:04:13Z
r44-0003625,mlewis@summithealthpartners.com,Revenue Recognizer,Why did FP&A spend exceed budget in Mar?,SUCCESS,30.3,"FP&A Mar variance was $4,011,018 vs plan",2026-05-15T11:56:06Z
r44-0003626,pmartin@summithealthpartners.com,Variance Explainer,What drove the change in gross margin this quarter?,SUCCESS,70.3,"Ops Jun variance was $2,937,105 vs plan",2026-05-15T12:06:56Z
r44-0003627,amoore@summithealthpartners.com,Vendor Spend Analyzer,What drove the change in gross margin this quarter?,SUCCESS,44.5,"Accounting Feb variance was $3,765,189 vs plan",2026-05-15T18:28:03Z
r44-0003628,pmartin@summithealthpartners.com,AP Aging Analyst,Summarize the May variance for entity EU-06,SUCCESS,35.7,"FP&A May variance was $2,398,949 vs plan",2026-05-15T14:06:33Z
r44-0003629,pmartin@summithealthpartners.com,Budget vs Actual,Explain the headcount variance vs plan,SUCCESS,5.2,"Accounting May variance was $332,872 vs plan",2026-05-15T15:04:06Z
r44-0003630,jnguyen@summithealthpartners.com,Covenant Checker,What drove the change in gross margin this quarter?,SUCCESS,30.7,"Ops Mar variance was $284,455 vs plan",2026-05-15T15:15:10Z
r44-0003631,bjones@summithealthpartners.com,Flux Commentary,What drove the change in gross margin this quarter?,PARTIAL,3.3,"Accounting Feb variance was $405,154 vs plan",2026-05-15T07:39:27Z
r44-0003632,pmartin@summithealthpartners.com,Vendor Spend Analyzer,Check covenant compliance for the revolver,SUCCESS,0.8,ERROR: upstream request timed out,2026-05-15T13:16:55Z
r44-0003633,amoore@summithealthpartners.com,Journal Entry Reviewer,Explain the headcount variance vs plan,SUCCESS,19.6,"Ops Apr variance was $2,549,276 vs plan",2026-05-15T11:56:04Z
r44-0003634,amoore@summithealthpartners.com,Flux Commentary,Explain the headcount variance vs plan,SUCCESS,1.8,Traceback (most recent call last): KeyError 'entity',2026-05-15T15:28:44Z
r44-0003635,jlewis@summithealthpartners.com,Revenue Recognizer,Build the board deck cash slide for Mar,PARTIAL,46.9,"Treasury Mar variance was $2,686,880 vs plan",2026-05-15T16:39:16Z
r44-0003636,jnguyen@summithealthpartners.com,Journal Entry Reviewer,Forecast Feb operating cash flow,SUCCESS,29.4,"FP&A Feb variance was $42,591 vs plan",2026-05-15T13:49:22Z
r44-0003637,amoore@summithealthpartners.com,Revenue Recognizer,Build the board deck cash slide for Apr,SUCCESS,60.4,"FP&A Apr variance was $2,340,940 vs plan",2026-05-15T17:10:22Z
r44-0003638,amoore@summithealthpartners.com,Flux Commentary,Check covenant compliance for the revolver,SUCCESS,56.6,"Treasury Apr variance was $3,929,125 vs plan",2026-05-15T09:38:14Z
r44-0003639,pmartin@summithealthpartners.com,Board Deck Builder,Summarize the Jan variance for entity MX-02,SUCCESS,39.8,"Ops Jan variance was $1,381,403 vs plan",2026-05-15T14:54:14Z
r44-0003640,pmartin@summithealthpartners.com,Revenue Recognizer,Forecast Apr operating cash flow,SUCCESS,55.2,"FP&A Apr variance was $558,545 vs plan",2026-05-15T15:22:39Z
r44-0003641,bjones@summithealthpartners.com,Variance Explainer,Reconcile AP aging over 90 days for MX-02,SUCCESS,14.6,"FP&A Apr variance was $1,115,220 vs plan",2026-05-15T12:17:57Z
r44-0003642,pmartin@summithealthpartners.com,Vendor Spend Analyzer,Which cost centers are over budget YTD?,SUCCESS,8.9,"Accounting Jun variance was $3,667,225 vs plan",2026-05-15T14:53:10Z
r44-0003643,jjohnson@summithealthpartners.com,Budget vs Actual,Which cost centers are over budget YTD?,SUCCESS,30.5,"Accounting May variance was $1,881,656 vs plan",2026-05-15T15:02:28Z
r44-0003644,pmartin@summithealthpartners.com,Headcount Planner,Why did Accounting spend exceed budget in Apr?,SUCCESS,50.8,"Accounting Apr variance was $3,318,814 vs plan",2026-05-15T06:18:20Z
r44-0003645,pmartin@summithealthpartners.com,Close Checklist Bot,Why did Treasury spend exceed budget in Feb?,SUCCESS,51.2,"Treasury Feb variance was $1,583,438 vs plan",2026-05-15T14:03:09Z
r44-0003646,amoore@summithealthpartners.com,Covenant Checker,Reconcile AP aging over 90 days for CA-07,SUCCESS,0.8,error: connection reset by peer,2026-05-15T09:54:37Z
r44-0003647,jjohnson@summithealthpartners.com,Headcount Planner,What drove the change in gross margin this quarter?,SUCCESS,42.4,"FP&A Feb variance was $3,628,950 vs plan",2026-05-15T11:51:50Z
r44-0003648,pmartin@summithealthpartners.com,Headcount Planner,Forecast Apr operating cash flow,SUCCESS,56.0,"Ops Apr variance was $4,756,551 vs plan",2026-05-16T15:42:24Z
r44-0003649,pmartin@summithealthpartners.com,Covenant Checker,Why did Treasury spend exceed budget in Jun?,SUCCESS,1.7,Traceback (most recent call last): KeyError 'entity',2026-05-16T12:10:12Z
r44-0003650,pmartin@summithealthpartners.com,Journal Entry Reviewer,Which cost centers are over budget YTD?,SUCCESS,51.6,"Accounting May variance was $1,172,938 vs plan",2026-05-16T11:49:12Z
r44-0003651,kperez@summithealthpartners.com,Revenue Recognizer,Draft flux commentary for the Mar close,SUCCESS,1.6,ERROR: upstream request timed out,2026-05-16T15:23:33Z
r44-0003652,pmartin@summithealthpartners.com,Vendor Spend Analyzer,Reconcile AP aging over 90 days for CA-04,SUCCESS,70.5,"FP&A Mar variance was $229,782 vs plan",2026-05-16T13:10:53Z
r44-0003653,pmartin@summithealthpartners.com,Cash Forecaster,Explain the headcount variance vs plan,SUCCESS,8.5,"Accounting Jun variance was $2,976,069 vs plan",2026-05-16T14:53:18Z
r44-0003654,jlewis@summithealthpartners.com,Board Deck Builder,Check covenant compliance for the revolver,SUCCESS,50.9,"FP&A Jan variance was $2,791,395 vs plan",2026-05-16T09:42:33Z
r44-0003655,sdavis@summithealthpartners.com,Flux Commentary,Explain the headcount variance vs plan,SUCCESS,60.9,"FP&A Feb variance was $850,170 vs plan",2026-05-16T16:13:43Z
r44-0003656,amoore@summithealthpartners.com,Vendor Spend Analyzer,Summarize the Jan variance for entity CA-09,PARTIAL,27.0,"Ops Jan variance was $1,020,217 vs plan",2026-05-16T15:28:28Z
r44-0003657,bjones@summithealthpartners.com,Vendor Spend Analyzer,Summarize the Apr variance for entity CA-04,SUCCESS,41.8,"Ops Apr variance was $2,948,291 vs plan",2026-05-16T14:14:29Z
r44-0003658,amoore@summithealthpartners.com,AP Aging Analyst,Draft flux commentary for the Apr close,SUCCESS,18.5,"Ops Apr variance was $4,577,900 vs plan",2026-05-16T09:37:02Z
r44-0003659,pmartin@summithealthpartners.com,Close Checklist Bot,Draft flux commentary for the Jan close,SUCCESS,13.1,"FP&A Jan variance was $4,426,333 vs plan",2026-05-16T11:40:08Z
r44-0003660,nhaddad@summithealthpartners.com,Cash Forecaster,Check covenant compliance for the revolver,SUCCESS,38.1,"Ops Apr variance was $2,929,046 vs plan",2026-05-16T16:19:43Z
r44-0003661,amoore@summithealthpartners.com,Vendor Spend Analyzer,Build the board deck cash slide for Jan,SUCCESS,48.8,"Ops Jan variance was $347,811 vs plan",2026-05-16T09:43:34Z
r44-0003662,pmartin@summithealthpartners.com,Journal Entry Reviewer,What drove the change in gross margin this quarter?,SUCCESS,64.3,"FP&A Jan variance was $4,791,356 vs plan",2026-05-16T12:33:12Z
r44-0003663,nnguyen@summithealthpartners.com,Journal Entry Reviewer,Explain the headcount variance vs plan,PARTIAL,72.7,"Accounting May variance was $3,086,507 vs plan",2026-05-16T17:13:13Z
r44-0003664,jwilson@summithealthpartners.com,Flux Commentary,Why did Accounting spend exceed budget in Apr?,SUCCESS,58.8,"Accounting Apr variance was $2,013,778 vs plan",2026-05-16T12:25:13Z
r44-0003665,pmartin@summithealthpartners.com,AP Aging Analyst,Draft flux commentary for the Apr close,SUCCESS,12.6,"Accounting Apr variance was $581,688 vs plan",2026-05-16T10:27:24Z
r44-0003666,jdavis@summithealthpartners.com,Variance Explainer,Reconcile AP aging over 90 days for MX-02,PARTIAL,10.9,"FP&A May variance was $2,330,792 vs plan",2026-05-16T09:04:50Z
r44-0003667,jdavis@summithealthpartners.com,Board Deck Builder,Summarize the Mar variance for entity MX-04,FAIL,6.8,error code 502 from model gateway,2026-05-16T12:13:01Z
r44-0003668,pmartin@summithealthpartners.com,Covenant Checker,What drove the change in gross margin this quarter?,SUCCESS,68.4,"Treasury Feb variance was $2,444,802 vs plan",2026-05-16T15:00:01Z
r44-0003669,dlopez2@summithealthpartners.com,Revenue Recognizer,Forecast Apr operating cash flow,SUCCESS,37.9,"Ops Apr variance was $3,422,398 vs plan",2026-05-16T13:18:09Z
r44-0003670,amoore@summithealthpartners.com,Cash Forecaster,Explain the headcount variance vs plan,SUCCESS,14.8,"FP&A Jun variance was $4,497,634 vs plan",2026-05-16T06:09:58Z
r44-0003671,pmartin@summithealthpartners.com,Journal Entry Reviewer,Reconcile AP aging over 90 days for MX-06,SUCCESS,30.4,"Treasury Apr variance was $3,901,975 vs plan",2026-05-16T18:57:42Z
r44-0003672,sdavis@summithealthpartners.com,Revenue Recognizer,Which cost centers are over budget YTD?,SUCCESS,44.9,"Treasury Feb variance was $2,457,315 vs plan",2026-05-16T17:57:28Z
r44-0003673,pmartin@summithealthpartners.com,Revenue Recognizer,Summarize the Jan variance for entity EU-01,SUCCESS,0.5,error: connection reset by peer,2026-05-16T13:48:12Z
r44-0003674,pmartin@summithealthpartners.com,Board Deck Builder,Explain the headcount variance vs plan,SUCCESS,57.2,"FP&A Feb variance was $1,069,414 vs plan",2026-05-16T15:42:36Z
r44-0003675,bjones@summithealthpartners.com,Covenant Checker,Summarize the Mar variance for entity MX-01,SUCCESS,48.1,"FP&A Mar variance was $2,390,703 vs plan",2026-05-16T12:45:18Z
r44-0003676,pmartin@summithealthpartners.com,AP Aging Analyst,Explain the headcount variance vs plan,SUCCESS,68.1,"Ops Mar variance was $1,694,979 vs plan",2026-05-16T11:20:06Z
r44-0003677,jjohnson@summithealthpartners.com,Headcount Planner,Why did FP&A spend exceed budget in Jun?,SUCCESS,11.2,"FP&A Jun variance was $930,414 vs plan",2026-05-17T15:18:48Z
r44-0003678,amoore@summithealthpartners.com,Board Deck Builder,Forecast Feb operating cash flow,SUCCESS,39.7,"Ops Feb variance was $4,367,104 vs plan",2026-05-17T18:03:21Z
r44-0003679,amoore@summithealthpartners.com,AP Aging Analyst,Build the board deck cash slide for Feb,SUCCESS,50.6,"Ops Feb variance was $3,842,140 vs plan",2026-05-17T13:51:14Z
r44-0003680,jnguyen@summithealthpartners.com,Board Deck Builder,Which cost centers are over budget YTD?,SUCCESS,51.9,"FP&A Apr variance was $4,527,635 vs plan",2026-05-17T13:21:43Z
r44-0003681,bjones@summithealthpartners.com,Close Checklist Bot,Forecast Jun operating cash flow,SUCCESS,53.3,"Ops Jun variance was $3,783,870 vs plan",2026-05-17T11:59:32Z
r44-0003682,amoore@summithealthpartners.com,Budget vs Actual,Forecast Mar operating cash flow,SUCCESS,48.8,"FP&A Mar variance was $3,476,717 vs plan",2026-05-17T16:27:14Z
r44-0003683,jnguyen@summithealthpartners.com,Cash Forecaster,Draft flux commentary for the Jan close,SUCCESS,15.0,"FP&A Jan variance was $4,748,598 vs plan",2026-05-17T14:35:47Z
r44-0003684,jnguyen@summithealthpartners.com,Vendor Spend Analyzer,Summarize the Mar variance for entity EU-03,SUCCESS,70.1,"Treasury Mar variance was $4,114,183 vs plan",2026-05-17T16:23:56Z
r44-0003685,jwilson@summithealthpartners.com,Revenue Recognizer,What drove the change in gross margin this quarter?,PARTIAL,43.0,"Ops Jun variance was $4,238,737 vs plan",2026-05-17T09:38:51Z
r44-0003686,bjones@summithealthpartners.com,Board Deck Builder,Check covenant compliance for the revolver,SUCCESS,36.3,"Treasury Jun variance was $1,612,061 vs plan",2026-05-17T20:26:51Z
r44-0003687,amoore@summithealthpartners.com,Vendor Spend Analyzer,Forecast Apr operating cash flow,SUCCESS,64.1,"FP&A Apr variance was $3,871,201 vs plan",2026-05-17T14:16:08Z
r44-0003688,amoore@summithealthpartners.com,AP Aging Analyst,Which cost centers are over budget YTD?,PARTIAL,21.7,"FP&A Jun variance was $4,172,882 vs plan",2026-05-17T18:28:22Z
r44-0003689,amoore@summithealthpartners.com,Flux Commentary,Draft flux commentary for the Jun close,SUCCESS,0.8,ERROR: upstream request timed out,2026-05-17T12:30:29Z
r44-0003690,pmartin@summithealthpartners.com,Close Checklist Bot,Reconcile AP aging over 90 days for EU-03,SUCCESS,10.0,"Ops Jun variance was $2,280,193 vs plan",2026-05-17T16:45:16Z
r44-0003691,amoore@summithealthpartners.com,Close Checklist Bot,Reconcile AP aging over 90 days for MX-01,PARTIAL,26.4,"Accounting Apr variance was $3,842,815 vs plan",2026-05-17T16:52:24Z
r44-0003692,pmartin@summithealthpartners.com,Close Checklist Bot,Summarize the May variance for entity MX-01,PARTIAL,25.1,"Ops May variance was $4,669,067 vs plan",2026-05-17T18:33:58Z
r44-0003693,pmartin@summithealthpartners.com,Covenant Checker,Forecast Feb operating cash flow,SUCCESS,30.9,"Ops Feb variance was $230,272 vs plan",2026-05-17T07:44:33Z
r44-0003694,jnguyen@summithealthpartners.com,Flux Commentary,Draft flux commentary for the Jun close,SUCCESS,19.6,"Accounting Jun variance was $1,737,646 vs plan",2026-05-17T14:39:07Z
r44-0003695,pmartin@summithealthpartners.com,Cash Forecaster,Reconcile AP aging over 90 days for US-03,PARTIAL,58.0,"Accounting Feb variance was $2,105,358 vs plan",2026-05-17T11:48:08Z
r44-0003696,mlewis@summithealthpartners.com,Journal Entry Reviewer,Forecast Jan operating cash flow,SUCCESS,1.1,Traceback (most recent call last): KeyError 'entity',2026-05-17T07:22:04Z
r44-0003697,bjones@summithealthpartners.com,Journal Entry Reviewer,Build the board deck cash slide for Feb,SUCCESS,1.2,FAILED: null reference in aggregation step,2026-05-17T12:13:35Z
r44-0003698,amoore@summithealthpartners.com,Close Checklist Bot,Summarize the Jan variance for entity EU-03,SUCCESS,24.3,"Accounting Jan variance was $1,340,915 vs plan",2026-05-17T10:33:15Z
r44-0003699,pmartin@summithealthpartners.com,Journal Entry Reviewer,Draft flux commentary for the Mar close,SUCCESS,14.4,"Treasury Mar variance was $470,301 vs plan",2026-05-17T07:54:35Z
r44-0003700,pmartin@summithealthpartners.com,Revenue Recognizer,What drove the change in gross margin this quarter?,SUCCESS,5.5,"Ops Jan variance was $4,612,730 vs plan",2026-05-17T12:52:40Z
r44-0003701,amoore@summithealthpartners.com,AP Aging Analyst,Reconcile AP aging over 90 days for MX-08,SUCCESS,7.6,"Treasury Jun variance was $2,310,661 vs plan",2026-05-17T10:23:33Z
r44-0003702,pmartin@summithealthpartners.com,Close Checklist Bot,Explain the headcount variance vs plan,SUCCESS,64.8,"FP&A Apr variance was $1,725,356 vs plan",2026-05-17T13:52:01Z
r44-0003703,pmartin@summithealthpartners.com,Budget vs Actual,Which cost centers are over budget YTD?,PARTIAL,7.9,"Treasury Feb variance was $2,331,830 vs plan",2026-05-18T13:38:48Z
r44-0003704,pmartin@summithealthpartners.com,Cash Forecaster,What drove the change in gross margin this quarter?,SUCCESS,48.5,"Accounting Jun variance was $3,140,553 vs plan",2026-05-18T09:45:16Z
r44-0003705,pmartin@summithealthpartners.com,Board Deck Builder,Why did Treasury spend exceed budget in Jun?,SUCCESS,55.2,"Treasury Jun variance was $3,995,568 vs plan",2026-05-18T14:32:14Z
r44-0003706,amoore@summithealthpartners.com,Cash Forecaster,Explain the headcount variance vs plan,SUCCESS,63.2,"Ops Mar variance was $3,293,670 vs plan",2026-05-18T08:51:12Z
r44-0003707,kperez@summithealthpartners.com,Flux Commentary,Summarize the Mar variance for entity MX-05,PARTIAL,18.7,"Accounting Mar variance was $1,685,973 vs plan",2026-05-18T08:37:16Z
r44-0003708,jjohnson@summithealthpartners.com,Covenant Checker,Check covenant compliance for the revolver,PARTIAL,30.2,"Accounting Jun variance was $3,807,346 vs plan",2026-05-18T11:54:32Z
r44-0003709,sbrown@summithealthpartners.com,Journal Entry Reviewer,Why did Ops spend exceed budget in Apr?,SUCCESS,28.0,"Ops Apr variance was $763,922 vs plan",2026-05-18T10:47:32Z
r44-0003710,pmartin@summithealthpartners.com,Flux Commentary,Why did FP&A spend exceed budget in Mar?,SUCCESS,1.4,Traceback (most recent call last): KeyError 'entity',2026-05-18T13:09:03Z
r44-0003711,amoore@summithealthpartners.com,Budget vs Actual,Reconcile AP aging over 90 days for MX-03,SUCCESS,34.2,"FP&A Mar variance was $2,563,448 vs plan",2026-05-18T12:09:24Z
r44-0003712,amoore@summithealthpartners.com,Close Checklist Bot,What drove the change in gross margin this quarter?,SUCCESS,62.1,"Accounting Jan variance was $1,123,714 vs plan",2026-05-18T09:02:25Z
r44-0003713,pmartin@summithealthpartners.com,AP Aging Analyst,Forecast May operating cash flow,SUCCESS,17.6,"Treasury May variance was $4,423,843 vs plan",2026-05-18T10:30:10Z
r44-0003714,jwilliams@summithealthpartners.com,AP Aging Analyst,Summarize the Jun variance for entity US-07,SUCCESS,17.1,"FP&A Jun variance was $2,038,244 vs plan",2026-05-18T09:01:09Z
r44-0003715,dlopez2@summithealthpartners.com,Board Deck Builder,Summarize the Mar variance for entity CA-05,SUCCESS,15.9,"Ops Mar variance was $2,737,265 vs plan",2026-05-18T07:59:09Z
r44-0003716,pmartin@summithealthpartners.com,Revenue Recognizer,Draft flux commentary for the Jan close,SUCCESS,25.8,"FP&A Jan variance was $42,030 vs plan",2026-05-18T11:51:20Z
r44-0003717,amoore@summithealthpartners.com,Vendor Spend Analyzer,What drove the change in gross margin this quarter?,PARTIAL,71.6,"FP&A Mar variance was $1,932,181 vs plan",2026-05-18T11:14:14Z
r44-0003718,sdavis@summithealthpartners.com,Variance Explainer,Reconcile AP aging over 90 days for CA-03,SUCCESS,60.1,"Accounting Apr variance was $1,828,254 vs plan",2026-05-18T18:24:35Z
r44-0003719,bjones@summithealthpartners.com,Board Deck Builder,Explain the headcount variance vs plan,SUCCESS,35.2,"Ops Jan variance was $3,972,107 vs plan",2026-05-18T11:30:55Z
r44-0003720,amoore@summithealthpartners.com,Covenant Checker,Forecast Feb operating cash flow,SUCCESS,64.7,"Ops Feb variance was $759,119 vs plan",2026-05-18T08:06:02Z
r44-0003721,nnguyen@summithealthpartners.com,Close Checklist Bot,Explain the headcount variance vs plan,SUCCESS,29.2,"Accounting Mar variance was $1,158,827 vs plan",2026-05-18T12:13:59Z
r44-0003722,amoore@summithealthpartners.com,Flux Commentary,Explain the headcount variance vs plan,SUCCESS,56.1,"Accounting Feb variance was $1,830,418 vs plan",2026-05-18T13:20:32Z
r44-0003723,amoore@summithealthpartners.com,Cash Forecaster,Explain the headcount variance vs plan,SUCCESS,66.2,"Treasury Jun variance was $2,483,326 vs plan",2026-05-18T15:13:49Z
r44-0003724,pmartin@summithealthpartners.com,Flux Commentary,Summarize the Feb variance for entity EU-02,FAIL,6.1,error code 502 from model gateway,2026-05-18T12:56:31Z
r44-0003725,amoore@summithealthpartners.com,Budget vs Actual,Build the board deck cash slide for Jan,SUCCESS,13.2,"FP&A Jan variance was $222,085 vs plan",2026-05-18T10:10:44Z
r44-0003726,amoore@summithealthpartners.com,Flux Commentary,Explain the headcount variance vs plan,FAIL,3.2,error: connection reset by peer,2026-05-18T12:29:20Z
r44-0003727,pmartin@summithealthpartners.com,Covenant Checker,Build the board deck cash slide for May,SUCCESS,23.1,"Accounting May variance was $3,991,928 vs plan",2026-05-18T16:19:11Z
r44-0003728,jwilliams@summithealthpartners.com,Headcount Planner,Check covenant compliance for the revolver,SUCCESS,23.1,"FP&A Apr variance was $3,015,921 vs plan",2026-05-18T16:18:36Z
r44-0003729,amoore@summithealthpartners.com,Variance Explainer,Check covenant compliance for the revolver,SUCCESS,36.3,"Ops May variance was $1,911,846 vs plan",2026-05-18T18:23:56Z
r44-0003730,jjohnson@summithealthpartners.com,Board Deck Builder,Draft flux commentary for the Apr close,SUCCESS,1.0,error code 502 from model gateway,2026-05-18T11:25:51Z
r44-0003731,pmartin@summithealthpartners.com,Flux Commentary,Check covenant compliance for the revolver,PARTIAL,54.4,"FP&A Apr variance was $3,569,547 vs plan",2026-05-18T09:17:37Z
r44-0003732,pmartin@summithealthpartners.com,Covenant Checker,What drove the change in gross margin this quarter?,SUCCESS,31.0,"FP&A Jan variance was $4,019,545 vs plan",2026-05-18T09:06:26Z
r44-0003733,jlewis@summithealthpartners.com,Headcount Planner,Why did Ops spend exceed budget in Feb?,SUCCESS,10.3,"Ops Feb variance was $3,346,795 vs plan",2026-05-18T08:26:28Z
r44-0003734,sdavis@summithealthpartners.com,Cash Forecaster,Build the board deck cash slide for Mar,SUCCESS,55.0,"Ops Mar variance was $2,376,285 vs plan",2026-05-18T11:45:55Z
r44-0003735,amoore@summithealthpartners.com,Cash Forecaster,What drove the change in gross margin this quarter?,SUCCESS,0.6,error code 502 from model gateway,2026-05-18T12:58:52Z
r44-0003736,pmartin@summithealthpartners.com,Journal Entry Reviewer,Which cost centers are over budget YTD?,SUCCESS,13.5,"FP&A Jun variance was $4,112,930 vs plan",2026-05-18T16:49:30Z
r44-0003737,pmartin@summithealthpartners.com,Journal Entry Reviewer,Explain the headcount variance vs plan,SUCCESS,1.6,Traceback (most recent call last): KeyError 'entity',2026-05-18T12:12:57Z
r44-0003738,pmartin@summithealthpartners.com,Covenant Checker,What drove the change in gross margin this quarter?,SUCCESS,3.3,"Ops Mar variance was $3,749,794 vs plan",2026-05-18T16:22:14Z
r44-0003739,amoore@summithealthpartners.com,Headcount Planner,Draft flux commentary for the Apr close,SUCCESS,33.1,"Treasury Apr variance was $1,025,183 vs plan",2026-05-18T14:37:29Z
r44-0003740,pmartin@summithealthpartners.com,Board Deck Builder,Check covenant compliance for the revolver,SUCCESS,52.4,"FP&A Mar variance was $1,888,440 vs plan",2026-05-18T11:46:29Z
r44-0003741,pmartin@summithealthpartners.com,Revenue Recognizer,Draft flux commentary for the Apr close,SUCCESS,7.6,"Ops Apr variance was $2,923,522 vs plan",2026-05-18T18:01:39Z
r44-0003742,jwilliams@summithealthpartners.com,Cash Forecaster,What drove the change in gross margin this quarter?,SUCCESS,18.8,"Treasury Jun variance was $3,191,262 vs plan",2026-05-18T06:55:30Z
r44-0003743,amoore@summithealthpartners.com,AP Aging Analyst,Which cost centers are over budget YTD?,SUCCESS,29.6,"Treasury Jun variance was $823,719 vs plan",2026-05-18T14:25:29Z
r44-0003744,mharris@summithealthpartners.com,Budget vs Actual,Explain the headcount variance vs plan,SUCCESS,5.0,"Treasury Apr variance was $3,429,447 vs plan",2026-05-18T15:59:53Z
r44-0003745,bjones@summithealthpartners.com,Vendor Spend Analyzer,Reconcile AP aging over 90 days for US-09,SUCCESS,50.9,"Treasury Feb variance was $4,781,534 vs plan",2026-05-18T12:59:24Z
r44-0003746,amoore@summithealthpartners.com,Close Checklist Bot,Summarize the Feb variance for entity EU-02,SUCCESS,8.9,"Treasury Feb variance was $3,411,893 vs plan",2026-05-18T15:46:22Z
r44-0003747,jdavis@summithealthpartners.com,Budget vs Actual,Draft flux commentary for the Jan close,SUCCESS,70.6,"Ops Jan variance was $4,004,784 vs plan",2026-05-18T08:07:36Z
r44-0003748,pmartin@summithealthpartners.com,Close Checklist Bot,Forecast Jan operating cash flow,SUCCESS,51.9,"Accounting Jan variance was $2,111,126 vs plan",2026-05-18T10:09:41Z
r44-0003749,pmartin@summithealthpartners.com,Board Deck Builder,Why did Ops spend exceed budget in Mar?,SUCCESS,20.3,"Ops Mar variance was $3,347,121 vs plan",2026-05-18T09:52:05Z
r44-0003750,jdavis@summithealthpartners.com,Journal Entry Reviewer,Check covenant compliance for the revolver,SUCCESS,44.8,"Accounting Feb variance was $1,970,233 vs plan",2026-05-18T12:34:04Z
r44-0003751,amoore@summithealthpartners.com,Journal Entry Reviewer,Build the board deck cash slide for Feb,FAIL,1.5,FAILED: null reference in aggregation step,2026-05-18T10:55:49Z
r44-0003752,sdavis@summithealthpartners.com,Flux Commentary,Explain the headcount variance vs plan,SUCCESS,30.6,"Treasury Mar variance was $2,722,428 vs plan",2026-05-18T11:56:34Z
r44-0003753,bjones@summithealthpartners.com,Revenue Recognizer,Reconcile AP aging over 90 days for EU-05,SUCCESS,23.4,"Ops May variance was $4,376,499 vs plan",2026-05-18T17:33:41Z
r44-0003754,amoore@summithealthpartners.com,Journal Entry Reviewer,Build the board deck cash slide for Jan,FAIL,7.1,FAILED: null reference in aggregation step,2026-05-18T15:18:49Z
r44-0003755,jlewis@summithealthpartners.com,Journal Entry Reviewer,What drove the change in gross margin this quarter?,SUCCESS,25.6,"FP&A Feb variance was $706,053 vs plan",2026-05-18T13:09:55Z
r44-0003756,pmartin@summithealthpartners.com,Revenue Recognizer,What drove the change in gross margin this quarter?,SUCCESS,55.5,"FP&A Jan variance was $3,690,134 vs plan",2026-05-18T17:36:13Z
r44-0003757,bjones@summithealthpartners.com,Journal Entry Reviewer,What drove the change in gross margin this quarter?,PARTIAL,36.9,"Ops Apr variance was $3,040,523 vs plan",2026-05-18T12:59:47Z
r44-0003758,pmartin@summithealthpartners.com,Covenant Checker,Explain the headcount variance vs plan,SUCCESS,25.6,"FP&A Apr variance was $2,448,272 vs plan",2026-05-18T06:32:21Z
r44-0003759,jwilliams@summithealthpartners.com,Board Deck Builder,Build the board deck cash slide for Jun,SUCCESS,63.0,"FP&A Jun variance was $4,705,408 vs plan",2026-05-18T08:05:27Z
r44-0003760,pmartin@summithealthpartners.com,Flux Commentary,Check covenant compliance for the revolver,SUCCESS,0.9,error code 502 from model gateway,2026-05-18T16:48:20Z
r44-0003761,pmartin@summithealthpartners.com,Journal Entry Reviewer,Forecast Feb operating cash flow,SUCCESS,20.7,"Accounting Feb variance was $763,312 vs plan",2026-05-18T16:53:31Z
r44-0003762,amoore@summithealthpartners.com,Revenue Recognizer,Explain the headcount variance vs plan,SUCCESS,27.7,"FP&A Feb variance was $271,918 vs plan",2026-05-18T11:27:29Z
r44-0003763,amoore@summithealthpartners.com,Flux Commentary,Explain the headcount variance vs plan,SUCCESS,23.4,"FP&A May variance was $4,568,910 vs plan",2026-05-18T15:04:09Z
r44-0003764,mlewis@summithealthpartners.com,Budget vs Actual,Check covenant compliance for the revolver,FAIL,7.8,ERROR: upstream request timed out,2026-05-18T11:57:40Z
r44-0003765,nhaddad@summithealthpartners.com,AP Aging Analyst,Reconcile AP aging over 90 days for EU-08,FAIL,4.9,error code 502 from model gateway,2026-05-18T15:50:26Z
r44-0003766,amoore@summithealthpartners.com,Board Deck Builder,Forecast Feb operating cash flow,SUCCESS,48.0,"Treasury Feb variance was $4,164,795 vs plan",2026-05-19T14:20:31Z
r44-0003767,amoore@summithealthpartners.com,Close Checklist Bot,Forecast May operating cash flow,SUCCESS,37.3,"Treasury May variance was $249,577 vs plan",2026-05-19T09:35:37Z
r44-0003768,jnguyen@summithealthpartners.com,Cash Forecaster,Forecast Jan operating cash flow,PARTIAL,31.9,"FP&A Jan variance was $3,448,880 vs plan",2026-05-19T13:22:22Z
r44-0003769,amoore@summithealthpartners.com,Budget vs Actual,Explain the headcount variance vs plan,SUCCESS,26.3,"FP&A Mar variance was $4,502,021 vs plan",2026-05-19T14:49:04Z
r44-0003770,sbrown@summithealthpartners.com,Cash Forecaster,What drove the change in gross margin this quarter?,SUCCESS,31.2,"FP&A Jan variance was $2,622,585 vs plan",2026-05-19T12:29:52Z
r44-0003771,jjohnson@summithealthpartners.com,Vendor Spend Analyzer,Explain the headcount variance vs plan,SUCCESS,6.1,"Accounting Jun variance was $4,483,314 vs plan",2026-05-19T12:22:26Z
r44-0003772,pmartin@summithealthpartners.com,Revenue Recognizer,Build the board deck cash slide for Feb,SUCCESS,0.3,FAILED: null reference in aggregation step,2026-05-19T10:55:00Z
r44-0003773,pmartin@summithealthpartners.com,Flux Commentary,Why did Ops spend exceed budget in Jun?,SUCCESS,69.8,"Ops Jun variance was $4,328,074 vs plan",2026-05-19T14:59:07Z
r44-0003774,nhaddad@summithealthpartners.com,Revenue Recognizer,Explain the headcount variance vs plan,SUCCESS,26.5,"Ops Feb variance was $4,769,214 vs plan",2026-05-19T09:37:29Z
r44-0003775,sdavis@summithealthpartners.com,Board Deck Builder,Build the board deck cash slide for Apr,SUCCESS,1.3,error code 502 from model gateway,2026-05-19T09:27:08Z
r44-0003776,pmartin@summithealthpartners.com,Vendor Spend Analyzer,Reconcile AP aging over 90 days for EU-03,SUCCESS,16.1,"Treasury Mar variance was $383,653 vs plan",2026-05-19T11:51:07Z
r44-0003777,sbrown@summithealthpartners.com,Close Checklist Bot,Reconcile AP aging over 90 days for CA-09,SUCCESS,1.7,ERROR: upstream request timed out,2026-05-19T11:57:11Z
r44-0003778,pmartin@summithealthpartners.com,Flux Commentary,Why did Treasury spend exceed budget in Feb?,SUCCESS,22.3,"Treasury Feb variance was $4,284,020 vs plan",2026-05-19T12:47:05Z
r44-0003779,jlewis@summithealthpartners.com,Cash Forecaster,Forecast Feb operating cash flow,SUCCESS,0.8,error: connection reset by peer,2026-05-19T08:33:06Z
r44-0003780,jlewis@summithealthpartners.com,Headcount Planner,Check covenant compliance for the revolver,SUCCESS,3.3,"Ops Mar variance was $4,217,210 vs plan",2026-05-19T12:10:01Z
r44-0003781,jlewis@summithealthpartners.com,Vendor Spend Analyzer,Summarize the Jan variance for entity US-09,FAIL,3.7,error code 502 from model gateway,2026-05-19T10:35:00Z
r44-0003782,mlewis@summithealthpartners.com,Variance Explainer,Reconcile AP aging over 90 days for EU-05,SUCCESS,69.3,"Accounting Jan variance was $764,595 vs plan",2026-05-19T17:27:19Z
r44-0003783,pmartin@summithealthpartners.com,Revenue Recognizer,Which cost centers are over budget YTD?,PARTIAL,34.4,"Accounting Apr variance was $4,482,424 vs plan",2026-05-19T11:57:30Z
r44-0003784,nhaddad@summithealthpartners.com,Vendor Spend Analyzer,Explain the headcount variance vs plan,SUCCESS,64.5,"Ops Feb variance was $3,457,969 vs plan",2026-05-19T13:06:18Z
r44-0003785,prodriguez@summithealthpartners.com,AP Aging Analyst,Forecast May operating cash flow,SUCCESS,0.5,FAILED: null reference in aggregation step,2026-05-19T12:06:39Z
r44-0003786,amoore@summithealthpartners.com,Cash Forecaster,Why did Ops spend exceed budget in Jun?,SUCCESS,24.1,"Ops Jun variance was $1,204,268 vs plan",2026-05-19T11:16:29Z
r44-0003787,dlopez2@summithealthpartners.com,AP Aging Analyst,Explain the headcount variance vs plan,SUCCESS,50.9,"Accounting Jun variance was $57,716 vs plan",2026-05-19T07:50:34Z
r44-0003788,bjones@summithealthpartners.com,Board Deck Builder,Explain the headcount variance vs plan,SUCCESS,61.4,"Ops Apr variance was $3,215,338 vs plan",2026-05-19T11:05:22Z
r44-0003789,sbrown@summithealthpartners.com,Cash Forecaster,Explain the headcount variance vs plan,SUCCESS,41.3,"Accounting Mar variance was $3,040,097 vs plan",2026-05-19T14:29:10Z
r44-0003790,pmartin@summithealthpartners.com,Revenue Recognizer,Build the board deck cash slide for May,SUCCESS,67.9,"Accounting May variance was $3,768,404 vs plan",2026-05-19T08:05:13Z
r44-0003791,mlewis@summithealthpartners.com,Close Checklist Bot,What drove the change in gross margin this quarter?,SUCCESS,40.3,"Treasury Feb variance was $863,696 vs plan",2026-05-19T13:50:37Z
r44-0003792,bjones@summithealthpartners.com,Flux Commentary,Which cost centers are over budget YTD?,SUCCESS,27.7,"FP&A Feb variance was $989,100 vs plan",2026-05-19T08:42:54Z
r44-0003793,prodriguez@summithealthpartners.com,AP Aging Analyst,What drove the change in gross margin this quarter?,SUCCESS,40.8,"FP&A Apr variance was $4,131,607 vs plan",2026-05-19T16:34:54Z
r44-0003794,jnguyen@summithealthpartners.com,Board Deck Builder,Why did Ops spend exceed budget in Jun?,PARTIAL,32.3,"Ops Jun variance was $1,077,295 vs plan",2026-05-19T07:53:16Z
r44-0003795,bjones@summithealthpartners.com,AP Aging Analyst,Draft flux commentary for the May close,SUCCESS,1.2,error: connection reset by peer,2026-05-19T14:14:05Z
r44-0003796,amoore@summithealthpartners.com,Close Checklist Bot,Draft flux commentary for the Jun close,SUCCESS,13.0,"FP&A Jun variance was $1,887,253 vs plan",2026-05-19T09:58:23Z
r44-0003797,pmartin@summithealthpartners.com,Vendor Spend Analyzer,Summarize the Apr variance for entity US-04,SUCCESS,57.7,"Treasury Apr variance was $184,269 vs plan",2026-05-19T15:31:58Z
r44-0003798,pmartin@summithealthpartners.com,Close Checklist Bot,Draft flux commentary for the May close,PARTIAL,15.8,"Accounting May variance was $4,338,174 vs plan",2026-05-19T11:47:06Z
r44-0003799,pmartin@summithealthpartners.com,Board Deck Builder,Forecast May operating cash flow,SUCCESS,35.6,"Treasury May variance was $3,301,752 vs plan",2026-05-19T08:42:54Z
r44-0003800,amoore@summithealthpartners.com,Board Deck Builder,What drove the change in gross margin this quarter?,SUCCESS,7.7,"FP&A Mar variance was $2,541,142 vs plan",2026-05-19T17:57:44Z
r44-0003801,jjohnson@summithealthpartners.com,Flux Commentary,Build the board deck cash slide for Mar,SUCCESS,37.6,"Ops Mar variance was $4,150,519 vs plan",2026-05-19T09:47:57Z
r44-0003802,jwilliams@summithealthpartners.com,Budget vs Actual,Reconcile AP aging over 90 days for CA-02,SUCCESS,4.2,"Ops Apr variance was $1,781,617 vs plan",2026-05-19T09:17:33Z
r44-0003803,jwilliams@summithealthpartners.com,Headcount Planner,Forecast Feb operating cash flow,SUCCESS,18.5,"Accounting Feb variance was $4,453,690 vs plan",2026-05-19T07:23:01Z
r44-0003804,pmartin@summithealthpartners.com,Journal Entry Reviewer,Reconcile AP aging over 90 days for CA-04,SUCCESS,66.5,"Accounting Mar variance was $2,355,355 vs plan",2026-05-19T12:56:03Z
r44-0003805,pmartin@summithealthpartners.com,Revenue Recognizer,Reconcile AP aging over 90 days for MX-09,SUCCESS,36.6,"Accounting Jan variance was $2,284,321 vs plan",2026-05-19T10:16:55Z
r44-0003806,pmartin@summithealthpartners.com,Revenue Recognizer,Draft flux commentary for the Feb close,SUCCESS,27.2,"Ops Feb variance was $2,304,442 vs plan",2026-05-19T18:28:07Z
r44-0003807,bjones@summithealthpartners.com,Revenue Recognizer,Draft flux commentary for the Jan close,SUCCESS,52.5,"Treasury Jan variance was $3,232,660 vs plan",2026-05-19T15:35:57Z
r44-0003808,bjones@summithealthpartners.com,Cash Forecaster,Check covenant compliance for the revolver,SUCCESS,41.2,"FP&A Jun variance was $4,799,708 vs plan",2026-05-19T15:57:33Z
r44-0003809,dlopez2@summithealthpartners.com,Cash Forecaster,Forecast Mar operating cash flow,SUCCESS,21.7,"Ops Mar variance was $3,890,073 vs plan",2026-05-19T09:44:00Z
r44-0003810,mharris@summithealthpartners.com,Close Checklist Bot,Explain the headcount variance vs plan,SUCCESS,57.2,"Ops Mar variance was $3,524,929 vs plan",2026-05-19T12:56:47Z
r44-0003811,amoore@summithealthpartners.com,Budget vs Actual,Reconcile AP aging over 90 days for EU-06,SUCCESS,43.7,"Accounting May variance was $3,881,100 vs plan",2026-05-19T10:47:41Z
r44-0003812,amoore@summithealthpartners.com,Budget vs Actual,Reconcile AP aging over 90 days for EU-06,SUCCESS,47.4,"Ops Jan variance was $2,149,360 vs plan",2026-05-20T13:04:26Z
r44-0003813,amoore@summithealthpartners.com,Headcount Planner,Forecast Jan operating cash flow,SUCCESS,1.3,error: connection reset by peer,2026-05-20T12:09:08Z
r44-0003814,pmartin@summithealthpartners.com,Variance Explainer,Build the board deck cash slide for Jan,SUCCESS,55.7,"FP&A Jan variance was $3,592,206 vs plan",2026-05-20T14:06:56Z
r44-0003815,jnguyen@summithealthpartners.com,Covenant Checker,Explain the headcount variance vs plan,SUCCESS,1.8,error: connection reset by peer,2026-05-20T08:20:45Z
r44-0003816,jwilliams@summithealthpartners.com,Headcount Planner,Why did FP&A spend exceed budget in Mar?,PARTIAL,33.0,"FP&A Mar variance was $1,114,811 vs plan",2026-05-20T16:15:19Z
r44-0003817,pmartin@summithealthpartners.com,Revenue Recognizer,Why did Treasury spend exceed budget in Apr?,SUCCESS,36.3,"Treasury Apr variance was $3,398,132 vs plan",2026-05-20T11:00:24Z
r44-0003818,amoore@summithealthpartners.com,AP Aging Analyst,Forecast Mar operating cash flow,SUCCESS,65.0,"Treasury Mar variance was $1,749,479 vs plan",2026-05-20T10:17:29Z
r44-0003819,pmartin@summithealthpartners.com,Covenant Checker,Explain the headcount variance vs plan,SUCCESS,41.4,"Accounting Apr variance was $200,270 vs plan",2026-05-20T17:10:16Z
r44-0003820,pmartin@summithealthpartners.com,AP Aging Analyst,Draft flux commentary for the May close,SUCCESS,25.7,"Accounting May variance was $3,102,230 vs plan",2026-05-20T08:35:58Z
r44-0003821,mlewis@summithealthpartners.com,Revenue Recognizer,Which cost centers are over budget YTD?,SUCCESS,65.8,"Ops Mar variance was $3,114,375 vs plan",2026-05-20T11:36:41Z
r44-0003822,pmartin@summithealthpartners.com,Revenue Recognizer,Why did Accounting spend exceed budget in Mar?,SUCCESS,1.0,ERROR: upstream request timed out,2026-05-20T12:27:05Z
r44-0003823,amoore@summithealthpartners.com,Cash Forecaster,Why did Ops spend exceed budget in Feb?,SUCCESS,5.8,"Ops Feb variance was $1,116,337 vs plan",2026-05-20T16:10:34Z
r44-0003824,pmartin@summithealthpartners.com,Budget vs Actual,Reconcile AP aging over 90 days for MX-08,SUCCESS,53.7,"Ops Apr variance was $4,649,669 vs plan",2026-05-20T15:18:17Z
r44-0003825,jnguyen@summithealthpartners.com,Revenue Recognizer,Summarize the Jan variance for entity CA-04,SUCCESS,4.1,"Accounting Jan variance was $3,378,430 vs plan",2026-05-20T12:16:30Z
r44-0003826,kperez@summithealthpartners.com,AP Aging Analyst,Reconcile AP aging over 90 days for US-04,FAIL,1.4,Traceback (most recent call last): KeyError 'entity',2026-05-20T09:54:50Z
r44-0003827,bjones@summithealthpartners.com,Headcount Planner,Check covenant compliance for the revolver,SUCCESS,5.3,"FP&A May variance was $3,371,895 vs plan",2026-05-20T12:19:21Z
r44-0003828,pmartin@summithealthpartners.com,Headcount Planner,Explain the headcount variance vs plan,SUCCESS,14.6,"Ops Jun variance was $1,738,118 vs plan",2026-05-20T14:11:20Z
r44-0003829,jwilliams@summithealthpartners.com,AP Aging Analyst,Why did Accounting spend exceed budget in Jan?,SUCCESS,30.4,"Accounting Jan variance was $797,663 vs plan",2026-05-20T08:15:06Z
r44-0003830,jnguyen@summithealthpartners.com,Budget vs Actual,Explain the headcount variance vs plan,SUCCESS,51.2,"Accounting Feb variance was $104,655 vs plan",2026-05-20T16:40:36Z
r44-0003831,jjohnson@summithealthpartners.com,Covenant Checker,Why did Accounting spend exceed budget in Feb?,SUCCESS,71.9,"Accounting Feb variance was $2,280,660 vs plan",2026-05-20T15:36:52Z
r44-0003832,sbrown@summithealthpartners.com,Cash Forecaster,Build the board deck cash slide for Feb,SUCCESS,18.0,"FP&A Feb variance was $2,008,618 vs plan",2026-05-20T09:01:10Z
r44-0003833,jnguyen@summithealthpartners.com,Board Deck Builder,Draft flux commentary for the May close,FAIL,4.0,ERROR: upstream request timed out,2026-05-20T12:33:58Z
r44-0003834,pmartin@summithealthpartners.com,Journal Entry Reviewer,What drove the change in gross margin this quarter?,SUCCESS,54.6,"Ops Feb variance was $535,147 vs plan",2026-05-20T13:15:09Z
r44-0003835,pmartin@summithealthpartners.com,Variance Explainer,Explain the headcount variance vs plan,SUCCESS,6.1,"Ops Feb variance was $1,420,569 vs plan",2026-05-20T11:56:22Z
r44-0003836,sbrown@summithealthpartners.com,Headcount Planner,Draft flux commentary for the Apr close,SUCCESS,66.0,"FP&A Apr variance was $4,785,870 vs plan",2026-05-20T12:44:37Z
r44-0003837,bjones@summithealthpartners.com,Variance Explainer,Reconcile AP aging over 90 days for EU-06,PARTIAL,7.0,"FP&A Jan variance was $704,487 vs plan",2026-05-20T11:47:34Z
r44-0003838,bjones@summithealthpartners.com,Variance Explainer,Forecast Mar operating cash flow,SUCCESS,59.9,"Ops Mar variance was $2,553,129 vs plan",2026-05-20T12:39:35Z
r44-0003839,pmartin@summithealthpartners.com,Journal Entry Reviewer,Summarize the Mar variance for entity US-06,SUCCESS,48.1,"Ops Mar variance was $3,572,732 vs plan",2026-05-20T15:51:52Z
r44-0003840,bjones@summithealthpartners.com,Close Checklist Bot,Why did Ops spend exceed budget in May?,SUCCESS,16.0,"Ops May variance was $2,375,683 vs plan",2026-05-20T09:31:34Z
r44-0003841,pmartin@summithealthpartners.com,Vendor Spend Analyzer,Reconcile AP aging over 90 days for CA-07,SUCCESS,64.9,"FP&A Jun variance was $3,970,048 vs plan",2026-05-20T14:18:00Z
r44-0003842,amoore@summithealthpartners.com,Board Deck Builder,Check covenant compliance for the revolver,SUCCESS,29.4,"Treasury Apr variance was $3,382,674 vs plan",2026-05-20T07:37:04Z
r44-0003843,pmartin@summithealthpartners.com,Vendor Spend Analyzer,What drove the change in gross margin this quarter?,SUCCESS,70.6,"Accounting Jun variance was $1,668,236 vs plan",2026-05-20T14:57:18Z
r44-0003844,mlewis@summithealthpartners.com,Journal Entry Reviewer,Why did FP&A spend exceed budget in May?,SUCCESS,39.0,"FP&A May variance was $1,524,175 vs plan",2026-05-20T11:00:05Z
r44-0003845,pmartin@summithealthpartners.com,Covenant Checker,Explain the headcount variance vs plan,SUCCESS,14.5,"Treasury Mar variance was $3,689,515 vs plan",2026-05-20T11:10:13Z
r44-0003846,amoore@summithealthpartners.com,Board Deck Builder,Why did FP&A spend exceed budget in Mar?,SUCCESS,64.2,"FP&A Mar variance was $3,090,969 vs plan",2026-05-20T12:41:03Z
r44-0003847,pmartin@summithealthpartners.com,Close Checklist Bot,Which cost centers are over budget YTD?,SUCCESS,68.6,"Ops Mar variance was $343,960 vs plan",2026-05-20T12:43:43Z
r44-0003848,jnguyen@summithealthpartners.com,Board Deck Builder,Reconcile AP aging over 90 days for CA-04,SUCCESS,48.6,"Accounting Jan variance was $2,432,810 vs plan",2026-05-20T09:25:31Z
r44-0003849,bjones@summithealthpartners.com,Flux Commentary,Reconcile AP aging over 90 days for MX-07,SUCCESS,68.2,"Accounting Apr variance was $2,935,325 vs plan",2026-05-20T10:25:12Z
r44-0003850,bjones@summithealthpartners.com,Vendor Spend Analyzer,Draft flux commentary for the Mar close,SUCCESS,5.4,"FP&A Mar variance was $4,613,766 vs plan",2026-05-20T08:50:23Z
r44-0003851,jjohnson@summithealthpartners.com,Board Deck Builder,Build the board deck cash slide for Jun,SUCCESS,0.6,error: connection reset by peer,2026-05-20T06:56:51Z
r44-0003852,jnguyen@summithealthpartners.com,Revenue Recognizer,Build the board deck cash slide for Apr,SUCCESS,20.5,"Treasury Apr variance was $2,158,852 vs plan",2026-05-20T07:36:59Z
r44-0003853,amoore@summithealthpartners.com,Covenant Checker,Check covenant compliance for the revolver,SUCCESS,10.8,"FP&A Jan variance was $3,619,924 vs plan",2026-05-20T15:03:01Z
r44-0003854,mlewis@summithealthpartners.com,Budget vs Actual,Build the board deck cash slide for Apr,PARTIAL,68.3,"Ops Apr variance was $3,494,749 vs plan",2026-05-20T09:38:46Z
r44-0003855,pmartin@summithealthpartners.com,Flux Commentary,Check covenant compliance for the revolver,PARTIAL,8.1,"Accounting Apr variance was $1,103,497 vs plan",2026-05-20T13:11:35Z
r44-0003856,bjones@summithealthpartners.com,Variance Explainer,Summarize the Feb variance for entity MX-07,SUCCESS,16.6,"Treasury Feb variance was $1,610,543 vs plan",2026-05-20T09:52:47Z
r44-0003857,bjones@summithealthpartners.com,Vendor Spend Analyzer,Why did Treasury spend exceed budget in May?,SUCCESS,21.8,"Treasury May variance was $2,076,767 vs plan",2026-05-20T12:07:46Z
r44-0003858,pmartin@summithealthpartners.com,Covenant Checker,Which cost centers are over budget YTD?,SUCCESS,45.6,"Ops Jan variance was $4,429,979 vs plan",2026-05-20T11:51:25Z
r44-0003859,jlewis@summithealthpartners.com,Vendor Spend Analyzer,Draft flux commentary for the Jun close,SUCCESS,50.1,"Accounting Jun variance was $2,861 vs plan",2026-05-20T14:08:26Z
r44-0003860,jjohnson@summithealthpartners.com,Budget vs Actual,Explain the headcount variance vs plan,SUCCESS,44.1,"Treasury Jun variance was $1,072,386 vs plan",2026-05-20T16:29:23Z
r44-0003861,pmartin@summithealthpartners.com,Headcount Planner,Build the board deck cash slide for Feb,FAIL,7.3,Traceback (most recent call last): KeyError 'entity',2026-05-20T09:06:24Z
r44-0003862,pmartin@summithealthpartners.com,Covenant Checker,What drove the change in gross margin this quarter?,FAIL,2.2,FAILED: null reference in aggregation step,2026-05-20T11:21:17Z
r44-0003863,dlopez2@summithealthpartners.com,Vendor Spend Analyzer,Explain the headcount variance vs plan,PARTIAL,22.3,"Ops Apr variance was $358,208 vs plan",2026-05-20T07:20:53Z
r44-0003864,amoore@summithealthpartners.com,Vendor Spend Analyzer,Which cost centers are over budget YTD?,SUCCESS,43.7,"Ops Jun variance was $4,771,253 vs plan",2026-05-20T11:26:06Z
r44-0003865,jdavis@summithealthpartners.com,Revenue Recognizer,What drove the change in gross margin this quarter?,SUCCESS,67.9,"Treasury Feb variance was $2,559,767 vs plan",2026-05-20T09:28:33Z
r44-0003866,jnguyen@summithealthpartners.com,Close Checklist Bot,Which cost centers are over budget YTD?,SUCCESS,28.4,"Treasury Apr variance was $1,627,368 vs plan",2026-05-20T13:54:58Z
r44-0003867,jnguyen@summithealthpartners.com,Covenant Checker,Which cost centers are over budget YTD?,SUCCESS,63.8,"Accounting Jun variance was $242,567 vs plan",2026-05-21T14:51:39Z
r44-0003868,bjones@summithealthpartners.com,Revenue Recognizer,Which cost centers are over budget YTD?,SUCCESS,45.1,"Ops Jun variance was $1,345,461 vs plan",2026-05-21T17:28:18Z
r44-0003869,jjohnson@summithealthpartners.com,Close Checklist Bot,Explain the headcount variance vs plan,SUCCESS,4.7,"Ops Jan variance was $20,772 vs plan",2026-05-21T16:55:49Z
r44-0003870,pmartin@summithealthpartners.com,Board Deck Builder,Explain the headcount variance vs plan,SUCCESS,57.2,"Accounting Jun variance was $4,073,866 vs plan",2026-05-21T08:22:51Z
r44-0003871,jjohnson@summithealthpartners.com,Board Deck Builder,Which cost centers are over budget YTD?,SUCCESS,4.6,"Accounting Feb variance was $345,766 vs plan",2026-05-21T12:11:46Z
r44-0003872,amoore@summithealthpartners.com,Variance Explainer,Build the board deck cash slide for Feb,PARTIAL,62.7,"Treasury Feb variance was $1,192,408 vs plan",2026-05-21T15:36:59Z
r44-0003873,bjones@summithealthpartners.com,AP Aging Analyst,Draft flux commentary for the Feb close,SUCCESS,1.2,error: connection reset by peer,2026-05-21T16:43:47Z
r44-0003874,jwilliams@summithealthpartners.com,Headcount Planner,Reconcile AP aging over 90 days for US-06,SUCCESS,50.3,"Ops Jun variance was $278,953 vs plan",2026-05-21T21:05:40Z
r44-0003875,pmartin@summithealthpartners.com,Journal Entry Reviewer,Summarize the Jun variance for entity CA-09,PARTIAL,48.1,"FP&A Jun variance was $1,957,104 vs plan",2026-05-21T19:24:18Z
r44-0003876,pmartin@summithealthpartners.com,Vendor Spend Analyzer,Build the board deck cash slide for Apr,PARTIAL,59.1,"FP&A Apr variance was $3,084,602 vs plan",2026-05-21T15:47:08Z
r44-0003877,pmartin@summithealthpartners.com,Vendor Spend Analyzer,Why did Accounting spend exceed budget in Feb?,PARTIAL,62.3,"Accounting Feb variance was $4,626,436 vs plan",2026-05-21T16:52:28Z
r44-0003878,bjones@summithealthpartners.com,Board Deck Builder,Draft flux commentary for the Mar close,SUCCESS,27.7,"Accounting Mar variance was $1,093,219 vs plan",2026-05-21T14:46:27Z
r44-0003879,jnguyen@summithealthpartners.com,Budget vs Actual,Why did FP&A spend exceed budget in Jun?,SUCCESS,44.0,"FP&A Jun variance was $3,607,057 vs plan",2026-05-21T14:12:43Z
r44-0003880,jnguyen@summithealthpartners.com,Vendor Spend Analyzer,Forecast Jan operating cash flow,SUCCESS,56.8,"Treasury Jan variance was $678,549 vs plan",2026-05-21T14:46:02Z
r44-0003881,amoore@summithealthpartners.com,Vendor Spend Analyzer,Explain the headcount variance vs plan,SUCCESS,22.3,"Accounting May variance was $3,758,381 vs plan",2026-05-21T10:23:08Z
r44-0003882,bjones@summithealthpartners.com,Flux Commentary,What drove the change in gross margin this quarter?,SUCCESS,0.6,FAILED: null reference in aggregation step,2026-05-21T16:15:35Z
r44-0003883,bjones@summithealthpartners.com,Flux Commentary,Draft flux commentary for the Mar close,SUCCESS,21.1,"Accounting Mar variance was $3,834,928 vs plan",2026-05-21T16:11:30Z
r44-0003884,nnguyen@summithealthpartners.com,Revenue Recognizer,Explain the headcount variance vs plan,SUCCESS,20.7,"FP&A Apr variance was $843,838 vs plan",2026-05-21T18:23:55Z
r44-0003885,mlewis@summithealthpartners.com,Cash Forecaster,Forecast Jun operating cash flow,SUCCESS,68.7,"Ops Jun variance was $4,025,019 vs plan",2026-05-21T14:58:16Z
r44-0003886,jnguyen@summithealthpartners.com,Variance Explainer,Explain the headcount variance vs plan,SUCCESS,59.4,"Ops Feb variance was $1,329,261 vs plan",2026-05-21T10:22:39Z
r44-0003887,amoore@summithealthpartners.com,Revenue Recognizer,Why did Accounting spend exceed budget in Mar?,FAIL,1.9,error code 502 from model gateway,2026-05-21T09:20:44Z
r44-0003888,mharris@summithealthpartners.com,Flux Commentary,Draft flux commentary for the May close,SUCCESS,57.6,"Treasury May variance was $3,891,231 vs plan",2026-05-21T14:51:10Z
r44-0003889,pmartin@summithealthpartners.com,Close Checklist Bot,Summarize the Feb variance for entity CA-01,SUCCESS,9.0,"FP&A Feb variance was $2,850,005 vs plan",2026-05-21T12:54:55Z
r44-0003890,pmartin@summithealthpartners.com,Covenant Checker,Check covenant compliance for the revolver,SUCCESS,5.6,"Accounting Mar variance was $847,421 vs plan",2026-05-21T10:31:18Z
r44-0003891,pmartin@summithealthpartners.com,Vendor Spend Analyzer,Draft flux commentary for the Jan close,SUCCESS,4.5,"Accounting Jan variance was $3,923,106 vs plan",2026-05-21T12:25:53Z
r44-0003892,pmartin@summithealthpartners.com,Journal Entry Reviewer,Build the board deck cash slide for Jun,FAIL,5.6,FAILED: null reference in aggregation step,2026-05-21T13:08:16Z
r44-0003893,pmartin@summithealthpartners.com,Budget vs Actual,Which cost centers are over budget YTD?,SUCCESS,10.2,"Accounting Jun variance was $2,218,419 vs plan",2026-05-21T13:55:05Z
r44-0003894,mlewis@summithealthpartners.com,Headcount Planner,Explain the headcount variance vs plan,SUCCESS,72.9,"FP&A Mar variance was $1,573,660 vs plan",2026-05-21T07:25:27Z
r44-0003895,amoore@summithealthpartners.com,Board Deck Builder,What drove the change in gross margin this quarter?,PARTIAL,22.3,"FP&A May variance was $1,606,428 vs plan",2026-05-21T13:41:33Z
r44-0003896,jnguyen@summithealthpartners.com,Board Deck Builder,Which cost centers are over budget YTD?,PARTIAL,8.8,"Treasury Jan variance was $2,600,157 vs plan",2026-05-21T10:27:56Z
r44-0003897,jnguyen@summithealthpartners.com,Revenue Recognizer,Forecast Apr operating cash flow,SUCCESS,36.7,"FP&A Apr variance was $1,520,790 vs plan",2026-05-21T14:24:45Z
r44-0003898,amoore@summithealthpartners.com,Budget vs Actual,Explain the headcount variance vs plan,SUCCESS,24.5,"Treasury Mar variance was $3,844,191 vs plan",2026-05-21T12:06:28Z
r44-0003899,mharris@summithealthpartners.com,Close Checklist Bot,Why did FP&A spend exceed budget in May?,SUCCESS,60.4,"FP&A May variance was $2,737,638 vs plan",2026-05-21T13:34:23Z
r44-0003900,pmartin@summithealthpartners.com,Journal Entry Reviewer,Explain the headcount variance vs plan,SUCCESS,9.1,"FP&A Feb variance was $3,617,979 vs plan",2026-05-21T10:56:25Z
r44-0003901,pmartin@summithealthpartners.com,AP Aging Analyst,Reconcile AP aging over 90 days for MX-01,SUCCESS,24.5,"Treasury Feb variance was $1,025,774 vs plan",2026-05-21T19:28:44Z
r44-0003902,mharris@summithealthpartners.com,Vendor Spend Analyzer,Reconcile AP aging over 90 days for EU-01,PARTIAL,59.2,"FP&A Jun variance was $3,743,491 vs plan",2026-05-21T15:47:33Z
r44-0003903,amoore@summithealthpartners.com,Variance Explainer,What drove the change in gross margin this quarter?,SUCCESS,1.8,error: connection reset by peer,2026-05-21T12:46:51Z
r44-0003904,amoore@summithealthpartners.com,Flux Commentary,Why did FP&A spend exceed budget in Jun?,SUCCESS,39.0,"FP&A Jun variance was $513,851 vs plan",2026-05-21T09:11:48Z
r44-0003905,amoore@summithealthpartners.com,Close Checklist Bot,What drove the change in gross margin this quarter?,SUCCESS,11.5,"Ops Jun variance was $757,796 vs plan",2026-05-21T12:47:02Z
r44-0003906,pmartin@summithealthpartners.com,Cash Forecaster,Summarize the Feb variance for entity US-04,SUCCESS,33.4,"Accounting Feb variance was $1,386,382 vs plan",2026-05-21T14:34:19Z
r44-0003907,kperez@summithealthpartners.com,AP Aging Analyst,Build the board deck cash slide for May,SUCCESS,28.1,"Accounting May variance was $4,556,406 vs plan",2026-05-21T13:38:35Z
r44-0003908,bjones@summithealthpartners.com,Headcount Planner,Forecast Mar operating cash flow,SUCCESS,61.1,"FP&A Mar variance was $1,650,959 vs plan",2026-05-21T13:53:52Z
r44-0003909,dlopez2@summithealthpartners.com,Headcount Planner,Explain the headcount variance vs plan,SUCCESS,20.3,"Ops Jun variance was $959,891 vs plan",2026-05-21T13:35:29Z
r44-0003910,mlewis@summithealthpartners.com,Close Checklist Bot,Draft flux commentary for the Apr close,SUCCESS,6.8,"Treasury Apr variance was $3,831,987 vs plan",2026-05-21T10:41:13Z
r44-0003911,pmartin@summithealthpartners.com,Vendor Spend Analyzer,Reconcile AP aging over 90 days for MX-06,SUCCESS,35.4,"FP&A Apr variance was $3,333,472 vs plan",2026-05-21T11:37:32Z
r44-0003912,amoore@summithealthpartners.com,Flux Commentary,Which cost centers are over budget YTD?,SUCCESS,14.4,"Ops Mar variance was $4,057,984 vs plan",2026-05-21T16:31:04Z
r44-0003913,prodriguez@summithealthpartners.com,Flux Commentary,Which cost centers are over budget YTD?,SUCCESS,68.1,"Ops Mar variance was $2,102,008 vs plan",2026-05-21T17:29:56Z
r44-0003914,bjones@summithealthpartners.com,Flux Commentary,What drove the change in gross margin this quarter?,SUCCESS,56.5,"Ops Jun variance was $3,214,057 vs plan",2026-05-21T12:33:12Z
r44-0003915,bjones@summithealthpartners.com,Headcount Planner,What drove the change in gross margin this quarter?,PARTIAL,50.7,"FP&A Jan variance was $1,950,183 vs plan",2026-05-21T13:56:40Z
r44-0003916,pmartin@summithealthpartners.com,Revenue Recognizer,Reconcile AP aging over 90 days for EU-01,SUCCESS,62.1,"Accounting Mar variance was $3,366,396 vs plan",2026-05-21T18:23:18Z
r44-0003917,jdavis@summithealthpartners.com,Flux Commentary,Summarize the Jan variance for entity US-09,SUCCESS,4.1,"Accounting Jan variance was $3,057,375 vs plan",2026-05-21T13:53:55Z
r44-0003918,amoore@summithealthpartners.com,Board Deck Builder,Summarize the Jun variance for entity MX-02,SUCCESS,39.2,"Accounting Jun variance was $1,465,716 vs plan",2026-05-21T12:10:17Z
r44-0003919,bjones@summithealthpartners.com,Revenue Recognizer,Build the board deck cash slide for Jun,SUCCESS,54.2,"Ops Jun variance was $614,341 vs plan",2026-05-21T15:39:04Z
r44-0003920,amoore@summithealthpartners.com,Cash Forecaster,Forecast May operating cash flow,SUCCESS,70.9,"Accounting May variance was $281,972 vs plan",2026-05-21T14:35:03Z
r44-0003921,bjones@summithealthpartners.com,Close Checklist Bot,Summarize the Apr variance for entity US-06,SUCCESS,36.0,"Treasury Apr variance was $1,619,448 vs plan",2026-05-21T08:42:47Z
r44-0003922,amoore@summithealthpartners.com,Covenant Checker,Reconcile AP aging over 90 days for EU-05,SUCCESS,57.5,"Accounting Mar variance was $4,552,245 vs plan",2026-05-21T14:41:22Z
r44-0003923,pmartin@summithealthpartners.com,Close Checklist Bot,Check covenant compliance for the revolver,PARTIAL,34.2,"Accounting Jan variance was $190,994 vs plan",2026-05-21T14:17:00Z
r44-0003924,nnguyen@summithealthpartners.com,Headcount Planner,Which cost centers are over budget YTD?,SUCCESS,30.1,"Accounting Feb variance was $1,528,916 vs plan",2026-05-21T17:16:39Z
r44-0003925,pmartin@summithealthpartners.com,Vendor Spend Analyzer,Which cost centers are over budget YTD?,SUCCESS,39.6,"Accounting Jan variance was $888,804 vs plan",2026-05-21T10:08:24Z
r44-0003926,pmartin@summithealthpartners.com,Board Deck Builder,Build the board deck cash slide for Jun,SUCCESS,18.0,"Ops Jun variance was $4,580,544 vs plan",2026-05-21T17:58:07Z
r44-0003927,pmartin@summithealthpartners.com,Board Deck Builder,Explain the headcount variance vs plan,SUCCESS,14.1,"Accounting Mar variance was $2,561,628 vs plan",2026-05-21T11:39:02Z
r44-0003928,bjones@summithealthpartners.com,Close Checklist Bot,Build the board deck cash slide for Jan,FAIL,5.4,error code 502 from model gateway,2026-05-21T07:29:37Z
r44-0003929,jjohnson@summithealthpartners.com,Variance Explainer,Draft flux commentary for the Mar close,SUCCESS,15.2,"Accounting Mar variance was $343,171 vs plan",2026-05-22T14:53:21Z
r44-0003930,pmartin@summithealthpartners.com,Cash Forecaster,Draft flux commentary for the May close,SUCCESS,46.6,"Ops May variance was $128,858 vs plan",2026-05-22T16:44:01Z
r44-0003931,pmartin@summithealthpartners.com,Journal Entry Reviewer,Build the board deck cash slide for May,SUCCESS,8.3,"Ops May variance was $4,620,656 vs plan",2026-05-22T08:40:51Z
r44-0003932,jlewis@summithealthpartners.com,Close Checklist Bot,Draft flux commentary for the Mar close,SUCCESS,1.9,error: connection reset by peer,2026-05-22T07:17:32Z
r44-0003933,pmartin@summithealthpartners.com,AP Aging Analyst,Reconcile AP aging over 90 days for US-07,SUCCESS,39.1,"FP&A Jan variance was $296,815 vs plan",2026-05-22T14:42:58Z
r44-0003934,jnguyen@summithealthpartners.com,Covenant Checker,Explain the headcount variance vs plan,SUCCESS,52.4,"Treasury Jan variance was $450,041 vs plan",2026-05-22T15:32:53Z
r44-0003935,bjones@summithealthpartners.com,Revenue Recognizer,Draft flux commentary for the Feb close,SUCCESS,34.4,"Accounting Feb variance was $4,613,978 vs plan",2026-05-22T15:11:42Z
r44-0003936,mlewis@summithealthpartners.com,Variance Explainer,Check covenant compliance for the revolver,SUCCESS,30.7,"Ops Jun variance was $2,342,206 vs plan",2026-05-22T14:17:55Z
r44-0003937,jwilliams@summithealthpartners.com,Vendor Spend Analyzer,Summarize the Jun variance for entity MX-01,SUCCESS,7.3,"Accounting Jun variance was $314,300 vs plan",2026-05-22T13:46:06Z
r44-0003938,pmartin@summithealthpartners.com,Cash Forecaster,What drove the change in gross margin this quarter?,SUCCESS,8.4,"FP&A Jan variance was $988,652 vs plan",2026-05-22T15:58:20Z
r44-0003939,pmartin@summithealthpartners.com,Vendor Spend Analyzer,Reconcile AP aging over 90 days for EU-01,SUCCESS,1.8,error: connection reset by peer,2026-05-22T11:57:26Z
r44-0003940,amoore@summithealthpartners.com,AP Aging Analyst,Reconcile AP aging over 90 days for EU-02,SUCCESS,39.3,"Accounting May variance was $762,088 vs plan",2026-05-22T06:35:03Z
r44-0003941,jlewis@summithealthpartners.com,AP Aging Analyst,Which cost centers are over budget YTD?,SUCCESS,42.7,"Accounting Feb variance was $2,937,885 vs plan",2026-05-22T06:06:15Z
r44-0003942,pmartin@summithealthpartners.com,AP Aging Analyst,Build the board deck cash slide for Mar,SUCCESS,35.6,"Ops Mar variance was $30,610 vs plan",2026-05-22T13:52:25Z
r44-0003943,jnguyen@summithealthpartners.com,AP Aging Analyst,Reconcile AP aging over 90 days for CA-05,SUCCESS,21.6,"Ops Apr variance was $348,448 vs plan",2026-05-22T17:21:01Z
r44-0003944,pmartin@summithealthpartners.com,Headcount Planner,Explain the headcount variance vs plan,SUCCESS,49.8,"FP&A May variance was $722,268 vs plan",2026-05-22T16:40:21Z
r44-0003945,jdavis@summithealthpartners.com,Headcount Planner,Summarize the Jan variance for entity MX-08,SUCCESS,51.2,"Accounting Jan variance was $1,321,530 vs plan",2026-05-22T14:18:11Z
r44-0003946,bjones@summithealthpartners.com,AP Aging Analyst,What drove the change in gross margin this quarter?,SUCCESS,47.7,"Treasury Feb variance was $1,220,161 vs plan",2026-05-22T12:40:47Z
r44-0003947,amoore@summithealthpartners.com,AP Aging Analyst,Reconcile AP aging over 90 days for MX-07,SUCCESS,43.2,"FP&A Mar variance was $4,674,707 vs plan",2026-05-22T14:43:40Z
r44-0003948,bjones@summithealthpartners.com,Vendor Spend Analyzer,Build the board deck cash slide for Jan,SUCCESS,1.0,error: connection reset by peer,2026-05-22T17:38:53Z
r44-0003949,pmartin@summithealthpartners.com,Close Checklist Bot,What drove the change in gross margin this quarter?,SUCCESS,68.8,"Treasury May variance was $3,807,783 vs plan",2026-05-22T17:00:04Z
r44-0003950,amoore@summithealthpartners.com,Close Checklist Bot,Summarize the May variance for entity EU-09,SUCCESS,19.0,"Accounting May variance was $470,324 vs plan",2026-05-22T08:23:23Z
r44-0003951,pmartin@summithealthpartners.com,Vendor Spend Analyzer,Draft flux commentary for the Mar close,PARTIAL,14.9,"Ops Mar variance was $4,569,477 vs plan",2026-05-22T14:42:59Z
r44-0003952,pmartin@summithealthpartners.com,Budget vs Actual,Summarize the May variance for entity MX-07,SUCCESS,61.4,"Treasury May variance was $1,818,179 vs plan",2026-05-22T15:10:02Z
r44-0003953,amoore@summithealthpartners.com,Vendor Spend Analyzer,What drove the change in gross margin this quarter?,SUCCESS,53.5,"Accounting Jun variance was $4,374,100 vs plan",2026-05-22T14:39:25Z
r44-0003954,pmartin@summithealthpartners.com,Flux Commentary,Check covenant compliance for the revolver,SUCCESS,6.7,"Ops Mar variance was $1,898,553 vs plan",2026-05-22T20:07:23Z
r44-0003955,amoore@summithealthpartners.com,Revenue Recognizer,Why did FP&A spend exceed budget in Jan?,SUCCESS,46.0,"FP&A Jan variance was $3,057,441 vs plan",2026-05-22T21:53:30Z
r44-0003956,pmartin@summithealthpartners.com,Covenant Checker,Which cost centers are over budget YTD?,PARTIAL,65.5,"FP&A Jun variance was $1,204,501 vs plan",2026-05-22T13:44:32Z
r44-0003957,pmartin@summithealthpartners.com,Headcount Planner,Forecast Jan operating cash flow,SUCCESS,27.5,"Treasury Jan variance was $4,658,527 vs plan",2026-05-22T08:23:47Z
r44-0003958,amoore@summithealthpartners.com,Budget vs Actual,Draft flux commentary for the May close,SUCCESS,49.4,"FP&A May variance was $499,262 vs plan",2026-05-22T07:31:34Z
r44-0003959,jnguyen@summithealthpartners.com,Cash Forecaster,Why did FP&A spend exceed budget in Jan?,PARTIAL,15.3,"FP&A Jan variance was $136,106 vs plan",2026-05-22T08:53:02Z
r44-0003960,amoore@summithealthpartners.com,Revenue Recognizer,Forecast Apr operating cash flow,SUCCESS,1.7,error code 502 from model gateway,2026-05-22T10:28:05Z
r44-0003961,pmartin@summithealthpartners.com,Cash Forecaster,Reconcile AP aging over 90 days for US-09,SUCCESS,52.4,"Treasury Jan variance was $3,180,764 vs plan",2026-05-22T12:46:49Z
r44-0003962,pmartin@summithealthpartners.com,Cash Forecaster,Draft flux commentary for the Jun close,SUCCESS,74.4,"Ops Jun variance was $727,102 vs plan",2026-05-22T16:26:24Z
r44-0003963,kperez@summithealthpartners.com,Board Deck Builder,Check covenant compliance for the revolver,SUCCESS,73.8,"Accounting Mar variance was $1,435,792 vs plan",2026-05-22T11:17:09Z
r44-0003964,bjones@summithealthpartners.com,Board Deck Builder,Draft flux commentary for the May close,SUCCESS,16.3,"Ops May variance was $756,700 vs plan",2026-05-22T12:53:38Z
r44-0003965,pmartin@summithealthpartners.com,Budget vs Actual,Build the board deck cash slide for Jun,SUCCESS,51.0,"Ops Jun variance was $2,926,415 vs plan",2026-05-22T13:43:08Z
r44-0003966,pmartin@summithealthpartners.com,Cash Forecaster,Build the board deck cash slide for Jan,PARTIAL,50.0,"Treasury Jan variance was $2,503,535 vs plan",2026-05-22T14:40:59Z
r44-0003967,amoore@summithealthpartners.com,Vendor Spend Analyzer,Summarize the Jan variance for entity US-02,SUCCESS,28.8,"FP&A Jan variance was $3,326,257 vs plan",2026-05-22T18:36:38Z
r44-0003968,mlewis@summithealthpartners.com,Cash Forecaster,Check covenant compliance for the revolver,SUCCESS,33.7,"FP&A Mar variance was $1,022,698 vs plan",2026-05-22T11:24:42Z
r44-0003969,pmartin@summithealthpartners.com,Headcount Planner,Check covenant compliance for the revolver,SUCCESS,47.1,"FP&A Jan variance was $3,820,535 vs plan",2026-05-22T11:39:54Z
r44-0003970,nnguyen@summithealthpartners.com,Headcount Planner,What drove the change in gross margin this quarter?,SUCCESS,6.6,"Treasury May variance was $2,740,213 vs plan",2026-05-22T12:07:10Z
r44-0003971,pmartin@summithealthpartners.com,Vendor Spend Analyzer,Which cost centers are over budget YTD?,PARTIAL,36.3,"FP&A Mar variance was $3,526,292 vs plan",2026-05-22T14:22:11Z
r44-0003972,amoore@summithealthpartners.com,Covenant Checker,Summarize the Apr variance for entity US-08,SUCCESS,9.7,"FP&A Apr variance was $2,937,766 vs plan",2026-05-22T10:57:55Z
r44-0003973,mlewis@summithealthpartners.com,Headcount Planner,Why did Ops spend exceed budget in Apr?,SUCCESS,74.3,"Ops Apr variance was $483,301 vs plan",2026-05-22T15:16:13Z
r44-0003974,pmartin@summithealthpartners.com,Variance Explainer,Forecast Jan operating cash flow,SUCCESS,44.2,"FP&A Jan variance was $2,398,720 vs plan",2026-05-22T14:10:41Z
r44-0003975,amoore@summithealthpartners.com,Journal Entry Reviewer,Build the board deck cash slide for Feb,SUCCESS,0.6,error: connection reset by peer,2026-05-22T08:36:36Z
r44-0003976,jjohnson@summithealthpartners.com,Variance Explainer,What drove the change in gross margin this quarter?,SUCCESS,8.6,"Accounting Mar variance was $3,968,782 vs plan",2026-05-22T13:31:17Z
r44-0003977,jlewis@summithealthpartners.com,Board Deck Builder,Reconcile AP aging over 90 days for MX-06,SUCCESS,17.9,"FP&A Mar variance was $3,878,192 vs plan",2026-05-22T18:19:45Z
r44-0003978,prodriguez@summithealthpartners.com,Cash Forecaster,Summarize the Jan variance for entity MX-09,SUCCESS,22.3,"Ops Jan variance was $177,094 vs plan",2026-05-22T13:32:11Z
r44-0003979,mharris@summithealthpartners.com,AP Aging Analyst,What drove the change in gross margin this quarter?,SUCCESS,29.1,"FP&A Jan variance was $2,355,308 vs plan",2026-05-24T10:23:06Z
r44-0003980,pmartin@summithealthpartners.com,AP Aging Analyst,What drove the change in gross margin this quarter?,SUCCESS,39.3,"Treasury Feb variance was $2,727,249 vs plan",2026-05-25T10:24:46Z
r44-0003981,pmartin@summithealthpartners.com,Revenue Recognizer,Summarize the Jun variance for entity US-03,SUCCESS,71.1,"FP&A Jun variance was $3,136,494 vs plan",2026-05-25T10:48:10Z
r44-0003982,jwilliams@summithealthpartners.com,Cash Forecaster,Draft flux commentary for the May close,SUCCESS,1.8,Traceback (most recent call last): KeyError 'entity',2026-05-26T10:37:45Z
r44-0003983,jnguyen@summithealthpartners.com,Cash Forecaster,Draft flux commentary for the Apr close,SUCCESS,38.1,"Accounting Apr variance was $2,780 vs plan",2026-05-26T15:45:09Z
r44-0003984,pmartin@summithealthpartners.com,Cash Forecaster,Draft flux commentary for the Feb close,SUCCESS,73.3,"Accounting Feb variance was $2,578,750 vs plan",2026-05-27T13:08:18Z
r44-0003985,pmartin@summithealthpartners.com,Budget vs Actual,Check covenant compliance for the revolver,SUCCESS,61.7,"FP&A Jan variance was $2,072,696 vs plan",2026-05-27T11:52:42Z
r44-0003986,pmartin@summithealthpartners.com,Revenue Recognizer,Reconcile AP aging over 90 days for EU-02,SUCCESS,17.4,"Treasury Jan variance was $1,715,577 vs plan",2026-05-27T13:44:58Z
r44-0003987,bjones@summithealthpartners.com,Journal Entry Reviewer,Why did Treasury spend exceed budget in Jan?,SUCCESS,26.6,"Treasury Jan variance was $3,700,587 vs plan",2026-05-27T11:00:46Z
r44-0003988,jjohnson@summithealthpartners.com,Board Deck Builder,What drove the change in gross margin this quarter?,SUCCESS,17.3,"Treasury Jun variance was $1,683,001 vs plan",2026-05-27T15:58:27Z
r44-0003989,amoore@summithealthpartners.com,Budget vs Actual,Why did Ops spend exceed budget in Jun?,PARTIAL,11.6,"Ops Jun variance was $3,030,773 vs plan",2026-05-27T13:54:38Z
r44-0003990,jjohnson@summithealthpartners.com,Flux Commentary,Reconcile AP aging over 90 days for CA-03,FAIL,0.9,error code 502 from model gateway,2026-05-27T11:23:11Z
r44-0003991,bjones@summithealthpartners.com,Journal Entry Reviewer,Explain the headcount variance vs plan,FAIL,4.0,error: connection reset by peer,2026-05-28T15:40:14Z
r44-0003992,jnguyen@summithealthpartners.com,Cash Forecaster,Summarize the Jun variance for entity CA-08,SUCCESS,23.8,"Accounting Jun variance was $733,930 vs plan",2026-05-28T18:57:24Z
r44-0003993,pmartin@summithealthpartners.com,Budget vs Actual,Check covenant compliance for the revolver,SUCCESS,37.8,"Treasury Jun variance was $4,647,529 vs plan",2026-05-28T15:05:02Z
r44-0003994,prodriguez@summithealthpartners.com,Revenue Recognizer,Explain the headcount variance vs plan,SUCCESS,66.3,"Treasury May variance was $2,494,369 vs plan",2026-05-28T13:38:58Z
r44-0003995,amoore@summithealthpartners.com,Variance Explainer,Summarize the Apr variance for entity US-04,SUCCESS,58.8,"Treasury Apr variance was $1,934,535 vs plan",2026-05-28T11:39:00Z
r44-0003996,pmartin@summithealthpartners.com,Journal Entry Reviewer,Which cost centers are over budget YTD?,SUCCESS,52.7,"Treasury Jan variance was $2,636,083 vs plan",2026-05-28T10:51:33Z
r44-0003997,pmartin@summithealthpartners.com,Vendor Spend Analyzer,What drove the change in gross margin this quarter?,SUCCESS,72.9,"Accounting Apr variance was $1,389,822 vs plan",2026-05-29T12:43:31Z
r44-0003998,amoore@summithealthpartners.com,Flux Commentary,Draft flux commentary for the Jan close,SUCCESS,17.0,"Ops Jan variance was $3,646,575 vs plan",2026-05-30T15:57:52Z
r44-0003999,jnguyen@summithealthpartners.com,Covenant Checker,Why did Accounting spend exceed budget in Jun?,SUCCESS,29.0,"Accounting Jun variance was $220,386 vs plan",2026-05-30T13:45:16Z
r44-0004000,pmartin@summithealthpartners.com,Vendor Spend Analyzer,Draft flux commentary for the May close,SUCCESS,20.3,"Accounting May variance was $3,694,344 vs plan",2026-05-31T15:03:06Z
r44-0004001,jjohnson@summithealthpartners.com,Revenue Recognizer,Explain the headcount variance vs plan,SUCCESS,43.8,"FP&A May variance was $7,457 vs plan",2026-05-31T14:21:34Z
r44-0004002,amoore@summithealthpartners.com,Vendor Spend Analyzer,Draft flux commentary for the Jan close,FAIL,6.7,error: connection reset by peer,2026-06-01T16:53:54Z
r44-0004003,pmartin@summithealthpartners.com,Covenant Checker,Forecast Jan operating cash flow,SUCCESS,10.2,"FP&A Jan variance was $921,766 vs plan",2026-06-01T12:34:15Z
r44-0004004,amoore@summithealthpartners.com,Variance Explainer,Why did FP&A spend exceed budget in May?,SUCCESS,30.0,"FP&A May variance was $378,239 vs plan",2026-06-01T16:11:38Z
r44-0004005,jdavis@summithealthpartners.com,AP Aging Analyst,Which cost centers are over budget YTD?,SUCCESS,71.2,"Accounting Jan variance was $3,184,964 vs plan",2026-06-01T15:39:50Z
r44-0004006,prodriguez@summithealthpartners.com,Cash Forecaster,Why did Ops spend exceed budget in Jan?,PARTIAL,54.5,"Ops Jan variance was $4,790,970 vs plan",2026-06-02T09:06:42Z
r44-0004007,amoore@summithealthpartners.com,Covenant Checker,What drove the change in gross margin this quarter?,FAIL,6.3,error: connection reset by peer,2026-06-02T14:42:45Z
r44-0004008,pmartin@summithealthpartners.com,Covenant Checker,Build the board deck cash slide for Feb,SUCCESS,10.1,"Ops Feb variance was $2,128,379 vs plan",2026-06-02T15:29:28Z
r44-0004009,amoore@summithealthpartners.com,AP Aging Analyst,Reconcile AP aging over 90 days for EU-07,SUCCESS,66.4,"Treasury Feb variance was $2,782,009 vs plan",2026-06-02T16:39:15Z
r44-0004010,amoore@summithealthpartners.com,Covenant Checker,Which cost centers are over budget YTD?,SUCCESS,43.0,"FP&A Apr variance was $289,387 vs plan",2026-06-03T14:00:16Z
r44-0004011,jwilliams@summithealthpartners.com,Flux Commentary,What drove the change in gross margin this quarter?,FAIL,5.3,Traceback (most recent call last): KeyError 'entity',2026-06-03T11:45:43Z
r44-0004012,pmartin@summithealthpartners.com,AP Aging Analyst,Summarize the Apr variance for entity US-04,SUCCESS,3.0,"Treasury Apr variance was $1,850,579 vs plan",2026-06-03T13:57:52Z
r44-0004013,pmartin@summithealthpartners.com,Journal Entry Reviewer,Why did Ops spend exceed budget in Mar?,SUCCESS,9.5,"Ops Mar variance was $1,796,993 vs plan",2026-06-04T19:42:55Z
r44-0004014,pmartin@summithealthpartners.com,Revenue Recognizer,Summarize the Jan variance for entity EU-07,SUCCESS,73.5,"Treasury Jan variance was $1,769,029 vs plan",2026-06-04T17:59:13Z
r44-0004015,pmartin@summithealthpartners.com,Journal Entry Reviewer,Build the board deck cash slide for Jun,SUCCESS,28.7,"Accounting Jun variance was $1,028,697 vs plan",2026-06-04T08:46:46Z
r44-0004016,pmartin@summithealthpartners.com,Variance Explainer,Summarize the Apr variance for entity MX-03,SUCCESS,47.3,"Accounting Apr variance was $865,598 vs plan",2026-06-05T18:16:51Z
r44-0004017,jjohnson@summithealthpartners.com,AP Aging Analyst,What drove the change in gross margin this quarter?,SUCCESS,48.2,"FP&A Jun variance was $2,660,474 vs plan",2026-06-05T16:14:25Z
r44-0004018,pmartin@summithealthpartners.com,Cash Forecaster,Why did Accounting spend exceed budget in Jan?,SUCCESS,12.4,"Accounting Jan variance was $4,458,923 vs plan",2026-06-05T18:12:06Z
r44-0004019,pmartin@summithealthpartners.com,Revenue Recognizer,What drove the change in gross margin this quarter?,FAIL,5.5,error code 502 from model gateway,2026-06-05T12:14:40Z
r44-0004020,bjones@summithealthpartners.com,Headcount Planner,Forecast Mar operating cash flow,SUCCESS,50.1,"FP&A Mar variance was $951,487 vs plan",2026-06-05T16:10:37Z
r44-0004021,bjones@summithealthpartners.com,Covenant Checker,Reconcile AP aging over 90 days for MX-01,SUCCESS,72.3,"FP&A Jan variance was $2,488,662 vs plan",2026-06-06T17:08:12Z
r44-0004022,amoore@summithealthpartners.com,Variance Explainer,Build the board deck cash slide for Jun,SUCCESS,20.8,"Ops Jun variance was $1,467,740 vs plan",2026-06-07T10:16:17Z
r44-0004023,pmartin@summithealthpartners.com,Cash Forecaster,Which cost centers are over budget YTD?,SUCCESS,31.3,"Accounting Jun variance was $2,966,293 vs plan",2026-06-08T19:10:41Z
r44-0004024,pmartin@summithealthpartners.com,AP Aging Analyst,Why did Ops spend exceed budget in May?,PARTIAL,74.0,"Ops May variance was $820,465 vs plan",2026-06-09T12:16:19Z
r44-0004025,jnguyen@summithealthpartners.com,Budget vs Actual,Reconcile AP aging over 90 days for EU-08,SUCCESS,58.9,"Ops Jun variance was $3,922,915 vs plan",2026-06-09T09:02:41Z
r44-0004026,mlewis@summithealthpartners.com,Vendor Spend Analyzer,Draft flux commentary for the Apr close,FAIL,2.9,FAILED: null reference in aggregation step,2026-06-09T15:38:29Z
r44-0004027,pmartin@summithealthpartners.com,Journal Entry Reviewer,Check covenant compliance for the revolver,SUCCESS,62.1,"Ops Jan variance was $4,426,750 vs plan",2026-06-09T13:57:48Z
r44-0004028,mlewis@summithealthpartners.com,Variance Explainer,Summarize the May variance for entity EU-05,SUCCESS,66.2,"Accounting May variance was $1,832,510 vs plan",2026-06-09T15:07:29Z
r44-0004029,pmartin@summithealthpartners.com,Budget vs Actual,Which cost centers are over budget YTD?,SUCCESS,42.8,"FP&A Jun variance was $2,747,481 vs plan",2026-06-10T15:53:25Z
r44-0004030,mharris@summithealthpartners.com,Cash Forecaster,Draft flux commentary for the Apr close,SUCCESS,6.0,"Ops Apr variance was $13,852 vs plan",2026-06-10T15:50:05Z
r44-0004031,jwilliams@summithealthpartners.com,Board Deck Builder,Check covenant compliance for the revolver,FAIL,2.8,ERROR: upstream request timed out,2026-06-11T13:03:34Z
r44-0004032,amoore@summithealthpartners.com,AP Aging Analyst,Explain the headcount variance vs plan,SUCCESS,51.6,"Accounting Jun variance was $3,348,766 vs plan",2026-06-11T13:34:51Z
r44-0004033,bjones@summithealthpartners.com,AP Aging Analyst,Summarize the May variance for entity EU-02,SUCCESS,32.1,"FP&A May variance was $2,830,520 vs plan",2026-06-11T08:33:54Z
r44-0004034,pmartin@summithealthpartners.com,AP Aging Analyst,Summarize the Jun variance for entity EU-08,SUCCESS,40.8,"Treasury Jun variance was $325,977 vs plan",2026-06-11T11:17:28Z
r44-0004035,jlewis@summithealthpartners.com,Flux Commentary,Summarize the Jan variance for entity CA-03,SUCCESS,24.7,"Accounting Jan variance was $4,629,798 vs plan",2026-06-12T17:50:33Z
r44-0004036,jwilson@summithealthpartners.com,Budget vs Actual,Check covenant compliance for the revolver,SUCCESS,19.7,"Ops Feb variance was $2,875,817 vs plan",2026-06-13T11:17:43Z
r44-0004037,pmartin@summithealthpartners.com,Variance Explainer,What drove the change in gross margin this quarter?,SUCCESS,17.3,"FP&A Jun variance was $3,822,715 vs plan",2026-06-15T13:03:04Z
r44-0004038,pmartin@summithealthpartners.com,Headcount Planner,Check covenant compliance for the revolver,SUCCESS,74.0,"Ops Mar variance was $3,228,943 vs plan",2026-06-15T08:10:20Z
r44-0004039,jjohnson@summithealthpartners.com,Budget vs Actual,Summarize the May variance for entity US-02,SUCCESS,55.5,"FP&A May variance was $2,860,554 vs plan",2026-06-16T11:38:33Z
r44-0004040,jdavis@summithealthpartners.com,Variance Explainer,Why did Treasury spend exceed budget in Jun?,SUCCESS,26.0,"Treasury Jun variance was $3,082,837 vs plan",2026-06-16T11:21:02Z
r44-0004041,jnguyen@summithealthpartners.com,Vendor Spend Analyzer,Check covenant compliance for the revolver,SUCCESS,34.8,"FP&A Feb variance was $421,043 vs plan",2026-06-17T10:13:44Z
r44-0004042,jjohnson@summithealthpartners.com,Flux Commentary,Summarize the Feb variance for entity CA-06,SUCCESS,13.0,"FP&A Feb variance was $1,767,246 vs plan",2026-06-17T09:48:53Z
r44-0004043,jnguyen@summithealthpartners.com,AP Aging Analyst,Build the board deck cash slide for Jan,SUCCESS,74.9,"Ops Jan variance was $585,403 vs plan",2026-06-18T10:05:47Z
r44-0004044,jlewis@summithealthpartners.com,Budget vs Actual,Forecast Mar operating cash flow,SUCCESS,17.3,"Treasury Mar variance was $4,517,304 vs plan",2026-06-19T15:38:16Z
r44-0004045,pmartin@summithealthpartners.com,AP Aging Analyst,What drove the change in gross margin this quarter?,SUCCESS,16.7,"Ops Jun variance was $385,896 vs plan",2026-06-21T13:56:27Z
r44-0004046,jnguyen@summithealthpartners.com,Cash Forecaster,What drove the change in gross margin this quarter?,SUCCESS,64.5,"Treasury Feb variance was $845,765 vs plan",2026-06-21T14:28:51Z
r44-0004047,pmartin@summithealthpartners.com,Close Checklist Bot,Why did Treasury spend exceed budget in Mar?,SUCCESS,35.4,"Treasury Mar variance was $2,204,719 vs plan",2026-06-22T12:51:25Z
r44-0004048,amoore@summithealthpartners.com,Budget vs Actual,Reconcile AP aging over 90 days for EU-03,SUCCESS,34.0,"Ops Feb variance was $2,883,112 vs plan",2026-06-22T15:45:11Z
r44-0004049,bjones@summithealthpartners.com,Board Deck Builder,Build the board deck cash slide for Jan,SUCCESS,34.9,"Treasury Jan variance was $329,072 vs plan",2026-06-22T16:01:25Z
r44-0004050,bjones@summithealthpartners.com,Flux Commentary,Reconcile AP aging over 90 days for EU-02,SUCCESS,41.9,"FP&A Apr variance was $2,599,451 vs plan",2026-06-22T09:03:37Z
r44-0004051,amoore@summithealthpartners.com,Vendor Spend Analyzer,Reconcile AP aging over 90 days for MX-07,SUCCESS,49.3,"Accounting Feb variance was $1,709,361 vs plan",2026-06-23T11:49:15Z
r44-0004052,pmartin@summithealthpartners.com,AP Aging Analyst,Which cost centers are over budget YTD?,SUCCESS,35.0,"Accounting Feb variance was $1,971,902 vs plan",2026-06-23T13:34:16Z
r44-0004053,jnguyen@summithealthpartners.com,Revenue Recognizer,Check covenant compliance for the revolver,SUCCESS,57.9,"Ops Jan variance was $1,970,583 vs plan",2026-06-23T18:48:26Z
r44-0004054,amoore@summithealthpartners.com,Revenue Recognizer,What drove the change in gross margin this quarter?,PARTIAL,47.4,"Ops Jan variance was $2,461,760 vs plan",2026-06-24T11:28:48Z
r44-0004055,pmartin@summithealthpartners.com,AP Aging Analyst,What drove the change in gross margin this quarter?,FAIL,3.4,error code 502 from model gateway,2026-06-25T11:33:51Z
r44-0004056,pmartin@summithealthpartners.com,AP Aging Analyst,Build the board deck cash slide for Feb,SUCCESS,74.0,"Treasury Feb variance was $4,577,455 vs plan",2026-06-25T07:27:04Z
r44-0004057,sdavis@summithealthpartners.com,AP Aging Analyst,Summarize the Apr variance for entity EU-05,SUCCESS,69.2,"Accounting Apr variance was $4,196,115 vs plan",2026-06-26T17:10:10Z
r44-0004058,bjones@summithealthpartners.com,Board Deck Builder,Draft flux commentary for the Jun close,SUCCESS,26.2,"Ops Jun variance was $2,600,139 vs plan",2026-06-26T19:12:15Z
r44-0004059,pmartin@summithealthpartners.com,Cash Forecaster,Which cost centers are over budget YTD?,SUCCESS,55.8,"FP&A Mar variance was $610,951 vs plan",2026-06-26T16:07:12Z
r44-0004060,pmartin@summithealthpartners.com,Cash Forecaster,Which cost centers are over budget YTD?,SUCCESS,74.9,"Treasury Apr variance was $1,353,409 vs plan",2026-06-28T09:48:51Z
r44-0004061,pmartin@summithealthpartners.com,Covenant Checker,Forecast Jun operating cash flow,SUCCESS,52.3,"Accounting Jun variance was $3,928,551 vs plan",2026-06-29T15:07:15Z
r44-0004062,mlewis@summithealthpartners.com,Cash Forecaster,Reconcile AP aging over 90 days for CA-05,SUCCESS,57.8,"FP&A Jun variance was $4,303,999 vs plan",2026-06-29T13:59:21Z
r44-0004063,pmartin@summithealthpartners.com,Headcount Planner,Draft flux commentary for the May close,SUCCESS,29.8,"Accounting May variance was $2,747,408 vs plan",2026-06-30T11:04:34Z
r44-0003738,pmartin@summithealthpartners.com,Covenant Checker,What drove the change in gross margin this quarter?,SUCCESS,3.3,"Ops Mar variance was $3,749,794 vs plan",2026-05-18T16:22:14Z
r44-0002737,nhaddad@summithealthpartners.com,Journal Entry Reviewer,Forecast Jun operating cash flow,SUCCESS,9.6,"Accounting Jun variance was $3,100,706 vs plan",2026-04-28T12:31:52Z
r44-0001555,kperez@summithealthpartners.com,Headcount Planner,Reconcile AP aging over 90 days for US-07,SUCCESS,29.2,"FP&A Apr variance was $1,820,842 vs plan",2026-04-03T17:17:58Z
r44-0000066,amoore@summithealthpartners.com,AP Aging Analyst,Reconcile AP aging over 90 days for CA-03,PARTIAL,67.3,"FP&A May variance was $1,893,549 vs plan",2026-03-02T12:02:18Z
r44-0002397,bjones@summithealthpartners.com,Headcount Planner,Draft flux commentary for the May close,PARTIAL,55.5,"FP&A May variance was $906,419 vs plan",2026-04-20T13:56:20Z
r44-0000799,mlewis@summithealthpartners.com,Cash Forecaster,Reconcile AP aging over 90 days for EU-07,SUCCESS,68.6,"Treasury May variance was $222,598 vs plan",2026-03-18T13:23:56Z
r44-0004035,jlewis@summithealthpartners.com,Flux Commentary,Summarize the Jan variance for entity CA-03,SUCCESS,24.7,"Accounting Jan variance was $4,629,798 vs plan",2026-06-12T17:50:33Z
r44-0003282,bjones@summithealthpartners.com,Cash Forecaster,Draft flux commentary for the Mar close,SUCCESS,23.8,"Treasury Mar variance was $3,593,999 vs plan",2026-05-08T20:04:50Z
r44-0003807,bjones@summithealthpartners.com,Revenue Recognizer,Draft flux commentary for the Jan close,SUCCESS,52.5,"Treasury Jan variance was $3,232,660 vs plan",2026-05-19T15:35:57Z
r44-0002212,amoore@summithealthpartners.com,Budget vs Actual,Build the board deck cash slide for Jan,SUCCESS,50.5,"Treasury Jan variance was $1,213,047 vs plan",2026-04-16T12:31:43Z
r44-0000445,pmartin@summithealthpartners.com,Close Checklist Bot,Build the board deck cash slide for Apr,SUCCESS,64.1,"Ops Apr variance was $3,348,033 vs plan",2026-03-10T13:02:57Z
r44-0002265,bjones@summithealthpartners.com,Variance Explainer,Reconcile AP aging over 90 days for CA-02,SUCCESS,43.8,"Treasury Feb variance was $1,341,389 vs plan",2026-04-17T14:46:33Z
r44-0002142,amoore@summithealthpartners.com,Journal Entry Reviewer,Summarize the Mar variance for entity CA-07,SUCCESS,63.8,"FP&A Mar variance was $2,578,695 vs plan",2026-04-15T08:40:12Z
r44-0000676,jwilson@summithealthpartners.com,AP Aging Analyst,Build the board deck cash slide for Jan,SUCCESS,65.2,"FP&A Jan variance was $834,520 vs plan",2026-03-16T13:23:35Z
r44-0001926,amoore@summithealthpartners.com,Budget vs Actual,Why did Ops spend exceed budget in Jun?,SUCCESS,0.5,FAILED: null reference in aggregation step,2026-04-10T11:45:42Z
r44-0000590,amoore@summithealthpartners.com,Revenue Recognizer,Draft flux commentary for the Feb close,SUCCESS,54.6,"FP&A Feb variance was $4,307,835 vs plan",2026-03-13T08:47:06Z
r44-0003727,pmartin@summithealthpartners.com,Covenant Checker,Build the board deck cash slide for May,SUCCESS,23.1,"Accounting May variance was $3,991,928 vs plan",2026-05-18T16:19:11Z
r44-0000726,amoore@summithealthpartners.com,Vendor Spend Analyzer,Summarize the Jan variance for entity MX-07,SUCCESS,54.7,"Accounting Jan variance was $4,668,650 vs plan",2026-03-16T14:44:59Z
r44-0003068,nnguyen@summithealthpartners.com,Journal Entry Reviewer,Check covenant compliance for the revolver,SUCCESS,4.2,"Treasury Feb variance was $1,857,029 vs plan",2026-05-04T11:35:53Z
r44-0002177,bjones@summithealthpartners.com,Vendor Spend Analyzer,Draft flux commentary for the Jun close,SUCCESS,17.9,"Accounting Jun variance was $2,012,028 vs plan",2026-04-16T17:06:54Z
r44-0001537,pmartin@summithealthpartners.com,Flux Commentary,Why did Accounting spend exceed budget in Mar?,SUCCESS,46.6,"Accounting Mar variance was $4,539,420 vs plan",2026-04-03T14:40:57Z
r44-0002034,dlopez2@summithealthpartners.com,Vendor Spend Analyzer,Why did Treasury spend exceed budget in May?,SUCCESS,63.7,"Treasury May variance was $3,644,913 vs plan",2026-04-13T09:42:08Z
r44-0000337,amoore@summithealthpartners.com,Covenant Checker,Summarize the May variance for entity US-09,SUCCESS,0.7,error code 502 from model gateway,2026-03-08T18:44:21Z
r44-0003265,pmartin@summithealthpartners.com,Close Checklist Bot,Check covenant compliance for the revolver,PARTIAL,25.3,"Treasury May variance was $1,032,300 vs plan",2026-05-07T18:04:21Z
r44-0000782,pmartin@summithealthpartners.com,Cash Forecaster,Forecast Jun operating cash flow,SUCCESS,1.7,error: connection reset by peer,2026-03-18T15:42:04Z
r44-0001421,mlewis@summithealthpartners.com,Cash Forecaster,Why did FP&A spend exceed budget in Jun?,SUCCESS,36.9,"FP&A Jun variance was $313,443 vs plan",2026-04-01T09:03:49Z
r44-0001908,kperez@summithealthpartners.com,Close Checklist Bot,Why did Accounting spend exceed budget in Apr?,SUCCESS,60.9,"Accounting Apr variance was $3,899,397 vs plan",2026-04-10T11:54:58Z
r44-0000880,jnguyen@summithealthpartners.com,Covenant Checker,Draft flux commentary for the Jan close,SUCCESS,68.9,"Treasury Jan variance was $916,024 vs plan",2026-03-20T18:11:21Z
r44-0002055,pmartin@summithealthpartners.com,Budget vs Actual,Why did FP&A spend exceed budget in Apr?,SUCCESS,31.8,"FP&A Apr variance was $3,947,388 vs plan",2026-04-13T11:23:38Z
r44-0002016,pmartin@summithealthpartners.com,Journal Entry Reviewer,Reconcile AP aging over 90 days for CA-03,SUCCESS,71.5,"FP&A Jan variance was $1,890,904 vs plan",2026-04-13T13:51:38Z
r44-0002012,pmartin@summithealthpartners.com,Vendor Spend Analyzer,Explain the headcount variance vs plan,SUCCESS,31.8,"FP&A Jan variance was $3,346,883 vs plan",2026-04-13T14:17:36Z
r44-0001070,amoore@summithealthpartners.com,Headcount Planner,Draft flux commentary for the May close,SUCCESS,26.5,"Treasury May variance was $4,450,095 vs plan",2026-03-24T07:42:40Z
r44-0000112,pmartin@summithealthpartners.com,Covenant Checker,Which cost centers are over budget YTD?,SUCCESS,11.1,"FP&A Jun variance was $4,124,177 vs plan",2026-03-03T20:37:42Z
r44-0001615,jnguyen@summithealthpartners.com,Headcount Planner,Draft flux commentary for the Jun close,SUCCESS,72.2,"Ops Jun variance was $1,624,172 vs plan",2026-04-05T10:48:41Z
r44-0002408,jnguyen@summithealthpartners.com,Variance Explainer,Which cost centers are over budget YTD?,SUCCESS,41.1,"Treasury Apr variance was $3,250,390 vs plan",2026-04-21T14:20:26Z
r44-0000549,prodriguez@summithealthpartners.com,Cash Forecaster,Draft flux commentary for the May close,SUCCESS,4.5,"Accounting May variance was $3,338,713 vs plan",2026-03-12T12:02:45Z
r44-0003302,amoore@summithealthpartners.com,Covenant Checker,Forecast May operating cash flow,PARTIAL,25.9,"Accounting May variance was $3,820,990 vs plan",2026-05-08T16:13:45Z
r44-0002405,pmartin@summithealthpartners.com,Journal Entry Reviewer,Build the board deck cash slide for Feb,SUCCESS,28.5,"Accounting Feb variance was $1,912,909 vs plan",2026-04-21T15:03:33Z
r44-0000676,jwilson@summithealthpartners.com,AP Aging Analyst,Build the board deck cash slide for Jan,SUCCESS,65.2,"FP&A Jan variance was $834,520 vs plan",2026-03-16T13:23:35Z
r44-0003059,bjones@summithealthpartners.com,Vendor Spend Analyzer,Draft flux commentary for the Mar close,SUCCESS,21.7,"FP&A Mar variance was $3,075,454 vs plan",2026-05-04T15:55:55Z
r44-0000326,pmartin@summithealthpartners.com,Covenant Checker,Summarize the May variance for entity US-03,SUCCESS,41.9,"FP&A May variance was $855,410 vs plan",2026-03-08T15:48:35Z
r44-0001672,amoore@summithealthpartners.com,Journal Entry Reviewer,Why did Ops spend exceed budget in May?,SUCCESS,46.4,"Ops May variance was $1,869,557 vs plan",2026-04-06T12:00:44Z
r44-0002516,bjones@summithealthpartners.com,Journal Entry Reviewer,What drove the change in gross margin this quarter?,SUCCESS,31.2,"Ops Jun variance was $3,536,044 vs plan",2026-04-22T13:21:44Z
r44-0001226,bjones@summithealthpartners.com,Variance Explainer,Build the board deck cash slide for Apr,FAIL,2.2,Traceback (most recent call last): KeyError 'entity',2026-03-27T09:21:08Z
r44-0002986,jjohnson@summithealthpartners.com,Journal Entry Reviewer,Forecast May operating cash flow,SUCCESS,27.8,"Ops May variance was $1,207,714 vs plan",2026-05-02T15:19:44Z
r44-0000701,jwilliams@summithealthpartners.com,Board Deck Builder,What drove the change in gross margin this quarter?,SUCCESS,7.7,"Accounting Jun variance was $864,603 vs plan",2026-03-16T09:35:07Z
r44-0001866,mlewis@summithealthpartners.com,Board Deck Builder,Build the board deck cash slide for Apr,PARTIAL,45.5,"Treasury Apr variance was $497,395 vs plan",2026-04-09T14:50:27Z
r44-0002012,pmartin@summithealthpartners.com,Vendor Spend Analyzer,Explain the headcount variance vs plan,SUCCESS,31.8,"FP&A Jan variance was $3,346,883 vs plan",2026-04-13T14:17:36Z
r44-0000475,pmartin@summithealthpartners.com,Vendor Spend Analyzer,Summarize the Mar variance for entity EU-05,SUCCESS,43.0,"FP&A Mar variance was $3,772,325 vs plan",2026-03-11T16:47:58Z
r44-0002149,jlewis@summithealthpartners.com,Headcount Planner,Check covenant compliance for the revolver,SUCCESS,60.1,"Treasury Jan variance was $2,064,628 vs plan",2026-04-15T13:08:20Z
r44-0003841,pmartin@summithealthpartners.com,Vendor Spend Analyzer,Reconcile AP aging over 90 days for CA-07,SUCCESS,64.9,"FP&A Jun variance was $3,970,048 vs plan",2026-05-20T14:18:00Z
r44-0002050,pmartin@summithealthpartners.com,Revenue Recognizer,Build the board deck cash slide for May,SUCCESS,27.3,"FP&A May variance was $2,354,784 vs plan",2026-04-13T17:33:27Z
r44-0001833,pmartin@summithealthpartners.com,Variance Explainer,Draft flux commentary for the Jan close,SUCCESS,56.6,"FP&A Jan variance was $42,978 vs plan",2026-04-09T12:46:56Z
r44-0004036,jwilson@summithealthpartners.com,Budget vs Actual,Check covenant compliance for the revolver,SUCCESS,19.7,"Ops Feb variance was $2,875,817 vs plan",2026-06-13T11:17:43Z
r44-0003770,sbrown@summithealthpartners.com,Cash Forecaster,What drove the change in gross margin this quarter?,SUCCESS,31.2,"FP&A Jan variance was $2,622,585 vs plan",2026-05-19T12:29:52Z
r44-0001526,jnguyen@summithealthpartners.com,Covenant Checker,Which cost centers are over budget YTD?,SUCCESS,65.0,"Accounting Apr variance was $1,292,161 vs plan",2026-04-03T09:37:19Z
r44-0003785,prodriguez@summithealthpartners.com,AP Aging Analyst,Forecast May operating cash flow,SUCCESS,0.5,FAILED: null reference in aggregation step,2026-05-19T12:06:39Z
r44-0003574,jjohnson@summithealthpartners.com,Flux Commentary,Explain the headcount variance vs plan,SUCCESS,0.6,error: connection reset by peer,2026-05-14T10:32:01Z
r44-0001494,pmartin@summithealthpartners.com,Journal Entry Reviewer,Why did Ops spend exceed budget in Feb?,SUCCESS,62.3,"Ops Feb variance was $2,606,596 vs plan",2026-04-02T14:25:06Z
r44-0000193,jwilliams@summithealthpartners.com,Headcount Planner,Check covenant compliance for the revolver,SUCCESS,29.1,"FP&A Jun variance was $265,174 vs plan",2026-03-05T11:31:04Z
r44-0002334,jnguyen@summithealthpartners.com,Covenant Checker,Summarize the Mar variance for entity CA-08,SUCCESS,49.6,"Accounting Mar variance was $4,683,623 vs plan",2026-04-19T14:12:19Z
r44-0000666,pmartin@summithealthpartners.com,Close Checklist Bot,What drove the change in gross margin this quarter?,SUCCESS,39.0,"Accounting May variance was $4,570,331 vs plan",2026-03-15T17:33:29Z
r44-0000157,pmartin@summithealthpartners.com,Revenue Recognizer,Summarize the May variance for entity EU-09,SUCCESS,71.5,"Ops May variance was $473,278 vs plan",2026-03-04T15:12:37Z
r44-0000802,jnguyen@summithealthpartners.com,Vendor Spend Analyzer,Why did FP&A spend exceed budget in Jan?,SUCCESS,62.7,"FP&A Jan variance was $2,350,075 vs plan",2026-03-18T13:18:38Z
r44-0002151,mlewis@summithealthpartners.com,Board Deck Builder,Summarize the Jun variance for entity US-05,SUCCESS,51.5,"FP&A Jun variance was $4,523,619 vs plan",2026-04-15T11:17:25Z
r44-0003196,bjones@summithealthpartners.com,Covenant Checker,Build the board deck cash slide for May,SUCCESS,16.1,"Accounting May variance was $2,270,270 vs plan",2026-05-06T13:29:53Z
r44-0003276,pmartin@summithealthpartners.com,AP Aging Analyst,Summarize the Feb variance for entity EU-09,SUCCESS,72.8,"Ops Feb variance was $138,914 vs plan",2026-05-08T14:31:20Z
r44-0000827,jdavis@summithealthpartners.com,Budget vs Actual,Which cost centers are over budget YTD?,SUCCESS,4.9,"Treasury Jun variance was $2,515,101 vs plan",2026-03-19T12:26:51Z
r44-0001214,jnguyen@summithealthpartners.com,Budget vs Actual,Check covenant compliance for the revolver,SUCCESS,36.8,"Ops May variance was $4,254,955 vs plan",2026-03-27T11:49:50Z
r44-0000811,pmartin@summithealthpartners.com,Board Deck Builder,What drove the change in gross margin this quarter?,PARTIAL,26.1,"FP&A Jan variance was $2,134,782 vs plan",2026-03-18T18:11:48Z
r44-0003716,pmartin@summithealthpartners.com,Revenue Recognizer,Draft flux commentary for the Jan close,SUCCESS,25.8,"FP&A Jan variance was $42,030 vs plan",2026-05-18T11:51:20Z
r44-0003938,pmartin@summithealthpartners.com,Cash Forecaster,What drove the change in gross margin this quarter?,SUCCESS,8.4,"FP&A Jan variance was $988,652 vs plan",2026-05-22T15:58:20Z
r44-0001487,pmartin@summithealthpartners.com,AP Aging Analyst,Summarize the Feb variance for entity MX-06,SUCCESS,21.6,"Treasury Feb variance was $2,063,975 vs plan",2026-04-02T12:36:48Z
r44-0001666,amoore@summithealthpartners.com,Vendor Spend Analyzer,Build the board deck cash slide for Jun,SUCCESS,3.6,"Accounting Jun variance was $992,222 vs plan",2026-04-06T08:58:30Z
r44-0001398,pmartin@summithealthpartners.com,Vendor Spend Analyzer,Why did FP&A spend exceed budget in Feb?,SUCCESS,0.4,Traceback (most recent call last): KeyError 'entity',2026-04-01T17:31:37Z
r44-0001804,sbrown@summithealthpartners.com,Board Deck Builder,Explain the headcount variance vs plan,SUCCESS,42.9,"Accounting May variance was $1,029,088 vs plan",2026-04-08T19:12:42Z
r44-0001933,kperez@summithealthpartners.com,Close Checklist Bot,Draft flux commentary for the May close,SUCCESS,49.3,"Accounting May variance was $240,361 vs plan",2026-04-10T08:29:53Z
r44-0002075,amoore@summithealthpartners.com,Journal Entry Reviewer,Which cost centers are over budget YTD?,SUCCESS,67.0,"Accounting Feb variance was $1,821,384 vs plan",2026-04-14T13:38:30Z
r44-0000054,pmartin@summithealthpartners.com,Covenant Checker,Build the board deck cash slide for Feb,SUCCESS,71.4,"Treasury Feb variance was $26,977 vs plan",2026-03-02T13:08:25Z
r44-0000676,jwilson@summithealthpartners.com,AP Aging Analyst,Build the board deck cash slide for Jan,SUCCESS,65.2,"FP&A Jan variance was $834,520 vs plan",2026-03-16T13:23:35Z
r44-0001432,mlewis@summithealthpartners.com,Journal Entry Reviewer,Reconcile AP aging over 90 days for MX-03,SUCCESS,67.9,"Accounting Apr variance was $528,139 vs plan",2026-04-01T13:34:28Z
r44-0003908,bjones@summithealthpartners.com,Headcount Planner,Forecast Mar operating cash flow,PARTIAL,61.1,"FP&A Mar variance was $1,650,959 vs plan",2026-05-21T13:53:52Z
r44-0000385,bjones@summithealthpartners.com,Cash Forecaster,Draft flux commentary for the Jan close,SUCCESS,0.7,error: connection reset by peer,2026-03-09T14:32:23Z
r44-0001507,jnguyen@summithealthpartners.com,Vendor Spend Analyzer,Why did Accounting spend exceed budget in Mar?,SUCCESS,31.2,"Accounting Mar variance was $3,458,548 vs plan",2026-04-02T14:20:57Z
r44-0001711,amoore@summithealthpartners.com,Variance Explainer,Which cost centers are over budget YTD?,SUCCESS,25.6,"FP&A Apr variance was $3,359,844 vs plan",2026-04-06T06:04:27Z
r44-0002494,amoore@summithealthpartners.com,Budget vs Actual,Draft flux commentary for the Jan close,SUCCESS,47.0,"Treasury Jan variance was $4,052,594 vs plan",2026-04-22T13:23:45Z
r44-0000075,jnguyen@summithealthpartners.com,Flux Commentary,Which cost centers are over budget YTD?,SUCCESS,65.5,"Accounting Jan variance was $4,545,145 vs plan",2026-03-02T12:15:22Z
r44-0001759,pmartin@summithealthpartners.com,Covenant Checker,Why did Ops spend exceed budget in Feb?,SUCCESS,19.2,"Ops Feb variance was $2,454,128 vs plan",2026-04-07T07:19:17Z
r44-0003119,amoore@summithealthpartners.com,Flux Commentary,What drove the change in gross margin this quarter?,FAIL,2.6,FAILED: null reference in aggregation step,2026-05-05T08:46:32Z
r44-0003794,jnguyen@summithealthpartners.com,Board Deck Builder,Why did Ops spend exceed budget in Jun?,SUCCESS,32.3,"Ops Jun variance was $1,077,295 vs plan",2026-05-19T07:53:16Z
r44-0001864,pmartin@summithealthpartners.com,Board Deck Builder,Check covenant compliance for the revolver,SUCCESS,45.6,"Ops Mar variance was $1,743,270 vs plan",2026-04-09T11:12:49Z
r44-0000249,jnguyen@summithealthpartners.com,Budget vs Actual,Build the board deck cash slide for May,PARTIAL,12.8,"Treasury May variance was $1,932,689 vs plan",2026-03-06T06:02:32Z
r44-0003965,pmartin@summithealthpartners.com,Budget vs Actual,Build the board deck cash slide for Jun,SUCCESS,51.0,"Ops Jun variance was $2,926,415 vs plan",2026-05-22T13:43:08Z
r44-0002713,jnguyen@summithealthpartners.com,Budget vs Actual,Draft flux commentary for the May close,SUCCESS,3.3,"FP&A May variance was $1,881,849 vs plan",2026-04-27T12:28:29Z
r44-0003816,jwilliams@summithealthpartners.com,Headcount Planner,Why did FP&A spend exceed budget in Mar?,SUCCESS,33.0,"FP&A Mar variance was $1,114,811 vs plan",2026-05-20T16:15:19Z
r44-0000764,pmartin@summithealthpartners.com,Covenant Checker,What drove the change in gross margin this quarter?,SUCCESS,0.8,ERROR: upstream request timed out,2026-03-17T11:09:45Z
r44-0003577,pmartin@summithealthpartners.com,Covenant Checker,Draft flux commentary for the Jan close,PARTIAL,26.6,"Treasury Jan variance was $200,444 vs plan",2026-05-14T11:30:48Z
r44-0001322,pmartin@summithealthpartners.com,AP Aging Analyst,Reconcile AP aging over 90 days for US-02,SUCCESS,14.9,"Treasury Jan variance was $271,739 vs plan",2026-03-31T13:34:48Z
r44-0003433,amoore@summithealthpartners.com,Vendor Spend Analyzer,Why did FP&A spend exceed budget in Apr?,SUCCESS,40.1,"FP&A Apr variance was $4,105,125 vs plan",2026-05-12T15:36:45Z
r44-0002618,pmartin@summithealthpartners.com,Close Checklist Bot,Which cost centers are over budget YTD?,PARTIAL,19.0,"Treasury Feb variance was $3,880,460 vs plan",2026-04-25T15:58:34Z
r44-0001828,pmartin@summithealthpartners.com,Journal Entry Reviewer,Why did Ops spend exceed budget in Apr?,SUCCESS,29.9,"Ops Apr variance was $1,202,390 vs plan",2026-04-09T14:59:48Z
r44-0001365,amoore@summithealthpartners.com,Revenue Recognizer,Forecast Mar operating cash flow,SUCCESS,44.0,"Ops Mar variance was $2,927,488 vs plan",2026-03-31T14:35:54Z
r44-0001269,bjones@summithealthpartners.com,Budget vs Actual,Explain the headcount variance vs plan,SUCCESS,26.2,"Treasury Jan variance was $2,538,776 vs plan",2026-03-30T09:15:07Z
r44-0000928,jdavis@summithealthpartners.com,Close Checklist Bot,Build the board deck cash slide for May,SUCCESS,56.2,"Ops May variance was $2,663,943 vs plan",2026-03-20T15:32:12Z
r44-0001512,bjones@summithealthpartners.com,Journal Entry Reviewer,Which cost centers are over budget YTD?,SUCCESS,29.7,"Accounting Feb variance was $2,857,266 vs plan",2026-04-03T13:58:49Z
r44-0003860,jjohnson@summithealthpartners.com,Budget vs Actual,Explain the headcount variance vs plan,SUCCESS,44.1,"Treasury Jun variance was $1,072,386 vs plan",2026-05-20T16:29:23Z
r44-0001187,nhaddad@summithealthpartners.com,Headcount Planner,Build the board deck cash slide for Jan,PARTIAL,14.6,"Treasury Jan variance was $4,774,843 vs plan",2026-03-27T09:09:20Z
